suite,family,scale,split,time_limit,solver_seeds,path,relative_path,instance,method,seed,training_seed,run_label,warm_start,started_at,status,solving_time,end_to_end_time,cutsel_callback_calls,cutsel_callback_time,cutsel_feature_time,cutsel_device_transfer_time,cutsel_policy_inference_time,cutsel_structure_rerank_time,cutsel_root_calls,cutsel_nonroot_calls,nodes,gap,primal_dual_integral,best_objective,schedule_total_wait,schedule_max_wait,schedule_cadence_cv,schedule_cadence_deviation_sum,n_solutions,has_incumbent,solution_file,solution_write_error,acs_weights,acs_weight_source,policy_model,feature_dim,structure_rerank,decode_type,error
cie_core_nominal,dual_source_cluster_tool,8_to_32_wafers_nominal_processing,test,600.0,[],D:\git\git\RDMCT-A3C\cie\data\core\pure41\cie_core_n008_f008_m000_proc100.lp,pure41\cie_core_n008_f008_m000_proc100.lp,cie_core_n008_f008_m000_proc100.lp,scip_default,3,1,trainseed_1,auto,2026-07-22T19:15:39,optimal,0.0,0.04592809999996916,0,0.0,0.0,0.0,0.0,0.0,0,0,1,0.0,0.0,610.0,424.0,58.0,0.0,0.0,1,True,D:\git\git\RDMCT-A3C\cie\results\main\cie_main_600s_compact_final_v1\seed3\solutions\cie_core_nominal__cie_core_n008_f008_m000_proc100__scip_default__solverseed_3__trainseed_1__trainseed_1.sol,,,,,,False,,
cie_core_nominal,dual_source_cluster_tool,8_to_32_wafers_nominal_processing,test,600.0,[],D:\git\git\RDMCT-A3C\cie\data\core\pure41\cie_core_n008_f008_m000_proc100.lp,pure41\cie_core_n008_f008_m000_proc100.lp,cie_core_n008_f008_m000_proc100.lp,adaptive_cutsel,3,1,trainseed_1,auto,2026-07-22T19:15:39,optimal,0.0,0.04294620000001714,0,0.0,0.0,0.0,0.0,0.0,0,0,1,0.0,0.0,610.0,424.0,58.0,0.0,0.0,1,True,D:\git\git\RDMCT-A3C\cie\results\main\cie_main_600s_compact_final_v1\seed3\solutions\cie_core_nominal__cie_core_n008_f008_m000_proc100__adaptive_cutsel__solverseed_3__trainseed_1__trainseed_1.sol,,"{""dircutoffdistweight"": 0.0, ""efficacyweight"": 0.75, ""intsupportweight"": 0.0, ""objparalweight"": 0.25}",global_default,,,False,,
cie_core_nominal,dual_source_cluster_tool,8_to_32_wafers_nominal_processing,test,600.0,[],D:\git\git\RDMCT-A3C\cie\data\core\pure41\cie_core_n008_f008_m000_proc100.lp,pure41\cie_core_n008_f008_m000_proc100.lp,cie_core_n008_f008_m000_proc100.lp,hem,3,1,trainseed_1,auto,2026-07-22T19:15:39,optimal,1.0,0.3173413000000096,1,0.27357569999998077,0.002998828887939453,0.0,0.268204927444458,0.0,1,0,1,0.0,2.622950819672131,610.0,424.0,58.0,0.0,0.0,1,True,D:\git\git\RDMCT-A3C\cie\results\main\cie_main_600s_compact_final_v1\seed3\solutions\cie_core_nominal__cie_core_n008_f008_m000_proc100__hem__solverseed_3__trainseed_1__trainseed_1.sol,,,,D:\git\git\RDMCT-A3C\cie\models\hem\seed_1\itr_60.pkl,13,False,greedy,
cie_core_nominal,dual_source_cluster_tool,8_to_32_wafers_nominal_processing,test,600.0,[],D:\git\git\RDMCT-A3C\cie\data\core\pure41\cie_core_n008_f008_m000_proc100.lp,pure41\cie_core_n008_f008_m000_proc100.lp,cie_core_n008_f008_m000_proc100.lp,rdmct_feature_only,3,1,trainseed_1,auto,2026-07-22T19:15:40,optimal,0.0,0.06761330000000498,1,0.023039900000014768,0.004998922348022461,0.0,0.016002178192138672,0.0,1,0,1,0.0,0.0,610.0,424.0,58.0,0.0,0.0,1,True,D:\git\git\RDMCT-A3C\cie\results\main\cie_main_600s_compact_final_v1\seed3\solutions\cie_core_nominal__cie_core_n008_f008_m000_proc100__rdmct_feature_only__solverseed_3__trainseed_1__trainseed_1.sol,,,,D:\git\git\RDMCT-A3C\cie\models\feature_only\seed_1\itr_60.pkl,23,False,greedy,
cie_core_nominal,dual_source_cluster_tool,8_to_32_wafers_nominal_processing,test,600.0,[],D:\git\git\RDMCT-A3C\cie\data\core\pure41\cie_core_n008_f008_m000_proc100.lp,pure41\cie_core_n008_f008_m000_proc100.lp,cie_core_n008_f008_m000_proc100.lp,hem_beam,3,1,trainseed_1,auto,2026-07-22T19:15:40,optimal,0.0,0.16141659999999547,1,0.11702489999998988,0.0026197433471679688,0.0,0.11302375793457031,0.0,1,0,1,0.0,0.0,610.0,424.0,58.0,0.0,0.0,1,True,D:\git\git\RDMCT-A3C\cie\results\main\cie_main_600s_compact_final_v1\seed3\solutions\cie_core_nominal__cie_core_n008_f008_m000_proc100__hem_beam__solverseed_3__trainseed_1__trainseed_1.sol,,,,D:\git\git\RDMCT-A3C\cie\models\hem\seed_1\itr_60.pkl,13,False,beam_search,
cie_core_nominal,dual_source_cluster_tool,8_to_32_wafers_nominal_processing,test,600.0,[],D:\git\git\RDMCT-A3C\cie\data\core\pure41\cie_core_n008_f008_m000_proc100.lp,pure41\cie_core_n008_f008_m000_proc100.lp,cie_core_n008_f008_m000_proc100.lp,hem_structure,3,1,trainseed_1,auto,2026-07-22T19:15:40,optimal,0.0,0.07828280000001087,1,0.03407070000002932,0.006958484649658203,0.0,0.022973060607910156,0.0,1,0,1,0.0,0.0,610.0,424.0,58.0,0.0,0.0,1,True,D:\git\git\RDMCT-A3C\cie\results\main\cie_main_600s_compact_final_v1\seed3\solutions\cie_core_nominal__cie_core_n008_f008_m000_proc100__hem_structure__solverseed_3__trainseed_1__trainseed_1.sol,,,,D:\git\git\RDMCT-A3C\cie\models\proposed\seed_1\itr_60.pkl,23,True,greedy,
cie_core_nominal,dual_source_cluster_tool,8_to_32_wafers_nominal_processing,test,600.0,[],D:\git\git\RDMCT-A3C\cie\data\core\pure41\cie_core_n008_f008_m000_proc100.lp,pure41\cie_core_n008_f008_m000_proc100.lp,cie_core_n008_f008_m000_proc100.lp,proposed,3,1,trainseed_1,auto,2026-07-22T19:15:40,optimal,0.0,0.09540519999995922,1,0.05145799999996825,0.005999088287353516,0.0,0.04224514961242676,0.0010006427764892578,1,0,1,0.0,0.0,610.0,424.0,58.0,0.0,0.0,1,True,D:\git\git\RDMCT-A3C\cie\results\main\cie_main_600s_compact_final_v1\seed3\solutions\cie_core_nominal__cie_core_n008_f008_m000_proc100__proposed__solverseed_3__trainseed_1__trainseed_1.sol,,,,D:\git\git\RDMCT-A3C\cie\models\proposed\seed_1\itr_60.pkl,23,True,beam_search,
cie_core_nominal,dual_source_cluster_tool,8_to_32_wafers_nominal_processing,test,600.0,[],D:\git\git\RDMCT-A3C\cie\data\core\pure41\cie_core_n016_f016_m000_proc100.lp,pure41\cie_core_n016_f016_m000_proc100.lp,cie_core_n016_f016_m000_proc100.lp,adaptive_cutsel,3,1,trainseed_1,auto,2026-07-22T19:15:40,optimal,0.0,0.2815287999999896,0,0.0,0.0,0.0,0.0,0.0,0,0,1,0.0,0.0,944.0,21105.0,10000.0,0.015197568389057751,0.0,3,True,D:\git\git\RDMCT-A3C\cie\results\main\cie_main_600s_compact_final_v1\seed3\solutions\cie_core_nominal__cie_core_n016_f016_m000_proc100__adaptive_cutsel__solverseed_3__trainseed_1__trainseed_1.sol,,"{""dircutoffdistweight"": 0.0, ""efficacyweight"": 0.75, ""intsupportweight"": 0.0, ""objparalweight"": 0.25}",global_default,,,False,,
cie_core_nominal,dual_source_cluster_tool,8_to_32_wafers_nominal_processing,test,600.0,[],D:\git\git\RDMCT-A3C\cie\data\core\pure41\cie_core_n016_f016_m000_proc100.lp,pure41\cie_core_n016_f016_m000_proc100.lp,cie_core_n016_f016_m000_proc100.lp,hem,3,1,trainseed_1,auto,2026-07-22T19:15:40,optimal,1.0,0.3004962999999634,1,0.03424960000000965,0.0039997100830078125,0.0,0.0279998779296875,0.0,1,0,1,0.0,100.0,944.0,21105.0,10000.0,0.015197568389057751,0.0,4,True,D:\git\git\RDMCT-A3C\cie\results\main\cie_main_600s_compact_final_v1\seed3\solutions\cie_core_nominal__cie_core_n016_f016_m000_proc100__hem__solverseed_3__trainseed_1__trainseed_1.sol,,,,D:\git\git\RDMCT-A3C\cie\models\hem\seed_1\itr_60.pkl,13,False,greedy,
cie_core_nominal,dual_source_cluster_tool,8_to_32_wafers_nominal_processing,test,600.0,[],D:\git\git\RDMCT-A3C\cie\data\core\pure41\cie_core_n016_f016_m000_proc100.lp,pure41\cie_core_n016_f016_m000_proc100.lp,cie_core_n016_f016_m000_proc100.lp,rdmct_feature_only,3,1,trainseed_1,auto,2026-07-22T19:15:41,optimal,0.0,0.3159483000000023,1,0.023722499999962565,0.007000446319580078,0.00099945068359375,0.012655019760131836,0.0,1,0,1,0.0,0.0,944.0,21182.0,10000.0,0.012121212121212121,0.0,3,True,D:\git\git\RDMCT-A3C\cie\results\main\cie_main_600s_compact_final_v1\seed3\solutions\cie_core_nominal__cie_core_n016_f016_m000_proc100__rdmct_feature_only__solverseed_3__trainseed_1__trainseed_1.sol,,,,D:\git\git\RDMCT-A3C\cie\models\feature_only\seed_1\itr_60.pkl,23,False,greedy,
cie_core_nominal,dual_source_cluster_tool,8_to_32_wafers_nominal_processing,test,600.0,[],D:\git\git\RDMCT-A3C\cie\data\core\pure41\cie_core_n016_f016_m000_proc100.lp,pure41\cie_core_n016_f016_m000_proc100.lp,cie_core_n016_f016_m000_proc100.lp,hem_beam,3,1,trainseed_1,auto,2026-07-22T19:15:41,optimal,0.0,0.31923929999999245,1,0.051890000000014425,0.004002809524536133,0.0,0.04489874839782715,0.0,1,0,1,0.0,0.0,944.0,21105.0,10000.0,0.015197568389057751,0.0,4,True,D:\git\git\RDMCT-A3C\cie\results\main\cie_main_600s_compact_final_v1\seed3\solutions\cie_core_nominal__cie_core_n016_f016_m000_proc100__hem_beam__solverseed_3__trainseed_1__trainseed_1.sol,,,,D:\git\git\RDMCT-A3C\cie\models\hem\seed_1\itr_60.pkl,13,False,beam_search,
cie_core_nominal,dual_source_cluster_tool,8_to_32_wafers_nominal_processing,test,600.0,[],D:\git\git\RDMCT-A3C\cie\data\core\pure41\cie_core_n016_f016_m000_proc100.lp,pure41\cie_core_n016_f016_m000_proc100.lp,cie_core_n016_f016_m000_proc100.lp,hem_structure,3,1,trainseed_1,auto,2026-07-22T19:15:41,optimal,1.0,0.3069127999999637,1,0.03258850000003122,0.008340120315551758,0.0,0.018697023391723633,0.0009992122650146484,1,0,1,0.0,100.0,944.0,21082.0,10000.0,0.012121212121212121,0.0,3,True,D:\git\git\RDMCT-A3C\cie\results\main\cie_main_600s_compact_final_v1\seed3\solutions\cie_core_nominal__cie_core_n016_f016_m000_proc100__hem_structure__solverseed_3__trainseed_1__trainseed_1.sol,,,,D:\git\git\RDMCT-A3C\cie\models\proposed\seed_1\itr_60.pkl,23,True,greedy,
cie_core_nominal,dual_source_cluster_tool,8_to_32_wafers_nominal_processing,test,600.0,[],D:\git\git\RDMCT-A3C\cie\data\core\pure41\cie_core_n016_f016_m000_proc100.lp,pure41\cie_core_n016_f016_m000_proc100.lp,cie_core_n016_f016_m000_proc100.lp,proposed,3,1,trainseed_1,auto,2026-07-22T19:15:42,optimal,0.0,0.32497269999998935,1,0.05538139999998748,0.008656978607177734,0.0,0.0447080135345459,0.0019998550415039062,1,0,1,0.0,0.0,944.0,21082.0,10000.0,0.012121212121212121,0.0,3,True,D:\git\git\RDMCT-A3C\cie\results\main\cie_main_600s_compact_final_v1\seed3\solutions\cie_core_nominal__cie_core_n016_f016_m000_proc100__proposed__solverseed_3__trainseed_1__trainseed_1.sol,,,,D:\git\git\RDMCT-A3C\cie\models\proposed\seed_1\itr_60.pkl,23,True,beam_search,
cie_core_nominal,dual_source_cluster_tool,8_to_32_wafers_nominal_processing,test,600.0,[],D:\git\git\RDMCT-A3C\cie\data\core\pure41\cie_core_n016_f016_m000_proc100.lp,pure41\cie_core_n016_f016_m000_proc100.lp,cie_core_n016_f016_m000_proc100.lp,scip_default,3,1,trainseed_1,auto,2026-07-22T19:15:42,optimal,0.0,0.2716421000000082,0,0.0,0.0,0.0,0.0,0.0,0,0,1,0.0,0.0,944.0,21219.52,10000.0,0.015197568389057751,0.0,3,True,D:\git\git\RDMCT-A3C\cie\results\main\cie_main_600s_compact_final_v1\seed3\solutions\cie_core_nominal__cie_core_n016_f016_m000_proc100__scip_default__solverseed_3__trainseed_1__trainseed_1.sol,,,,,,False,,
cie_core_nominal,dual_source_cluster_tool,8_to_32_wafers_nominal_processing,test,600.0,[],D:\git\git\RDMCT-A3C\cie\data\core\pure41\cie_core_n024_f024_m000_proc100.lp,pure41\cie_core_n024_f024_m000_proc100.lp,cie_core_n024_f024_m000_proc100.lp,hem,3,1,trainseed_1,auto,2026-07-22T19:15:42,optimal,3.0,3.1043045999999777,0,0.0,0.0,0.0,0.0,0.0,0,0,1,0.0,300.0,1268.0,40784.0,10000.0,0.0132622573320741,10.0,1,True,D:\git\git\RDMCT-A3C\cie\results\main\cie_main_600s_compact_final_v1\seed3\solutions\cie_core_nominal__cie_core_n024_f024_m000_proc100__hem__solverseed_3__trainseed_1__trainseed_1.sol,,,,D:\git\git\RDMCT-A3C\cie\models\hem\seed_1\itr_60.pkl,13,False,greedy,
cie_core_nominal,dual_source_cluster_tool,8_to_32_wafers_nominal_processing,test,600.0,[],D:\git\git\RDMCT-A3C\cie\data\core\pure41\cie_core_n024_f024_m000_proc100.lp,pure41\cie_core_n024_f024_m000_proc100.lp,cie_core_n024_f024_m000_proc100.lp,rdmct_feature_only,3,1,trainseed_1,auto,2026-07-22T19:15:45,optimal,3.0,3.022210599999994,0,0.0,0.0,0.0,0.0,0.0,0,0,1,0.0,300.0,1268.0,40784.0,10000.0,0.0132622573320741,10.0,1,True,D:\git\git\RDMCT-A3C\cie\results\main\cie_main_600s_compact_final_v1\seed3\solutions\cie_core_nominal__cie_core_n024_f024_m000_proc100__rdmct_feature_only__solverseed_3__trainseed_1__trainseed_1.sol,,,,D:\git\git\RDMCT-A3C\cie\models\feature_only\seed_1\itr_60.pkl,23,False,greedy,
cie_core_nominal,dual_source_cluster_tool,8_to_32_wafers_nominal_processing,test,600.0,[],D:\git\git\RDMCT-A3C\cie\data\core\pure41\cie_core_n024_f024_m000_proc100.lp,pure41\cie_core_n024_f024_m000_proc100.lp,cie_core_n024_f024_m000_proc100.lp,hem_beam,3,1,trainseed_1,auto,2026-07-22T19:15:48,optimal,4.0,3.2066897999999924,0,0.0,0.0,0.0,0.0,0.0,0,0,1,0.0,400.0,1268.0,40784.0,10000.0,0.0132622573320741,10.0,1,True,D:\git\git\RDMCT-A3C\cie\results\main\cie_main_600s_compact_final_v1\seed3\solutions\cie_core_nominal__cie_core_n024_f024_m000_proc100__hem_beam__solverseed_3__trainseed_1__trainseed_1.sol,,,,D:\git\git\RDMCT-A3C\cie\models\hem\seed_1\itr_60.pkl,13,False,beam_search,
cie_core_nominal,dual_source_cluster_tool,8_to_32_wafers_nominal_processing,test,600.0,[],D:\git\git\RDMCT-A3C\cie\data\core\pure41\cie_core_n024_f024_m000_proc100.lp,pure41\cie_core_n024_f024_m000_proc100.lp,cie_core_n024_f024_m000_proc100.lp,hem_structure,3,1,trainseed_1,auto,2026-07-22T19:15:52,optimal,3.0,3.420760400000006,0,0.0,0.0,0.0,0.0,0.0,0,0,1,0.0,300.0,1268.0,40784.0,10000.0,0.0132622573320741,10.0,1,True,D:\git\git\RDMCT-A3C\cie\results\main\cie_main_600s_compact_final_v1\seed3\solutions\cie_core_nominal__cie_core_n024_f024_m000_proc100__hem_structure__solverseed_3__trainseed_1__trainseed_1.sol,,,,D:\git\git\RDMCT-A3C\cie\models\proposed\seed_1\itr_60.pkl,23,True,greedy,
cie_core_nominal,dual_source_cluster_tool,8_to_32_wafers_nominal_processing,test,600.0,[],D:\git\git\RDMCT-A3C\cie\data\core\pure41\cie_core_n024_f024_m000_proc100.lp,pure41\cie_core_n024_f024_m000_proc100.lp,cie_core_n024_f024_m000_proc100.lp,proposed,3,1,trainseed_1,auto,2026-07-22T19:15:55,optimal,3.0,3.3186847999999713,0,0.0,0.0,0.0,0.0,0.0,0,0,1,0.0,300.0,1268.0,40784.0,10000.0,0.0132622573320741,10.0,1,True,D:\git\git\RDMCT-A3C\cie\results\main\cie_main_600s_compact_final_v1\seed3\solutions\cie_core_nominal__cie_core_n024_f024_m000_proc100__proposed__solverseed_3__trainseed_1__trainseed_1.sol,,,,D:\git\git\RDMCT-A3C\cie\models\proposed\seed_1\itr_60.pkl,23,True,beam_search,
cie_core_nominal,dual_source_cluster_tool,8_to_32_wafers_nominal_processing,test,600.0,[],D:\git\git\RDMCT-A3C\cie\data\core\pure41\cie_core_n024_f024_m000_proc100.lp,pure41\cie_core_n024_f024_m000_proc100.lp,cie_core_n024_f024_m000_proc100.lp,scip_default,3,1,trainseed_1,auto,2026-07-22T19:15:58,optimal,4.0,3.410940499999981,0,0.0,0.0,0.0,0.0,0.0,0,0,1,0.0,400.0,1268.0,40784.0,10000.0,0.0132622573320741,10.0,1,True,D:\git\git\RDMCT-A3C\cie\results\main\cie_main_600s_compact_final_v1\seed3\solutions\cie_core_nominal__cie_core_n024_f024_m000_proc100__scip_default__solverseed_3__trainseed_1__trainseed_1.sol,,,,,,False,,
cie_core_nominal,dual_source_cluster_tool,8_to_32_wafers_nominal_processing,test,600.0,[],D:\git\git\RDMCT-A3C\cie\data\core\pure41\cie_core_n024_f024_m000_proc100.lp,pure41\cie_core_n024_f024_m000_proc100.lp,cie_core_n024_f024_m000_proc100.lp,adaptive_cutsel,3,1,trainseed_1,auto,2026-07-22T19:16:02,optimal,3.0,3.36999000000003,0,0.0,0.0,0.0,0.0,0.0,0,0,1,0.0,300.0,1268.0,40784.0,10000.0,0.0132622573320741,10.0,1,True,D:\git\git\RDMCT-A3C\cie\results\main\cie_main_600s_compact_final_v1\seed3\solutions\cie_core_nominal__cie_core_n024_f024_m000_proc100__adaptive_cutsel__solverseed_3__trainseed_1__trainseed_1.sol,,"{""dircutoffdistweight"": 0.0, ""efficacyweight"": 0.75, ""intsupportweight"": 0.0, ""objparalweight"": 0.25}",global_default,,,False,,
cie_core_nominal,dual_source_cluster_tool,8_to_32_wafers_nominal_processing,test,600.0,[],D:\git\git\RDMCT-A3C\cie\data\core\pure41\cie_core_n032_f032_m000_proc100.lp,pure41\cie_core_n032_f032_m000_proc100.lp,cie_core_n032_f032_m000_proc100.lp,rdmct_feature_only,3,1,trainseed_1,auto,2026-07-22T19:16:05,optimal,12.0,11.525139000000024,1,0.044406100000003335,0.01864004135131836,0.0009999275207519531,0.020911455154418945,0.0,1,0,1,0.0,1184.46,1592.0,59445.0,10000.0,0.011443541338279375,10.0,2,True,D:\git\git\RDMCT-A3C\cie\results\main\cie_main_600s_compact_final_v1\seed3\solutions\cie_core_nominal__cie_core_n032_f032_m000_proc100__rdmct_feature_only__solverseed_3__trainseed_1__trainseed_1.sol,,,,D:\git\git\RDMCT-A3C\cie\models\feature_only\seed_1\itr_60.pkl,23,False,greedy,
cie_core_nominal,dual_source_cluster_tool,8_to_32_wafers_nominal_processing,test,600.0,[],D:\git\git\RDMCT-A3C\cie\data\core\pure41\cie_core_n032_f032_m000_proc100.lp,pure41\cie_core_n032_f032_m000_proc100.lp,cie_core_n032_f032_m000_proc100.lp,hem_beam,3,1,trainseed_1,auto,2026-07-22T19:16:17,optimal,12.0,12.075485200000003,1,0.11185699999998633,0.025015830993652344,0.0,0.04381561279296875,0.0,1,0,1,0.0,1184.46,1592.0,59445.0,10000.0,0.011443541338279375,10.0,2,True,D:\git\git\RDMCT-A3C\cie\results\main\cie_main_600s_compact_final_v1\seed3\solutions\cie_core_nominal__cie_core_n032_f032_m000_proc100__hem_beam__solverseed_3__trainseed_1__trainseed_1.sol,,,,D:\git\git\RDMCT-A3C\cie\models\hem\seed_1\itr_60.pkl,13,False,beam_search,
cie_core_nominal,dual_source_cluster_tool,8_to_32_wafers_nominal_processing,test,600.0,[],D:\git\git\RDMCT-A3C\cie\data\core\pure41\cie_core_n032_f032_m000_proc100.lp,pure41\cie_core_n032_f032_m000_proc100.lp,cie_core_n032_f032_m000_proc100.lp,hem_structure,3,1,trainseed_1,auto,2026-07-22T19:16:29,optimal,11.0,11.256641899999977,1,0.06411029999998163,0.025574445724487305,0.0,0.03313875198364258,0.0,1,0,1,0.0,1100.0,1592.0,59419.0,10000.0,0.0,0.0,2,True,D:\git\git\RDMCT-A3C\cie\results\main\cie_main_600s_compact_final_v1\seed3\solutions\cie_core_nominal__cie_core_n032_f032_m000_proc100__hem_structure__solverseed_3__trainseed_1__trainseed_1.sol,,,,D:\git\git\RDMCT-A3C\cie\models\proposed\seed_1\itr_60.pkl,23,True,greedy,
cie_core_nominal,dual_source_cluster_tool,8_to_32_wafers_nominal_processing,test,600.0,[],D:\git\git\RDMCT-A3C\cie\data\core\pure41\cie_core_n032_f032_m000_proc100.lp,pure41\cie_core_n032_f032_m000_proc100.lp,cie_core_n032_f032_m000_proc100.lp,proposed,3,1,trainseed_1,auto,2026-07-22T19:16:40,optimal,11.0,10.72465010000002,1,0.0627643000000262,0.01833653450012207,0.0010352134704589844,0.03815007209777832,0.002000570297241211,1,0,1,0.0,1084.46,1592.0,59419.0,10000.0,0.0,0.0,2,True,D:\git\git\RDMCT-A3C\cie\results\main\cie_main_600s_compact_final_v1\seed3\solutions\cie_core_nominal__cie_core_n032_f032_m000_proc100__proposed__solverseed_3__trainseed_1__trainseed_1.sol,,,,D:\git\git\RDMCT-A3C\cie\models\proposed\seed_1\itr_60.pkl,23,True,beam_search,
cie_core_nominal,dual_source_cluster_tool,8_to_32_wafers_nominal_processing,test,600.0,[],D:\git\git\RDMCT-A3C\cie\data\core\pure41\cie_core_n032_f032_m000_proc100.lp,pure41\cie_core_n032_f032_m000_proc100.lp,cie_core_n032_f032_m000_proc100.lp,scip_default,3,1,trainseed_1,auto,2026-07-22T19:16:51,optimal,10.0,10.01321519999999,0,0.0,0.0,0.0,0.0,0.0,0,0,1,0.0,1000.0,1592.0,59485.0,10000.0,0.011443541338279375,10.0,2,True,D:\git\git\RDMCT-A3C\cie\results\main\cie_main_600s_compact_final_v1\seed3\solutions\cie_core_nominal__cie_core_n032_f032_m000_proc100__scip_default__solverseed_3__trainseed_1__trainseed_1.sol,,,,,,False,,
cie_core_nominal,dual_source_cluster_tool,8_to_32_wafers_nominal_processing,test,600.0,[],D:\git\git\RDMCT-A3C\cie\data\core\pure41\cie_core_n032_f032_m000_proc100.lp,pure41\cie_core_n032_f032_m000_proc100.lp,cie_core_n032_f032_m000_proc100.lp,adaptive_cutsel,3,1,trainseed_1,auto,2026-07-22T19:17:01,optimal,10.0,10.43331360000002,0,0.0,0.0,0.0,0.0,0.0,0,0,1,0.0,1000.0,1592.0,59485.0,10000.0,0.011443541338279375,10.0,2,True,D:\git\git\RDMCT-A3C\cie\results\main\cie_main_600s_compact_final_v1\seed3\solutions\cie_core_nominal__cie_core_n032_f032_m000_proc100__adaptive_cutsel__solverseed_3__trainseed_1__trainseed_1.sol,,"{""dircutoffdistweight"": 0.0, ""efficacyweight"": 0.75, ""intsupportweight"": 0.0, ""objparalweight"": 0.25}",global_default,,,False,,
cie_core_nominal,dual_source_cluster_tool,8_to_32_wafers_nominal_processing,test,600.0,[],D:\git\git\RDMCT-A3C\cie\data\core\pure41\cie_core_n032_f032_m000_proc100.lp,pure41\cie_core_n032_f032_m000_proc100.lp,cie_core_n032_f032_m000_proc100.lp,hem,3,1,trainseed_1,auto,2026-07-22T19:17:11,optimal,10.0,10.048337299999957,1,0.03602559999995947,0.026033401489257812,0.0,0.007398128509521484,0.0,1,0,1,0.0,1000.0,1592.0,59445.0,10000.0,0.011443541338279375,10.0,2,True,D:\git\git\RDMCT-A3C\cie\results\main\cie_main_600s_compact_final_v1\seed3\solutions\cie_core_nominal__cie_core_n032_f032_m000_proc100__hem__solverseed_3__trainseed_1__trainseed_1.sol,,,,D:\git\git\RDMCT-A3C\cie\models\hem\seed_1\itr_60.pkl,13,False,greedy,
cie_core_nominal,dual_source_cluster_tool,8_to_32_wafers_nominal_processing,test,600.0,[],D:\git\git\RDMCT-A3C\cie\data\core\spbs\cie_core_n008_f000_m008_proc100.lp,spbs\cie_core_n008_f000_m008_proc100.lp,cie_core_n008_f000_m008_proc100.lp,hem_beam,3,1,trainseed_1,auto,2026-07-22T19:17:21,optimal,1.0,0.3980526999999938,1,0.04490529999998216,0.004008054733276367,0.0010001659393310547,0.03776431083679199,0.0,1,0,795,0.0,44.50867052023121,768.0,60148.0,10000.0,0.0,0.0,4,True,D:\git\git\RDMCT-A3C\cie\results\main\cie_main_600s_compact_final_v1\seed3\solutions\cie_core_nominal__cie_core_n008_f000_m008_proc100__hem_beam__solverseed_3__trainseed_1__trainseed_1.sol,,,,D:\git\git\RDMCT-A3C\cie\models\hem\seed_1\itr_60.pkl,13,False,beam_search,
cie_core_nominal,dual_source_cluster_tool,8_to_32_wafers_nominal_processing,test,600.0,[],D:\git\git\RDMCT-A3C\cie\data\core\spbs\cie_core_n008_f000_m008_proc100.lp,spbs\cie_core_n008_f000_m008_proc100.lp,cie_core_n008_f000_m008_proc100.lp,hem_structure,3,1,trainseed_1,auto,2026-07-22T19:17:22,optimal,0.0,0.5354757000000063,1,0.023983799999996336,0.009000301361083984,0.00323486328125,0.0,0.0,1,0,1424,0.0,0.0,768.0,60284.0,10000.0,0.0,0.0,6,True,D:\git\git\RDMCT-A3C\cie\results\main\cie_main_600s_compact_final_v1\seed3\solutions\cie_core_nominal__cie_core_n008_f000_m008_proc100__hem_structure__solverseed_3__trainseed_1__trainseed_1.sol,,,,D:\git\git\RDMCT-A3C\cie\models\proposed\seed_1\itr_60.pkl,23,True,greedy,
cie_core_nominal,dual_source_cluster_tool,8_to_32_wafers_nominal_processing,test,600.0,[],D:\git\git\RDMCT-A3C\cie\data\core\spbs\cie_core_n008_f000_m008_proc100.lp,spbs\cie_core_n008_f000_m008_proc100.lp,cie_core_n008_f000_m008_proc100.lp,proposed,3,1,trainseed_1,auto,2026-07-22T19:17:22,optimal,1.0,0.5380035000000021,1,0.029050999999981286,0.009151220321655273,0.0,0.0,0.002457141876220703,1,0,1424,0.0,18.64406779661017,768.0,60284.0,10000.0,0.0,0.0,6,True,D:\git\git\RDMCT-A3C\cie\results\main\cie_main_600s_compact_final_v1\seed3\solutions\cie_core_nominal__cie_core_n008_f000_m008_proc100__proposed__solverseed_3__trainseed_1__trainseed_1.sol,,,,D:\git\git\RDMCT-A3C\cie\models\proposed\seed_1\itr_60.pkl,23,True,beam_search,
cie_core_nominal,dual_source_cluster_tool,8_to_32_wafers_nominal_processing,test,600.0,[],D:\git\git\RDMCT-A3C\cie\data\core\spbs\cie_core_n008_f000_m008_proc100.lp,spbs\cie_core_n008_f000_m008_proc100.lp,cie_core_n008_f000_m008_proc100.lp,scip_default,3,1,trainseed_1,auto,2026-07-22T19:17:23,optimal,0.0,0.17206669999995938,0,0.0,0.0,0.0,0.0,0.0,0,0,165,0.0,0.0,768.0,60112.0,10000.0,0.0,0.0,2,True,D:\git\git\RDMCT-A3C\cie\results\main\cie_main_600s_compact_final_v1\seed3\solutions\cie_core_nominal__cie_core_n008_f000_m008_proc100__scip_default__solverseed_3__trainseed_1__trainseed_1.sol,,,,,,False,,
cie_core_nominal,dual_source_cluster_tool,8_to_32_wafers_nominal_processing,test,600.0,[],D:\git\git\RDMCT-A3C\cie\data\core\spbs\cie_core_n008_f000_m008_proc100.lp,spbs\cie_core_n008_f000_m008_proc100.lp,cie_core_n008_f000_m008_proc100.lp,adaptive_cutsel,3,1,trainseed_1,auto,2026-07-22T19:17:23,optimal,0.0,0.16612760000003846,0,0.0,0.0,0.0,0.0,0.0,0,0,165,0.0,0.0,768.0,60112.0,10000.0,0.0,0.0,2,True,D:\git\git\RDMCT-A3C\cie\results\main\cie_main_600s_compact_final_v1\seed3\solutions\cie_core_nominal__cie_core_n008_f000_m008_proc100__adaptive_cutsel__solverseed_3__trainseed_1__trainseed_1.sol,,"{""dircutoffdistweight"": 0.0, ""efficacyweight"": 0.75, ""intsupportweight"": 0.0, ""objparalweight"": 0.25}",global_default,,,False,,
cie_core_nominal,dual_source_cluster_tool,8_to_32_wafers_nominal_processing,test,600.0,[],D:\git\git\RDMCT-A3C\cie\data\core\spbs\cie_core_n008_f000_m008_proc100.lp,spbs\cie_core_n008_f000_m008_proc100.lp,cie_core_n008_f000_m008_proc100.lp,hem,3,1,trainseed_1,auto,2026-07-22T19:17:23,optimal,0.0,0.3853962000000024,1,0.025821099999973285,0.0050013065338134766,0.0,0.005411386489868164,0.0,1,0,795,0.0,0.0,768.0,60148.0,10000.0,0.0,0.0,4,True,D:\git\git\RDMCT-A3C\cie\results\main\cie_main_600s_compact_final_v1\seed3\solutions\cie_core_nominal__cie_core_n008_f000_m008_proc100__hem__solverseed_3__trainseed_1__trainseed_1.sol,,,,D:\git\git\RDMCT-A3C\cie\models\hem\seed_1\itr_60.pkl,13,False,greedy,
cie_core_nominal,dual_source_cluster_tool,8_to_32_wafers_nominal_processing,test,600.0,[],D:\git\git\RDMCT-A3C\cie\data\core\spbs\cie_core_n008_f000_m008_proc100.lp,spbs\cie_core_n008_f000_m008_proc100.lp,cie_core_n008_f000_m008_proc100.lp,rdmct_feature_only,3,1,trainseed_1,auto,2026-07-22T19:17:23,optimal,1.0,0.4824368000000163,1,0.030939699999976256,0.019997835159301758,0.0010004043579101562,0.012160778045654297,0.0,1,0,1068,0.0,45.664739884393065,768.0,60132.0,10000.0,0.0,0.0,4,True,D:\git\git\RDMCT-A3C\cie\results\main\cie_main_600s_compact_final_v1\seed3\solutions\cie_core_nominal__cie_core_n008_f000_m008_proc100__rdmct_feature_only__solverseed_3__trainseed_1__trainseed_1.sol,,,,D:\git\git\RDMCT-A3C\cie\models\feature_only\seed_1\itr_60.pkl,23,False,greedy,
cie_core_nominal,dual_source_cluster_tool,8_to_32_wafers_nominal_processing,test,600.0,[],D:\git\git\RDMCT-A3C\cie\data\core\spbs\cie_core_n008_f002_m006_proc100.lp,spbs\cie_core_n008_f002_m006_proc100.lp,cie_core_n008_f002_m006_proc100.lp,hem_structure,3,1,trainseed_1,auto,2026-07-22T19:17:24,optimal,0.0,0.33142540000000054,1,0.027530699999999797,0.0004642009735107422,0.0,0.022515058517456055,0.003000497817993164,1,0,452,0.0,0.0,900.0,60432.0,10000.0,0.0,0.0,2,True,D:\git\git\RDMCT-A3C\cie\results\main\cie_main_600s_compact_final_v1\seed3\solutions\cie_core_nominal__cie_core_n008_f002_m006_proc100__hem_structure__solverseed_3__trainseed_1__trainseed_1.sol,,,,D:\git\git\RDMCT-A3C\cie\models\proposed\seed_1\itr_60.pkl,23,True,greedy,
cie_core_nominal,dual_source_cluster_tool,8_to_32_wafers_nominal_processing,test,600.0,[],D:\git\git\RDMCT-A3C\cie\data\core\spbs\cie_core_n008_f002_m006_proc100.lp,spbs\cie_core_n008_f002_m006_proc100.lp,cie_core_n008_f002_m006_proc100.lp,proposed,3,1,trainseed_1,auto,2026-07-22T19:17:24,optimal,1.0,0.3420979000000557,1,0.03872400000000198,0.009000062942504883,0.00099945068359375,0.013380289077758789,0.013833761215209961,1,0,452,0.0,36.07954545454545,900.0,60432.0,10000.0,0.0,0.0,2,True,D:\git\git\RDMCT-A3C\cie\results\main\cie_main_600s_compact_final_v1\seed3\solutions\cie_core_nominal__cie_core_n008_f002_m006_proc100__proposed__solverseed_3__trainseed_1__trainseed_1.sol,,,,D:\git\git\RDMCT-A3C\cie\models\proposed\seed_1\itr_60.pkl,23,True,beam_search,
cie_core_nominal,dual_source_cluster_tool,8_to_32_wafers_nominal_processing,test,600.0,[],D:\git\git\RDMCT-A3C\cie\data\core\spbs\cie_core_n008_f002_m006_proc100.lp,spbs\cie_core_n008_f002_m006_proc100.lp,cie_core_n008_f002_m006_proc100.lp,scip_default,3,1,trainseed_1,auto,2026-07-22T19:17:25,optimal,0.0,0.4538102000000208,0,0.0,0.0,0.0,0.0,0.0,0,0,1196,0.0,0.0,900.0,60648.0,10000.0,0.0,0.0,2,True,D:\git\git\RDMCT-A3C\cie\results\main\cie_main_600s_compact_final_v1\seed3\solutions\cie_core_nominal__cie_core_n008_f002_m006_proc100__scip_default__solverseed_3__trainseed_1__trainseed_1.sol,,,,,,False,,
cie_core_nominal,dual_source_cluster_tool,8_to_32_wafers_nominal_processing,test,600.0,[],D:\git\git\RDMCT-A3C\cie\data\core\spbs\cie_core_n008_f002_m006_proc100.lp,spbs\cie_core_n008_f002_m006_proc100.lp,cie_core_n008_f002_m006_proc100.lp,adaptive_cutsel,3,1,trainseed_1,auto,2026-07-22T19:17:25,optimal,0.0,0.46797509999998965,0,0.0,0.0,0.0,0.0,0.0,0,0,1196,0.0,0.0,900.0,60648.0,10000.0,0.0,0.0,2,True,D:\git\git\RDMCT-A3C\cie\results\main\cie_main_600s_compact_final_v1\seed3\solutions\cie_core_nominal__cie_core_n008_f002_m006_proc100__adaptive_cutsel__solverseed_3__trainseed_1__trainseed_1.sol,,"{""dircutoffdistweight"": 0.0, ""efficacyweight"": 0.75, ""intsupportweight"": 0.0, ""objparalweight"": 0.25}",global_default,,,False,,
cie_core_nominal,dual_source_cluster_tool,8_to_32_wafers_nominal_processing,test,600.0,[],D:\git\git\RDMCT-A3C\cie\data\core\spbs\cie_core_n008_f002_m006_proc100.lp,spbs\cie_core_n008_f002_m006_proc100.lp,cie_core_n008_f002_m006_proc100.lp,hem,3,1,trainseed_1,auto,2026-07-22T19:17:26,optimal,0.0,0.34510790000001634,1,0.0289197000000172,0.0061321258544921875,0.0,0.020113706588745117,0.0,1,0,503,0.0,0.0,900.0,60954.0,10000.0,0.0,0.0,5,True,D:\git\git\RDMCT-A3C\cie\results\main\cie_main_600s_compact_final_v1\seed3\solutions\cie_core_nominal__cie_core_n008_f002_m006_proc100__hem__solverseed_3__trainseed_1__trainseed_1.sol,,,,D:\git\git\RDMCT-A3C\cie\models\hem\seed_1\itr_60.pkl,13,False,greedy,
cie_core_nominal,dual_source_cluster_tool,8_to_32_wafers_nominal_processing,test,600.0,[],D:\git\git\RDMCT-A3C\cie\data\core\spbs\cie_core_n008_f002_m006_proc100.lp,spbs\cie_core_n008_f002_m006_proc100.lp,cie_core_n008_f002_m006_proc100.lp,rdmct_feature_only,3,1,trainseed_1,auto,2026-07-22T19:17:26,optimal,0.0,0.45449990000003027,1,0.030539799999985462,0.019309520721435547,0.0,0.014639139175415039,0.0,1,0,962,0.0,0.0,900.0,60944.0,10000.0,0.0,0.0,2,True,D:\git\git\RDMCT-A3C\cie\results\main\cie_main_600s_compact_final_v1\seed3\solutions\cie_core_nominal__cie_core_n008_f002_m006_proc100__rdmct_feature_only__solverseed_3__trainseed_1__trainseed_1.sol,,,,D:\git\git\RDMCT-A3C\cie\models\feature_only\seed_1\itr_60.pkl,23,False,greedy,
cie_core_nominal,dual_source_cluster_tool,8_to_32_wafers_nominal_processing,test,600.0,[],D:\git\git\RDMCT-A3C\cie\data\core\spbs\cie_core_n008_f002_m006_proc100.lp,spbs\cie_core_n008_f002_m006_proc100.lp,cie_core_n008_f002_m006_proc100.lp,hem_beam,3,1,trainseed_1,auto,2026-07-22T19:17:26,optimal,1.0,0.3626886000000127,1,0.044238000000007105,0.0012760162353515625,0.0,0.03349018096923828,0.0,1,0,503,0.0,36.64772727272727,900.0,60954.0,10000.0,0.0,0.0,5,True,D:\git\git\RDMCT-A3C\cie\results\main\cie_main_600s_compact_final_v1\seed3\solutions\cie_core_nominal__cie_core_n008_f002_m006_proc100__hem_beam__solverseed_3__trainseed_1__trainseed_1.sol,,,,D:\git\git\RDMCT-A3C\cie\models\hem\seed_1\itr_60.pkl,13,False,beam_search,
cie_core_nominal,dual_source_cluster_tool,8_to_32_wafers_nominal_processing,test,600.0,[],D:\git\git\RDMCT-A3C\cie\data\core\spbs\cie_core_n008_f004_m004_proc100.lp,spbs\cie_core_n008_f004_m004_proc100.lp,cie_core_n008_f004_m004_proc100.lp,proposed,3,1,trainseed_1,auto,2026-07-22T19:17:27,optimal,0.0,0.7334288000000129,1,0.03666839999999638,0.008660078048706055,0.0010037422180175781,0.023763179779052734,0.0019989013671875,1,0,2180,0.0,0.0,834.0,50526.0,10000.0,0.0,0.0,2,True,D:\git\git\RDMCT-A3C\cie\results\main\cie_main_600s_compact_final_v1\seed3\solutions\cie_core_nominal__cie_core_n008_f004_m004_proc100__proposed__solverseed_3__trainseed_1__trainseed_1.sol,,,,D:\git\git\RDMCT-A3C\cie\models\proposed\seed_1\itr_60.pkl,23,True,beam_search,
cie_core_nominal,dual_source_cluster_tool,8_to_32_wafers_nominal_processing,test,600.0,[],D:\git\git\RDMCT-A3C\cie\data\core\spbs\cie_core_n008_f004_m004_proc100.lp,spbs\cie_core_n008_f004_m004_proc100.lp,cie_core_n008_f004_m004_proc100.lp,scip_default,3,1,trainseed_1,auto,2026-07-22T19:17:27,optimal,1.0,0.2723573000000101,0,0.0,0.0,0.0,0.0,0.0,0,0,381,0.0,39.81964215003642,833.9999999999945,50665.99999999997,10000.0,0.19650655021833424,0.0,5,True,D:\git\git\RDMCT-A3C\cie\results\main\cie_main_600s_compact_final_v1\seed3\solutions\cie_core_nominal__cie_core_n008_f004_m004_proc100__scip_default__solverseed_3__trainseed_1__trainseed_1.sol,,,,,,False,,
cie_core_nominal,dual_source_cluster_tool,8_to_32_wafers_nominal_processing,test,600.0,[],D:\git\git\RDMCT-A3C\cie\data\core\spbs\cie_core_n008_f004_m004_proc100.lp,spbs\cie_core_n008_f004_m004_proc100.lp,cie_core_n008_f004_m004_proc100.lp,adaptive_cutsel,3,1,trainseed_1,auto,2026-07-22T19:17:28,optimal,0.0,0.287577199999987,0,0.0,0.0,0.0,0.0,0.0,0,0,603,0.0,0.0,834.0,50526.0,10000.0,0.0,0.0,2,True,D:\git\git\RDMCT-A3C\cie\results\main\cie_main_600s_compact_final_v1\seed3\solutions\cie_core_nominal__cie_core_n008_f004_m004_proc100__adaptive_cutsel__solverseed_3__trainseed_1__trainseed_1.sol,,"{""dircutoffdistweight"": 0.0, ""efficacyweight"": 0.75, ""intsupportweight"": 0.0, ""objparalweight"": 0.25}",global_default,,,False,,
cie_core_nominal,dual_source_cluster_tool,8_to_32_wafers_nominal_processing,test,600.0,[],D:\git\git\RDMCT-A3C\cie\data\core\spbs\cie_core_n008_f004_m004_proc100.lp,spbs\cie_core_n008_f004_m004_proc100.lp,cie_core_n008_f004_m004_proc100.lp,hem,3,1,trainseed_1,auto,2026-07-22T19:17:28,optimal,0.0,0.26285649999999805,1,0.037894999999991796,0.004191160202026367,0.0017406940460205078,0.029648542404174805,0.0,1,0,277,0.0,0.0,833.9999999999945,50535.99999999997,10000.0,0.23966942148759474,0.0,5,True,D:\git\git\RDMCT-A3C\cie\results\main\cie_main_600s_compact_final_v1\seed3\solutions\cie_core_nominal__cie_core_n008_f004_m004_proc100__hem__solverseed_3__trainseed_1__trainseed_1.sol,,,,D:\git\git\RDMCT-A3C\cie\models\hem\seed_1\itr_60.pkl,13,False,greedy,
cie_core_nominal,dual_source_cluster_tool,8_to_32_wafers_nominal_processing,test,600.0,[],D:\git\git\RDMCT-A3C\cie\data\core\spbs\cie_core_n008_f004_m004_proc100.lp,spbs\cie_core_n008_f004_m004_proc100.lp,cie_core_n008_f004_m004_proc100.lp,rdmct_feature_only,3,1,trainseed_1,auto,2026-07-22T19:17:28,optimal,1.0,0.2856426999999826,1,0.031451899999979105,0.009000301361083984,0.0,0.02133798599243164,0.0,1,0,434,0.0,39.81964215003642,834.0,50708.0,10000.0,0.0,0.0,2,True,D:\git\git\RDMCT-A3C\cie\results\main\cie_main_600s_compact_final_v1\seed3\solutions\cie_core_nominal__cie_core_n008_f004_m004_proc100__rdmct_feature_only__solverseed_3__trainseed_1__trainseed_1.sol,,,,D:\git\git\RDMCT-A3C\cie\models\feature_only\seed_1\itr_60.pkl,23,False,greedy,
cie_core_nominal,dual_source_cluster_tool,8_to_32_wafers_nominal_processing,test,600.0,[],D:\git\git\RDMCT-A3C\cie\data\core\spbs\cie_core_n008_f004_m004_proc100.lp,spbs\cie_core_n008_f004_m004_proc100.lp,cie_core_n008_f004_m004_proc100.lp,hem_beam,3,1,trainseed_1,auto,2026-07-22T19:17:29,optimal,0.0,0.27365080000004127,1,0.044373399999983576,0.00522160530090332,0.0,0.02301931381225586,0.0,1,0,277,0.0,0.0,833.9999999999945,50535.99999999997,10000.0,0.23966942148759474,0.0,5,True,D:\git\git\RDMCT-A3C\cie\results\main\cie_main_600s_compact_final_v1\seed3\solutions\cie_core_nominal__cie_core_n008_f004_m004_proc100__hem_beam__solverseed_3__trainseed_1__trainseed_1.sol,,,,D:\git\git\RDMCT-A3C\cie\models\hem\seed_1\itr_60.pkl,13,False,beam_search,
cie_core_nominal,dual_source_cluster_tool,8_to_32_wafers_nominal_processing,test,600.0,[],D:\git\git\RDMCT-A3C\cie\data\core\spbs\cie_core_n008_f004_m004_proc100.lp,spbs\cie_core_n008_f004_m004_proc100.lp,cie_core_n008_f004_m004_proc100.lp,hem_structure,3,1,trainseed_1,auto,2026-07-22T19:17:29,optimal,0.0,0.688565399999959,1,0.02596219999998084,0.02269721031188965,0.0,0.012000560760498047,0.0008223056793212891,1,0,2180,0.0,0.0,834.0,50526.0,10000.0,0.0,0.0,2,True,D:\git\git\RDMCT-A3C\cie\results\main\cie_main_600s_compact_final_v1\seed3\solutions\cie_core_nominal__cie_core_n008_f004_m004_proc100__hem_structure__solverseed_3__trainseed_1__trainseed_1.sol,,,,D:\git\git\RDMCT-A3C\cie\models\proposed\seed_1\itr_60.pkl,23,True,greedy,
cie_core_nominal,dual_source_cluster_tool,8_to_32_wafers_nominal_processing,test,600.0,[],D:\git\git\RDMCT-A3C\cie\data\core\spbs\cie_core_n008_f006_m002_proc100.lp,spbs\cie_core_n008_f006_m002_proc100.lp,cie_core_n008_f006_m002_proc100.lp,scip_default,3,1,trainseed_1,auto,2026-07-22T19:17:29,optimal,0.0,0.203301300000021,0,0.0,0.0,0.0,0.0,0.0,0,0,257,0.0,0.0,834.0,30972.0,10000.0,0.0,0.0,8,True,D:\git\git\RDMCT-A3C\cie\results\main\cie_main_600s_compact_final_v1\seed3\solutions\cie_core_nominal__cie_core_n008_f006_m002_proc100__scip_default__solverseed_3__trainseed_1__trainseed_1.sol,,,,,,False,,
cie_core_nominal,dual_source_cluster_tool,8_to_32_wafers_nominal_processing,test,600.0,[],D:\git\git\RDMCT-A3C\cie\data\core\spbs\cie_core_n008_f006_m002_proc100.lp,spbs\cie_core_n008_f006_m002_proc100.lp,cie_core_n008_f006_m002_proc100.lp,adaptive_cutsel,3,1,trainseed_1,auto,2026-07-22T19:17:30,optimal,0.0,0.2032073999999966,0,0.0,0.0,0.0,0.0,0.0,0,0,257,0.0,0.0,834.0,30972.0,10000.0,0.0,0.0,8,True,D:\git\git\RDMCT-A3C\cie\results\main\cie_main_600s_compact_final_v1\seed3\solutions\cie_core_nominal__cie_core_n008_f006_m002_proc100__adaptive_cutsel__solverseed_3__trainseed_1__trainseed_1.sol,,"{""dircutoffdistweight"": 0.0, ""efficacyweight"": 0.75, ""intsupportweight"": 0.0, ""objparalweight"": 0.25}",global_default,,,False,,
cie_core_nominal,dual_source_cluster_tool,8_to_32_wafers_nominal_processing,test,600.0,[],D:\git\git\RDMCT-A3C\cie\data\core\spbs\cie_core_n008_f006_m002_proc100.lp,spbs\cie_core_n008_f006_m002_proc100.lp,cie_core_n008_f006_m002_proc100.lp,hem,3,1,trainseed_1,auto,2026-07-22T19:17:30,optimal,0.0,0.2627760999999964,1,0.026551400000016656,0.00551605224609375,0.0,0.019762754440307617,0.0,1,0,476,0.0,0.0,834.0,30488.0,10000.0,0.0,0.0,6,True,D:\git\git\RDMCT-A3C\cie\results\main\cie_main_600s_compact_final_v1\seed3\solutions\cie_core_nominal__cie_core_n008_f006_m002_proc100__hem__solverseed_3__trainseed_1__trainseed_1.sol,,,,D:\git\git\RDMCT-A3C\cie\models\hem\seed_1\itr_60.pkl,13,False,greedy,
cie_core_nominal,dual_source_cluster_tool,8_to_32_wafers_nominal_processing,test,600.0,[],D:\git\git\RDMCT-A3C\cie\data\core\spbs\cie_core_n008_f006_m002_proc100.lp,spbs\cie_core_n008_f006_m002_proc100.lp,cie_core_n008_f006_m002_proc100.lp,rdmct_feature_only,3,1,trainseed_1,auto,2026-07-22T19:17:30,optimal,0.0,0.18648419999999533,1,0.03332430000000386,0.010516643524169922,0.0010001659393310547,0.010769128799438477,0.0,1,0,125,0.0,0.0,834.0,30650.0,10000.0,0.0,0.0,4,True,D:\git\git\RDMCT-A3C\cie\results\main\cie_main_600s_compact_final_v1\seed3\solutions\cie_core_nominal__cie_core_n008_f006_m002_proc100__rdmct_feature_only__solverseed_3__trainseed_1__trainseed_1.sol,,,,D:\git\git\RDMCT-A3C\cie\models\feature_only\seed_1\itr_60.pkl,23,False,greedy,
cie_core_nominal,dual_source_cluster_tool,8_to_32_wafers_nominal_processing,test,600.0,[],D:\git\git\RDMCT-A3C\cie\data\core\spbs\cie_core_n008_f006_m002_proc100.lp,spbs\cie_core_n008_f006_m002_proc100.lp,cie_core_n008_f006_m002_proc100.lp,hem_beam,3,1,trainseed_1,auto,2026-07-22T19:17:30,optimal,1.0,0.28614700000002813,1,0.04523580000000038,0.0,0.0,0.033846378326416016,0.0,1,0,476,0.0,9.417040358744394,834.0,30488.0,10000.0,0.0,0.0,6,True,D:\git\git\RDMCT-A3C\cie\results\main\cie_main_600s_compact_final_v1\seed3\solutions\cie_core_nominal__cie_core_n008_f006_m002_proc100__hem_beam__solverseed_3__trainseed_1__trainseed_1.sol,,,,D:\git\git\RDMCT-A3C\cie\models\hem\seed_1\itr_60.pkl,13,False,beam_search,
cie_core_nominal,dual_source_cluster_tool,8_to_32_wafers_nominal_processing,test,600.0,[],D:\git\git\RDMCT-A3C\cie\data\core\spbs\cie_core_n008_f006_m002_proc100.lp,spbs\cie_core_n008_f006_m002_proc100.lp,cie_core_n008_f006_m002_proc100.lp,hem_structure,3,1,trainseed_1,auto,2026-07-22T19:17:31,optimal,0.0,0.2108099000000152,1,0.02793259999998554,0.009000301361083984,0.0,0.0026514530181884766,0.0,1,0,161,0.0,0.0,834.0,30856.0,10000.0,0.0,0.0,4,True,D:\git\git\RDMCT-A3C\cie\results\main\cie_main_600s_compact_final_v1\seed3\solutions\cie_core_nominal__cie_core_n008_f006_m002_proc100__hem_structure__solverseed_3__trainseed_1__trainseed_1.sol,,,,D:\git\git\RDMCT-A3C\cie\models\proposed\seed_1\itr_60.pkl,23,True,greedy,
cie_core_nominal,dual_source_cluster_tool,8_to_32_wafers_nominal_processing,test,600.0,[],D:\git\git\RDMCT-A3C\cie\data\core\spbs\cie_core_n008_f006_m002_proc100.lp,spbs\cie_core_n008_f006_m002_proc100.lp,cie_core_n008_f006_m002_proc100.lp,proposed,3,1,trainseed_1,auto,2026-07-22T19:17:31,optimal,0.0,0.22880989999998746,1,0.0420884999999771,0.010147809982299805,0.0,0.02342963218688965,0.0,1,0,161,0.0,0.0,834.0,30856.0,10000.0,0.0,0.0,4,True,D:\git\git\RDMCT-A3C\cie\results\main\cie_main_600s_compact_final_v1\seed3\solutions\cie_core_nominal__cie_core_n008_f006_m002_proc100__proposed__solverseed_3__trainseed_1__trainseed_1.sol,,,,D:\git\git\RDMCT-A3C\cie\models\proposed\seed_1\itr_60.pkl,23,True,beam_search,
cie_core_nominal,dual_source_cluster_tool,8_to_32_wafers_nominal_processing,test,600.0,[],D:\git\git\RDMCT-A3C\cie\data\core\spbs\cie_core_n016_f000_m016_proc100.lp,spbs\cie_core_n016_f000_m016_proc100.lp,cie_core_n016_f000_m016_proc100.lp,adaptive_cutsel,3,1,trainseed_1,auto,2026-07-22T19:17:31,optimal,47.0,47.45092870000002,0,0.0,0.0,0.0,0.0,0.0,0,0,52345,0.0,1761.3673760332117,1136.0,100230.0,10000.0,0.014301358438186976,16.0,5,True,D:\git\git\RDMCT-A3C\cie\results\main\cie_main_600s_compact_final_v1\seed3\solutions\cie_core_nominal__cie_core_n016_f000_m016_proc100__adaptive_cutsel__solverseed_3__trainseed_1__trainseed_1.sol,,"{""dircutoffdistweight"": 0.0, ""efficacyweight"": 0.75, ""intsupportweight"": 0.0, ""objparalweight"": 0.25}",global_default,,,False,,
cie_core_nominal,dual_source_cluster_tool,8_to_32_wafers_nominal_processing,test,600.0,[],D:\git\git\RDMCT-A3C\cie\data\core\spbs\cie_core_n016_f000_m016_proc100.lp,spbs\cie_core_n016_f000_m016_proc100.lp,cie_core_n016_f000_m016_proc100.lp,hem,3,1,trainseed_1,auto,2026-07-22T19:18:19,optimal,26.0,26.765424399999972,1,0.10364289999995435,0.0063631534576416016,0.0,0.021611690521240234,0.0,1,0,24256,0.0,1080.4851752021564,1136.0,100250.0,10000.0,0.0,0.0,6,True,D:\git\git\RDMCT-A3C\cie\results\main\cie_main_600s_compact_final_v1\seed3\solutions\cie_core_nominal__cie_core_n016_f000_m016_proc100__hem__solverseed_3__trainseed_1__trainseed_1.sol,,,,D:\git\git\RDMCT-A3C\cie\models\hem\seed_1\itr_60.pkl,13,False,greedy,
cie_core_nominal,dual_source_cluster_tool,8_to_32_wafers_nominal_processing,test,600.0,[],D:\git\git\RDMCT-A3C\cie\data\core\spbs\cie_core_n016_f000_m016_proc100.lp,spbs\cie_core_n016_f000_m016_proc100.lp,cie_core_n016_f000_m016_proc100.lp,rdmct_feature_only,3,1,trainseed_1,auto,2026-07-22T19:18:45,optimal,40.0,39.95149700000002,1,0.033914100000004055,0.010999441146850586,0.0,0.020619630813598633,0.0,1,0,42930,0.0,1406.9763119054862,1136.0,100382.0,10000.0,0.014301358438186976,16.0,13,True,D:\git\git\RDMCT-A3C\cie\results\main\cie_main_600s_compact_final_v1\seed3\solutions\cie_core_nominal__cie_core_n016_f000_m016_proc100__rdmct_feature_only__solverseed_3__trainseed_1__trainseed_1.sol,,,,D:\git\git\RDMCT-A3C\cie\models\feature_only\seed_1\itr_60.pkl,23,False,greedy,
cie_core_nominal,dual_source_cluster_tool,8_to_32_wafers_nominal_processing,test,600.0,[],D:\git\git\RDMCT-A3C\cie\data\core\spbs\cie_core_n016_f000_m016_proc100.lp,spbs\cie_core_n016_f000_m016_proc100.lp,cie_core_n016_f000_m016_proc100.lp,hem_beam,3,1,trainseed_1,auto,2026-07-22T19:19:25,optimal,134.0,134.2094406,1,0.05220280000003186,0.0070018768310546875,0.004839181900024414,0.03854084014892578,0.0,1,0,126113,0.0,5964.456424079065,1136.0,100572.0,10000.0,0.0,0.0,7,True,D:\git\git\RDMCT-A3C\cie\results\main\cie_main_600s_compact_final_v1\seed3\solutions\cie_core_nominal__cie_core_n016_f000_m016_proc100__hem_beam__solverseed_3__trainseed_1__trainseed_1.sol,,,,D:\git\git\RDMCT-A3C\cie\models\hem\seed_1\itr_60.pkl,13,False,beam_search,
cie_core_nominal,dual_source_cluster_tool,8_to_32_wafers_nominal_processing,test,600.0,[],D:\git\git\RDMCT-A3C\cie\data\core\spbs\cie_core_n016_f000_m016_proc100.lp,spbs\cie_core_n016_f000_m016_proc100.lp,cie_core_n016_f000_m016_proc100.lp,hem_structure,3,1,trainseed_1,auto,2026-07-22T19:21:39,optimal,10.0,9.277642599999922,1,0.13906780000002072,0.12628698348999023,0.0010099411010742188,0.007996559143066406,0.0019991397857666016,1,0,8301,0.0,405.0578089104809,1136.0,100250.0,10000.0,0.02109561563154592,26.0,5,True,D:\git\git\RDMCT-A3C\cie\results\main\cie_main_600s_compact_final_v1\seed3\solutions\cie_core_nominal__cie_core_n016_f000_m016_proc100__hem_structure__solverseed_3__trainseed_1__trainseed_1.sol,,,,D:\git\git\RDMCT-A3C\cie\models\proposed\seed_1\itr_60.pkl,23,True,greedy,
cie_core_nominal,dual_source_cluster_tool,8_to_32_wafers_nominal_processing,test,600.0,[],D:\git\git\RDMCT-A3C\cie\data\core\spbs\cie_core_n016_f000_m016_proc100.lp,spbs\cie_core_n016_f000_m016_proc100.lp,cie_core_n016_f000_m016_proc100.lp,proposed,3,1,trainseed_1,auto,2026-07-22T19:21:49,optimal,9.0,9.12447050000003,1,0.033785199999897486,0.010000467300415039,0.004872322082519531,0.015027284622192383,0.0019965171813964844,1,0,8301,0.0,305.0578089104809,1136.0,100250.0,10000.0,0.02109561563154592,26.0,5,True,D:\git\git\RDMCT-A3C\cie\results\main\cie_main_600s_compact_final_v1\seed3\solutions\cie_core_nominal__cie_core_n016_f000_m016_proc100__proposed__solverseed_3__trainseed_1__trainseed_1.sol,,,,D:\git\git\RDMCT-A3C\cie\models\proposed\seed_1\itr_60.pkl,23,True,beam_search,
cie_core_nominal,dual_source_cluster_tool,8_to_32_wafers_nominal_processing,test,600.0,[],D:\git\git\RDMCT-A3C\cie\data\core\spbs\cie_core_n016_f000_m016_proc100.lp,spbs\cie_core_n016_f000_m016_proc100.lp,cie_core_n016_f000_m016_proc100.lp,scip_default,3,1,trainseed_1,auto,2026-07-22T19:21:58,optimal,47.0,47.065406900000085,0,0.0,0.0,0.0,0.0,0.0,0,0,52345,0.0,1746.451033243486,1136.0,100230.0,10000.0,0.014301358438186976,16.0,5,True,D:\git\git\RDMCT-A3C\cie\results\main\cie_main_600s_compact_final_v1\seed3\solutions\cie_core_nominal__cie_core_n016_f000_m016_proc100__scip_default__solverseed_3__trainseed_1__trainseed_1.sol,,,,,,False,,
cie_core_nominal,dual_source_cluster_tool,8_to_32_wafers_nominal_processing,test,600.0,[],D:\git\git\RDMCT-A3C\cie\data\core\spbs\cie_core_n016_f004_m012_proc100.lp,spbs\cie_core_n016_f004_m012_proc100.lp,cie_core_n016_f004_m012_proc100.lp,hem,3,1,trainseed_1,auto,2026-07-22T19:22:45,optimal,8.0,7.876215399999978,1,0.028074899999978697,0.010718822479248047,0.0010104179382324219,0.01899886131286621,0.0,1,0,8554,0.0,239.62201844781248,1202.0,90811.0,10000.0,0.02194179103701845,17.0,4,True,D:\git\git\RDMCT-A3C\cie\results\main\cie_main_600s_compact_final_v1\seed3\solutions\cie_core_nominal__cie_core_n016_f004_m012_proc100__hem__solverseed_3__trainseed_1__trainseed_1.sol,,,,D:\git\git\RDMCT-A3C\cie\models\hem\seed_1\itr_60.pkl,13,False,greedy,
cie_core_nominal,dual_source_cluster_tool,8_to_32_wafers_nominal_processing,test,600.0,[],D:\git\git\RDMCT-A3C\cie\data\core\spbs\cie_core_n016_f004_m012_proc100.lp,spbs\cie_core_n016_f004_m012_proc100.lp,cie_core_n016_f004_m012_proc100.lp,rdmct_feature_only,3,1,trainseed_1,auto,2026-07-22T19:22:53,optimal,13.0,13.177062099999944,1,0.08253070000000662,0.01592850685119629,0.0029997825622558594,0.013549327850341797,0.0,1,0,15368,0.0,379.4266582524523,1202.0,90630.0,10000.0,0.014088637121960871,14.0,5,True,D:\git\git\RDMCT-A3C\cie\results\main\cie_main_600s_compact_final_v1\seed3\solutions\cie_core_nominal__cie_core_n016_f004_m012_proc100__rdmct_feature_only__solverseed_3__trainseed_1__trainseed_1.sol,,,,D:\git\git\RDMCT-A3C\cie\models\feature_only\seed_1\itr_60.pkl,23,False,greedy,
cie_core_nominal,dual_source_cluster_tool,8_to_32_wafers_nominal_processing,test,600.0,[],D:\git\git\RDMCT-A3C\cie\data\core\spbs\cie_core_n016_f004_m012_proc100.lp,spbs\cie_core_n016_f004_m012_proc100.lp,cie_core_n016_f004_m012_proc100.lp,hem_beam,3,1,trainseed_1,auto,2026-07-22T19:23:06,optimal,8.0,8.163028899999972,1,0.04988619999994626,0.006249189376831055,0.0010004043579101562,0.041516780853271484,0.0,1,0,8554,0.0,239.86621869201272,1202.0,90811.0,10000.0,0.02194179103701845,17.0,4,True,D:\git\git\RDMCT-A3C\cie\results\main\cie_main_600s_compact_final_v1\seed3\solutions\cie_core_nominal__cie_core_n016_f004_m012_proc100__hem_beam__solverseed_3__trainseed_1__trainseed_1.sol,,,,D:\git\git\RDMCT-A3C\cie\models\hem\seed_1\itr_60.pkl,13,False,beam_search,
cie_core_nominal,dual_source_cluster_tool,8_to_32_wafers_nominal_processing,test,600.0,[],D:\git\git\RDMCT-A3C\cie\data\core\spbs\cie_core_n016_f004_m012_proc100.lp,spbs\cie_core_n016_f004_m012_proc100.lp,cie_core_n016_f004_m012_proc100.lp,hem_structure,3,1,trainseed_1,auto,2026-07-22T19:23:14,optimal,11.0,10.669257200000061,1,0.017585000000053697,0.019274473190307617,0.0,0.00500035285949707,0.001999378204345703,1,0,12136,0.0,322.34485117064514,1202.0,90920.0,10000.0,0.11591914445681106,46.0,4,True,D:\git\git\RDMCT-A3C\cie\results\main\cie_main_600s_compact_final_v1\seed3\solutions\cie_core_nominal__cie_core_n016_f004_m012_proc100__hem_structure__solverseed_3__trainseed_1__trainseed_1.sol,,,,D:\git\git\RDMCT-A3C\cie\models\proposed\seed_1\itr_60.pkl,23,True,greedy,
cie_core_nominal,dual_source_cluster_tool,8_to_32_wafers_nominal_processing,test,600.0,[],D:\git\git\RDMCT-A3C\cie\data\core\spbs\cie_core_n016_f004_m012_proc100.lp,spbs\cie_core_n016_f004_m012_proc100.lp,cie_core_n016_f004_m012_proc100.lp,proposed,3,1,trainseed_1,auto,2026-07-22T19:23:25,optimal,11.0,10.889943299999914,1,0.025846599999908904,0.009210824966430664,0.0010097026824951172,0.011994600296020508,0.0029985904693603516,1,0,12136,0.0,321.24595007174406,1202.0,90920.0,10000.0,0.11591914445681106,46.0,4,True,D:\git\git\RDMCT-A3C\cie\results\main\cie_main_600s_compact_final_v1\seed3\solutions\cie_core_nominal__cie_core_n016_f004_m012_proc100__proposed__solverseed_3__trainseed_1__trainseed_1.sol,,,,D:\git\git\RDMCT-A3C\cie\models\proposed\seed_1\itr_60.pkl,23,True,beam_search,
cie_core_nominal,dual_source_cluster_tool,8_to_32_wafers_nominal_processing,test,600.0,[],D:\git\git\RDMCT-A3C\cie\data\core\spbs\cie_core_n016_f004_m012_proc100.lp,spbs\cie_core_n016_f004_m012_proc100.lp,cie_core_n016_f004_m012_proc100.lp,scip_default,3,1,trainseed_1,auto,2026-07-22T19:23:36,optimal,13.0,13.292528100000027,0,0.0,0.0,0.0,0.0,0.0,0,0,13962,0.0,390.3401252810272,1202.0,91016.0,10000.0,0.17803437569981753,108.0,7,True,D:\git\git\RDMCT-A3C\cie\results\main\cie_main_600s_compact_final_v1\seed3\solutions\cie_core_nominal__cie_core_n016_f004_m012_proc100__scip_default__solverseed_3__trainseed_1__trainseed_1.sol,,,,,,False,,
cie_core_nominal,dual_source_cluster_tool,8_to_32_wafers_nominal_processing,test,600.0,[],D:\git\git\RDMCT-A3C\cie\data\core\spbs\cie_core_n016_f004_m012_proc100.lp,spbs\cie_core_n016_f004_m012_proc100.lp,cie_core_n016_f004_m012_proc100.lp,adaptive_cutsel,3,1,trainseed_1,auto,2026-07-22T19:23:49,optimal,13.0,13.506443200000035,0,0.0,0.0,0.0,0.0,0.0,0,0,13962,0.0,396.7357440560121,1202.0,91016.0,10000.0,0.17803437569981753,108.0,7,True,D:\git\git\RDMCT-A3C\cie\results\main\cie_main_600s_compact_final_v1\seed3\solutions\cie_core_nominal__cie_core_n016_f004_m012_proc100__adaptive_cutsel__solverseed_3__trainseed_1__trainseed_1.sol,,"{""dircutoffdistweight"": 0.0, ""efficacyweight"": 0.75, ""intsupportweight"": 0.0, ""objparalweight"": 0.25}",global_default,,,False,,
cie_core_nominal,dual_source_cluster_tool,8_to_32_wafers_nominal_processing,test,600.0,[],D:\git\git\RDMCT-A3C\cie\data\core\spbs\cie_core_n016_f008_m008_proc100.lp,spbs\cie_core_n016_f008_m008_proc100.lp,cie_core_n016_f008_m008_proc100.lp,rdmct_feature_only,3,1,trainseed_1,auto,2026-07-22T19:24:03,optimal,5.0,5.171111800000062,1,0.032596699999999146,0.016063928604125977,0.0,0.0200045108795166,0.0,1,0,6053,0.0,83.02174434581579,1170.0,81000.0,10000.0,0.0524863881081478,23.0,5,True,D:\git\git\RDMCT-A3C\cie\results\main\cie_main_600s_compact_final_v1\seed3\solutions\cie_core_nominal__cie_core_n016_f008_m008_proc100__rdmct_feature_only__solverseed_3__trainseed_1__trainseed_1.sol,,,,D:\git\git\RDMCT-A3C\cie\models\feature_only\seed_1\itr_60.pkl,23,False,greedy,
cie_core_nominal,dual_source_cluster_tool,8_to_32_wafers_nominal_processing,test,600.0,[],D:\git\git\RDMCT-A3C\cie\data\core\spbs\cie_core_n016_f008_m008_proc100.lp,spbs\cie_core_n016_f008_m008_proc100.lp,cie_core_n016_f008_m008_proc100.lp,hem_beam,3,1,trainseed_1,auto,2026-07-22T19:24:08,optimal,4.0,4.791061199999945,1,0.044495499999925414,0.005841493606567383,0.0009999275207519531,0.035181283950805664,0.0,1,0,5403,0.0,53.48033510922921,1170.0,80982.0,10000.0,0.09350402817209878,42.0,4,True,D:\git\git\RDMCT-A3C\cie\results\main\cie_main_600s_compact_final_v1\seed3\solutions\cie_core_nominal__cie_core_n016_f008_m008_proc100__hem_beam__solverseed_3__trainseed_1__trainseed_1.sol,,,,D:\git\git\RDMCT-A3C\cie\models\hem\seed_1\itr_60.pkl,13,False,beam_search,
cie_core_nominal,dual_source_cluster_tool,8_to_32_wafers_nominal_processing,test,600.0,[],D:\git\git\RDMCT-A3C\cie\data\core\spbs\cie_core_n016_f008_m008_proc100.lp,spbs\cie_core_n016_f008_m008_proc100.lp,cie_core_n016_f008_m008_proc100.lp,hem_structure,3,1,trainseed_1,auto,2026-07-22T19:24:12,optimal,3.0,3.1518724999999677,1,0.02691709999999148,0.014004707336425781,0.0,0.009000539779663086,0.0026869773864746094,1,0,2847,0.0,40.383318914648655,1170.0,80943.0,10000.0,0.06565944237842802,29.0,5,True,D:\git\git\RDMCT-A3C\cie\results\main\cie_main_600s_compact_final_v1\seed3\solutions\cie_core_nominal__cie_core_n016_f008_m008_proc100__hem_structure__solverseed_3__trainseed_1__trainseed_1.sol,,,,D:\git\git\RDMCT-A3C\cie\models\proposed\seed_1\itr_60.pkl,23,True,greedy,
cie_core_nominal,dual_source_cluster_tool,8_to_32_wafers_nominal_processing,test,600.0,[],D:\git\git\RDMCT-A3C\cie\data\core\spbs\cie_core_n016_f008_m008_proc100.lp,spbs\cie_core_n016_f008_m008_proc100.lp,cie_core_n016_f008_m008_proc100.lp,proposed,3,1,trainseed_1,auto,2026-07-22T19:24:16,optimal,3.0,3.1081910000000335,1,0.03156130000002122,0.0,0.0,0.027497529983520508,0.0019989013671875,1,0,2847,0.0,40.725199256528995,1170.0,80943.0,10000.0,0.06565944237842802,29.0,5,True,D:\git\git\RDMCT-A3C\cie\results\main\cie_main_600s_compact_final_v1\seed3\solutions\cie_core_nominal__cie_core_n016_f008_m008_proc100__proposed__solverseed_3__trainseed_1__trainseed_1.sol,,,,D:\git\git\RDMCT-A3C\cie\models\proposed\seed_1\itr_60.pkl,23,True,beam_search,
cie_core_nominal,dual_source_cluster_tool,8_to_32_wafers_nominal_processing,test,600.0,[],D:\git\git\RDMCT-A3C\cie\data\core\spbs\cie_core_n016_f008_m008_proc100.lp,spbs\cie_core_n016_f008_m008_proc100.lp,cie_core_n016_f008_m008_proc100.lp,scip_default,3,1,trainseed_1,auto,2026-07-22T19:24:19,optimal,9.0,9.261270999999965,0,0.0,0.0,0.0,0.0,0.0,0,0,13010,0.0,76.21722021846686,1170.0,80896.0,10000.0,0.13323170644250498,55.0,11,True,D:\git\git\RDMCT-A3C\cie\results\main\cie_main_600s_compact_final_v1\seed3\solutions\cie_core_nominal__cie_core_n016_f008_m008_proc100__scip_default__solverseed_3__trainseed_1__trainseed_1.sol,,,,,,False,,
cie_core_nominal,dual_source_cluster_tool,8_to_32_wafers_nominal_processing,test,600.0,[],D:\git\git\RDMCT-A3C\cie\data\core\spbs\cie_core_n016_f008_m008_proc100.lp,spbs\cie_core_n016_f008_m008_proc100.lp,cie_core_n016_f008_m008_proc100.lp,adaptive_cutsel,3,1,trainseed_1,auto,2026-07-22T19:24:28,optimal,4.0,4.271762299999978,0,0.0,0.0,0.0,0.0,0.0,0,0,5343,0.0,46.54433841497556,1170.0,80897.0,10000.0,0.10540196305692506,29.0,3,True,D:\git\git\RDMCT-A3C\cie\results\main\cie_main_600s_compact_final_v1\seed3\solutions\cie_core_nominal__cie_core_n016_f008_m008_proc100__adaptive_cutsel__solverseed_3__trainseed_1__trainseed_1.sol,,"{""dircutoffdistweight"": 0.0, ""efficacyweight"": 0.75, ""intsupportweight"": 0.0, ""objparalweight"": 0.25}",global_default,,,False,,
cie_core_nominal,dual_source_cluster_tool,8_to_32_wafers_nominal_processing,test,600.0,[],D:\git\git\RDMCT-A3C\cie\data\core\spbs\cie_core_n016_f008_m008_proc100.lp,spbs\cie_core_n016_f008_m008_proc100.lp,cie_core_n016_f008_m008_proc100.lp,hem,3,1,trainseed_1,auto,2026-07-22T19:24:32,optimal,3.0,2.594574599999987,1,0.019898699999998826,0.004000425338745117,0.0,0.014082193374633789,0.0,1,0,3406,0.0,42.2968360631725,1170.0,81024.0,10000.0,0.11429776902738784,52.0,8,True,D:\git\git\RDMCT-A3C\cie\results\main\cie_main_600s_compact_final_v1\seed3\solutions\cie_core_nominal__cie_core_n016_f008_m008_proc100__hem__solverseed_3__trainseed_1__trainseed_1.sol,,,,D:\git\git\RDMCT-A3C\cie\models\hem\seed_1\itr_60.pkl,13,False,greedy,
cie_core_nominal,dual_source_cluster_tool,8_to_32_wafers_nominal_processing,test,600.0,[],D:\git\git\RDMCT-A3C\cie\data\core\spbs\cie_core_n016_f012_m004_proc100.lp,spbs\cie_core_n016_f012_m004_proc100.lp,cie_core_n016_f012_m004_proc100.lp,hem_beam,3,1,trainseed_1,auto,2026-07-22T19:24:35,timelimit,600.0,599.8929765999999,1,0.047687799999948766,0.005012035369873047,0.0010004043579101562,0.04005837440490723,0.0,1,0,528661,0.7062021350100968,24857.49839525854,1938.24562537147,69493.53800630529,10000.0,0.763749677795226,0.0,1,True,D:\git\git\RDMCT-A3C\cie\results\main\cie_main_600s_compact_final_v1\seed3\solutions\cie_core_nominal__cie_core_n016_f012_m004_proc100__hem_beam__solverseed_3__trainseed_1__trainseed_1.sol,,,,D:\git\git\RDMCT-A3C\cie\models\hem\seed_1\itr_60.pkl,13,False,beam_search,
cie_core_nominal,dual_source_cluster_tool,8_to_32_wafers_nominal_processing,test,600.0,[],D:\git\git\RDMCT-A3C\cie\data\core\spbs\cie_core_n016_f012_m004_proc100.lp,spbs\cie_core_n016_f012_m004_proc100.lp,cie_core_n016_f012_m004_proc100.lp,hem_structure,3,1,trainseed_1,auto,2026-07-22T19:34:35,optimal,170.0,170.68398790000015,1,0.024775899999895046,0.015903234481811523,0.0,0.0,0.016908884048461914,1,0,169888,0.0,5857.982375658524,1158.0,62445.24562537146,10000.0,0.26393648826324756,0.0,2,True,D:\git\git\RDMCT-A3C\cie\results\main\cie_main_600s_compact_final_v1\seed3\solutions\cie_core_nominal__cie_core_n016_f012_m004_proc100__hem_structure__solverseed_3__trainseed_1__trainseed_1.sol,,,,D:\git\git\RDMCT-A3C\cie\models\proposed\seed_1\itr_60.pkl,23,True,greedy,
cie_core_nominal,dual_source_cluster_tool,8_to_32_wafers_nominal_processing,test,600.0,[],D:\git\git\RDMCT-A3C\cie\data\core\spbs\cie_core_n016_f012_m004_proc100.lp,spbs\cie_core_n016_f012_m004_proc100.lp,cie_core_n016_f012_m004_proc100.lp,proposed,3,1,trainseed_1,auto,2026-07-22T19:37:25,optimal,172.0,172.63514629999986,1,0.04761970000004112,0.012837886810302734,0.0015056133270263672,0.013004779815673828,0.0030019283294677734,1,0,169888,0.0,5859.976273547897,1158.0,62445.24562537146,10000.0,0.26393648826324756,0.0,2,True,D:\git\git\RDMCT-A3C\cie\results\main\cie_main_600s_compact_final_v1\seed3\solutions\cie_core_nominal__cie_core_n016_f012_m004_proc100__proposed__solverseed_3__trainseed_1__trainseed_1.sol,,,,D:\git\git\RDMCT-A3C\cie\models\proposed\seed_1\itr_60.pkl,23,True,beam_search,
cie_core_nominal,dual_source_cluster_tool,8_to_32_wafers_nominal_processing,test,600.0,[],D:\git\git\RDMCT-A3C\cie\data\core\spbs\cie_core_n016_f012_m004_proc100.lp,spbs\cie_core_n016_f012_m004_proc100.lp,cie_core_n016_f012_m004_proc100.lp,scip_default,3,1,trainseed_1,auto,2026-07-22T19:40:18,optimal,51.0,51.3344040999998,0,0.0,0.0,0.0,0.0,0.0,0,0,42112,0.0,2169.5148614554914,1158.0,61972.24562537146,10000.0,0.2861125704223025,0.0,3,True,D:\git\git\RDMCT-A3C\cie\results\main\cie_main_600s_compact_final_v1\seed3\solutions\cie_core_nominal__cie_core_n016_f012_m004_proc100__scip_default__solverseed_3__trainseed_1__trainseed_1.sol,,,,,,False,,
cie_core_nominal,dual_source_cluster_tool,8_to_32_wafers_nominal_processing,test,600.0,[],D:\git\git\RDMCT-A3C\cie\data\core\spbs\cie_core_n016_f012_m004_proc100.lp,spbs\cie_core_n016_f012_m004_proc100.lp,cie_core_n016_f012_m004_proc100.lp,adaptive_cutsel,3,1,trainseed_1,auto,2026-07-22T19:41:09,optimal,71.0,70.81559420000008,0,0.0,0.0,0.0,0.0,0.0,0,0,58043,0.0,2977.45748247537,1158.0,61710.24562537146,10000.0,0.2861125704223025,0.0,3,True,D:\git\git\RDMCT-A3C\cie\results\main\cie_main_600s_compact_final_v1\seed3\solutions\cie_core_nominal__cie_core_n016_f012_m004_proc100__adaptive_cutsel__solverseed_3__trainseed_1__trainseed_1.sol,,"{""dircutoffdistweight"": 0.0, ""efficacyweight"": 0.75, ""intsupportweight"": 0.0, ""objparalweight"": 0.25}",global_default,,,False,,
cie_core_nominal,dual_source_cluster_tool,8_to_32_wafers_nominal_processing,test,600.0,[],D:\git\git\RDMCT-A3C\cie\data\core\spbs\cie_core_n016_f012_m004_proc100.lp,spbs\cie_core_n016_f012_m004_proc100.lp,cie_core_n016_f012_m004_proc100.lp,hem,3,1,trainseed_1,auto,2026-07-22T19:42:20,timelimit,600.0,599.4681612999998,1,0.03009780000002138,0.022049903869628906,0.0009999275207519531,0.01149606704711914,0.0,1,0,489339,0.7062021350100968,24916.985179849064,1938.24562537147,69493.53800630529,10000.0,0.763749677795226,0.0,1,True,D:\git\git\RDMCT-A3C\cie\results\main\cie_main_600s_compact_final_v1\seed3\solutions\cie_core_nominal__cie_core_n016_f012_m004_proc100__hem__solverseed_3__trainseed_1__trainseed_1.sol,,,,D:\git\git\RDMCT-A3C\cie\models\hem\seed_1\itr_60.pkl,13,False,greedy,
cie_core_nominal,dual_source_cluster_tool,8_to_32_wafers_nominal_processing,test,600.0,[],D:\git\git\RDMCT-A3C\cie\data\core\spbs\cie_core_n016_f012_m004_proc100.lp,spbs\cie_core_n016_f012_m004_proc100.lp,cie_core_n016_f012_m004_proc100.lp,rdmct_feature_only,3,1,trainseed_1,auto,2026-07-22T19:52:20,optimal,39.0,39.030619600000136,1,0.03499699999974837,0.0076198577880859375,0.0,0.025073528289794922,0.0,1,0,31441,0.0,1576.536878682085,1158.0,61858.24562537146,10000.0,0.2861125704223025,0.0,2,True,D:\git\git\RDMCT-A3C\cie\results\main\cie_main_600s_compact_final_v1\seed3\solutions\cie_core_nominal__cie_core_n016_f012_m004_proc100__rdmct_feature_only__solverseed_3__trainseed_1__trainseed_1.sol,,,,D:\git\git\RDMCT-A3C\cie\models\feature_only\seed_1\itr_60.pkl,23,False,greedy,
cie_core_nominal,dual_source_cluster_tool,8_to_32_wafers_nominal_processing,test,600.0,[],D:\git\git\RDMCT-A3C\cie\data\core\spbs\cie_core_n024_f000_m024_proc100.lp,spbs\cie_core_n024_f000_m024_proc100.lp,cie_core_n024_f000_m024_proc100.lp,hem_structure,3,1,trainseed_1,auto,2026-07-22T19:52:59,timelimit,600.0,599.9072846999998,1,0.07755190000034418,0.014443635940551758,0.0009996891021728516,0.008002758026123047,0.001497030258178711,1,0,135164,0.9841691452791324,29983.63063021223,4412.79217910079,162956.85986160376,10000.0,0.01699912779427555,8.661976873561798,1,True,D:\git\git\RDMCT-A3C\cie\results\main\cie_main_600s_compact_final_v1\seed3\solutions\cie_core_nominal__cie_core_n024_f000_m024_proc100__hem_structure__solverseed_3__trainseed_1__trainseed_1.sol,,,,D:\git\git\RDMCT-A3C\cie\models\proposed\seed_1\itr_60.pkl,23,True,greedy,
cie_core_nominal,dual_source_cluster_tool,8_to_32_wafers_nominal_processing,test,600.0,[],D:\git\git\RDMCT-A3C\cie\data\core\spbs\cie_core_n024_f000_m024_proc100.lp,spbs\cie_core_n024_f000_m024_proc100.lp,cie_core_n024_f000_m024_proc100.lp,proposed,3,1,trainseed_1,auto,2026-07-22T20:02:59,timelimit,600.0,599.9656525,1,0.08287910000035481,0.011745214462280273,0.0,0.033750295639038086,0.002007722854614258,1,0,111984,0.9841691452791324,29949.86516065178,4412.79217910079,162956.85986160376,10000.0,0.01699912779427555,8.661976873561798,1,True,D:\git\git\RDMCT-A3C\cie\results\main\cie_main_600s_compact_final_v1\seed3\solutions\cie_core_nominal__cie_core_n024_f000_m024_proc100__proposed__solverseed_3__trainseed_1__trainseed_1.sol,,,,D:\git\git\RDMCT-A3C\cie\models\proposed\seed_1\itr_60.pkl,23,True,beam_search,
cie_core_nominal,dual_source_cluster_tool,8_to_32_wafers_nominal_processing,test,600.0,[],D:\git\git\RDMCT-A3C\cie\data\core\spbs\cie_core_n024_f000_m024_proc100.lp,spbs\cie_core_n024_f000_m024_proc100.lp,cie_core_n024_f000_m024_proc100.lp,scip_default,3,1,trainseed_1,auto,2026-07-22T20:12:59,timelimit,600.0,599.9924796999999,0,0.0,0.0,0.0,0.0,0.0,0,0,151098,0.9841691452791324,29964.867000147766,4412.79217910079,162956.85986160376,10000.0,0.01699912779427555,8.661976873561798,1,True,D:\git\git\RDMCT-A3C\cie\results\main\cie_main_600s_compact_final_v1\seed3\solutions\cie_core_nominal__cie_core_n024_f000_m024_proc100__scip_default__solverseed_3__trainseed_1__trainseed_1.sol,,,,,,False,,
cie_core_nominal,dual_source_cluster_tool,8_to_32_wafers_nominal_processing,test,600.0,[],D:\git\git\RDMCT-A3C\cie\data\core\spbs\cie_core_n024_f000_m024_proc100.lp,spbs\cie_core_n024_f000_m024_proc100.lp,cie_core_n024_f000_m024_proc100.lp,adaptive_cutsel,3,1,trainseed_1,auto,2026-07-22T20:22:59,timelimit,600.0,600.0047256999997,0,0.0,0.0,0.0,0.0,0.0,0,0,217606,0.9895366001356133,29943.83723118663,4412.79217910079,162956.85986160376,10000.0,0.01699912779427555,8.661976873561798,1,True,D:\git\git\RDMCT-A3C\cie\results\main\cie_main_600s_compact_final_v1\seed3\solutions\cie_core_nominal__cie_core_n024_f000_m024_proc100__adaptive_cutsel__solverseed_3__trainseed_1__trainseed_1.sol,,"{""dircutoffdistweight"": 0.0, ""efficacyweight"": 0.75, ""intsupportweight"": 0.0, ""objparalweight"": 0.25}",global_default,,,False,,
cie_core_nominal,dual_source_cluster_tool,8_to_32_wafers_nominal_processing,test,600.0,[],D:\git\git\RDMCT-A3C\cie\data\core\spbs\cie_core_n024_f000_m024_proc100.lp,spbs\cie_core_n024_f000_m024_proc100.lp,cie_core_n024_f000_m024_proc100.lp,hem,3,1,trainseed_1,auto,2026-07-22T20:32:59,timelimit,600.0,599.9925393999993,1,0.0506812000003265,0.006250858306884766,0.0010006427764892578,0.008002042770385742,0.0,1,0,154997,0.9895366001356133,29951.179521211852,4412.79217910079,162956.85986160376,10000.0,0.01699912779427555,8.661976873561798,1,True,D:\git\git\RDMCT-A3C\cie\results\main\cie_main_600s_compact_final_v1\seed3\solutions\cie_core_nominal__cie_core_n024_f000_m024_proc100__hem__solverseed_3__trainseed_1__trainseed_1.sol,,,,D:\git\git\RDMCT-A3C\cie\models\hem\seed_1\itr_60.pkl,13,False,greedy,
cie_core_nominal,dual_source_cluster_tool,8_to_32_wafers_nominal_processing,test,600.0,[],D:\git\git\RDMCT-A3C\cie\data\core\spbs\cie_core_n024_f000_m024_proc100.lp,spbs\cie_core_n024_f000_m024_proc100.lp,cie_core_n024_f000_m024_proc100.lp,rdmct_feature_only,3,1,trainseed_1,auto,2026-07-22T20:42:59,timelimit,600.0,599.9815205000004,1,0.02795849999984057,0.009000301361083984,0.0,0.017215728759765625,0.0,1,0,171213,0.9877442248201758,29928.472809467177,4412.79217910079,162956.85986160376,10000.0,0.01699912779427555,8.661976873561798,1,True,D:\git\git\RDMCT-A3C\cie\results\main\cie_main_600s_compact_final_v1\seed3\solutions\cie_core_nominal__cie_core_n024_f000_m024_proc100__rdmct_feature_only__solverseed_3__trainseed_1__trainseed_1.sol,,,,D:\git\git\RDMCT-A3C\cie\models\feature_only\seed_1\itr_60.pkl,23,False,greedy,
cie_core_nominal,dual_source_cluster_tool,8_to_32_wafers_nominal_processing,test,600.0,[],D:\git\git\RDMCT-A3C\cie\data\core\spbs\cie_core_n024_f000_m024_proc100.lp,spbs\cie_core_n024_f000_m024_proc100.lp,cie_core_n024_f000_m024_proc100.lp,hem_beam,3,1,trainseed_1,auto,2026-07-22T20:52:59,timelimit,600.0,600.0441678000007,1,0.06743610000012268,0.015242576599121094,0.0010039806365966797,0.015228748321533203,0.0,1,0,155046,0.9895366001356133,29901.097851595354,4412.79217910079,162956.85986160376,10000.0,0.01699912779427555,8.661976873561798,1,True,D:\git\git\RDMCT-A3C\cie\results\main\cie_main_600s_compact_final_v1\seed3\solutions\cie_core_nominal__cie_core_n024_f000_m024_proc100__hem_beam__solverseed_3__trainseed_1__trainseed_1.sol,,,,D:\git\git\RDMCT-A3C\cie\models\hem\seed_1\itr_60.pkl,13,False,beam_search,
cie_core_nominal,dual_source_cluster_tool,8_to_32_wafers_nominal_processing,test,600.0,[],D:\git\git\RDMCT-A3C\cie\data\core\spbs\cie_core_n024_f006_m018_proc100.lp,spbs\cie_core_n024_f006_m018_proc100.lp,cie_core_n024_f006_m018_proc100.lp,proposed,3,1,trainseed_1,auto,2026-07-22T21:02:59,optimal,315.0,315.0935396999994,1,0.028815300000132993,0.008160591125488281,0.004001617431640625,0.013242244720458984,0.0010037422180175781,1,0,152222,0.0,4539.048005846991,2290.0,153496.0,10000.0,0.0,0.0,8,True,D:\git\git\RDMCT-A3C\cie\results\main\cie_main_600s_compact_final_v1\seed3\solutions\cie_core_nominal__cie_core_n024_f006_m018_proc100__proposed__solverseed_3__trainseed_1__trainseed_1.sol,,,,D:\git\git\RDMCT-A3C\cie\models\proposed\seed_1\itr_60.pkl,23,True,beam_search,
cie_core_nominal,dual_source_cluster_tool,8_to_32_wafers_nominal_processing,test,600.0,[],D:\git\git\RDMCT-A3C\cie\data\core\spbs\cie_core_n024_f006_m018_proc100.lp,spbs\cie_core_n024_f006_m018_proc100.lp,cie_core_n024_f006_m018_proc100.lp,scip_default,3,1,trainseed_1,auto,2026-07-22T21:08:14,timelimit,600.0,599.7911894999997,0,0.0,0.0,0.0,0.0,0.0,0,0,310966,0.002626970227670753,9837.649627536603,2290.0,153107.0,10000.0,0.05854225272981469,70.0,2,True,D:\git\git\RDMCT-A3C\cie\results\main\cie_main_600s_compact_final_v1\seed3\solutions\cie_core_nominal__cie_core_n024_f006_m018_proc100__scip_default__solverseed_3__trainseed_1__trainseed_1.sol,,,,,,False,,
cie_core_nominal,dual_source_cluster_tool,8_to_32_wafers_nominal_processing,test,600.0,[],D:\git\git\RDMCT-A3C\cie\data\core\spbs\cie_core_n024_f006_m018_proc100.lp,spbs\cie_core_n024_f006_m018_proc100.lp,cie_core_n024_f006_m018_proc100.lp,adaptive_cutsel,3,1,trainseed_1,auto,2026-07-22T21:18:14,optimal,279.0,279.0941004999995,0,0.0,0.0,0.0,0.0,0.0,0,0,135194,0.0,6327.663358206697,2290.0,153285.0,10000.0,0.05854225272981469,70.0,10,True,D:\git\git\RDMCT-A3C\cie\results\main\cie_main_600s_compact_final_v1\seed3\solutions\cie_core_nominal__cie_core_n024_f006_m018_proc100__adaptive_cutsel__solverseed_3__trainseed_1__trainseed_1.sol,,"{""dircutoffdistweight"": 0.0, ""efficacyweight"": 0.75, ""intsupportweight"": 0.0, ""objparalweight"": 0.25}",global_default,,,False,,
cie_core_nominal,dual_source_cluster_tool,8_to_32_wafers_nominal_processing,test,600.0,[],D:\git\git\RDMCT-A3C\cie\data\core\spbs\cie_core_n024_f006_m018_proc100.lp,spbs\cie_core_n024_f006_m018_proc100.lp,cie_core_n024_f006_m018_proc100.lp,hem,3,1,trainseed_1,auto,2026-07-22T21:22:53,timelimit,600.0,600.0019171000004,1,0.03190119999999297,0.007229804992675781,0.0,0.015305519104003906,0.0,1,0,261020,0.3492063492063492,15607.32026143791,3060.0,154686.0,10000.0,0.26310418356274723,336.0,1,True,D:\git\git\RDMCT-A3C\cie\results\main\cie_main_600s_compact_final_v1\seed3\solutions\cie_core_nominal__cie_core_n024_f006_m018_proc100__hem__solverseed_3__trainseed_1__trainseed_1.sol,,,,D:\git\git\RDMCT-A3C\cie\models\hem\seed_1\itr_60.pkl,13,False,greedy,
cie_core_nominal,dual_source_cluster_tool,8_to_32_wafers_nominal_processing,test,600.0,[],D:\git\git\RDMCT-A3C\cie\data\core\spbs\cie_core_n024_f006_m018_proc100.lp,spbs\cie_core_n024_f006_m018_proc100.lp,cie_core_n024_f006_m018_proc100.lp,rdmct_feature_only,3,1,trainseed_1,auto,2026-07-22T21:32:53,timelimit,600.0,599.9703136000007,1,0.07136510000054841,0.019195079803466797,0.0010020732879638672,0.015218019485473633,0.0,1,0,251721,0.16181657848324515,13001.680452314547,2635.0,152531.0,10000.0,0.0,0.0,4,True,D:\git\git\RDMCT-A3C\cie\results\main\cie_main_600s_compact_final_v1\seed3\solutions\cie_core_nominal__cie_core_n024_f006_m018_proc100__rdmct_feature_only__solverseed_3__trainseed_1__trainseed_1.sol,,,,D:\git\git\RDMCT-A3C\cie\models\feature_only\seed_1\itr_60.pkl,23,False,greedy,
cie_core_nominal,dual_source_cluster_tool,8_to_32_wafers_nominal_processing,test,600.0,[],D:\git\git\RDMCT-A3C\cie\data\core\spbs\cie_core_n024_f006_m018_proc100.lp,spbs\cie_core_n024_f006_m018_proc100.lp,cie_core_n024_f006_m018_proc100.lp,hem_beam,3,1,trainseed_1,auto,2026-07-22T21:42:53,timelimit,600.0,599.9992464000006,1,0.07737919999999576,0.006999492645263672,0.0010006427764892578,0.06696367263793945,0.0,1,0,261694,0.3492063492063492,15607.32026143791,3060.0,154686.0,10000.0,0.26310418356274723,336.0,1,True,D:\git\git\RDMCT-A3C\cie\results\main\cie_main_600s_compact_final_v1\seed3\solutions\cie_core_nominal__cie_core_n024_f006_m018_proc100__hem_beam__solverseed_3__trainseed_1__trainseed_1.sol,,,,D:\git\git\RDMCT-A3C\cie\models\hem\seed_1\itr_60.pkl,13,False,beam_search,
cie_core_nominal,dual_source_cluster_tool,8_to_32_wafers_nominal_processing,test,600.0,[],D:\git\git\RDMCT-A3C\cie\data\core\spbs\cie_core_n024_f006_m018_proc100.lp,spbs\cie_core_n024_f006_m018_proc100.lp,cie_core_n024_f006_m018_proc100.lp,hem_structure,3,1,trainseed_1,auto,2026-07-22T21:52:53,optimal,313.0,313.8214585000005,1,0.020198899999741116,0.009241342544555664,0.0010008811950683594,0.006997823715209961,0.002002716064453125,1,0,152222,0.0,4514.173049518097,2290.0,153496.0,10000.0,0.0,0.0,8,True,D:\git\git\RDMCT-A3C\cie\results\main\cie_main_600s_compact_final_v1\seed3\solutions\cie_core_nominal__cie_core_n024_f006_m018_proc100__hem_structure__solverseed_3__trainseed_1__trainseed_1.sol,,,,D:\git\git\RDMCT-A3C\cie\models\proposed\seed_1\itr_60.pkl,23,True,greedy,
cie_core_nominal,dual_source_cluster_tool,8_to_32_wafers_nominal_processing,test,600.0,[],D:\git\git\RDMCT-A3C\cie\data\core\spbs\cie_core_n024_f012_m012_proc100.lp,spbs\cie_core_n024_f012_m012_proc100.lp,cie_core_n024_f012_m012_proc100.lp,scip_default,3,1,trainseed_1,auto,2026-07-22T21:58:07,timelimit,600.0,600.1198805000004,0,0.0,0.0,0.0,0.0,0.0,0,0,342021,0.19469424460431656,14230.113719638644,2657.0,123541.0,10000.0,0.5793398976707101,0.0,12,True,D:\git\git\RDMCT-A3C\cie\results\main\cie_main_600s_compact_final_v1\seed3\solutions\cie_core_nominal__cie_core_n024_f012_m012_proc100__scip_default__solverseed_3__trainseed_1__trainseed_1.sol,,,,,,False,,
cie_core_nominal,dual_source_cluster_tool,8_to_32_wafers_nominal_processing,test,600.0,[],D:\git\git\RDMCT-A3C\cie\data\core\spbs\cie_core_n024_f012_m012_proc100.lp,spbs\cie_core_n024_f012_m012_proc100.lp,cie_core_n024_f012_m012_proc100.lp,adaptive_cutsel,3,1,trainseed_1,auto,2026-07-22T22:08:07,timelimit,600.0,599.9568689999996,0,0.0,0.0,0.0,0.0,0.0,0,0,343585,0.19469424460431656,14212.047935672908,2657.0,123541.0,10000.0,0.5793398976707101,0.0,12,True,D:\git\git\RDMCT-A3C\cie\results\main\cie_main_600s_compact_final_v1\seed3\solutions\cie_core_nominal__cie_core_n024_f012_m012_proc100__adaptive_cutsel__solverseed_3__trainseed_1__trainseed_1.sol,,"{""dircutoffdistweight"": 0.0, ""efficacyweight"": 0.75, ""intsupportweight"": 0.0, ""objparalweight"": 0.25}",global_default,,,False,,
cie_core_nominal,dual_source_cluster_tool,8_to_32_wafers_nominal_processing,test,600.0,[],D:\git\git\RDMCT-A3C\cie\data\core\spbs\cie_core_n024_f012_m012_proc100.lp,spbs\cie_core_n024_f012_m012_proc100.lp,cie_core_n024_f012_m012_proc100.lp,hem,3,1,trainseed_1,auto,2026-07-22T22:18:07,timelimit,600.0,600.0168092000004,1,0.059350899999117246,0.006999492645263672,0.0010001659393310547,0.015152454376220703,0.0,1,0,199944,0.38828828828828826,16886.112913692406,3082.0,108282.0,9447.0,0.6342177124582453,0.0,1,True,D:\git\git\RDMCT-A3C\cie\results\main\cie_main_600s_compact_final_v1\seed3\solutions\cie_core_nominal__cie_core_n024_f012_m012_proc100__hem__solverseed_3__trainseed_1__trainseed_1.sol,,,,D:\git\git\RDMCT-A3C\cie\models\hem\seed_1\itr_60.pkl,13,False,greedy,
cie_core_nominal,dual_source_cluster_tool,8_to_32_wafers_nominal_processing,test,600.0,[],D:\git\git\RDMCT-A3C\cie\data\core\spbs\cie_core_n024_f012_m012_proc100.lp,spbs\cie_core_n024_f012_m012_proc100.lp,cie_core_n024_f012_m012_proc100.lp,rdmct_feature_only,3,1,trainseed_1,auto,2026-07-22T22:28:07,timelimit,600.0,600.0474904000002,1,0.032087999999930616,0.010286092758178711,0.0029969215393066406,0.017207860946655273,0.0,1,0,238661,0.19469424460431656,14349.612769426552,2657.0,122997.0,10000.0,0.5793398976707101,0.0,8,True,D:\git\git\RDMCT-A3C\cie\results\main\cie_main_600s_compact_final_v1\seed3\solutions\cie_core_nominal__cie_core_n024_f012_m012_proc100__rdmct_feature_only__solverseed_3__trainseed_1__trainseed_1.sol,,,,D:\git\git\RDMCT-A3C\cie\models\feature_only\seed_1\itr_60.pkl,23,False,greedy,
cie_core_nominal,dual_source_cluster_tool,8_to_32_wafers_nominal_processing,test,600.0,[],D:\git\git\RDMCT-A3C\cie\data\core\spbs\cie_core_n024_f012_m012_proc100.lp,spbs\cie_core_n024_f012_m012_proc100.lp,cie_core_n024_f012_m012_proc100.lp,hem_beam,3,1,trainseed_1,auto,2026-07-22T22:38:07,timelimit,600.0,599.9806826000004,1,0.09366619999855175,0.007002115249633789,0.0009996891021728516,0.04932546615600586,0.0,1,0,198158,0.38828828828828826,16887.475665152495,3082.0,108282.0,9447.0,0.6342177124582453,0.0,1,True,D:\git\git\RDMCT-A3C\cie\results\main\cie_main_600s_compact_final_v1\seed3\solutions\cie_core_nominal__cie_core_n024_f012_m012_proc100__hem_beam__solverseed_3__trainseed_1__trainseed_1.sol,,,,D:\git\git\RDMCT-A3C\cie\models\hem\seed_1\itr_60.pkl,13,False,beam_search,
cie_core_nominal,dual_source_cluster_tool,8_to_32_wafers_nominal_processing,test,600.0,[],D:\git\git\RDMCT-A3C\cie\data\core\spbs\cie_core_n024_f012_m012_proc100.lp,spbs\cie_core_n024_f012_m012_proc100.lp,cie_core_n024_f012_m012_proc100.lp,hem_structure,3,1,trainseed_1,auto,2026-07-22T22:48:07,timelimit,600.0,600.0063033000006,1,0.02132990000063728,0.010252714157104492,0.0,0.007000446319580078,0.0010008811950683594,1,0,216194,0.3857913669064748,16785.431537962362,3082.0,108282.0,9447.0,0.6342177124582453,0.0,1,True,D:\git\git\RDMCT-A3C\cie\results\main\cie_main_600s_compact_final_v1\seed3\solutions\cie_core_nominal__cie_core_n024_f012_m012_proc100__hem_structure__solverseed_3__trainseed_1__trainseed_1.sol,,,,D:\git\git\RDMCT-A3C\cie\models\proposed\seed_1\itr_60.pkl,23,True,greedy,
cie_core_nominal,dual_source_cluster_tool,8_to_32_wafers_nominal_processing,test,600.0,[],D:\git\git\RDMCT-A3C\cie\data\core\spbs\cie_core_n024_f012_m012_proc100.lp,spbs\cie_core_n024_f012_m012_proc100.lp,cie_core_n024_f012_m012_proc100.lp,proposed,3,1,trainseed_1,auto,2026-07-22T22:58:07,timelimit,600.0,600.005324400001,1,0.07376840000142693,0.010001182556152344,0.0009987354278564453,0.025392770767211914,0.002000570297241211,1,0,214334,0.3857913669064748,16785.561323815702,3082.0,108282.0,9447.0,0.6342177124582453,0.0,1,True,D:\git\git\RDMCT-A3C\cie\results\main\cie_main_600s_compact_final_v1\seed3\solutions\cie_core_nominal__cie_core_n024_f012_m012_proc100__proposed__solverseed_3__trainseed_1__trainseed_1.sol,,,,D:\git\git\RDMCT-A3C\cie\models\proposed\seed_1\itr_60.pkl,23,True,beam_search,
cie_core_nominal,dual_source_cluster_tool,8_to_32_wafers_nominal_processing,test,600.0,[],D:\git\git\RDMCT-A3C\cie\data\core\spbs\cie_core_n024_f018_m006_proc100.lp,spbs\cie_core_n024_f018_m006_proc100.lp,cie_core_n024_f018_m006_proc100.lp,adaptive_cutsel,3,1,trainseed_1,auto,2026-07-22T23:08:07,timelimit,600.0,600.2901497000003,0,0.0,0.0,0.0,0.0,0.0,0,0,171064,0.24644128113879013,12605.451318359404,2801.999999999999,106386.82976885838,10000.0,0.5090282285379374,314.0000000000009,4,True,D:\git\git\RDMCT-A3C\cie\results\main\cie_main_600s_compact_final_v1\seed3\solutions\cie_core_nominal__cie_core_n024_f018_m006_proc100__adaptive_cutsel__solverseed_3__trainseed_1__trainseed_1.sol,,"{""dircutoffdistweight"": 0.0, ""efficacyweight"": 0.75, ""intsupportweight"": 0.0, ""objparalweight"": 0.25}",global_default,,,False,,
cie_core_nominal,dual_source_cluster_tool,8_to_32_wafers_nominal_processing,test,600.0,[],D:\git\git\RDMCT-A3C\cie\data\core\spbs\cie_core_n024_f018_m006_proc100.lp,spbs\cie_core_n024_f018_m006_proc100.lp,cie_core_n024_f018_m006_proc100.lp,hem,3,1,trainseed_1,auto,2026-07-22T23:18:07,timelimit,600.0,599.5874597999991,1,0.05205500000010943,0.014999628067016602,0.002170562744140625,0.03175234794616699,0.0009999275207519531,1,0,256405,0.11675579322638151,8434.302625299953,2505.999999999999,104909.82976885838,10000.0,0.3677198516897856,170.0000000000009,5,True,D:\git\git\RDMCT-A3C\cie\results\main\cie_main_600s_compact_final_v1\seed3\solutions\cie_core_nominal__cie_core_n024_f018_m006_proc100__hem__solverseed_3__trainseed_1__trainseed_1.sol,,,,D:\git\git\RDMCT-A3C\cie\models\hem\seed_1\itr_60.pkl,13,False,greedy,
cie_core_nominal,dual_source_cluster_tool,8_to_32_wafers_nominal_processing,test,600.0,[],D:\git\git\RDMCT-A3C\cie\data\core\spbs\cie_core_n024_f018_m006_proc100.lp,spbs\cie_core_n024_f018_m006_proc100.lp,cie_core_n024_f018_m006_proc100.lp,rdmct_feature_only,3,1,trainseed_1,auto,2026-07-22T23:28:07,timelimit,600.0,599.9283291000011,1,0.046029099999941536,0.01900005340576172,0.00099945068359375,0.0233001708984375,0.0,1,0,165817,0.009786476868327001,9624.642464815704,2269.999999999998,104863.82976885837,10000.0,0.266417581723821,66.0,18,True,D:\git\git\RDMCT-A3C\cie\results\main\cie_main_600s_compact_final_v1\seed3\solutions\cie_core_nominal__cie_core_n024_f018_m006_proc100__rdmct_feature_only__solverseed_3__trainseed_1__trainseed_1.sol,,,,D:\git\git\RDMCT-A3C\cie\models\feature_only\seed_1\itr_60.pkl,23,False,greedy,
cie_core_nominal,dual_source_cluster_tool,8_to_32_wafers_nominal_processing,test,600.0,[],D:\git\git\RDMCT-A3C\cie\data\core\spbs\cie_core_n024_f018_m006_proc100.lp,spbs\cie_core_n024_f018_m006_proc100.lp,cie_core_n024_f018_m006_proc100.lp,hem_beam,3,1,trainseed_1,auto,2026-07-22T23:38:07,timelimit,600.0,600.087827899999,1,0.4700086000011652,0.4231758117675781,0.0,0.044207096099853516,0.0,1,0,257346,0.11675579322638151,8342.981858568475,2505.999999999999,104909.82976885838,10000.0,0.3677198516897856,170.0000000000009,5,True,D:\git\git\RDMCT-A3C\cie\results\main\cie_main_600s_compact_final_v1\seed3\solutions\cie_core_nominal__cie_core_n024_f018_m006_proc100__hem_beam__solverseed_3__trainseed_1__trainseed_1.sol,,,,D:\git\git\RDMCT-A3C\cie\models\hem\seed_1\itr_60.pkl,13,False,beam_search,
cie_core_nominal,dual_source_cluster_tool,8_to_32_wafers_nominal_processing,test,600.0,[],D:\git\git\RDMCT-A3C\cie\data\core\spbs\cie_core_n024_f018_m006_proc100.lp,spbs\cie_core_n024_f018_m006_proc100.lp,cie_core_n024_f018_m006_proc100.lp,hem_structure,3,1,trainseed_1,auto,2026-07-22T23:48:07,optimal,415.0,415.2611794999975,1,0.03262449999965611,0.017102479934692383,0.0030002593994140625,0.00700068473815918,0.0029997825622558594,1,0,108793,0.0,10220.570204671174,2269.9999999999973,104657.82976885836,10000.0,0.26641758172382046,66.00000000000091,11,True,D:\git\git\RDMCT-A3C\cie\results\main\cie_main_600s_compact_final_v1\seed3\solutions\cie_core_nominal__cie_core_n024_f018_m006_proc100__hem_structure__solverseed_3__trainseed_1__trainseed_1.sol,,,,D:\git\git\RDMCT-A3C\cie\models\proposed\seed_1\itr_60.pkl,23,True,greedy,
cie_core_nominal,dual_source_cluster_tool,8_to_32_wafers_nominal_processing,test,600.0,[],D:\git\git\RDMCT-A3C\cie\data\core\spbs\cie_core_n024_f018_m006_proc100.lp,spbs\cie_core_n024_f018_m006_proc100.lp,cie_core_n024_f018_m006_proc100.lp,proposed,3,1,trainseed_1,auto,2026-07-22T23:55:02,optimal,420.0,419.7953125999993,1,0.03690429999915068,0.01800084114074707,0.0009989738464355469,0.013002395629882812,0.001999378204345703,1,0,108793,0.0,10439.248765182983,2269.9999999999973,104657.82976885836,10000.0,0.26641758172382046,66.00000000000091,11,True,D:\git\git\RDMCT-A3C\cie\results\main\cie_main_600s_compact_final_v1\seed3\solutions\cie_core_nominal__cie_core_n024_f018_m006_proc100__proposed__solverseed_3__trainseed_1__trainseed_1.sol,,,,D:\git\git\RDMCT-A3C\cie\models\proposed\seed_1\itr_60.pkl,23,True,beam_search,
cie_core_nominal,dual_source_cluster_tool,8_to_32_wafers_nominal_processing,test,600.0,[],D:\git\git\RDMCT-A3C\cie\data\core\spbs\cie_core_n024_f018_m006_proc100.lp,spbs\cie_core_n024_f018_m006_proc100.lp,cie_core_n024_f018_m006_proc100.lp,scip_default,3,1,trainseed_1,auto,2026-07-23T00:02:02,timelimit,600.0,599.9786041999978,0,0.0,0.0,0.0,0.0,0.0,0,0,150621,0.24644128113879013,12924.68943660946,2801.999999999999,106386.82976885838,10000.0,0.5090282285379374,314.0000000000009,4,True,D:\git\git\RDMCT-A3C\cie\results\main\cie_main_600s_compact_final_v1\seed3\solutions\cie_core_nominal__cie_core_n024_f018_m006_proc100__scip_default__solverseed_3__trainseed_1__trainseed_1.sol,,,,,,False,,
cie_core_nominal,dual_source_cluster_tool,8_to_32_wafers_nominal_processing,test,600.0,[],D:\git\git\RDMCT-A3C\cie\data\core\spbs\cie_core_n032_f000_m032_proc100.lp,spbs\cie_core_n032_f000_m032_proc100.lp,cie_core_n032_f000_m032_proc100.lp,hem,3,1,trainseed_1,auto,2026-07-23T00:12:02,optimal,355.0,355.5143659000023,1,0.08091159999821684,0.025097131729125977,0.0,0.020383358001708984,0.0,1,0,170534,0.0,4043.8332462697094,2592.0,200904.0,10000.0,0.0,0.0,7,True,D:\git\git\RDMCT-A3C\cie\results\main\cie_main_600s_compact_final_v1\seed3\solutions\cie_core_nominal__cie_core_n032_f000_m032_proc100__hem__solverseed_3__trainseed_1__trainseed_1.sol,,,,D:\git\git\RDMCT-A3C\cie\models\hem\seed_1\itr_60.pkl,13,False,greedy,
cie_core_nominal,dual_source_cluster_tool,8_to_32_wafers_nominal_processing,test,600.0,[],D:\git\git\RDMCT-A3C\cie\data\core\spbs\cie_core_n032_f000_m032_proc100.lp,spbs\cie_core_n032_f000_m032_proc100.lp,cie_core_n032_f000_m032_proc100.lp,rdmct_feature_only,3,1,trainseed_1,auto,2026-07-23T00:17:57,timelimit,600.0,599.4026991999999,1,0.07269490000180667,0.016425132751464844,0.0,0.020996570587158203,0.0,1,0,248686,0.04861111111111111,6683.6633783061325,2718.0,203890.0,10000.0,0.1692239066562649,274.0,5,True,D:\git\git\RDMCT-A3C\cie\results\main\cie_main_600s_compact_final_v1\seed3\solutions\cie_core_nominal__cie_core_n032_f000_m032_proc100__rdmct_feature_only__solverseed_3__trainseed_1__trainseed_1.sol,,,,D:\git\git\RDMCT-A3C\cie\models\feature_only\seed_1\itr_60.pkl,23,False,greedy,
cie_core_nominal,dual_source_cluster_tool,8_to_32_wafers_nominal_processing,test,600.0,[],D:\git\git\RDMCT-A3C\cie\data\core\spbs\cie_core_n032_f000_m032_proc100.lp,spbs\cie_core_n032_f000_m032_proc100.lp,cie_core_n032_f000_m032_proc100.lp,hem_beam,3,1,trainseed_1,auto,2026-07-23T00:27:57,optimal,368.0,368.28889210000125,1,0.05461509999804548,0.01199960708618164,0.0010001659393310547,0.03950309753417969,0.0,1,0,170534,0.0,4093.079533717137,2592.0,200904.0,10000.0,0.0,0.0,7,True,D:\git\git\RDMCT-A3C\cie\results\main\cie_main_600s_compact_final_v1\seed3\solutions\cie_core_nominal__cie_core_n032_f000_m032_proc100__hem_beam__solverseed_3__trainseed_1__trainseed_1.sol,,,,D:\git\git\RDMCT-A3C\cie\models\hem\seed_1\itr_60.pkl,13,False,beam_search,
cie_core_nominal,dual_source_cluster_tool,8_to_32_wafers_nominal_processing,test,600.0,[],D:\git\git\RDMCT-A3C\cie\data\core\spbs\cie_core_n032_f000_m032_proc100.lp,spbs\cie_core_n032_f000_m032_proc100.lp,cie_core_n032_f000_m032_proc100.lp,hem_structure,3,1,trainseed_1,auto,2026-07-23T00:34:05,optimal,459.0,459.3104582999986,1,0.06404480000128387,0.017000436782836914,0.0,0.00915217399597168,0.0029997825622558594,1,0,185598,0.0,5037.827663652427,2592.0,202930.0,10000.0,0.014777899141282438,18.0,5,True,D:\git\git\RDMCT-A3C\cie\results\main\cie_main_600s_compact_final_v1\seed3\solutions\cie_core_nominal__cie_core_n032_f000_m032_proc100__hem_structure__solverseed_3__trainseed_1__trainseed_1.sol,,,,D:\git\git\RDMCT-A3C\cie\models\proposed\seed_1\itr_60.pkl,23,True,greedy,
cie_core_nominal,dual_source_cluster_tool,8_to_32_wafers_nominal_processing,test,600.0,[],D:\git\git\RDMCT-A3C\cie\data\core\spbs\cie_core_n032_f000_m032_proc100.lp,spbs\cie_core_n032_f000_m032_proc100.lp,cie_core_n032_f000_m032_proc100.lp,proposed,3,1,trainseed_1,auto,2026-07-23T00:41:44,optimal,450.0,449.876329499999,1,0.08168950000253972,0.02746105194091797,0.0010004043579101562,0.015403270721435547,0.0019996166229248047,1,0,185598,0.0,4940.995707729562,2592.0,202930.0,10000.0,0.014777899141282438,18.0,5,True,D:\git\git\RDMCT-A3C\cie\results\main\cie_main_600s_compact_final_v1\seed3\solutions\cie_core_nominal__cie_core_n032_f000_m032_proc100__proposed__solverseed_3__trainseed_1__trainseed_1.sol,,,,D:\git\git\RDMCT-A3C\cie\models\proposed\seed_1\itr_60.pkl,23,True,beam_search,
cie_core_nominal,dual_source_cluster_tool,8_to_32_wafers_nominal_processing,test,600.0,[],D:\git\git\RDMCT-A3C\cie\data\core\spbs\cie_core_n032_f000_m032_proc100.lp,spbs\cie_core_n032_f000_m032_proc100.lp,cie_core_n032_f000_m032_proc100.lp,scip_default,3,1,trainseed_1,auto,2026-07-23T00:49:14,optimal,352.0,351.7229155000023,0,0.0,0.0,0.0,0.0,0.0,0,0,110678,0.0,4391.410935756881,2592.0,201420.0,10000.0,0.013110979506457064,10.0,8,True,D:\git\git\RDMCT-A3C\cie\results\main\cie_main_600s_compact_final_v1\seed3\solutions\cie_core_nominal__cie_core_n032_f000_m032_proc100__scip_default__solverseed_3__trainseed_1__trainseed_1.sol,,,,,,False,,
cie_core_nominal,dual_source_cluster_tool,8_to_32_wafers_nominal_processing,test,600.0,[],D:\git\git\RDMCT-A3C\cie\data\core\spbs\cie_core_n032_f000_m032_proc100.lp,spbs\cie_core_n032_f000_m032_proc100.lp,cie_core_n032_f000_m032_proc100.lp,adaptive_cutsel,3,1,trainseed_1,auto,2026-07-23T00:55:06,timelimit,600.0,599.7571548000014,0,0.0,0.0,0.0,0.0,0.0,0,0,305655,0.06790123456790123,4926.978499879206,2768.0,202062.0,10000.0,0.21274009370508812,368.0,4,True,D:\git\git\RDMCT-A3C\cie\results\main\cie_main_600s_compact_final_v1\seed3\solutions\cie_core_nominal__cie_core_n032_f000_m032_proc100__adaptive_cutsel__solverseed_3__trainseed_1__trainseed_1.sol,,"{""dircutoffdistweight"": 0.0, ""efficacyweight"": 0.75, ""intsupportweight"": 0.0, ""objparalweight"": 0.25}",global_default,,,False,,
cie_core_nominal,dual_source_cluster_tool,8_to_32_wafers_nominal_processing,test,600.0,[],D:\git\git\RDMCT-A3C\cie\data\core\spbs\cie_core_n032_f008_m024_proc100.lp,spbs\cie_core_n032_f008_m024_proc100.lp,cie_core_n032_f008_m024_proc100.lp,rdmct_feature_only,3,1,trainseed_1,auto,2026-07-23T01:05:06,timelimit,600.0,600.0607557000003,1,0.07298910000099568,0.01521921157836914,0.0010013580322265625,0.021155357360839844,0.0,1,0,114112,0.10692307692307693,6080.4330579021,2878.0,183540.0,10000.0,0.0059975131832828215,4.0,6,True,D:\git\git\RDMCT-A3C\cie\results\main\cie_main_600s_compact_final_v1\seed3\solutions\cie_core_nominal__cie_core_n032_f008_m024_proc100__rdmct_feature_only__solverseed_3__trainseed_1__trainseed_1.sol,,,,D:\git\git\RDMCT-A3C\cie\models\feature_only\seed_1\itr_60.pkl,23,False,greedy,
cie_core_nominal,dual_source_cluster_tool,8_to_32_wafers_nominal_processing,test,600.0,[],D:\git\git\RDMCT-A3C\cie\data\core\spbs\cie_core_n032_f008_m024_proc100.lp,spbs\cie_core_n032_f008_m024_proc100.lp,cie_core_n032_f008_m024_proc100.lp,hem_beam,3,1,trainseed_1,auto,2026-07-23T01:15:06,timelimit,600.0,599.9083514000013,1,0.09848649999912595,0.024448394775390625,0.0,0.03740072250366211,0.0,1,0,181911,0.008448540706605223,5423.646875946305,2626.0,181776.0,10000.0,0.06191032941996747,42.0,12,True,D:\git\git\RDMCT-A3C\cie\results\main\cie_main_600s_compact_final_v1\seed3\solutions\cie_core_nominal__cie_core_n032_f008_m024_proc100__hem_beam__solverseed_3__trainseed_1__trainseed_1.sol,,,,D:\git\git\RDMCT-A3C\cie\models\hem\seed_1\itr_60.pkl,13,False,beam_search,
cie_core_nominal,dual_source_cluster_tool,8_to_32_wafers_nominal_processing,test,600.0,[],D:\git\git\RDMCT-A3C\cie\data\core\spbs\cie_core_n032_f008_m024_proc100.lp,spbs\cie_core_n032_f008_m024_proc100.lp,cie_core_n032_f008_m024_proc100.lp,hem_structure,3,1,trainseed_1,auto,2026-07-23T01:25:06,timelimit,600.0,600.0718680000027,1,0.06326970000009169,0.016153335571289062,0.0,0.009091377258300781,0.002999544143676758,1,0,143198,0.10522273425499232,6804.627392471275,2878.0,183428.0,10000.0,0.06624417024677896,90.0,2,True,D:\git\git\RDMCT-A3C\cie\results\main\cie_main_600s_compact_final_v1\seed3\solutions\cie_core_nominal__cie_core_n032_f008_m024_proc100__hem_structure__solverseed_3__trainseed_1__trainseed_1.sol,,,,D:\git\git\RDMCT-A3C\cie\models\proposed\seed_1\itr_60.pkl,23,True,greedy,
cie_core_nominal,dual_source_cluster_tool,8_to_32_wafers_nominal_processing,test,600.0,[],D:\git\git\RDMCT-A3C\cie\data\core\spbs\cie_core_n032_f008_m024_proc100.lp,spbs\cie_core_n032_f008_m024_proc100.lp,cie_core_n032_f008_m024_proc100.lp,proposed,3,1,trainseed_1,auto,2026-07-23T01:35:06,timelimit,600.0,599.9983665,1,0.11125759999777074,0.01718425750732422,0.0,0.017412900924682617,0.0031900405883789062,1,0,141771,0.10522273425499232,6718.099558396792,2878.0,183428.0,10000.0,0.06624417024677896,90.0,2,True,D:\git\git\RDMCT-A3C\cie\results\main\cie_main_600s_compact_final_v1\seed3\solutions\cie_core_nominal__cie_core_n032_f008_m024_proc100__proposed__solverseed_3__trainseed_1__trainseed_1.sol,,,,D:\git\git\RDMCT-A3C\cie\models\proposed\seed_1\itr_60.pkl,23,True,beam_search,
cie_core_nominal,dual_source_cluster_tool,8_to_32_wafers_nominal_processing,test,600.0,[],D:\git\git\RDMCT-A3C\cie\data\core\spbs\cie_core_n032_f008_m024_proc100.lp,spbs\cie_core_n032_f008_m024_proc100.lp,cie_core_n032_f008_m024_proc100.lp,scip_default,3,1,trainseed_1,auto,2026-07-23T01:45:06,timelimit,600.0,599.9466995000002,0,0.0,0.0,0.0,0.0,0.0,0,0,157415,0.008448540706605223,5718.023676291892,2626.0,182300.0,10000.0,0.06191032941996747,42.0,10,True,D:\git\git\RDMCT-A3C\cie\results\main\cie_main_600s_compact_final_v1\seed3\solutions\cie_core_nominal__cie_core_n032_f008_m024_proc100__scip_default__solverseed_3__trainseed_1__trainseed_1.sol,,,,,,False,,
cie_core_nominal,dual_source_cluster_tool,8_to_32_wafers_nominal_processing,test,600.0,[],D:\git\git\RDMCT-A3C\cie\data\core\spbs\cie_core_n032_f008_m024_proc100.lp,spbs\cie_core_n032_f008_m024_proc100.lp,cie_core_n032_f008_m024_proc100.lp,adaptive_cutsel,3,1,trainseed_1,auto,2026-07-23T01:55:06,timelimit,600.0,600.0314765000003,0,0.0,0.0,0.0,0.0,0.0,0,0,149784,0.1767870868562644,9159.568909209665,3062.0,165905.0,10000.0,0.192432155071815,272.0,1,True,D:\git\git\RDMCT-A3C\cie\results\main\cie_main_600s_compact_final_v1\seed3\solutions\cie_core_nominal__cie_core_n032_f008_m024_proc100__adaptive_cutsel__solverseed_3__trainseed_1__trainseed_1.sol,,"{""dircutoffdistweight"": 0.0, ""efficacyweight"": 0.75, ""intsupportweight"": 0.0, ""objparalweight"": 0.25}",global_default,,,False,,
cie_core_nominal,dual_source_cluster_tool,8_to_32_wafers_nominal_processing,test,600.0,[],D:\git\git\RDMCT-A3C\cie\data\core\spbs\cie_core_n032_f008_m024_proc100.lp,spbs\cie_core_n032_f008_m024_proc100.lp,cie_core_n032_f008_m024_proc100.lp,hem,3,1,trainseed_1,auto,2026-07-23T02:05:06,timelimit,600.0,599.8946504999985,1,0.07266489999892656,0.01253509521484375,0.0029571056365966797,0.020544767379760742,0.0,1,0,176462,0.008448540706605223,5510.613103974465,2626.0,181776.0,10000.0,0.06191032941996747,42.0,12,True,D:\git\git\RDMCT-A3C\cie\results\main\cie_main_600s_compact_final_v1\seed3\solutions\cie_core_nominal__cie_core_n032_f008_m024_proc100__hem__solverseed_3__trainseed_1__trainseed_1.sol,,,,D:\git\git\RDMCT-A3C\cie\models\hem\seed_1\itr_60.pkl,13,False,greedy,
cie_core_nominal,dual_source_cluster_tool,8_to_32_wafers_nominal_processing,test,600.0,[],D:\git\git\RDMCT-A3C\cie\data\core\spbs\cie_core_n032_f016_m016_proc100.lp,spbs\cie_core_n032_f016_m016_proc100.lp,cie_core_n032_f016_m016_proc100.lp,hem_beam,3,1,trainseed_1,auto,2026-07-23T02:15:06,timelimit,600.0,600.0829713999992,1,0.10401640000054613,0.017826557159423828,0.0,0.044097185134887695,0.0,1,0,58530,3.0518638573743924,45752.119999999995,10000.0,192542.0,10000.0,0.7103546114337526,6.0,1,True,D:\git\git\RDMCT-A3C\cie\results\main\cie_main_600s_compact_final_v1\seed3\solutions\cie_core_nominal__cie_core_n032_f016_m016_proc100__hem_beam__solverseed_3__trainseed_1__trainseed_1.sol,,,,D:\git\git\RDMCT-A3C\cie\models\hem\seed_1\itr_60.pkl,13,False,beam_search,
cie_core_nominal,dual_source_cluster_tool,8_to_32_wafers_nominal_processing,test,600.0,[],D:\git\git\RDMCT-A3C\cie\data\core\spbs\cie_core_n032_f016_m016_proc100.lp,spbs\cie_core_n032_f016_m016_proc100.lp,cie_core_n032_f016_m016_proc100.lp,hem_structure,3,1,trainseed_1,auto,2026-07-23T02:25:06,timelimit,600.0,599.998212100003,1,0.10408929999903194,0.03765082359313965,0.0009999275207519531,0.021091222763061523,0.003135204315185547,1,0,55739,3.037141703673799,45715.018062812465,10000.0,192542.0,10000.0,0.7103546114337526,6.0,1,True,D:\git\git\RDMCT-A3C\cie\results\main\cie_main_600s_compact_final_v1\seed3\solutions\cie_core_nominal__cie_core_n032_f016_m016_proc100__hem_structure__solverseed_3__trainseed_1__trainseed_1.sol,,,,D:\git\git\RDMCT-A3C\cie\models\proposed\seed_1\itr_60.pkl,23,True,greedy,
cie_core_nominal,dual_source_cluster_tool,8_to_32_wafers_nominal_processing,test,600.0,[],D:\git\git\RDMCT-A3C\cie\data\core\spbs\cie_core_n032_f016_m016_proc100.lp,spbs\cie_core_n032_f016_m016_proc100.lp,cie_core_n032_f016_m016_proc100.lp,proposed,3,1,trainseed_1,auto,2026-07-23T02:35:06,timelimit,600.0,600.0047209999975,1,0.0843550999998115,0.03049635887145996,0.0,0.04282116889953613,0.002003192901611328,1,0,56116,3.037141703673799,45717.558062812466,10000.0,192542.0,10000.0,0.7103546114337526,6.0,1,True,D:\git\git\RDMCT-A3C\cie\results\main\cie_main_600s_compact_final_v1\seed3\solutions\cie_core_nominal__cie_core_n032_f016_m016_proc100__proposed__solverseed_3__trainseed_1__trainseed_1.sol,,,,D:\git\git\RDMCT-A3C\cie\models\proposed\seed_1\itr_60.pkl,23,True,beam_search,
cie_core_nominal,dual_source_cluster_tool,8_to_32_wafers_nominal_processing,test,600.0,[],D:\git\git\RDMCT-A3C\cie\data\core\spbs\cie_core_n032_f016_m016_proc100.lp,spbs\cie_core_n032_f016_m016_proc100.lp,cie_core_n032_f016_m016_proc100.lp,scip_default,3,1,trainseed_1,auto,2026-07-23T02:45:06,timelimit,600.0,600.0015026000001,0,0.0,0.0,0.0,0.0,0.0,0,0,42026,3.038772213247173,45615.75664452989,10000.0,192542.0,10000.0,0.7103546114337526,6.0,1,True,D:\git\git\RDMCT-A3C\cie\results\main\cie_main_600s_compact_final_v1\seed3\solutions\cie_core_nominal__cie_core_n032_f016_m016_proc100__scip_default__solverseed_3__trainseed_1__trainseed_1.sol,,,,,,False,,
cie_core_nominal,dual_source_cluster_tool,8_to_32_wafers_nominal_processing,test,600.0,[],D:\git\git\RDMCT-A3C\cie\data\core\spbs\cie_core_n032_f016_m016_proc100.lp,spbs\cie_core_n032_f016_m016_proc100.lp,cie_core_n032_f016_m016_proc100.lp,adaptive_cutsel,3,1,trainseed_1,auto,2026-07-23T02:55:06,timelimit,600.0,600.0609077000008,0,0.0,0.0,0.0,0.0,0.0,0,0,47357,3.035512510088781,45533.329999999994,10000.0,192542.0,10000.0,0.7103546114337526,6.0,1,True,D:\git\git\RDMCT-A3C\cie\results\main\cie_main_600s_compact_final_v1\seed3\solutions\cie_core_nominal__cie_core_n032_f016_m016_proc100__adaptive_cutsel__solverseed_3__trainseed_1__trainseed_1.sol,,"{""dircutoffdistweight"": 0.0, ""efficacyweight"": 0.75, ""intsupportweight"": 0.0, ""objparalweight"": 0.25}",global_default,,,False,,
cie_core_nominal,dual_source_cluster_tool,8_to_32_wafers_nominal_processing,test,600.0,[],D:\git\git\RDMCT-A3C\cie\data\core\spbs\cie_core_n032_f016_m016_proc100.lp,spbs\cie_core_n032_f016_m016_proc100.lp,cie_core_n032_f016_m016_proc100.lp,hem,3,1,trainseed_1,auto,2026-07-23T03:05:06,timelimit,600.0,599.9483643999993,1,0.09264099999927566,0.02629542350769043,0.004000663757324219,0.02029132843017578,0.0,1,0,60155,3.0518638573743924,45725.92,10000.0,192542.0,10000.0,0.7103546114337526,6.0,1,True,D:\git\git\RDMCT-A3C\cie\results\main\cie_main_600s_compact_final_v1\seed3\solutions\cie_core_nominal__cie_core_n032_f016_m016_proc100__hem__solverseed_3__trainseed_1__trainseed_1.sol,,,,D:\git\git\RDMCT-A3C\cie\models\hem\seed_1\itr_60.pkl,13,False,greedy,
cie_core_nominal,dual_source_cluster_tool,8_to_32_wafers_nominal_processing,test,600.0,[],D:\git\git\RDMCT-A3C\cie\data\core\spbs\cie_core_n032_f016_m016_proc100.lp,spbs\cie_core_n032_f016_m016_proc100.lp,cie_core_n032_f016_m016_proc100.lp,rdmct_feature_only,3,1,trainseed_1,auto,2026-07-23T03:15:06,timelimit,600.0,599.9757720999987,1,0.06294899999920744,0.032311201095581055,0.0,0.021858692169189453,0.0,1,0,58920,3.163197335553705,46038.92581918312,10000.0,192542.0,10000.0,0.7103546114337526,6.0,1,True,D:\git\git\RDMCT-A3C\cie\results\main\cie_main_600s_compact_final_v1\seed3\solutions\cie_core_nominal__cie_core_n032_f016_m016_proc100__rdmct_feature_only__solverseed_3__trainseed_1__trainseed_1.sol,,,,D:\git\git\RDMCT-A3C\cie\models\feature_only\seed_1\itr_60.pkl,23,False,greedy,
cie_core_nominal,dual_source_cluster_tool,8_to_32_wafers_nominal_processing,test,600.0,[],D:\git\git\RDMCT-A3C\cie\data\core\spbs\cie_core_n032_f024_m008_proc100.lp,spbs\cie_core_n032_f024_m008_proc100.lp,cie_core_n032_f024_m008_proc100.lp,hem_structure,3,1,trainseed_1,auto,2026-07-23T03:25:06,timelimit,600.0,600.0156591999985,1,0.07061830000020564,0.02262115478515625,0.0010013580322265625,0.007999897003173828,0.0019991397857666016,1,0,44628,0.6200245783139484,24095.32964881991,3959.34006939929,142645.95834699017,10000.0,0.6570863853867019,369.5226088123127,1,True,D:\git\git\RDMCT-A3C\cie\results\main\cie_main_600s_compact_final_v1\seed3\solutions\cie_core_nominal__cie_core_n032_f024_m008_proc100__hem_structure__solverseed_3__trainseed_1__trainseed_1.sol,,,,D:\git\git\RDMCT-A3C\cie\models\proposed\seed_1\itr_60.pkl,23,True,greedy,
cie_core_nominal,dual_source_cluster_tool,8_to_32_wafers_nominal_processing,test,600.0,[],D:\git\git\RDMCT-A3C\cie\data\core\spbs\cie_core_n032_f024_m008_proc100.lp,spbs\cie_core_n032_f024_m008_proc100.lp,cie_core_n032_f024_m008_proc100.lp,proposed,3,1,trainseed_1,auto,2026-07-23T03:35:06,timelimit,600.0,599.9893502000014,1,0.07840519999808748,0.02333211898803711,0.0,0.017117738723754883,0.002000093460083008,1,0,44821,0.6200245783139484,24093.71321782691,3959.34006939929,142645.95834699017,10000.0,0.6570863853867019,369.5226088123127,1,True,D:\git\git\RDMCT-A3C\cie\results\main\cie_main_600s_compact_final_v1\seed3\solutions\cie_core_nominal__cie_core_n032_f024_m008_proc100__proposed__solverseed_3__trainseed_1__trainseed_1.sol,,,,D:\git\git\RDMCT-A3C\cie\models\proposed\seed_1\itr_60.pkl,23,True,beam_search,
cie_core_nominal,dual_source_cluster_tool,8_to_32_wafers_nominal_processing,test,600.0,[],D:\git\git\RDMCT-A3C\cie\data\core\spbs\cie_core_n032_f024_m008_proc100.lp,spbs\cie_core_n032_f024_m008_proc100.lp,cie_core_n032_f024_m008_proc100.lp,scip_default,3,1,trainseed_1,auto,2026-07-23T03:45:06,timelimit,600.0,600.0327730999998,0,0.0,0.0,0.0,0.0,0.0,0,0,53824,0.576170409792711,22990.322267965203,3959.34006939929,142645.95834699017,10000.0,0.6570863853867019,369.5226088123127,1,True,D:\git\git\RDMCT-A3C\cie\results\main\cie_main_600s_compact_final_v1\seed3\solutions\cie_core_nominal__cie_core_n032_f024_m008_proc100__scip_default__solverseed_3__trainseed_1__trainseed_1.sol,,,,,,False,,
cie_core_nominal,dual_source_cluster_tool,8_to_32_wafers_nominal_processing,test,600.0,[],D:\git\git\RDMCT-A3C\cie\data\core\spbs\cie_core_n032_f024_m008_proc100.lp,spbs\cie_core_n032_f024_m008_proc100.lp,cie_core_n032_f024_m008_proc100.lp,adaptive_cutsel,3,1,trainseed_1,auto,2026-07-23T03:55:06,timelimit,600.0,600.0183935999994,0,0.0,0.0,0.0,0.0,0.0,0,0,53091,0.576170409792711,23059.27315251032,3959.34006939929,142645.95834699017,10000.0,0.6570863853867019,369.5226088123127,1,True,D:\git\git\RDMCT-A3C\cie\results\main\cie_main_600s_compact_final_v1\seed3\solutions\cie_core_nominal__cie_core_n032_f024_m008_proc100__adaptive_cutsel__solverseed_3__trainseed_1__trainseed_1.sol,,"{""dircutoffdistweight"": 0.0, ""efficacyweight"": 0.75, ""intsupportweight"": 0.0, ""objparalweight"": 0.25}",global_default,,,False,,
cie_core_nominal,dual_source_cluster_tool,8_to_32_wafers_nominal_processing,test,600.0,[],D:\git\git\RDMCT-A3C\cie\data\core\spbs\cie_core_n032_f024_m008_proc100.lp,spbs\cie_core_n032_f024_m008_proc100.lp,cie_core_n032_f024_m008_proc100.lp,hem,3,1,trainseed_1,auto,2026-07-23T04:05:06,timelimit,600.0,599.9522428000018,1,0.11763849999988452,0.018568038940429688,0.0,0.020157337188720703,0.0,1,0,56377,0.5755432031035773,23290.725865320368,3959.34006939929,142645.95834699017,10000.0,0.6570863853867019,369.5226088123127,1,True,D:\git\git\RDMCT-A3C\cie\results\main\cie_main_600s_compact_final_v1\seed3\solutions\cie_core_nominal__cie_core_n032_f024_m008_proc100__hem__solverseed_3__trainseed_1__trainseed_1.sol,,,,D:\git\git\RDMCT-A3C\cie\models\hem\seed_1\itr_60.pkl,13,False,greedy,
cie_core_nominal,dual_source_cluster_tool,8_to_32_wafers_nominal_processing,test,600.0,[],D:\git\git\RDMCT-A3C\cie\data\core\spbs\cie_core_n032_f024_m008_proc100.lp,spbs\cie_core_n032_f024_m008_proc100.lp,cie_core_n032_f024_m008_proc100.lp,rdmct_feature_only,3,1,trainseed_1,auto,2026-07-23T04:15:06,timelimit,600.0,600.0380246999994,1,0.07951519999915035,0.023303508758544922,0.0010004043579101562,0.01909160614013672,0.0,1,0,51690,0.5856387943128915,23511.46972280181,3959.34006939929,142645.95834699017,10000.0,0.6570863853867019,369.5226088123127,1,True,D:\git\git\RDMCT-A3C\cie\results\main\cie_main_600s_compact_final_v1\seed3\solutions\cie_core_nominal__cie_core_n032_f024_m008_proc100__rdmct_feature_only__solverseed_3__trainseed_1__trainseed_1.sol,,,,D:\git\git\RDMCT-A3C\cie\models\feature_only\seed_1\itr_60.pkl,23,False,greedy,
cie_core_nominal,dual_source_cluster_tool,8_to_32_wafers_nominal_processing,test,600.0,[],D:\git\git\RDMCT-A3C\cie\data\core\spbs\cie_core_n032_f024_m008_proc100.lp,spbs\cie_core_n032_f024_m008_proc100.lp,cie_core_n032_f024_m008_proc100.lp,hem_beam,3,1,trainseed_1,auto,2026-07-23T04:25:06,timelimit,600.0,599.944313,1,0.0628151000055368,0.018999338150024414,0.0,0.04114079475402832,0.0,1,0,57533,0.5755432031035773,23158.20378062871,3959.34006939929,142645.95834699017,10000.0,0.6570863853867019,369.5226088123127,1,True,D:\git\git\RDMCT-A3C\cie\results\main\cie_main_600s_compact_final_v1\seed3\solutions\cie_core_nominal__cie_core_n032_f024_m008_proc100__hem_beam__solverseed_3__trainseed_1__trainseed_1.sol,,,,D:\git\git\RDMCT-A3C\cie\models\hem\seed_1\itr_60.pkl,13,False,beam_search,
cie_core_nominal,dual_source_cluster_tool,8_to_32_wafers_nominal_processing,test,600.0,[],D:\git\git\RDMCT-A3C\cie\data\core\pure41\cie_core_n008_f008_m000_proc100.lp,pure41\cie_core_n008_f008_m000_proc100.lp,cie_core_n008_f008_m000_proc100.lp,hem,3,2,trainseed_2,auto,2026-07-23T04:35:10,optimal,1.0,0.3398910000032629,1,0.27312849999725586,0.0049991607666015625,0.0,0.2666511535644531,0.0,1,0,1,0.0,2.622950819672131,610.0,424.0,58.0,0.0,0.0,1,True,D:\git\git\RDMCT-A3C\cie\results\main\cie_main_600s_compact_final_v1\seed3\solutions\cie_core_nominal__cie_core_n008_f008_m000_proc100__hem__solverseed_3__trainseed_2__trainseed_2.sol,,,,D:\git\git\RDMCT-A3C\cie\models\hem\seed_2\itr_60.pkl,13,False,greedy,
cie_core_nominal,dual_source_cluster_tool,8_to_32_wafers_nominal_processing,test,600.0,[],D:\git\git\RDMCT-A3C\cie\data\core\pure41\cie_core_n008_f008_m000_proc100.lp,pure41\cie_core_n008_f008_m000_proc100.lp,cie_core_n008_f008_m000_proc100.lp,rdmct_feature_only,3,2,trainseed_2,auto,2026-07-23T04:35:11,optimal,0.0,0.0997815000009723,1,0.03280240000458434,0.010000467300415039,0.0,0.021140098571777344,0.0,1,0,1,0.0,0.0,610.0,424.0,58.0,0.0,0.0,1,True,D:\git\git\RDMCT-A3C\cie\results\main\cie_main_600s_compact_final_v1\seed3\solutions\cie_core_nominal__cie_core_n008_f008_m000_proc100__rdmct_feature_only__solverseed_3__trainseed_2__trainseed_2.sol,,,,D:\git\git\RDMCT-A3C\cie\models\feature_only\seed_2\itr_60.pkl,23,False,greedy,
cie_core_nominal,dual_source_cluster_tool,8_to_32_wafers_nominal_processing,test,600.0,[],D:\git\git\RDMCT-A3C\cie\data\core\pure41\cie_core_n008_f008_m000_proc100.lp,pure41\cie_core_n008_f008_m000_proc100.lp,cie_core_n008_f008_m000_proc100.lp,hem_beam,3,2,trainseed_2,auto,2026-07-23T04:35:11,optimal,0.0,0.21205969999573426,1,0.1460949000029359,0.005000591278076172,0.0,0.13949918746948242,0.0,1,0,1,0.0,0.0,610.0,424.0,58.0,0.0,0.0,1,True,D:\git\git\RDMCT-A3C\cie\results\main\cie_main_600s_compact_final_v1\seed3\solutions\cie_core_nominal__cie_core_n008_f008_m000_proc100__hem_beam__solverseed_3__trainseed_2__trainseed_2.sol,,,,D:\git\git\RDMCT-A3C\cie\models\hem\seed_2\itr_60.pkl,13,False,beam_search,
cie_core_nominal,dual_source_cluster_tool,8_to_32_wafers_nominal_processing,test,600.0,[],D:\git\git\RDMCT-A3C\cie\data\core\pure41\cie_core_n008_f008_m000_proc100.lp,pure41\cie_core_n008_f008_m000_proc100.lp,cie_core_n008_f008_m000_proc100.lp,hem_structure,3,2,trainseed_2,auto,2026-07-23T04:35:11,optimal,0.0,0.08447619999788003,1,0.019686500003444962,0.011135578155517578,0.0,0.0049991607666015625,0.0031080245971679688,1,0,1,0.0,0.0,610.0,424.0,58.0,0.0,0.0,1,True,D:\git\git\RDMCT-A3C\cie\results\main\cie_main_600s_compact_final_v1\seed3\solutions\cie_core_nominal__cie_core_n008_f008_m000_proc100__hem_structure__solverseed_3__trainseed_2__trainseed_2.sol,,,,D:\git\git\RDMCT-A3C\cie\models\proposed\seed_2\itr_60.pkl,23,True,greedy,
cie_core_nominal,dual_source_cluster_tool,8_to_32_wafers_nominal_processing,test,600.0,[],D:\git\git\RDMCT-A3C\cie\data\core\pure41\cie_core_n008_f008_m000_proc100.lp,pure41\cie_core_n008_f008_m000_proc100.lp,cie_core_n008_f008_m000_proc100.lp,proposed,3,2,trainseed_2,auto,2026-07-23T04:35:11,optimal,0.0,0.08404929999960586,1,0.020143500005360693,0.009000301361083984,0.0,0.0069997310638427734,0.0030002593994140625,1,0,1,0.0,0.0,610.0,424.0,58.0,0.0,0.0,1,True,D:\git\git\RDMCT-A3C\cie\results\main\cie_main_600s_compact_final_v1\seed3\solutions\cie_core_nominal__cie_core_n008_f008_m000_proc100__proposed__solverseed_3__trainseed_2__trainseed_2.sol,,,,D:\git\git\RDMCT-A3C\cie\models\proposed\seed_2\itr_60.pkl,23,True,beam_search,
cie_core_nominal,dual_source_cluster_tool,8_to_32_wafers_nominal_processing,test,600.0,[],D:\git\git\RDMCT-A3C\cie\data\core\pure41\cie_core_n016_f016_m000_proc100.lp,pure41\cie_core_n016_f016_m000_proc100.lp,cie_core_n016_f016_m000_proc100.lp,rdmct_feature_only,3,2,trainseed_2,auto,2026-07-23T04:35:11,optimal,1.0,0.41857940000045346,1,0.03374020000046585,0.01225137710571289,0.0,0.019073009490966797,0.0,1,0,1,0.0,100.0,944.0,21178.0,10000.0,0.012121212121212121,0.0,3,True,D:\git\git\RDMCT-A3C\cie\results\main\cie_main_600s_compact_final_v1\seed3\solutions\cie_core_nominal__cie_core_n016_f016_m000_proc100__rdmct_feature_only__solverseed_3__trainseed_2__trainseed_2.sol,,,,D:\git\git\RDMCT-A3C\cie\models\feature_only\seed_2\itr_60.pkl,23,False,greedy,
cie_core_nominal,dual_source_cluster_tool,8_to_32_wafers_nominal_processing,test,600.0,[],D:\git\git\RDMCT-A3C\cie\data\core\pure41\cie_core_n016_f016_m000_proc100.lp,pure41\cie_core_n016_f016_m000_proc100.lp,cie_core_n016_f016_m000_proc100.lp,hem_beam,3,2,trainseed_2,auto,2026-07-23T04:35:12,optimal,0.0,0.4418424999967101,1,0.048593899999104906,0.006999969482421875,0.0,0.03949260711669922,0.0010292530059814453,1,0,1,0.0,0.0,944.0,21076.0,10000.0,0.012121212121212121,0.0,3,True,D:\git\git\RDMCT-A3C\cie\results\main\cie_main_600s_compact_final_v1\seed3\solutions\cie_core_nominal__cie_core_n016_f016_m000_proc100__hem_beam__solverseed_3__trainseed_2__trainseed_2.sol,,,,D:\git\git\RDMCT-A3C\cie\models\hem\seed_2\itr_60.pkl,13,False,beam_search,
cie_core_nominal,dual_source_cluster_tool,8_to_32_wafers_nominal_processing,test,600.0,[],D:\git\git\RDMCT-A3C\cie\data\core\pure41\cie_core_n016_f016_m000_proc100.lp,pure41\cie_core_n016_f016_m000_proc100.lp,cie_core_n016_f016_m000_proc100.lp,hem_structure,3,2,trainseed_2,auto,2026-07-23T04:35:12,optimal,1.0,0.4232138000006671,1,0.04155420000461163,0.01217794418334961,0.0,0.003997325897216797,0.0030007362365722656,1,0,1,0.0,12.796208530805687,944.0,21082.0,10000.0,0.012121212121212121,0.0,3,True,D:\git\git\RDMCT-A3C\cie\results\main\cie_main_600s_compact_final_v1\seed3\solutions\cie_core_nominal__cie_core_n016_f016_m000_proc100__hem_structure__solverseed_3__trainseed_2__trainseed_2.sol,,,,D:\git\git\RDMCT-A3C\cie\models\proposed\seed_2\itr_60.pkl,23,True,greedy,
cie_core_nominal,dual_source_cluster_tool,8_to_32_wafers_nominal_processing,test,600.0,[],D:\git\git\RDMCT-A3C\cie\data\core\pure41\cie_core_n016_f016_m000_proc100.lp,pure41\cie_core_n016_f016_m000_proc100.lp,cie_core_n016_f016_m000_proc100.lp,proposed,3,2,trainseed_2,auto,2026-07-23T04:35:13,optimal,0.0,0.41741370000090683,1,0.02781420000246726,0.01531529426574707,0.0,0.007000446319580078,0.0030908584594726562,1,0,1,0.0,0.0,944.0,21082.0,10000.0,0.012121212121212121,0.0,3,True,D:\git\git\RDMCT-A3C\cie\results\main\cie_main_600s_compact_final_v1\seed3\solutions\cie_core_nominal__cie_core_n016_f016_m000_proc100__proposed__solverseed_3__trainseed_2__trainseed_2.sol,,,,D:\git\git\RDMCT-A3C\cie\models\proposed\seed_2\itr_60.pkl,23,True,beam_search,
cie_core_nominal,dual_source_cluster_tool,8_to_32_wafers_nominal_processing,test,600.0,[],D:\git\git\RDMCT-A3C\cie\data\core\pure41\cie_core_n016_f016_m000_proc100.lp,pure41\cie_core_n016_f016_m000_proc100.lp,cie_core_n016_f016_m000_proc100.lp,hem,3,2,trainseed_2,auto,2026-07-23T04:35:13,optimal,0.0,0.4304654000006849,1,0.02800559999741381,0.006242513656616211,0.0010006427764892578,0.016999244689941406,0.0,1,0,1,0.0,0.0,944.0,21076.0,10000.0,0.012121212121212121,0.0,3,True,D:\git\git\RDMCT-A3C\cie\results\main\cie_main_600s_compact_final_v1\seed3\solutions\cie_core_nominal__cie_core_n016_f016_m000_proc100__hem__solverseed_3__trainseed_2__trainseed_2.sol,,,,D:\git\git\RDMCT-A3C\cie\models\hem\seed_2\itr_60.pkl,13,False,greedy,
cie_core_nominal,dual_source_cluster_tool,8_to_32_wafers_nominal_processing,test,600.0,[],D:\git\git\RDMCT-A3C\cie\data\core\pure41\cie_core_n024_f024_m000_proc100.lp,pure41\cie_core_n024_f024_m000_proc100.lp,cie_core_n024_f024_m000_proc100.lp,hem_beam,3,2,trainseed_2,auto,2026-07-23T04:35:13,optimal,3.0,3.0290408000000753,0,0.0,0.0,0.0,0.0,0.0,0,0,1,0.0,300.0,1268.0,40784.0,10000.0,0.0132622573320741,10.0,1,True,D:\git\git\RDMCT-A3C\cie\results\main\cie_main_600s_compact_final_v1\seed3\solutions\cie_core_nominal__cie_core_n024_f024_m000_proc100__hem_beam__solverseed_3__trainseed_2__trainseed_2.sol,,,,D:\git\git\RDMCT-A3C\cie\models\hem\seed_2\itr_60.pkl,13,False,beam_search,
cie_core_nominal,dual_source_cluster_tool,8_to_32_wafers_nominal_processing,test,600.0,[],D:\git\git\RDMCT-A3C\cie\data\core\pure41\cie_core_n024_f024_m000_proc100.lp,pure41\cie_core_n024_f024_m000_proc100.lp,cie_core_n024_f024_m000_proc100.lp,hem_structure,3,2,trainseed_2,auto,2026-07-23T04:35:16,optimal,3.0,3.4173363000008976,0,0.0,0.0,0.0,0.0,0.0,0,0,1,0.0,300.0,1268.0,40784.0,10000.0,0.0132622573320741,10.0,1,True,D:\git\git\RDMCT-A3C\cie\results\main\cie_main_600s_compact_final_v1\seed3\solutions\cie_core_nominal__cie_core_n024_f024_m000_proc100__hem_structure__solverseed_3__trainseed_2__trainseed_2.sol,,,,D:\git\git\RDMCT-A3C\cie\models\proposed\seed_2\itr_60.pkl,23,True,greedy,
cie_core_nominal,dual_source_cluster_tool,8_to_32_wafers_nominal_processing,test,600.0,[],D:\git\git\RDMCT-A3C\cie\data\core\pure41\cie_core_n024_f024_m000_proc100.lp,pure41\cie_core_n024_f024_m000_proc100.lp,cie_core_n024_f024_m000_proc100.lp,proposed,3,2,trainseed_2,auto,2026-07-23T04:35:20,optimal,3.0,3.341158799994446,0,0.0,0.0,0.0,0.0,0.0,0,0,1,0.0,300.0,1268.0,40784.0,10000.0,0.0132622573320741,10.0,1,True,D:\git\git\RDMCT-A3C\cie\results\main\cie_main_600s_compact_final_v1\seed3\solutions\cie_core_nominal__cie_core_n024_f024_m000_proc100__proposed__solverseed_3__trainseed_2__trainseed_2.sol,,,,D:\git\git\RDMCT-A3C\cie\models\proposed\seed_2\itr_60.pkl,23,True,beam_search,
cie_core_nominal,dual_source_cluster_tool,8_to_32_wafers_nominal_processing,test,600.0,[],D:\git\git\RDMCT-A3C\cie\data\core\pure41\cie_core_n024_f024_m000_proc100.lp,pure41\cie_core_n024_f024_m000_proc100.lp,cie_core_n024_f024_m000_proc100.lp,hem,3,2,trainseed_2,auto,2026-07-23T04:35:23,optimal,4.0,3.520834200004174,0,0.0,0.0,0.0,0.0,0.0,0,0,1,0.0,400.0,1268.0,40784.0,10000.0,0.0132622573320741,10.0,1,True,D:\git\git\RDMCT-A3C\cie\results\main\cie_main_600s_compact_final_v1\seed3\solutions\cie_core_nominal__cie_core_n024_f024_m000_proc100__hem__solverseed_3__trainseed_2__trainseed_2.sol,,,,D:\git\git\RDMCT-A3C\cie\models\hem\seed_2\itr_60.pkl,13,False,greedy,
cie_core_nominal,dual_source_cluster_tool,8_to_32_wafers_nominal_processing,test,600.0,[],D:\git\git\RDMCT-A3C\cie\data\core\pure41\cie_core_n024_f024_m000_proc100.lp,pure41\cie_core_n024_f024_m000_proc100.lp,cie_core_n024_f024_m000_proc100.lp,rdmct_feature_only,3,2,trainseed_2,auto,2026-07-23T04:35:27,optimal,3.0,3.211076100000355,0,0.0,0.0,0.0,0.0,0.0,0,0,1,0.0,300.0,1268.0,40784.0,10000.0,0.0132622573320741,10.0,1,True,D:\git\git\RDMCT-A3C\cie\results\main\cie_main_600s_compact_final_v1\seed3\solutions\cie_core_nominal__cie_core_n024_f024_m000_proc100__rdmct_feature_only__solverseed_3__trainseed_2__trainseed_2.sol,,,,D:\git\git\RDMCT-A3C\cie\models\feature_only\seed_2\itr_60.pkl,23,False,greedy,
cie_core_nominal,dual_source_cluster_tool,8_to_32_wafers_nominal_processing,test,600.0,[],D:\git\git\RDMCT-A3C\cie\data\core\pure41\cie_core_n032_f032_m000_proc100.lp,pure41\cie_core_n032_f032_m000_proc100.lp,cie_core_n032_f032_m000_proc100.lp,hem_structure,3,2,trainseed_2,auto,2026-07-23T04:35:30,optimal,11.0,11.158445199995185,1,0.077617700000701,0.019114971160888672,0.0,0.02100062370300293,0.002999544143676758,1,0,1,0.0,1100.0,1592.0,59419.0,10000.0,0.0,0.0,2,True,D:\git\git\RDMCT-A3C\cie\results\main\cie_main_600s_compact_final_v1\seed3\solutions\cie_core_nominal__cie_core_n032_f032_m000_proc100__hem_structure__solverseed_3__trainseed_2__trainseed_2.sol,,,,D:\git\git\RDMCT-A3C\cie\models\proposed\seed_2\itr_60.pkl,23,True,greedy,
cie_core_nominal,dual_source_cluster_tool,8_to_32_wafers_nominal_processing,test,600.0,[],D:\git\git\RDMCT-A3C\cie\data\core\pure41\cie_core_n032_f032_m000_proc100.lp,pure41\cie_core_n032_f032_m000_proc100.lp,cie_core_n032_f032_m000_proc100.lp,proposed,3,2,trainseed_2,auto,2026-07-23T04:35:41,optimal,12.0,11.712936399999307,1,0.09512959999847226,0.01809406280517578,0.00099945068359375,0.037194252014160156,0.002999544143676758,1,0,1,0.0,1184.46,1592.0,59419.0,10000.0,0.0,0.0,2,True,D:\git\git\RDMCT-A3C\cie\results\main\cie_main_600s_compact_final_v1\seed3\solutions\cie_core_nominal__cie_core_n032_f032_m000_proc100__proposed__solverseed_3__trainseed_2__trainseed_2.sol,,,,D:\git\git\RDMCT-A3C\cie\models\proposed\seed_2\itr_60.pkl,23,True,beam_search,
cie_core_nominal,dual_source_cluster_tool,8_to_32_wafers_nominal_processing,test,600.0,[],D:\git\git\RDMCT-A3C\cie\data\core\pure41\cie_core_n032_f032_m000_proc100.lp,pure41\cie_core_n032_f032_m000_proc100.lp,cie_core_n032_f032_m000_proc100.lp,hem,3,2,trainseed_2,auto,2026-07-23T04:35:53,optimal,9.0,9.41636369999469,1,0.07241179999982705,0.014784812927246094,0.0009999275207519531,0.019700288772583008,0.0,1,0,1,0.0,900.0,1592.0,59445.0,10000.0,0.011443541338279375,10.0,2,True,D:\git\git\RDMCT-A3C\cie\results\main\cie_main_600s_compact_final_v1\seed3\solutions\cie_core_nominal__cie_core_n032_f032_m000_proc100__hem__solverseed_3__trainseed_2__trainseed_2.sol,,,,D:\git\git\RDMCT-A3C\cie\models\hem\seed_2\itr_60.pkl,13,False,greedy,
cie_core_nominal,dual_source_cluster_tool,8_to_32_wafers_nominal_processing,test,600.0,[],D:\git\git\RDMCT-A3C\cie\data\core\pure41\cie_core_n032_f032_m000_proc100.lp,pure41\cie_core_n032_f032_m000_proc100.lp,cie_core_n032_f032_m000_proc100.lp,rdmct_feature_only,3,2,trainseed_2,auto,2026-07-23T04:36:02,optimal,11.0,11.319591400002537,1,0.04382840000471333,0.0192105770111084,0.0010001659393310547,0.020612001419067383,0.0,1,0,1,0.0,1100.0,1592.0,59445.0,10000.0,0.011443541338279375,10.0,2,True,D:\git\git\RDMCT-A3C\cie\results\main\cie_main_600s_compact_final_v1\seed3\solutions\cie_core_nominal__cie_core_n032_f032_m000_proc100__rdmct_feature_only__solverseed_3__trainseed_2__trainseed_2.sol,,,,D:\git\git\RDMCT-A3C\cie\models\feature_only\seed_2\itr_60.pkl,23,False,greedy,
cie_core_nominal,dual_source_cluster_tool,8_to_32_wafers_nominal_processing,test,600.0,[],D:\git\git\RDMCT-A3C\cie\data\core\pure41\cie_core_n032_f032_m000_proc100.lp,pure41\cie_core_n032_f032_m000_proc100.lp,cie_core_n032_f032_m000_proc100.lp,hem_beam,3,2,trainseed_2,auto,2026-07-23T04:36:14,optimal,12.0,12.769185699995433,1,0.09312969999882625,0.015251398086547852,0.0,0.04219317436218262,0.0,1,0,1,0.0,1200.0,1592.0,59445.0,10000.0,0.011443541338279375,10.0,2,True,D:\git\git\RDMCT-A3C\cie\results\main\cie_main_600s_compact_final_v1\seed3\solutions\cie_core_nominal__cie_core_n032_f032_m000_proc100__hem_beam__solverseed_3__trainseed_2__trainseed_2.sol,,,,D:\git\git\RDMCT-A3C\cie\models\hem\seed_2\itr_60.pkl,13,False,beam_search,
cie_core_nominal,dual_source_cluster_tool,8_to_32_wafers_nominal_processing,test,600.0,[],D:\git\git\RDMCT-A3C\cie\data\core\spbs\cie_core_n008_f000_m008_proc100.lp,spbs\cie_core_n008_f000_m008_proc100.lp,cie_core_n008_f000_m008_proc100.lp,proposed,3,2,trainseed_2,auto,2026-07-23T04:36:26,optimal,1.0,0.6457060999964597,1,0.042182299999694806,0.024265050888061523,0.004004001617431641,0.008999347686767578,0.0029997825622558594,1,0,1424,0.0,44.50867052023121,768.0,60284.0,10000.0,0.0,0.0,6,True,D:\git\git\RDMCT-A3C\cie\results\main\cie_main_600s_compact_final_v1\seed3\solutions\cie_core_nominal__cie_core_n008_f000_m008_proc100__proposed__solverseed_3__trainseed_2__trainseed_2.sol,,,,D:\git\git\RDMCT-A3C\cie\models\proposed\seed_2\itr_60.pkl,23,True,beam_search,
cie_core_nominal,dual_source_cluster_tool,8_to_32_wafers_nominal_processing,test,600.0,[],D:\git\git\RDMCT-A3C\cie\data\core\spbs\cie_core_n008_f000_m008_proc100.lp,spbs\cie_core_n008_f000_m008_proc100.lp,cie_core_n008_f000_m008_proc100.lp,hem,3,2,trainseed_2,auto,2026-07-23T04:36:27,optimal,0.0,0.31831160000001546,1,0.02794690000155242,0.00532221794128418,0.0009999275207519531,0.02057957649230957,0.0,1,0,523,0.0,0.0,768.0,60164.0,10000.0,0.0,0.0,3,True,D:\git\git\RDMCT-A3C\cie\results\main\cie_main_600s_compact_final_v1\seed3\solutions\cie_core_nominal__cie_core_n008_f000_m008_proc100__hem__solverseed_3__trainseed_2__trainseed_2.sol,,,,D:\git\git\RDMCT-A3C\cie\models\hem\seed_2\itr_60.pkl,13,False,greedy,
cie_core_nominal,dual_source_cluster_tool,8_to_32_wafers_nominal_processing,test,600.0,[],D:\git\git\RDMCT-A3C\cie\data\core\spbs\cie_core_n008_f000_m008_proc100.lp,spbs\cie_core_n008_f000_m008_proc100.lp,cie_core_n008_f000_m008_proc100.lp,rdmct_feature_only,3,2,trainseed_2,auto,2026-07-23T04:36:27,optimal,1.0,0.42182060000050114,1,0.03253509999922244,0.010276079177856445,0.0,0.021216392517089844,0.0,1,0,611,0.0,44.260581780177674,768.0,60212.0,10000.0,0.0,0.0,3,True,D:\git\git\RDMCT-A3C\cie\results\main\cie_main_600s_compact_final_v1\seed3\solutions\cie_core_nominal__cie_core_n008_f000_m008_proc100__rdmct_feature_only__solverseed_3__trainseed_2__trainseed_2.sol,,,,D:\git\git\RDMCT-A3C\cie\models\feature_only\seed_2\itr_60.pkl,23,False,greedy,
cie_core_nominal,dual_source_cluster_tool,8_to_32_wafers_nominal_processing,test,600.0,[],D:\git\git\RDMCT-A3C\cie\data\core\spbs\cie_core_n008_f000_m008_proc100.lp,spbs\cie_core_n008_f000_m008_proc100.lp,cie_core_n008_f000_m008_proc100.lp,hem_beam,3,2,trainseed_2,auto,2026-07-23T04:36:28,optimal,0.0,0.3430045999994036,1,0.05145160000392934,0.004999876022338867,0.0009996891021728516,0.044328927993774414,0.0,1,0,523,0.0,0.0,768.0,60164.0,10000.0,0.0,0.0,3,True,D:\git\git\RDMCT-A3C\cie\results\main\cie_main_600s_compact_final_v1\seed3\solutions\cie_core_nominal__cie_core_n008_f000_m008_proc100__hem_beam__solverseed_3__trainseed_2__trainseed_2.sol,,,,D:\git\git\RDMCT-A3C\cie\models\hem\seed_2\itr_60.pkl,13,False,beam_search,
cie_core_nominal,dual_source_cluster_tool,8_to_32_wafers_nominal_processing,test,600.0,[],D:\git\git\RDMCT-A3C\cie\data\core\spbs\cie_core_n008_f000_m008_proc100.lp,spbs\cie_core_n008_f000_m008_proc100.lp,cie_core_n008_f000_m008_proc100.lp,hem_structure,3,2,trainseed_2,auto,2026-07-23T04:36:28,optimal,1.0,0.6351797000024817,1,0.021633500000461936,0.010790824890136719,0.0,0.005995988845825195,0.0031135082244873047,1,0,1424,0.0,17.77301927194861,768.0,60284.0,10000.0,0.0,0.0,6,True,D:\git\git\RDMCT-A3C\cie\results\main\cie_main_600s_compact_final_v1\seed3\solutions\cie_core_nominal__cie_core_n008_f000_m008_proc100__hem_structure__solverseed_3__trainseed_2__trainseed_2.sol,,,,D:\git\git\RDMCT-A3C\cie\models\proposed\seed_2\itr_60.pkl,23,True,greedy,
cie_core_nominal,dual_source_cluster_tool,8_to_32_wafers_nominal_processing,test,600.0,[],D:\git\git\RDMCT-A3C\cie\data\core\spbs\cie_core_n008_f002_m006_proc100.lp,spbs\cie_core_n008_f002_m006_proc100.lp,cie_core_n008_f002_m006_proc100.lp,hem,3,2,trainseed_2,auto,2026-07-23T04:36:29,optimal,0.0,0.3607216000018525,1,0.027527699996426236,0.00599980354309082,0.0,0.020190715789794922,0.00099945068359375,1,0,489,0.0,0.0,900.0,60792.0,10000.0,0.0,0.0,3,True,D:\git\git\RDMCT-A3C\cie\results\main\cie_main_600s_compact_final_v1\seed3\solutions\cie_core_nominal__cie_core_n008_f002_m006_proc100__hem__solverseed_3__trainseed_2__trainseed_2.sol,,,,D:\git\git\RDMCT-A3C\cie\models\hem\seed_2\itr_60.pkl,13,False,greedy,
cie_core_nominal,dual_source_cluster_tool,8_to_32_wafers_nominal_processing,test,600.0,[],D:\git\git\RDMCT-A3C\cie\data\core\spbs\cie_core_n008_f002_m006_proc100.lp,spbs\cie_core_n008_f002_m006_proc100.lp,cie_core_n008_f002_m006_proc100.lp,rdmct_feature_only,3,2,trainseed_2,auto,2026-07-23T04:36:29,optimal,1.0,0.5074362000013934,1,0.03174579999904381,0.009000539779663086,0.00099945068359375,0.02021932601928711,0.0,1,0,1070,0.0,36.07954545454545,900.0,61258.0,10000.0,0.1510325163699422,0.0,2,True,D:\git\git\RDMCT-A3C\cie\results\main\cie_main_600s_compact_final_v1\seed3\solutions\cie_core_nominal__cie_core_n008_f002_m006_proc100__rdmct_feature_only__solverseed_3__trainseed_2__trainseed_2.sol,,,,D:\git\git\RDMCT-A3C\cie\models\feature_only\seed_2\itr_60.pkl,23,False,greedy,
cie_core_nominal,dual_source_cluster_tool,8_to_32_wafers_nominal_processing,test,600.0,[],D:\git\git\RDMCT-A3C\cie\data\core\spbs\cie_core_n008_f002_m006_proc100.lp,spbs\cie_core_n008_f002_m006_proc100.lp,cie_core_n008_f002_m006_proc100.lp,hem_beam,3,2,trainseed_2,auto,2026-07-23T04:36:30,optimal,0.0,0.37992300000041723,1,0.049007699999492615,0.004999876022338867,0.0009999275207519531,0.04122114181518555,0.0,1,0,489,0.0,0.0,900.0,60792.0,10000.0,0.0,0.0,3,True,D:\git\git\RDMCT-A3C\cie\results\main\cie_main_600s_compact_final_v1\seed3\solutions\cie_core_nominal__cie_core_n008_f002_m006_proc100__hem_beam__solverseed_3__trainseed_2__trainseed_2.sol,,,,D:\git\git\RDMCT-A3C\cie\models\hem\seed_2\itr_60.pkl,13,False,beam_search,
cie_core_nominal,dual_source_cluster_tool,8_to_32_wafers_nominal_processing,test,600.0,[],D:\git\git\RDMCT-A3C\cie\data\core\spbs\cie_core_n008_f002_m006_proc100.lp,spbs\cie_core_n008_f002_m006_proc100.lp,cie_core_n008_f002_m006_proc100.lp,hem_structure,3,2,trainseed_2,auto,2026-07-23T04:36:30,optimal,0.0,0.23622189999878174,1,0.02063829999679001,0.010007381439208984,0.0,0.006110191345214844,0.0032472610473632812,1,0,170,0.0,0.0,900.0,60766.0,10000.0,0.16717540513675566,0.0,3,True,D:\git\git\RDMCT-A3C\cie\results\main\cie_main_600s_compact_final_v1\seed3\solutions\cie_core_nominal__cie_core_n008_f002_m006_proc100__hem_structure__solverseed_3__trainseed_2__trainseed_2.sol,,,,D:\git\git\RDMCT-A3C\cie\models\proposed\seed_2\itr_60.pkl,23,True,greedy,
cie_core_nominal,dual_source_cluster_tool,8_to_32_wafers_nominal_processing,test,600.0,[],D:\git\git\RDMCT-A3C\cie\data\core\spbs\cie_core_n008_f002_m006_proc100.lp,spbs\cie_core_n008_f002_m006_proc100.lp,cie_core_n008_f002_m006_proc100.lp,proposed,3,2,trainseed_2,auto,2026-07-23T04:36:30,optimal,0.0,0.23850979999406263,1,0.02345200000127079,0.008263826370239258,0.0009989738464355469,0.009000539779663086,0.0030083656311035156,1,0,170,0.0,0.0,900.0,60766.0,10000.0,0.16717540513675566,0.0,3,True,D:\git\git\RDMCT-A3C\cie\results\main\cie_main_600s_compact_final_v1\seed3\solutions\cie_core_nominal__cie_core_n008_f002_m006_proc100__proposed__solverseed_3__trainseed_2__trainseed_2.sol,,,,D:\git\git\RDMCT-A3C\cie\models\proposed\seed_2\itr_60.pkl,23,True,beam_search,
cie_core_nominal,dual_source_cluster_tool,8_to_32_wafers_nominal_processing,test,600.0,[],D:\git\git\RDMCT-A3C\cie\data\core\spbs\cie_core_n008_f004_m004_proc100.lp,spbs\cie_core_n008_f004_m004_proc100.lp,cie_core_n008_f004_m004_proc100.lp,rdmct_feature_only,3,2,trainseed_2,auto,2026-07-23T04:36:30,optimal,1.0,0.37368830000195885,1,0.03178349999507191,0.009124755859375,0.0,0.021117210388183594,0.0,1,0,578,0.0,39.81964215003642,833.9999999999945,50469.99999999998,10000.0,0.0,0.0,5,True,D:\git\git\RDMCT-A3C\cie\results\main\cie_main_600s_compact_final_v1\seed3\solutions\cie_core_nominal__cie_core_n008_f004_m004_proc100__rdmct_feature_only__solverseed_3__trainseed_2__trainseed_2.sol,,,,D:\git\git\RDMCT-A3C\cie\models\feature_only\seed_2\itr_60.pkl,23,False,greedy,
cie_core_nominal,dual_source_cluster_tool,8_to_32_wafers_nominal_processing,test,600.0,[],D:\git\git\RDMCT-A3C\cie\data\core\spbs\cie_core_n008_f004_m004_proc100.lp,spbs\cie_core_n008_f004_m004_proc100.lp,cie_core_n008_f004_m004_proc100.lp,hem_beam,3,2,trainseed_2,auto,2026-07-23T04:36:31,optimal,0.0,0.2837629999994533,1,0.05073339999944437,0.0062863826751708984,0.0019998550415039062,0.04121088981628418,0.0,1,0,292,0.0,0.0,833.9999999999945,50687.99999999997,10000.0,0.23333333333332462,0.0,3,True,D:\git\git\RDMCT-A3C\cie\results\main\cie_main_600s_compact_final_v1\seed3\solutions\cie_core_nominal__cie_core_n008_f004_m004_proc100__hem_beam__solverseed_3__trainseed_2__trainseed_2.sol,,,,D:\git\git\RDMCT-A3C\cie\models\hem\seed_2\itr_60.pkl,13,False,beam_search,
cie_core_nominal,dual_source_cluster_tool,8_to_32_wafers_nominal_processing,test,600.0,[],D:\git\git\RDMCT-A3C\cie\data\core\spbs\cie_core_n008_f004_m004_proc100.lp,spbs\cie_core_n008_f004_m004_proc100.lp,cie_core_n008_f004_m004_proc100.lp,hem_structure,3,2,trainseed_2,auto,2026-07-23T04:36:31,optimal,0.0,0.30871810000098776,1,0.01964179999777116,0.00930166244506836,0.0,0.005997896194458008,0.003000497817993164,1,0,493,0.0,0.0,834.0,50534.0,10000.0,0.0,0.0,2,True,D:\git\git\RDMCT-A3C\cie\results\main\cie_main_600s_compact_final_v1\seed3\solutions\cie_core_nominal__cie_core_n008_f004_m004_proc100__hem_structure__solverseed_3__trainseed_2__trainseed_2.sol,,,,D:\git\git\RDMCT-A3C\cie\models\proposed\seed_2\itr_60.pkl,23,True,greedy,
cie_core_nominal,dual_source_cluster_tool,8_to_32_wafers_nominal_processing,test,600.0,[],D:\git\git\RDMCT-A3C\cie\data\core\spbs\cie_core_n008_f004_m004_proc100.lp,spbs\cie_core_n008_f004_m004_proc100.lp,cie_core_n008_f004_m004_proc100.lp,proposed,3,2,trainseed_2,auto,2026-07-23T04:36:31,optimal,1.0,0.32432169999810867,1,0.02694599999813363,0.009000062942504883,0.003167390823364258,0.01000356674194336,0.0030014514923095703,1,0,493,0.0,39.81964215003642,834.0,50534.0,10000.0,0.0,0.0,2,True,D:\git\git\RDMCT-A3C\cie\results\main\cie_main_600s_compact_final_v1\seed3\solutions\cie_core_nominal__cie_core_n008_f004_m004_proc100__proposed__solverseed_3__trainseed_2__trainseed_2.sol,,,,D:\git\git\RDMCT-A3C\cie\models\proposed\seed_2\itr_60.pkl,23,True,beam_search,
cie_core_nominal,dual_source_cluster_tool,8_to_32_wafers_nominal_processing,test,600.0,[],D:\git\git\RDMCT-A3C\cie\data\core\spbs\cie_core_n008_f004_m004_proc100.lp,spbs\cie_core_n008_f004_m004_proc100.lp,cie_core_n008_f004_m004_proc100.lp,hem,3,2,trainseed_2,auto,2026-07-23T04:36:32,optimal,0.0,0.2638493999984348,1,0.02932969999528723,0.005000114440917969,0.002000570297241211,0.02019023895263672,0.0,1,0,292,0.0,0.0,833.9999999999945,50687.99999999997,10000.0,0.23333333333332462,0.0,3,True,D:\git\git\RDMCT-A3C\cie\results\main\cie_main_600s_compact_final_v1\seed3\solutions\cie_core_nominal__cie_core_n008_f004_m004_proc100__hem__solverseed_3__trainseed_2__trainseed_2.sol,,,,D:\git\git\RDMCT-A3C\cie\models\hem\seed_2\itr_60.pkl,13,False,greedy,
cie_core_nominal,dual_source_cluster_tool,8_to_32_wafers_nominal_processing,test,600.0,[],D:\git\git\RDMCT-A3C\cie\data\core\spbs\cie_core_n008_f006_m002_proc100.lp,spbs\cie_core_n008_f006_m002_proc100.lp,cie_core_n008_f006_m002_proc100.lp,hem_beam,3,2,trainseed_2,auto,2026-07-23T04:36:32,optimal,0.0,0.2807247000018833,1,0.051427799997327384,0.005997180938720703,0.0010039806365966797,0.04233670234680176,0.0,1,0,270,0.0,0.0,834.0,30856.0,10000.0,0.0,0.0,6,True,D:\git\git\RDMCT-A3C\cie\results\main\cie_main_600s_compact_final_v1\seed3\solutions\cie_core_nominal__cie_core_n008_f006_m002_proc100__hem_beam__solverseed_3__trainseed_2__trainseed_2.sol,,,,D:\git\git\RDMCT-A3C\cie\models\hem\seed_2\itr_60.pkl,13,False,beam_search,
cie_core_nominal,dual_source_cluster_tool,8_to_32_wafers_nominal_processing,test,600.0,[],D:\git\git\RDMCT-A3C\cie\data\core\spbs\cie_core_n008_f006_m002_proc100.lp,spbs\cie_core_n008_f006_m002_proc100.lp,cie_core_n008_f006_m002_proc100.lp,hem_structure,3,2,trainseed_2,auto,2026-07-23T04:36:32,optimal,0.0,0.19660569999541622,1,0.019842800000333227,0.009000539779663086,0.0010004043579101562,0.0051076412200927734,0.0030066967010498047,1,0,172,0.0,0.0,834.0,30682.0,10000.0,0.0,0.0,4,True,D:\git\git\RDMCT-A3C\cie\results\main\cie_main_600s_compact_final_v1\seed3\solutions\cie_core_nominal__cie_core_n008_f006_m002_proc100__hem_structure__solverseed_3__trainseed_2__trainseed_2.sol,,,,D:\git\git\RDMCT-A3C\cie\models\proposed\seed_2\itr_60.pkl,23,True,greedy,
cie_core_nominal,dual_source_cluster_tool,8_to_32_wafers_nominal_processing,test,600.0,[],D:\git\git\RDMCT-A3C\cie\data\core\spbs\cie_core_n008_f006_m002_proc100.lp,spbs\cie_core_n008_f006_m002_proc100.lp,cie_core_n008_f006_m002_proc100.lp,proposed,3,2,trainseed_2,auto,2026-07-23T04:36:32,optimal,1.0,0.20264500000484986,1,0.024464399997668806,0.009288787841796875,0.00099945068359375,0.009999990463256836,0.0030002593994140625,1,0,172,0.0,100.0,834.0,30682.0,10000.0,0.0,0.0,4,True,D:\git\git\RDMCT-A3C\cie\results\main\cie_main_600s_compact_final_v1\seed3\solutions\cie_core_nominal__cie_core_n008_f006_m002_proc100__proposed__solverseed_3__trainseed_2__trainseed_2.sol,,,,D:\git\git\RDMCT-A3C\cie\models\proposed\seed_2\itr_60.pkl,23,True,beam_search,
cie_core_nominal,dual_source_cluster_tool,8_to_32_wafers_nominal_processing,test,600.0,[],D:\git\git\RDMCT-A3C\cie\data\core\spbs\cie_core_n008_f006_m002_proc100.lp,spbs\cie_core_n008_f006_m002_proc100.lp,cie_core_n008_f006_m002_proc100.lp,hem,3,2,trainseed_2,auto,2026-07-23T04:36:33,optimal,0.0,0.2544643000001088,1,0.027572600003622938,0.006000041961669922,0.0,0.02029561996459961,0.0,1,0,270,0.0,0.0,834.0,30856.0,10000.0,0.0,0.0,6,True,D:\git\git\RDMCT-A3C\cie\results\main\cie_main_600s_compact_final_v1\seed3\solutions\cie_core_nominal__cie_core_n008_f006_m002_proc100__hem__solverseed_3__trainseed_2__trainseed_2.sol,,,,D:\git\git\RDMCT-A3C\cie\models\hem\seed_2\itr_60.pkl,13,False,greedy,
cie_core_nominal,dual_source_cluster_tool,8_to_32_wafers_nominal_processing,test,600.0,[],D:\git\git\RDMCT-A3C\cie\data\core\spbs\cie_core_n008_f006_m002_proc100.lp,spbs\cie_core_n008_f006_m002_proc100.lp,cie_core_n008_f006_m002_proc100.lp,rdmct_feature_only,3,2,trainseed_2,auto,2026-07-23T04:36:33,optimal,0.0,0.21875249999720836,1,0.03452169999945909,0.010999679565429688,0.00099945068359375,0.021008014678955078,0.0,1,0,182,0.0,0.0,834.0,30384.0,10000.0,0.0,0.0,8,True,D:\git\git\RDMCT-A3C\cie\results\main\cie_main_600s_compact_final_v1\seed3\solutions\cie_core_nominal__cie_core_n008_f006_m002_proc100__rdmct_feature_only__solverseed_3__trainseed_2__trainseed_2.sol,,,,D:\git\git\RDMCT-A3C\cie\models\feature_only\seed_2\itr_60.pkl,23,False,greedy,
cie_core_nominal,dual_source_cluster_tool,8_to_32_wafers_nominal_processing,test,600.0,[],D:\git\git\RDMCT-A3C\cie\data\core\spbs\cie_core_n016_f000_m016_proc100.lp,spbs\cie_core_n016_f000_m016_proc100.lp,cie_core_n016_f000_m016_proc100.lp,hem_structure,3,2,trainseed_2,auto,2026-07-23T04:36:33,optimal,11.0,10.441240400003153,1,0.021680000005289912,0.0111846923828125,0.0,0.005999326705932617,0.0030007362365722656,1,0,8301,0.0,384.73605646211155,1136.0,100250.0,10000.0,0.02109561563154592,26.0,5,True,D:\git\git\RDMCT-A3C\cie\results\main\cie_main_600s_compact_final_v1\seed3\solutions\cie_core_nominal__cie_core_n016_f000_m016_proc100__hem_structure__solverseed_3__trainseed_2__trainseed_2.sol,,,,D:\git\git\RDMCT-A3C\cie\models\proposed\seed_2\itr_60.pkl,23,True,greedy,
cie_core_nominal,dual_source_cluster_tool,8_to_32_wafers_nominal_processing,test,600.0,[],D:\git\git\RDMCT-A3C\cie\data\core\spbs\cie_core_n016_f000_m016_proc100.lp,spbs\cie_core_n016_f000_m016_proc100.lp,cie_core_n016_f000_m016_proc100.lp,proposed,3,2,trainseed_2,auto,2026-07-23T04:36:44,optimal,10.0,10.55951730000379,1,0.07262119999359129,0.01022648811340332,0.0010001659393310547,0.011127710342407227,0.003000020980834961,1,0,8301,0.0,337.4387612914333,1136.0,100250.0,10000.0,0.02109561563154592,26.0,5,True,D:\git\git\RDMCT-A3C\cie\results\main\cie_main_600s_compact_final_v1\seed3\solutions\cie_core_nominal__cie_core_n016_f000_m016_proc100__proposed__solverseed_3__trainseed_2__trainseed_2.sol,,,,D:\git\git\RDMCT-A3C\cie\models\proposed\seed_2\itr_60.pkl,23,True,beam_search,
cie_core_nominal,dual_source_cluster_tool,8_to_32_wafers_nominal_processing,test,600.0,[],D:\git\git\RDMCT-A3C\cie\data\core\spbs\cie_core_n016_f000_m016_proc100.lp,spbs\cie_core_n016_f000_m016_proc100.lp,cie_core_n016_f000_m016_proc100.lp,hem,3,2,trainseed_2,auto,2026-07-23T04:36:54,optimal,113.0,113.27584020000359,1,0.026578999997582287,0.005297183990478516,0.0009968280792236328,0.01900005340576172,0.0010020732879638672,1,0,94686,0.0,5077.628032345013,1136.0,100332.0,10000.0,0.0,0.0,4,True,D:\git\git\RDMCT-A3C\cie\results\main\cie_main_600s_compact_final_v1\seed3\solutions\cie_core_nominal__cie_core_n016_f000_m016_proc100__hem__solverseed_3__trainseed_2__trainseed_2.sol,,,,D:\git\git\RDMCT-A3C\cie\models\hem\seed_2\itr_60.pkl,13,False,greedy,
cie_core_nominal,dual_source_cluster_tool,8_to_32_wafers_nominal_processing,test,600.0,[],D:\git\git\RDMCT-A3C\cie\data\core\spbs\cie_core_n016_f000_m016_proc100.lp,spbs\cie_core_n016_f000_m016_proc100.lp,cie_core_n016_f000_m016_proc100.lp,rdmct_feature_only,3,2,trainseed_2,auto,2026-07-23T04:38:47,optimal,28.0,27.882254099997226,1,0.033394500002032146,0.01000523567199707,0.001001119613647461,0.01999974250793457,0.0,1,0,27181,0.0,1184.7978436657681,1136.0,100216.0,10000.0,0.0,0.0,4,True,D:\git\git\RDMCT-A3C\cie\results\main\cie_main_600s_compact_final_v1\seed3\solutions\cie_core_nominal__cie_core_n016_f000_m016_proc100__rdmct_feature_only__solverseed_3__trainseed_2__trainseed_2.sol,,,,D:\git\git\RDMCT-A3C\cie\models\feature_only\seed_2\itr_60.pkl,23,False,greedy,
cie_core_nominal,dual_source_cluster_tool,8_to_32_wafers_nominal_processing,test,600.0,[],D:\git\git\RDMCT-A3C\cie\data\core\spbs\cie_core_n016_f000_m016_proc100.lp,spbs\cie_core_n016_f000_m016_proc100.lp,cie_core_n016_f000_m016_proc100.lp,hem_beam,3,2,trainseed_2,auto,2026-07-23T04:39:15,optimal,114.0,113.65019410000241,1,0.04902960000617895,0.00599980354309082,0.0010006427764892578,0.039222002029418945,0.0,1,0,94686,0.0,5162.4618149146445,1136.0,100332.0,10000.0,0.0,0.0,4,True,D:\git\git\RDMCT-A3C\cie\results\main\cie_main_600s_compact_final_v1\seed3\solutions\cie_core_nominal__cie_core_n016_f000_m016_proc100__hem_beam__solverseed_3__trainseed_2__trainseed_2.sol,,,,D:\git\git\RDMCT-A3C\cie\models\hem\seed_2\itr_60.pkl,13,False,beam_search,
cie_core_nominal,dual_source_cluster_tool,8_to_32_wafers_nominal_processing,test,600.0,[],D:\git\git\RDMCT-A3C\cie\data\core\spbs\cie_core_n016_f004_m012_proc100.lp,spbs\cie_core_n016_f004_m012_proc100.lp,cie_core_n016_f004_m012_proc100.lp,proposed,3,2,trainseed_2,auto,2026-07-23T04:41:09,optimal,12.0,11.643400699998892,1,0.06586489999608602,0.012323141098022461,0.0009970664978027344,0.00899815559387207,0.0029997825622558594,1,0,12136,0.0,348.96267778847175,1202.0,90920.0,10000.0,0.11591914445681106,46.0,4,True,D:\git\git\RDMCT-A3C\cie\results\main\cie_main_600s_compact_final_v1\seed3\solutions\cie_core_nominal__cie_core_n016_f004_m012_proc100__proposed__solverseed_3__trainseed_2__trainseed_2.sol,,,,D:\git\git\RDMCT-A3C\cie\models\proposed\seed_2\itr_60.pkl,23,True,beam_search,
cie_core_nominal,dual_source_cluster_tool,8_to_32_wafers_nominal_processing,test,600.0,[],D:\git\git\RDMCT-A3C\cie\data\core\spbs\cie_core_n016_f004_m012_proc100.lp,spbs\cie_core_n016_f004_m012_proc100.lp,cie_core_n016_f004_m012_proc100.lp,hem,3,2,trainseed_2,auto,2026-07-23T04:41:21,optimal,26.0,26.233803900002385,1,0.061562799994135275,0.00600123405456543,0.0,0.020125865936279297,0.0,1,0,28462,0.0,890.4058071540994,1202.0,90674.0,10000.0,0.0,0.0,5,True,D:\git\git\RDMCT-A3C\cie\results\main\cie_main_600s_compact_final_v1\seed3\solutions\cie_core_nominal__cie_core_n016_f004_m012_proc100__hem__solverseed_3__trainseed_2__trainseed_2.sol,,,,D:\git\git\RDMCT-A3C\cie\models\hem\seed_2\itr_60.pkl,13,False,greedy,
cie_core_nominal,dual_source_cluster_tool,8_to_32_wafers_nominal_processing,test,600.0,[],D:\git\git\RDMCT-A3C\cie\data\core\spbs\cie_core_n016_f004_m012_proc100.lp,spbs\cie_core_n016_f004_m012_proc100.lp,cie_core_n016_f004_m012_proc100.lp,rdmct_feature_only,3,2,trainseed_2,auto,2026-07-23T04:41:47,optimal,29.0,29.199531600002956,1,0.03257830000075046,0.009997844696044922,0.0,0.020097970962524414,0.0,1,0,33229,0.0,823.9023027280969,1202.0,90642.0,10000.0,0.0,0.0,4,True,D:\git\git\RDMCT-A3C\cie\results\main\cie_main_600s_compact_final_v1\seed3\solutions\cie_core_nominal__cie_core_n016_f004_m012_proc100__rdmct_feature_only__solverseed_3__trainseed_2__trainseed_2.sol,,,,D:\git\git\RDMCT-A3C\cie\models\feature_only\seed_2\itr_60.pkl,23,False,greedy,
cie_core_nominal,dual_source_cluster_tool,8_to_32_wafers_nominal_processing,test,600.0,[],D:\git\git\RDMCT-A3C\cie\data\core\spbs\cie_core_n016_f004_m012_proc100.lp,spbs\cie_core_n016_f004_m012_proc100.lp,cie_core_n016_f004_m012_proc100.lp,hem_beam,3,2,trainseed_2,auto,2026-07-23T04:42:16,optimal,27.0,26.719209599999886,1,0.08132330000080401,0.006000995635986328,0.0009989738464355469,0.03822493553161621,0.0,1,0,28462,0.0,928.7603958441302,1202.0,90674.0,10000.0,0.0,0.0,5,True,D:\git\git\RDMCT-A3C\cie\results\main\cie_main_600s_compact_final_v1\seed3\solutions\cie_core_nominal__cie_core_n016_f004_m012_proc100__hem_beam__solverseed_3__trainseed_2__trainseed_2.sol,,,,D:\git\git\RDMCT-A3C\cie\models\hem\seed_2\itr_60.pkl,13,False,beam_search,
cie_core_nominal,dual_source_cluster_tool,8_to_32_wafers_nominal_processing,test,600.0,[],D:\git\git\RDMCT-A3C\cie\data\core\spbs\cie_core_n016_f004_m012_proc100.lp,spbs\cie_core_n016_f004_m012_proc100.lp,cie_core_n016_f004_m012_proc100.lp,hem_structure,3,2,trainseed_2,auto,2026-07-23T04:42:43,optimal,11.0,11.571032700005162,1,0.06795380000403384,0.012086868286132812,0.0,0.0049991607666015625,0.003000020980834961,1,0,12136,0.0,322.34485117064514,1202.0,90920.0,10000.0,0.11591914445681106,46.0,4,True,D:\git\git\RDMCT-A3C\cie\results\main\cie_main_600s_compact_final_v1\seed3\solutions\cie_core_nominal__cie_core_n016_f004_m012_proc100__hem_structure__solverseed_3__trainseed_2__trainseed_2.sol,,,,D:\git\git\RDMCT-A3C\cie\models\proposed\seed_2\itr_60.pkl,23,True,greedy,
cie_core_nominal,dual_source_cluster_tool,8_to_32_wafers_nominal_processing,test,600.0,[],D:\git\git\RDMCT-A3C\cie\data\core\spbs\cie_core_n016_f008_m008_proc100.lp,spbs\cie_core_n016_f008_m008_proc100.lp,cie_core_n016_f008_m008_proc100.lp,hem,3,2,trainseed_2,auto,2026-07-23T04:42:54,optimal,3.0,2.963230900000781,1,0.030514099998981692,0.00700068473815918,0.0,0.02052474021911621,0.0,1,0,2596,0.0,127.01067951989415,1170.0,80918.0,10000.0,0.09350402817209878,42.0,7,True,D:\git\git\RDMCT-A3C\cie\results\main\cie_main_600s_compact_final_v1\seed3\solutions\cie_core_nominal__cie_core_n016_f008_m008_proc100__hem__solverseed_3__trainseed_2__trainseed_2.sol,,,,D:\git\git\RDMCT-A3C\cie\models\hem\seed_2\itr_60.pkl,13,False,greedy,
cie_core_nominal,dual_source_cluster_tool,8_to_32_wafers_nominal_processing,test,600.0,[],D:\git\git\RDMCT-A3C\cie\data\core\spbs\cie_core_n016_f008_m008_proc100.lp,spbs\cie_core_n016_f008_m008_proc100.lp,cie_core_n016_f008_m008_proc100.lp,rdmct_feature_only,3,2,trainseed_2,auto,2026-07-23T04:42:57,optimal,7.0,6.946836700000858,1,0.034309499998926185,0.009999990463256836,0.001001596450805664,0.02099895477294922,0.0,1,0,9442,0.0,174.5483316733671,1170.0,81110.0,10000.0,0.09350402817209878,42.0,3,True,D:\git\git\RDMCT-A3C\cie\results\main\cie_main_600s_compact_final_v1\seed3\solutions\cie_core_nominal__cie_core_n016_f008_m008_proc100__rdmct_feature_only__solverseed_3__trainseed_2__trainseed_2.sol,,,,D:\git\git\RDMCT-A3C\cie\models\feature_only\seed_2\itr_60.pkl,23,False,greedy,
cie_core_nominal,dual_source_cluster_tool,8_to_32_wafers_nominal_processing,test,600.0,[],D:\git\git\RDMCT-A3C\cie\data\core\spbs\cie_core_n016_f008_m008_proc100.lp,spbs\cie_core_n016_f008_m008_proc100.lp,cie_core_n016_f008_m008_proc100.lp,hem_beam,3,2,trainseed_2,auto,2026-07-23T04:43:04,optimal,3.0,2.95533649999561,1,0.04679009999381378,0.007257223129272461,0.0,0.03737998008728027,0.0,1,0,2596,0.0,48.6059918722238,1170.0,80918.0,10000.0,0.09350402817209878,42.0,7,True,D:\git\git\RDMCT-A3C\cie\results\main\cie_main_600s_compact_final_v1\seed3\solutions\cie_core_nominal__cie_core_n016_f008_m008_proc100__hem_beam__solverseed_3__trainseed_2__trainseed_2.sol,,,,D:\git\git\RDMCT-A3C\cie\models\hem\seed_2\itr_60.pkl,13,False,beam_search,
cie_core_nominal,dual_source_cluster_tool,8_to_32_wafers_nominal_processing,test,600.0,[],D:\git\git\RDMCT-A3C\cie\data\core\spbs\cie_core_n016_f008_m008_proc100.lp,spbs\cie_core_n016_f008_m008_proc100.lp,cie_core_n016_f008_m008_proc100.lp,hem_structure,3,2,trainseed_2,auto,2026-07-23T04:43:07,optimal,3.0,3.3153917999952682,1,0.13791670000500744,0.12703371047973633,0.0,0.005998849868774414,0.0031762123107910156,1,0,2847,0.0,60.098289386636424,1170.0,80943.0,10000.0,0.06565944237842802,29.0,5,True,D:\git\git\RDMCT-A3C\cie\results\main\cie_main_600s_compact_final_v1\seed3\solutions\cie_core_nominal__cie_core_n016_f008_m008_proc100__hem_structure__solverseed_3__trainseed_2__trainseed_2.sol,,,,D:\git\git\RDMCT-A3C\cie\models\proposed\seed_2\itr_60.pkl,23,True,greedy,
cie_core_nominal,dual_source_cluster_tool,8_to_32_wafers_nominal_processing,test,600.0,[],D:\git\git\RDMCT-A3C\cie\data\core\spbs\cie_core_n016_f008_m008_proc100.lp,spbs\cie_core_n016_f008_m008_proc100.lp,cie_core_n016_f008_m008_proc100.lp,proposed,3,2,trainseed_2,auto,2026-07-23T04:43:11,optimal,3.0,3.281042200003867,1,0.024769199997535907,0.010000467300415039,0.0010004043579101562,0.008180379867553711,0.0029990673065185547,1,0,2847,0.0,40.725199256528995,1170.0,80943.0,10000.0,0.06565944237842802,29.0,5,True,D:\git\git\RDMCT-A3C\cie\results\main\cie_main_600s_compact_final_v1\seed3\solutions\cie_core_nominal__cie_core_n016_f008_m008_proc100__proposed__solverseed_3__trainseed_2__trainseed_2.sol,,,,D:\git\git\RDMCT-A3C\cie\models\proposed\seed_2\itr_60.pkl,23,True,beam_search,
cie_core_nominal,dual_source_cluster_tool,8_to_32_wafers_nominal_processing,test,600.0,[],D:\git\git\RDMCT-A3C\cie\data\core\spbs\cie_core_n016_f012_m004_proc100.lp,spbs\cie_core_n016_f012_m004_proc100.lp,cie_core_n016_f012_m004_proc100.lp,rdmct_feature_only,3,2,trainseed_2,auto,2026-07-23T04:43:14,optimal,71.0,71.27830400000676,1,0.03444370000215713,0.011276006698608398,0.0,0.021401643753051758,0.0,1,0,61313,0.0,2940.7232321471365,1158.0,61884.24562537146,10000.0,0.2861125704223025,0.0,3,True,D:\git\git\RDMCT-A3C\cie\results\main\cie_main_600s_compact_final_v1\seed3\solutions\cie_core_nominal__cie_core_n016_f012_m004_proc100__rdmct_feature_only__solverseed_3__trainseed_2__trainseed_2.sol,,,,D:\git\git\RDMCT-A3C\cie\models\feature_only\seed_2\itr_60.pkl,23,False,greedy,
cie_core_nominal,dual_source_cluster_tool,8_to_32_wafers_nominal_processing,test,600.0,[],D:\git\git\RDMCT-A3C\cie\data\core\spbs\cie_core_n016_f012_m004_proc100.lp,spbs\cie_core_n016_f012_m004_proc100.lp,cie_core_n016_f012_m004_proc100.lp,hem_beam,3,2,trainseed_2,auto,2026-07-23T04:44:25,optimal,164.0,163.53732420000597,1,0.06019189999642549,0.007165431976318359,0.0009965896606445312,0.04234027862548828,0.0,1,0,157856,0.0,6807.54072278993,1158.0,61806.24562537146,10000.0,0.2235339972278639,0.0,4,True,D:\git\git\RDMCT-A3C\cie\results\main\cie_main_600s_compact_final_v1\seed3\solutions\cie_core_nominal__cie_core_n016_f012_m004_proc100__hem_beam__solverseed_3__trainseed_2__trainseed_2.sol,,,,D:\git\git\RDMCT-A3C\cie\models\hem\seed_2\itr_60.pkl,13,False,beam_search,
cie_core_nominal,dual_source_cluster_tool,8_to_32_wafers_nominal_processing,test,600.0,[],D:\git\git\RDMCT-A3C\cie\data\core\spbs\cie_core_n016_f012_m004_proc100.lp,spbs\cie_core_n016_f012_m004_proc100.lp,cie_core_n016_f012_m004_proc100.lp,hem_structure,3,2,trainseed_2,auto,2026-07-23T04:47:09,optimal,185.0,185.05892299999687,1,0.026179799999226816,0.01499795913696289,0.0,0.006114482879638672,0.003000497817993164,1,0,169888,0.0,6360.571796465982,1158.0,62445.24562537146,10000.0,0.26393648826324756,0.0,2,True,D:\git\git\RDMCT-A3C\cie\results\main\cie_main_600s_compact_final_v1\seed3\solutions\cie_core_nominal__cie_core_n016_f012_m004_proc100__hem_structure__solverseed_3__trainseed_2__trainseed_2.sol,,,,D:\git\git\RDMCT-A3C\cie\models\proposed\seed_2\itr_60.pkl,23,True,greedy,
cie_core_nominal,dual_source_cluster_tool,8_to_32_wafers_nominal_processing,test,600.0,[],D:\git\git\RDMCT-A3C\cie\data\core\spbs\cie_core_n016_f012_m004_proc100.lp,spbs\cie_core_n016_f012_m004_proc100.lp,cie_core_n016_f012_m004_proc100.lp,proposed,3,2,trainseed_2,auto,2026-07-23T04:50:14,optimal,181.0,181.87184510000225,1,0.06080649999785237,0.011321783065795898,0.0,0.009998321533203125,0.002999544143676758,1,0,169888,0.0,6155.3137654160055,1158.0,62445.24562537146,10000.0,0.26393648826324756,0.0,2,True,D:\git\git\RDMCT-A3C\cie\results\main\cie_main_600s_compact_final_v1\seed3\solutions\cie_core_nominal__cie_core_n016_f012_m004_proc100__proposed__solverseed_3__trainseed_2__trainseed_2.sol,,,,D:\git\git\RDMCT-A3C\cie\models\proposed\seed_2\itr_60.pkl,23,True,beam_search,
cie_core_nominal,dual_source_cluster_tool,8_to_32_wafers_nominal_processing,test,600.0,[],D:\git\git\RDMCT-A3C\cie\data\core\spbs\cie_core_n016_f012_m004_proc100.lp,spbs\cie_core_n016_f012_m004_proc100.lp,cie_core_n016_f012_m004_proc100.lp,hem,3,2,trainseed_2,auto,2026-07-23T04:53:16,optimal,165.0,165.12876179999876,1,0.06438820000039414,0.007302761077880859,0.0009999275207519531,0.02020430564880371,0.0,1,0,157856,0.0,6793.546395583375,1158.0,61806.24562537146,10000.0,0.2235339972278639,0.0,4,True,D:\git\git\RDMCT-A3C\cie\results\main\cie_main_600s_compact_final_v1\seed3\solutions\cie_core_nominal__cie_core_n016_f012_m004_proc100__hem__solverseed_3__trainseed_2__trainseed_2.sol,,,,D:\git\git\RDMCT-A3C\cie\models\hem\seed_2\itr_60.pkl,13,False,greedy,
cie_core_nominal,dual_source_cluster_tool,8_to_32_wafers_nominal_processing,test,600.0,[],D:\git\git\RDMCT-A3C\cie\data\core\spbs\cie_core_n024_f000_m024_proc100.lp,spbs\cie_core_n024_f000_m024_proc100.lp,cie_core_n024_f000_m024_proc100.lp,hem_beam,3,2,trainseed_2,auto,2026-07-23T04:56:01,timelimit,600.0,599.9981115999981,1,0.05811589999939315,0.010999917984008789,0.00026869773864746094,0.04020237922668457,0.0,1,0,117897,0.9895366001356133,30012.54656253379,4412.79217910079,162956.85986160376,10000.0,0.01699912779427555,8.661976873561798,1,True,D:\git\git\RDMCT-A3C\cie\results\main\cie_main_600s_compact_final_v1\seed3\solutions\cie_core_nominal__cie_core_n024_f000_m024_proc100__hem_beam__solverseed_3__trainseed_2__trainseed_2.sol,,,,D:\git\git\RDMCT-A3C\cie\models\hem\seed_2\itr_60.pkl,13,False,beam_search,
cie_core_nominal,dual_source_cluster_tool,8_to_32_wafers_nominal_processing,test,600.0,[],D:\git\git\RDMCT-A3C\cie\data\core\spbs\cie_core_n024_f000_m024_proc100.lp,spbs\cie_core_n024_f000_m024_proc100.lp,cie_core_n024_f000_m024_proc100.lp,hem_structure,3,2,trainseed_2,auto,2026-07-23T05:06:01,timelimit,600.0,600.002959999998,1,0.03072750000137603,0.0196988582611084,0.001215219497680664,0.006043434143066406,0.003000020980834961,1,0,110169,0.9877442248201758,29950.454356764916,4412.79217910079,162956.85986160376,10000.0,0.01699912779427555,8.661976873561798,1,True,D:\git\git\RDMCT-A3C\cie\results\main\cie_main_600s_compact_final_v1\seed3\solutions\cie_core_nominal__cie_core_n024_f000_m024_proc100__hem_structure__solverseed_3__trainseed_2__trainseed_2.sol,,,,D:\git\git\RDMCT-A3C\cie\models\proposed\seed_2\itr_60.pkl,23,True,greedy,
cie_core_nominal,dual_source_cluster_tool,8_to_32_wafers_nominal_processing,test,600.0,[],D:\git\git\RDMCT-A3C\cie\data\core\spbs\cie_core_n024_f000_m024_proc100.lp,spbs\cie_core_n024_f000_m024_proc100.lp,cie_core_n024_f000_m024_proc100.lp,proposed,3,2,trainseed_2,auto,2026-07-23T05:16:01,timelimit,600.0,600.0045663000055,1,0.052828599997155834,0.013541936874389648,0.0,0.010998010635375977,0.003131866455078125,1,0,109390,0.9877442248201758,30000.94393138282,4412.79217910079,162956.85986160376,10000.0,0.01699912779427555,8.661976873561798,1,True,D:\git\git\RDMCT-A3C\cie\results\main\cie_main_600s_compact_final_v1\seed3\solutions\cie_core_nominal__cie_core_n024_f000_m024_proc100__proposed__solverseed_3__trainseed_2__trainseed_2.sol,,,,D:\git\git\RDMCT-A3C\cie\models\proposed\seed_2\itr_60.pkl,23,True,beam_search,
cie_core_nominal,dual_source_cluster_tool,8_to_32_wafers_nominal_processing,test,600.0,[],D:\git\git\RDMCT-A3C\cie\data\core\spbs\cie_core_n024_f000_m024_proc100.lp,spbs\cie_core_n024_f000_m024_proc100.lp,cie_core_n024_f000_m024_proc100.lp,hem,3,2,trainseed_2,auto,2026-07-23T05:26:01,timelimit,600.0,599.9671858000002,1,0.03178679999837186,0.010212898254394531,0.0,0.020133256912231445,0.0,1,0,118911,0.9895366001356133,29962.328924583493,4412.79217910079,162956.85986160376,10000.0,0.01699912779427555,8.661976873561798,1,True,D:\git\git\RDMCT-A3C\cie\results\main\cie_main_600s_compact_final_v1\seed3\solutions\cie_core_nominal__cie_core_n024_f000_m024_proc100__hem__solverseed_3__trainseed_2__trainseed_2.sol,,,,D:\git\git\RDMCT-A3C\cie\models\hem\seed_2\itr_60.pkl,13,False,greedy,
cie_core_nominal,dual_source_cluster_tool,8_to_32_wafers_nominal_processing,test,600.0,[],D:\git\git\RDMCT-A3C\cie\data\core\spbs\cie_core_n024_f000_m024_proc100.lp,spbs\cie_core_n024_f000_m024_proc100.lp,cie_core_n024_f000_m024_proc100.lp,rdmct_feature_only,3,2,trainseed_2,auto,2026-07-23T05:36:01,optimal,467.0,467.6411051000032,1,0.07143950000318,0.013995647430419922,0.0009987354278564453,0.021203041076660156,0.0,1,0,105893,0.0,23317.29902244661,2224.0,160810.0,10000.0,0.014953222679690712,10.0,3,True,D:\git\git\RDMCT-A3C\cie\results\main\cie_main_600s_compact_final_v1\seed3\solutions\cie_core_nominal__cie_core_n024_f000_m024_proc100__rdmct_feature_only__solverseed_3__trainseed_2__trainseed_2.sol,,,,D:\git\git\RDMCT-A3C\cie\models\feature_only\seed_2\itr_60.pkl,23,False,greedy,
cie_core_nominal,dual_source_cluster_tool,8_to_32_wafers_nominal_processing,test,600.0,[],D:\git\git\RDMCT-A3C\cie\data\core\spbs\cie_core_n024_f006_m018_proc100.lp,spbs\cie_core_n024_f006_m018_proc100.lp,cie_core_n024_f006_m018_proc100.lp,hem_structure,3,2,trainseed_2,auto,2026-07-23T05:43:48,optimal,426.0,426.01286529999925,1,0.042990400004782714,0.01600337028503418,0.0,0.015270471572875977,0.003000020980834961,1,0,152222,0.0,6227.128993021783,2290.0,153496.0,10000.0,0.0,0.0,8,True,D:\git\git\RDMCT-A3C\cie\results\main\cie_main_600s_compact_final_v1\seed3\solutions\cie_core_nominal__cie_core_n024_f006_m018_proc100__hem_structure__solverseed_3__trainseed_2__trainseed_2.sol,,,,D:\git\git\RDMCT-A3C\cie\models\proposed\seed_2\itr_60.pkl,23,True,greedy,
cie_core_nominal,dual_source_cluster_tool,8_to_32_wafers_nominal_processing,test,600.0,[],D:\git\git\RDMCT-A3C\cie\data\core\spbs\cie_core_n024_f006_m018_proc100.lp,spbs\cie_core_n024_f006_m018_proc100.lp,cie_core_n024_f006_m018_proc100.lp,proposed,3,2,trainseed_2,auto,2026-07-23T05:50:54,optimal,423.0,422.6016826999985,1,0.027943000000959728,0.014264822006225586,0.0010004043579101562,0.008000612258911133,0.0029997825622558594,1,0,152222,0.0,6136.068243845732,2290.0,153496.0,10000.0,0.0,0.0,8,True,D:\git\git\RDMCT-A3C\cie\results\main\cie_main_600s_compact_final_v1\seed3\solutions\cie_core_nominal__cie_core_n024_f006_m018_proc100__proposed__solverseed_3__trainseed_2__trainseed_2.sol,,,,D:\git\git\RDMCT-A3C\cie\models\proposed\seed_2\itr_60.pkl,23,True,beam_search,
cie_core_nominal,dual_source_cluster_tool,8_to_32_wafers_nominal_processing,test,600.0,[],D:\git\git\RDMCT-A3C\cie\data\core\spbs\cie_core_n024_f006_m018_proc100.lp,spbs\cie_core_n024_f006_m018_proc100.lp,cie_core_n024_f006_m018_proc100.lp,hem,3,2,trainseed_2,auto,2026-07-23T05:57:57,timelimit,600.0,599.775937499995,1,0.06778429999394575,0.010000228881835938,0.003000497817993164,0.018254756927490234,0.0,1,0,212818,0.06790123456790123,14762.765499263289,2422.0,153514.0,10000.0,0.21207673096552607,136.0,2,True,D:\git\git\RDMCT-A3C\cie\results\main\cie_main_600s_compact_final_v1\seed3\solutions\cie_core_nominal__cie_core_n024_f006_m018_proc100__hem__solverseed_3__trainseed_2__trainseed_2.sol,,,,D:\git\git\RDMCT-A3C\cie\models\hem\seed_2\itr_60.pkl,13,False,greedy,
cie_core_nominal,dual_source_cluster_tool,8_to_32_wafers_nominal_processing,test,600.0,[],D:\git\git\RDMCT-A3C\cie\data\core\spbs\cie_core_n024_f006_m018_proc100.lp,spbs\cie_core_n024_f006_m018_proc100.lp,cie_core_n024_f006_m018_proc100.lp,rdmct_feature_only,3,2,trainseed_2,auto,2026-07-23T06:07:57,optimal,578.0,578.2295532999997,1,0.07056910000392236,0.014121294021606445,0.0,0.020621061325073242,0.0,1,0,226024,0.0,7642.391358776841,2290.0,152932.0,10000.0,0.058494264380165785,70.0,10,True,D:\git\git\RDMCT-A3C\cie\results\main\cie_main_600s_compact_final_v1\seed3\solutions\cie_core_nominal__cie_core_n024_f006_m018_proc100__rdmct_feature_only__solverseed_3__trainseed_2__trainseed_2.sol,,,,D:\git\git\RDMCT-A3C\cie\models\feature_only\seed_2\itr_60.pkl,23,False,greedy,
cie_core_nominal,dual_source_cluster_tool,8_to_32_wafers_nominal_processing,test,600.0,[],D:\git\git\RDMCT-A3C\cie\data\core\spbs\cie_core_n024_f006_m018_proc100.lp,spbs\cie_core_n024_f006_m018_proc100.lp,cie_core_n024_f006_m018_proc100.lp,hem_beam,3,2,trainseed_2,auto,2026-07-23T06:17:35,timelimit,600.0,599.7724094000005,1,0.0692845999947167,0.019999980926513672,0.0,0.041269779205322266,0.0,1,0,204464,0.06790123456790123,15075.14904227587,2422.0,153514.0,10000.0,0.21207673096552607,136.0,2,True,D:\git\git\RDMCT-A3C\cie\results\main\cie_main_600s_compact_final_v1\seed3\solutions\cie_core_nominal__cie_core_n024_f006_m018_proc100__hem_beam__solverseed_3__trainseed_2__trainseed_2.sol,,,,D:\git\git\RDMCT-A3C\cie\models\hem\seed_2\itr_60.pkl,13,False,beam_search,
cie_core_nominal,dual_source_cluster_tool,8_to_32_wafers_nominal_processing,test,600.0,[],D:\git\git\RDMCT-A3C\cie\data\core\spbs\cie_core_n024_f012_m012_proc100.lp,spbs\cie_core_n024_f012_m012_proc100.lp,cie_core_n024_f012_m012_proc100.lp,proposed,3,2,trainseed_2,auto,2026-07-23T06:27:35,timelimit,600.0,599.9784848000054,1,0.03753169999981765,0.016258955001831055,0.0,0.010356903076171875,0.003000497817993164,1,0,145128,0.3857913669064748,16860.837118754054,3082.0,108282.0,9447.0,0.6342177124582453,0.0,1,True,D:\git\git\RDMCT-A3C\cie\results\main\cie_main_600s_compact_final_v1\seed3\solutions\cie_core_nominal__cie_core_n024_f012_m012_proc100__proposed__solverseed_3__trainseed_2__trainseed_2.sol,,,,D:\git\git\RDMCT-A3C\cie\models\proposed\seed_2\itr_60.pkl,23,True,beam_search,
cie_core_nominal,dual_source_cluster_tool,8_to_32_wafers_nominal_processing,test,600.0,[],D:\git\git\RDMCT-A3C\cie\data\core\spbs\cie_core_n024_f012_m012_proc100.lp,spbs\cie_core_n024_f012_m012_proc100.lp,cie_core_n024_f012_m012_proc100.lp,hem,3,2,trainseed_2,auto,2026-07-23T06:37:35,timelimit,600.0,599.9995156999939,1,0.06723169999895617,0.011126279830932617,0.0008785724639892578,0.020077943801879883,0.0,1,0,166288,0.19469424460431656,14296.698732645855,2657.0,122995.0,10000.0,0.5793398976707101,0.0,13,True,D:\git\git\RDMCT-A3C\cie\results\main\cie_main_600s_compact_final_v1\seed3\solutions\cie_core_nominal__cie_core_n024_f012_m012_proc100__hem__solverseed_3__trainseed_2__trainseed_2.sol,,,,D:\git\git\RDMCT-A3C\cie\models\hem\seed_2\itr_60.pkl,13,False,greedy,
cie_core_nominal,dual_source_cluster_tool,8_to_32_wafers_nominal_processing,test,600.0,[],D:\git\git\RDMCT-A3C\cie\data\core\spbs\cie_core_n024_f012_m012_proc100.lp,spbs\cie_core_n024_f012_m012_proc100.lp,cie_core_n024_f012_m012_proc100.lp,rdmct_feature_only,3,2,trainseed_2,auto,2026-07-23T06:47:35,timelimit,600.0,600.0302694999991,1,0.07256420000339858,0.01499485969543457,0.0,0.021420001983642578,0.0,1,0,170211,0.3857913669064748,16808.760545100584,3082.0,108282.0,9447.0,0.6342177124582453,0.0,1,True,D:\git\git\RDMCT-A3C\cie\results\main\cie_main_600s_compact_final_v1\seed3\solutions\cie_core_nominal__cie_core_n024_f012_m012_proc100__rdmct_feature_only__solverseed_3__trainseed_2__trainseed_2.sol,,,,D:\git\git\RDMCT-A3C\cie\models\feature_only\seed_2\itr_60.pkl,23,False,greedy,
cie_core_nominal,dual_source_cluster_tool,8_to_32_wafers_nominal_processing,test,600.0,[],D:\git\git\RDMCT-A3C\cie\data\core\spbs\cie_core_n024_f012_m012_proc100.lp,spbs\cie_core_n024_f012_m012_proc100.lp,cie_core_n024_f012_m012_proc100.lp,hem_beam,3,2,trainseed_2,auto,2026-07-23T06:57:35,timelimit,600.0,599.9818625000044,1,0.06814380000287201,0.01957416534423828,0.0009989738464355469,0.04198002815246582,0.0,1,0,171546,0.19469424460431656,14177.434266745091,2657.0,122995.0,10000.0,0.5793398976707101,0.0,13,True,D:\git\git\RDMCT-A3C\cie\results\main\cie_main_600s_compact_final_v1\seed3\solutions\cie_core_nominal__cie_core_n024_f012_m012_proc100__hem_beam__solverseed_3__trainseed_2__trainseed_2.sol,,,,D:\git\git\RDMCT-A3C\cie\models\hem\seed_2\itr_60.pkl,13,False,beam_search,
cie_core_nominal,dual_source_cluster_tool,8_to_32_wafers_nominal_processing,test,600.0,[],D:\git\git\RDMCT-A3C\cie\data\core\spbs\cie_core_n024_f012_m012_proc100.lp,spbs\cie_core_n024_f012_m012_proc100.lp,cie_core_n024_f012_m012_proc100.lp,hem_structure,3,2,trainseed_2,auto,2026-07-23T07:07:35,timelimit,600.0,599.986476500002,1,0.05888550000236137,0.015130758285522461,0.0009996891021728516,0.0050013065338134766,0.0030002593994140625,1,0,145062,0.3857913669064748,16861.972744970797,3082.0,108282.0,9447.0,0.6342177124582453,0.0,1,True,D:\git\git\RDMCT-A3C\cie\results\main\cie_main_600s_compact_final_v1\seed3\solutions\cie_core_nominal__cie_core_n024_f012_m012_proc100__hem_structure__solverseed_3__trainseed_2__trainseed_2.sol,,,,D:\git\git\RDMCT-A3C\cie\models\proposed\seed_2\itr_60.pkl,23,True,greedy,
cie_core_nominal,dual_source_cluster_tool,8_to_32_wafers_nominal_processing,test,600.0,[],D:\git\git\RDMCT-A3C\cie\data\core\spbs\cie_core_n024_f018_m006_proc100.lp,spbs\cie_core_n024_f018_m006_proc100.lp,cie_core_n024_f018_m006_proc100.lp,hem,3,2,trainseed_2,auto,2026-07-23T07:17:35,optimal,367.0,366.963276399998,1,0.07287959999666782,0.01611161231994629,0.0009992122650146484,0.01935434341430664,0.0,1,0,103080,0.0,5452.987804701333,2269.9999999999973,104932.82976885838,10000.0,0.2664175817238192,65.99999999999727,14,True,D:\git\git\RDMCT-A3C\cie\results\main\cie_main_600s_compact_final_v1\seed3\solutions\cie_core_nominal__cie_core_n024_f018_m006_proc100__hem__solverseed_3__trainseed_2__trainseed_2.sol,,,,D:\git\git\RDMCT-A3C\cie\models\hem\seed_2\itr_60.pkl,13,False,greedy,
cie_core_nominal,dual_source_cluster_tool,8_to_32_wafers_nominal_processing,test,600.0,[],D:\git\git\RDMCT-A3C\cie\data\core\spbs\cie_core_n024_f018_m006_proc100.lp,spbs\cie_core_n024_f018_m006_proc100.lp,cie_core_n024_f018_m006_proc100.lp,rdmct_feature_only,3,2,trainseed_2,auto,2026-07-23T07:23:42,timelimit,600.0,600.0491945999966,1,0.04032450000522658,0.018001079559326172,0.0,0.020000457763671875,0.0,1,0,126944,0.1147686832740214,16039.9170600836,2505.999999999999,104864.30976885838,10000.0,0.3581419016753717,161.9999999999991,12,True,D:\git\git\RDMCT-A3C\cie\results\main\cie_main_600s_compact_final_v1\seed3\solutions\cie_core_nominal__cie_core_n024_f018_m006_proc100__rdmct_feature_only__solverseed_3__trainseed_2__trainseed_2.sol,,,,D:\git\git\RDMCT-A3C\cie\models\feature_only\seed_2\itr_60.pkl,23,False,greedy,
cie_core_nominal,dual_source_cluster_tool,8_to_32_wafers_nominal_processing,test,600.0,[],D:\git\git\RDMCT-A3C\cie\data\core\spbs\cie_core_n024_f018_m006_proc100.lp,spbs\cie_core_n024_f018_m006_proc100.lp,cie_core_n024_f018_m006_proc100.lp,hem_beam,3,2,trainseed_2,auto,2026-07-23T07:33:42,timelimit,600.0,600.0166622999968,1,0.10191409999970347,0.026316404342651367,0.00099945068359375,0.03969717025756836,0.0,1,0,139029,0.01734875444839818,7991.998176133795,2286.999999999998,103987.82976885838,10000.0,0.4664494659331305,49.0,11,True,D:\git\git\RDMCT-A3C\cie\results\main\cie_main_600s_compact_final_v1\seed3\solutions\cie_core_nominal__cie_core_n024_f018_m006_proc100__hem_beam__solverseed_3__trainseed_2__trainseed_2.sol,,,,D:\git\git\RDMCT-A3C\cie\models\hem\seed_2\itr_60.pkl,13,False,beam_search,
cie_core_nominal,dual_source_cluster_tool,8_to_32_wafers_nominal_processing,test,600.0,[],D:\git\git\RDMCT-A3C\cie\data\core\spbs\cie_core_n024_f018_m006_proc100.lp,spbs\cie_core_n024_f018_m006_proc100.lp,cie_core_n024_f018_m006_proc100.lp,hem_structure,3,2,trainseed_2,auto,2026-07-23T07:43:42,optimal,430.0,429.99910100000125,1,0.06434829999489011,0.018001317977905273,0.002000093460083008,0.005999565124511719,0.002999544143676758,1,0,108793,0.0,10664.902037196123,2269.9999999999973,104657.82976885836,10000.0,0.26641758172382046,66.00000000000091,11,True,D:\git\git\RDMCT-A3C\cie\results\main\cie_main_600s_compact_final_v1\seed3\solutions\cie_core_nominal__cie_core_n024_f018_m006_proc100__hem_structure__solverseed_3__trainseed_2__trainseed_2.sol,,,,D:\git\git\RDMCT-A3C\cie\models\proposed\seed_2\itr_60.pkl,23,True,greedy,
cie_core_nominal,dual_source_cluster_tool,8_to_32_wafers_nominal_processing,test,600.0,[],D:\git\git\RDMCT-A3C\cie\data\core\spbs\cie_core_n024_f018_m006_proc100.lp,spbs\cie_core_n024_f018_m006_proc100.lp,cie_core_n024_f018_m006_proc100.lp,proposed,3,2,trainseed_2,auto,2026-07-23T07:50:52,optimal,439.0,439.7056273999988,1,0.06745139999839012,0.0191650390625,0.0,0.009999990463256836,0.003000020980834961,1,0,108793,0.0,10910.772595271288,2269.9999999999973,104657.82976885836,10000.0,0.26641758172382046,66.00000000000091,11,True,D:\git\git\RDMCT-A3C\cie\results\main\cie_main_600s_compact_final_v1\seed3\solutions\cie_core_nominal__cie_core_n024_f018_m006_proc100__proposed__solverseed_3__trainseed_2__trainseed_2.sol,,,,D:\git\git\RDMCT-A3C\cie\models\proposed\seed_2\itr_60.pkl,23,True,beam_search,
cie_core_nominal,dual_source_cluster_tool,8_to_32_wafers_nominal_processing,test,600.0,[],D:\git\git\RDMCT-A3C\cie\data\core\spbs\cie_core_n032_f000_m032_proc100.lp,spbs\cie_core_n032_f000_m032_proc100.lp,cie_core_n032_f000_m032_proc100.lp,rdmct_feature_only,3,2,trainseed_2,auto,2026-07-23T07:58:11,optimal,455.0,455.1427163999979,1,0.04964279999694554,0.0262908935546875,0.0,0.021414756774902344,0.0,1,0,148877,0.0,4995.8470612319525,2592.0,200654.0,10000.0,0.010495889827120372,16.0,10,True,D:\git\git\RDMCT-A3C\cie\results\main\cie_main_600s_compact_final_v1\seed3\solutions\cie_core_nominal__cie_core_n032_f000_m032_proc100__rdmct_feature_only__solverseed_3__trainseed_2__trainseed_2.sol,,,,D:\git\git\RDMCT-A3C\cie\models\feature_only\seed_2\itr_60.pkl,23,False,greedy,
cie_core_nominal,dual_source_cluster_tool,8_to_32_wafers_nominal_processing,test,600.0,[],D:\git\git\RDMCT-A3C\cie\data\core\spbs\cie_core_n032_f000_m032_proc100.lp,spbs\cie_core_n032_f000_m032_proc100.lp,cie_core_n032_f000_m032_proc100.lp,hem_beam,3,2,trainseed_2,auto,2026-07-23T08:05:47,optimal,206.0,206.4543279999998,1,0.055162800003017765,0.01223444938659668,0.0010399818420410156,0.040395498275756836,0.0,1,0,52958,0.0,2614.168063961643,2592.0,201356.0,10000.0,0.0,0.0,11,True,D:\git\git\RDMCT-A3C\cie\results\main\cie_main_600s_compact_final_v1\seed3\solutions\cie_core_nominal__cie_core_n032_f000_m032_proc100__hem_beam__solverseed_3__trainseed_2__trainseed_2.sol,,,,D:\git\git\RDMCT-A3C\cie\models\hem\seed_2\itr_60.pkl,13,False,beam_search,
cie_core_nominal,dual_source_cluster_tool,8_to_32_wafers_nominal_processing,test,600.0,[],D:\git\git\RDMCT-A3C\cie\data\core\spbs\cie_core_n032_f000_m032_proc100.lp,spbs\cie_core_n032_f000_m032_proc100.lp,cie_core_n032_f000_m032_proc100.lp,hem_structure,3,2,trainseed_2,auto,2026-07-23T08:09:13,optimal,465.0,465.0866348999989,1,0.06008369999472052,0.015281438827514648,0.0009975433349609375,0.004998922348022461,0.0030002593994140625,1,0,185598,0.0,5102.49708514003,2592.0,202930.0,10000.0,0.014777899141282438,18.0,5,True,D:\git\git\RDMCT-A3C\cie\results\main\cie_main_600s_compact_final_v1\seed3\solutions\cie_core_nominal__cie_core_n032_f000_m032_proc100__hem_structure__solverseed_3__trainseed_2__trainseed_2.sol,,,,D:\git\git\RDMCT-A3C\cie\models\proposed\seed_2\itr_60.pkl,23,True,greedy,
cie_core_nominal,dual_source_cluster_tool,8_to_32_wafers_nominal_processing,test,600.0,[],D:\git\git\RDMCT-A3C\cie\data\core\spbs\cie_core_n032_f000_m032_proc100.lp,spbs\cie_core_n032_f000_m032_proc100.lp,cie_core_n032_f000_m032_proc100.lp,proposed,3,2,trainseed_2,auto,2026-07-23T08:16:58,optimal,448.0,448.1572954000003,1,0.0579654000030132,0.010001897811889648,0.0009992122650146484,0.008137941360473633,0.0029959678649902344,1,0,185598,0.0,4919.645845470609,2592.0,202930.0,10000.0,0.014777899141282438,18.0,5,True,D:\git\git\RDMCT-A3C\cie\results\main\cie_main_600s_compact_final_v1\seed3\solutions\cie_core_nominal__cie_core_n032_f000_m032_proc100__proposed__solverseed_3__trainseed_2__trainseed_2.sol,,,,D:\git\git\RDMCT-A3C\cie\models\proposed\seed_2\itr_60.pkl,23,True,beam_search,
cie_core_nominal,dual_source_cluster_tool,8_to_32_wafers_nominal_processing,test,600.0,[],D:\git\git\RDMCT-A3C\cie\data\core\spbs\cie_core_n032_f000_m032_proc100.lp,spbs\cie_core_n032_f000_m032_proc100.lp,cie_core_n032_f000_m032_proc100.lp,hem,3,2,trainseed_2,auto,2026-07-23T08:24:26,optimal,206.0,206.37201780000032,1,0.07844150000164518,0.02251458168029785,0.0011105537414550781,0.0193941593170166,0.0,1,0,52958,0.0,2708.219882285351,2592.0,201356.0,10000.0,0.0,0.0,11,True,D:\git\git\RDMCT-A3C\cie\results\main\cie_main_600s_compact_final_v1\seed3\solutions\cie_core_nominal__cie_core_n032_f000_m032_proc100__hem__solverseed_3__trainseed_2__trainseed_2.sol,,,,D:\git\git\RDMCT-A3C\cie\models\hem\seed_2\itr_60.pkl,13,False,greedy,
cie_core_nominal,dual_source_cluster_tool,8_to_32_wafers_nominal_processing,test,600.0,[],D:\git\git\RDMCT-A3C\cie\data\core\spbs\cie_core_n032_f008_m024_proc100.lp,spbs\cie_core_n032_f008_m024_proc100.lp,cie_core_n032_f008_m024_proc100.lp,hem_beam,3,2,trainseed_2,auto,2026-07-23T08:27:53,timelimit,600.0,600.122512599999,1,0.09076370000548195,0.013006210327148438,0.0010001659393310547,0.040357351303100586,0.0,1,0,123147,0.10607225211375865,8005.697153431809,2878.0,183328.0,10000.0,0.0,0.0,3,True,D:\git\git\RDMCT-A3C\cie\results\main\cie_main_600s_compact_final_v1\seed3\solutions\cie_core_nominal__cie_core_n032_f008_m024_proc100__hem_beam__solverseed_3__trainseed_2__trainseed_2.sol,,,,D:\git\git\RDMCT-A3C\cie\models\hem\seed_2\itr_60.pkl,13,False,beam_search,
cie_core_nominal,dual_source_cluster_tool,8_to_32_wafers_nominal_processing,test,600.0,[],D:\git\git\RDMCT-A3C\cie\data\core\spbs\cie_core_n032_f008_m024_proc100.lp,spbs\cie_core_n032_f008_m024_proc100.lp,cie_core_n032_f008_m024_proc100.lp,hem_structure,3,2,trainseed_2,auto,2026-07-23T08:37:53,timelimit,600.0,599.993046800002,1,0.06444960000226274,0.018128633499145508,0.0,0.006334066390991211,0.002999544143676758,1,0,144704,0.10522273425499232,6712.662514655426,2878.0,183428.0,10000.0,0.06624417024677896,90.0,2,True,D:\git\git\RDMCT-A3C\cie\results\main\cie_main_600s_compact_final_v1\seed3\solutions\cie_core_nominal__cie_core_n032_f008_m024_proc100__hem_structure__solverseed_3__trainseed_2__trainseed_2.sol,,,,D:\git\git\RDMCT-A3C\cie\models\proposed\seed_2\itr_60.pkl,23,True,greedy,
cie_core_nominal,dual_source_cluster_tool,8_to_32_wafers_nominal_processing,test,600.0,[],D:\git\git\RDMCT-A3C\cie\data\core\spbs\cie_core_n032_f008_m024_proc100.lp,spbs\cie_core_n032_f008_m024_proc100.lp,cie_core_n032_f008_m024_proc100.lp,proposed,3,2,trainseed_2,auto,2026-07-23T08:47:53,timelimit,600.0,599.9765296000041,1,0.06627709999884246,0.017297983169555664,0.0009984970092773438,0.009999752044677734,0.0029997825622558594,1,0,144734,0.10522273425499232,6718.099558396792,2878.0,183428.0,10000.0,0.06624417024677896,90.0,2,True,D:\git\git\RDMCT-A3C\cie\results\main\cie_main_600s_compact_final_v1\seed3\solutions\cie_core_nominal__cie_core_n032_f008_m024_proc100__proposed__solverseed_3__trainseed_2__trainseed_2.sol,,,,D:\git\git\RDMCT-A3C\cie\models\proposed\seed_2\itr_60.pkl,23,True,beam_search,
cie_core_nominal,dual_source_cluster_tool,8_to_32_wafers_nominal_processing,test,600.0,[],D:\git\git\RDMCT-A3C\cie\data\core\spbs\cie_core_n032_f008_m024_proc100.lp,spbs\cie_core_n032_f008_m024_proc100.lp,cie_core_n032_f008_m024_proc100.lp,hem,3,2,trainseed_2,auto,2026-07-23T08:57:53,timelimit,600.0,600.0203391000032,1,0.06665359999897191,0.013099908828735352,0.0,0.018214941024780273,0.0,1,0,124423,0.10607225211375865,7966.393401325129,2878.0,183328.0,10000.0,0.0,0.0,3,True,D:\git\git\RDMCT-A3C\cie\results\main\cie_main_600s_compact_final_v1\seed3\solutions\cie_core_nominal__cie_core_n032_f008_m024_proc100__hem__solverseed_3__trainseed_2__trainseed_2.sol,,,,D:\git\git\RDMCT-A3C\cie\models\hem\seed_2\itr_60.pkl,13,False,greedy,
cie_core_nominal,dual_source_cluster_tool,8_to_32_wafers_nominal_processing,test,600.0,[],D:\git\git\RDMCT-A3C\cie\data\core\spbs\cie_core_n032_f008_m024_proc100.lp,spbs\cie_core_n032_f008_m024_proc100.lp,cie_core_n032_f008_m024_proc100.lp,rdmct_feature_only,3,2,trainseed_2,auto,2026-07-23T09:07:53,optimal,234.0,234.08279600000242,1,0.07274160000088159,0.016368389129638672,0.0,0.02105712890625,0.0,1,0,79448,0.0,1413.5240119349858,2626.0,182761.0,10000.0,0.03419200814799382,23.0,7,True,D:\git\git\RDMCT-A3C\cie\results\main\cie_main_600s_compact_final_v1\seed3\solutions\cie_core_nominal__cie_core_n032_f008_m024_proc100__rdmct_feature_only__solverseed_3__trainseed_2__trainseed_2.sol,,,,D:\git\git\RDMCT-A3C\cie\models\feature_only\seed_2\itr_60.pkl,23,False,greedy,
cie_core_nominal,dual_source_cluster_tool,8_to_32_wafers_nominal_processing,test,600.0,[],D:\git\git\RDMCT-A3C\cie\data\core\spbs\cie_core_n032_f016_m016_proc100.lp,spbs\cie_core_n032_f016_m016_proc100.lp,cie_core_n032_f016_m016_proc100.lp,hem_structure,3,2,trainseed_2,auto,2026-07-23T09:11:47,timelimit,600.0,599.8564697999973,1,0.05931319999945117,0.031160831451416016,0.0010755062103271484,0.00392603874206543,0.0031702518463134766,1,0,33601,3.045307443365696,45642.88,10000.0,192542.0,10000.0,0.7103546114337526,6.0,1,True,D:\git\git\RDMCT-A3C\cie\results\main\cie_main_600s_compact_final_v1\seed3\solutions\cie_core_nominal__cie_core_n032_f016_m016_proc100__hem_structure__solverseed_3__trainseed_2__trainseed_2.sol,,,,D:\git\git\RDMCT-A3C\cie\models\proposed\seed_2\itr_60.pkl,23,True,greedy,
cie_core_nominal,dual_source_cluster_tool,8_to_32_wafers_nominal_processing,test,600.0,[],D:\git\git\RDMCT-A3C\cie\data\core\spbs\cie_core_n032_f016_m016_proc100.lp,spbs\cie_core_n032_f016_m016_proc100.lp,cie_core_n032_f016_m016_proc100.lp,proposed,3,2,trainseed_2,auto,2026-07-23T09:21:47,timelimit,600.0,599.9952787000002,1,0.33503420000488404,0.28267741203308105,0.0,0.007000923156738281,0.003000020980834961,1,0,34117,3.045307443365696,45666.52,10000.0,192542.0,10000.0,0.7103546114337526,6.0,1,True,D:\git\git\RDMCT-A3C\cie\results\main\cie_main_600s_compact_final_v1\seed3\solutions\cie_core_nominal__cie_core_n032_f016_m016_proc100__proposed__solverseed_3__trainseed_2__trainseed_2.sol,,,,D:\git\git\RDMCT-A3C\cie\models\proposed\seed_2\itr_60.pkl,23,True,beam_search,
cie_core_nominal,dual_source_cluster_tool,8_to_32_wafers_nominal_processing,test,600.0,[],D:\git\git\RDMCT-A3C\cie\data\core\spbs\cie_core_n032_f016_m016_proc100.lp,spbs\cie_core_n032_f016_m016_proc100.lp,cie_core_n032_f016_m016_proc100.lp,hem,3,2,trainseed_2,auto,2026-07-23T09:31:47,timelimit,600.0,600.0086607999983,1,0.05059210000035819,0.017151832580566406,0.0009989738464355469,0.018256187438964844,0.0,1,0,41366,3.048582995951417,45641.67999999999,10000.0,192542.0,10000.0,0.7103546114337526,6.0,1,True,D:\git\git\RDMCT-A3C\cie\results\main\cie_main_600s_compact_final_v1\seed3\solutions\cie_core_nominal__cie_core_n032_f016_m016_proc100__hem__solverseed_3__trainseed_2__trainseed_2.sol,,,,D:\git\git\RDMCT-A3C\cie\models\hem\seed_2\itr_60.pkl,13,False,greedy,
cie_core_nominal,dual_source_cluster_tool,8_to_32_wafers_nominal_processing,test,600.0,[],D:\git\git\RDMCT-A3C\cie\data\core\spbs\cie_core_n032_f016_m016_proc100.lp,spbs\cie_core_n032_f016_m016_proc100.lp,cie_core_n032_f016_m016_proc100.lp,rdmct_feature_only,3,2,trainseed_2,auto,2026-07-23T09:41:47,timelimit,600.0,600.0097983000014,1,0.09740949999832083,0.03421950340270996,0.0010018348693847656,0.019641876220703125,0.0,1,0,53299,3.048582995951417,45639.439999999995,10000.0,192542.0,10000.0,0.7103546114337526,6.0,1,True,D:\git\git\RDMCT-A3C\cie\results\main\cie_main_600s_compact_final_v1\seed3\solutions\cie_core_nominal__cie_core_n032_f016_m016_proc100__rdmct_feature_only__solverseed_3__trainseed_2__trainseed_2.sol,,,,D:\git\git\RDMCT-A3C\cie\models\feature_only\seed_2\itr_60.pkl,23,False,greedy,
cie_core_nominal,dual_source_cluster_tool,8_to_32_wafers_nominal_processing,test,600.0,[],D:\git\git\RDMCT-A3C\cie\data\core\spbs\cie_core_n032_f016_m016_proc100.lp,spbs\cie_core_n032_f016_m016_proc100.lp,cie_core_n032_f016_m016_proc100.lp,hem_beam,3,2,trainseed_2,auto,2026-07-23T09:51:47,timelimit,600.0,599.9771894000005,1,0.10392940000019735,0.016196250915527344,0.0,0.04030871391296387,0.0,1,0,27440,3.0518638573743924,45663.799999999996,10000.0,192542.0,10000.0,0.7103546114337526,6.0,1,True,D:\git\git\RDMCT-A3C\cie\results\main\cie_main_600s_compact_final_v1\seed3\solutions\cie_core_nominal__cie_core_n032_f016_m016_proc100__hem_beam__solverseed_3__trainseed_2__trainseed_2.sol,,,,D:\git\git\RDMCT-A3C\cie\models\hem\seed_2\itr_60.pkl,13,False,beam_search,
cie_core_nominal,dual_source_cluster_tool,8_to_32_wafers_nominal_processing,test,600.0,[],D:\git\git\RDMCT-A3C\cie\data\core\spbs\cie_core_n032_f024_m008_proc100.lp,spbs\cie_core_n032_f024_m008_proc100.lp,cie_core_n032_f024_m008_proc100.lp,proposed,3,2,trainseed_2,auto,2026-07-23T10:01:47,timelimit,600.0,600.0446695999999,1,0.08223549999820534,0.03119349479675293,0.0039980411529541016,0.009241580963134766,0.0030007362365722656,1,0,44747,0.6200245783139484,24095.83478350522,3959.34006939929,142645.95834699017,10000.0,0.6570863853867019,369.5226088123127,1,True,D:\git\git\RDMCT-A3C\cie\results\main\cie_main_600s_compact_final_v1\seed3\solutions\cie_core_nominal__cie_core_n032_f024_m008_proc100__proposed__solverseed_3__trainseed_2__trainseed_2.sol,,,,D:\git\git\RDMCT-A3C\cie\models\proposed\seed_2\itr_60.pkl,23,True,beam_search,
cie_core_nominal,dual_source_cluster_tool,8_to_32_wafers_nominal_processing,test,600.0,[],D:\git\git\RDMCT-A3C\cie\data\core\spbs\cie_core_n032_f024_m008_proc100.lp,spbs\cie_core_n032_f024_m008_proc100.lp,cie_core_n032_f024_m008_proc100.lp,hem,3,2,trainseed_2,auto,2026-07-23T10:11:47,timelimit,600.0,599.9874334000051,1,0.07839750000130152,0.0202486515045166,0.001003265380859375,0.021388769149780273,0.0,1,0,43830,0.578684238197484,23364.879637124202,3959.34006939929,142645.95834699017,10000.0,0.6570863853867019,369.5226088123127,1,True,D:\git\git\RDMCT-A3C\cie\results\main\cie_main_600s_compact_final_v1\seed3\solutions\cie_core_nominal__cie_core_n032_f024_m008_proc100__hem__solverseed_3__trainseed_2__trainseed_2.sol,,,,D:\git\git\RDMCT-A3C\cie\models\hem\seed_2\itr_60.pkl,13,False,greedy,
cie_core_nominal,dual_source_cluster_tool,8_to_32_wafers_nominal_processing,test,600.0,[],D:\git\git\RDMCT-A3C\cie\data\core\spbs\cie_core_n032_f024_m008_proc100.lp,spbs\cie_core_n032_f024_m008_proc100.lp,cie_core_n032_f024_m008_proc100.lp,rdmct_feature_only,3,2,trainseed_2,auto,2026-07-23T10:21:47,timelimit,600.0,599.9538835999992,1,0.04576860000088345,0.023000478744506836,0.0009984970092773438,0.019309520721435547,0.0,1,0,38901,0.6193619915743517,24172.23640465869,3959.34006939929,142645.95834699017,10000.0,0.6570863853867019,369.5226088123127,1,True,D:\git\git\RDMCT-A3C\cie\results\main\cie_main_600s_compact_final_v1\seed3\solutions\cie_core_nominal__cie_core_n032_f024_m008_proc100__rdmct_feature_only__solverseed_3__trainseed_2__trainseed_2.sol,,,,D:\git\git\RDMCT-A3C\cie\models\feature_only\seed_2\itr_60.pkl,23,False,greedy,
cie_core_nominal,dual_source_cluster_tool,8_to_32_wafers_nominal_processing,test,600.0,[],D:\git\git\RDMCT-A3C\cie\data\core\spbs\cie_core_n032_f024_m008_proc100.lp,spbs\cie_core_n032_f024_m008_proc100.lp,cie_core_n032_f024_m008_proc100.lp,hem_beam,3,2,trainseed_2,auto,2026-07-23T10:31:47,timelimit,600.0,600.0638342999955,1,0.09802539999509463,0.019999027252197266,0.0,0.04199957847595215,0.0,1,0,43180,0.578684238197484,23382.786661718514,3959.34006939929,142645.95834699017,10000.0,0.6570863853867019,369.5226088123127,1,True,D:\git\git\RDMCT-A3C\cie\results\main\cie_main_600s_compact_final_v1\seed3\solutions\cie_core_nominal__cie_core_n032_f024_m008_proc100__hem_beam__solverseed_3__trainseed_2__trainseed_2.sol,,,,D:\git\git\RDMCT-A3C\cie\models\hem\seed_2\itr_60.pkl,13,False,beam_search,
cie_core_nominal,dual_source_cluster_tool,8_to_32_wafers_nominal_processing,test,600.0,[],D:\git\git\RDMCT-A3C\cie\data\core\spbs\cie_core_n032_f024_m008_proc100.lp,spbs\cie_core_n032_f024_m008_proc100.lp,cie_core_n032_f024_m008_proc100.lp,hem_structure,3,2,trainseed_2,auto,2026-07-23T10:41:47,timelimit,600.0,599.9950138999993,1,0.056208499998319894,0.04583406448364258,0.0,0.006172657012939453,0.003000020980834961,1,0,45036,0.6200245783139484,24098.916105085624,3959.34006939929,142645.95834699017,10000.0,0.6570863853867019,369.5226088123127,1,True,D:\git\git\RDMCT-A3C\cie\results\main\cie_main_600s_compact_final_v1\seed3\solutions\cie_core_nominal__cie_core_n032_f024_m008_proc100__hem_structure__solverseed_3__trainseed_2__trainseed_2.sol,,,,D:\git\git\RDMCT-A3C\cie\models\proposed\seed_2\itr_60.pkl,23,True,greedy,
cie_core_nominal,dual_source_cluster_tool,8_to_32_wafers_nominal_processing,test,600.0,[],D:\git\git\RDMCT-A3C\cie\data\core\pure41\cie_core_n008_f008_m000_proc100.lp,pure41\cie_core_n008_f008_m000_proc100.lp,cie_core_n008_f008_m000_proc100.lp,hem,3,3,trainseed_3,auto,2026-07-23T10:51:51,optimal,0.0,0.3364395999960834,1,0.2701952000061283,0.004999637603759766,0.0,0.26288437843322754,0.0,1,0,1,0.0,0.0,610.0,424.0,58.0,0.0,0.0,1,True,D:\git\git\RDMCT-A3C\cie\results\main\cie_main_600s_compact_final_v1\seed3\solutions\cie_core_nominal__cie_core_n008_f008_m000_proc100__hem__solverseed_3__trainseed_3__trainseed_3.sol,,,,D:\git\git\RDMCT-A3C\cie\models\hem\seed_3\itr_60.pkl,13,False,greedy,
cie_core_nominal,dual_source_cluster_tool,8_to_32_wafers_nominal_processing,test,600.0,[],D:\git\git\RDMCT-A3C\cie\data\core\pure41\cie_core_n008_f008_m000_proc100.lp,pure41\cie_core_n008_f008_m000_proc100.lp,cie_core_n008_f008_m000_proc100.lp,rdmct_feature_only,3,3,trainseed_3,auto,2026-07-23T10:51:51,optimal,0.0,0.09341370000038296,1,0.031191499998385552,0.009003162384033203,0.0,0.019997358322143555,0.0,1,0,1,0.0,0.0,610.0,424.0,58.0,0.0,0.0,1,True,D:\git\git\RDMCT-A3C\cie\results\main\cie_main_600s_compact_final_v1\seed3\solutions\cie_core_nominal__cie_core_n008_f008_m000_proc100__rdmct_feature_only__solverseed_3__trainseed_3__trainseed_3.sol,,,,D:\git\git\RDMCT-A3C\cie\models\feature_only\seed_3\itr_60.pkl,23,False,greedy,
cie_core_nominal,dual_source_cluster_tool,8_to_32_wafers_nominal_processing,test,600.0,[],D:\git\git\RDMCT-A3C\cie\data\core\pure41\cie_core_n008_f008_m000_proc100.lp,pure41\cie_core_n008_f008_m000_proc100.lp,cie_core_n008_f008_m000_proc100.lp,hem_beam,3,3,trainseed_3,auto,2026-07-23T10:51:52,optimal,0.0,0.2021489999970072,1,0.14057160000083968,0.0050013065338134766,0.0,0.13364100456237793,8.20159912109375e-05,1,0,1,0.0,0.0,610.0,424.0,58.0,0.0,0.0,1,True,D:\git\git\RDMCT-A3C\cie\results\main\cie_main_600s_compact_final_v1\seed3\solutions\cie_core_nominal__cie_core_n008_f008_m000_proc100__hem_beam__solverseed_3__trainseed_3__trainseed_3.sol,,,,D:\git\git\RDMCT-A3C\cie\models\hem\seed_3\itr_60.pkl,13,False,beam_search,
cie_core_nominal,dual_source_cluster_tool,8_to_32_wafers_nominal_processing,test,600.0,[],D:\git\git\RDMCT-A3C\cie\data\core\pure41\cie_core_n008_f008_m000_proc100.lp,pure41\cie_core_n008_f008_m000_proc100.lp,cie_core_n008_f008_m000_proc100.lp,hem_structure,3,3,trainseed_3,auto,2026-07-23T10:51:52,optimal,0.0,0.08277799999632407,1,0.019259799999417737,0.010626077651977539,0.0,0.0039975643157958984,0.004002571105957031,1,0,1,0.0,0.0,610.0,424.0,58.0,0.0,0.0,1,True,D:\git\git\RDMCT-A3C\cie\results\main\cie_main_600s_compact_final_v1\seed3\solutions\cie_core_nominal__cie_core_n008_f008_m000_proc100__hem_structure__solverseed_3__trainseed_3__trainseed_3.sol,,,,D:\git\git\RDMCT-A3C\cie\models\proposed\seed_3\itr_60.pkl,23,True,greedy,
cie_core_nominal,dual_source_cluster_tool,8_to_32_wafers_nominal_processing,test,600.0,[],D:\git\git\RDMCT-A3C\cie\data\core\pure41\cie_core_n008_f008_m000_proc100.lp,pure41\cie_core_n008_f008_m000_proc100.lp,cie_core_n008_f008_m000_proc100.lp,proposed,3,3,trainseed_3,auto,2026-07-23T10:51:52,optimal,0.0,0.07268249999469845,1,0.020180100000288803,0.009154558181762695,0.0,0.006998538970947266,0.0029993057250976562,1,0,1,0.0,0.0,610.0,424.0,58.0,0.0,0.0,1,True,D:\git\git\RDMCT-A3C\cie\results\main\cie_main_600s_compact_final_v1\seed3\solutions\cie_core_nominal__cie_core_n008_f008_m000_proc100__proposed__solverseed_3__trainseed_3__trainseed_3.sol,,,,D:\git\git\RDMCT-A3C\cie\models\proposed\seed_3\itr_60.pkl,23,True,beam_search,
cie_core_nominal,dual_source_cluster_tool,8_to_32_wafers_nominal_processing,test,600.0,[],D:\git\git\RDMCT-A3C\cie\data\core\pure41\cie_core_n016_f016_m000_proc100.lp,pure41\cie_core_n016_f016_m000_proc100.lp,cie_core_n016_f016_m000_proc100.lp,rdmct_feature_only,3,3,trainseed_3,auto,2026-07-23T10:51:52,optimal,0.0,0.43440640000335407,1,0.04918049999832874,0.011274099349975586,0.0,0.01999831199645996,0.0,1,0,1,0.0,0.0,944.0,21076.0,10000.0,0.012121212121212121,0.0,3,True,D:\git\git\RDMCT-A3C\cie\results\main\cie_main_600s_compact_final_v1\seed3\solutions\cie_core_nominal__cie_core_n016_f016_m000_proc100__rdmct_feature_only__solverseed_3__trainseed_3__trainseed_3.sol,,,,D:\git\git\RDMCT-A3C\cie\models\feature_only\seed_3\itr_60.pkl,23,False,greedy,
cie_core_nominal,dual_source_cluster_tool,8_to_32_wafers_nominal_processing,test,600.0,[],D:\git\git\RDMCT-A3C\cie\data\core\pure41\cie_core_n016_f016_m000_proc100.lp,pure41\cie_core_n016_f016_m000_proc100.lp,cie_core_n016_f016_m000_proc100.lp,hem_beam,3,3,trainseed_3,auto,2026-07-23T10:51:52,optimal,1.0,0.4274695999993128,1,0.0462961000012001,0.006176471710205078,0.0,0.037241220474243164,0.0,1,0,1,0.0,100.0,944.0,21105.0,10000.0,0.015197568389057751,0.0,4,True,D:\git\git\RDMCT-A3C\cie\results\main\cie_main_600s_compact_final_v1\seed3\solutions\cie_core_nominal__cie_core_n016_f016_m000_proc100__hem_beam__solverseed_3__trainseed_3__trainseed_3.sol,,,,D:\git\git\RDMCT-A3C\cie\models\hem\seed_3\itr_60.pkl,13,False,beam_search,
cie_core_nominal,dual_source_cluster_tool,8_to_32_wafers_nominal_processing,test,600.0,[],D:\git\git\RDMCT-A3C\cie\data\core\pure41\cie_core_n016_f016_m000_proc100.lp,pure41\cie_core_n016_f016_m000_proc100.lp,cie_core_n016_f016_m000_proc100.lp,hem_structure,3,3,trainseed_3,auto,2026-07-23T10:51:53,optimal,0.0,0.39260880000074394,1,0.021156900002097245,0.011197328567504883,0.0,0.004002094268798828,0.0020024776458740234,1,0,1,0.0,0.0,944.0,21082.0,10000.0,0.012121212121212121,0.0,3,True,D:\git\git\RDMCT-A3C\cie\results\main\cie_main_600s_compact_final_v1\seed3\solutions\cie_core_nominal__cie_core_n016_f016_m000_proc100__hem_structure__solverseed_3__trainseed_3__trainseed_3.sol,,,,D:\git\git\RDMCT-A3C\cie\models\proposed\seed_3\itr_60.pkl,23,True,greedy,
cie_core_nominal,dual_source_cluster_tool,8_to_32_wafers_nominal_processing,test,600.0,[],D:\git\git\RDMCT-A3C\cie\data\core\pure41\cie_core_n016_f016_m000_proc100.lp,pure41\cie_core_n016_f016_m000_proc100.lp,cie_core_n016_f016_m000_proc100.lp,proposed,3,3,trainseed_3,auto,2026-07-23T10:51:53,optimal,1.0,0.4186480999997002,1,0.03821500000049127,0.014326333999633789,0.0,0.005999565124511719,0.003000497817993164,1,0,1,0.0,13.554502369668246,944.0,21082.0,10000.0,0.012121212121212121,0.0,3,True,D:\git\git\RDMCT-A3C\cie\results\main\cie_main_600s_compact_final_v1\seed3\solutions\cie_core_nominal__cie_core_n016_f016_m000_proc100__proposed__solverseed_3__trainseed_3__trainseed_3.sol,,,,D:\git\git\RDMCT-A3C\cie\models\proposed\seed_3\itr_60.pkl,23,True,beam_search,
cie_core_nominal,dual_source_cluster_tool,8_to_32_wafers_nominal_processing,test,600.0,[],D:\git\git\RDMCT-A3C\cie\data\core\pure41\cie_core_n016_f016_m000_proc100.lp,pure41\cie_core_n016_f016_m000_proc100.lp,cie_core_n016_f016_m000_proc100.lp,hem,3,3,trainseed_3,auto,2026-07-23T10:51:54,optimal,0.0,0.3935548999943421,1,0.027270999999018386,0.005999326705932617,0.0,0.018097400665283203,0.0,1,0,1,0.0,0.0,944.0,21105.0,10000.0,0.015197568389057751,0.0,4,True,D:\git\git\RDMCT-A3C\cie\results\main\cie_main_600s_compact_final_v1\seed3\solutions\cie_core_nominal__cie_core_n016_f016_m000_proc100__hem__solverseed_3__trainseed_3__trainseed_3.sol,,,,D:\git\git\RDMCT-A3C\cie\models\hem\seed_3\itr_60.pkl,13,False,greedy,
cie_core_nominal,dual_source_cluster_tool,8_to_32_wafers_nominal_processing,test,600.0,[],D:\git\git\RDMCT-A3C\cie\data\core\pure41\cie_core_n024_f024_m000_proc100.lp,pure41\cie_core_n024_f024_m000_proc100.lp,cie_core_n024_f024_m000_proc100.lp,hem_beam,3,3,trainseed_3,auto,2026-07-23T10:51:54,optimal,3.0,3.4653347999992548,0,0.0,0.0,0.0,0.0,0.0,0,0,1,0.0,300.0,1268.0,40784.0,10000.0,0.0132622573320741,10.0,1,True,D:\git\git\RDMCT-A3C\cie\results\main\cie_main_600s_compact_final_v1\seed3\solutions\cie_core_nominal__cie_core_n024_f024_m000_proc100__hem_beam__solverseed_3__trainseed_3__trainseed_3.sol,,,,D:\git\git\RDMCT-A3C\cie\models\hem\seed_3\itr_60.pkl,13,False,beam_search,
cie_core_nominal,dual_source_cluster_tool,8_to_32_wafers_nominal_processing,test,600.0,[],D:\git\git\RDMCT-A3C\cie\data\core\pure41\cie_core_n024_f024_m000_proc100.lp,pure41\cie_core_n024_f024_m000_proc100.lp,cie_core_n024_f024_m000_proc100.lp,hem_structure,3,3,trainseed_3,auto,2026-07-23T10:51:57,optimal,3.0,3.321353300001647,0,0.0,0.0,0.0,0.0,0.0,0,0,1,0.0,300.0,1268.0,40784.0,10000.0,0.0132622573320741,10.0,1,True,D:\git\git\RDMCT-A3C\cie\results\main\cie_main_600s_compact_final_v1\seed3\solutions\cie_core_nominal__cie_core_n024_f024_m000_proc100__hem_structure__solverseed_3__trainseed_3__trainseed_3.sol,,,,D:\git\git\RDMCT-A3C\cie\models\proposed\seed_3\itr_60.pkl,23,True,greedy,
cie_core_nominal,dual_source_cluster_tool,8_to_32_wafers_nominal_processing,test,600.0,[],D:\git\git\RDMCT-A3C\cie\data\core\pure41\cie_core_n024_f024_m000_proc100.lp,pure41\cie_core_n024_f024_m000_proc100.lp,cie_core_n024_f024_m000_proc100.lp,proposed,3,3,trainseed_3,auto,2026-07-23T10:52:01,optimal,3.0,3.2681479999955627,0,0.0,0.0,0.0,0.0,0.0,0,0,1,0.0,300.0,1268.0,40784.0,10000.0,0.0132622573320741,10.0,1,True,D:\git\git\RDMCT-A3C\cie\results\main\cie_main_600s_compact_final_v1\seed3\solutions\cie_core_nominal__cie_core_n024_f024_m000_proc100__proposed__solverseed_3__trainseed_3__trainseed_3.sol,,,,D:\git\git\RDMCT-A3C\cie\models\proposed\seed_3\itr_60.pkl,23,True,beam_search,
cie_core_nominal,dual_source_cluster_tool,8_to_32_wafers_nominal_processing,test,600.0,[],D:\git\git\RDMCT-A3C\cie\data\core\pure41\cie_core_n024_f024_m000_proc100.lp,pure41\cie_core_n024_f024_m000_proc100.lp,cie_core_n024_f024_m000_proc100.lp,hem,3,3,trainseed_3,auto,2026-07-23T10:52:04,optimal,3.0,3.1314780000029714,0,0.0,0.0,0.0,0.0,0.0,0,0,1,0.0,300.0,1268.0,40784.0,10000.0,0.0132622573320741,10.0,1,True,D:\git\git\RDMCT-A3C\cie\results\main\cie_main_600s_compact_final_v1\seed3\solutions\cie_core_nominal__cie_core_n024_f024_m000_proc100__hem__solverseed_3__trainseed_3__trainseed_3.sol,,,,D:\git\git\RDMCT-A3C\cie\models\hem\seed_3\itr_60.pkl,13,False,greedy,
cie_core_nominal,dual_source_cluster_tool,8_to_32_wafers_nominal_processing,test,600.0,[],D:\git\git\RDMCT-A3C\cie\data\core\pure41\cie_core_n024_f024_m000_proc100.lp,pure41\cie_core_n024_f024_m000_proc100.lp,cie_core_n024_f024_m000_proc100.lp,rdmct_feature_only,3,3,trainseed_3,auto,2026-07-23T10:52:07,optimal,4.0,3.505103000003146,0,0.0,0.0,0.0,0.0,0.0,0,0,1,0.0,400.0,1268.0,40784.0,10000.0,0.0132622573320741,10.0,1,True,D:\git\git\RDMCT-A3C\cie\results\main\cie_main_600s_compact_final_v1\seed3\solutions\cie_core_nominal__cie_core_n024_f024_m000_proc100__rdmct_feature_only__solverseed_3__trainseed_3__trainseed_3.sol,,,,D:\git\git\RDMCT-A3C\cie\models\feature_only\seed_3\itr_60.pkl,23,False,greedy,
cie_core_nominal,dual_source_cluster_tool,8_to_32_wafers_nominal_processing,test,600.0,[],D:\git\git\RDMCT-A3C\cie\data\core\pure41\cie_core_n032_f032_m000_proc100.lp,pure41\cie_core_n032_f032_m000_proc100.lp,cie_core_n032_f032_m000_proc100.lp,hem_structure,3,3,trainseed_3,auto,2026-07-23T10:52:11,optimal,10.0,10.572954700000992,1,0.035616100001789164,0.018941402435302734,0.0009996891021728516,0.004000186920166016,0.0029997825622558594,1,0,1,0.0,1000.0,1592.0,59453.0,10000.0,0.013094018938496562,18.0,2,True,D:\git\git\RDMCT-A3C\cie\results\main\cie_main_600s_compact_final_v1\seed3\solutions\cie_core_nominal__cie_core_n032_f032_m000_proc100__hem_structure__solverseed_3__trainseed_3__trainseed_3.sol,,,,D:\git\git\RDMCT-A3C\cie\models\proposed\seed_3\itr_60.pkl,23,True,greedy,
cie_core_nominal,dual_source_cluster_tool,8_to_32_wafers_nominal_processing,test,600.0,[],D:\git\git\RDMCT-A3C\cie\data\core\pure41\cie_core_n032_f032_m000_proc100.lp,pure41\cie_core_n032_f032_m000_proc100.lp,cie_core_n032_f032_m000_proc100.lp,proposed,3,3,trainseed_3,auto,2026-07-23T10:52:21,optimal,11.0,10.520925999997417,1,0.06605080000008456,0.01936960220336914,0.0,0.0076105594635009766,0.0030066967010498047,1,0,1,0.0,1084.46,1592.0,59453.0,10000.0,0.013094018938496562,18.0,2,True,D:\git\git\RDMCT-A3C\cie\results\main\cie_main_600s_compact_final_v1\seed3\solutions\cie_core_nominal__cie_core_n032_f032_m000_proc100__proposed__solverseed_3__trainseed_3__trainseed_3.sol,,,,D:\git\git\RDMCT-A3C\cie\models\proposed\seed_3\itr_60.pkl,23,True,beam_search,
cie_core_nominal,dual_source_cluster_tool,8_to_32_wafers_nominal_processing,test,600.0,[],D:\git\git\RDMCT-A3C\cie\data\core\pure41\cie_core_n032_f032_m000_proc100.lp,pure41\cie_core_n032_f032_m000_proc100.lp,cie_core_n032_f032_m000_proc100.lp,hem,3,3,trainseed_3,auto,2026-07-23T10:52:32,optimal,11.0,10.975380800002313,1,0.06894050000119023,0.013180971145629883,0.0009999275207519531,0.01926445960998535,0.0010004043579101562,1,0,1,0.0,1084.46,1592.0,59445.0,10000.0,0.011443541338279375,10.0,2,True,D:\git\git\RDMCT-A3C\cie\results\main\cie_main_600s_compact_final_v1\seed3\solutions\cie_core_nominal__cie_core_n032_f032_m000_proc100__hem__solverseed_3__trainseed_3__trainseed_3.sol,,,,D:\git\git\RDMCT-A3C\cie\models\hem\seed_3\itr_60.pkl,13,False,greedy,
cie_core_nominal,dual_source_cluster_tool,8_to_32_wafers_nominal_processing,test,600.0,[],D:\git\git\RDMCT-A3C\cie\data\core\pure41\cie_core_n032_f032_m000_proc100.lp,pure41\cie_core_n032_f032_m000_proc100.lp,cie_core_n032_f032_m000_proc100.lp,rdmct_feature_only,3,3,trainseed_3,auto,2026-07-23T10:52:43,optimal,10.0,10.387252900000021,1,0.04285340000205906,0.018541336059570312,0.0,0.021123886108398438,0.0,1,0,1,0.0,1000.0,1592.0,59445.0,10000.0,0.011443541338279375,10.0,2,True,D:\git\git\RDMCT-A3C\cie\results\main\cie_main_600s_compact_final_v1\seed3\solutions\cie_core_nominal__cie_core_n032_f032_m000_proc100__rdmct_feature_only__solverseed_3__trainseed_3__trainseed_3.sol,,,,D:\git\git\RDMCT-A3C\cie\models\feature_only\seed_3\itr_60.pkl,23,False,greedy,
cie_core_nominal,dual_source_cluster_tool,8_to_32_wafers_nominal_processing,test,600.0,[],D:\git\git\RDMCT-A3C\cie\data\core\pure41\cie_core_n032_f032_m000_proc100.lp,pure41\cie_core_n032_f032_m000_proc100.lp,cie_core_n032_f032_m000_proc100.lp,hem_beam,3,3,trainseed_3,auto,2026-07-23T10:52:53,optimal,11.0,10.581449899997097,1,0.0928520999950706,0.014000415802001953,0.0,0.04223299026489258,0.0010004043579101562,1,0,1,0.0,1084.46,1592.0,59445.0,10000.0,0.011443541338279375,10.0,2,True,D:\git\git\RDMCT-A3C\cie\results\main\cie_main_600s_compact_final_v1\seed3\solutions\cie_core_nominal__cie_core_n032_f032_m000_proc100__hem_beam__solverseed_3__trainseed_3__trainseed_3.sol,,,,D:\git\git\RDMCT-A3C\cie\models\hem\seed_3\itr_60.pkl,13,False,beam_search,
cie_core_nominal,dual_source_cluster_tool,8_to_32_wafers_nominal_processing,test,600.0,[],D:\git\git\RDMCT-A3C\cie\data\core\spbs\cie_core_n008_f000_m008_proc100.lp,spbs\cie_core_n008_f000_m008_proc100.lp,cie_core_n008_f000_m008_proc100.lp,proposed,3,3,trainseed_3,auto,2026-07-23T10:53:04,optimal,0.0,0.5903593000039109,1,0.03513309999834746,0.023513078689575195,0.0010008811950683594,0.007119178771972656,0.003000497817993164,1,0,1424,0.0,0.0,768.0,60284.0,10000.0,0.0,0.0,6,True,D:\git\git\RDMCT-A3C\cie\results\main\cie_main_600s_compact_final_v1\seed3\solutions\cie_core_nominal__cie_core_n008_f000_m008_proc100__proposed__solverseed_3__trainseed_3__trainseed_3.sol,,,,D:\git\git\RDMCT-A3C\cie\models\proposed\seed_3\itr_60.pkl,23,True,beam_search,
cie_core_nominal,dual_source_cluster_tool,8_to_32_wafers_nominal_processing,test,600.0,[],D:\git\git\RDMCT-A3C\cie\data\core\spbs\cie_core_n008_f000_m008_proc100.lp,spbs\cie_core_n008_f000_m008_proc100.lp,cie_core_n008_f000_m008_proc100.lp,hem,3,3,trainseed_3,auto,2026-07-23T10:53:04,optimal,1.0,1.1302253999965615,1,0.01582119999511633,0.004999399185180664,0.0,0.009009361267089844,0.0,1,0,3223,0.0,44.260581780177674,768.0,60320.0,10000.0,0.0,0.0,3,True,D:\git\git\RDMCT-A3C\cie\results\main\cie_main_600s_compact_final_v1\seed3\solutions\cie_core_nominal__cie_core_n008_f000_m008_proc100__hem__solverseed_3__trainseed_3__trainseed_3.sol,,,,D:\git\git\RDMCT-A3C\cie\models\hem\seed_3\itr_60.pkl,13,False,greedy,
cie_core_nominal,dual_source_cluster_tool,8_to_32_wafers_nominal_processing,test,600.0,[],D:\git\git\RDMCT-A3C\cie\data\core\spbs\cie_core_n008_f000_m008_proc100.lp,spbs\cie_core_n008_f000_m008_proc100.lp,cie_core_n008_f000_m008_proc100.lp,rdmct_feature_only,3,3,trainseed_3,auto,2026-07-23T10:53:05,optimal,1.0,0.40032870000140974,1,0.03332030000456143,0.009000539779663086,0.0009992122650146484,0.021289825439453125,0.0,1,0,815,0.0,45.664739884393065,768.0,60148.0,10000.0,0.04134869301888566,18.0,5,True,D:\git\git\RDMCT-A3C\cie\results\main\cie_main_600s_compact_final_v1\seed3\solutions\cie_core_nominal__cie_core_n008_f000_m008_proc100__rdmct_feature_only__solverseed_3__trainseed_3__trainseed_3.sol,,,,D:\git\git\RDMCT-A3C\cie\models\feature_only\seed_3\itr_60.pkl,23,False,greedy,
cie_core_nominal,dual_source_cluster_tool,8_to_32_wafers_nominal_processing,test,600.0,[],D:\git\git\RDMCT-A3C\cie\data\core\spbs\cie_core_n008_f000_m008_proc100.lp,spbs\cie_core_n008_f000_m008_proc100.lp,cie_core_n008_f000_m008_proc100.lp,hem_beam,3,3,trainseed_3,auto,2026-07-23T10:53:06,optimal,1.0,1.069975099999283,1,0.024001999998290557,0.006000518798828125,0.0009992122650146484,0.016126632690429688,0.0,1,0,3223,0.0,44.260581780177674,768.0,60320.0,10000.0,0.0,0.0,3,True,D:\git\git\RDMCT-A3C\cie\results\main\cie_main_600s_compact_final_v1\seed3\solutions\cie_core_nominal__cie_core_n008_f000_m008_proc100__hem_beam__solverseed_3__trainseed_3__trainseed_3.sol,,,,D:\git\git\RDMCT-A3C\cie\models\hem\seed_3\itr_60.pkl,13,False,beam_search,
cie_core_nominal,dual_source_cluster_tool,8_to_32_wafers_nominal_processing,test,600.0,[],D:\git\git\RDMCT-A3C\cie\data\core\spbs\cie_core_n008_f000_m008_proc100.lp,spbs\cie_core_n008_f000_m008_proc100.lp,cie_core_n008_f000_m008_proc100.lp,hem_structure,3,3,trainseed_3,auto,2026-07-23T10:53:07,optimal,0.0,0.6188551000013831,1,0.02272390000143787,0.01041269302368164,0.003999471664428711,0.003998994827270508,0.0030775070190429688,1,0,1424,0.0,0.0,768.0,60284.0,10000.0,0.0,0.0,6,True,D:\git\git\RDMCT-A3C\cie\results\main\cie_main_600s_compact_final_v1\seed3\solutions\cie_core_nominal__cie_core_n008_f000_m008_proc100__hem_structure__solverseed_3__trainseed_3__trainseed_3.sol,,,,D:\git\git\RDMCT-A3C\cie\models\proposed\seed_3\itr_60.pkl,23,True,greedy,
cie_core_nominal,dual_source_cluster_tool,8_to_32_wafers_nominal_processing,test,600.0,[],D:\git\git\RDMCT-A3C\cie\data\core\spbs\cie_core_n008_f002_m006_proc100.lp,spbs\cie_core_n008_f002_m006_proc100.lp,cie_core_n008_f002_m006_proc100.lp,hem,3,3,trainseed_3,auto,2026-07-23T10:53:08,optimal,0.0,0.326065599998401,1,0.016170700000657234,0.0051059722900390625,0.0,0.008998632431030273,0.0,1,0,452,0.0,0.0,900.0,60432.0,10000.0,0.0,0.0,2,True,D:\git\git\RDMCT-A3C\cie\results\main\cie_main_600s_compact_final_v1\seed3\solutions\cie_core_nominal__cie_core_n008_f002_m006_proc100__hem__solverseed_3__trainseed_3__trainseed_3.sol,,,,D:\git\git\RDMCT-A3C\cie\models\hem\seed_3\itr_60.pkl,13,False,greedy,
cie_core_nominal,dual_source_cluster_tool,8_to_32_wafers_nominal_processing,test,600.0,[],D:\git\git\RDMCT-A3C\cie\data\core\spbs\cie_core_n008_f002_m006_proc100.lp,spbs\cie_core_n008_f002_m006_proc100.lp,cie_core_n008_f002_m006_proc100.lp,rdmct_feature_only,3,3,trainseed_3,auto,2026-07-23T10:53:08,optimal,0.0,0.35192770000139717,1,0.03254980000201613,0.009001493453979492,0.0010008811950683594,0.021203279495239258,0.0,1,0,395,0.0,0.0,900.0,60932.0,10000.0,0.2795538437249141,0.0,3,True,D:\git\git\RDMCT-A3C\cie\results\main\cie_main_600s_compact_final_v1\seed3\solutions\cie_core_nominal__cie_core_n008_f002_m006_proc100__rdmct_feature_only__solverseed_3__trainseed_3__trainseed_3.sol,,,,D:\git\git\RDMCT-A3C\cie\models\feature_only\seed_3\itr_60.pkl,23,False,greedy,
cie_core_nominal,dual_source_cluster_tool,8_to_32_wafers_nominal_processing,test,600.0,[],D:\git\git\RDMCT-A3C\cie\data\core\spbs\cie_core_n008_f002_m006_proc100.lp,spbs\cie_core_n008_f002_m006_proc100.lp,cie_core_n008_f002_m006_proc100.lp,hem_beam,3,3,trainseed_3,auto,2026-07-23T10:53:08,optimal,0.0,0.3198712000012165,1,0.02527350000309525,0.00499725341796875,0.0010030269622802734,0.018139362335205078,0.0,1,0,452,0.0,0.0,900.0,60432.0,10000.0,0.0,0.0,2,True,D:\git\git\RDMCT-A3C\cie\results\main\cie_main_600s_compact_final_v1\seed3\solutions\cie_core_nominal__cie_core_n008_f002_m006_proc100__hem_beam__solverseed_3__trainseed_3__trainseed_3.sol,,,,D:\git\git\RDMCT-A3C\cie\models\hem\seed_3\itr_60.pkl,13,False,beam_search,
cie_core_nominal,dual_source_cluster_tool,8_to_32_wafers_nominal_processing,test,600.0,[],D:\git\git\RDMCT-A3C\cie\data\core\spbs\cie_core_n008_f002_m006_proc100.lp,spbs\cie_core_n008_f002_m006_proc100.lp,cie_core_n008_f002_m006_proc100.lp,hem_structure,3,3,trainseed_3,auto,2026-07-23T10:53:09,optimal,0.0,0.2295557999968878,1,0.02192780000041239,0.010200023651123047,0.0029997825622558594,0.0039997100830078125,0.002998828887939453,1,0,170,0.0,0.0,900.0,60766.0,10000.0,0.16717540513675566,0.0,3,True,D:\git\git\RDMCT-A3C\cie\results\main\cie_main_600s_compact_final_v1\seed3\solutions\cie_core_nominal__cie_core_n008_f002_m006_proc100__hem_structure__solverseed_3__trainseed_3__trainseed_3.sol,,,,D:\git\git\RDMCT-A3C\cie\models\proposed\seed_3\itr_60.pkl,23,True,greedy,
cie_core_nominal,dual_source_cluster_tool,8_to_32_wafers_nominal_processing,test,600.0,[],D:\git\git\RDMCT-A3C\cie\data\core\spbs\cie_core_n008_f002_m006_proc100.lp,spbs\cie_core_n008_f002_m006_proc100.lp,cie_core_n008_f002_m006_proc100.lp,proposed,3,3,trainseed_3,auto,2026-07-23T10:53:09,optimal,0.0,0.22266769999987446,1,0.021157000002858695,0.009000062942504883,0.0010013580322265625,0.0070002079010009766,0.003095388412475586,1,0,170,0.0,0.0,900.0,60766.0,10000.0,0.16717540513675566,0.0,3,True,D:\git\git\RDMCT-A3C\cie\results\main\cie_main_600s_compact_final_v1\seed3\solutions\cie_core_nominal__cie_core_n008_f002_m006_proc100__proposed__solverseed_3__trainseed_3__trainseed_3.sol,,,,D:\git\git\RDMCT-A3C\cie\models\proposed\seed_3\itr_60.pkl,23,True,beam_search,
cie_core_nominal,dual_source_cluster_tool,8_to_32_wafers_nominal_processing,test,600.0,[],D:\git\git\RDMCT-A3C\cie\data\core\spbs\cie_core_n008_f004_m004_proc100.lp,spbs\cie_core_n008_f004_m004_proc100.lp,cie_core_n008_f004_m004_proc100.lp,rdmct_feature_only,3,3,trainseed_3,auto,2026-07-23T10:53:09,optimal,0.0,0.28390570000192383,1,0.03310519999649841,0.00876474380493164,0.0,0.02223372459411621,0.0,1,0,331,0.0,0.0,833.9999999999945,50419.99999999998,10000.0,0.0,0.0,4,True,D:\git\git\RDMCT-A3C\cie\results\main\cie_main_600s_compact_final_v1\seed3\solutions\cie_core_nominal__cie_core_n008_f004_m004_proc100__rdmct_feature_only__solverseed_3__trainseed_3__trainseed_3.sol,,,,D:\git\git\RDMCT-A3C\cie\models\feature_only\seed_3\itr_60.pkl,23,False,greedy,
cie_core_nominal,dual_source_cluster_tool,8_to_32_wafers_nominal_processing,test,600.0,[],D:\git\git\RDMCT-A3C\cie\data\core\spbs\cie_core_n008_f004_m004_proc100.lp,spbs\cie_core_n008_f004_m004_proc100.lp,cie_core_n008_f004_m004_proc100.lp,hem_beam,3,3,trainseed_3,auto,2026-07-23T10:53:09,optimal,0.0,0.22887059999629855,1,0.030629000000772066,0.006000995635986328,0.0,0.02300882339477539,0.0,1,0,186,0.0,0.0,833.9999999999982,50526.0,10000.0,0.0,0.0,7,True,D:\git\git\RDMCT-A3C\cie\results\main\cie_main_600s_compact_final_v1\seed3\solutions\cie_core_nominal__cie_core_n008_f004_m004_proc100__hem_beam__solverseed_3__trainseed_3__trainseed_3.sol,,,,D:\git\git\RDMCT-A3C\cie\models\hem\seed_3\itr_60.pkl,13,False,beam_search,
cie_core_nominal,dual_source_cluster_tool,8_to_32_wafers_nominal_processing,test,600.0,[],D:\git\git\RDMCT-A3C\cie\data\core\spbs\cie_core_n008_f004_m004_proc100.lp,spbs\cie_core_n008_f004_m004_proc100.lp,cie_core_n008_f004_m004_proc100.lp,hem_structure,3,3,trainseed_3,auto,2026-07-23T10:53:09,optimal,1.0,0.3017433999993955,1,0.01798360000248067,0.008998870849609375,0.0,0.00400090217590332,0.0030007362365722656,1,0,493,0.0,100.0,834.0,50534.0,10000.0,0.0,0.0,2,True,D:\git\git\RDMCT-A3C\cie\results\main\cie_main_600s_compact_final_v1\seed3\solutions\cie_core_nominal__cie_core_n008_f004_m004_proc100__hem_structure__solverseed_3__trainseed_3__trainseed_3.sol,,,,D:\git\git\RDMCT-A3C\cie\models\proposed\seed_3\itr_60.pkl,23,True,greedy,
cie_core_nominal,dual_source_cluster_tool,8_to_32_wafers_nominal_processing,test,600.0,[],D:\git\git\RDMCT-A3C\cie\data\core\spbs\cie_core_n008_f004_m004_proc100.lp,spbs\cie_core_n008_f004_m004_proc100.lp,cie_core_n008_f004_m004_proc100.lp,proposed,3,3,trainseed_3,auto,2026-07-23T10:53:10,optimal,0.0,0.3032941999990726,1,0.02019589999690652,0.008998632431030273,0.0010001659393310547,0.005998849868774414,0.0030918121337890625,1,0,493,0.0,0.0,834.0,50534.0,10000.0,0.0,0.0,2,True,D:\git\git\RDMCT-A3C\cie\results\main\cie_main_600s_compact_final_v1\seed3\solutions\cie_core_nominal__cie_core_n008_f004_m004_proc100__proposed__solverseed_3__trainseed_3__trainseed_3.sol,,,,D:\git\git\RDMCT-A3C\cie\models\proposed\seed_3\itr_60.pkl,23,True,beam_search,
cie_core_nominal,dual_source_cluster_tool,8_to_32_wafers_nominal_processing,test,600.0,[],D:\git\git\RDMCT-A3C\cie\data\core\spbs\cie_core_n008_f004_m004_proc100.lp,spbs\cie_core_n008_f004_m004_proc100.lp,cie_core_n008_f004_m004_proc100.lp,hem,3,3,trainseed_3,auto,2026-07-23T10:53:10,optimal,0.0,0.3082823000004282,1,0.017046500004653353,0.0052912235260009766,0.0,0.010000467300415039,0.0,1,0,589,0.0,0.0,833.9999999999891,50361.999999999985,10000.0,0.23966942148760045,0.0,5,True,D:\git\git\RDMCT-A3C\cie\results\main\cie_main_600s_compact_final_v1\seed3\solutions\cie_core_nominal__cie_core_n008_f004_m004_proc100__hem__solverseed_3__trainseed_3__trainseed_3.sol,,,,D:\git\git\RDMCT-A3C\cie\models\hem\seed_3\itr_60.pkl,13,False,greedy,
cie_core_nominal,dual_source_cluster_tool,8_to_32_wafers_nominal_processing,test,600.0,[],D:\git\git\RDMCT-A3C\cie\data\core\spbs\cie_core_n008_f006_m002_proc100.lp,spbs\cie_core_n008_f006_m002_proc100.lp,cie_core_n008_f006_m002_proc100.lp,hem_beam,3,3,trainseed_3,auto,2026-07-23T10:53:10,optimal,1.0,0.26710319999983767,1,0.053684000005887356,0.00600123405456543,0.0009999275207519531,0.04312562942504883,0.0,1,0,273,0.0,15.226229508196722,834.0,30488.0,10000.0,0.0,0.0,7,True,D:\git\git\RDMCT-A3C\cie\results\main\cie_main_600s_compact_final_v1\seed3\solutions\cie_core_nominal__cie_core_n008_f006_m002_proc100__hem_beam__solverseed_3__trainseed_3__trainseed_3.sol,,,,D:\git\git\RDMCT-A3C\cie\models\hem\seed_3\itr_60.pkl,13,False,beam_search,
cie_core_nominal,dual_source_cluster_tool,8_to_32_wafers_nominal_processing,test,600.0,[],D:\git\git\RDMCT-A3C\cie\data\core\spbs\cie_core_n008_f006_m002_proc100.lp,spbs\cie_core_n008_f006_m002_proc100.lp,cie_core_n008_f006_m002_proc100.lp,hem_structure,3,3,trainseed_3,auto,2026-07-23T10:53:11,optimal,0.0,0.18764849999570288,1,0.018374799998127855,0.009345293045043945,0.0009996891021728516,0.004000425338745117,0.0029993057250976562,1,0,172,0.0,0.0,834.0,30682.0,10000.0,0.0,0.0,4,True,D:\git\git\RDMCT-A3C\cie\results\main\cie_main_600s_compact_final_v1\seed3\solutions\cie_core_nominal__cie_core_n008_f006_m002_proc100__hem_structure__solverseed_3__trainseed_3__trainseed_3.sol,,,,D:\git\git\RDMCT-A3C\cie\models\proposed\seed_3\itr_60.pkl,23,True,greedy,
cie_core_nominal,dual_source_cluster_tool,8_to_32_wafers_nominal_processing,test,600.0,[],D:\git\git\RDMCT-A3C\cie\data\core\spbs\cie_core_n008_f006_m002_proc100.lp,spbs\cie_core_n008_f006_m002_proc100.lp,cie_core_n008_f006_m002_proc100.lp,proposed,3,3,trainseed_3,auto,2026-07-23T10:53:11,optimal,0.0,0.1902302000016789,1,0.020525799998722505,0.009000301361083984,0.0009996891021728516,0.006000518798828125,0.002999544143676758,1,0,172,0.0,0.0,834.0,30682.0,10000.0,0.0,0.0,4,True,D:\git\git\RDMCT-A3C\cie\results\main\cie_main_600s_compact_final_v1\seed3\solutions\cie_core_nominal__cie_core_n008_f006_m002_proc100__proposed__solverseed_3__trainseed_3__trainseed_3.sol,,,,D:\git\git\RDMCT-A3C\cie\models\proposed\seed_3\itr_60.pkl,23,True,beam_search,
cie_core_nominal,dual_source_cluster_tool,8_to_32_wafers_nominal_processing,test,600.0,[],D:\git\git\RDMCT-A3C\cie\data\core\spbs\cie_core_n008_f006_m002_proc100.lp,spbs\cie_core_n008_f006_m002_proc100.lp,cie_core_n008_f006_m002_proc100.lp,hem,3,3,trainseed_3,auto,2026-07-23T10:53:11,optimal,0.0,0.24416499999642838,1,0.026842499995836988,0.005184173583984375,0.0010004043579101562,0.019101381301879883,0.0,1,0,273,0.0,0.0,834.0,30488.0,10000.0,0.0,0.0,7,True,D:\git\git\RDMCT-A3C\cie\results\main\cie_main_600s_compact_final_v1\seed3\solutions\cie_core_nominal__cie_core_n008_f006_m002_proc100__hem__solverseed_3__trainseed_3__trainseed_3.sol,,,,D:\git\git\RDMCT-A3C\cie\models\hem\seed_3\itr_60.pkl,13,False,greedy,
cie_core_nominal,dual_source_cluster_tool,8_to_32_wafers_nominal_processing,test,600.0,[],D:\git\git\RDMCT-A3C\cie\data\core\spbs\cie_core_n008_f006_m002_proc100.lp,spbs\cie_core_n008_f006_m002_proc100.lp,cie_core_n008_f006_m002_proc100.lp,rdmct_feature_only,3,3,trainseed_3,auto,2026-07-23T10:53:11,optimal,1.0,0.2903731000042171,1,0.037372699996922165,0.010686874389648438,0.005002737045288086,0.020120620727539062,0.0,1,0,257,0.0,8.968609865470851,834.0,30488.0,10000.0,0.0,0.0,4,True,D:\git\git\RDMCT-A3C\cie\results\main\cie_main_600s_compact_final_v1\seed3\solutions\cie_core_nominal__cie_core_n008_f006_m002_proc100__rdmct_feature_only__solverseed_3__trainseed_3__trainseed_3.sol,,,,D:\git\git\RDMCT-A3C\cie\models\feature_only\seed_3\itr_60.pkl,23,False,greedy,
cie_core_nominal,dual_source_cluster_tool,8_to_32_wafers_nominal_processing,test,600.0,[],D:\git\git\RDMCT-A3C\cie\data\core\spbs\cie_core_n016_f000_m016_proc100.lp,spbs\cie_core_n016_f000_m016_proc100.lp,cie_core_n016_f000_m016_proc100.lp,hem_structure,3,3,trainseed_3,auto,2026-07-23T10:53:12,optimal,9.0,9.80240340000455,1,0.01971600000251783,0.010260581970214844,0.0009992122650146484,0.003999471664428711,0.0030014514923095703,1,0,8301,0.0,305.4627133872417,1136.0,100250.0,10000.0,0.02109561563154592,26.0,5,True,D:\git\git\RDMCT-A3C\cie\results\main\cie_main_600s_compact_final_v1\seed3\solutions\cie_core_nominal__cie_core_n016_f000_m016_proc100__hem_structure__solverseed_3__trainseed_3__trainseed_3.sol,,,,D:\git\git\RDMCT-A3C\cie\models\proposed\seed_3\itr_60.pkl,23,True,greedy,
cie_core_nominal,dual_source_cluster_tool,8_to_32_wafers_nominal_processing,test,600.0,[],D:\git\git\RDMCT-A3C\cie\data\core\spbs\cie_core_n016_f000_m016_proc100.lp,spbs\cie_core_n016_f000_m016_proc100.lp,cie_core_n016_f000_m016_proc100.lp,proposed,3,3,trainseed_3,auto,2026-07-23T10:53:21,optimal,10.0,10.067101799999364,1,0.03886900000361493,0.009999990463256836,0.0010008811950683594,0.0071239471435546875,0.003000974655151367,1,0,8301,0.0,405.21283874659923,1136.0,100250.0,10000.0,0.02109561563154592,26.0,5,True,D:\git\git\RDMCT-A3C\cie\results\main\cie_main_600s_compact_final_v1\seed3\solutions\cie_core_nominal__cie_core_n016_f000_m016_proc100__proposed__solverseed_3__trainseed_3__trainseed_3.sol,,,,D:\git\git\RDMCT-A3C\cie\models\proposed\seed_3\itr_60.pkl,23,True,beam_search,
cie_core_nominal,dual_source_cluster_tool,8_to_32_wafers_nominal_processing,test,600.0,[],D:\git\git\RDMCT-A3C\cie\data\core\spbs\cie_core_n016_f000_m016_proc100.lp,spbs\cie_core_n016_f000_m016_proc100.lp,cie_core_n016_f000_m016_proc100.lp,hem,3,3,trainseed_3,auto,2026-07-23T10:53:31,optimal,30.0,29.135300200003257,1,0.016132400000060443,0.0070002079010009766,0.0,0.007161855697631836,0.0,1,0,28041,0.0,1249.559748427673,1136.0,100232.0,10000.0,0.0,0.0,3,True,D:\git\git\RDMCT-A3C\cie\results\main\cie_main_600s_compact_final_v1\seed3\solutions\cie_core_nominal__cie_core_n016_f000_m016_proc100__hem__solverseed_3__trainseed_3__trainseed_3.sol,,,,D:\git\git\RDMCT-A3C\cie\models\hem\seed_3\itr_60.pkl,13,False,greedy,
cie_core_nominal,dual_source_cluster_tool,8_to_32_wafers_nominal_processing,test,600.0,[],D:\git\git\RDMCT-A3C\cie\data\core\spbs\cie_core_n016_f000_m016_proc100.lp,spbs\cie_core_n016_f000_m016_proc100.lp,cie_core_n016_f000_m016_proc100.lp,rdmct_feature_only,3,3,trainseed_3,auto,2026-07-23T10:54:01,optimal,47.0,47.56530140000541,1,0.034326699998928234,0.011193990707397461,0.0009970664978027344,0.019999980926513672,0.0,1,0,44879,0.0,1791.1095055930691,1136.0,100558.0,10000.0,0.02109561563154592,10.0,5,True,D:\git\git\RDMCT-A3C\cie\results\main\cie_main_600s_compact_final_v1\seed3\solutions\cie_core_nominal__cie_core_n016_f000_m016_proc100__rdmct_feature_only__solverseed_3__trainseed_3__trainseed_3.sol,,,,D:\git\git\RDMCT-A3C\cie\models\feature_only\seed_3\itr_60.pkl,23,False,greedy,
cie_core_nominal,dual_source_cluster_tool,8_to_32_wafers_nominal_processing,test,600.0,[],D:\git\git\RDMCT-A3C\cie\data\core\spbs\cie_core_n016_f000_m016_proc100.lp,spbs\cie_core_n016_f000_m016_proc100.lp,cie_core_n016_f000_m016_proc100.lp,hem_beam,3,3,trainseed_3,auto,2026-07-23T10:54:48,optimal,30.0,29.689623499994923,1,0.07485240000096383,0.0069997310638427734,0.0,0.014000177383422852,0.0,1,0,28041,0.0,1197.1069182389936,1136.0,100232.0,10000.0,0.0,0.0,3,True,D:\git\git\RDMCT-A3C\cie\results\main\cie_main_600s_compact_final_v1\seed3\solutions\cie_core_nominal__cie_core_n016_f000_m016_proc100__hem_beam__solverseed_3__trainseed_3__trainseed_3.sol,,,,D:\git\git\RDMCT-A3C\cie\models\hem\seed_3\itr_60.pkl,13,False,beam_search,
cie_core_nominal,dual_source_cluster_tool,8_to_32_wafers_nominal_processing,test,600.0,[],D:\git\git\RDMCT-A3C\cie\data\core\spbs\cie_core_n016_f004_m012_proc100.lp,spbs\cie_core_n016_f004_m012_proc100.lp,cie_core_n016_f004_m012_proc100.lp,proposed,3,3,trainseed_3,auto,2026-07-23T10:55:18,optimal,11.0,11.285079399996903,1,0.07465729999967152,0.012000083923339844,0.0010004043579101562,0.0070073604583740234,0.0030012130737304688,1,0,12136,0.0,322.34485117064514,1202.0,90920.0,10000.0,0.11591914445681106,46.0,4,True,D:\git\git\RDMCT-A3C\cie\results\main\cie_main_600s_compact_final_v1\seed3\solutions\cie_core_nominal__cie_core_n016_f004_m012_proc100__proposed__solverseed_3__trainseed_3__trainseed_3.sol,,,,D:\git\git\RDMCT-A3C\cie\models\proposed\seed_3\itr_60.pkl,23,True,beam_search,
cie_core_nominal,dual_source_cluster_tool,8_to_32_wafers_nominal_processing,test,600.0,[],D:\git\git\RDMCT-A3C\cie\data\core\spbs\cie_core_n016_f004_m012_proc100.lp,spbs\cie_core_n016_f004_m012_proc100.lp,cie_core_n016_f004_m012_proc100.lp,hem,3,3,trainseed_3,auto,2026-07-23T10:55:29,optimal,11.0,11.306153400000767,1,0.015277700003935024,0.007175922393798828,0.0,0.0070002079010009766,0.0,1,0,12136,0.0,322.34485117064514,1202.0,90920.0,10000.0,0.11591914445681106,46.0,4,True,D:\git\git\RDMCT-A3C\cie\results\main\cie_main_600s_compact_final_v1\seed3\solutions\cie_core_nominal__cie_core_n016_f004_m012_proc100__hem__solverseed_3__trainseed_3__trainseed_3.sol,,,,D:\git\git\RDMCT-A3C\cie\models\hem\seed_3\itr_60.pkl,13,False,greedy,
cie_core_nominal,dual_source_cluster_tool,8_to_32_wafers_nominal_processing,test,600.0,[],D:\git\git\RDMCT-A3C\cie\data\core\spbs\cie_core_n016_f004_m012_proc100.lp,spbs\cie_core_n016_f004_m012_proc100.lp,cie_core_n016_f004_m012_proc100.lp,rdmct_feature_only,3,3,trainseed_3,auto,2026-07-23T10:55:40,optimal,24.0,23.684223699994618,1,0.05044880000059493,0.009250164031982422,0.0010273456573486328,0.02111029624938965,0.0,1,0,24673,0.0,913.9862810700155,1202.0,90746.0,10000.0,0.0,0.0,4,True,D:\git\git\RDMCT-A3C\cie\results\main\cie_main_600s_compact_final_v1\seed3\solutions\cie_core_nominal__cie_core_n016_f004_m012_proc100__rdmct_feature_only__solverseed_3__trainseed_3__trainseed_3.sol,,,,D:\git\git\RDMCT-A3C\cie\models\feature_only\seed_3\itr_60.pkl,23,False,greedy,
cie_core_nominal,dual_source_cluster_tool,8_to_32_wafers_nominal_processing,test,600.0,[],D:\git\git\RDMCT-A3C\cie\data\core\spbs\cie_core_n016_f004_m012_proc100.lp,spbs\cie_core_n016_f004_m012_proc100.lp,cie_core_n016_f004_m012_proc100.lp,hem_beam,3,3,trainseed_3,auto,2026-07-23T10:56:04,optimal,11.0,10.949070100003155,1,0.07761169999866979,0.007000446319580078,0.00099945068359375,0.014150142669677734,0.0,1,0,12136,0.0,322.34485117064514,1202.0,90920.0,10000.0,0.11591914445681106,46.0,4,True,D:\git\git\RDMCT-A3C\cie\results\main\cie_main_600s_compact_final_v1\seed3\solutions\cie_core_nominal__cie_core_n016_f004_m012_proc100__hem_beam__solverseed_3__trainseed_3__trainseed_3.sol,,,,D:\git\git\RDMCT-A3C\cie\models\hem\seed_3\itr_60.pkl,13,False,beam_search,
cie_core_nominal,dual_source_cluster_tool,8_to_32_wafers_nominal_processing,test,600.0,[],D:\git\git\RDMCT-A3C\cie\data\core\spbs\cie_core_n016_f004_m012_proc100.lp,spbs\cie_core_n016_f004_m012_proc100.lp,cie_core_n016_f004_m012_proc100.lp,hem_structure,3,3,trainseed_3,auto,2026-07-23T10:56:15,optimal,12.0,11.65725549999479,1,0.06716210000013234,0.012999296188354492,0.002997875213623047,0.0051271915435791016,0.002998828887939453,1,0,12136,0.0,349.206878032672,1202.0,90920.0,10000.0,0.11591914445681106,46.0,4,True,D:\git\git\RDMCT-A3C\cie\results\main\cie_main_600s_compact_final_v1\seed3\solutions\cie_core_nominal__cie_core_n016_f004_m012_proc100__hem_structure__solverseed_3__trainseed_3__trainseed_3.sol,,,,D:\git\git\RDMCT-A3C\cie\models\proposed\seed_3\itr_60.pkl,23,True,greedy,
cie_core_nominal,dual_source_cluster_tool,8_to_32_wafers_nominal_processing,test,600.0,[],D:\git\git\RDMCT-A3C\cie\data\core\spbs\cie_core_n016_f008_m008_proc100.lp,spbs\cie_core_n016_f008_m008_proc100.lp,cie_core_n016_f008_m008_proc100.lp,hem,3,3,trainseed_3,auto,2026-07-23T10:56:27,optimal,3.0,3.6699845000039204,1,0.01626580000447575,0.005998373031616211,0.0009992122650146484,0.007124900817871094,0.0,1,0,3547,0.0,52.00831679425385,1170.0,80778.0,10000.0,0.0,0.0,5,True,D:\git\git\RDMCT-A3C\cie\results\main\cie_main_600s_compact_final_v1\seed3\solutions\cie_core_nominal__cie_core_n016_f008_m008_proc100__hem__solverseed_3__trainseed_3__trainseed_3.sol,,,,D:\git\git\RDMCT-A3C\cie\models\hem\seed_3\itr_60.pkl,13,False,greedy,
cie_core_nominal,dual_source_cluster_tool,8_to_32_wafers_nominal_processing,test,600.0,[],D:\git\git\RDMCT-A3C\cie\data\core\spbs\cie_core_n016_f008_m008_proc100.lp,spbs\cie_core_n016_f008_m008_proc100.lp,cie_core_n016_f008_m008_proc100.lp,rdmct_feature_only,3,3,trainseed_3,auto,2026-07-23T10:56:30,optimal,6.0,5.293378399997891,1,0.03239340000436641,0.010127067565917969,0.0009965896606445312,0.01914191246032715,0.0,1,0,6716,0.0,155.3606769895711,1170.0,81053.0,10000.0,0.10540196305692506,29.0,8,True,D:\git\git\RDMCT-A3C\cie\results\main\cie_main_600s_compact_final_v1\seed3\solutions\cie_core_nominal__cie_core_n016_f008_m008_proc100__rdmct_feature_only__solverseed_3__trainseed_3__trainseed_3.sol,,,,D:\git\git\RDMCT-A3C\cie\models\feature_only\seed_3\itr_60.pkl,23,False,greedy,
cie_core_nominal,dual_source_cluster_tool,8_to_32_wafers_nominal_processing,test,600.0,[],D:\git\git\RDMCT-A3C\cie\data\core\spbs\cie_core_n016_f008_m008_proc100.lp,spbs\cie_core_n016_f008_m008_proc100.lp,cie_core_n016_f008_m008_proc100.lp,hem_beam,3,3,trainseed_3,auto,2026-07-23T10:56:36,optimal,4.0,3.9733070000002044,1,0.024536100005207118,0.0060007572174072266,0.0009999275207519531,0.013206958770751953,0.0,1,0,3547,0.0,53.88865867459573,1170.0,80778.0,10000.0,0.0,0.0,5,True,D:\git\git\RDMCT-A3C\cie\results\main\cie_main_600s_compact_final_v1\seed3\solutions\cie_core_nominal__cie_core_n016_f008_m008_proc100__hem_beam__solverseed_3__trainseed_3__trainseed_3.sol,,,,D:\git\git\RDMCT-A3C\cie\models\hem\seed_3\itr_60.pkl,13,False,beam_search,
cie_core_nominal,dual_source_cluster_tool,8_to_32_wafers_nominal_processing,test,600.0,[],D:\git\git\RDMCT-A3C\cie\data\core\spbs\cie_core_n016_f008_m008_proc100.lp,spbs\cie_core_n016_f008_m008_proc100.lp,cie_core_n016_f008_m008_proc100.lp,hem_structure,3,3,trainseed_3,auto,2026-07-23T10:56:40,optimal,3.0,3.251595299996552,1,0.01804880000418052,0.009315729141235352,0.0,0.004999876022338867,0.003001689910888672,1,0,2847,0.0,40.725199256528995,1170.0,80943.0,10000.0,0.06565944237842802,29.0,5,True,D:\git\git\RDMCT-A3C\cie\results\main\cie_main_600s_compact_final_v1\seed3\solutions\cie_core_nominal__cie_core_n016_f008_m008_proc100__hem_structure__solverseed_3__trainseed_3__trainseed_3.sol,,,,D:\git\git\RDMCT-A3C\cie\models\proposed\seed_3\itr_60.pkl,23,True,greedy,
cie_core_nominal,dual_source_cluster_tool,8_to_32_wafers_nominal_processing,test,600.0,[],D:\git\git\RDMCT-A3C\cie\data\core\spbs\cie_core_n016_f008_m008_proc100.lp,spbs\cie_core_n016_f008_m008_proc100.lp,cie_core_n016_f008_m008_proc100.lp,proposed,3,3,trainseed_3,auto,2026-07-23T10:56:43,optimal,3.0,3.4932531000013114,1,0.024371700004849117,0.010303497314453125,0.001995563507080078,0.00724482536315918,0.002999544143676758,1,0,2847,0.0,60.098289386636424,1170.0,80943.0,10000.0,0.06565944237842802,29.0,5,True,D:\git\git\RDMCT-A3C\cie\results\main\cie_main_600s_compact_final_v1\seed3\solutions\cie_core_nominal__cie_core_n016_f008_m008_proc100__proposed__solverseed_3__trainseed_3__trainseed_3.sol,,,,D:\git\git\RDMCT-A3C\cie\models\proposed\seed_3\itr_60.pkl,23,True,beam_search,
cie_core_nominal,dual_source_cluster_tool,8_to_32_wafers_nominal_processing,test,600.0,[],D:\git\git\RDMCT-A3C\cie\data\core\spbs\cie_core_n016_f012_m004_proc100.lp,spbs\cie_core_n016_f012_m004_proc100.lp,cie_core_n016_f012_m004_proc100.lp,rdmct_feature_only,3,3,trainseed_3,auto,2026-07-23T10:56:46,optimal,63.0,63.001930899998115,1,0.03470009999728063,0.010260343551635742,0.0010004043579101562,0.02064204216003418,0.0,1,0,56003,0.0,2643.6006730871595,1158.0,61848.24562537146,10000.0,0.2861125704223025,0.0,3,True,D:\git\git\RDMCT-A3C\cie\results\main\cie_main_600s_compact_final_v1\seed3\solutions\cie_core_nominal__cie_core_n016_f012_m004_proc100__rdmct_feature_only__solverseed_3__trainseed_3__trainseed_3.sol,,,,D:\git\git\RDMCT-A3C\cie\models\feature_only\seed_3\itr_60.pkl,23,False,greedy,
cie_core_nominal,dual_source_cluster_tool,8_to_32_wafers_nominal_processing,test,600.0,[],D:\git\git\RDMCT-A3C\cie\data\core\spbs\cie_core_n016_f012_m004_proc100.lp,spbs\cie_core_n016_f012_m004_proc100.lp,cie_core_n016_f012_m004_proc100.lp,hem_beam,3,3,trainseed_3,auto,2026-07-23T10:57:49,optimal,177.0,176.5845016000021,1,0.023784500001056585,0.0069959163665771484,0.0009992122650146484,0.014206886291503906,0.0,1,0,169888,0.0,6125.743834657191,1158.0,62445.24562537146,10000.0,0.26393648826324756,0.0,2,True,D:\git\git\RDMCT-A3C\cie\results\main\cie_main_600s_compact_final_v1\seed3\solutions\cie_core_nominal__cie_core_n016_f012_m004_proc100__hem_beam__solverseed_3__trainseed_3__trainseed_3.sol,,,,D:\git\git\RDMCT-A3C\cie\models\hem\seed_3\itr_60.pkl,13,False,beam_search,
cie_core_nominal,dual_source_cluster_tool,8_to_32_wafers_nominal_processing,test,600.0,[],D:\git\git\RDMCT-A3C\cie\data\core\spbs\cie_core_n016_f012_m004_proc100.lp,spbs\cie_core_n016_f012_m004_proc100.lp,cie_core_n016_f012_m004_proc100.lp,hem_structure,3,3,trainseed_3,auto,2026-07-23T11:00:46,optimal,178.0,177.61576680000144,1,0.058665800002927426,0.016277313232421875,0.0,0.0040013790130615234,0.0029990673065185547,1,0,169888,0.0,6070.839715862213,1158.0,62445.24562537146,10000.0,0.26393648826324756,0.0,2,True,D:\git\git\RDMCT-A3C\cie\results\main\cie_main_600s_compact_final_v1\seed3\solutions\cie_core_nominal__cie_core_n016_f012_m004_proc100__hem_structure__solverseed_3__trainseed_3__trainseed_3.sol,,,,D:\git\git\RDMCT-A3C\cie\models\proposed\seed_3\itr_60.pkl,23,True,greedy,
cie_core_nominal,dual_source_cluster_tool,8_to_32_wafers_nominal_processing,test,600.0,[],D:\git\git\RDMCT-A3C\cie\data\core\spbs\cie_core_n016_f012_m004_proc100.lp,spbs\cie_core_n016_f012_m004_proc100.lp,cie_core_n016_f012_m004_proc100.lp,proposed,3,3,trainseed_3,auto,2026-07-23T11:03:44,optimal,179.0,179.08296289999998,1,0.05716440000105649,0.011130332946777344,0.0010020732879638672,0.0059986114501953125,0.0030040740966796875,1,0,169888,0.0,6112.230013091323,1158.0,62445.24562537146,10000.0,0.26393648826324756,0.0,2,True,D:\git\git\RDMCT-A3C\cie\results\main\cie_main_600s_compact_final_v1\seed3\solutions\cie_core_nominal__cie_core_n016_f012_m004_proc100__proposed__solverseed_3__trainseed_3__trainseed_3.sol,,,,D:\git\git\RDMCT-A3C\cie\models\proposed\seed_3\itr_60.pkl,23,True,beam_search,
cie_core_nominal,dual_source_cluster_tool,8_to_32_wafers_nominal_processing,test,600.0,[],D:\git\git\RDMCT-A3C\cie\data\core\spbs\cie_core_n016_f012_m004_proc100.lp,spbs\cie_core_n016_f012_m004_proc100.lp,cie_core_n016_f012_m004_proc100.lp,hem,3,3,trainseed_3,auto,2026-07-23T11:06:43,optimal,179.0,178.99307640000188,1,0.033622200004174374,0.008201837539672852,0.0009989738464355469,0.005999088287353516,0.0,1,0,169888,0.0,6112.230013091323,1158.0,62445.24562537146,10000.0,0.26393648826324756,0.0,2,True,D:\git\git\RDMCT-A3C\cie\results\main\cie_main_600s_compact_final_v1\seed3\solutions\cie_core_nominal__cie_core_n016_f012_m004_proc100__hem__solverseed_3__trainseed_3__trainseed_3.sol,,,,D:\git\git\RDMCT-A3C\cie\models\hem\seed_3\itr_60.pkl,13,False,greedy,
cie_core_nominal,dual_source_cluster_tool,8_to_32_wafers_nominal_processing,test,600.0,[],D:\git\git\RDMCT-A3C\cie\data\core\spbs\cie_core_n024_f000_m024_proc100.lp,spbs\cie_core_n024_f000_m024_proc100.lp,cie_core_n024_f000_m024_proc100.lp,hem_beam,3,3,trainseed_3,auto,2026-07-23T11:09:42,timelimit,600.0,599.9457748000059,1,0.025103599997237325,0.009999275207519531,0.0012218952178955078,0.011998414993286133,0.0009999275207519531,1,0,112607,0.9841691452791324,29949.230641760718,4412.79217910079,162956.85986160376,10000.0,0.01699912779427555,8.661976873561798,1,True,D:\git\git\RDMCT-A3C\cie\results\main\cie_main_600s_compact_final_v1\seed3\solutions\cie_core_nominal__cie_core_n024_f000_m024_proc100__hem_beam__solverseed_3__trainseed_3__trainseed_3.sol,,,,D:\git\git\RDMCT-A3C\cie\models\hem\seed_3\itr_60.pkl,13,False,beam_search,
cie_core_nominal,dual_source_cluster_tool,8_to_32_wafers_nominal_processing,test,600.0,[],D:\git\git\RDMCT-A3C\cie\data\core\spbs\cie_core_n024_f000_m024_proc100.lp,spbs\cie_core_n024_f000_m024_proc100.lp,cie_core_n024_f000_m024_proc100.lp,hem_structure,3,3,trainseed_3,auto,2026-07-23T11:19:42,timelimit,600.0,599.9720164000028,1,0.05852660000527976,0.013929367065429688,0.00151824951171875,0.004131793975830078,0.002943277359008789,1,0,107389,0.9877442248201758,30001.89570971942,4412.79217910079,162956.85986160376,10000.0,0.01699912779427555,8.661976873561798,1,True,D:\git\git\RDMCT-A3C\cie\results\main\cie_main_600s_compact_final_v1\seed3\solutions\cie_core_nominal__cie_core_n024_f000_m024_proc100__hem_structure__solverseed_3__trainseed_3__trainseed_3.sol,,,,D:\git\git\RDMCT-A3C\cie\models\proposed\seed_3\itr_60.pkl,23,True,greedy,
cie_core_nominal,dual_source_cluster_tool,8_to_32_wafers_nominal_processing,test,600.0,[],D:\git\git\RDMCT-A3C\cie\data\core\spbs\cie_core_n024_f000_m024_proc100.lp,spbs\cie_core_n024_f000_m024_proc100.lp,cie_core_n024_f000_m024_proc100.lp,proposed,3,3,trainseed_3,auto,2026-07-23T11:29:42,timelimit,600.0,600.0640989999956,1,0.06469759999890812,0.019404172897338867,0.0010004043579101562,0.006182432174682617,0.003056049346923828,1,0,107744,0.9877442248201758,30001.75974138562,4412.79217910079,162956.85986160376,10000.0,0.01699912779427555,8.661976873561798,1,True,D:\git\git\RDMCT-A3C\cie\results\main\cie_main_600s_compact_final_v1\seed3\solutions\cie_core_nominal__cie_core_n024_f000_m024_proc100__proposed__solverseed_3__trainseed_3__trainseed_3.sol,,,,D:\git\git\RDMCT-A3C\cie\models\proposed\seed_3\itr_60.pkl,23,True,beam_search,
cie_core_nominal,dual_source_cluster_tool,8_to_32_wafers_nominal_processing,test,600.0,[],D:\git\git\RDMCT-A3C\cie\data\core\spbs\cie_core_n024_f000_m024_proc100.lp,spbs\cie_core_n024_f000_m024_proc100.lp,cie_core_n024_f000_m024_proc100.lp,hem,3,3,trainseed_3,auto,2026-07-23T11:39:42,timelimit,600.0,599.9804541999983,1,0.05211820000113221,0.009268522262573242,0.0009999275207519531,0.0070002079010009766,0.0,1,0,111758,0.9841691452791324,30000.26408971382,4412.79217910079,162956.85986160376,10000.0,0.01699912779427555,8.661976873561798,1,True,D:\git\git\RDMCT-A3C\cie\results\main\cie_main_600s_compact_final_v1\seed3\solutions\cie_core_nominal__cie_core_n024_f000_m024_proc100__hem__solverseed_3__trainseed_3__trainseed_3.sol,,,,D:\git\git\RDMCT-A3C\cie\models\hem\seed_3\itr_60.pkl,13,False,greedy,
cie_core_nominal,dual_source_cluster_tool,8_to_32_wafers_nominal_processing,test,600.0,[],D:\git\git\RDMCT-A3C\cie\data\core\spbs\cie_core_n024_f000_m024_proc100.lp,spbs\cie_core_n024_f000_m024_proc100.lp,cie_core_n024_f000_m024_proc100.lp,rdmct_feature_only,3,3,trainseed_3,auto,2026-07-23T11:49:42,timelimit,600.0,599.9583725000048,1,0.07109160000254633,0.013075113296508789,0.0010001659393310547,0.021154403686523438,0.0,1,0,109765,0.9877442248201758,29977.42140963534,4412.79217910079,162956.85986160376,10000.0,0.01699912779427555,8.661976873561798,1,True,D:\git\git\RDMCT-A3C\cie\results\main\cie_main_600s_compact_final_v1\seed3\solutions\cie_core_nominal__cie_core_n024_f000_m024_proc100__rdmct_feature_only__solverseed_3__trainseed_3__trainseed_3.sol,,,,D:\git\git\RDMCT-A3C\cie\models\feature_only\seed_3\itr_60.pkl,23,False,greedy,
cie_core_nominal,dual_source_cluster_tool,8_to_32_wafers_nominal_processing,test,600.0,[],D:\git\git\RDMCT-A3C\cie\data\core\spbs\cie_core_n024_f006_m018_proc100.lp,spbs\cie_core_n024_f006_m018_proc100.lp,cie_core_n024_f006_m018_proc100.lp,hem_structure,3,3,trainseed_3,auto,2026-07-23T11:59:42,optimal,420.0,420.9751313000015,1,0.053483800002140924,0.00999903678894043,0.0010006427764892578,0.004999637603759766,0.0019969940185546875,1,0,152222,0.0,5964.998245085395,2290.0,153496.0,10000.0,0.0,0.0,8,True,D:\git\git\RDMCT-A3C\cie\results\main\cie_main_600s_compact_final_v1\seed3\solutions\cie_core_nominal__cie_core_n024_f006_m018_proc100__hem_structure__solverseed_3__trainseed_3__trainseed_3.sol,,,,D:\git\git\RDMCT-A3C\cie\models\proposed\seed_3\itr_60.pkl,23,True,greedy,
cie_core_nominal,dual_source_cluster_tool,8_to_32_wafers_nominal_processing,test,600.0,[],D:\git\git\RDMCT-A3C\cie\data\core\spbs\cie_core_n024_f006_m018_proc100.lp,spbs\cie_core_n024_f006_m018_proc100.lp,cie_core_n024_f006_m018_proc100.lp,proposed,3,3,trainseed_3,auto,2026-07-23T12:06:43,optimal,437.0,437.4039836000011,1,0.06803330000548158,0.022001266479492188,0.00099945068359375,0.0070018768310546875,0.0031583309173583984,1,0,152222,0.0,6274.5699384221125,2290.0,153496.0,10000.0,0.0,0.0,8,True,D:\git\git\RDMCT-A3C\cie\results\main\cie_main_600s_compact_final_v1\seed3\solutions\cie_core_nominal__cie_core_n024_f006_m018_proc100__proposed__solverseed_3__trainseed_3__trainseed_3.sol,,,,D:\git\git\RDMCT-A3C\cie\models\proposed\seed_3\itr_60.pkl,23,True,beam_search,
cie_core_nominal,dual_source_cluster_tool,8_to_32_wafers_nominal_processing,test,600.0,[],D:\git\git\RDMCT-A3C\cie\data\core\spbs\cie_core_n024_f006_m018_proc100.lp,spbs\cie_core_n024_f006_m018_proc100.lp,cie_core_n024_f006_m018_proc100.lp,hem,3,3,trainseed_3,auto,2026-07-23T12:14:00,optimal,435.0,434.64982800000143,1,0.05456620000040857,0.010998010635375977,0.0010008811950683594,0.0074596405029296875,0.0,1,0,152222,0.0,6322.33610026092,2290.0,153496.0,10000.0,0.0,0.0,8,True,D:\git\git\RDMCT-A3C\cie\results\main\cie_main_600s_compact_final_v1\seed3\solutions\cie_core_nominal__cie_core_n024_f006_m018_proc100__hem__solverseed_3__trainseed_3__trainseed_3.sol,,,,D:\git\git\RDMCT-A3C\cie\models\hem\seed_3\itr_60.pkl,13,False,greedy,
cie_core_nominal,dual_source_cluster_tool,8_to_32_wafers_nominal_processing,test,600.0,[],D:\git\git\RDMCT-A3C\cie\data\core\spbs\cie_core_n024_f006_m018_proc100.lp,spbs\cie_core_n024_f006_m018_proc100.lp,cie_core_n024_f006_m018_proc100.lp,rdmct_feature_only,3,3,trainseed_3,auto,2026-07-23T12:21:15,timelimit,600.0,600.0506258000023,1,0.03873829999793088,0.014072179794311523,0.0,0.022112369537353516,0.0,1,0,168087,0.1910856134157105,14726.947206282155,2699.0,153382.0,10000.0,0.017902666922363357,8.0,7,True,D:\git\git\RDMCT-A3C\cie\results\main\cie_main_600s_compact_final_v1\seed3\solutions\cie_core_nominal__cie_core_n024_f006_m018_proc100__rdmct_feature_only__solverseed_3__trainseed_3__trainseed_3.sol,,,,D:\git\git\RDMCT-A3C\cie\models\feature_only\seed_3\itr_60.pkl,23,False,greedy,
cie_core_nominal,dual_source_cluster_tool,8_to_32_wafers_nominal_processing,test,600.0,[],D:\git\git\RDMCT-A3C\cie\data\core\spbs\cie_core_n024_f006_m018_proc100.lp,spbs\cie_core_n024_f006_m018_proc100.lp,cie_core_n024_f006_m018_proc100.lp,hem_beam,3,3,trainseed_3,auto,2026-07-23T12:31:15,optimal,433.0,433.6639095999999,1,0.034254499994858634,0.011162281036376953,0.0,0.014930248260498047,0.0,1,0,152222,0.0,6270.654207651524,2290.0,153496.0,10000.0,0.0,0.0,8,True,D:\git\git\RDMCT-A3C\cie\results\main\cie_main_600s_compact_final_v1\seed3\solutions\cie_core_nominal__cie_core_n024_f006_m018_proc100__hem_beam__solverseed_3__trainseed_3__trainseed_3.sol,,,,D:\git\git\RDMCT-A3C\cie\models\hem\seed_3\itr_60.pkl,13,False,beam_search,
cie_core_nominal,dual_source_cluster_tool,8_to_32_wafers_nominal_processing,test,600.0,[],D:\git\git\RDMCT-A3C\cie\data\core\spbs\cie_core_n024_f012_m012_proc100.lp,spbs\cie_core_n024_f012_m012_proc100.lp,cie_core_n024_f012_m012_proc100.lp,proposed,3,3,trainseed_3,auto,2026-07-23T12:38:28,timelimit,600.0,599.2846538000013,1,0.06183459999738261,0.01899862289428711,0.0009999275207519531,0.00500178337097168,0.0019953250885009766,1,0,151585,0.3857913669064748,16857.722258273847,3082.0,108282.0,9447.0,0.6342177124582453,0.0,1,True,D:\git\git\RDMCT-A3C\cie\results\main\cie_main_600s_compact_final_v1\seed3\solutions\cie_core_nominal__cie_core_n024_f012_m012_proc100__proposed__solverseed_3__trainseed_3__trainseed_3.sol,,,,D:\git\git\RDMCT-A3C\cie\models\proposed\seed_3\itr_60.pkl,23,True,beam_search,
cie_core_nominal,dual_source_cluster_tool,8_to_32_wafers_nominal_processing,test,600.0,[],D:\git\git\RDMCT-A3C\cie\data\core\spbs\cie_core_n024_f012_m012_proc100.lp,spbs\cie_core_n024_f012_m012_proc100.lp,cie_core_n024_f012_m012_proc100.lp,hem,3,3,trainseed_3,auto,2026-07-23T12:48:28,timelimit,600.0,599.9674320999984,1,0.05318049999914365,0.01120448112487793,0.0010004043579101562,0.0060002803802490234,0.0,1,0,145170,0.3857913669064748,16860.57754704737,3082.0,108282.0,9447.0,0.6342177124582453,0.0,1,True,D:\git\git\RDMCT-A3C\cie\results\main\cie_main_600s_compact_final_v1\seed3\solutions\cie_core_nominal__cie_core_n024_f012_m012_proc100__hem__solverseed_3__trainseed_3__trainseed_3.sol,,,,D:\git\git\RDMCT-A3C\cie\models\hem\seed_3\itr_60.pkl,13,False,greedy,
cie_core_nominal,dual_source_cluster_tool,8_to_32_wafers_nominal_processing,test,600.0,[],D:\git\git\RDMCT-A3C\cie\data\core\spbs\cie_core_n024_f012_m012_proc100.lp,spbs\cie_core_n024_f012_m012_proc100.lp,cie_core_n024_f012_m012_proc100.lp,rdmct_feature_only,3,3,trainseed_3,auto,2026-07-23T12:58:28,timelimit,600.0,600.0500340999934,1,0.03866840000409866,0.015117406845092773,0.0010006427764892578,0.021112442016601562,0.0,1,0,162294,0.19469424460431656,13322.44440328394,2657.0,123749.0,10000.0,0.566987941442544,23.0,6,True,D:\git\git\RDMCT-A3C\cie\results\main\cie_main_600s_compact_final_v1\seed3\solutions\cie_core_nominal__cie_core_n024_f012_m012_proc100__rdmct_feature_only__solverseed_3__trainseed_3__trainseed_3.sol,,,,D:\git\git\RDMCT-A3C\cie\models\feature_only\seed_3\itr_60.pkl,23,False,greedy,
cie_core_nominal,dual_source_cluster_tool,8_to_32_wafers_nominal_processing,test,600.0,[],D:\git\git\RDMCT-A3C\cie\data\core\spbs\cie_core_n024_f012_m012_proc100.lp,spbs\cie_core_n024_f012_m012_proc100.lp,cie_core_n024_f012_m012_proc100.lp,hem_beam,3,3,trainseed_3,auto,2026-07-23T13:08:28,timelimit,600.0,599.9529276999965,1,0.06557210000028135,0.011253595352172852,0.0,0.01503753662109375,0.0,1,0,149041,0.3857913669064748,16861.713173264114,3082.0,108282.0,9447.0,0.6342177124582453,0.0,1,True,D:\git\git\RDMCT-A3C\cie\results\main\cie_main_600s_compact_final_v1\seed3\solutions\cie_core_nominal__cie_core_n024_f012_m012_proc100__hem_beam__solverseed_3__trainseed_3__trainseed_3.sol,,,,D:\git\git\RDMCT-A3C\cie\models\hem\seed_3\itr_60.pkl,13,False,beam_search,
cie_core_nominal,dual_source_cluster_tool,8_to_32_wafers_nominal_processing,test,600.0,[],D:\git\git\RDMCT-A3C\cie\data\core\spbs\cie_core_n024_f012_m012_proc100.lp,spbs\cie_core_n024_f012_m012_proc100.lp,cie_core_n024_f012_m012_proc100.lp,hem_structure,3,3,trainseed_3,auto,2026-07-23T13:18:28,timelimit,600.0,599.9939474999992,1,0.03364690000307746,0.0231630802154541,0.0010001659393310547,0.0051267147064208984,0.0030002593994140625,1,0,146576,0.3857913669064748,16860.57754704737,3082.0,108282.0,9447.0,0.6342177124582453,0.0,1,True,D:\git\git\RDMCT-A3C\cie\results\main\cie_main_600s_compact_final_v1\seed3\solutions\cie_core_nominal__cie_core_n024_f012_m012_proc100__hem_structure__solverseed_3__trainseed_3__trainseed_3.sol,,,,D:\git\git\RDMCT-A3C\cie\models\proposed\seed_3\itr_60.pkl,23,True,greedy,
cie_core_nominal,dual_source_cluster_tool,8_to_32_wafers_nominal_processing,test,600.0,[],D:\git\git\RDMCT-A3C\cie\data\core\spbs\cie_core_n024_f018_m006_proc100.lp,spbs\cie_core_n024_f018_m006_proc100.lp,cie_core_n024_f018_m006_proc100.lp,hem,3,3,trainseed_3,auto,2026-07-23T13:28:28,optimal,357.0,357.05183750001015,1,0.06092980000539683,0.015154361724853516,0.0030007362365722656,0.007113456726074219,0.0,1,0,84726,0.0,4999.2489167558615,2269.9999999999973,104506.82976885837,10000.0,0.5993559149820193,65.99999999999727,19,True,D:\git\git\RDMCT-A3C\cie\results\main\cie_main_600s_compact_final_v1\seed3\solutions\cie_core_nominal__cie_core_n024_f018_m006_proc100__hem__solverseed_3__trainseed_3__trainseed_3.sol,,,,D:\git\git\RDMCT-A3C\cie\models\hem\seed_3\itr_60.pkl,13,False,greedy,
cie_core_nominal,dual_source_cluster_tool,8_to_32_wafers_nominal_processing,test,600.0,[],D:\git\git\RDMCT-A3C\cie\data\core\spbs\cie_core_n024_f018_m006_proc100.lp,spbs\cie_core_n024_f018_m006_proc100.lp,cie_core_n024_f018_m006_proc100.lp,rdmct_feature_only,3,3,trainseed_3,auto,2026-07-23T13:34:25,timelimit,600.0,599.9918612000038,1,0.07594429999880958,0.017911911010742188,0.0009195804595947266,0.021413564682006836,0.0,1,0,140965,0.11576135351736425,15826.968363784748,2505.999999999999,105130.82976885838,10000.0,0.40198459599867853,170.0000000000009,9,True,D:\git\git\RDMCT-A3C\cie\results\main\cie_main_600s_compact_final_v1\seed3\solutions\cie_core_nominal__cie_core_n024_f018_m006_proc100__rdmct_feature_only__solverseed_3__trainseed_3__trainseed_3.sol,,,,D:\git\git\RDMCT-A3C\cie\models\feature_only\seed_3\itr_60.pkl,23,False,greedy,
cie_core_nominal,dual_source_cluster_tool,8_to_32_wafers_nominal_processing,test,600.0,[],D:\git\git\RDMCT-A3C\cie\data\core\spbs\cie_core_n024_f018_m006_proc100.lp,spbs\cie_core_n024_f018_m006_proc100.lp,cie_core_n024_f018_m006_proc100.lp,hem_beam,3,3,trainseed_3,auto,2026-07-23T13:44:25,optimal,354.0,354.8679458999977,1,0.06421530000807252,0.014003992080688477,0.0,0.014286279678344727,0.0,1,0,84726,0.0,4946.53626487536,2269.9999999999973,104506.82976885837,10000.0,0.5993559149820193,65.99999999999727,19,True,D:\git\git\RDMCT-A3C\cie\results\main\cie_main_600s_compact_final_v1\seed3\solutions\cie_core_nominal__cie_core_n024_f018_m006_proc100__hem_beam__solverseed_3__trainseed_3__trainseed_3.sol,,,,D:\git\git\RDMCT-A3C\cie\models\hem\seed_3\itr_60.pkl,13,False,beam_search,
cie_core_nominal,dual_source_cluster_tool,8_to_32_wafers_nominal_processing,test,600.0,[],D:\git\git\RDMCT-A3C\cie\data\core\spbs\cie_core_n024_f018_m006_proc100.lp,spbs\cie_core_n024_f018_m006_proc100.lp,cie_core_n024_f018_m006_proc100.lp,hem_structure,3,3,trainseed_3,auto,2026-07-23T13:50:20,optimal,425.0,426.05696820000594,1,0.039268400010769255,0.03045487403869629,0.0,0.005000114440917969,0.0029990673065185547,1,0,108793,0.0,10518.708146405712,2269.9999999999973,104657.82976885836,10000.0,0.26641758172382046,66.00000000000091,11,True,D:\git\git\RDMCT-A3C\cie\results\main\cie_main_600s_compact_final_v1\seed3\solutions\cie_core_nominal__cie_core_n024_f018_m006_proc100__hem_structure__solverseed_3__trainseed_3__trainseed_3.sol,,,,D:\git\git\RDMCT-A3C\cie\models\proposed\seed_3\itr_60.pkl,23,True,greedy,
cie_core_nominal,dual_source_cluster_tool,8_to_32_wafers_nominal_processing,test,600.0,[],D:\git\git\RDMCT-A3C\cie\data\core\spbs\cie_core_n024_f018_m006_proc100.lp,spbs\cie_core_n024_f018_m006_proc100.lp,cie_core_n024_f018_m006_proc100.lp,proposed,3,3,trainseed_3,auto,2026-07-23T13:57:26,optimal,422.0,422.1576204999874,1,0.06481280000298284,0.01889204978942871,0.0010001659393310547,0.006999969482421875,0.0029993057250976562,1,0,108793,0.0,10488.55863569136,2269.9999999999973,104657.82976885836,10000.0,0.26641758172382046,66.00000000000091,11,True,D:\git\git\RDMCT-A3C\cie\results\main\cie_main_600s_compact_final_v1\seed3\solutions\cie_core_nominal__cie_core_n024_f018_m006_proc100__proposed__solverseed_3__trainseed_3__trainseed_3.sol,,,,D:\git\git\RDMCT-A3C\cie\models\proposed\seed_3\itr_60.pkl,23,True,beam_search,
cie_core_nominal,dual_source_cluster_tool,8_to_32_wafers_nominal_processing,test,600.0,[],D:\git\git\RDMCT-A3C\cie\data\core\spbs\cie_core_n032_f000_m032_proc100.lp,spbs\cie_core_n032_f000_m032_proc100.lp,cie_core_n032_f000_m032_proc100.lp,rdmct_feature_only,3,3,trainseed_3,auto,2026-07-23T14:04:28,optimal,263.0,262.9599387000053,1,0.07468039999366738,0.01732182502746582,0.0009989738464355469,0.020275592803955078,0.0,1,0,99588,0.0,3161.011198687873,2592.0,200718.0,10000.0,0.023536023035696657,18.0,8,True,D:\git\git\RDMCT-A3C\cie\results\main\cie_main_600s_compact_final_v1\seed3\solutions\cie_core_nominal__cie_core_n032_f000_m032_proc100__rdmct_feature_only__solverseed_3__trainseed_3__trainseed_3.sol,,,,D:\git\git\RDMCT-A3C\cie\models\feature_only\seed_3\itr_60.pkl,23,False,greedy,
cie_core_nominal,dual_source_cluster_tool,8_to_32_wafers_nominal_processing,test,600.0,[],D:\git\git\RDMCT-A3C\cie\data\core\spbs\cie_core_n032_f000_m032_proc100.lp,spbs\cie_core_n032_f000_m032_proc100.lp,cie_core_n032_f000_m032_proc100.lp,hem_beam,3,3,trainseed_3,auto,2026-07-23T14:08:51,optimal,465.0,465.4427036999987,1,0.07016429999202956,0.020999431610107422,0.0010001659393310547,0.013180017471313477,0.0,1,0,185598,0.0,5100.629773822958,2592.0,202930.0,10000.0,0.014777899141282438,18.0,5,True,D:\git\git\RDMCT-A3C\cie\results\main\cie_main_600s_compact_final_v1\seed3\solutions\cie_core_nominal__cie_core_n032_f000_m032_proc100__hem_beam__solverseed_3__trainseed_3__trainseed_3.sol,,,,D:\git\git\RDMCT-A3C\cie\models\hem\seed_3\itr_60.pkl,13,False,beam_search,
cie_core_nominal,dual_source_cluster_tool,8_to_32_wafers_nominal_processing,test,600.0,[],D:\git\git\RDMCT-A3C\cie\data\core\spbs\cie_core_n032_f000_m032_proc100.lp,spbs\cie_core_n032_f000_m032_proc100.lp,cie_core_n032_f000_m032_proc100.lp,hem_structure,3,3,trainseed_3,auto,2026-07-23T14:16:36,optimal,469.0,468.6146834999963,1,0.05905690000508912,0.015303373336791992,0.0010018348693847656,0.0040013790130615234,0.004000186920166016,1,0,185598,0.0,5145.265680181353,2592.0,202930.0,10000.0,0.014777899141282438,18.0,5,True,D:\git\git\RDMCT-A3C\cie\results\main\cie_main_600s_compact_final_v1\seed3\solutions\cie_core_nominal__cie_core_n032_f000_m032_proc100__hem_structure__solverseed_3__trainseed_3__trainseed_3.sol,,,,D:\git\git\RDMCT-A3C\cie\models\proposed\seed_3\itr_60.pkl,23,True,greedy,
cie_core_nominal,dual_source_cluster_tool,8_to_32_wafers_nominal_processing,test,600.0,[],D:\git\git\RDMCT-A3C\cie\data\core\spbs\cie_core_n032_f000_m032_proc100.lp,spbs\cie_core_n032_f000_m032_proc100.lp,cie_core_n032_f000_m032_proc100.lp,proposed,3,3,trainseed_3,auto,2026-07-23T14:24:25,optimal,470.0,470.747506300002,1,0.06312470001284964,0.01712512969970703,0.0,0.007170438766479492,0.003002643585205078,1,0,185598,0.0,5154.211041040589,2592.0,202930.0,10000.0,0.014777899141282438,18.0,5,True,D:\git\git\RDMCT-A3C\cie\results\main\cie_main_600s_compact_final_v1\seed3\solutions\cie_core_nominal__cie_core_n032_f000_m032_proc100__proposed__solverseed_3__trainseed_3__trainseed_3.sol,,,,D:\git\git\RDMCT-A3C\cie\models\proposed\seed_3\itr_60.pkl,23,True,beam_search,
cie_core_nominal,dual_source_cluster_tool,8_to_32_wafers_nominal_processing,test,600.0,[],D:\git\git\RDMCT-A3C\cie\data\core\spbs\cie_core_n032_f000_m032_proc100.lp,spbs\cie_core_n032_f000_m032_proc100.lp,cie_core_n032_f000_m032_proc100.lp,hem,3,3,trainseed_3,auto,2026-07-23T14:32:16,optimal,473.0,473.8111244000029,1,0.028353200003039092,0.012325525283813477,0.0009996891021728516,0.00700068473815918,0.0,1,0,185598,0.0,5099.630959180411,2592.0,202930.0,10000.0,0.014777899141282438,18.0,5,True,D:\git\git\RDMCT-A3C\cie\results\main\cie_main_600s_compact_final_v1\seed3\solutions\cie_core_nominal__cie_core_n032_f000_m032_proc100__hem__solverseed_3__trainseed_3__trainseed_3.sol,,,,D:\git\git\RDMCT-A3C\cie\models\hem\seed_3\itr_60.pkl,13,False,greedy,
cie_core_nominal,dual_source_cluster_tool,8_to_32_wafers_nominal_processing,test,600.0,[],D:\git\git\RDMCT-A3C\cie\data\core\spbs\cie_core_n032_f008_m024_proc100.lp,spbs\cie_core_n032_f008_m024_proc100.lp,cie_core_n032_f008_m024_proc100.lp,hem_beam,3,3,trainseed_3,auto,2026-07-23T14:40:09,timelimit,600.0,599.3434077999991,1,0.07571720000123605,0.024385929107666016,0.0009989738464355469,0.01411128044128418,0.0,1,0,140957,0.10522273425499232,6825.282089991916,2878.0,183428.0,10000.0,0.06624417024677896,90.0,2,True,D:\git\git\RDMCT-A3C\cie\results\main\cie_main_600s_compact_final_v1\seed3\solutions\cie_core_nominal__cie_core_n032_f008_m024_proc100__hem_beam__solverseed_3__trainseed_3__trainseed_3.sol,,,,D:\git\git\RDMCT-A3C\cie\models\hem\seed_3\itr_60.pkl,13,False,beam_search,
cie_core_nominal,dual_source_cluster_tool,8_to_32_wafers_nominal_processing,test,600.0,[],D:\git\git\RDMCT-A3C\cie\data\core\spbs\cie_core_n032_f008_m024_proc100.lp,spbs\cie_core_n032_f008_m024_proc100.lp,cie_core_n032_f008_m024_proc100.lp,hem_structure,3,3,trainseed_3,auto,2026-07-23T14:50:09,timelimit,600.0,600.0359148999996,1,0.03207490000932012,0.01621079444885254,0.0,0.0051479339599609375,0.002999544143676758,1,0,143232,0.10522273425499232,6804.562075684861,2878.0,183428.0,10000.0,0.06624417024677896,90.0,2,True,D:\git\git\RDMCT-A3C\cie\results\main\cie_main_600s_compact_final_v1\seed3\solutions\cie_core_nominal__cie_core_n032_f008_m024_proc100__hem_structure__solverseed_3__trainseed_3__trainseed_3.sol,,,,D:\git\git\RDMCT-A3C\cie\models\proposed\seed_3\itr_60.pkl,23,True,greedy,
cie_core_nominal,dual_source_cluster_tool,8_to_32_wafers_nominal_processing,test,600.0,[],D:\git\git\RDMCT-A3C\cie\data\core\spbs\cie_core_n032_f008_m024_proc100.lp,spbs\cie_core_n032_f008_m024_proc100.lp,cie_core_n032_f008_m024_proc100.lp,proposed,3,3,trainseed_3,auto,2026-07-23T15:00:09,timelimit,600.0,600.0042497999966,1,0.02894310001283884,0.016218900680541992,0.001001596450805664,0.007131814956665039,0.003065824508666992,1,0,143641,0.10522273425499232,6804.758026044103,2878.0,183428.0,10000.0,0.06624417024677896,90.0,2,True,D:\git\git\RDMCT-A3C\cie\results\main\cie_main_600s_compact_final_v1\seed3\solutions\cie_core_nominal__cie_core_n032_f008_m024_proc100__proposed__solverseed_3__trainseed_3__trainseed_3.sol,,,,D:\git\git\RDMCT-A3C\cie\models\proposed\seed_3\itr_60.pkl,23,True,beam_search,
cie_core_nominal,dual_source_cluster_tool,8_to_32_wafers_nominal_processing,test,600.0,[],D:\git\git\RDMCT-A3C\cie\data\core\spbs\cie_core_n032_f008_m024_proc100.lp,spbs\cie_core_n032_f008_m024_proc100.lp,cie_core_n032_f008_m024_proc100.lp,hem,3,3,trainseed_3,auto,2026-07-23T15:10:09,timelimit,600.0,600.0125916999968,1,0.030451900005573407,0.013278961181640625,0.0010075569152832031,0.007995128631591797,0.0,1,0,145333,0.10522273425499232,6799.125031943494,2878.0,183428.0,10000.0,0.06624417024677896,90.0,2,True,D:\git\git\RDMCT-A3C\cie\results\main\cie_main_600s_compact_final_v1\seed3\solutions\cie_core_nominal__cie_core_n032_f008_m024_proc100__hem__solverseed_3__trainseed_3__trainseed_3.sol,,,,D:\git\git\RDMCT-A3C\cie\models\hem\seed_3\itr_60.pkl,13,False,greedy,
cie_core_nominal,dual_source_cluster_tool,8_to_32_wafers_nominal_processing,test,600.0,[],D:\git\git\RDMCT-A3C\cie\data\core\spbs\cie_core_n032_f008_m024_proc100.lp,spbs\cie_core_n032_f008_m024_proc100.lp,cie_core_n032_f008_m024_proc100.lp,rdmct_feature_only,3,3,trainseed_3,auto,2026-07-23T15:20:09,timelimit,600.0,599.9347926999908,1,0.08774830000766087,0.029000043869018555,0.0010077953338623047,0.02232956886291504,0.0,1,0,115365,0.1767870868562644,9227.106466361854,3062.0,165905.0,10000.0,0.192432155071815,272.0,1,True,D:\git\git\RDMCT-A3C\cie\results\main\cie_main_600s_compact_final_v1\seed3\solutions\cie_core_nominal__cie_core_n032_f008_m024_proc100__rdmct_feature_only__solverseed_3__trainseed_3__trainseed_3.sol,,,,D:\git\git\RDMCT-A3C\cie\models\feature_only\seed_3\itr_60.pkl,23,False,greedy,
cie_core_nominal,dual_source_cluster_tool,8_to_32_wafers_nominal_processing,test,600.0,[],D:\git\git\RDMCT-A3C\cie\data\core\spbs\cie_core_n032_f016_m016_proc100.lp,spbs\cie_core_n032_f016_m016_proc100.lp,cie_core_n032_f016_m016_proc100.lp,hem_structure,3,3,trainseed_3,auto,2026-07-23T15:30:09,timelimit,600.0,600.0145714999962,1,0.05534429999534041,0.03119492530822754,0.0010042190551757812,0.004133939743041992,0.003063201904296875,1,0,33040,3.045307443365696,45693.24,10000.0,192542.0,10000.0,0.7103546114337526,6.0,1,True,D:\git\git\RDMCT-A3C\cie\results\main\cie_main_600s_compact_final_v1\seed3\solutions\cie_core_nominal__cie_core_n032_f016_m016_proc100__hem_structure__solverseed_3__trainseed_3__trainseed_3.sol,,,,D:\git\git\RDMCT-A3C\cie\models\proposed\seed_3\itr_60.pkl,23,True,greedy,
cie_core_nominal,dual_source_cluster_tool,8_to_32_wafers_nominal_processing,test,600.0,[],D:\git\git\RDMCT-A3C\cie\data\core\spbs\cie_core_n032_f016_m016_proc100.lp,spbs\cie_core_n032_f016_m016_proc100.lp,cie_core_n032_f016_m016_proc100.lp,proposed,3,3,trainseed_3,auto,2026-07-23T15:40:09,timelimit,600.0,599.984643799995,1,0.3247955999977421,0.27054691314697266,0.0019986629486083984,0.007050752639770508,0.0030438899993896484,1,0,33537,3.045307443365696,45692.96,10000.0,192542.0,10000.0,0.7103546114337526,6.0,1,True,D:\git\git\RDMCT-A3C\cie\results\main\cie_main_600s_compact_final_v1\seed3\solutions\cie_core_nominal__cie_core_n032_f016_m016_proc100__proposed__solverseed_3__trainseed_3__trainseed_3.sol,,,,D:\git\git\RDMCT-A3C\cie\models\proposed\seed_3\itr_60.pkl,23,True,beam_search,
cie_core_nominal,dual_source_cluster_tool,8_to_32_wafers_nominal_processing,test,600.0,[],D:\git\git\RDMCT-A3C\cie\data\core\spbs\cie_core_n032_f016_m016_proc100.lp,spbs\cie_core_n032_f016_m016_proc100.lp,cie_core_n032_f016_m016_proc100.lp,hem,3,3,trainseed_3,auto,2026-07-23T15:50:09,timelimit,600.0,600.0689803999994,1,0.07704079999530222,0.01599717140197754,0.0,0.019999980926513672,0.0,1,0,66941,3.038772213247173,45615.369999999995,10000.0,192542.0,10000.0,0.7103546114337526,6.0,1,True,D:\git\git\RDMCT-A3C\cie\results\main\cie_main_600s_compact_final_v1\seed3\solutions\cie_core_nominal__cie_core_n032_f016_m016_proc100__hem__solverseed_3__trainseed_3__trainseed_3.sol,,,,D:\git\git\RDMCT-A3C\cie\models\hem\seed_3\itr_60.pkl,13,False,greedy,
cie_core_nominal,dual_source_cluster_tool,8_to_32_wafers_nominal_processing,test,600.0,[],D:\git\git\RDMCT-A3C\cie\data\core\spbs\cie_core_n032_f016_m016_proc100.lp,spbs\cie_core_n032_f016_m016_proc100.lp,cie_core_n032_f016_m016_proc100.lp,rdmct_feature_only,3,3,trainseed_3,auto,2026-07-23T16:00:09,timelimit,600.0,599.940070800003,1,0.09662169999501202,0.033186912536621094,0.0,0.020999908447265625,0.0,1,0,44538,3.037141703673799,45621.35755851308,10000.0,192542.0,10000.0,0.7103546114337526,6.0,1,True,D:\git\git\RDMCT-A3C\cie\results\main\cie_main_600s_compact_final_v1\seed3\solutions\cie_core_nominal__cie_core_n032_f016_m016_proc100__rdmct_feature_only__solverseed_3__trainseed_3__trainseed_3.sol,,,,D:\git\git\RDMCT-A3C\cie\models\feature_only\seed_3\itr_60.pkl,23,False,greedy,
cie_core_nominal,dual_source_cluster_tool,8_to_32_wafers_nominal_processing,test,600.0,[],D:\git\git\RDMCT-A3C\cie\data\core\spbs\cie_core_n032_f016_m016_proc100.lp,spbs\cie_core_n032_f016_m016_proc100.lp,cie_core_n032_f016_m016_proc100.lp,hem_beam,3,3,trainseed_3,auto,2026-07-23T16:10:09,timelimit,600.0,599.9504118000041,1,0.1016931000049226,0.016007423400878906,0.0009996891021728516,0.04226088523864746,0.0,1,0,78921,3.037141703673799,45614.37,10000.0,192542.0,10000.0,0.7103546114337526,6.0,1,True,D:\git\git\RDMCT-A3C\cie\results\main\cie_main_600s_compact_final_v1\seed3\solutions\cie_core_nominal__cie_core_n032_f016_m016_proc100__hem_beam__solverseed_3__trainseed_3__trainseed_3.sol,,,,D:\git\git\RDMCT-A3C\cie\models\hem\seed_3\itr_60.pkl,13,False,beam_search,
cie_core_nominal,dual_source_cluster_tool,8_to_32_wafers_nominal_processing,test,600.0,[],D:\git\git\RDMCT-A3C\cie\data\core\spbs\cie_core_n032_f024_m008_proc100.lp,spbs\cie_core_n032_f024_m008_proc100.lp,cie_core_n032_f024_m008_proc100.lp,proposed,3,3,trainseed_3,auto,2026-07-23T16:20:09,timelimit,600.0,600.0001790999959,1,0.033039100002497435,0.015506505966186523,0.0009999275207519531,0.006171226501464844,0.0019958019256591797,1,0,60853,0.6200245783139484,23755.424519073327,3959.34006939929,142645.95834699017,10000.0,0.6570863853867019,369.5226088123127,1,True,D:\git\git\RDMCT-A3C\cie\results\main\cie_main_600s_compact_final_v1\seed3\solutions\cie_core_nominal__cie_core_n032_f024_m008_proc100__proposed__solverseed_3__trainseed_3__trainseed_3.sol,,,,D:\git\git\RDMCT-A3C\cie\models\proposed\seed_3\itr_60.pkl,23,True,beam_search,
cie_core_nominal,dual_source_cluster_tool,8_to_32_wafers_nominal_processing,test,600.0,[],D:\git\git\RDMCT-A3C\cie\data\core\spbs\cie_core_n032_f024_m008_proc100.lp,spbs\cie_core_n032_f024_m008_proc100.lp,cie_core_n032_f024_m008_proc100.lp,hem,3,3,trainseed_3,auto,2026-07-23T16:30:09,timelimit,600.0,600.0566391000029,1,0.056011500011663884,0.014010906219482422,0.0009999275207519531,0.006506204605102539,0.0,1,0,58473,0.6200245783139484,23715.821959744855,3959.34006939929,142645.95834699017,10000.0,0.6570863853867019,369.5226088123127,1,True,D:\git\git\RDMCT-A3C\cie\results\main\cie_main_600s_compact_final_v1\seed3\solutions\cie_core_nominal__cie_core_n032_f024_m008_proc100__hem__solverseed_3__trainseed_3__trainseed_3.sol,,,,D:\git\git\RDMCT-A3C\cie\models\hem\seed_3\itr_60.pkl,13,False,greedy,
cie_core_nominal,dual_source_cluster_tool,8_to_32_wafers_nominal_processing,test,600.0,[],D:\git\git\RDMCT-A3C\cie\data\core\spbs\cie_core_n032_f024_m008_proc100.lp,spbs\cie_core_n032_f024_m008_proc100.lp,cie_core_n032_f024_m008_proc100.lp,rdmct_feature_only,3,3,trainseed_3,auto,2026-07-23T16:40:09,timelimit,600.0,600.032398299998,1,0.056602399999974295,0.023998260498046875,0.0010013580322265625,0.02300405502319336,0.0,1,0,55384,0.576170409792711,23368.44083665565,3959.34006939929,142645.95834699017,10000.0,0.6570863853867019,369.5226088123127,1,True,D:\git\git\RDMCT-A3C\cie\results\main\cie_main_600s_compact_final_v1\seed3\solutions\cie_core_nominal__cie_core_n032_f024_m008_proc100__rdmct_feature_only__solverseed_3__trainseed_3__trainseed_3.sol,,,,D:\git\git\RDMCT-A3C\cie\models\feature_only\seed_3\itr_60.pkl,23,False,greedy,
cie_core_nominal,dual_source_cluster_tool,8_to_32_wafers_nominal_processing,test,600.0,[],D:\git\git\RDMCT-A3C\cie\data\core\spbs\cie_core_n032_f024_m008_proc100.lp,spbs\cie_core_n032_f024_m008_proc100.lp,cie_core_n032_f024_m008_proc100.lp,hem_beam,3,3,trainseed_3,auto,2026-07-23T16:50:09,timelimit,600.0,599.9115305000014,1,0.04194450000068173,0.018440723419189453,0.0010039806365966797,0.014134407043457031,0.0,1,0,69548,0.6200245783139484,24088.45981709966,3959.34006939929,142645.95834699017,10000.0,0.6570863853867019,369.5226088123127,1,True,D:\git\git\RDMCT-A3C\cie\results\main\cie_main_600s_compact_final_v1\seed3\solutions\cie_core_nominal__cie_core_n032_f024_m008_proc100__hem_beam__solverseed_3__trainseed_3__trainseed_3.sol,,,,D:\git\git\RDMCT-A3C\cie\models\hem\seed_3\itr_60.pkl,13,False,beam_search,
cie_core_nominal,dual_source_cluster_tool,8_to_32_wafers_nominal_processing,test,600.0,[],D:\git\git\RDMCT-A3C\cie\data\core\spbs\cie_core_n032_f024_m008_proc100.lp,spbs\cie_core_n032_f024_m008_proc100.lp,cie_core_n032_f024_m008_proc100.lp,hem_structure,3,3,trainseed_3,auto,2026-07-23T17:00:09,timelimit,600.0,600.0020595000096,1,0.05735229999118019,0.015001296997070312,0.0009951591491699219,0.0040018558502197266,0.0020008087158203125,1,0,70471,0.6200245783139484,23709.25520883579,3959.34006939929,142645.95834699017,10000.0,0.6570863853867019,369.5226088123127,1,True,D:\git\git\RDMCT-A3C\cie\results\main\cie_main_600s_compact_final_v1\seed3\solutions\cie_core_nominal__cie_core_n032_f024_m008_proc100__hem_structure__solverseed_3__trainseed_3__trainseed_3.sol,,,,D:\git\git\RDMCT-A3C\cie\models\proposed\seed_3\itr_60.pkl,23,True,greedy,
cie_core_nominal,dual_source_cluster_tool,8_to_32_wafers_nominal_processing,test,600.0,[],D:\git\git\RDMCT-A3C\cie\data\core\pure41\cie_core_n008_f008_m000_proc100.lp,pure41\cie_core_n008_f008_m000_proc100.lp,cie_core_n008_f008_m000_proc100.lp,hem,3,4,trainseed_4,auto,2026-07-23T17:10:13,optimal,0.0,0.32621310000831727,1,0.27845079998951405,0.003996372222900391,0.0,0.27385473251342773,0.0,1,0,1,0.0,0.0,610.0,424.0,58.0,0.0,0.0,1,True,D:\git\git\RDMCT-A3C\cie\results\main\cie_main_600s_compact_final_v1\seed3\solutions\cie_core_nominal__cie_core_n008_f008_m000_proc100__hem__solverseed_3__trainseed_4__trainseed_4.sol,,,,D:\git\git\RDMCT-A3C\cie\models\hem\seed_4\itr_60.pkl,13,False,greedy,
cie_core_nominal,dual_source_cluster_tool,8_to_32_wafers_nominal_processing,test,600.0,[],D:\git\git\RDMCT-A3C\cie\data\core\pure41\cie_core_n008_f008_m000_proc100.lp,pure41\cie_core_n008_f008_m000_proc100.lp,cie_core_n008_f008_m000_proc100.lp,rdmct_feature_only,3,4,trainseed_4,auto,2026-07-23T17:10:13,optimal,0.0,0.06731699999363627,1,0.022232800009078346,0.005003213882446289,0.0,0.015999794006347656,0.0,1,0,1,0.0,0.0,610.0,424.0,58.0,0.0,0.0,1,True,D:\git\git\RDMCT-A3C\cie\results\main\cie_main_600s_compact_final_v1\seed3\solutions\cie_core_nominal__cie_core_n008_f008_m000_proc100__rdmct_feature_only__solverseed_3__trainseed_4__trainseed_4.sol,,,,D:\git\git\RDMCT-A3C\cie\models\feature_only\seed_4\itr_60.pkl,23,False,greedy,
cie_core_nominal,dual_source_cluster_tool,8_to_32_wafers_nominal_processing,test,600.0,[],D:\git\git\RDMCT-A3C\cie\data\core\pure41\cie_core_n008_f008_m000_proc100.lp,pure41\cie_core_n008_f008_m000_proc100.lp,cie_core_n008_f008_m000_proc100.lp,hem_beam,3,4,trainseed_4,auto,2026-07-23T17:10:13,optimal,1.0,0.17681459999585059,1,0.13108560000546277,0.003609180450439453,0.0,0.12705326080322266,0.0,1,0,1,0.0,2.622950819672131,610.0,424.0,58.0,0.0,0.0,1,True,D:\git\git\RDMCT-A3C\cie\results\main\cie_main_600s_compact_final_v1\seed3\solutions\cie_core_nominal__cie_core_n008_f008_m000_proc100__hem_beam__solverseed_3__trainseed_4__trainseed_4.sol,,,,D:\git\git\RDMCT-A3C\cie\models\hem\seed_4\itr_60.pkl,13,False,beam_search,
cie_core_nominal,dual_source_cluster_tool,8_to_32_wafers_nominal_processing,test,600.0,[],D:\git\git\RDMCT-A3C\cie\data\core\pure41\cie_core_n008_f008_m000_proc100.lp,pure41\cie_core_n008_f008_m000_proc100.lp,cie_core_n008_f008_m000_proc100.lp,hem_structure,3,4,trainseed_4,auto,2026-07-23T17:10:14,optimal,0.0,0.05786739999894053,1,0.012806600003386848,0.006424903869628906,0.0,0.0030014514923095703,0.0019974708557128906,1,0,1,0.0,0.0,610.0,424.0,58.0,0.0,0.0,1,True,D:\git\git\RDMCT-A3C\cie\results\main\cie_main_600s_compact_final_v1\seed3\solutions\cie_core_nominal__cie_core_n008_f008_m000_proc100__hem_structure__solverseed_3__trainseed_4__trainseed_4.sol,,,,D:\git\git\RDMCT-A3C\cie\models\proposed\seed_4\itr_60.pkl,23,True,greedy,
cie_core_nominal,dual_source_cluster_tool,8_to_32_wafers_nominal_processing,test,600.0,[],D:\git\git\RDMCT-A3C\cie\data\core\pure41\cie_core_n008_f008_m000_proc100.lp,pure41\cie_core_n008_f008_m000_proc100.lp,cie_core_n008_f008_m000_proc100.lp,proposed,3,4,trainseed_4,auto,2026-07-23T17:10:14,optimal,0.0,0.060146500007249415,1,0.013105899997754022,0.005998373031616211,0.0,0.00400233268737793,0.0019969940185546875,1,0,1,0.0,0.0,610.0,424.0,58.0,0.0,0.0,1,True,D:\git\git\RDMCT-A3C\cie\results\main\cie_main_600s_compact_final_v1\seed3\solutions\cie_core_nominal__cie_core_n008_f008_m000_proc100__proposed__solverseed_3__trainseed_4__trainseed_4.sol,,,,D:\git\git\RDMCT-A3C\cie\models\proposed\seed_4\itr_60.pkl,23,True,beam_search,
cie_core_nominal,dual_source_cluster_tool,8_to_32_wafers_nominal_processing,test,600.0,[],D:\git\git\RDMCT-A3C\cie\data\core\pure41\cie_core_n016_f016_m000_proc100.lp,pure41\cie_core_n016_f016_m000_proc100.lp,cie_core_n016_f016_m000_proc100.lp,rdmct_feature_only,3,4,trainseed_4,auto,2026-07-23T17:10:14,optimal,0.0,0.2961649000062607,1,0.024165299997548573,0.0069997310638427734,0.0009996891021728516,0.01399993896484375,0.0,1,0,1,0.0,0.0,944.0,21076.0,10000.0,0.012121212121212121,0.0,3,True,D:\git\git\RDMCT-A3C\cie\results\main\cie_main_600s_compact_final_v1\seed3\solutions\cie_core_nominal__cie_core_n016_f016_m000_proc100__rdmct_feature_only__solverseed_3__trainseed_4__trainseed_4.sol,,,,D:\git\git\RDMCT-A3C\cie\models\feature_only\seed_4\itr_60.pkl,23,False,greedy,
cie_core_nominal,dual_source_cluster_tool,8_to_32_wafers_nominal_processing,test,600.0,[],D:\git\git\RDMCT-A3C\cie\data\core\pure41\cie_core_n016_f016_m000_proc100.lp,pure41\cie_core_n016_f016_m000_proc100.lp,cie_core_n016_f016_m000_proc100.lp,hem_beam,3,4,trainseed_4,auto,2026-07-23T17:10:14,optimal,0.0,0.30506149999564514,1,0.03365779999876395,0.003907442092895508,0.00099945068359375,0.026978254318237305,0.0,1,0,1,0.0,0.0,944.0,21076.0,10000.0,0.012121212121212121,0.0,3,True,D:\git\git\RDMCT-A3C\cie\results\main\cie_main_600s_compact_final_v1\seed3\solutions\cie_core_nominal__cie_core_n016_f016_m000_proc100__hem_beam__solverseed_3__trainseed_4__trainseed_4.sol,,,,D:\git\git\RDMCT-A3C\cie\models\hem\seed_4\itr_60.pkl,13,False,beam_search,
cie_core_nominal,dual_source_cluster_tool,8_to_32_wafers_nominal_processing,test,600.0,[],D:\git\git\RDMCT-A3C\cie\data\core\pure41\cie_core_n016_f016_m000_proc100.lp,pure41\cie_core_n016_f016_m000_proc100.lp,cie_core_n016_f016_m000_proc100.lp,hem_structure,3,4,trainseed_4,auto,2026-07-23T17:10:14,optimal,1.0,0.2854062999977032,1,0.01667779999843333,0.007474660873413086,0.0,0.00500035285949707,0.001997709274291992,1,0,1,0.0,100.0,944.0,21082.0,10000.0,0.012121212121212121,0.0,3,True,D:\git\git\RDMCT-A3C\cie\results\main\cie_main_600s_compact_final_v1\seed3\solutions\cie_core_nominal__cie_core_n016_f016_m000_proc100__hem_structure__solverseed_3__trainseed_4__trainseed_4.sol,,,,D:\git\git\RDMCT-A3C\cie\models\proposed\seed_4\itr_60.pkl,23,True,greedy,
cie_core_nominal,dual_source_cluster_tool,8_to_32_wafers_nominal_processing,test,600.0,[],D:\git\git\RDMCT-A3C\cie\data\core\pure41\cie_core_n016_f016_m000_proc100.lp,pure41\cie_core_n016_f016_m000_proc100.lp,cie_core_n016_f016_m000_proc100.lp,proposed,3,4,trainseed_4,auto,2026-07-23T17:10:15,optimal,0.0,0.29010830000333954,1,0.017604200009373017,0.008998870849609375,0.0,0.005000114440917969,0.0020012855529785156,1,0,1,0.0,0.0,944.0,21082.0,10000.0,0.012121212121212121,0.0,3,True,D:\git\git\RDMCT-A3C\cie\results\main\cie_main_600s_compact_final_v1\seed3\solutions\cie_core_nominal__cie_core_n016_f016_m000_proc100__proposed__solverseed_3__trainseed_4__trainseed_4.sol,,,,D:\git\git\RDMCT-A3C\cie\models\proposed\seed_4\itr_60.pkl,23,True,beam_search,
cie_core_nominal,dual_source_cluster_tool,8_to_32_wafers_nominal_processing,test,600.0,[],D:\git\git\RDMCT-A3C\cie\data\core\pure41\cie_core_n016_f016_m000_proc100.lp,pure41\cie_core_n016_f016_m000_proc100.lp,cie_core_n016_f016_m000_proc100.lp,hem,3,4,trainseed_4,auto,2026-07-23T17:10:15,optimal,0.0,0.30465710000135005,1,0.03496659999655094,0.003999948501586914,0.0010004043579101562,0.0280001163482666,0.0,1,0,1,0.0,0.0,944.0,21076.0,10000.0,0.012121212121212121,0.0,3,True,D:\git\git\RDMCT-A3C\cie\results\main\cie_main_600s_compact_final_v1\seed3\solutions\cie_core_nominal__cie_core_n016_f016_m000_proc100__hem__solverseed_3__trainseed_4__trainseed_4.sol,,,,D:\git\git\RDMCT-A3C\cie\models\hem\seed_4\itr_60.pkl,13,False,greedy,
cie_core_nominal,dual_source_cluster_tool,8_to_32_wafers_nominal_processing,test,600.0,[],D:\git\git\RDMCT-A3C\cie\data\core\pure41\cie_core_n024_f024_m000_proc100.lp,pure41\cie_core_n024_f024_m000_proc100.lp,cie_core_n024_f024_m000_proc100.lp,hem_beam,3,4,trainseed_4,auto,2026-07-23T17:10:15,optimal,2.0,2.317065499999444,0,0.0,0.0,0.0,0.0,0.0,0,0,1,0.0,200.0,1268.0,40784.0,10000.0,0.0132622573320741,10.0,1,True,D:\git\git\RDMCT-A3C\cie\results\main\cie_main_600s_compact_final_v1\seed3\solutions\cie_core_nominal__cie_core_n024_f024_m000_proc100__hem_beam__solverseed_3__trainseed_4__trainseed_4.sol,,,,D:\git\git\RDMCT-A3C\cie\models\hem\seed_4\itr_60.pkl,13,False,beam_search,
cie_core_nominal,dual_source_cluster_tool,8_to_32_wafers_nominal_processing,test,600.0,[],D:\git\git\RDMCT-A3C\cie\data\core\pure41\cie_core_n024_f024_m000_proc100.lp,pure41\cie_core_n024_f024_m000_proc100.lp,cie_core_n024_f024_m000_proc100.lp,hem_structure,3,4,trainseed_4,auto,2026-07-23T17:10:18,optimal,2.0,2.2990579000033904,0,0.0,0.0,0.0,0.0,0.0,0,0,1,0.0,200.0,1268.0,40784.0,10000.0,0.0132622573320741,10.0,1,True,D:\git\git\RDMCT-A3C\cie\results\main\cie_main_600s_compact_final_v1\seed3\solutions\cie_core_nominal__cie_core_n024_f024_m000_proc100__hem_structure__solverseed_3__trainseed_4__trainseed_4.sol,,,,D:\git\git\RDMCT-A3C\cie\models\proposed\seed_4\itr_60.pkl,23,True,greedy,
cie_core_nominal,dual_source_cluster_tool,8_to_32_wafers_nominal_processing,test,600.0,[],D:\git\git\RDMCT-A3C\cie\data\core\pure41\cie_core_n024_f024_m000_proc100.lp,pure41\cie_core_n024_f024_m000_proc100.lp,cie_core_n024_f024_m000_proc100.lp,proposed,3,4,trainseed_4,auto,2026-07-23T17:10:20,optimal,2.0,2.3118424999993294,0,0.0,0.0,0.0,0.0,0.0,0,0,1,0.0,200.0,1268.0,40784.0,10000.0,0.0132622573320741,10.0,1,True,D:\git\git\RDMCT-A3C\cie\results\main\cie_main_600s_compact_final_v1\seed3\solutions\cie_core_nominal__cie_core_n024_f024_m000_proc100__proposed__solverseed_3__trainseed_4__trainseed_4.sol,,,,D:\git\git\RDMCT-A3C\cie\models\proposed\seed_4\itr_60.pkl,23,True,beam_search,
cie_core_nominal,dual_source_cluster_tool,8_to_32_wafers_nominal_processing,test,600.0,[],D:\git\git\RDMCT-A3C\cie\data\core\pure41\cie_core_n024_f024_m000_proc100.lp,pure41\cie_core_n024_f024_m000_proc100.lp,cie_core_n024_f024_m000_proc100.lp,hem,3,4,trainseed_4,auto,2026-07-23T17:10:22,optimal,2.0,2.3109550999943167,0,0.0,0.0,0.0,0.0,0.0,0,0,1,0.0,200.0,1268.0,40784.0,10000.0,0.0132622573320741,10.0,1,True,D:\git\git\RDMCT-A3C\cie\results\main\cie_main_600s_compact_final_v1\seed3\solutions\cie_core_nominal__cie_core_n024_f024_m000_proc100__hem__solverseed_3__trainseed_4__trainseed_4.sol,,,,D:\git\git\RDMCT-A3C\cie\models\hem\seed_4\itr_60.pkl,13,False,greedy,
cie_core_nominal,dual_source_cluster_tool,8_to_32_wafers_nominal_processing,test,600.0,[],D:\git\git\RDMCT-A3C\cie\data\core\pure41\cie_core_n024_f024_m000_proc100.lp,pure41\cie_core_n024_f024_m000_proc100.lp,cie_core_n024_f024_m000_proc100.lp,rdmct_feature_only,3,4,trainseed_4,auto,2026-07-23T17:10:24,optimal,2.0,2.3178358000004664,0,0.0,0.0,0.0,0.0,0.0,0,0,1,0.0,200.0,1268.0,40784.0,10000.0,0.0132622573320741,10.0,1,True,D:\git\git\RDMCT-A3C\cie\results\main\cie_main_600s_compact_final_v1\seed3\solutions\cie_core_nominal__cie_core_n024_f024_m000_proc100__rdmct_feature_only__solverseed_3__trainseed_4__trainseed_4.sol,,,,D:\git\git\RDMCT-A3C\cie\models\feature_only\seed_4\itr_60.pkl,23,False,greedy,
cie_core_nominal,dual_source_cluster_tool,8_to_32_wafers_nominal_processing,test,600.0,[],D:\git\git\RDMCT-A3C\cie\data\core\pure41\cie_core_n032_f032_m000_proc100.lp,pure41\cie_core_n032_f032_m000_proc100.lp,cie_core_n032_f032_m000_proc100.lp,hem_structure,3,4,trainseed_4,auto,2026-07-23T17:10:27,optimal,7.0,7.4175517999974545,1,0.05464489999576472,0.013571500778198242,0.0,0.004001140594482422,0.002001523971557617,1,0,1,0.0,700.0,1592.0,59453.0,10000.0,0.013094018938496562,18.0,2,True,D:\git\git\RDMCT-A3C\cie\results\main\cie_main_600s_compact_final_v1\seed3\solutions\cie_core_nominal__cie_core_n032_f032_m000_proc100__hem_structure__solverseed_3__trainseed_4__trainseed_4.sol,,,,D:\git\git\RDMCT-A3C\cie\models\proposed\seed_4\itr_60.pkl,23,True,greedy,
cie_core_nominal,dual_source_cluster_tool,8_to_32_wafers_nominal_processing,test,600.0,[],D:\git\git\RDMCT-A3C\cie\data\core\pure41\cie_core_n032_f032_m000_proc100.lp,pure41\cie_core_n032_f032_m000_proc100.lp,cie_core_n032_f032_m000_proc100.lp,proposed,3,4,trainseed_4,auto,2026-07-23T17:10:34,optimal,7.0,7.380160200002138,1,0.024929099992732517,0.013343334197998047,0.0009989738464355469,0.006001949310302734,0.0019979476928710938,1,0,1,0.0,700.0,1592.0,59453.0,10000.0,0.013094018938496562,18.0,2,True,D:\git\git\RDMCT-A3C\cie\results\main\cie_main_600s_compact_final_v1\seed3\solutions\cie_core_nominal__cie_core_n032_f032_m000_proc100__proposed__solverseed_3__trainseed_4__trainseed_4.sol,,,,D:\git\git\RDMCT-A3C\cie\models\proposed\seed_4\itr_60.pkl,23,True,beam_search,
cie_core_nominal,dual_source_cluster_tool,8_to_32_wafers_nominal_processing,test,600.0,[],D:\git\git\RDMCT-A3C\cie\data\core\pure41\cie_core_n032_f032_m000_proc100.lp,pure41\cie_core_n032_f032_m000_proc100.lp,cie_core_n032_f032_m000_proc100.lp,hem,3,4,trainseed_4,auto,2026-07-23T17:10:42,optimal,7.0,7.454384799988475,1,0.10772040000301786,0.009999513626098633,0.0010006427764892578,0.03362560272216797,0.0,1,0,1,0.0,700.0,1592.0,59445.0,10000.0,0.011443541338279375,10.0,2,True,D:\git\git\RDMCT-A3C\cie\results\main\cie_main_600s_compact_final_v1\seed3\solutions\cie_core_nominal__cie_core_n032_f032_m000_proc100__hem__solverseed_3__trainseed_4__trainseed_4.sol,,,,D:\git\git\RDMCT-A3C\cie\models\hem\seed_4\itr_60.pkl,13,False,greedy,
cie_core_nominal,dual_source_cluster_tool,8_to_32_wafers_nominal_processing,test,600.0,[],D:\git\git\RDMCT-A3C\cie\data\core\pure41\cie_core_n032_f032_m000_proc100.lp,pure41\cie_core_n032_f032_m000_proc100.lp,cie_core_n032_f032_m000_proc100.lp,rdmct_feature_only,3,4,trainseed_4,auto,2026-07-23T17:10:49,optimal,7.0,7.458666400008951,1,0.0663057000056142,0.01399993896484375,0.0,0.017009735107421875,0.0,1,0,1,0.0,700.0,1592.0,59445.0,10000.0,0.011443541338279375,10.0,2,True,D:\git\git\RDMCT-A3C\cie\results\main\cie_main_600s_compact_final_v1\seed3\solutions\cie_core_nominal__cie_core_n032_f032_m000_proc100__rdmct_feature_only__solverseed_3__trainseed_4__trainseed_4.sol,,,,D:\git\git\RDMCT-A3C\cie\models\feature_only\seed_4\itr_60.pkl,23,False,greedy,
cie_core_nominal,dual_source_cluster_tool,8_to_32_wafers_nominal_processing,test,600.0,[],D:\git\git\RDMCT-A3C\cie\data\core\pure41\cie_core_n032_f032_m000_proc100.lp,pure41\cie_core_n032_f032_m000_proc100.lp,cie_core_n032_f032_m000_proc100.lp,hem_beam,3,4,trainseed_4,auto,2026-07-23T17:10:56,optimal,7.0,7.4025433999922825,1,0.06657660000200849,0.01049351692199707,0.0,0.03380584716796875,0.0,1,0,1,0.0,700.0,1592.0,59445.0,10000.0,0.011443541338279375,10.0,2,True,D:\git\git\RDMCT-A3C\cie\results\main\cie_main_600s_compact_final_v1\seed3\solutions\cie_core_nominal__cie_core_n032_f032_m000_proc100__hem_beam__solverseed_3__trainseed_4__trainseed_4.sol,,,,D:\git\git\RDMCT-A3C\cie\models\hem\seed_4\itr_60.pkl,13,False,beam_search,
cie_core_nominal,dual_source_cluster_tool,8_to_32_wafers_nominal_processing,test,600.0,[],D:\git\git\RDMCT-A3C\cie\data\core\spbs\cie_core_n008_f000_m008_proc100.lp,spbs\cie_core_n008_f000_m008_proc100.lp,cie_core_n008_f000_m008_proc100.lp,proposed,3,4,trainseed_4,auto,2026-07-23T17:11:04,optimal,0.0,0.4581553000025451,1,0.03741039999295026,0.02300238609313965,0.0010001659393310547,0.009997129440307617,0.0020084381103515625,1,0,1424,0.0,0.0,768.0,60284.0,10000.0,0.0,0.0,6,True,D:\git\git\RDMCT-A3C\cie\results\main\cie_main_600s_compact_final_v1\seed3\solutions\cie_core_nominal__cie_core_n008_f000_m008_proc100__proposed__solverseed_3__trainseed_4__trainseed_4.sol,,,,D:\git\git\RDMCT-A3C\cie\models\proposed\seed_4\itr_60.pkl,23,True,beam_search,
cie_core_nominal,dual_source_cluster_tool,8_to_32_wafers_nominal_processing,test,600.0,[],D:\git\git\RDMCT-A3C\cie\data\core\spbs\cie_core_n008_f000_m008_proc100.lp,spbs\cie_core_n008_f000_m008_proc100.lp,cie_core_n008_f000_m008_proc100.lp,hem,3,4,trainseed_4,auto,2026-07-23T17:11:04,optimal,1.0,0.24789250000321772,1,0.012893300008727238,0.0030035972595214844,0.0009996891021728516,0.007996797561645508,0.0,1,0,474,0.0,44.260581780177674,768.0,60096.0,10000.0,0.0,0.0,4,True,D:\git\git\RDMCT-A3C\cie\results\main\cie_main_600s_compact_final_v1\seed3\solutions\cie_core_nominal__cie_core_n008_f000_m008_proc100__hem__solverseed_3__trainseed_4__trainseed_4.sol,,,,D:\git\git\RDMCT-A3C\cie\models\hem\seed_4\itr_60.pkl,13,False,greedy,
cie_core_nominal,dual_source_cluster_tool,8_to_32_wafers_nominal_processing,test,600.0,[],D:\git\git\RDMCT-A3C\cie\data\core\spbs\cie_core_n008_f000_m008_proc100.lp,spbs\cie_core_n008_f000_m008_proc100.lp,cie_core_n008_f000_m008_proc100.lp,rdmct_feature_only,3,4,trainseed_4,auto,2026-07-23T17:11:05,optimal,0.0,0.26683629999752156,1,0.041379200003575534,0.005997419357299805,0.0009989738464355469,0.032884836196899414,0.0,1,0,626,0.0,0.0,768.0,60132.0,10000.0,0.04134869301888566,18.0,4,True,D:\git\git\RDMCT-A3C\cie\results\main\cie_main_600s_compact_final_v1\seed3\solutions\cie_core_nominal__cie_core_n008_f000_m008_proc100__rdmct_feature_only__solverseed_3__trainseed_4__trainseed_4.sol,,,,D:\git\git\RDMCT-A3C\cie\models\feature_only\seed_4\itr_60.pkl,23,False,greedy,
cie_core_nominal,dual_source_cluster_tool,8_to_32_wafers_nominal_processing,test,600.0,[],D:\git\git\RDMCT-A3C\cie\data\core\spbs\cie_core_n008_f000_m008_proc100.lp,spbs\cie_core_n008_f000_m008_proc100.lp,cie_core_n008_f000_m008_proc100.lp,hem_beam,3,4,trainseed_4,auto,2026-07-23T17:11:05,optimal,0.0,0.27186449999862816,1,0.03678609999769833,0.003791332244873047,0.0,0.032006025314331055,0.0,1,0,474,0.0,0.0,768.0,60096.0,10000.0,0.0,0.0,4,True,D:\git\git\RDMCT-A3C\cie\results\main\cie_main_600s_compact_final_v1\seed3\solutions\cie_core_nominal__cie_core_n008_f000_m008_proc100__hem_beam__solverseed_3__trainseed_4__trainseed_4.sol,,,,D:\git\git\RDMCT-A3C\cie\models\hem\seed_4\itr_60.pkl,13,False,beam_search,
cie_core_nominal,dual_source_cluster_tool,8_to_32_wafers_nominal_processing,test,600.0,[],D:\git\git\RDMCT-A3C\cie\data\core\spbs\cie_core_n008_f000_m008_proc100.lp,spbs\cie_core_n008_f000_m008_proc100.lp,cie_core_n008_f000_m008_proc100.lp,hem_structure,3,4,trainseed_4,auto,2026-07-23T17:11:05,optimal,1.0,0.4563087000133237,1,0.013656800001626834,0.0070018768310546875,0.0,0.004000425338745117,0.0020003318786621094,1,0,1424,0.0,17.77301927194861,768.0,60284.0,10000.0,0.0,0.0,6,True,D:\git\git\RDMCT-A3C\cie\results\main\cie_main_600s_compact_final_v1\seed3\solutions\cie_core_nominal__cie_core_n008_f000_m008_proc100__hem_structure__solverseed_3__trainseed_4__trainseed_4.sol,,,,D:\git\git\RDMCT-A3C\cie\models\proposed\seed_4\itr_60.pkl,23,True,greedy,
cie_core_nominal,dual_source_cluster_tool,8_to_32_wafers_nominal_processing,test,600.0,[],D:\git\git\RDMCT-A3C\cie\data\core\spbs\cie_core_n008_f002_m006_proc100.lp,spbs\cie_core_n008_f002_m006_proc100.lp,cie_core_n008_f002_m006_proc100.lp,hem,3,4,trainseed_4,auto,2026-07-23T17:11:06,optimal,0.0,0.24644969998917077,1,0.01351379998959601,0.0030002593994140625,0.0,0.009000301361083984,0.0,1,0,452,0.0,0.0,900.0,60432.0,10000.0,0.0,0.0,2,True,D:\git\git\RDMCT-A3C\cie\results\main\cie_main_600s_compact_final_v1\seed3\solutions\cie_core_nominal__cie_core_n008_f002_m006_proc100__hem__solverseed_3__trainseed_4__trainseed_4.sol,,,,D:\git\git\RDMCT-A3C\cie\models\hem\seed_4\itr_60.pkl,13,False,greedy,
cie_core_nominal,dual_source_cluster_tool,8_to_32_wafers_nominal_processing,test,600.0,[],D:\git\git\RDMCT-A3C\cie\data\core\spbs\cie_core_n008_f002_m006_proc100.lp,spbs\cie_core_n008_f002_m006_proc100.lp,cie_core_n008_f002_m006_proc100.lp,rdmct_feature_only,3,4,trainseed_4,auto,2026-07-23T17:11:06,optimal,0.0,0.28079649999563117,1,0.02475810000032652,0.004999876022338867,0.0024569034576416016,0.015637874603271484,0.0,1,0,651,0.0,0.0,900.0,60648.0,10000.0,0.0,0.0,2,True,D:\git\git\RDMCT-A3C\cie\results\main\cie_main_600s_compact_final_v1\seed3\solutions\cie_core_nominal__cie_core_n008_f002_m006_proc100__rdmct_feature_only__solverseed_3__trainseed_4__trainseed_4.sol,,,,D:\git\git\RDMCT-A3C\cie\models\feature_only\seed_4\itr_60.pkl,23,False,greedy,
cie_core_nominal,dual_source_cluster_tool,8_to_32_wafers_nominal_processing,test,600.0,[],D:\git\git\RDMCT-A3C\cie\data\core\spbs\cie_core_n008_f002_m006_proc100.lp,spbs\cie_core_n008_f002_m006_proc100.lp,cie_core_n008_f002_m006_proc100.lp,hem_beam,3,4,trainseed_4,auto,2026-07-23T17:11:06,optimal,0.0,0.253758699996979,1,0.0227937000017846,0.0030007362365722656,0.0,0.018416404724121094,0.0,1,0,452,0.0,0.0,900.0,60432.0,10000.0,0.0,0.0,2,True,D:\git\git\RDMCT-A3C\cie\results\main\cie_main_600s_compact_final_v1\seed3\solutions\cie_core_nominal__cie_core_n008_f002_m006_proc100__hem_beam__solverseed_3__trainseed_4__trainseed_4.sol,,,,D:\git\git\RDMCT-A3C\cie\models\hem\seed_4\itr_60.pkl,13,False,beam_search,
cie_core_nominal,dual_source_cluster_tool,8_to_32_wafers_nominal_processing,test,600.0,[],D:\git\git\RDMCT-A3C\cie\data\core\spbs\cie_core_n008_f002_m006_proc100.lp,spbs\cie_core_n008_f002_m006_proc100.lp,cie_core_n008_f002_m006_proc100.lp,hem_structure,3,4,trainseed_4,auto,2026-07-23T17:11:06,optimal,1.0,0.16969549999339506,1,0.012783399986801669,0.006977081298828125,0.0,0.0029969215393066406,0.0021948814392089844,1,0,170,0.0,36.07954545454545,900.0,60766.0,10000.0,0.16717540513675566,0.0,3,True,D:\git\git\RDMCT-A3C\cie\results\main\cie_main_600s_compact_final_v1\seed3\solutions\cie_core_nominal__cie_core_n008_f002_m006_proc100__hem_structure__solverseed_3__trainseed_4__trainseed_4.sol,,,,D:\git\git\RDMCT-A3C\cie\models\proposed\seed_4\itr_60.pkl,23,True,greedy,
cie_core_nominal,dual_source_cluster_tool,8_to_32_wafers_nominal_processing,test,600.0,[],D:\git\git\RDMCT-A3C\cie\data\core\spbs\cie_core_n008_f002_m006_proc100.lp,spbs\cie_core_n008_f002_m006_proc100.lp,cie_core_n008_f002_m006_proc100.lp,proposed,3,4,trainseed_4,auto,2026-07-23T17:11:07,optimal,0.0,0.16728680000232998,1,0.015031200004159473,0.005999088287353516,0.0,0.0049970149993896484,0.002001047134399414,1,0,170,0.0,0.0,900.0,60766.0,10000.0,0.16717540513675566,0.0,3,True,D:\git\git\RDMCT-A3C\cie\results\main\cie_main_600s_compact_final_v1\seed3\solutions\cie_core_nominal__cie_core_n008_f002_m006_proc100__proposed__solverseed_3__trainseed_4__trainseed_4.sol,,,,D:\git\git\RDMCT-A3C\cie\models\proposed\seed_4\itr_60.pkl,23,True,beam_search,
cie_core_nominal,dual_source_cluster_tool,8_to_32_wafers_nominal_processing,test,600.0,[],D:\git\git\RDMCT-A3C\cie\data\core\spbs\cie_core_n008_f004_m004_proc100.lp,spbs\cie_core_n008_f004_m004_proc100.lp,cie_core_n008_f004_m004_proc100.lp,rdmct_feature_only,3,4,trainseed_4,auto,2026-07-23T17:11:07,optimal,0.0,0.22716500000387896,1,0.04572569999436382,0.005002498626708984,0.0015094280242919922,0.03772759437561035,0.0,1,0,366,0.0,0.0,833.9999999999945,50739.99999999998,10000.0,0.0,0.0,4,True,D:\git\git\RDMCT-A3C\cie\results\main\cie_main_600s_compact_final_v1\seed3\solutions\cie_core_nominal__cie_core_n008_f004_m004_proc100__rdmct_feature_only__solverseed_3__trainseed_4__trainseed_4.sol,,,,D:\git\git\RDMCT-A3C\cie\models\feature_only\seed_4\itr_60.pkl,23,False,greedy,
cie_core_nominal,dual_source_cluster_tool,8_to_32_wafers_nominal_processing,test,600.0,[],D:\git\git\RDMCT-A3C\cie\data\core\spbs\cie_core_n008_f004_m004_proc100.lp,spbs\cie_core_n008_f004_m004_proc100.lp,cie_core_n008_f004_m004_proc100.lp,hem_beam,3,4,trainseed_4,auto,2026-07-23T17:11:07,optimal,0.0,0.18395130000135396,1,0.0228108000010252,0.0039997100830078125,0.0,0.017998695373535156,0.0,1,0,263,0.0,0.0,834.0,50526.0,10000.0,0.0,0.0,2,True,D:\git\git\RDMCT-A3C\cie\results\main\cie_main_600s_compact_final_v1\seed3\solutions\cie_core_nominal__cie_core_n008_f004_m004_proc100__hem_beam__solverseed_3__trainseed_4__trainseed_4.sol,,,,D:\git\git\RDMCT-A3C\cie\models\hem\seed_4\itr_60.pkl,13,False,beam_search,
cie_core_nominal,dual_source_cluster_tool,8_to_32_wafers_nominal_processing,test,600.0,[],D:\git\git\RDMCT-A3C\cie\data\core\spbs\cie_core_n008_f004_m004_proc100.lp,spbs\cie_core_n008_f004_m004_proc100.lp,cie_core_n008_f004_m004_proc100.lp,hem_structure,3,4,trainseed_4,auto,2026-07-23T17:11:07,optimal,0.0,0.22790100000565872,1,0.015278299993951805,0.005997419357299805,0.0,0.006002187728881836,0.001997232437133789,1,0,493,0.0,0.0,834.0,50534.0,10000.0,0.0,0.0,2,True,D:\git\git\RDMCT-A3C\cie\results\main\cie_main_600s_compact_final_v1\seed3\solutions\cie_core_nominal__cie_core_n008_f004_m004_proc100__hem_structure__solverseed_3__trainseed_4__trainseed_4.sol,,,,D:\git\git\RDMCT-A3C\cie\models\proposed\seed_4\itr_60.pkl,23,True,greedy,
cie_core_nominal,dual_source_cluster_tool,8_to_32_wafers_nominal_processing,test,600.0,[],D:\git\git\RDMCT-A3C\cie\data\core\spbs\cie_core_n008_f004_m004_proc100.lp,spbs\cie_core_n008_f004_m004_proc100.lp,cie_core_n008_f004_m004_proc100.lp,proposed,3,4,trainseed_4,auto,2026-07-23T17:11:07,optimal,1.0,0.2295299000106752,1,0.01854210000601597,0.0059969425201416016,0.0,0.010001420974731445,0.0019996166229248047,1,0,493,0.0,39.81964215003642,834.0,50534.0,10000.0,0.0,0.0,2,True,D:\git\git\RDMCT-A3C\cie\results\main\cie_main_600s_compact_final_v1\seed3\solutions\cie_core_nominal__cie_core_n008_f004_m004_proc100__proposed__solverseed_3__trainseed_4__trainseed_4.sol,,,,D:\git\git\RDMCT-A3C\cie\models\proposed\seed_4\itr_60.pkl,23,True,beam_search,
cie_core_nominal,dual_source_cluster_tool,8_to_32_wafers_nominal_processing,test,600.0,[],D:\git\git\RDMCT-A3C\cie\data\core\spbs\cie_core_n008_f004_m004_proc100.lp,spbs\cie_core_n008_f004_m004_proc100.lp,cie_core_n008_f004_m004_proc100.lp,hem,3,4,trainseed_4,auto,2026-07-23T17:11:08,optimal,0.0,0.17304069999954663,1,0.012817299997550435,0.0029997825622558594,0.0009996891021728516,0.008000612258911133,0.0,1,0,263,0.0,0.0,834.0,50526.0,10000.0,0.0,0.0,2,True,D:\git\git\RDMCT-A3C\cie\results\main\cie_main_600s_compact_final_v1\seed3\solutions\cie_core_nominal__cie_core_n008_f004_m004_proc100__hem__solverseed_3__trainseed_4__trainseed_4.sol,,,,D:\git\git\RDMCT-A3C\cie\models\hem\seed_4\itr_60.pkl,13,False,greedy,
cie_core_nominal,dual_source_cluster_tool,8_to_32_wafers_nominal_processing,test,600.0,[],D:\git\git\RDMCT-A3C\cie\data\core\spbs\cie_core_n008_f006_m002_proc100.lp,spbs\cie_core_n008_f006_m002_proc100.lp,cie_core_n008_f006_m002_proc100.lp,hem_beam,3,4,trainseed_4,auto,2026-07-23T17:11:08,optimal,0.0,0.1993642000015825,1,0.03820509999059141,0.004001140594482422,0.0,0.03199911117553711,0.0,1,0,273,0.0,0.0,834.0,30488.0,10000.0,0.0,0.0,7,True,D:\git\git\RDMCT-A3C\cie\results\main\cie_main_600s_compact_final_v1\seed3\solutions\cie_core_nominal__cie_core_n008_f006_m002_proc100__hem_beam__solverseed_3__trainseed_4__trainseed_4.sol,,,,D:\git\git\RDMCT-A3C\cie\models\hem\seed_4\itr_60.pkl,13,False,beam_search,
cie_core_nominal,dual_source_cluster_tool,8_to_32_wafers_nominal_processing,test,600.0,[],D:\git\git\RDMCT-A3C\cie\data\core\spbs\cie_core_n008_f006_m002_proc100.lp,spbs\cie_core_n008_f006_m002_proc100.lp,cie_core_n008_f006_m002_proc100.lp,hem_structure,3,4,trainseed_4,auto,2026-07-23T17:11:08,optimal,0.0,0.1406124000059208,1,0.012145700005930848,0.006003141403198242,0.0,0.004000425338745117,0.0020029544830322266,1,0,172,0.0,0.0,834.0,30682.0,10000.0,0.0,0.0,4,True,D:\git\git\RDMCT-A3C\cie\results\main\cie_main_600s_compact_final_v1\seed3\solutions\cie_core_nominal__cie_core_n008_f006_m002_proc100__hem_structure__solverseed_3__trainseed_4__trainseed_4.sol,,,,D:\git\git\RDMCT-A3C\cie\models\proposed\seed_4\itr_60.pkl,23,True,greedy,
cie_core_nominal,dual_source_cluster_tool,8_to_32_wafers_nominal_processing,test,600.0,[],D:\git\git\RDMCT-A3C\cie\data\core\spbs\cie_core_n008_f006_m002_proc100.lp,spbs\cie_core_n008_f006_m002_proc100.lp,cie_core_n008_f006_m002_proc100.lp,proposed,3,4,trainseed_4,auto,2026-07-23T17:11:08,optimal,0.0,0.1419534000015119,1,0.014196799995261244,0.005002260208129883,0.0010008811950683594,0.00500798225402832,0.00099945068359375,1,0,172,0.0,0.0,834.0,30682.0,10000.0,0.0,0.0,4,True,D:\git\git\RDMCT-A3C\cie\results\main\cie_main_600s_compact_final_v1\seed3\solutions\cie_core_nominal__cie_core_n008_f006_m002_proc100__proposed__solverseed_3__trainseed_4__trainseed_4.sol,,,,D:\git\git\RDMCT-A3C\cie\models\proposed\seed_4\itr_60.pkl,23,True,beam_search,
cie_core_nominal,dual_source_cluster_tool,8_to_32_wafers_nominal_processing,test,600.0,[],D:\git\git\RDMCT-A3C\cie\data\core\spbs\cie_core_n008_f006_m002_proc100.lp,spbs\cie_core_n008_f006_m002_proc100.lp,cie_core_n008_f006_m002_proc100.lp,hem,3,4,trainseed_4,auto,2026-07-23T17:11:08,optimal,0.0,0.18118120000872295,1,0.02068909999798052,0.0026750564575195312,0.0010068416595458984,0.015288829803466797,0.0,1,0,273,0.0,0.0,834.0,30488.0,10000.0,0.0,0.0,7,True,D:\git\git\RDMCT-A3C\cie\results\main\cie_main_600s_compact_final_v1\seed3\solutions\cie_core_nominal__cie_core_n008_f006_m002_proc100__hem__solverseed_3__trainseed_4__trainseed_4.sol,,,,D:\git\git\RDMCT-A3C\cie\models\hem\seed_4\itr_60.pkl,13,False,greedy,
cie_core_nominal,dual_source_cluster_tool,8_to_32_wafers_nominal_processing,test,600.0,[],D:\git\git\RDMCT-A3C\cie\data\core\spbs\cie_core_n008_f006_m002_proc100.lp,spbs\cie_core_n008_f006_m002_proc100.lp,cie_core_n008_f006_m002_proc100.lp,rdmct_feature_only,3,4,trainseed_4,auto,2026-07-23T17:11:08,optimal,1.0,0.2076636999991024,1,0.04345060000196099,0.0070002079010009766,0.0009999275207519531,0.033998727798461914,0.0,1,0,270,0.0,15.226229508196722,834.0,30856.0,10000.0,0.0,0.0,6,True,D:\git\git\RDMCT-A3C\cie\results\main\cie_main_600s_compact_final_v1\seed3\solutions\cie_core_nominal__cie_core_n008_f006_m002_proc100__rdmct_feature_only__solverseed_3__trainseed_4__trainseed_4.sol,,,,D:\git\git\RDMCT-A3C\cie\models\feature_only\seed_4\itr_60.pkl,23,False,greedy,
cie_core_nominal,dual_source_cluster_tool,8_to_32_wafers_nominal_processing,test,600.0,[],D:\git\git\RDMCT-A3C\cie\data\core\spbs\cie_core_n016_f000_m016_proc100.lp,spbs\cie_core_n016_f000_m016_proc100.lp,cie_core_n016_f000_m016_proc100.lp,hem_structure,3,4,trainseed_4,auto,2026-07-23T17:11:09,optimal,7.0,7.5333926000021165,1,0.013341900004888885,0.007004737854003906,0.0,0.0030438899993896484,0.002000093460083008,1,0,8301,0.0,240.45093398469447,1136.0,100250.0,10000.0,0.02109561563154592,26.0,5,True,D:\git\git\RDMCT-A3C\cie\results\main\cie_main_600s_compact_final_v1\seed3\solutions\cie_core_nominal__cie_core_n016_f000_m016_proc100__hem_structure__solverseed_3__trainseed_4__trainseed_4.sol,,,,D:\git\git\RDMCT-A3C\cie\models\proposed\seed_4\itr_60.pkl,23,True,greedy,
cie_core_nominal,dual_source_cluster_tool,8_to_32_wafers_nominal_processing,test,600.0,[],D:\git\git\RDMCT-A3C\cie\data\core\spbs\cie_core_n016_f000_m016_proc100.lp,spbs\cie_core_n016_f000_m016_proc100.lp,cie_core_n016_f000_m016_proc100.lp,proposed,3,4,trainseed_4,auto,2026-07-23T17:11:16,optimal,8.0,7.482958699998562,1,0.01592799999343697,0.006000041961669922,0.0010001659393310547,0.006066560745239258,0.001996755599975586,1,0,8301,0.0,273.80893200122665,1136.0,100250.0,10000.0,0.02109561563154592,26.0,5,True,D:\git\git\RDMCT-A3C\cie\results\main\cie_main_600s_compact_final_v1\seed3\solutions\cie_core_nominal__cie_core_n016_f000_m016_proc100__proposed__solverseed_3__trainseed_4__trainseed_4.sol,,,,D:\git\git\RDMCT-A3C\cie\models\proposed\seed_4\itr_60.pkl,23,True,beam_search,
cie_core_nominal,dual_source_cluster_tool,8_to_32_wafers_nominal_processing,test,600.0,[],D:\git\git\RDMCT-A3C\cie\data\core\spbs\cie_core_n016_f000_m016_proc100.lp,spbs\cie_core_n016_f000_m016_proc100.lp,cie_core_n016_f000_m016_proc100.lp,hem,3,4,trainseed_4,auto,2026-07-23T17:11:24,optimal,22.0,22.106935999996495,1,0.013211700003012083,0.004000425338745117,0.0009980201721191406,0.00500178337097168,0.0,1,0,28041,0.0,866.7565139263252,1136.0,100232.0,10000.0,0.0,0.0,3,True,D:\git\git\RDMCT-A3C\cie\results\main\cie_main_600s_compact_final_v1\seed3\solutions\cie_core_nominal__cie_core_n016_f000_m016_proc100__hem__solverseed_3__trainseed_4__trainseed_4.sol,,,,D:\git\git\RDMCT-A3C\cie\models\hem\seed_4\itr_60.pkl,13,False,greedy,
cie_core_nominal,dual_source_cluster_tool,8_to_32_wafers_nominal_processing,test,600.0,[],D:\git\git\RDMCT-A3C\cie\data\core\spbs\cie_core_n016_f000_m016_proc100.lp,spbs\cie_core_n016_f000_m016_proc100.lp,cie_core_n016_f000_m016_proc100.lp,rdmct_feature_only,3,4,trainseed_4,auto,2026-07-23T17:11:46,optimal,21.0,21.41798589999962,1,0.026724600000306964,0.007001638412475586,0.0010001659393310547,0.01697373390197754,0.0,1,0,27181,0.0,848.4097035040431,1136.0,100216.0,10000.0,0.0,0.0,4,True,D:\git\git\RDMCT-A3C\cie\results\main\cie_main_600s_compact_final_v1\seed3\solutions\cie_core_nominal__cie_core_n016_f000_m016_proc100__rdmct_feature_only__solverseed_3__trainseed_4__trainseed_4.sol,,,,D:\git\git\RDMCT-A3C\cie\models\feature_only\seed_4\itr_60.pkl,23,False,greedy,
cie_core_nominal,dual_source_cluster_tool,8_to_32_wafers_nominal_processing,test,600.0,[],D:\git\git\RDMCT-A3C\cie\data\core\spbs\cie_core_n016_f000_m016_proc100.lp,spbs\cie_core_n016_f000_m016_proc100.lp,cie_core_n016_f000_m016_proc100.lp,hem_beam,3,4,trainseed_4,auto,2026-07-23T17:12:07,optimal,22.0,22.098656600006507,1,0.01705039999797009,0.004998207092285156,0.0004012584686279297,0.010992288589477539,0.0,1,0,28041,0.0,881.9227313566935,1136.0,100232.0,10000.0,0.0,0.0,3,True,D:\git\git\RDMCT-A3C\cie\results\main\cie_main_600s_compact_final_v1\seed3\solutions\cie_core_nominal__cie_core_n016_f000_m016_proc100__hem_beam__solverseed_3__trainseed_4__trainseed_4.sol,,,,D:\git\git\RDMCT-A3C\cie\models\hem\seed_4\itr_60.pkl,13,False,beam_search,
cie_core_nominal,dual_source_cluster_tool,8_to_32_wafers_nominal_processing,test,600.0,[],D:\git\git\RDMCT-A3C\cie\data\core\spbs\cie_core_n016_f004_m012_proc100.lp,spbs\cie_core_n016_f004_m012_proc100.lp,cie_core_n016_f004_m012_proc100.lp,proposed,3,4,trainseed_4,auto,2026-07-23T17:12:29,optimal,9.0,8.864032499986934,1,0.017185199991217814,0.008002519607543945,0.0,0.005999088287353516,0.0019996166229248047,1,0,12136,0.0,266.17879500458906,1202.0,90920.0,10000.0,0.11591914445681106,46.0,4,True,D:\git\git\RDMCT-A3C\cie\results\main\cie_main_600s_compact_final_v1\seed3\solutions\cie_core_nominal__cie_core_n016_f004_m012_proc100__proposed__solverseed_3__trainseed_4__trainseed_4.sol,,,,D:\git\git\RDMCT-A3C\cie\models\proposed\seed_4\itr_60.pkl,23,True,beam_search,
cie_core_nominal,dual_source_cluster_tool,8_to_32_wafers_nominal_processing,test,600.0,[],D:\git\git\RDMCT-A3C\cie\data\core\spbs\cie_core_n016_f004_m012_proc100.lp,spbs\cie_core_n016_f004_m012_proc100.lp,cie_core_n016_f004_m012_proc100.lp,hem,3,4,trainseed_4,auto,2026-07-23T17:12:38,optimal,9.0,8.87168520000705,1,0.011361999990185723,0.0038938522338867188,0.0007891654968261719,0.005647897720336914,0.0,1,0,12136,0.0,265.9345947603888,1202.0,90920.0,10000.0,0.11591914445681106,46.0,4,True,D:\git\git\RDMCT-A3C\cie\results\main\cie_main_600s_compact_final_v1\seed3\solutions\cie_core_nominal__cie_core_n016_f004_m012_proc100__hem__solverseed_3__trainseed_4__trainseed_4.sol,,,,D:\git\git\RDMCT-A3C\cie\models\hem\seed_4\itr_60.pkl,13,False,greedy,
cie_core_nominal,dual_source_cluster_tool,8_to_32_wafers_nominal_processing,test,600.0,[],D:\git\git\RDMCT-A3C\cie\data\core\spbs\cie_core_n016_f004_m012_proc100.lp,spbs\cie_core_n016_f004_m012_proc100.lp,cie_core_n016_f004_m012_proc100.lp,rdmct_feature_only,3,4,trainseed_4,auto,2026-07-23T17:12:47,optimal,4.0,4.266535000002477,1,0.02482449999661185,0.006205081939697266,0.0,0.017331361770629883,0.0,1,0,4572,0.0,128.02250684830088,1202.0,90946.0,10000.0,0.1325336585666081,110.0,6,True,D:\git\git\RDMCT-A3C\cie\results\main\cie_main_600s_compact_final_v1\seed3\solutions\cie_core_nominal__cie_core_n016_f004_m012_proc100__rdmct_feature_only__solverseed_3__trainseed_4__trainseed_4.sol,,,,D:\git\git\RDMCT-A3C\cie\models\feature_only\seed_4\itr_60.pkl,23,False,greedy,
cie_core_nominal,dual_source_cluster_tool,8_to_32_wafers_nominal_processing,test,600.0,[],D:\git\git\RDMCT-A3C\cie\data\core\spbs\cie_core_n016_f004_m012_proc100.lp,spbs\cie_core_n016_f004_m012_proc100.lp,cie_core_n016_f004_m012_proc100.lp,hem_beam,3,4,trainseed_4,auto,2026-07-23T17:12:51,optimal,9.0,8.866181499994127,1,0.015852099997573532,0.004001617431640625,0.0,0.010000467300415039,0.0,1,0,12136,0.0,266.17879500458906,1202.0,90920.0,10000.0,0.11591914445681106,46.0,4,True,D:\git\git\RDMCT-A3C\cie\results\main\cie_main_600s_compact_final_v1\seed3\solutions\cie_core_nominal__cie_core_n016_f004_m012_proc100__hem_beam__solverseed_3__trainseed_4__trainseed_4.sol,,,,D:\git\git\RDMCT-A3C\cie\models\hem\seed_4\itr_60.pkl,13,False,beam_search,
cie_core_nominal,dual_source_cluster_tool,8_to_32_wafers_nominal_processing,test,600.0,[],D:\git\git\RDMCT-A3C\cie\data\core\spbs\cie_core_n016_f004_m012_proc100.lp,spbs\cie_core_n016_f004_m012_proc100.lp,cie_core_n016_f004_m012_proc100.lp,hem_structure,3,4,trainseed_4,auto,2026-07-23T17:13:00,optimal,9.0,8.804854500005604,1,0.015609800000675023,0.008002281188964844,0.0009999275207519531,0.0029981136322021484,0.002002239227294922,1,0,12136,0.0,265.9345947603888,1202.0,90920.0,10000.0,0.11591914445681106,46.0,4,True,D:\git\git\RDMCT-A3C\cie\results\main\cie_main_600s_compact_final_v1\seed3\solutions\cie_core_nominal__cie_core_n016_f004_m012_proc100__hem_structure__solverseed_3__trainseed_4__trainseed_4.sol,,,,D:\git\git\RDMCT-A3C\cie\models\proposed\seed_4\itr_60.pkl,23,True,greedy,
cie_core_nominal,dual_source_cluster_tool,8_to_32_wafers_nominal_processing,test,600.0,[],D:\git\git\RDMCT-A3C\cie\data\core\spbs\cie_core_n016_f008_m008_proc100.lp,spbs\cie_core_n016_f008_m008_proc100.lp,cie_core_n016_f008_m008_proc100.lp,hem,3,4,trainseed_4,auto,2026-07-23T17:13:09,optimal,3.0,3.006369299997459,1,0.018074000006890856,0.004251003265380859,0.004001617431640625,0.007000446319580078,0.0,1,0,3547,0.0,39.97499534928213,1170.0,80778.0,10000.0,0.0,0.0,5,True,D:\git\git\RDMCT-A3C\cie\results\main\cie_main_600s_compact_final_v1\seed3\solutions\cie_core_nominal__cie_core_n016_f008_m008_proc100__hem__solverseed_3__trainseed_4__trainseed_4.sol,,,,D:\git\git\RDMCT-A3C\cie\models\hem\seed_4\itr_60.pkl,13,False,greedy,
cie_core_nominal,dual_source_cluster_tool,8_to_32_wafers_nominal_processing,test,600.0,[],D:\git\git\RDMCT-A3C\cie\data\core\spbs\cie_core_n016_f008_m008_proc100.lp,spbs\cie_core_n016_f008_m008_proc100.lp,cie_core_n016_f008_m008_proc100.lp,rdmct_feature_only,3,4,trainseed_4,auto,2026-07-23T17:13:12,optimal,3.0,2.940116099998704,1,0.02517610001086723,0.005704402923583984,0.001001596450805664,0.016001224517822266,0.0,1,0,4181,0.0,40.725199256528995,1170.0,80952.0,10000.0,0.13323170644250498,55.0,3,True,D:\git\git\RDMCT-A3C\cie\results\main\cie_main_600s_compact_final_v1\seed3\solutions\cie_core_nominal__cie_core_n016_f008_m008_proc100__rdmct_feature_only__solverseed_3__trainseed_4__trainseed_4.sol,,,,D:\git\git\RDMCT-A3C\cie\models\feature_only\seed_4\itr_60.pkl,23,False,greedy,
cie_core_nominal,dual_source_cluster_tool,8_to_32_wafers_nominal_processing,test,600.0,[],D:\git\git\RDMCT-A3C\cie\data\core\spbs\cie_core_n016_f008_m008_proc100.lp,spbs\cie_core_n016_f008_m008_proc100.lp,cie_core_n016_f008_m008_proc100.lp,hem_beam,3,4,trainseed_4,auto,2026-07-23T17:13:15,optimal,3.0,2.9994667999999365,1,0.02317300000868272,0.004000186920166016,0.0009999275207519531,0.016355276107788086,0.0,1,0,3547,0.0,36.944432967217715,1170.0,80778.0,10000.0,0.0,0.0,5,True,D:\git\git\RDMCT-A3C\cie\results\main\cie_main_600s_compact_final_v1\seed3\solutions\cie_core_nominal__cie_core_n016_f008_m008_proc100__hem_beam__solverseed_3__trainseed_4__trainseed_4.sol,,,,D:\git\git\RDMCT-A3C\cie\models\hem\seed_4\itr_60.pkl,13,False,beam_search,
cie_core_nominal,dual_source_cluster_tool,8_to_32_wafers_nominal_processing,test,600.0,[],D:\git\git\RDMCT-A3C\cie\data\core\spbs\cie_core_n016_f008_m008_proc100.lp,spbs\cie_core_n016_f008_m008_proc100.lp,cie_core_n016_f008_m008_proc100.lp,hem_structure,3,4,trainseed_4,auto,2026-07-23T17:13:18,optimal,2.0,2.5808890999906,1,0.015845900008571334,0.009001016616821289,0.0,0.0039997100830078125,0.0019998550415039062,1,0,2847,0.0,38.502977034306774,1170.0,80943.0,10000.0,0.06565944237842802,29.0,5,True,D:\git\git\RDMCT-A3C\cie\results\main\cie_main_600s_compact_final_v1\seed3\solutions\cie_core_nominal__cie_core_n016_f008_m008_proc100__hem_structure__solverseed_3__trainseed_4__trainseed_4.sol,,,,D:\git\git\RDMCT-A3C\cie\models\proposed\seed_4\itr_60.pkl,23,True,greedy,
cie_core_nominal,dual_source_cluster_tool,8_to_32_wafers_nominal_processing,test,600.0,[],D:\git\git\RDMCT-A3C\cie\data\core\spbs\cie_core_n016_f008_m008_proc100.lp,spbs\cie_core_n016_f008_m008_proc100.lp,cie_core_n016_f008_m008_proc100.lp,proposed,3,4,trainseed_4,auto,2026-07-23T17:13:20,optimal,2.0,2.716853699996136,1,0.015788799995789304,0.005998849868774414,0.0009982585906982422,0.00600123405456543,0.002000093460083008,1,0,2847,0.0,38.502977034306774,1170.0,80943.0,10000.0,0.06565944237842802,29.0,5,True,D:\git\git\RDMCT-A3C\cie\results\main\cie_main_600s_compact_final_v1\seed3\solutions\cie_core_nominal__cie_core_n016_f008_m008_proc100__proposed__solverseed_3__trainseed_4__trainseed_4.sol,,,,D:\git\git\RDMCT-A3C\cie\models\proposed\seed_4\itr_60.pkl,23,True,beam_search,
cie_core_nominal,dual_source_cluster_tool,8_to_32_wafers_nominal_processing,test,600.0,[],D:\git\git\RDMCT-A3C\cie\data\core\spbs\cie_core_n016_f012_m004_proc100.lp,spbs\cie_core_n016_f012_m004_proc100.lp,cie_core_n016_f012_m004_proc100.lp,rdmct_feature_only,3,4,trainseed_4,auto,2026-07-23T17:13:23,optimal,28.0,27.878877800001646,1,0.07485770000494085,0.0070018768310546875,0.0009989738464355469,0.017150402069091797,0.0,1,0,30930,0.0,1217.950769571676,1158.0,61818.24562537146,10000.0,0.2861125704223025,0.0,2,True,D:\git\git\RDMCT-A3C\cie\results\main\cie_main_600s_compact_final_v1\seed3\solutions\cie_core_nominal__cie_core_n016_f012_m004_proc100__rdmct_feature_only__solverseed_3__trainseed_4__trainseed_4.sol,,,,D:\git\git\RDMCT-A3C\cie\models\feature_only\seed_4\itr_60.pkl,23,False,greedy,
cie_core_nominal,dual_source_cluster_tool,8_to_32_wafers_nominal_processing,test,600.0,[],D:\git\git\RDMCT-A3C\cie\data\core\spbs\cie_core_n016_f012_m004_proc100.lp,spbs\cie_core_n016_f012_m004_proc100.lp,cie_core_n016_f012_m004_proc100.lp,hem_beam,3,4,trainseed_4,auto,2026-07-23T17:13:51,optimal,137.0,136.6828947999893,1,0.07795199999236502,0.004998445510864258,0.0010020732879638672,0.020996570587158203,0.0,1,0,169888,0.0,4649.03258589635,1158.0,62445.24562537146,10000.0,0.26393648826324756,0.0,2,True,D:\git\git\RDMCT-A3C\cie\results\main\cie_main_600s_compact_final_v1\seed3\solutions\cie_core_nominal__cie_core_n016_f012_m004_proc100__hem_beam__solverseed_3__trainseed_4__trainseed_4.sol,,,,D:\git\git\RDMCT-A3C\cie\models\hem\seed_4\itr_60.pkl,13,False,beam_search,
cie_core_nominal,dual_source_cluster_tool,8_to_32_wafers_nominal_processing,test,600.0,[],D:\git\git\RDMCT-A3C\cie\data\core\spbs\cie_core_n016_f012_m004_proc100.lp,spbs\cie_core_n016_f012_m004_proc100.lp,cie_core_n016_f012_m004_proc100.lp,hem_structure,3,4,trainseed_4,auto,2026-07-23T17:16:08,optimal,138.0,138.21930659998907,1,0.07374990000971593,0.011002302169799805,0.0,0.005002498626708984,0.0019979476928710938,1,0,169888,0.0,4688.823498630831,1158.0,62445.24562537146,10000.0,0.26393648826324756,0.0,2,True,D:\git\git\RDMCT-A3C\cie\results\main\cie_main_600s_compact_final_v1\seed3\solutions\cie_core_nominal__cie_core_n016_f012_m004_proc100__hem_structure__solverseed_3__trainseed_4__trainseed_4.sol,,,,D:\git\git\RDMCT-A3C\cie\models\proposed\seed_4\itr_60.pkl,23,True,greedy,
cie_core_nominal,dual_source_cluster_tool,8_to_32_wafers_nominal_processing,test,600.0,[],D:\git\git\RDMCT-A3C\cie\data\core\spbs\cie_core_n016_f012_m004_proc100.lp,spbs\cie_core_n016_f012_m004_proc100.lp,cie_core_n016_f012_m004_proc100.lp,proposed,3,4,trainseed_4,auto,2026-07-23T17:18:26,optimal,138.0,138.18793610000284,1,0.06429199999547563,0.006999015808105469,0.0,0.0060007572174072266,0.0020008087158203125,1,0,169888,0.0,4690.422883125459,1158.0,62445.24562537146,10000.0,0.26393648826324756,0.0,2,True,D:\git\git\RDMCT-A3C\cie\results\main\cie_main_600s_compact_final_v1\seed3\solutions\cie_core_nominal__cie_core_n016_f012_m004_proc100__proposed__solverseed_3__trainseed_4__trainseed_4.sol,,,,D:\git\git\RDMCT-A3C\cie\models\proposed\seed_4\itr_60.pkl,23,True,beam_search,
cie_core_nominal,dual_source_cluster_tool,8_to_32_wafers_nominal_processing,test,600.0,[],D:\git\git\RDMCT-A3C\cie\data\core\spbs\cie_core_n016_f012_m004_proc100.lp,spbs\cie_core_n016_f012_m004_proc100.lp,cie_core_n016_f012_m004_proc100.lp,hem,3,4,trainseed_4,auto,2026-07-23T17:20:44,optimal,137.0,136.59952460000932,1,0.012813200009986758,0.005001068115234375,0.0008454322814941406,0.005516529083251953,0.0,1,0,169888,0.0,4649.238958089205,1158.0,62445.24562537146,10000.0,0.26393648826324756,0.0,2,True,D:\git\git\RDMCT-A3C\cie\results\main\cie_main_600s_compact_final_v1\seed3\solutions\cie_core_nominal__cie_core_n016_f012_m004_proc100__hem__solverseed_3__trainseed_4__trainseed_4.sol,,,,D:\git\git\RDMCT-A3C\cie\models\hem\seed_4\itr_60.pkl,13,False,greedy,
cie_core_nominal,dual_source_cluster_tool,8_to_32_wafers_nominal_processing,test,600.0,[],D:\git\git\RDMCT-A3C\cie\data\core\spbs\cie_core_n024_f000_m024_proc100.lp,spbs\cie_core_n024_f000_m024_proc100.lp,cie_core_n024_f000_m024_proc100.lp,hem_beam,3,4,trainseed_4,auto,2026-07-23T17:23:01,timelimit,600.0,599.8893265000079,1,0.019968200009316206,0.007026195526123047,0.0009992122650146484,0.010294437408447266,0.0,1,0,164257,0.9841691452791324,29923.71391778416,4412.79217910079,162956.85986160376,10000.0,0.01699912779427555,8.661976873561798,1,True,D:\git\git\RDMCT-A3C\cie\results\main\cie_main_600s_compact_final_v1\seed3\solutions\cie_core_nominal__cie_core_n024_f000_m024_proc100__hem_beam__solverseed_3__trainseed_4__trainseed_4.sol,,,,D:\git\git\RDMCT-A3C\cie\models\hem\seed_4\itr_60.pkl,13,False,beam_search,
cie_core_nominal,dual_source_cluster_tool,8_to_32_wafers_nominal_processing,test,600.0,[],D:\git\git\RDMCT-A3C\cie\data\core\spbs\cie_core_n024_f000_m024_proc100.lp,spbs\cie_core_n024_f000_m024_proc100.lp,cie_core_n024_f000_m024_proc100.lp,hem_structure,3,4,trainseed_4,auto,2026-07-23T17:33:01,timelimit,600.0,599.9944753000018,1,0.05021590000251308,0.00899958610534668,0.0,0.0039997100830078125,0.002000570297241211,1,0,165659,0.9841691452791324,29873.17902038833,4412.79217910079,162956.85986160376,10000.0,0.01699912779427555,8.661976873561798,1,True,D:\git\git\RDMCT-A3C\cie\results\main\cie_main_600s_compact_final_v1\seed3\solutions\cie_core_nominal__cie_core_n024_f000_m024_proc100__hem_structure__solverseed_3__trainseed_4__trainseed_4.sol,,,,D:\git\git\RDMCT-A3C\cie\models\proposed\seed_4\itr_60.pkl,23,True,greedy,
cie_core_nominal,dual_source_cluster_tool,8_to_32_wafers_nominal_processing,test,600.0,[],D:\git\git\RDMCT-A3C\cie\data\core\spbs\cie_core_n024_f000_m024_proc100.lp,spbs\cie_core_n024_f000_m024_proc100.lp,cie_core_n024_f000_m024_proc100.lp,proposed,3,4,trainseed_4,auto,2026-07-23T17:43:01,timelimit,600.0,599.9975043000013,1,0.0588759999955073,0.016230106353759766,0.0,0.00621795654296875,0.001996755599975586,1,0,164806,0.9841691452791324,29873.31498872213,4412.79217910079,162956.85986160376,10000.0,0.01699912779427555,8.661976873561798,1,True,D:\git\git\RDMCT-A3C\cie\results\main\cie_main_600s_compact_final_v1\seed3\solutions\cie_core_nominal__cie_core_n024_f000_m024_proc100__proposed__solverseed_3__trainseed_4__trainseed_4.sol,,,,D:\git\git\RDMCT-A3C\cie\models\proposed\seed_4\itr_60.pkl,23,True,beam_search,
cie_core_nominal,dual_source_cluster_tool,8_to_32_wafers_nominal_processing,test,600.0,[],D:\git\git\RDMCT-A3C\cie\data\core\spbs\cie_core_n024_f000_m024_proc100.lp,spbs\cie_core_n024_f000_m024_proc100.lp,cie_core_n024_f000_m024_proc100.lp,hem,3,4,trainseed_4,auto,2026-07-23T17:53:01,timelimit,600.0,600.002940499995,1,0.04854010000417475,0.007269382476806641,0.0,0.006002664566040039,0.0,1,0,165548,0.9841691452791324,29873.224343166257,4412.79217910079,162956.85986160376,10000.0,0.01699912779427555,8.661976873561798,1,True,D:\git\git\RDMCT-A3C\cie\results\main\cie_main_600s_compact_final_v1\seed3\solutions\cie_core_nominal__cie_core_n024_f000_m024_proc100__hem__solverseed_3__trainseed_4__trainseed_4.sol,,,,D:\git\git\RDMCT-A3C\cie\models\hem\seed_4\itr_60.pkl,13,False,greedy,
cie_core_nominal,dual_source_cluster_tool,8_to_32_wafers_nominal_processing,test,600.0,[],D:\git\git\RDMCT-A3C\cie\data\core\spbs\cie_core_n024_f000_m024_proc100.lp,spbs\cie_core_n024_f000_m024_proc100.lp,cie_core_n024_f000_m024_proc100.lp,rdmct_feature_only,3,4,trainseed_4,auto,2026-07-23T18:03:01,timelimit,600.0,599.9492914000002,1,0.06207110000832472,0.008249759674072266,0.0009992122650146484,0.01634502410888672,0.0,1,0,178264,0.9895366001356133,29910.479666627587,4412.79217910079,162956.85986160376,10000.0,0.01699912779427555,8.661976873561798,1,True,D:\git\git\RDMCT-A3C\cie\results\main\cie_main_600s_compact_final_v1\seed3\solutions\cie_core_nominal__cie_core_n024_f000_m024_proc100__rdmct_feature_only__solverseed_3__trainseed_4__trainseed_4.sol,,,,D:\git\git\RDMCT-A3C\cie\models\feature_only\seed_4\itr_60.pkl,23,False,greedy,
cie_core_nominal,dual_source_cluster_tool,8_to_32_wafers_nominal_processing,test,600.0,[],D:\git\git\RDMCT-A3C\cie\data\core\spbs\cie_core_n024_f006_m018_proc100.lp,spbs\cie_core_n024_f006_m018_proc100.lp,cie_core_n024_f006_m018_proc100.lp,hem_structure,3,4,trainseed_4,auto,2026-07-23T18:13:01,optimal,315.0,315.2635725,1,0.01680050000140909,0.010001659393310547,0.0,0.004003286361694336,0.001997232437133789,1,0,152222,0.0,4545.408960374339,2290.0,153496.0,10000.0,0.0,0.0,8,True,D:\git\git\RDMCT-A3C\cie\results\main\cie_main_600s_compact_final_v1\seed3\solutions\cie_core_nominal__cie_core_n024_f006_m018_proc100__hem_structure__solverseed_3__trainseed_4__trainseed_4.sol,,,,D:\git\git\RDMCT-A3C\cie\models\proposed\seed_4\itr_60.pkl,23,True,greedy,
cie_core_nominal,dual_source_cluster_tool,8_to_32_wafers_nominal_processing,test,600.0,[],D:\git\git\RDMCT-A3C\cie\data\core\spbs\cie_core_n024_f006_m018_proc100.lp,spbs\cie_core_n024_f006_m018_proc100.lp,cie_core_n024_f006_m018_proc100.lp,proposed,3,4,trainseed_4,auto,2026-07-23T18:18:16,optimal,314.0,314.6976798000105,1,0.058640299990656786,0.016218185424804688,0.0,0.005156517028808594,0.0020363330841064453,1,0,152222,0.0,4537.721677275212,2290.0,153496.0,10000.0,0.0,0.0,8,True,D:\git\git\RDMCT-A3C\cie\results\main\cie_main_600s_compact_final_v1\seed3\solutions\cie_core_nominal__cie_core_n024_f006_m018_proc100__proposed__solverseed_3__trainseed_4__trainseed_4.sol,,,,D:\git\git\RDMCT-A3C\cie\models\proposed\seed_4\itr_60.pkl,23,True,beam_search,
cie_core_nominal,dual_source_cluster_tool,8_to_32_wafers_nominal_processing,test,600.0,[],D:\git\git\RDMCT-A3C\cie\data\core\spbs\cie_core_n024_f006_m018_proc100.lp,spbs\cie_core_n024_f006_m018_proc100.lp,cie_core_n024_f006_m018_proc100.lp,hem,3,4,trainseed_4,auto,2026-07-23T18:23:31,optimal,321.0,321.3977429999941,1,0.016132199991261587,0.007000923156738281,0.0019991397857666016,0.006234169006347656,0.0,1,0,152222,0.0,4627.444794891336,2290.0,153496.0,10000.0,0.0,0.0,8,True,D:\git\git\RDMCT-A3C\cie\results\main\cie_main_600s_compact_final_v1\seed3\solutions\cie_core_nominal__cie_core_n024_f006_m018_proc100__hem__solverseed_3__trainseed_4__trainseed_4.sol,,,,D:\git\git\RDMCT-A3C\cie\models\hem\seed_4\itr_60.pkl,13,False,greedy,
cie_core_nominal,dual_source_cluster_tool,8_to_32_wafers_nominal_processing,test,600.0,[],D:\git\git\RDMCT-A3C\cie\data\core\spbs\cie_core_n024_f006_m018_proc100.lp,spbs\cie_core_n024_f006_m018_proc100.lp,cie_core_n024_f006_m018_proc100.lp,rdmct_feature_only,3,4,trainseed_4,auto,2026-07-23T18:28:52,optimal,502.0,502.16688180000347,1,0.07755989998986479,0.010003328323364258,0.0,0.030480384826660156,0.0,1,0,246232,0.0,7407.627619265188,2290.0,152033.0,10000.0,0.0,0.0,8,True,D:\git\git\RDMCT-A3C\cie\results\main\cie_main_600s_compact_final_v1\seed3\solutions\cie_core_nominal__cie_core_n024_f006_m018_proc100__rdmct_feature_only__solverseed_3__trainseed_4__trainseed_4.sol,,,,D:\git\git\RDMCT-A3C\cie\models\feature_only\seed_4\itr_60.pkl,23,False,greedy,
cie_core_nominal,dual_source_cluster_tool,8_to_32_wafers_nominal_processing,test,600.0,[],D:\git\git\RDMCT-A3C\cie\data\core\spbs\cie_core_n024_f006_m018_proc100.lp,spbs\cie_core_n024_f006_m018_proc100.lp,cie_core_n024_f006_m018_proc100.lp,hem_beam,3,4,trainseed_4,auto,2026-07-23T18:37:14,optimal,314.0,314.4360951999988,1,0.05411420000018552,0.00700068473815918,0.002317667007446289,0.010001897811889648,0.0,1,0,152222,0.0,4540.447559322019,2290.0,153496.0,10000.0,0.0,0.0,8,True,D:\git\git\RDMCT-A3C\cie\results\main\cie_main_600s_compact_final_v1\seed3\solutions\cie_core_nominal__cie_core_n024_f006_m018_proc100__hem_beam__solverseed_3__trainseed_4__trainseed_4.sol,,,,D:\git\git\RDMCT-A3C\cie\models\hem\seed_4\itr_60.pkl,13,False,beam_search,
cie_core_nominal,dual_source_cluster_tool,8_to_32_wafers_nominal_processing,test,600.0,[],D:\git\git\RDMCT-A3C\cie\data\core\spbs\cie_core_n024_f012_m012_proc100.lp,spbs\cie_core_n024_f012_m012_proc100.lp,cie_core_n024_f012_m012_proc100.lp,proposed,3,4,trainseed_4,auto,2026-07-23T18:42:29,timelimit,600.0,600.0720707,1,0.035211599999456666,0.017259597778320312,0.0020029544830322266,0.005997180938720703,0.0022695064544677734,1,0,214812,0.3857913669064748,16785.561323815702,3082.0,108282.0,9447.0,0.6342177124582453,0.0,1,True,D:\git\git\RDMCT-A3C\cie\results\main\cie_main_600s_compact_final_v1\seed3\solutions\cie_core_nominal__cie_core_n024_f012_m012_proc100__proposed__solverseed_3__trainseed_4__trainseed_4.sol,,,,D:\git\git\RDMCT-A3C\cie\models\proposed\seed_4\itr_60.pkl,23,True,beam_search,
cie_core_nominal,dual_source_cluster_tool,8_to_32_wafers_nominal_processing,test,600.0,[],D:\git\git\RDMCT-A3C\cie\data\core\spbs\cie_core_n024_f012_m012_proc100.lp,spbs\cie_core_n024_f012_m012_proc100.lp,cie_core_n024_f012_m012_proc100.lp,hem,3,4,trainseed_4,auto,2026-07-23T18:52:29,timelimit,600.0,599.9683914000052,1,0.01524950000748504,0.00780487060546875,0.0010027885437011719,0.005000591278076172,0.0,1,0,215415,0.3857913669064748,16785.561323815702,3082.0,108282.0,9447.0,0.6342177124582453,0.0,1,True,D:\git\git\RDMCT-A3C\cie\results\main\cie_main_600s_compact_final_v1\seed3\solutions\cie_core_nominal__cie_core_n024_f012_m012_proc100__hem__solverseed_3__trainseed_4__trainseed_4.sol,,,,D:\git\git\RDMCT-A3C\cie\models\hem\seed_4\itr_60.pkl,13,False,greedy,
cie_core_nominal,dual_source_cluster_tool,8_to_32_wafers_nominal_processing,test,600.0,[],D:\git\git\RDMCT-A3C\cie\data\core\spbs\cie_core_n024_f012_m012_proc100.lp,spbs\cie_core_n024_f012_m012_proc100.lp,cie_core_n024_f012_m012_proc100.lp,rdmct_feature_only,3,4,trainseed_4,auto,2026-07-23T19:02:29,timelimit,600.0,600.0173412000004,1,0.0512396000121953,0.010001182556152344,0.0,0.016208410263061523,0.0,1,0,221950,0.3295863309352518,15484.955627239404,2957.0,123826.0,10000.0,0.5793398976707101,0.0,2,True,D:\git\git\RDMCT-A3C\cie\results\main\cie_main_600s_compact_final_v1\seed3\solutions\cie_core_nominal__cie_core_n024_f012_m012_proc100__rdmct_feature_only__solverseed_3__trainseed_4__trainseed_4.sol,,,,D:\git\git\RDMCT-A3C\cie\models\feature_only\seed_4\itr_60.pkl,23,False,greedy,
cie_core_nominal,dual_source_cluster_tool,8_to_32_wafers_nominal_processing,test,600.0,[],D:\git\git\RDMCT-A3C\cie\data\core\spbs\cie_core_n024_f012_m012_proc100.lp,spbs\cie_core_n024_f012_m012_proc100.lp,cie_core_n024_f012_m012_proc100.lp,hem_beam,3,4,trainseed_4,auto,2026-07-23T19:12:29,timelimit,600.0,599.9823087999976,1,0.020303199999034405,0.008258581161499023,0.0,0.01019430160522461,0.0,1,0,217001,0.3857913669064748,16785.431537962362,3082.0,108282.0,9447.0,0.6342177124582453,0.0,1,True,D:\git\git\RDMCT-A3C\cie\results\main\cie_main_600s_compact_final_v1\seed3\solutions\cie_core_nominal__cie_core_n024_f012_m012_proc100__hem_beam__solverseed_3__trainseed_4__trainseed_4.sol,,,,D:\git\git\RDMCT-A3C\cie\models\hem\seed_4\itr_60.pkl,13,False,beam_search,
cie_core_nominal,dual_source_cluster_tool,8_to_32_wafers_nominal_processing,test,600.0,[],D:\git\git\RDMCT-A3C\cie\data\core\spbs\cie_core_n024_f012_m012_proc100.lp,spbs\cie_core_n024_f012_m012_proc100.lp,cie_core_n024_f012_m012_proc100.lp,hem_structure,3,4,trainseed_4,auto,2026-07-23T19:22:29,timelimit,600.0,599.9956033999915,1,0.026039400006993674,0.018305540084838867,0.0,0.003503084182739258,0.0020072460174560547,1,0,216372,0.3857913669064748,16785.561323815702,3082.0,108282.0,9447.0,0.6342177124582453,0.0,1,True,D:\git\git\RDMCT-A3C\cie\results\main\cie_main_600s_compact_final_v1\seed3\solutions\cie_core_nominal__cie_core_n024_f012_m012_proc100__hem_structure__solverseed_3__trainseed_4__trainseed_4.sol,,,,D:\git\git\RDMCT-A3C\cie\models\proposed\seed_4\itr_60.pkl,23,True,greedy,
cie_core_nominal,dual_source_cluster_tool,8_to_32_wafers_nominal_processing,test,600.0,[],D:\git\git\RDMCT-A3C\cie\data\core\spbs\cie_core_n024_f018_m006_proc100.lp,spbs\cie_core_n024_f018_m006_proc100.lp,cie_core_n024_f018_m006_proc100.lp,hem,3,4,trainseed_4,auto,2026-07-23T19:32:29,optimal,263.0,263.86452570000256,1,0.018007599996053614,0.010229110717773438,0.0,0.005995512008666992,0.0,1,0,84726,0.0,3623.004034413335,2269.9999999999973,104506.82976885837,10000.0,0.5993559149820193,65.99999999999727,19,True,D:\git\git\RDMCT-A3C\cie\results\main\cie_main_600s_compact_final_v1\seed3\solutions\cie_core_nominal__cie_core_n024_f018_m006_proc100__hem__solverseed_3__trainseed_4__trainseed_4.sol,,,,D:\git\git\RDMCT-A3C\cie\models\hem\seed_4\itr_60.pkl,13,False,greedy,
cie_core_nominal,dual_source_cluster_tool,8_to_32_wafers_nominal_processing,test,600.0,[],D:\git\git\RDMCT-A3C\cie\data\core\spbs\cie_core_n024_f018_m006_proc100.lp,spbs\cie_core_n024_f018_m006_proc100.lp,cie_core_n024_f018_m006_proc100.lp,rdmct_feature_only,3,4,trainseed_4,auto,2026-07-23T19:36:52,optimal,526.0,526.2141102000023,1,0.0407722000090871,0.012291908264160156,0.0030045509338378906,0.017242431640625,0.0,1,0,227510,0.0,9694.332910922665,2269.999999999999,105228.82976885838,10000.0,0.26036688810276376,66.0,7,True,D:\git\git\RDMCT-A3C\cie\results\main\cie_main_600s_compact_final_v1\seed3\solutions\cie_core_nominal__cie_core_n024_f018_m006_proc100__rdmct_feature_only__solverseed_3__trainseed_4__trainseed_4.sol,,,,D:\git\git\RDMCT-A3C\cie\models\feature_only\seed_4\itr_60.pkl,23,False,greedy,
cie_core_nominal,dual_source_cluster_tool,8_to_32_wafers_nominal_processing,test,600.0,[],D:\git\git\RDMCT-A3C\cie\data\core\spbs\cie_core_n024_f018_m006_proc100.lp,spbs\cie_core_n024_f018_m006_proc100.lp,cie_core_n024_f018_m006_proc100.lp,hem_beam,3,4,trainseed_4,auto,2026-07-23T19:45:39,optimal,268.0,268.68355250000604,1,0.05657329999667127,0.010009765625,0.0010004043579101562,0.011257410049438477,0.0,1,0,84726,0.0,3686.592055920081,2269.9999999999973,104506.82976885837,10000.0,0.5993559149820193,65.99999999999727,19,True,D:\git\git\RDMCT-A3C\cie\results\main\cie_main_600s_compact_final_v1\seed3\solutions\cie_core_nominal__cie_core_n024_f018_m006_proc100__hem_beam__solverseed_3__trainseed_4__trainseed_4.sol,,,,D:\git\git\RDMCT-A3C\cie\models\hem\seed_4\itr_60.pkl,13,False,beam_search,
cie_core_nominal,dual_source_cluster_tool,8_to_32_wafers_nominal_processing,test,600.0,[],D:\git\git\RDMCT-A3C\cie\data\core\spbs\cie_core_n024_f018_m006_proc100.lp,spbs\cie_core_n024_f018_m006_proc100.lp,cie_core_n024_f018_m006_proc100.lp,hem_structure,3,4,trainseed_4,auto,2026-07-23T19:50:07,optimal,313.0,312.94059309999284,1,0.07061319999047555,0.029502153396606445,0.0,0.003997802734375,0.0019998550415039062,1,0,108793,0.0,7757.006816132616,2269.9999999999973,104657.82976885836,10000.0,0.26641758172382046,66.00000000000091,11,True,D:\git\git\RDMCT-A3C\cie\results\main\cie_main_600s_compact_final_v1\seed3\solutions\cie_core_nominal__cie_core_n024_f018_m006_proc100__hem_structure__solverseed_3__trainseed_4__trainseed_4.sol,,,,D:\git\git\RDMCT-A3C\cie\models\proposed\seed_4\itr_60.pkl,23,True,greedy,
cie_core_nominal,dual_source_cluster_tool,8_to_32_wafers_nominal_processing,test,600.0,[],D:\git\git\RDMCT-A3C\cie\data\core\spbs\cie_core_n024_f018_m006_proc100.lp,spbs\cie_core_n024_f018_m006_proc100.lp,cie_core_n024_f018_m006_proc100.lp,proposed,3,4,trainseed_4,auto,2026-07-23T19:55:20,optimal,308.0,308.13895390000835,1,0.055719299998600036,0.01329803466796875,0.0,0.006000041961669922,0.0019989013671875,1,0,108793,0.0,7616.075008590194,2269.9999999999973,104657.82976885836,10000.0,0.26641758172382046,66.00000000000091,11,True,D:\git\git\RDMCT-A3C\cie\results\main\cie_main_600s_compact_final_v1\seed3\solutions\cie_core_nominal__cie_core_n024_f018_m006_proc100__proposed__solverseed_3__trainseed_4__trainseed_4.sol,,,,D:\git\git\RDMCT-A3C\cie\models\proposed\seed_4\itr_60.pkl,23,True,beam_search,
cie_core_nominal,dual_source_cluster_tool,8_to_32_wafers_nominal_processing,test,600.0,[],D:\git\git\RDMCT-A3C\cie\data\core\spbs\cie_core_n032_f000_m032_proc100.lp,spbs\cie_core_n032_f000_m032_proc100.lp,cie_core_n032_f000_m032_proc100.lp,rdmct_feature_only,3,4,trainseed_4,auto,2026-07-23T20:00:28,optimal,265.0,265.4338992000121,1,0.07863540000107605,0.011244535446166992,0.0040035247802734375,0.01625657081604004,0.0,1,0,127932,0.0,2840.282834350652,2592.0,201322.0,10000.0,0.0,0.0,9,True,D:\git\git\RDMCT-A3C\cie\results\main\cie_main_600s_compact_final_v1\seed3\solutions\cie_core_nominal__cie_core_n032_f000_m032_proc100__rdmct_feature_only__solverseed_3__trainseed_4__trainseed_4.sol,,,,D:\git\git\RDMCT-A3C\cie\models\feature_only\seed_4\itr_60.pkl,23,False,greedy,
cie_core_nominal,dual_source_cluster_tool,8_to_32_wafers_nominal_processing,test,600.0,[],D:\git\git\RDMCT-A3C\cie\data\core\spbs\cie_core_n032_f000_m032_proc100.lp,spbs\cie_core_n032_f000_m032_proc100.lp,cie_core_n032_f000_m032_proc100.lp,hem_beam,3,4,trainseed_4,auto,2026-07-23T20:04:54,optimal,350.0,350.37241769999673,1,0.06241700000828132,0.015274763107299805,0.0010085105895996094,0.010998010635375977,0.0,1,0,185598,0.0,3773.9344467614105,2592.0,202930.0,10000.0,0.014777899141282438,18.0,5,True,D:\git\git\RDMCT-A3C\cie\results\main\cie_main_600s_compact_final_v1\seed3\solutions\cie_core_nominal__cie_core_n032_f000_m032_proc100__hem_beam__solverseed_3__trainseed_4__trainseed_4.sol,,,,D:\git\git\RDMCT-A3C\cie\models\hem\seed_4\itr_60.pkl,13,False,beam_search,
cie_core_nominal,dual_source_cluster_tool,8_to_32_wafers_nominal_processing,test,600.0,[],D:\git\git\RDMCT-A3C\cie\data\core\spbs\cie_core_n032_f000_m032_proc100.lp,spbs\cie_core_n032_f000_m032_proc100.lp,cie_core_n032_f000_m032_proc100.lp,hem_structure,3,4,trainseed_4,auto,2026-07-23T20:10:44,optimal,359.0,358.77888800000073,1,0.024799499995424412,0.010270118713378906,0.0009989738464355469,0.003997325897216797,0.0010023117065429688,1,0,185598,0.0,3959.2797657328174,2592.0,202930.0,10000.0,0.014777899141282438,18.0,5,True,D:\git\git\RDMCT-A3C\cie\results\main\cie_main_600s_compact_final_v1\seed3\solutions\cie_core_nominal__cie_core_n032_f000_m032_proc100__hem_structure__solverseed_3__trainseed_4__trainseed_4.sol,,,,D:\git\git\RDMCT-A3C\cie\models\proposed\seed_4\itr_60.pkl,23,True,greedy,
cie_core_nominal,dual_source_cluster_tool,8_to_32_wafers_nominal_processing,test,600.0,[],D:\git\git\RDMCT-A3C\cie\data\core\spbs\cie_core_n032_f000_m032_proc100.lp,spbs\cie_core_n032_f000_m032_proc100.lp,cie_core_n032_f000_m032_proc100.lp,proposed,3,4,trainseed_4,auto,2026-07-23T20:16:43,optimal,354.0,354.2427708000032,1,0.05412050000450108,0.010282039642333984,0.0009982585906982422,0.005001544952392578,0.0019998550415039062,1,0,185598,0.0,3903.6245756278663,2592.0,202930.0,10000.0,0.014777899141282438,18.0,5,True,D:\git\git\RDMCT-A3C\cie\results\main\cie_main_600s_compact_final_v1\seed3\solutions\cie_core_nominal__cie_core_n032_f000_m032_proc100__proposed__solverseed_3__trainseed_4__trainseed_4.sol,,,,D:\git\git\RDMCT-A3C\cie\models\proposed\seed_4\itr_60.pkl,23,True,beam_search,
cie_core_nominal,dual_source_cluster_tool,8_to_32_wafers_nominal_processing,test,600.0,[],D:\git\git\RDMCT-A3C\cie\data\core\spbs\cie_core_n032_f000_m032_proc100.lp,spbs\cie_core_n032_f000_m032_proc100.lp,cie_core_n032_f000_m032_proc100.lp,hem,3,4,trainseed_4,auto,2026-07-23T20:22:37,optimal,352.0,351.96565300000657,1,0.046960899999248795,0.008263349533081055,0.0010006427764892578,0.005002498626708984,0.0,1,0,185598,0.0,3883.9354131157374,2592.0,202930.0,10000.0,0.014777899141282438,18.0,5,True,D:\git\git\RDMCT-A3C\cie\results\main\cie_main_600s_compact_final_v1\seed3\solutions\cie_core_nominal__cie_core_n032_f000_m032_proc100__hem__solverseed_3__trainseed_4__trainseed_4.sol,,,,D:\git\git\RDMCT-A3C\cie\models\hem\seed_4\itr_60.pkl,13,False,greedy,
cie_core_nominal,dual_source_cluster_tool,8_to_32_wafers_nominal_processing,test,600.0,[],D:\git\git\RDMCT-A3C\cie\data\core\spbs\cie_core_n032_f008_m024_proc100.lp,spbs\cie_core_n032_f008_m024_proc100.lp,cie_core_n032_f008_m024_proc100.lp,hem_beam,3,4,trainseed_4,auto,2026-07-23T20:28:29,timelimit,600.0,599.3954779999913,1,0.07777530000021216,0.021257638931274414,0.0009999275207519531,0.020556926727294922,0.0,1,0,200368,0.10522273425499232,6506.201236525292,2878.0,183428.0,10000.0,0.06624417024677896,90.0,2,True,D:\git\git\RDMCT-A3C\cie\results\main\cie_main_600s_compact_final_v1\seed3\solutions\cie_core_nominal__cie_core_n032_f008_m024_proc100__hem_beam__solverseed_3__trainseed_4__trainseed_4.sol,,,,D:\git\git\RDMCT-A3C\cie\models\hem\seed_4\itr_60.pkl,13,False,beam_search,
cie_core_nominal,dual_source_cluster_tool,8_to_32_wafers_nominal_processing,test,600.0,[],D:\git\git\RDMCT-A3C\cie\data\core\spbs\cie_core_n032_f008_m024_proc100.lp,spbs\cie_core_n032_f008_m024_proc100.lp,cie_core_n032_f008_m024_proc100.lp,hem_structure,3,4,trainseed_4,auto,2026-07-23T20:38:29,timelimit,600.0,600.0342584000027,1,0.05244529999617953,0.01008915901184082,0.0010004043579101562,0.00400233268737793,0.0009980201721191406,1,0,205052,0.10522273425499232,6494.18410528031,2878.0,183428.0,10000.0,0.06624417024677896,90.0,2,True,D:\git\git\RDMCT-A3C\cie\results\main\cie_main_600s_compact_final_v1\seed3\solutions\cie_core_nominal__cie_core_n032_f008_m024_proc100__hem_structure__solverseed_3__trainseed_4__trainseed_4.sol,,,,D:\git\git\RDMCT-A3C\cie\models\proposed\seed_4\itr_60.pkl,23,True,greedy,
cie_core_nominal,dual_source_cluster_tool,8_to_32_wafers_nominal_processing,test,600.0,[],D:\git\git\RDMCT-A3C\cie\data\core\spbs\cie_core_n032_f008_m024_proc100.lp,spbs\cie_core_n032_f008_m024_proc100.lp,cie_core_n032_f008_m024_proc100.lp,proposed,3,4,trainseed_4,auto,2026-07-23T20:48:29,timelimit,600.0,599.996535600003,1,0.05441709999286104,0.01154184341430664,0.0009992122650146484,0.005236148834228516,0.001996278762817383,1,0,202003,0.10522273425499232,6499.49051544885,2878.0,183428.0,10000.0,0.06624417024677896,90.0,2,True,D:\git\git\RDMCT-A3C\cie\results\main\cie_main_600s_compact_final_v1\seed3\solutions\cie_core_nominal__cie_core_n032_f008_m024_proc100__proposed__solverseed_3__trainseed_4__trainseed_4.sol,,,,D:\git\git\RDMCT-A3C\cie\models\proposed\seed_4\itr_60.pkl,23,True,beam_search,
cie_core_nominal,dual_source_cluster_tool,8_to_32_wafers_nominal_processing,test,600.0,[],D:\git\git\RDMCT-A3C\cie\data\core\spbs\cie_core_n032_f008_m024_proc100.lp,spbs\cie_core_n032_f008_m024_proc100.lp,cie_core_n032_f008_m024_proc100.lp,hem,3,4,trainseed_4,auto,2026-07-23T20:58:29,timelimit,600.0,600.0246451999992,1,0.050730000002658926,0.010001420974731445,0.0,0.00629115104675293,0.0,1,0,204104,0.10522273425499232,6494.18410528031,2878.0,183428.0,10000.0,0.06624417024677896,90.0,2,True,D:\git\git\RDMCT-A3C\cie\results\main\cie_main_600s_compact_final_v1\seed3\solutions\cie_core_nominal__cie_core_n032_f008_m024_proc100__hem__solverseed_3__trainseed_4__trainseed_4.sol,,,,D:\git\git\RDMCT-A3C\cie\models\hem\seed_4\itr_60.pkl,13,False,greedy,
cie_core_nominal,dual_source_cluster_tool,8_to_32_wafers_nominal_processing,test,600.0,[],D:\git\git\RDMCT-A3C\cie\data\core\spbs\cie_core_n032_f008_m024_proc100.lp,spbs\cie_core_n032_f008_m024_proc100.lp,cie_core_n032_f008_m024_proc100.lp,rdmct_feature_only,3,4,trainseed_4,auto,2026-07-23T21:08:29,timelimit,600.0,599.9745721999934,1,0.05164170000352897,0.024944067001342773,0.0009999275207519531,0.017223596572875977,0.0,1,0,222727,0.0629800307219662,6178.584043697927,2768.0,181738.0,10000.0,0.053673175278923214,56.0,6,True,D:\git\git\RDMCT-A3C\cie\results\main\cie_main_600s_compact_final_v1\seed3\solutions\cie_core_nominal__cie_core_n032_f008_m024_proc100__rdmct_feature_only__solverseed_3__trainseed_4__trainseed_4.sol,,,,D:\git\git\RDMCT-A3C\cie\models\feature_only\seed_4\itr_60.pkl,23,False,greedy,
cie_core_nominal,dual_source_cluster_tool,8_to_32_wafers_nominal_processing,test,600.0,[],D:\git\git\RDMCT-A3C\cie\data\core\spbs\cie_core_n032_f016_m016_proc100.lp,spbs\cie_core_n032_f016_m016_proc100.lp,cie_core_n032_f016_m016_proc100.lp,hem_structure,3,4,trainseed_4,auto,2026-07-23T21:18:29,timelimit,600.0,599.975293800002,1,0.06678089998604264,0.02012944221496582,0.0010001659393310547,0.003000020980834961,0.0020003318786621094,1,0,41576,3.045307443365696,45479.64,10000.0,192542.0,10000.0,0.7103546114337526,6.0,1,True,D:\git\git\RDMCT-A3C\cie\results\main\cie_main_600s_compact_final_v1\seed3\solutions\cie_core_nominal__cie_core_n032_f016_m016_proc100__hem_structure__solverseed_3__trainseed_4__trainseed_4.sol,,,,D:\git\git\RDMCT-A3C\cie\models\proposed\seed_4\itr_60.pkl,23,True,greedy,
cie_core_nominal,dual_source_cluster_tool,8_to_32_wafers_nominal_processing,test,600.0,[],D:\git\git\RDMCT-A3C\cie\data\core\spbs\cie_core_n032_f016_m016_proc100.lp,spbs\cie_core_n032_f016_m016_proc100.lp,cie_core_n032_f016_m016_proc100.lp,proposed,3,4,trainseed_4,auto,2026-07-23T21:28:29,timelimit,600.0,599.975260399995,1,0.41171179999946617,0.3910861015319824,0.0019989013671875,0.008416891098022461,0.002997875213623047,1,0,33887,3.045307443365696,45694.24,10000.0,192542.0,10000.0,0.7103546114337526,6.0,1,True,D:\git\git\RDMCT-A3C\cie\results\main\cie_main_600s_compact_final_v1\seed3\solutions\cie_core_nominal__cie_core_n032_f016_m016_proc100__proposed__solverseed_3__trainseed_4__trainseed_4.sol,,,,D:\git\git\RDMCT-A3C\cie\models\proposed\seed_4\itr_60.pkl,23,True,beam_search,
cie_core_nominal,dual_source_cluster_tool,8_to_32_wafers_nominal_processing,test,600.0,[],D:\git\git\RDMCT-A3C\cie\data\core\spbs\cie_core_n032_f016_m016_proc100.lp,spbs\cie_core_n032_f016_m016_proc100.lp,cie_core_n032_f016_m016_proc100.lp,hem,3,4,trainseed_4,auto,2026-07-23T21:38:29,timelimit,600.0,600.0450349000021,1,0.08814120000170078,0.01100015640258789,0.0010006427764892578,0.03599715232849121,0.0,1,0,59730,3.042037186742118,45596.56,10000.0,192542.0,10000.0,0.7103546114337526,6.0,1,True,D:\git\git\RDMCT-A3C\cie\results\main\cie_main_600s_compact_final_v1\seed3\solutions\cie_core_nominal__cie_core_n032_f016_m016_proc100__hem__solverseed_3__trainseed_4__trainseed_4.sol,,,,D:\git\git\RDMCT-A3C\cie\models\hem\seed_4\itr_60.pkl,13,False,greedy,
cie_core_nominal,dual_source_cluster_tool,8_to_32_wafers_nominal_processing,test,600.0,[],D:\git\git\RDMCT-A3C\cie\data\core\spbs\cie_core_n032_f016_m016_proc100.lp,spbs\cie_core_n032_f016_m016_proc100.lp,cie_core_n032_f016_m016_proc100.lp,rdmct_feature_only,3,4,trainseed_4,auto,2026-07-23T21:48:29,timelimit,600.0,600.0245706999995,1,0.04775470000458881,0.02399921417236328,0.0,0.017000913619995117,0.0,1,0,64359,2.9231071008238523,45089.02,10000.0,192542.0,10000.0,0.7103546114337526,6.0,1,True,D:\git\git\RDMCT-A3C\cie\results\main\cie_main_600s_compact_final_v1\seed3\solutions\cie_core_nominal__cie_core_n032_f016_m016_proc100__rdmct_feature_only__solverseed_3__trainseed_4__trainseed_4.sol,,,,D:\git\git\RDMCT-A3C\cie\models\feature_only\seed_4\itr_60.pkl,23,False,greedy,
cie_core_nominal,dual_source_cluster_tool,8_to_32_wafers_nominal_processing,test,600.0,[],D:\git\git\RDMCT-A3C\cie\data\core\spbs\cie_core_n032_f016_m016_proc100.lp,spbs\cie_core_n032_f016_m016_proc100.lp,cie_core_n032_f016_m016_proc100.lp,hem_beam,3,4,trainseed_4,auto,2026-07-23T21:58:29,timelimit,600.0,599.9383965000015,1,0.10157539999636356,0.011003971099853516,0.0009982585906982422,0.04910087585449219,0.0,1,0,53482,3.042037186742118,45643.6,10000.0,192542.0,10000.0,0.7103546114337526,6.0,1,True,D:\git\git\RDMCT-A3C\cie\results\main\cie_main_600s_compact_final_v1\seed3\solutions\cie_core_nominal__cie_core_n032_f016_m016_proc100__hem_beam__solverseed_3__trainseed_4__trainseed_4.sol,,,,D:\git\git\RDMCT-A3C\cie\models\hem\seed_4\itr_60.pkl,13,False,beam_search,
cie_core_nominal,dual_source_cluster_tool,8_to_32_wafers_nominal_processing,test,600.0,[],D:\git\git\RDMCT-A3C\cie\data\core\spbs\cie_core_n032_f024_m008_proc100.lp,spbs\cie_core_n032_f024_m008_proc100.lp,cie_core_n032_f024_m008_proc100.lp,proposed,3,4,trainseed_4,auto,2026-07-23T22:08:29,timelimit,600.0,600.130441500005,1,0.026123300005565397,0.017400741577148438,0.001148223876953125,0.005507469177246094,0.001739501953125,1,0,62093,0.6200245783139484,23719.00430826232,3959.34006939929,142645.95834699017,10000.0,0.6570863853867019,369.5226088123127,1,True,D:\git\git\RDMCT-A3C\cie\results\main\cie_main_600s_compact_final_v1\seed3\solutions\cie_core_nominal__cie_core_n032_f024_m008_proc100__proposed__solverseed_3__trainseed_4__trainseed_4.sol,,,,D:\git\git\RDMCT-A3C\cie\models\proposed\seed_4\itr_60.pkl,23,True,beam_search,
cie_core_nominal,dual_source_cluster_tool,8_to_32_wafers_nominal_processing,test,600.0,[],D:\git\git\RDMCT-A3C\cie\data\core\spbs\cie_core_n032_f024_m008_proc100.lp,spbs\cie_core_n032_f024_m008_proc100.lp,cie_core_n032_f024_m008_proc100.lp,hem,3,4,trainseed_4,auto,2026-07-23T22:18:29,timelimit,600.0,599.9092315000016,1,0.035972599987871945,0.016505002975463867,0.0,0.0,0.0,1,0,63768,0.6200245783139484,24137.003260358168,3959.34006939929,142645.95834699017,10000.0,0.6570863853867019,369.5226088123127,1,True,D:\git\git\RDMCT-A3C\cie\results\main\cie_main_600s_compact_final_v1\seed3\solutions\cie_core_nominal__cie_core_n032_f024_m008_proc100__hem__solverseed_3__trainseed_4__trainseed_4.sol,,,,D:\git\git\RDMCT-A3C\cie\models\hem\seed_4\itr_60.pkl,13,False,greedy,
cie_core_nominal,dual_source_cluster_tool,8_to_32_wafers_nominal_processing,test,600.0,[],D:\git\git\RDMCT-A3C\cie\data\core\spbs\cie_core_n032_f024_m008_proc100.lp,spbs\cie_core_n032_f024_m008_proc100.lp,cie_core_n032_f024_m008_proc100.lp,rdmct_feature_only,3,4,trainseed_4,auto,2026-07-23T22:28:29,timelimit,600.0,599.987532900006,1,0.033783400009269826,0.031194448471069336,0.0,0.0020780563354492188,0.0,1,0,65749,0.5749164953855568,22772.432421455786,3959.34006939929,142645.95834699017,10000.0,0.6570863853867019,369.5226088123127,1,True,D:\git\git\RDMCT-A3C\cie\results\main\cie_main_600s_compact_final_v1\seed3\solutions\cie_core_nominal__cie_core_n032_f024_m008_proc100__rdmct_feature_only__solverseed_3__trainseed_4__trainseed_4.sol,,,,D:\git\git\RDMCT-A3C\cie\models\feature_only\seed_4\itr_60.pkl,23,False,greedy,
cie_core_nominal,dual_source_cluster_tool,8_to_32_wafers_nominal_processing,test,600.0,[],D:\git\git\RDMCT-A3C\cie\data\core\spbs\cie_core_n032_f024_m008_proc100.lp,spbs\cie_core_n032_f024_m008_proc100.lp,cie_core_n032_f024_m008_proc100.lp,hem_beam,3,4,trainseed_4,auto,2026-07-23T22:38:29,timelimit,600.0,599.9808932000014,1,0.06020120000175666,0.019709348678588867,0.00099945068359375,0.010001659393310547,0.0,1,0,68540,0.6200245783139484,23718.524430311274,3959.34006939929,142645.95834699017,10000.0,0.6570863853867019,369.5226088123127,1,True,D:\git\git\RDMCT-A3C\cie\results\main\cie_main_600s_compact_final_v1\seed3\solutions\cie_core_nominal__cie_core_n032_f024_m008_proc100__hem_beam__solverseed_3__trainseed_4__trainseed_4.sol,,,,D:\git\git\RDMCT-A3C\cie\models\hem\seed_4\itr_60.pkl,13,False,beam_search,
cie_core_nominal,dual_source_cluster_tool,8_to_32_wafers_nominal_processing,test,600.0,[],D:\git\git\RDMCT-A3C\cie\data\core\spbs\cie_core_n032_f024_m008_proc100.lp,spbs\cie_core_n032_f024_m008_proc100.lp,cie_core_n032_f024_m008_proc100.lp,hem_structure,3,4,trainseed_4,auto,2026-07-23T22:48:29,timelimit,600.0,600.0521293999918,1,0.05785690000629984,0.01600193977355957,0.0009996891021728516,0.004000663757324219,0.001999378204345703,1,0,60363,0.6200245783139484,23718.221349500083,3959.34006939929,142645.95834699017,10000.0,0.6570863853867019,369.5226088123127,1,True,D:\git\git\RDMCT-A3C\cie\results\main\cie_main_600s_compact_final_v1\seed3\solutions\cie_core_nominal__cie_core_n032_f024_m008_proc100__hem_structure__solverseed_3__trainseed_4__trainseed_4.sol,,,,D:\git\git\RDMCT-A3C\cie\models\proposed\seed_4\itr_60.pkl,23,True,greedy,
cie_core_nominal,dual_source_cluster_tool,8_to_32_wafers_nominal_processing,test,600.0,[],D:\git\git\RDMCT-A3C\cie\data\core\pure41\cie_core_n008_f008_m000_proc100.lp,pure41\cie_core_n008_f008_m000_proc100.lp,cie_core_n008_f008_m000_proc100.lp,hem,3,5,trainseed_5,auto,2026-07-23T22:58:35,optimal,0.0,0.36383879999630153,1,0.291572800007998,0.013814926147460938,0.0,0.2838897705078125,0.0005028247833251953,1,0,1,0.0,0.0,610.0,424.0,58.0,0.0,0.0,1,True,D:\git\git\RDMCT-A3C\cie\results\main\cie_main_600s_compact_final_v1\seed3\solutions\cie_core_nominal__cie_core_n008_f008_m000_proc100__hem__solverseed_3__trainseed_5__trainseed_5.sol,,,,D:\git\git\RDMCT-A3C\cie\models\hem\seed_5\itr_60.pkl,13,False,greedy,
cie_core_nominal,dual_source_cluster_tool,8_to_32_wafers_nominal_processing,test,600.0,[],D:\git\git\RDMCT-A3C\cie\data\core\pure41\cie_core_n008_f008_m000_proc100.lp,pure41\cie_core_n008_f008_m000_proc100.lp,cie_core_n008_f008_m000_proc100.lp,rdmct_feature_only,3,5,trainseed_5,auto,2026-07-23T22:58:35,optimal,1.0,0.10100080000120215,1,0.03413830000499729,0.00999593734741211,0.0,0.021167278289794922,0.0,1,0,1,0.0,100.0,610.0,424.0,58.0,0.0,0.0,1,True,D:\git\git\RDMCT-A3C\cie\results\main\cie_main_600s_compact_final_v1\seed3\solutions\cie_core_nominal__cie_core_n008_f008_m000_proc100__rdmct_feature_only__solverseed_3__trainseed_5__trainseed_5.sol,,,,D:\git\git\RDMCT-A3C\cie\models\feature_only\seed_5\itr_60.pkl,23,False,greedy,
cie_core_nominal,dual_source_cluster_tool,8_to_32_wafers_nominal_processing,test,600.0,[],D:\git\git\RDMCT-A3C\cie\data\core\pure41\cie_core_n008_f008_m000_proc100.lp,pure41\cie_core_n008_f008_m000_proc100.lp,cie_core_n008_f008_m000_proc100.lp,hem_beam,3,5,trainseed_5,auto,2026-07-23T22:58:36,optimal,0.0,0.20076110000081826,1,0.13649030000669882,0.0,0.0,0.13492465019226074,0.0,1,0,1,0.0,0.0,610.0,424.0,58.0,0.0,0.0,1,True,D:\git\git\RDMCT-A3C\cie\results\main\cie_main_600s_compact_final_v1\seed3\solutions\cie_core_nominal__cie_core_n008_f008_m000_proc100__hem_beam__solverseed_3__trainseed_5__trainseed_5.sol,,,,D:\git\git\RDMCT-A3C\cie\models\hem\seed_5\itr_60.pkl,13,False,beam_search,
cie_core_nominal,dual_source_cluster_tool,8_to_32_wafers_nominal_processing,test,600.0,[],D:\git\git\RDMCT-A3C\cie\data\core\pure41\cie_core_n008_f008_m000_proc100.lp,pure41\cie_core_n008_f008_m000_proc100.lp,cie_core_n008_f008_m000_proc100.lp,hem_structure,3,5,trainseed_5,auto,2026-07-23T22:58:36,optimal,0.0,0.08183500000450294,1,0.019445900004939176,0.009996652603149414,0.0,0.0050048828125,0.002995729446411133,1,0,1,0.0,0.0,610.0,424.0,58.0,0.0,0.0,1,True,D:\git\git\RDMCT-A3C\cie\results\main\cie_main_600s_compact_final_v1\seed3\solutions\cie_core_nominal__cie_core_n008_f008_m000_proc100__hem_structure__solverseed_3__trainseed_5__trainseed_5.sol,,,,D:\git\git\RDMCT-A3C\cie\models\proposed\seed_5\itr_60.pkl,23,True,greedy,
cie_core_nominal,dual_source_cluster_tool,8_to_32_wafers_nominal_processing,test,600.0,[],D:\git\git\RDMCT-A3C\cie\data\core\pure41\cie_core_n008_f008_m000_proc100.lp,pure41\cie_core_n008_f008_m000_proc100.lp,cie_core_n008_f008_m000_proc100.lp,proposed,3,5,trainseed_5,auto,2026-07-23T22:58:36,optimal,0.0,0.08980510001129005,1,0.024462400004267693,0.012537240982055664,0.0,0.009985923767089844,0.0029993057250976562,1,0,1,0.0,0.0,610.0,424.0,58.0,0.0,0.0,1,True,D:\git\git\RDMCT-A3C\cie\results\main\cie_main_600s_compact_final_v1\seed3\solutions\cie_core_nominal__cie_core_n008_f008_m000_proc100__proposed__solverseed_3__trainseed_5__trainseed_5.sol,,,,D:\git\git\RDMCT-A3C\cie\models\proposed\seed_5\itr_60.pkl,23,True,beam_search,
cie_core_nominal,dual_source_cluster_tool,8_to_32_wafers_nominal_processing,test,600.0,[],D:\git\git\RDMCT-A3C\cie\data\core\pure41\cie_core_n016_f016_m000_proc100.lp,pure41\cie_core_n016_f016_m000_proc100.lp,cie_core_n016_f016_m000_proc100.lp,rdmct_feature_only,3,5,trainseed_5,auto,2026-07-23T22:58:36,optimal,0.0,0.4189646000013454,1,0.03568430000450462,0.011664152145385742,0.0,0.0206298828125,0.0,1,0,1,0.0,0.0,944.0,21066.0,10000.0,0.012121212121212121,0.0,3,True,D:\git\git\RDMCT-A3C\cie\results\main\cie_main_600s_compact_final_v1\seed3\solutions\cie_core_nominal__cie_core_n016_f016_m000_proc100__rdmct_feature_only__solverseed_3__trainseed_5__trainseed_5.sol,,,,D:\git\git\RDMCT-A3C\cie\models\feature_only\seed_5\itr_60.pkl,23,False,greedy,
cie_core_nominal,dual_source_cluster_tool,8_to_32_wafers_nominal_processing,test,600.0,[],D:\git\git\RDMCT-A3C\cie\data\core\pure41\cie_core_n016_f016_m000_proc100.lp,pure41\cie_core_n016_f016_m000_proc100.lp,cie_core_n016_f016_m000_proc100.lp,hem_beam,3,5,trainseed_5,auto,2026-07-23T22:58:36,optimal,1.0,0.4450368999969214,1,0.04901459999382496,0.005995273590087891,0.0009999275207519531,0.038886070251464844,0.0,1,0,1,0.0,100.0,944.0,21105.0,10000.0,0.015197568389057751,0.0,4,True,D:\git\git\RDMCT-A3C\cie\results\main\cie_main_600s_compact_final_v1\seed3\solutions\cie_core_nominal__cie_core_n016_f016_m000_proc100__hem_beam__solverseed_3__trainseed_5__trainseed_5.sol,,,,D:\git\git\RDMCT-A3C\cie\models\hem\seed_5\itr_60.pkl,13,False,beam_search,
cie_core_nominal,dual_source_cluster_tool,8_to_32_wafers_nominal_processing,test,600.0,[],D:\git\git\RDMCT-A3C\cie\data\core\pure41\cie_core_n016_f016_m000_proc100.lp,pure41\cie_core_n016_f016_m000_proc100.lp,cie_core_n016_f016_m000_proc100.lp,hem_structure,3,5,trainseed_5,auto,2026-07-23T22:58:37,optimal,0.0,0.4110103999992134,1,0.02414340000541415,0.011998653411865234,0.0009999275207519531,0.0006818771362304688,0.0,1,0,1,0.0,0.0,944.0,21082.0,10000.0,0.012121212121212121,0.0,3,True,D:\git\git\RDMCT-A3C\cie\results\main\cie_main_600s_compact_final_v1\seed3\solutions\cie_core_nominal__cie_core_n016_f016_m000_proc100__hem_structure__solverseed_3__trainseed_5__trainseed_5.sol,,,,D:\git\git\RDMCT-A3C\cie\models\proposed\seed_5\itr_60.pkl,23,True,greedy,
cie_core_nominal,dual_source_cluster_tool,8_to_32_wafers_nominal_processing,test,600.0,[],D:\git\git\RDMCT-A3C\cie\data\core\pure41\cie_core_n016_f016_m000_proc100.lp,pure41\cie_core_n016_f016_m000_proc100.lp,cie_core_n016_f016_m000_proc100.lp,proposed,3,5,trainseed_5,auto,2026-07-23T22:58:37,optimal,1.0,0.4338619999907678,1,0.031081900000572205,0.014997482299804688,0.0010006427764892578,0.00998544692993164,0.0036249160766601562,1,0,1,0.0,100.0,944.0,21082.0,10000.0,0.012121212121212121,0.0,3,True,D:\git\git\RDMCT-A3C\cie\results\main\cie_main_600s_compact_final_v1\seed3\solutions\cie_core_nominal__cie_core_n016_f016_m000_proc100__proposed__solverseed_3__trainseed_5__trainseed_5.sol,,,,D:\git\git\RDMCT-A3C\cie\models\proposed\seed_5\itr_60.pkl,23,True,beam_search,
cie_core_nominal,dual_source_cluster_tool,8_to_32_wafers_nominal_processing,test,600.0,[],D:\git\git\RDMCT-A3C\cie\data\core\pure41\cie_core_n016_f016_m000_proc100.lp,pure41\cie_core_n016_f016_m000_proc100.lp,cie_core_n016_f016_m000_proc100.lp,hem,3,5,trainseed_5,auto,2026-07-23T22:58:38,optimal,0.0,0.5076422999991337,1,0.10482360000605695,0.006736278533935547,0.0,0.01973128318786621,0.0,1,0,1,0.0,0.0,944.0,21105.0,10000.0,0.015197568389057751,0.0,4,True,D:\git\git\RDMCT-A3C\cie\results\main\cie_main_600s_compact_final_v1\seed3\solutions\cie_core_nominal__cie_core_n016_f016_m000_proc100__hem__solverseed_3__trainseed_5__trainseed_5.sol,,,,D:\git\git\RDMCT-A3C\cie\models\hem\seed_5\itr_60.pkl,13,False,greedy,
cie_core_nominal,dual_source_cluster_tool,8_to_32_wafers_nominal_processing,test,600.0,[],D:\git\git\RDMCT-A3C\cie\data\core\pure41\cie_core_n024_f024_m000_proc100.lp,pure41\cie_core_n024_f024_m000_proc100.lp,cie_core_n024_f024_m000_proc100.lp,hem_beam,3,5,trainseed_5,auto,2026-07-23T22:58:38,optimal,3.0,3.4399389999889536,0,0.0,0.0,0.0,0.0,0.0,0,0,1,0.0,300.0,1268.0,40784.0,10000.0,0.0132622573320741,10.0,1,True,D:\git\git\RDMCT-A3C\cie\results\main\cie_main_600s_compact_final_v1\seed3\solutions\cie_core_nominal__cie_core_n024_f024_m000_proc100__hem_beam__solverseed_3__trainseed_5__trainseed_5.sol,,,,D:\git\git\RDMCT-A3C\cie\models\hem\seed_5\itr_60.pkl,13,False,beam_search,
cie_core_nominal,dual_source_cluster_tool,8_to_32_wafers_nominal_processing,test,600.0,[],D:\git\git\RDMCT-A3C\cie\data\core\pure41\cie_core_n024_f024_m000_proc100.lp,pure41\cie_core_n024_f024_m000_proc100.lp,cie_core_n024_f024_m000_proc100.lp,hem_structure,3,5,trainseed_5,auto,2026-07-23T22:58:42,optimal,3.0,3.4067064999981085,0,0.0,0.0,0.0,0.0,0.0,0,0,1,0.0,300.0,1268.0,40784.0,10000.0,0.0132622573320741,10.0,1,True,D:\git\git\RDMCT-A3C\cie\results\main\cie_main_600s_compact_final_v1\seed3\solutions\cie_core_nominal__cie_core_n024_f024_m000_proc100__hem_structure__solverseed_3__trainseed_5__trainseed_5.sol,,,,D:\git\git\RDMCT-A3C\cie\models\proposed\seed_5\itr_60.pkl,23,True,greedy,
cie_core_nominal,dual_source_cluster_tool,8_to_32_wafers_nominal_processing,test,600.0,[],D:\git\git\RDMCT-A3C\cie\data\core\pure41\cie_core_n024_f024_m000_proc100.lp,pure41\cie_core_n024_f024_m000_proc100.lp,cie_core_n024_f024_m000_proc100.lp,proposed,3,5,trainseed_5,auto,2026-07-23T22:58:45,optimal,3.0,3.4563085999980103,0,0.0,0.0,0.0,0.0,0.0,0,0,1,0.0,300.0,1268.0,40784.0,10000.0,0.0132622573320741,10.0,1,True,D:\git\git\RDMCT-A3C\cie\results\main\cie_main_600s_compact_final_v1\seed3\solutions\cie_core_nominal__cie_core_n024_f024_m000_proc100__proposed__solverseed_3__trainseed_5__trainseed_5.sol,,,,D:\git\git\RDMCT-A3C\cie\models\proposed\seed_5\itr_60.pkl,23,True,beam_search,
cie_core_nominal,dual_source_cluster_tool,8_to_32_wafers_nominal_processing,test,600.0,[],D:\git\git\RDMCT-A3C\cie\data\core\pure41\cie_core_n024_f024_m000_proc100.lp,pure41\cie_core_n024_f024_m000_proc100.lp,cie_core_n024_f024_m000_proc100.lp,hem,3,5,trainseed_5,auto,2026-07-23T22:58:48,optimal,3.0,3.463377299995045,0,0.0,0.0,0.0,0.0,0.0,0,0,1,0.0,300.0,1268.0,40784.0,10000.0,0.0132622573320741,10.0,1,True,D:\git\git\RDMCT-A3C\cie\results\main\cie_main_600s_compact_final_v1\seed3\solutions\cie_core_nominal__cie_core_n024_f024_m000_proc100__hem__solverseed_3__trainseed_5__trainseed_5.sol,,,,D:\git\git\RDMCT-A3C\cie\models\hem\seed_5\itr_60.pkl,13,False,greedy,
cie_core_nominal,dual_source_cluster_tool,8_to_32_wafers_nominal_processing,test,600.0,[],D:\git\git\RDMCT-A3C\cie\data\core\pure41\cie_core_n024_f024_m000_proc100.lp,pure41\cie_core_n024_f024_m000_proc100.lp,cie_core_n024_f024_m000_proc100.lp,rdmct_feature_only,3,5,trainseed_5,auto,2026-07-23T22:58:52,optimal,3.0,3.4766884000127902,0,0.0,0.0,0.0,0.0,0.0,0,0,1,0.0,300.0,1268.0,40784.0,10000.0,0.0132622573320741,10.0,1,True,D:\git\git\RDMCT-A3C\cie\results\main\cie_main_600s_compact_final_v1\seed3\solutions\cie_core_nominal__cie_core_n024_f024_m000_proc100__rdmct_feature_only__solverseed_3__trainseed_5__trainseed_5.sol,,,,D:\git\git\RDMCT-A3C\cie\models\feature_only\seed_5\itr_60.pkl,23,False,greedy,
cie_core_nominal,dual_source_cluster_tool,8_to_32_wafers_nominal_processing,test,600.0,[],D:\git\git\RDMCT-A3C\cie\data\core\pure41\cie_core_n032_f032_m000_proc100.lp,pure41\cie_core_n032_f032_m000_proc100.lp,cie_core_n032_f032_m000_proc100.lp,hem_structure,3,5,trainseed_5,auto,2026-07-23T22:58:55,optimal,10.0,11.087129599996842,1,0.028030099987518042,0.019664287567138672,0.0,0.004001140594482422,0.0029993057250976562,1,0,1,0.0,1000.0,1592.0,59453.0,10000.0,0.013094018938496562,18.0,2,True,D:\git\git\RDMCT-A3C\cie\results\main\cie_main_600s_compact_final_v1\seed3\solutions\cie_core_nominal__cie_core_n032_f032_m000_proc100__hem_structure__solverseed_3__trainseed_5__trainseed_5.sol,,,,D:\git\git\RDMCT-A3C\cie\models\proposed\seed_5\itr_60.pkl,23,True,greedy,
cie_core_nominal,dual_source_cluster_tool,8_to_32_wafers_nominal_processing,test,600.0,[],D:\git\git\RDMCT-A3C\cie\data\core\pure41\cie_core_n032_f032_m000_proc100.lp,pure41\cie_core_n032_f032_m000_proc100.lp,cie_core_n032_f032_m000_proc100.lp,proposed,3,5,trainseed_5,auto,2026-07-23T22:59:06,optimal,11.0,11.55491510000138,1,0.03190639999229461,0.017130613327026367,0.0020003318786621094,0.004544734954833984,0.0,1,0,1,0.0,1100.0,1592.0,59453.0,10000.0,0.013094018938496562,18.0,2,True,D:\git\git\RDMCT-A3C\cie\results\main\cie_main_600s_compact_final_v1\seed3\solutions\cie_core_nominal__cie_core_n032_f032_m000_proc100__proposed__solverseed_3__trainseed_5__trainseed_5.sol,,,,D:\git\git\RDMCT-A3C\cie\models\proposed\seed_5\itr_60.pkl,23,True,beam_search,
cie_core_nominal,dual_source_cluster_tool,8_to_32_wafers_nominal_processing,test,600.0,[],D:\git\git\RDMCT-A3C\cie\data\core\pure41\cie_core_n032_f032_m000_proc100.lp,pure41\cie_core_n032_f032_m000_proc100.lp,cie_core_n032_f032_m000_proc100.lp,hem,3,5,trainseed_5,auto,2026-07-23T22:59:18,optimal,11.0,11.113498899998376,1,0.04598710000573192,0.016000986099243164,0.0009992122650146484,0.009579896926879883,0.0,1,0,1,0.0,1100.0,1592.0,59445.0,10000.0,0.011443541338279375,10.0,2,True,D:\git\git\RDMCT-A3C\cie\results\main\cie_main_600s_compact_final_v1\seed3\solutions\cie_core_nominal__cie_core_n032_f032_m000_proc100__hem__solverseed_3__trainseed_5__trainseed_5.sol,,,,D:\git\git\RDMCT-A3C\cie\models\hem\seed_5\itr_60.pkl,13,False,greedy,
cie_core_nominal,dual_source_cluster_tool,8_to_32_wafers_nominal_processing,test,600.0,[],D:\git\git\RDMCT-A3C\cie\data\core\pure41\cie_core_n032_f032_m000_proc100.lp,pure41\cie_core_n032_f032_m000_proc100.lp,cie_core_n032_f032_m000_proc100.lp,rdmct_feature_only,3,5,trainseed_5,auto,2026-07-23T22:59:29,optimal,11.0,10.854010900002322,1,0.04266300000017509,0.01900315284729004,0.0010001659393310547,0.01999974250793457,0.0,1,0,1,0.0,1100.0,1592.0,59445.0,10000.0,0.011443541338279375,10.0,2,True,D:\git\git\RDMCT-A3C\cie\results\main\cie_main_600s_compact_final_v1\seed3\solutions\cie_core_nominal__cie_core_n032_f032_m000_proc100__rdmct_feature_only__solverseed_3__trainseed_5__trainseed_5.sol,,,,D:\git\git\RDMCT-A3C\cie\models\feature_only\seed_5\itr_60.pkl,23,False,greedy,
cie_core_nominal,dual_source_cluster_tool,8_to_32_wafers_nominal_processing,test,600.0,[],D:\git\git\RDMCT-A3C\cie\data\core\pure41\cie_core_n032_f032_m000_proc100.lp,pure41\cie_core_n032_f032_m000_proc100.lp,cie_core_n032_f032_m000_proc100.lp,hem_beam,3,5,trainseed_5,auto,2026-07-23T22:59:40,optimal,11.0,10.670840899998439,1,0.09807629999704659,0.020032882690429688,0.0019991397857666016,0.04545283317565918,0.0,1,0,1,0.0,1084.46,1592.0,59445.0,10000.0,0.011443541338279375,10.0,2,True,D:\git\git\RDMCT-A3C\cie\results\main\cie_main_600s_compact_final_v1\seed3\solutions\cie_core_nominal__cie_core_n032_f032_m000_proc100__hem_beam__solverseed_3__trainseed_5__trainseed_5.sol,,,,D:\git\git\RDMCT-A3C\cie\models\hem\seed_5\itr_60.pkl,13,False,beam_search,
cie_core_nominal,dual_source_cluster_tool,8_to_32_wafers_nominal_processing,test,600.0,[],D:\git\git\RDMCT-A3C\cie\data\core\spbs\cie_core_n008_f000_m008_proc100.lp,spbs\cie_core_n008_f000_m008_proc100.lp,cie_core_n008_f000_m008_proc100.lp,proposed,3,5,trainseed_5,auto,2026-07-23T22:59:51,optimal,0.0,0.5732156000012765,1,0.03814530000090599,0.026897907257080078,0.0009989738464355469,0.010005712509155273,0.0030012130737304688,1,0,1424,0.0,0.0,768.0,60284.0,10000.0,0.0,0.0,6,True,D:\git\git\RDMCT-A3C\cie\results\main\cie_main_600s_compact_final_v1\seed3\solutions\cie_core_nominal__cie_core_n008_f000_m008_proc100__proposed__solverseed_3__trainseed_5__trainseed_5.sol,,,,D:\git\git\RDMCT-A3C\cie\models\proposed\seed_5\itr_60.pkl,23,True,beam_search,
cie_core_nominal,dual_source_cluster_tool,8_to_32_wafers_nominal_processing,test,600.0,[],D:\git\git\RDMCT-A3C\cie\data\core\spbs\cie_core_n008_f000_m008_proc100.lp,spbs\cie_core_n008_f000_m008_proc100.lp,cie_core_n008_f000_m008_proc100.lp,hem,3,5,trainseed_5,auto,2026-07-23T22:59:51,optimal,1.0,0.2885177999996813,1,0.026508900002227165,0.003999948501586914,0.0,0.016727447509765625,0.0,1,0,420,0.0,17.77301927194861,768.0,60148.0,10000.0,0.0,0.0,3,True,D:\git\git\RDMCT-A3C\cie\results\main\cie_main_600s_compact_final_v1\seed3\solutions\cie_core_nominal__cie_core_n008_f000_m008_proc100__hem__solverseed_3__trainseed_5__trainseed_5.sol,,,,D:\git\git\RDMCT-A3C\cie\models\hem\seed_5\itr_60.pkl,13,False,greedy,
cie_core_nominal,dual_source_cluster_tool,8_to_32_wafers_nominal_processing,test,600.0,[],D:\git\git\RDMCT-A3C\cie\data\core\spbs\cie_core_n008_f000_m008_proc100.lp,spbs\cie_core_n008_f000_m008_proc100.lp,cie_core_n008_f000_m008_proc100.lp,rdmct_feature_only,3,5,trainseed_5,auto,2026-07-23T22:59:52,optimal,0.0,0.4014198000077158,1,0.03360090000205673,0.009000301361083984,0.0,0.02200031280517578,0.0,1,0,611,0.0,0.0,768.0,60212.0,10000.0,0.0,0.0,3,True,D:\git\git\RDMCT-A3C\cie\results\main\cie_main_600s_compact_final_v1\seed3\solutions\cie_core_nominal__cie_core_n008_f000_m008_proc100__rdmct_feature_only__solverseed_3__trainseed_5__trainseed_5.sol,,,,D:\git\git\RDMCT-A3C\cie\models\feature_only\seed_5\itr_60.pkl,23,False,greedy,
cie_core_nominal,dual_source_cluster_tool,8_to_32_wafers_nominal_processing,test,600.0,[],D:\git\git\RDMCT-A3C\cie\data\core\spbs\cie_core_n008_f000_m008_proc100.lp,spbs\cie_core_n008_f000_m008_proc100.lp,cie_core_n008_f000_m008_proc100.lp,hem_beam,3,5,trainseed_5,auto,2026-07-23T22:59:52,optimal,0.0,0.3170289999980014,1,0.05202139999892097,0.0,0.0,0.04942464828491211,0.0,1,0,420,0.0,0.0,768.0,60148.0,10000.0,0.0,0.0,3,True,D:\git\git\RDMCT-A3C\cie\results\main\cie_main_600s_compact_final_v1\seed3\solutions\cie_core_nominal__cie_core_n008_f000_m008_proc100__hem_beam__solverseed_3__trainseed_5__trainseed_5.sol,,,,D:\git\git\RDMCT-A3C\cie\models\hem\seed_5\itr_60.pkl,13,False,beam_search,
cie_core_nominal,dual_source_cluster_tool,8_to_32_wafers_nominal_processing,test,600.0,[],D:\git\git\RDMCT-A3C\cie\data\core\spbs\cie_core_n008_f000_m008_proc100.lp,spbs\cie_core_n008_f000_m008_proc100.lp,cie_core_n008_f000_m008_proc100.lp,hem_structure,3,5,trainseed_5,auto,2026-07-23T22:59:52,optimal,1.0,0.5934144000057131,1,0.021496699991985224,0.010998010635375977,0.0010008811950683594,0.005002021789550781,0.0030007362365722656,1,0,1424,0.0,44.50867052023121,768.0,60284.0,10000.0,0.0,0.0,6,True,D:\git\git\RDMCT-A3C\cie\results\main\cie_main_600s_compact_final_v1\seed3\solutions\cie_core_nominal__cie_core_n008_f000_m008_proc100__hem_structure__solverseed_3__trainseed_5__trainseed_5.sol,,,,D:\git\git\RDMCT-A3C\cie\models\proposed\seed_5\itr_60.pkl,23,True,greedy,
cie_core_nominal,dual_source_cluster_tool,8_to_32_wafers_nominal_processing,test,600.0,[],D:\git\git\RDMCT-A3C\cie\data\core\spbs\cie_core_n008_f002_m006_proc100.lp,spbs\cie_core_n008_f002_m006_proc100.lp,cie_core_n008_f002_m006_proc100.lp,hem,3,5,trainseed_5,auto,2026-07-23T22:59:53,optimal,0.0,0.30978959999629296,1,0.021283699999912642,0.004996299743652344,0.0010030269622802734,0.013998985290527344,0.0,1,0,388,0.0,0.0,900.0,61068.0,10000.0,0.2795538437249141,0.0,2,True,D:\git\git\RDMCT-A3C\cie\results\main\cie_main_600s_compact_final_v1\seed3\solutions\cie_core_nominal__cie_core_n008_f002_m006_proc100__hem__solverseed_3__trainseed_5__trainseed_5.sol,,,,D:\git\git\RDMCT-A3C\cie\models\hem\seed_5\itr_60.pkl,13,False,greedy,
cie_core_nominal,dual_source_cluster_tool,8_to_32_wafers_nominal_processing,test,600.0,[],D:\git\git\RDMCT-A3C\cie\data\core\spbs\cie_core_n008_f002_m006_proc100.lp,spbs\cie_core_n008_f002_m006_proc100.lp,cie_core_n008_f002_m006_proc100.lp,rdmct_feature_only,3,5,trainseed_5,auto,2026-07-23T22:59:53,optimal,1.0,0.3452108000055887,1,0.031153300005826168,0.010459661483764648,0.0,0.019207239151000977,0.0,1,0,574,0.0,36.07954545454545,900.0,60944.0,10000.0,0.0,0.0,2,True,D:\git\git\RDMCT-A3C\cie\results\main\cie_main_600s_compact_final_v1\seed3\solutions\cie_core_nominal__cie_core_n008_f002_m006_proc100__rdmct_feature_only__solverseed_3__trainseed_5__trainseed_5.sol,,,,D:\git\git\RDMCT-A3C\cie\models\feature_only\seed_5\itr_60.pkl,23,False,greedy,
cie_core_nominal,dual_source_cluster_tool,8_to_32_wafers_nominal_processing,test,600.0,[],D:\git\git\RDMCT-A3C\cie\data\core\spbs\cie_core_n008_f002_m006_proc100.lp,spbs\cie_core_n008_f002_m006_proc100.lp,cie_core_n008_f002_m006_proc100.lp,hem_beam,3,5,trainseed_5,auto,2026-07-23T22:59:54,optimal,0.0,0.3588312999927439,1,0.03328079999482725,0.005889177322387695,0.0,0.026000022888183594,0.0,1,0,452,0.0,0.0,900.0,60432.0,10000.0,0.0,0.0,2,True,D:\git\git\RDMCT-A3C\cie\results\main\cie_main_600s_compact_final_v1\seed3\solutions\cie_core_nominal__cie_core_n008_f002_m006_proc100__hem_beam__solverseed_3__trainseed_5__trainseed_5.sol,,,,D:\git\git\RDMCT-A3C\cie\models\hem\seed_5\itr_60.pkl,13,False,beam_search,
cie_core_nominal,dual_source_cluster_tool,8_to_32_wafers_nominal_processing,test,600.0,[],D:\git\git\RDMCT-A3C\cie\data\core\spbs\cie_core_n008_f002_m006_proc100.lp,spbs\cie_core_n008_f002_m006_proc100.lp,cie_core_n008_f002_m006_proc100.lp,hem_structure,3,5,trainseed_5,auto,2026-07-23T22:59:54,optimal,0.0,0.22705010000208858,1,0.020001899989438243,0.009367227554321289,0.001001119613647461,0.004998922348022461,0.0029990673065185547,1,0,170,0.0,0.0,900.0,60766.0,10000.0,0.16717540513675566,0.0,3,True,D:\git\git\RDMCT-A3C\cie\results\main\cie_main_600s_compact_final_v1\seed3\solutions\cie_core_nominal__cie_core_n008_f002_m006_proc100__hem_structure__solverseed_3__trainseed_5__trainseed_5.sol,,,,D:\git\git\RDMCT-A3C\cie\models\proposed\seed_5\itr_60.pkl,23,True,greedy,
cie_core_nominal,dual_source_cluster_tool,8_to_32_wafers_nominal_processing,test,600.0,[],D:\git\git\RDMCT-A3C\cie\data\core\spbs\cie_core_n008_f002_m006_proc100.lp,spbs\cie_core_n008_f002_m006_proc100.lp,cie_core_n008_f002_m006_proc100.lp,proposed,3,5,trainseed_5,auto,2026-07-23T22:59:54,optimal,0.0,0.23230830000829883,1,0.02325379999820143,0.02215576171875,0.0,0.009998321533203125,0.0029985904693603516,1,0,170,0.0,0.0,900.0,60766.0,10000.0,0.16717540513675566,0.0,3,True,D:\git\git\RDMCT-A3C\cie\results\main\cie_main_600s_compact_final_v1\seed3\solutions\cie_core_nominal__cie_core_n008_f002_m006_proc100__proposed__solverseed_3__trainseed_5__trainseed_5.sol,,,,D:\git\git\RDMCT-A3C\cie\models\proposed\seed_5\itr_60.pkl,23,True,beam_search,
cie_core_nominal,dual_source_cluster_tool,8_to_32_wafers_nominal_processing,test,600.0,[],D:\git\git\RDMCT-A3C\cie\data\core\spbs\cie_core_n008_f004_m004_proc100.lp,spbs\cie_core_n008_f004_m004_proc100.lp,cie_core_n008_f004_m004_proc100.lp,rdmct_feature_only,3,5,trainseed_5,auto,2026-07-23T22:59:54,optimal,1.0,0.3202159000065876,1,0.031297399997129105,0.009006500244140625,0.0010004043579101562,0.020000219345092773,0.0009996891021728516,1,0,525,0.0,39.81964215003642,833.9999999999945,50525.999999999985,10000.0,0.0,0.0,3,True,D:\git\git\RDMCT-A3C\cie\results\main\cie_main_600s_compact_final_v1\seed3\solutions\cie_core_nominal__cie_core_n008_f004_m004_proc100__rdmct_feature_only__solverseed_3__trainseed_5__trainseed_5.sol,,,,D:\git\git\RDMCT-A3C\cie\models\feature_only\seed_5\itr_60.pkl,23,False,greedy,
cie_core_nominal,dual_source_cluster_tool,8_to_32_wafers_nominal_processing,test,600.0,[],D:\git\git\RDMCT-A3C\cie\data\core\spbs\cie_core_n008_f004_m004_proc100.lp,spbs\cie_core_n008_f004_m004_proc100.lp,cie_core_n008_f004_m004_proc100.lp,hem_beam,3,5,trainseed_5,auto,2026-07-23T22:59:55,optimal,1.0,0.8997043999988819,1,0.041277700001955964,0.00600123405456543,0.0009975433349609375,0.030948638916015625,0.0,1,0,2936,0.0,1.0791366906479183,834.0,50526.0,10000.0,0.0,0.0,2,True,D:\git\git\RDMCT-A3C\cie\results\main\cie_main_600s_compact_final_v1\seed3\solutions\cie_core_nominal__cie_core_n008_f004_m004_proc100__hem_beam__solverseed_3__trainseed_5__trainseed_5.sol,,,,D:\git\git\RDMCT-A3C\cie\models\hem\seed_5\itr_60.pkl,13,False,beam_search,
cie_core_nominal,dual_source_cluster_tool,8_to_32_wafers_nominal_processing,test,600.0,[],D:\git\git\RDMCT-A3C\cie\data\core\spbs\cie_core_n008_f004_m004_proc100.lp,spbs\cie_core_n008_f004_m004_proc100.lp,cie_core_n008_f004_m004_proc100.lp,hem_structure,3,5,trainseed_5,auto,2026-07-23T22:59:56,optimal,0.0,0.3081337000039639,1,0.018539099997724406,0.008999824523925781,0.0009996891021728516,0.005000114440917969,0.003000020980834961,1,0,493,0.0,0.0,834.0,50534.0,10000.0,0.0,0.0,2,True,D:\git\git\RDMCT-A3C\cie\results\main\cie_main_600s_compact_final_v1\seed3\solutions\cie_core_nominal__cie_core_n008_f004_m004_proc100__hem_structure__solverseed_3__trainseed_5__trainseed_5.sol,,,,D:\git\git\RDMCT-A3C\cie\models\proposed\seed_5\itr_60.pkl,23,True,greedy,
cie_core_nominal,dual_source_cluster_tool,8_to_32_wafers_nominal_processing,test,600.0,[],D:\git\git\RDMCT-A3C\cie\data\core\spbs\cie_core_n008_f004_m004_proc100.lp,spbs\cie_core_n008_f004_m004_proc100.lp,cie_core_n008_f004_m004_proc100.lp,proposed,3,5,trainseed_5,auto,2026-07-23T22:59:56,optimal,0.0,0.31442859998787753,1,0.02307650000147987,0.008999347686767578,0.0010035037994384766,0.008997201919555664,0.003000497817993164,1,0,493,0.0,0.0,834.0,50534.0,10000.0,0.0,0.0,2,True,D:\git\git\RDMCT-A3C\cie\results\main\cie_main_600s_compact_final_v1\seed3\solutions\cie_core_nominal__cie_core_n008_f004_m004_proc100__proposed__solverseed_3__trainseed_5__trainseed_5.sol,,,,D:\git\git\RDMCT-A3C\cie\models\proposed\seed_5\itr_60.pkl,23,True,beam_search,
cie_core_nominal,dual_source_cluster_tool,8_to_32_wafers_nominal_processing,test,600.0,[],D:\git\git\RDMCT-A3C\cie\data\core\spbs\cie_core_n008_f004_m004_proc100.lp,spbs\cie_core_n008_f004_m004_proc100.lp,cie_core_n008_f004_m004_proc100.lp,hem,3,5,trainseed_5,auto,2026-07-23T22:59:56,optimal,1.0,0.8022740000014892,1,0.02254249999532476,0.00510859489440918,0.0,0.015999794006347656,0.0,1,0,2936,0.0,39.81964215003642,834.0,50526.0,10000.0,0.0,0.0,2,True,D:\git\git\RDMCT-A3C\cie\results\main\cie_main_600s_compact_final_v1\seed3\solutions\cie_core_nominal__cie_core_n008_f004_m004_proc100__hem__solverseed_3__trainseed_5__trainseed_5.sol,,,,D:\git\git\RDMCT-A3C\cie\models\hem\seed_5\itr_60.pkl,13,False,greedy,
cie_core_nominal,dual_source_cluster_tool,8_to_32_wafers_nominal_processing,test,600.0,[],D:\git\git\RDMCT-A3C\cie\data\core\spbs\cie_core_n008_f006_m002_proc100.lp,spbs\cie_core_n008_f006_m002_proc100.lp,cie_core_n008_f006_m002_proc100.lp,hem_beam,3,5,trainseed_5,auto,2026-07-23T22:59:57,optimal,0.0,0.2634511999931419,1,0.049664299993310124,0.004574775695800781,0.000997304916381836,0.04195690155029297,0.0,1,0,270,0.0,0.0,834.0,30416.0,10000.0,0.0,0.0,5,True,D:\git\git\RDMCT-A3C\cie\results\main\cie_main_600s_compact_final_v1\seed3\solutions\cie_core_nominal__cie_core_n008_f006_m002_proc100__hem_beam__solverseed_3__trainseed_5__trainseed_5.sol,,,,D:\git\git\RDMCT-A3C\cie\models\hem\seed_5\itr_60.pkl,13,False,beam_search,
cie_core_nominal,dual_source_cluster_tool,8_to_32_wafers_nominal_processing,test,600.0,[],D:\git\git\RDMCT-A3C\cie\data\core\spbs\cie_core_n008_f006_m002_proc100.lp,spbs\cie_core_n008_f006_m002_proc100.lp,cie_core_n008_f006_m002_proc100.lp,hem_structure,3,5,trainseed_5,auto,2026-07-23T22:59:57,optimal,0.0,0.19121639999502804,1,0.018635300002642907,0.009044885635375977,0.0010001659393310547,0.00522613525390625,0.0029990673065185547,1,0,172,0.0,0.0,834.0,30682.0,10000.0,0.0,0.0,4,True,D:\git\git\RDMCT-A3C\cie\results\main\cie_main_600s_compact_final_v1\seed3\solutions\cie_core_nominal__cie_core_n008_f006_m002_proc100__hem_structure__solverseed_3__trainseed_5__trainseed_5.sol,,,,D:\git\git\RDMCT-A3C\cie\models\proposed\seed_5\itr_60.pkl,23,True,greedy,
cie_core_nominal,dual_source_cluster_tool,8_to_32_wafers_nominal_processing,test,600.0,[],D:\git\git\RDMCT-A3C\cie\data\core\spbs\cie_core_n008_f006_m002_proc100.lp,spbs\cie_core_n008_f006_m002_proc100.lp,cie_core_n008_f006_m002_proc100.lp,proposed,3,5,trainseed_5,auto,2026-07-23T22:59:57,optimal,1.0,0.20013969999854453,1,0.024484699999447912,0.010003805160522461,0.0,0.009995698928833008,0.003000497817993164,1,0,172,0.0,100.0,834.0,30682.0,10000.0,0.0,0.0,4,True,D:\git\git\RDMCT-A3C\cie\results\main\cie_main_600s_compact_final_v1\seed3\solutions\cie_core_nominal__cie_core_n008_f006_m002_proc100__proposed__solverseed_3__trainseed_5__trainseed_5.sol,,,,D:\git\git\RDMCT-A3C\cie\models\proposed\seed_5\itr_60.pkl,23,True,beam_search,
cie_core_nominal,dual_source_cluster_tool,8_to_32_wafers_nominal_processing,test,600.0,[],D:\git\git\RDMCT-A3C\cie\data\core\spbs\cie_core_n008_f006_m002_proc100.lp,spbs\cie_core_n008_f006_m002_proc100.lp,cie_core_n008_f006_m002_proc100.lp,hem,3,5,trainseed_5,auto,2026-07-23T22:59:58,optimal,0.0,0.24080440000398085,1,0.029251600004499778,0.0055196285247802734,0.0009996891021728516,0.009596586227416992,0.0,1,0,270,0.0,0.0,834.0,30416.0,10000.0,0.0,0.0,5,True,D:\git\git\RDMCT-A3C\cie\results\main\cie_main_600s_compact_final_v1\seed3\solutions\cie_core_nominal__cie_core_n008_f006_m002_proc100__hem__solverseed_3__trainseed_5__trainseed_5.sol,,,,D:\git\git\RDMCT-A3C\cie\models\hem\seed_5\itr_60.pkl,13,False,greedy,
cie_core_nominal,dual_source_cluster_tool,8_to_32_wafers_nominal_processing,test,600.0,[],D:\git\git\RDMCT-A3C\cie\data\core\spbs\cie_core_n008_f006_m002_proc100.lp,spbs\cie_core_n008_f006_m002_proc100.lp,cie_core_n008_f006_m002_proc100.lp,rdmct_feature_only,3,5,trainseed_5,auto,2026-07-23T22:59:58,optimal,0.0,0.2210441999923205,1,0.034658299991860986,0.011000633239746094,0.0,0.020999670028686523,0.0,1,0,148,0.0,0.0,834.0,31008.0,10000.0,0.0,0.0,5,True,D:\git\git\RDMCT-A3C\cie\results\main\cie_main_600s_compact_final_v1\seed3\solutions\cie_core_nominal__cie_core_n008_f006_m002_proc100__rdmct_feature_only__solverseed_3__trainseed_5__trainseed_5.sol,,,,D:\git\git\RDMCT-A3C\cie\models\feature_only\seed_5\itr_60.pkl,23,False,greedy,
cie_core_nominal,dual_source_cluster_tool,8_to_32_wafers_nominal_processing,test,600.0,[],D:\git\git\RDMCT-A3C\cie\data\core\spbs\cie_core_n016_f000_m016_proc100.lp,spbs\cie_core_n016_f000_m016_proc100.lp,cie_core_n016_f000_m016_proc100.lp,hem_structure,3,5,trainseed_5,auto,2026-07-23T22:59:58,optimal,10.0,10.091061800005264,1,0.024351400003070012,0.011744499206542969,0.0,0.004311323165893555,0.001999378204345703,1,0,8301,0.0,352.3551040811592,1136.0,100250.0,10000.0,0.02109561563154592,26.0,5,True,D:\git\git\RDMCT-A3C\cie\results\main\cie_main_600s_compact_final_v1\seed3\solutions\cie_core_nominal__cie_core_n016_f000_m016_proc100__hem_structure__solverseed_3__trainseed_5__trainseed_5.sol,,,,D:\git\git\RDMCT-A3C\cie\models\proposed\seed_5\itr_60.pkl,23,True,greedy,
cie_core_nominal,dual_source_cluster_tool,8_to_32_wafers_nominal_processing,test,600.0,[],D:\git\git\RDMCT-A3C\cie\data\core\spbs\cie_core_n016_f000_m016_proc100.lp,spbs\cie_core_n016_f000_m016_proc100.lp,cie_core_n016_f000_m016_proc100.lp,proposed,3,5,trainseed_5,auto,2026-07-23T23:00:08,optimal,10.0,9.744976900008623,1,0.08576499999617226,0.010999202728271484,0.0,0.01299905776977539,0.0029993057250976562,1,0,8301,0.0,352.3551040811592,1136.0,100250.0,10000.0,0.02109561563154592,26.0,5,True,D:\git\git\RDMCT-A3C\cie\results\main\cie_main_600s_compact_final_v1\seed3\solutions\cie_core_nominal__cie_core_n016_f000_m016_proc100__proposed__solverseed_3__trainseed_5__trainseed_5.sol,,,,D:\git\git\RDMCT-A3C\cie\models\proposed\seed_5\itr_60.pkl,23,True,beam_search,
cie_core_nominal,dual_source_cluster_tool,8_to_32_wafers_nominal_processing,test,600.0,[],D:\git\git\RDMCT-A3C\cie\data\core\spbs\cie_core_n016_f000_m016_proc100.lp,spbs\cie_core_n016_f000_m016_proc100.lp,cie_core_n016_f000_m016_proc100.lp,hem,3,5,trainseed_5,auto,2026-07-23T23:00:18,optimal,26.0,26.589800300003844,1,0.0993812000087928,0.007211208343505859,0.0005042552947998047,0.023012399673461914,0.0,1,0,18424,0.0,1207.9245283018868,1136.0,100412.0,10000.0,0.014301358438186976,16.0,2,True,D:\git\git\RDMCT-A3C\cie\results\main\cie_main_600s_compact_final_v1\seed3\solutions\cie_core_nominal__cie_core_n016_f000_m016_proc100__hem__solverseed_3__trainseed_5__trainseed_5.sol,,,,D:\git\git\RDMCT-A3C\cie\models\hem\seed_5\itr_60.pkl,13,False,greedy,
cie_core_nominal,dual_source_cluster_tool,8_to_32_wafers_nominal_processing,test,600.0,[],D:\git\git\RDMCT-A3C\cie\data\core\spbs\cie_core_n016_f000_m016_proc100.lp,spbs\cie_core_n016_f000_m016_proc100.lp,cie_core_n016_f000_m016_proc100.lp,rdmct_feature_only,3,5,trainseed_5,auto,2026-07-23T23:00:45,optimal,42.0,42.623414800007595,1,0.03458669999963604,0.010791301727294922,0.001001119613647461,0.020891904830932617,0.0,1,0,42930,0.0,1409.1704916432404,1136.0,100382.0,10000.0,0.014301358438186976,16.0,13,True,D:\git\git\RDMCT-A3C\cie\results\main\cie_main_600s_compact_final_v1\seed3\solutions\cie_core_nominal__cie_core_n016_f000_m016_proc100__rdmct_feature_only__solverseed_3__trainseed_5__trainseed_5.sol,,,,D:\git\git\RDMCT-A3C\cie\models\feature_only\seed_5\itr_60.pkl,23,False,greedy,
cie_core_nominal,dual_source_cluster_tool,8_to_32_wafers_nominal_processing,test,600.0,[],D:\git\git\RDMCT-A3C\cie\data\core\spbs\cie_core_n016_f000_m016_proc100.lp,spbs\cie_core_n016_f000_m016_proc100.lp,cie_core_n016_f000_m016_proc100.lp,hem_beam,3,5,trainseed_5,auto,2026-07-23T23:01:27,optimal,26.0,26.077832599999965,1,0.05301150000013877,0.007003068923950195,0.0009980201721191406,0.04299736022949219,0.0,1,0,18424,0.0,1207.9245283018868,1136.0,100412.0,10000.0,0.014301358438186976,16.0,2,True,D:\git\git\RDMCT-A3C\cie\results\main\cie_main_600s_compact_final_v1\seed3\solutions\cie_core_nominal__cie_core_n016_f000_m016_proc100__hem_beam__solverseed_3__trainseed_5__trainseed_5.sol,,,,D:\git\git\RDMCT-A3C\cie\models\hem\seed_5\itr_60.pkl,13,False,beam_search,
cie_core_nominal,dual_source_cluster_tool,8_to_32_wafers_nominal_processing,test,600.0,[],D:\git\git\RDMCT-A3C\cie\data\core\spbs\cie_core_n016_f004_m012_proc100.lp,spbs\cie_core_n016_f004_m012_proc100.lp,cie_core_n016_f004_m012_proc100.lp,proposed,3,5,trainseed_5,auto,2026-07-23T23:01:53,optimal,12.0,11.41490230000636,1,0.07144369999878109,0.007997751235961914,0.00099945068359375,0.008002519607543945,0.0030007362365722656,1,0,12136,0.0,405.7997557997558,1202.0,90920.0,10000.0,0.11591914445681106,46.0,4,True,D:\git\git\RDMCT-A3C\cie\results\main\cie_main_600s_compact_final_v1\seed3\solutions\cie_core_nominal__cie_core_n016_f004_m012_proc100__proposed__solverseed_3__trainseed_5__trainseed_5.sol,,,,D:\git\git\RDMCT-A3C\cie\models\proposed\seed_5\itr_60.pkl,23,True,beam_search,
cie_core_nominal,dual_source_cluster_tool,8_to_32_wafers_nominal_processing,test,600.0,[],D:\git\git\RDMCT-A3C\cie\data\core\spbs\cie_core_n016_f004_m012_proc100.lp,spbs\cie_core_n016_f004_m012_proc100.lp,cie_core_n016_f004_m012_proc100.lp,hem,3,5,trainseed_5,auto,2026-07-23T23:02:05,optimal,11.0,11.644801900009043,1,0.016243899997789413,0.0065267086029052734,0.00099945068359375,0.007998943328857422,0.0,1,0,12081,0.0,323.93215275794677,1202.0,90934.0,10000.0,0.13554115808914352,116.0,5,True,D:\git\git\RDMCT-A3C\cie\results\main\cie_main_600s_compact_final_v1\seed3\solutions\cie_core_nominal__cie_core_n016_f004_m012_proc100__hem__solverseed_3__trainseed_5__trainseed_5.sol,,,,D:\git\git\RDMCT-A3C\cie\models\hem\seed_5\itr_60.pkl,13,False,greedy,
cie_core_nominal,dual_source_cluster_tool,8_to_32_wafers_nominal_processing,test,600.0,[],D:\git\git\RDMCT-A3C\cie\data\core\spbs\cie_core_n016_f004_m012_proc100.lp,spbs\cie_core_n016_f004_m012_proc100.lp,cie_core_n016_f004_m012_proc100.lp,rdmct_feature_only,3,5,trainseed_5,auto,2026-07-23T23:02:16,optimal,23.0,23.072265800001333,1,0.09059739999065641,0.010000467300415039,0.0010004043579101562,0.02304983139038086,0.0,1,0,24442,0.0,802.0909514005374,1202.0,90642.0,10000.0,0.0,0.0,6,True,D:\git\git\RDMCT-A3C\cie\results\main\cie_main_600s_compact_final_v1\seed3\solutions\cie_core_nominal__cie_core_n016_f004_m012_proc100__rdmct_feature_only__solverseed_3__trainseed_5__trainseed_5.sol,,,,D:\git\git\RDMCT-A3C\cie\models\feature_only\seed_5\itr_60.pkl,23,False,greedy,
cie_core_nominal,dual_source_cluster_tool,8_to_32_wafers_nominal_processing,test,600.0,[],D:\git\git\RDMCT-A3C\cie\data\core\spbs\cie_core_n016_f004_m012_proc100.lp,spbs\cie_core_n016_f004_m012_proc100.lp,cie_core_n016_f004_m012_proc100.lp,hem_beam,3,5,trainseed_5,auto,2026-07-23T23:02:39,optimal,12.0,11.806444000001648,1,0.02183610000065528,0.003998994827270508,0.00099945068359375,0.016007423400878906,0.0,1,0,12081,0.0,407.87545787545787,1202.0,90934.0,10000.0,0.13554115808914352,116.0,5,True,D:\git\git\RDMCT-A3C\cie\results\main\cie_main_600s_compact_final_v1\seed3\solutions\cie_core_nominal__cie_core_n016_f004_m012_proc100__hem_beam__solverseed_3__trainseed_5__trainseed_5.sol,,,,D:\git\git\RDMCT-A3C\cie\models\hem\seed_5\itr_60.pkl,13,False,beam_search,
cie_core_nominal,dual_source_cluster_tool,8_to_32_wafers_nominal_processing,test,600.0,[],D:\git\git\RDMCT-A3C\cie\data\core\spbs\cie_core_n016_f004_m012_proc100.lp,spbs\cie_core_n016_f004_m012_proc100.lp,cie_core_n016_f004_m012_proc100.lp,hem_structure,3,5,trainseed_5,auto,2026-07-23T23:02:51,optimal,12.0,11.57184750000306,1,0.045339899996179156,0.012537717819213867,0.0029997825622558594,0.005002021789550781,0.0029997825622558594,1,0,12136,0.0,405.7997557997558,1202.0,90920.0,10000.0,0.11591914445681106,46.0,4,True,D:\git\git\RDMCT-A3C\cie\results\main\cie_main_600s_compact_final_v1\seed3\solutions\cie_core_nominal__cie_core_n016_f004_m012_proc100__hem_structure__solverseed_3__trainseed_5__trainseed_5.sol,,,,D:\git\git\RDMCT-A3C\cie\models\proposed\seed_5\itr_60.pkl,23,True,greedy,
cie_core_nominal,dual_source_cluster_tool,8_to_32_wafers_nominal_processing,test,600.0,[],D:\git\git\RDMCT-A3C\cie\data\core\spbs\cie_core_n016_f008_m008_proc100.lp,spbs\cie_core_n016_f008_m008_proc100.lp,cie_core_n016_f008_m008_proc100.lp,hem,3,5,trainseed_5,auto,2026-07-23T23:03:03,optimal,3.0,3.687597399999504,1,0.028930800006492063,0.007000446319580078,0.0010001659393310547,0.018331527709960938,0.0,1,0,3848,0.0,39.65058334603801,1170.0,80851.0,10000.0,0.016318109896342047,7.0,9,True,D:\git\git\RDMCT-A3C\cie\results\main\cie_main_600s_compact_final_v1\seed3\solutions\cie_core_nominal__cie_core_n016_f008_m008_proc100__hem__solverseed_3__trainseed_5__trainseed_5.sol,,,,D:\git\git\RDMCT-A3C\cie\models\hem\seed_5\itr_60.pkl,13,False,greedy,
cie_core_nominal,dual_source_cluster_tool,8_to_32_wafers_nominal_processing,test,600.0,[],D:\git\git\RDMCT-A3C\cie\data\core\spbs\cie_core_n016_f008_m008_proc100.lp,spbs\cie_core_n016_f008_m008_proc100.lp,cie_core_n016_f008_m008_proc100.lp,rdmct_feature_only,3,5,trainseed_5,auto,2026-07-23T23:03:06,optimal,4.0,3.9219386000040686,1,0.027815699999337085,0.006001472473144531,0.0009989738464355469,0.019140958786010742,0.0,1,0,3649,0.0,137.7402169814194,1170.0,81019.0,10000.0,0.06565944237842802,29.0,10,True,D:\git\git\RDMCT-A3C\cie\results\main\cie_main_600s_compact_final_v1\seed3\solutions\cie_core_nominal__cie_core_n016_f008_m008_proc100__rdmct_feature_only__solverseed_3__trainseed_5__trainseed_5.sol,,,,D:\git\git\RDMCT-A3C\cie\models\feature_only\seed_5\itr_60.pkl,23,False,greedy,
cie_core_nominal,dual_source_cluster_tool,8_to_32_wafers_nominal_processing,test,600.0,[],D:\git\git\RDMCT-A3C\cie\data\core\spbs\cie_core_n016_f008_m008_proc100.lp,spbs\cie_core_n016_f008_m008_proc100.lp,cie_core_n016_f008_m008_proc100.lp,hem_beam,3,5,trainseed_5,auto,2026-07-23T23:03:10,optimal,4.0,3.8574960000114515,1,0.04934879999200348,0.0069980621337890625,0.0009996891021728516,0.03976798057556152,0.0,1,0,3848,0.0,138.13843893624687,1170.0,80851.0,10000.0,0.016318109896342047,7.0,9,True,D:\git\git\RDMCT-A3C\cie\results\main\cie_main_600s_compact_final_v1\seed3\solutions\cie_core_nominal__cie_core_n016_f008_m008_proc100__hem_beam__solverseed_3__trainseed_5__trainseed_5.sol,,,,D:\git\git\RDMCT-A3C\cie\models\hem\seed_5\itr_60.pkl,13,False,beam_search,
cie_core_nominal,dual_source_cluster_tool,8_to_32_wafers_nominal_processing,test,600.0,[],D:\git\git\RDMCT-A3C\cie\data\core\spbs\cie_core_n016_f008_m008_proc100.lp,spbs\cie_core_n016_f008_m008_proc100.lp,cie_core_n016_f008_m008_proc100.lp,hem_structure,3,5,trainseed_5,auto,2026-07-23T23:03:14,optimal,4.0,3.5333916999952635,1,0.1630202999949688,0.1341876983642578,0.0,0.0050008296966552734,0.002830028533935547,1,0,2847,0.0,140.38331891464867,1170.0,80943.0,10000.0,0.06565944237842802,29.0,5,True,D:\git\git\RDMCT-A3C\cie\results\main\cie_main_600s_compact_final_v1\seed3\solutions\cie_core_nominal__cie_core_n016_f008_m008_proc100__hem_structure__solverseed_3__trainseed_5__trainseed_5.sol,,,,D:\git\git\RDMCT-A3C\cie\models\proposed\seed_5\itr_60.pkl,23,True,greedy,
cie_core_nominal,dual_source_cluster_tool,8_to_32_wafers_nominal_processing,test,600.0,[],D:\git\git\RDMCT-A3C\cie\data\core\spbs\cie_core_n016_f008_m008_proc100.lp,spbs\cie_core_n016_f008_m008_proc100.lp,cie_core_n016_f008_m008_proc100.lp,proposed,3,5,trainseed_5,auto,2026-07-23T23:03:18,optimal,3.0,3.2696292999899015,1,0.020080599992070347,0.006000041961669922,0.0010008811950683594,0.007352590560913086,0.0029993057250976562,1,0,2847,0.0,40.725199256528995,1170.0,80943.0,10000.0,0.06565944237842802,29.0,5,True,D:\git\git\RDMCT-A3C\cie\results\main\cie_main_600s_compact_final_v1\seed3\solutions\cie_core_nominal__cie_core_n016_f008_m008_proc100__proposed__solverseed_3__trainseed_5__trainseed_5.sol,,,,D:\git\git\RDMCT-A3C\cie\models\proposed\seed_5\itr_60.pkl,23,True,beam_search,
cie_core_nominal,dual_source_cluster_tool,8_to_32_wafers_nominal_processing,test,600.0,[],D:\git\git\RDMCT-A3C\cie\data\core\spbs\cie_core_n016_f012_m004_proc100.lp,spbs\cie_core_n016_f012_m004_proc100.lp,cie_core_n016_f012_m004_proc100.lp,rdmct_feature_only,3,5,trainseed_5,auto,2026-07-23T23:03:21,optimal,40.0,39.78168189999997,1,0.0393636999942828,0.011001110076904297,0.003999233245849609,0.02300286293029785,0.0,1,0,31441,0.0,1674.9374941874569,1158.0,61858.24562537146,10000.0,0.2861125704223025,0.0,2,True,D:\git\git\RDMCT-A3C\cie\results\main\cie_main_600s_compact_final_v1\seed3\solutions\cie_core_nominal__cie_core_n016_f012_m004_proc100__rdmct_feature_only__solverseed_3__trainseed_5__trainseed_5.sol,,,,D:\git\git\RDMCT-A3C\cie\models\feature_only\seed_5\itr_60.pkl,23,False,greedy,
cie_core_nominal,dual_source_cluster_tool,8_to_32_wafers_nominal_processing,test,600.0,[],D:\git\git\RDMCT-A3C\cie\data\core\spbs\cie_core_n016_f012_m004_proc100.lp,spbs\cie_core_n016_f012_m004_proc100.lp,cie_core_n016_f012_m004_proc100.lp,hem_beam,3,5,trainseed_5,auto,2026-07-23T23:04:01,optimal,112.0,111.75093739999284,1,0.039758300001267344,0.007999420166015625,0.0,0.030188798904418945,0.0,1,0,85755,0.0,4598.2349485999575,1158.0,61918.24562537146,10000.0,0.2861125704223025,0.0,2,True,D:\git\git\RDMCT-A3C\cie\results\main\cie_main_600s_compact_final_v1\seed3\solutions\cie_core_nominal__cie_core_n016_f012_m004_proc100__hem_beam__solverseed_3__trainseed_5__trainseed_5.sol,,,,D:\git\git\RDMCT-A3C\cie\models\hem\seed_5\itr_60.pkl,13,False,beam_search,
cie_core_nominal,dual_source_cluster_tool,8_to_32_wafers_nominal_processing,test,600.0,[],D:\git\git\RDMCT-A3C\cie\data\core\spbs\cie_core_n016_f012_m004_proc100.lp,spbs\cie_core_n016_f012_m004_proc100.lp,cie_core_n016_f012_m004_proc100.lp,hem_structure,3,5,trainseed_5,auto,2026-07-23T23:05:53,optimal,160.0,160.77346620000026,1,0.026957199996104464,0.02407670021057129,0.0009999275207519531,0.004998922348022461,0.0028934478759765625,1,0,169888,0.0,5600.648270828379,1158.0,62445.24562537146,10000.0,0.26393648826324756,0.0,2,True,D:\git\git\RDMCT-A3C\cie\results\main\cie_main_600s_compact_final_v1\seed3\solutions\cie_core_nominal__cie_core_n016_f012_m004_proc100__hem_structure__solverseed_3__trainseed_5__trainseed_5.sol,,,,D:\git\git\RDMCT-A3C\cie\models\proposed\seed_5\itr_60.pkl,23,True,greedy,
cie_core_nominal,dual_source_cluster_tool,8_to_32_wafers_nominal_processing,test,600.0,[],D:\git\git\RDMCT-A3C\cie\data\core\spbs\cie_core_n016_f012_m004_proc100.lp,spbs\cie_core_n016_f012_m004_proc100.lp,cie_core_n016_f012_m004_proc100.lp,proposed,3,5,trainseed_5,auto,2026-07-23T23:08:33,optimal,143.0,142.4582114000077,1,0.062049499989370815,0.007281303405761719,0.0,0.008625268936157227,0.0009999275207519531,1,0,169888,0.0,4914.894217606589,1158.0,62445.24562537146,10000.0,0.26393648826324756,0.0,2,True,D:\git\git\RDMCT-A3C\cie\results\main\cie_main_600s_compact_final_v1\seed3\solutions\cie_core_nominal__cie_core_n016_f012_m004_proc100__proposed__solverseed_3__trainseed_5__trainseed_5.sol,,,,D:\git\git\RDMCT-A3C\cie\models\proposed\seed_5\itr_60.pkl,23,True,beam_search,
cie_core_nominal,dual_source_cluster_tool,8_to_32_wafers_nominal_processing,test,600.0,[],D:\git\git\RDMCT-A3C\cie\data\core\spbs\cie_core_n016_f012_m004_proc100.lp,spbs\cie_core_n016_f012_m004_proc100.lp,cie_core_n016_f012_m004_proc100.lp,hem,3,5,trainseed_5,auto,2026-07-23T23:10:56,optimal,86.0,86.20428429999447,1,0.05652050000207964,0.0,0.0,0.019073963165283203,0.0,1,0,85755,0.0,3561.3713183909285,1158.0,61918.24562537146,10000.0,0.2861125704223025,0.0,2,True,D:\git\git\RDMCT-A3C\cie\results\main\cie_main_600s_compact_final_v1\seed3\solutions\cie_core_nominal__cie_core_n016_f012_m004_proc100__hem__solverseed_3__trainseed_5__trainseed_5.sol,,,,D:\git\git\RDMCT-A3C\cie\models\hem\seed_5\itr_60.pkl,13,False,greedy,
cie_core_nominal,dual_source_cluster_tool,8_to_32_wafers_nominal_processing,test,600.0,[],D:\git\git\RDMCT-A3C\cie\data\core\spbs\cie_core_n024_f000_m024_proc100.lp,spbs\cie_core_n024_f000_m024_proc100.lp,cie_core_n024_f000_m024_proc100.lp,hem_beam,3,5,trainseed_5,auto,2026-07-23T23:12:22,timelimit,600.0,599.602604300002,1,0.031554299988783896,0.007244586944580078,0.0010325908660888672,0.022130489349365234,0.0,1,0,154256,0.9841691452791324,29927.70232224231,4412.79217910079,162956.85986160376,10000.0,0.01699912779427555,8.661976873561798,1,True,D:\git\git\RDMCT-A3C\cie\results\main\cie_main_600s_compact_final_v1\seed3\solutions\cie_core_nominal__cie_core_n024_f000_m024_proc100__hem_beam__solverseed_3__trainseed_5__trainseed_5.sol,,,,D:\git\git\RDMCT-A3C\cie\models\hem\seed_5\itr_60.pkl,13,False,beam_search,
cie_core_nominal,dual_source_cluster_tool,8_to_32_wafers_nominal_processing,test,600.0,[],D:\git\git\RDMCT-A3C\cie\data\core\spbs\cie_core_n024_f000_m024_proc100.lp,spbs\cie_core_n024_f000_m024_proc100.lp,cie_core_n024_f000_m024_proc100.lp,hem_structure,3,5,trainseed_5,auto,2026-07-23T23:22:22,timelimit,600.0,600.0298105000111,1,0.029987999994773418,0.018882036209106445,0.0,0.00500035285949707,0.002001047134399414,1,0,156063,0.9841691452791324,29926.433284460167,4412.79217910079,162956.85986160376,10000.0,0.01699912779427555,8.661976873561798,1,True,D:\git\git\RDMCT-A3C\cie\results\main\cie_main_600s_compact_final_v1\seed3\solutions\cie_core_nominal__cie_core_n024_f000_m024_proc100__hem_structure__solverseed_3__trainseed_5__trainseed_5.sol,,,,D:\git\git\RDMCT-A3C\cie\models\proposed\seed_5\itr_60.pkl,23,True,greedy,
cie_core_nominal,dual_source_cluster_tool,8_to_32_wafers_nominal_processing,test,600.0,[],D:\git\git\RDMCT-A3C\cie\data\core\spbs\cie_core_n024_f000_m024_proc100.lp,spbs\cie_core_n024_f000_m024_proc100.lp,cie_core_n024_f000_m024_proc100.lp,proposed,3,5,trainseed_5,auto,2026-07-23T23:32:22,timelimit,600.0,599.9711815000046,1,0.019653100011055358,0.009048223495483398,0.0,0.0010051727294921875,0.0,1,0,148946,0.9841691452791324,29929.01668280238,4412.79217910079,162956.85986160376,10000.0,0.01699912779427555,8.661976873561798,1,True,D:\git\git\RDMCT-A3C\cie\results\main\cie_main_600s_compact_final_v1\seed3\solutions\cie_core_nominal__cie_core_n024_f000_m024_proc100__proposed__solverseed_3__trainseed_5__trainseed_5.sol,,,,D:\git\git\RDMCT-A3C\cie\models\proposed\seed_5\itr_60.pkl,23,True,beam_search,
cie_core_nominal,dual_source_cluster_tool,8_to_32_wafers_nominal_processing,test,600.0,[],D:\git\git\RDMCT-A3C\cie\data\core\spbs\cie_core_n024_f000_m024_proc100.lp,spbs\cie_core_n024_f000_m024_proc100.lp,cie_core_n024_f000_m024_proc100.lp,hem,3,5,trainseed_5,auto,2026-07-23T23:42:22,timelimit,600.0,599.9909844999929,1,0.015465399992535822,0.007094860076904297,0.0009999275207519531,0.006000041961669922,0.0,1,0,155020,0.9841691452791324,29926.56925279397,4412.79217910079,162956.85986160376,10000.0,0.01699912779427555,8.661976873561798,1,True,D:\git\git\RDMCT-A3C\cie\results\main\cie_main_600s_compact_final_v1\seed3\solutions\cie_core_nominal__cie_core_n024_f000_m024_proc100__hem__solverseed_3__trainseed_5__trainseed_5.sol,,,,D:\git\git\RDMCT-A3C\cie\models\hem\seed_5\itr_60.pkl,13,False,greedy,
cie_core_nominal,dual_source_cluster_tool,8_to_32_wafers_nominal_processing,test,600.0,[],D:\git\git\RDMCT-A3C\cie\data\core\spbs\cie_core_n024_f000_m024_proc100.lp,spbs\cie_core_n024_f000_m024_proc100.lp,cie_core_n024_f000_m024_proc100.lp,rdmct_feature_only,3,5,trainseed_5,auto,2026-07-23T23:52:22,optimal,261.0,261.7271688000037,1,0.02784389999578707,0.02206134796142578,0.0010013580322265625,0.015791893005371094,0.0,1,0,72844,0.0,13029.937851982688,2224.0,160706.0,10000.0,0.011973374694423826,8.0,3,True,D:\git\git\RDMCT-A3C\cie\results\main\cie_main_600s_compact_final_v1\seed3\solutions\cie_core_nominal__cie_core_n024_f000_m024_proc100__rdmct_feature_only__solverseed_3__trainseed_5__trainseed_5.sol,,,,D:\git\git\RDMCT-A3C\cie\models\feature_only\seed_5\itr_60.pkl,23,False,greedy,
cie_core_nominal,dual_source_cluster_tool,8_to_32_wafers_nominal_processing,test,600.0,[],D:\git\git\RDMCT-A3C\cie\data\core\spbs\cie_core_n024_f006_m018_proc100.lp,spbs\cie_core_n024_f006_m018_proc100.lp,cie_core_n024_f006_m018_proc100.lp,hem_structure,3,5,trainseed_5,auto,2026-07-23T23:56:43,optimal,331.0,330.3591701999976,1,0.032865599991055205,0.009010076522827148,0.0015070438385009766,0.007100343704223633,0.0,1,0,152222,0.0,4841.943728629341,2290.0,153496.0,10000.0,0.0,0.0,8,True,D:\git\git\RDMCT-A3C\cie\results\main\cie_main_600s_compact_final_v1\seed3\solutions\cie_core_nominal__cie_core_n024_f006_m018_proc100__hem_structure__solverseed_3__trainseed_5__trainseed_5.sol,,,,D:\git\git\RDMCT-A3C\cie\models\proposed\seed_5\itr_60.pkl,23,True,greedy,
cie_core_nominal,dual_source_cluster_tool,8_to_32_wafers_nominal_processing,test,600.0,[],D:\git\git\RDMCT-A3C\cie\data\core\spbs\cie_core_n024_f006_m018_proc100.lp,spbs\cie_core_n024_f006_m018_proc100.lp,cie_core_n024_f006_m018_proc100.lp,proposed,3,5,trainseed_5,auto,2026-07-24T00:02:14,optimal,330.0,329.98865710000973,1,0.10364270000718534,0.01174783706665039,0.0,0.009538412094116211,0.004921913146972656,1,0,152222,0.0,4764.177568388909,2290.0,153496.0,10000.0,0.0,0.0,8,True,D:\git\git\RDMCT-A3C\cie\results\main\cie_main_600s_compact_final_v1\seed3\solutions\cie_core_nominal__cie_core_n024_f006_m018_proc100__proposed__solverseed_3__trainseed_5__trainseed_5.sol,,,,D:\git\git\RDMCT-A3C\cie\models\proposed\seed_5\itr_60.pkl,23,True,beam_search,
cie_core_nominal,dual_source_cluster_tool,8_to_32_wafers_nominal_processing,test,600.0,[],D:\git\git\RDMCT-A3C\cie\data\core\spbs\cie_core_n024_f006_m018_proc100.lp,spbs\cie_core_n024_f006_m018_proc100.lp,cie_core_n024_f006_m018_proc100.lp,hem,3,5,trainseed_5,auto,2026-07-24T00:07:44,optimal,331.0,331.11969690000114,1,0.0211944000038784,0.0,0.012494325637817383,0.006002902984619141,0.0,1,0,152222,0.0,4762.391154998905,2290.0,153496.0,10000.0,0.0,0.0,8,True,D:\git\git\RDMCT-A3C\cie\results\main\cie_main_600s_compact_final_v1\seed3\solutions\cie_core_nominal__cie_core_n024_f006_m018_proc100__hem__solverseed_3__trainseed_5__trainseed_5.sol,,,,D:\git\git\RDMCT-A3C\cie\models\hem\seed_5\itr_60.pkl,13,False,greedy,
cie_core_nominal,dual_source_cluster_tool,8_to_32_wafers_nominal_processing,test,600.0,[],D:\git\git\RDMCT-A3C\cie\data\core\spbs\cie_core_n024_f006_m018_proc100.lp,spbs\cie_core_n024_f006_m018_proc100.lp,cie_core_n024_f006_m018_proc100.lp,rdmct_feature_only,3,5,trainseed_5,auto,2026-07-24T00:13:15,timelimit,600.0,599.8997101000132,1,0.09878000000026077,0.020685434341430664,0.0,0.012455224990844727,0.0,1,0,238338,0.15873015873015872,10064.452735857154,2628.0,152740.0,10000.0,0.0,0.0,5,True,D:\git\git\RDMCT-A3C\cie\results\main\cie_main_600s_compact_final_v1\seed3\solutions\cie_core_nominal__cie_core_n024_f006_m018_proc100__rdmct_feature_only__solverseed_3__trainseed_5__trainseed_5.sol,,,,D:\git\git\RDMCT-A3C\cie\models\feature_only\seed_5\itr_60.pkl,23,False,greedy,
cie_core_nominal,dual_source_cluster_tool,8_to_32_wafers_nominal_processing,test,600.0,[],D:\git\git\RDMCT-A3C\cie\data\core\spbs\cie_core_n024_f006_m018_proc100.lp,spbs\cie_core_n024_f006_m018_proc100.lp,cie_core_n024_f006_m018_proc100.lp,hem_beam,3,5,trainseed_5,auto,2026-07-24T00:23:15,optimal,318.0,318.6271884000016,1,0.06086389999836683,0.014008283615112305,0.0009989738464355469,0.009671449661254883,0.0,1,0,152222,0.0,4589.447187727893,2290.0,153496.0,10000.0,0.0,0.0,8,True,D:\git\git\RDMCT-A3C\cie\results\main\cie_main_600s_compact_final_v1\seed3\solutions\cie_core_nominal__cie_core_n024_f006_m018_proc100__hem_beam__solverseed_3__trainseed_5__trainseed_5.sol,,,,D:\git\git\RDMCT-A3C\cie\models\hem\seed_5\itr_60.pkl,13,False,beam_search,
cie_core_nominal,dual_source_cluster_tool,8_to_32_wafers_nominal_processing,test,600.0,[],D:\git\git\RDMCT-A3C\cie\data\core\spbs\cie_core_n024_f012_m012_proc100.lp,spbs\cie_core_n024_f012_m012_proc100.lp,cie_core_n024_f012_m012_proc100.lp,proposed,3,5,trainseed_5,auto,2026-07-24T00:28:33,timelimit,600.0,599.2936246000027,1,0.0295516000041971,0.010207653045654297,0.0009992122650146484,0.015320777893066406,0.002001047134399414,1,0,213095,0.3857913669064748,16857.722258273847,3082.0,108282.0,9447.0,0.6342177124582453,0.0,1,True,D:\git\git\RDMCT-A3C\cie\results\main\cie_main_600s_compact_final_v1\seed3\solutions\cie_core_nominal__cie_core_n024_f012_m012_proc100__proposed__solverseed_3__trainseed_5__trainseed_5.sol,,,,D:\git\git\RDMCT-A3C\cie\models\proposed\seed_5\itr_60.pkl,23,True,beam_search,
cie_core_nominal,dual_source_cluster_tool,8_to_32_wafers_nominal_processing,test,600.0,[],D:\git\git\RDMCT-A3C\cie\data\core\spbs\cie_core_n024_f012_m012_proc100.lp,spbs\cie_core_n024_f012_m012_proc100.lp,cie_core_n024_f012_m012_proc100.lp,hem,3,5,trainseed_5,auto,2026-07-24T00:38:33,timelimit,600.0,599.9699031000055,1,0.015131899999687448,0.008002281188964844,0.0009999275207519531,0.00500035285949707,0.0,1,0,213098,0.3857913669064748,16785.561323815702,3082.0,108282.0,9447.0,0.6342177124582453,0.0,1,True,D:\git\git\RDMCT-A3C\cie\results\main\cie_main_600s_compact_final_v1\seed3\solutions\cie_core_nominal__cie_core_n024_f012_m012_proc100__hem__solverseed_3__trainseed_5__trainseed_5.sol,,,,D:\git\git\RDMCT-A3C\cie\models\hem\seed_5\itr_60.pkl,13,False,greedy,
cie_core_nominal,dual_source_cluster_tool,8_to_32_wafers_nominal_processing,test,600.0,[],D:\git\git\RDMCT-A3C\cie\data\core\spbs\cie_core_n024_f012_m012_proc100.lp,spbs\cie_core_n024_f012_m012_proc100.lp,cie_core_n024_f012_m012_proc100.lp,rdmct_feature_only,3,5,trainseed_5,auto,2026-07-24T00:48:33,optimal,524.0,524.4981545000046,1,0.027858800007379614,0.009999990463256836,0.0009987354278564453,0.015250921249389648,0.0,1,0,200792,0.0,13877.119960229857,2246.0,124483.0,10000.0,0.23623487832354703,10.0,15,True,D:\git\git\RDMCT-A3C\cie\results\main\cie_main_600s_compact_final_v1\seed3\solutions\cie_core_nominal__cie_core_n024_f012_m012_proc100__rdmct_feature_only__solverseed_3__trainseed_5__trainseed_5.sol,,,,D:\git\git\RDMCT-A3C\cie\models\feature_only\seed_5\itr_60.pkl,23,False,greedy,
cie_core_nominal,dual_source_cluster_tool,8_to_32_wafers_nominal_processing,test,600.0,[],D:\git\git\RDMCT-A3C\cie\data\core\spbs\cie_core_n024_f012_m012_proc100.lp,spbs\cie_core_n024_f012_m012_proc100.lp,cie_core_n024_f012_m012_proc100.lp,hem_beam,3,5,trainseed_5,auto,2026-07-24T00:57:17,timelimit,600.0,599.5009863000014,1,0.0409566000016639,0.016791820526123047,0.002000093460083008,0.019647598266601562,0.0,1,0,212410,0.3857913669064748,16786.82673588579,3082.0,108282.0,9447.0,0.6342177124582453,0.0,1,True,D:\git\git\RDMCT-A3C\cie\results\main\cie_main_600s_compact_final_v1\seed3\solutions\cie_core_nominal__cie_core_n024_f012_m012_proc100__hem_beam__solverseed_3__trainseed_5__trainseed_5.sol,,,,D:\git\git\RDMCT-A3C\cie\models\hem\seed_5\itr_60.pkl,13,False,beam_search,
cie_core_nominal,dual_source_cluster_tool,8_to_32_wafers_nominal_processing,test,600.0,[],D:\git\git\RDMCT-A3C\cie\data\core\spbs\cie_core_n024_f012_m012_proc100.lp,spbs\cie_core_n024_f012_m012_proc100.lp,cie_core_n024_f012_m012_proc100.lp,hem_structure,3,5,trainseed_5,auto,2026-07-24T01:07:17,timelimit,600.0,599.991474399998,1,0.056778800004394725,0.011000871658325195,0.0009996891021728516,0.006999492645263672,0.0010006427764892578,1,0,210364,0.3857913669064748,16785.561323815702,3082.0,108282.0,9447.0,0.6342177124582453,0.0,1,True,D:\git\git\RDMCT-A3C\cie\results\main\cie_main_600s_compact_final_v1\seed3\solutions\cie_core_nominal__cie_core_n024_f012_m012_proc100__hem_structure__solverseed_3__trainseed_5__trainseed_5.sol,,,,D:\git\git\RDMCT-A3C\cie\models\proposed\seed_5\itr_60.pkl,23,True,greedy,
cie_core_nominal,dual_source_cluster_tool,8_to_32_wafers_nominal_processing,test,600.0,[],D:\git\git\RDMCT-A3C\cie\data\core\spbs\cie_core_n024_f018_m006_proc100.lp,spbs\cie_core_n024_f018_m006_proc100.lp,cie_core_n024_f018_m006_proc100.lp,hem,3,5,trainseed_5,auto,2026-07-24T01:17:17,timelimit,600.0,600.0517909999908,1,0.04681860000710003,0.009999275207519531,0.0009982585906982422,0.03355264663696289,0.0,1,0,262013,0.1147686832740218,8245.953760593553,2506.0,105119.12976885839,10000.0,0.35814190167537246,162.0,4,True,D:\git\git\RDMCT-A3C\cie\results\main\cie_main_600s_compact_final_v1\seed3\solutions\cie_core_nominal__cie_core_n024_f018_m006_proc100__hem__solverseed_3__trainseed_5__trainseed_5.sol,,,,D:\git\git\RDMCT-A3C\cie\models\hem\seed_5\itr_60.pkl,13,False,greedy,
cie_core_nominal,dual_source_cluster_tool,8_to_32_wafers_nominal_processing,test,600.0,[],D:\git\git\RDMCT-A3C\cie\data\core\spbs\cie_core_n024_f018_m006_proc100.lp,spbs\cie_core_n024_f018_m006_proc100.lp,cie_core_n024_f018_m006_proc100.lp,rdmct_feature_only,3,5,trainseed_5,auto,2026-07-24T01:27:17,optimal,521.0,521.2926602999942,1,0.0337026000051992,0.012249946594238281,0.0009999275207519531,0.01545858383178711,0.0,1,0,179020,0.0,9881.224071374918,2269.9999999999973,104629.82976885837,10000.0,0.26641758172382046,66.00000000000091,11,True,D:\git\git\RDMCT-A3C\cie\results\main\cie_main_600s_compact_final_v1\seed3\solutions\cie_core_nominal__cie_core_n024_f018_m006_proc100__rdmct_feature_only__solverseed_3__trainseed_5__trainseed_5.sol,,,,D:\git\git\RDMCT-A3C\cie\models\feature_only\seed_5\itr_60.pkl,23,False,greedy,
cie_core_nominal,dual_source_cluster_tool,8_to_32_wafers_nominal_processing,test,600.0,[],D:\git\git\RDMCT-A3C\cie\data\core\spbs\cie_core_n024_f018_m006_proc100.lp,spbs\cie_core_n024_f018_m006_proc100.lp,cie_core_n024_f018_m006_proc100.lp,hem_beam,3,5,trainseed_5,auto,2026-07-24T01:35:58,timelimit,600.0,599.7429621999909,1,0.08924839999235701,0.02329707145690918,0.0,0.03046250343322754,0.0,1,0,262602,0.1147686832740218,8245.634526754766,2506.0,105119.12976885839,10000.0,0.35814190167537246,162.0,4,True,D:\git\git\RDMCT-A3C\cie\results\main\cie_main_600s_compact_final_v1\seed3\solutions\cie_core_nominal__cie_core_n024_f018_m006_proc100__hem_beam__solverseed_3__trainseed_5__trainseed_5.sol,,,,D:\git\git\RDMCT-A3C\cie\models\hem\seed_5\itr_60.pkl,13,False,beam_search,
cie_core_nominal,dual_source_cluster_tool,8_to_32_wafers_nominal_processing,test,600.0,[],D:\git\git\RDMCT-A3C\cie\data\core\spbs\cie_core_n024_f018_m006_proc100.lp,spbs\cie_core_n024_f018_m006_proc100.lp,cie_core_n024_f018_m006_proc100.lp,hem_structure,3,5,trainseed_5,auto,2026-07-24T01:45:58,optimal,311.0,311.81429759999446,1,0.05481560000043828,0.013000965118408203,0.0009984970092773438,0.004001617431640625,0.002000570297241211,1,0,108793,0.0,7695.659081240342,2269.9999999999973,104657.82976885836,10000.0,0.26641758172382046,66.00000000000091,11,True,D:\git\git\RDMCT-A3C\cie\results\main\cie_main_600s_compact_final_v1\seed3\solutions\cie_core_nominal__cie_core_n024_f018_m006_proc100__hem_structure__solverseed_3__trainseed_5__trainseed_5.sol,,,,D:\git\git\RDMCT-A3C\cie\models\proposed\seed_5\itr_60.pkl,23,True,greedy,
cie_core_nominal,dual_source_cluster_tool,8_to_32_wafers_nominal_processing,test,600.0,[],D:\git\git\RDMCT-A3C\cie\data\core\spbs\cie_core_n024_f018_m006_proc100.lp,spbs\cie_core_n024_f018_m006_proc100.lp,cie_core_n024_f018_m006_proc100.lp,proposed,3,5,trainseed_5,auto,2026-07-24T01:51:10,optimal,310.0,310.6067994999903,1,0.02589040000748355,0.012285947799682617,0.0009996891021728516,0.008998632431030273,0.002002239227294922,1,0,108793,0.0,7648.713333021767,2269.9999999999973,104657.82976885836,10000.0,0.26641758172382046,66.00000000000091,11,True,D:\git\git\RDMCT-A3C\cie\results\main\cie_main_600s_compact_final_v1\seed3\solutions\cie_core_nominal__cie_core_n024_f018_m006_proc100__proposed__solverseed_3__trainseed_5__trainseed_5.sol,,,,D:\git\git\RDMCT-A3C\cie\models\proposed\seed_5\itr_60.pkl,23,True,beam_search,
cie_core_nominal,dual_source_cluster_tool,8_to_32_wafers_nominal_processing,test,600.0,[],D:\git\git\RDMCT-A3C\cie\data\core\spbs\cie_core_n032_f000_m032_proc100.lp,spbs\cie_core_n032_f000_m032_proc100.lp,cie_core_n032_f000_m032_proc100.lp,rdmct_feature_only,3,5,trainseed_5,auto,2026-07-24T01:56:20,optimal,197.0,196.99699499999406,1,0.07759179999993648,0.02100229263305664,0.0,0.018997669219970703,0.0,1,0,86367,0.0,2253.0301429966776,2592.0,201438.0,10000.0,0.0,0.0,11,True,D:\git\git\RDMCT-A3C\cie\results\main\cie_main_600s_compact_final_v1\seed3\solutions\cie_core_nominal__cie_core_n032_f000_m032_proc100__rdmct_feature_only__solverseed_3__trainseed_5__trainseed_5.sol,,,,D:\git\git\RDMCT-A3C\cie\models\feature_only\seed_5\itr_60.pkl,23,False,greedy,
cie_core_nominal,dual_source_cluster_tool,8_to_32_wafers_nominal_processing,test,600.0,[],D:\git\git\RDMCT-A3C\cie\data\core\spbs\cie_core_n032_f000_m032_proc100.lp,spbs\cie_core_n032_f000_m032_proc100.lp,cie_core_n032_f000_m032_proc100.lp,hem_beam,3,5,trainseed_5,auto,2026-07-24T01:59:37,optimal,132.0,131.704959900002,1,0.04292020000866614,0.009004592895507812,0.0019974708557128906,0.03054642677307129,0.0009992122650146484,1,0,57974,0.0,1750.5421622386798,2592.0,200748.0,10000.0,0.010495889827120372,16.0,10,True,D:\git\git\RDMCT-A3C\cie\results\main\cie_main_600s_compact_final_v1\seed3\solutions\cie_core_nominal__cie_core_n032_f000_m032_proc100__hem_beam__solverseed_3__trainseed_5__trainseed_5.sol,,,,D:\git\git\RDMCT-A3C\cie\models\hem\seed_5\itr_60.pkl,13,False,beam_search,
cie_core_nominal,dual_source_cluster_tool,8_to_32_wafers_nominal_processing,test,600.0,[],D:\git\git\RDMCT-A3C\cie\data\core\spbs\cie_core_n032_f000_m032_proc100.lp,spbs\cie_core_n032_f000_m032_proc100.lp,cie_core_n032_f000_m032_proc100.lp,hem_structure,3,5,trainseed_5,auto,2026-07-24T02:01:49,optimal,351.0,351.08915170001274,1,0.07653730000311043,0.010999917984008789,0.0009992122650146484,0.003320932388305664,0.0020034313201904297,1,0,185598,0.0,3784.678248414303,2592.0,202930.0,10000.0,0.014777899141282438,18.0,5,True,D:\git\git\RDMCT-A3C\cie\results\main\cie_main_600s_compact_final_v1\seed3\solutions\cie_core_nominal__cie_core_n032_f000_m032_proc100__hem_structure__solverseed_3__trainseed_5__trainseed_5.sol,,,,D:\git\git\RDMCT-A3C\cie\models\proposed\seed_5\itr_60.pkl,23,True,greedy,
cie_core_nominal,dual_source_cluster_tool,8_to_32_wafers_nominal_processing,test,600.0,[],D:\git\git\RDMCT-A3C\cie\data\core\spbs\cie_core_n032_f000_m032_proc100.lp,spbs\cie_core_n032_f000_m032_proc100.lp,cie_core_n032_f000_m032_proc100.lp,proposed,3,5,trainseed_5,auto,2026-07-24T02:07:40,optimal,351.0,351.22874800000864,1,0.023808900004951283,0.011513233184814453,0.0,0.008246421813964844,0.0020105838775634766,1,0,185598,0.0,3871.3931706691887,2592.0,202930.0,10000.0,0.014777899141282438,18.0,5,True,D:\git\git\RDMCT-A3C\cie\results\main\cie_main_600s_compact_final_v1\seed3\solutions\cie_core_nominal__cie_core_n032_f000_m032_proc100__proposed__solverseed_3__trainseed_5__trainseed_5.sol,,,,D:\git\git\RDMCT-A3C\cie\models\proposed\seed_5\itr_60.pkl,23,True,beam_search,
cie_core_nominal,dual_source_cluster_tool,8_to_32_wafers_nominal_processing,test,600.0,[],D:\git\git\RDMCT-A3C\cie\data\core\spbs\cie_core_n032_f000_m032_proc100.lp,spbs\cie_core_n032_f000_m032_proc100.lp,cie_core_n032_f000_m032_proc100.lp,hem,3,5,trainseed_5,auto,2026-07-24T02:13:31,optimal,131.0,131.04766549999476,1,0.09310779999941587,0.022182941436767578,0.001003265380859375,0.03351640701293945,0.0,1,0,57974,0.0,1742.721112273595,2592.0,200748.0,10000.0,0.010495889827120372,16.0,10,True,D:\git\git\RDMCT-A3C\cie\results\main\cie_main_600s_compact_final_v1\seed3\solutions\cie_core_nominal__cie_core_n032_f000_m032_proc100__hem__solverseed_3__trainseed_5__trainseed_5.sol,,,,D:\git\git\RDMCT-A3C\cie\models\hem\seed_5\itr_60.pkl,13,False,greedy,
cie_core_nominal,dual_source_cluster_tool,8_to_32_wafers_nominal_processing,test,600.0,[],D:\git\git\RDMCT-A3C\cie\data\core\spbs\cie_core_n032_f008_m024_proc100.lp,spbs\cie_core_n032_f008_m024_proc100.lp,cie_core_n032_f008_m024_proc100.lp,hem_beam,3,5,trainseed_5,auto,2026-07-24T02:15:42,timelimit,600.0,599.4878774999961,1,0.03630790000897832,0.008999109268188477,0.0,0.01927495002746582,0.0,1,0,233942,0.10522273425499232,7504.5440556958365,2878.0,183332.0,10000.0,0.0,0.0,2,True,D:\git\git\RDMCT-A3C\cie\results\main\cie_main_600s_compact_final_v1\seed3\solutions\cie_core_nominal__cie_core_n032_f008_m024_proc100__hem_beam__solverseed_3__trainseed_5__trainseed_5.sol,,,,D:\git\git\RDMCT-A3C\cie\models\hem\seed_5\itr_60.pkl,13,False,beam_search,
cie_core_nominal,dual_source_cluster_tool,8_to_32_wafers_nominal_processing,test,600.0,[],D:\git\git\RDMCT-A3C\cie\data\core\spbs\cie_core_n032_f008_m024_proc100.lp,spbs\cie_core_n032_f008_m024_proc100.lp,cie_core_n032_f008_m024_proc100.lp,hem_structure,3,5,trainseed_5,auto,2026-07-24T02:25:42,timelimit,600.0,599.9996056000091,1,0.054766699991887435,0.012174844741821289,0.001003265380859375,0.003999471664428711,0.0030019283294677734,1,0,202876,0.10522273425499232,6499.621149021677,2878.0,183428.0,10000.0,0.06624417024677896,90.0,2,True,D:\git\git\RDMCT-A3C\cie\results\main\cie_main_600s_compact_final_v1\seed3\solutions\cie_core_nominal__cie_core_n032_f008_m024_proc100__hem_structure__solverseed_3__trainseed_5__trainseed_5.sol,,,,D:\git\git\RDMCT-A3C\cie\models\proposed\seed_5\itr_60.pkl,23,True,greedy,
cie_core_nominal,dual_source_cluster_tool,8_to_32_wafers_nominal_processing,test,600.0,[],D:\git\git\RDMCT-A3C\cie\data\core\spbs\cie_core_n032_f008_m024_proc100.lp,spbs\cie_core_n032_f008_m024_proc100.lp,cie_core_n032_f008_m024_proc100.lp,proposed,3,5,trainseed_5,auto,2026-07-24T02:35:42,timelimit,600.0,600.0028312000068,1,0.05710170000384096,0.01091456413269043,0.0010044574737548828,0.007848978042602539,0.0017120838165283203,1,0,203975,0.10522273425499232,6499.621149021677,2878.0,183428.0,10000.0,0.06624417024677896,90.0,2,True,D:\git\git\RDMCT-A3C\cie\results\main\cie_main_600s_compact_final_v1\seed3\solutions\cie_core_nominal__cie_core_n032_f008_m024_proc100__proposed__solverseed_3__trainseed_5__trainseed_5.sol,,,,D:\git\git\RDMCT-A3C\cie\models\proposed\seed_5\itr_60.pkl,23,True,beam_search,
cie_core_nominal,dual_source_cluster_tool,8_to_32_wafers_nominal_processing,test,600.0,[],D:\git\git\RDMCT-A3C\cie\data\core\spbs\cie_core_n032_f008_m024_proc100.lp,spbs\cie_core_n032_f008_m024_proc100.lp,cie_core_n032_f008_m024_proc100.lp,hem,3,5,trainseed_5,auto,2026-07-24T02:45:42,timelimit,600.0,599.9804755000077,1,0.054086499992990866,0.009278297424316406,0.0,0.009006500244140625,0.0,1,0,234311,0.10522273425499232,7509.785149077962,2878.0,183332.0,10000.0,0.0,0.0,2,True,D:\git\git\RDMCT-A3C\cie\results\main\cie_main_600s_compact_final_v1\seed3\solutions\cie_core_nominal__cie_core_n032_f008_m024_proc100__hem__solverseed_3__trainseed_5__trainseed_5.sol,,,,D:\git\git\RDMCT-A3C\cie\models\hem\seed_5\itr_60.pkl,13,False,greedy,
cie_core_nominal,dual_source_cluster_tool,8_to_32_wafers_nominal_processing,test,600.0,[],D:\git\git\RDMCT-A3C\cie\data\core\spbs\cie_core_n032_f008_m024_proc100.lp,spbs\cie_core_n032_f008_m024_proc100.lp,cie_core_n032_f008_m024_proc100.lp,rdmct_feature_only,3,5,trainseed_5,auto,2026-07-24T02:55:42,timelimit,600.0,600.0086065000069,1,0.06320730000152253,0.010236740112304688,0.0010001659393310547,0.016649246215820312,0.0,1,0,248140,0.08717357910906298,5668.236682650844,2831.0,183205.0,10000.0,0.04299602991520188,29.0,6,True,D:\git\git\RDMCT-A3C\cie\results\main\cie_main_600s_compact_final_v1\seed3\solutions\cie_core_nominal__cie_core_n032_f008_m024_proc100__rdmct_feature_only__solverseed_3__trainseed_5__trainseed_5.sol,,,,D:\git\git\RDMCT-A3C\cie\models\feature_only\seed_5\itr_60.pkl,23,False,greedy,
cie_core_nominal,dual_source_cluster_tool,8_to_32_wafers_nominal_processing,test,600.0,[],D:\git\git\RDMCT-A3C\cie\data\core\spbs\cie_core_n032_f016_m016_proc100.lp,spbs\cie_core_n032_f016_m016_proc100.lp,cie_core_n032_f016_m016_proc100.lp,hem_structure,3,5,trainseed_5,auto,2026-07-24T03:05:42,timelimit,600.0,599.9654620999936,1,0.07121339999139309,0.0224611759185791,0.003003835678100586,0.003998994827270508,0.0019998550415039062,1,0,51411,3.035512510088781,45503.43,10000.0,192542.0,10000.0,0.7103546114337526,6.0,1,True,D:\git\git\RDMCT-A3C\cie\results\main\cie_main_600s_compact_final_v1\seed3\solutions\cie_core_nominal__cie_core_n032_f016_m016_proc100__hem_structure__solverseed_3__trainseed_5__trainseed_5.sol,,,,D:\git\git\RDMCT-A3C\cie\models\proposed\seed_5\itr_60.pkl,23,True,greedy,
cie_core_nominal,dual_source_cluster_tool,8_to_32_wafers_nominal_processing,test,600.0,[],D:\git\git\RDMCT-A3C\cie\data\core\spbs\cie_core_n032_f016_m016_proc100.lp,spbs\cie_core_n032_f016_m016_proc100.lp,cie_core_n032_f016_m016_proc100.lp,proposed,3,5,trainseed_5,auto,2026-07-24T03:15:42,timelimit,600.0,599.9898561000009,1,0.45917780000308994,0.408677339553833,0.0009984970092773438,0.008000850677490234,0.0012218952178955078,1,0,51408,3.035512510088781,45479.310000000005,10000.0,192542.0,10000.0,0.7103546114337526,6.0,1,True,D:\git\git\RDMCT-A3C\cie\results\main\cie_main_600s_compact_final_v1\seed3\solutions\cie_core_nominal__cie_core_n032_f016_m016_proc100__proposed__solverseed_3__trainseed_5__trainseed_5.sol,,,,D:\git\git\RDMCT-A3C\cie\models\proposed\seed_5\itr_60.pkl,23,True,beam_search,
cie_core_nominal,dual_source_cluster_tool,8_to_32_wafers_nominal_processing,test,600.0,[],D:\git\git\RDMCT-A3C\cie\data\core\spbs\cie_core_n032_f016_m016_proc100.lp,spbs\cie_core_n032_f016_m016_proc100.lp,cie_core_n032_f016_m016_proc100.lp,hem,3,5,trainseed_5,auto,2026-07-24T03:25:42,timelimit,600.0,600.0023739000026,1,0.06781500000215601,0.010998725891113281,0.0010006427764892578,0.014999628067016602,0.0,1,0,69476,3.030632809351068,45449.2,10000.0,192542.0,10000.0,0.7103546114337526,6.0,1,True,D:\git\git\RDMCT-A3C\cie\results\main\cie_main_600s_compact_final_v1\seed3\solutions\cie_core_nominal__cie_core_n032_f016_m016_proc100__hem__solverseed_3__trainseed_5__trainseed_5.sol,,,,D:\git\git\RDMCT-A3C\cie\models\hem\seed_5\itr_60.pkl,13,False,greedy,
cie_core_nominal,dual_source_cluster_tool,8_to_32_wafers_nominal_processing,test,600.0,[],D:\git\git\RDMCT-A3C\cie\data\core\spbs\cie_core_n032_f016_m016_proc100.lp,spbs\cie_core_n032_f016_m016_proc100.lp,cie_core_n032_f016_m016_proc100.lp,rdmct_feature_only,3,5,trainseed_5,auto,2026-07-24T03:35:42,timelimit,600.0,600.0460000000021,1,0.10257869999622926,0.02599644660949707,0.0,0.0358738899230957,0.0,1,0,76511,3.025764895330113,45375.72,10000.0,192542.0,10000.0,0.7103546114337526,6.0,1,True,D:\git\git\RDMCT-A3C\cie\results\main\cie_main_600s_compact_final_v1\seed3\solutions\cie_core_nominal__cie_core_n032_f016_m016_proc100__rdmct_feature_only__solverseed_3__trainseed_5__trainseed_5.sol,,,,D:\git\git\RDMCT-A3C\cie\models\feature_only\seed_5\itr_60.pkl,23,False,greedy,
cie_core_nominal,dual_source_cluster_tool,8_to_32_wafers_nominal_processing,test,600.0,[],D:\git\git\RDMCT-A3C\cie\data\core\spbs\cie_core_n032_f016_m016_proc100.lp,spbs\cie_core_n032_f016_m016_proc100.lp,cie_core_n032_f016_m016_proc100.lp,hem_beam,3,5,trainseed_5,auto,2026-07-24T03:45:42,timelimit,600.0,599.953769300002,1,0.11456069999258034,0.011239767074584961,0.0010004043579101562,0.030322551727294922,0.0,1,0,69677,3.030632809351068,45449.17999999999,10000.0,192542.0,10000.0,0.7103546114337526,6.0,1,True,D:\git\git\RDMCT-A3C\cie\results\main\cie_main_600s_compact_final_v1\seed3\solutions\cie_core_nominal__cie_core_n032_f016_m016_proc100__hem_beam__solverseed_3__trainseed_5__trainseed_5.sol,,,,D:\git\git\RDMCT-A3C\cie\models\hem\seed_5\itr_60.pkl,13,False,beam_search,
cie_core_nominal,dual_source_cluster_tool,8_to_32_wafers_nominal_processing,test,600.0,[],D:\git\git\RDMCT-A3C\cie\data\core\spbs\cie_core_n032_f024_m008_proc100.lp,spbs\cie_core_n032_f024_m008_proc100.lp,cie_core_n032_f024_m008_proc100.lp,proposed,3,5,trainseed_5,auto,2026-07-24T03:55:42,timelimit,600.0,600.0397945000004,1,0.04513500000757631,0.026383399963378906,0.0010004043579101562,0.007999420166015625,0.0020787715911865234,1,0,69805,0.6200245783139484,23712.361787150465,3959.34006939929,142645.95834699017,10000.0,0.6570863853867019,369.5226088123127,1,True,D:\git\git\RDMCT-A3C\cie\results\main\cie_main_600s_compact_final_v1\seed3\solutions\cie_core_nominal__cie_core_n032_f024_m008_proc100__proposed__solverseed_3__trainseed_5__trainseed_5.sol,,,,D:\git\git\RDMCT-A3C\cie\models\proposed\seed_5\itr_60.pkl,23,True,beam_search,
cie_core_nominal,dual_source_cluster_tool,8_to_32_wafers_nominal_processing,test,600.0,[],D:\git\git\RDMCT-A3C\cie\data\core\spbs\cie_core_n032_f024_m008_proc100.lp,spbs\cie_core_n032_f024_m008_proc100.lp,cie_core_n032_f024_m008_proc100.lp,hem,3,5,trainseed_5,auto,2026-07-24T04:05:42,timelimit,600.0,599.9985639000079,1,0.022135600011097267,0.013999462127685547,0.0010046958923339844,0.0052144527435302734,0.0,1,0,70534,0.6200245783139484,23712.033449605013,3959.34006939929,142645.95834699017,10000.0,0.6570863853867019,369.5226088123127,1,True,D:\git\git\RDMCT-A3C\cie\results\main\cie_main_600s_compact_final_v1\seed3\solutions\cie_core_nominal__cie_core_n032_f024_m008_proc100__hem__solverseed_3__trainseed_5__trainseed_5.sol,,,,D:\git\git\RDMCT-A3C\cie\models\hem\seed_5\itr_60.pkl,13,False,greedy,
cie_core_nominal,dual_source_cluster_tool,8_to_32_wafers_nominal_processing,test,600.0,[],D:\git\git\RDMCT-A3C\cie\data\core\spbs\cie_core_n032_f024_m008_proc100.lp,spbs\cie_core_n032_f024_m008_proc100.lp,cie_core_n032_f024_m008_proc100.lp,rdmct_feature_only,3,5,trainseed_5,auto,2026-07-24T04:15:42,timelimit,600.0,599.981338499987,1,0.05451750000065658,0.01729297637939453,0.0,0.03459763526916504,0.0,1,0,80344,0.5736645744830245,22646.30029053333,3959.34006939929,142645.95834699017,10000.0,0.6570863853867019,369.5226088123127,1,True,D:\git\git\RDMCT-A3C\cie\results\main\cie_main_600s_compact_final_v1\seed3\solutions\cie_core_nominal__cie_core_n032_f024_m008_proc100__rdmct_feature_only__solverseed_3__trainseed_5__trainseed_5.sol,,,,D:\git\git\RDMCT-A3C\cie\models\feature_only\seed_5\itr_60.pkl,23,False,greedy,
cie_core_nominal,dual_source_cluster_tool,8_to_32_wafers_nominal_processing,test,600.0,[],D:\git\git\RDMCT-A3C\cie\data\core\spbs\cie_core_n032_f024_m008_proc100.lp,spbs\cie_core_n032_f024_m008_proc100.lp,cie_core_n032_f024_m008_proc100.lp,hem_beam,3,5,trainseed_5,auto,2026-07-24T04:25:42,timelimit,600.0,599.9855993999954,1,0.060444500006269664,0.01422119140625,0.0009999275207519531,0.010009288787841797,0.0,1,0,71211,0.6200245783139484,23710.846383094526,3959.34006939929,142645.95834699017,10000.0,0.6570863853867019,369.5226088123127,1,True,D:\git\git\RDMCT-A3C\cie\results\main\cie_main_600s_compact_final_v1\seed3\solutions\cie_core_nominal__cie_core_n032_f024_m008_proc100__hem_beam__solverseed_3__trainseed_5__trainseed_5.sol,,,,D:\git\git\RDMCT-A3C\cie\models\hem\seed_5\itr_60.pkl,13,False,beam_search,
cie_core_nominal,dual_source_cluster_tool,8_to_32_wafers_nominal_processing,test,600.0,[],D:\git\git\RDMCT-A3C\cie\data\core\spbs\cie_core_n032_f024_m008_proc100.lp,spbs\cie_core_n032_f024_m008_proc100.lp,cie_core_n032_f024_m008_proc100.lp,hem_structure,3,5,trainseed_5,auto,2026-07-24T04:35:42,timelimit,600.0,600.0374681000103,1,0.08835289999842644,0.044469356536865234,0.0019989013671875,0.004001140594482422,0.0019960403442382812,1,0,71871,0.6200245783139484,23708.042885591043,3959.34006939929,142645.95834699017,10000.0,0.6570863853867019,369.5226088123127,1,True,D:\git\git\RDMCT-A3C\cie\results\main\cie_main_600s_compact_final_v1\seed3\solutions\cie_core_nominal__cie_core_n032_f024_m008_proc100__hem_structure__solverseed_3__trainseed_5__trainseed_5.sol,,,,D:\git\git\RDMCT-A3C\cie\models\proposed\seed_5\itr_60.pkl,23,True,greedy,
