suite,family,scale,split,time_limit,solver_seeds,path,relative_path,instance,method,seed,training_seed,run_label,stability_profile,lexicographic_schedule_stability,schedule_stability_mode,lexicographic_stability_time_limit,warm_start,started_at,status,primary_status,stability_status,solving_time,end_to_end_time,cutsel_callback_calls,cutsel_callback_time,cutsel_feature_time,cutsel_device_transfer_time,cutsel_policy_inference_time,cutsel_structure_rerank_time,cutsel_root_calls,cutsel_nonroot_calls,nodes,gap,primal_dual_integral,best_objective,schedule_total_wait,schedule_max_wait,schedule_cadence_cv,schedule_cadence_deviation_sum,n_solutions,has_incumbent,solution_file,solution_write_error,acs_weights,acs_weight_source,policy_model,feature_dim,structure_rerank,decode_type,error
cie_core_nominal,dual_source_cluster_tool,8_to_32_wafers_nominal_processing,test,600.0,[],D:\git\git\RDMCT-A3C\cie\data\core\pure41\cie_core_n008_f008_m000_proc100.lp,pure41\cie_core_n008_f008_m000_proc100.lp,cie_core_n008_f008_m000_proc100.lp,proposed,1,1,stability_full_trainseed_1,full,True,linear,60.0,auto,2026-08-06T22:32:11,optimal,optimal,optimal,0.4051823999907356,0.46191410000028554,1,0.370080799999414,0.005003213882446289,0.0,0.3621056079864502,0.0019986629486083984,1,0,1.0,0.0,0.0,610.000001,400.0,58.0,0.0,0.0,1,True,D:\git\git\RDMCT-A3C\cie\results\stability\cie_stability_600s_mem2048_repro_v1\s1_t1to5\solutions\cie_core_nominal__cie_core_n008_f008_m000_proc100__proposed__solverseed_1__trainseed_1__stability_full_trainseed_1.sol,,,,D:\git\git\RDMCT-A3C\cie\models\proposed\cie_proposed_all_cie_proposed\cie_proposed_all_cie_proposed_2026_08_02_14_55_21_0000--s-1\itr_60.pkl,23,True,beam_search,
cie_core_nominal,dual_source_cluster_tool,8_to_32_wafers_nominal_processing,test,600.0,[],D:\git\git\RDMCT-A3C\cie\data\core\pure41\cie_core_n016_f016_m000_proc100.lp,pure41\cie_core_n016_f016_m000_proc100.lp,cie_core_n016_f016_m000_proc100.lp,proposed,1,1,stability_full_trainseed_1,full,True,linear,60.0,auto,2026-08-06T22:32:12,optimal,optimal,optimal,0.31019790000573266,0.3702807000008761,1,0.05462400000396883,0.006006002426147461,0.0,0.04451751708984375,0.0020058155059814453,1,0,1.0,0.0,0.0,944.000001,924.0,58.0,0.0,0.0,1,True,D:\git\git\RDMCT-A3C\cie\results\stability\cie_stability_600s_mem2048_repro_v1\s1_t1to5\solutions\cie_core_nominal__cie_core_n016_f016_m000_proc100__proposed__solverseed_1__trainseed_1__stability_full_trainseed_1.sol,,,,D:\git\git\RDMCT-A3C\cie\models\proposed\cie_proposed_all_cie_proposed\cie_proposed_all_cie_proposed_2026_08_02_14_55_21_0000--s-1\itr_60.pkl,23,True,beam_search,
cie_core_nominal,dual_source_cluster_tool,8_to_32_wafers_nominal_processing,test,600.0,[],D:\git\git\RDMCT-A3C\cie\data\core\pure41\cie_core_n024_f024_m000_proc100.lp,pure41\cie_core_n024_f024_m000_proc100.lp,cie_core_n024_f024_m000_proc100.lp,proposed,1,1,stability_full_trainseed_1,full,True,linear,60.0,auto,2026-08-06T22:32:12,optimal,optimal,optimal,2.4580982999978005,2.601849200000288,1,0.045286900000064634,0.010002851486206055,0.0,0.031000375747680664,0.0009999275207519531,1,0,1.0,0.0,200.0,1268.000001,1448.0,58.0,0.0,0.0,3,True,D:\git\git\RDMCT-A3C\cie\results\stability\cie_stability_600s_mem2048_repro_v1\s1_t1to5\solutions\cie_core_nominal__cie_core_n024_f024_m000_proc100__proposed__solverseed_1__trainseed_1__stability_full_trainseed_1.sol,,,,D:\git\git\RDMCT-A3C\cie\models\proposed\cie_proposed_all_cie_proposed\cie_proposed_all_cie_proposed_2026_08_02_14_55_21_0000--s-1\itr_60.pkl,23,True,beam_search,
cie_core_nominal,dual_source_cluster_tool,8_to_32_wafers_nominal_processing,test,600.0,[],D:\git\git\RDMCT-A3C\cie\data\core\pure41\cie_core_n032_f032_m000_proc100.lp,pure41\cie_core_n032_f032_m000_proc100.lp,cie_core_n032_f032_m000_proc100.lp,proposed,1,1,stability_full_trainseed_1,full,True,linear,60.0,auto,2026-08-06T22:32:14,optimal,optimal,optimal,7.4330719000063254,7.711802500001795,1,0.04666919999726815,0.008004188537597656,0.0,0.03631925582885742,0.0010008811950683594,1,0,1.0,0.0,700.0,1592.000001,1972.0,58.0,0.0,0.0,3,True,D:\git\git\RDMCT-A3C\cie\results\stability\cie_stability_600s_mem2048_repro_v1\s1_t1to5\solutions\cie_core_nominal__cie_core_n032_f032_m000_proc100__proposed__solverseed_1__trainseed_1__stability_full_trainseed_1.sol,,,,D:\git\git\RDMCT-A3C\cie\models\proposed\cie_proposed_all_cie_proposed\cie_proposed_all_cie_proposed_2026_08_02_14_55_21_0000--s-1\itr_60.pkl,23,True,beam_search,
cie_core_nominal,dual_source_cluster_tool,8_to_32_wafers_nominal_processing,test,600.0,[],D:\git\git\RDMCT-A3C\cie\data\core\spbs\cie_core_n008_f000_m008_proc100.lp,spbs\cie_core_n008_f000_m008_proc100.lp,cie_core_n008_f000_m008_proc100.lp,proposed,1,1,stability_full_trainseed_1,full,True,linear,60.0,auto,2026-08-06T22:32:22,optimal,optimal,optimal,0.6653914000053192,0.7460912999958964,1,0.03853190000518225,0.0050008296966552734,0.0,0.030083894729614258,0.0010006427764892578,1,0,833.0,0.0,92.69058649662122,768.000001,31.999999000000116,0.0,2.3533296313013855e-09,9.99999883788405e-07,2,True,D:\git\git\RDMCT-A3C\cie\results\stability\cie_stability_600s_mem2048_repro_v1\s1_t1to5\solutions\cie_core_nominal__cie_core_n008_f000_m008_proc100__proposed__solverseed_1__trainseed_1__stability_full_trainseed_1.sol,,,,D:\git\git\RDMCT-A3C\cie\models\proposed\cie_proposed_all_cie_proposed\cie_proposed_all_cie_proposed_2026_08_02_14_55_21_0000--s-1\itr_60.pkl,23,True,beam_search,
cie_core_nominal,dual_source_cluster_tool,8_to_32_wafers_nominal_processing,test,600.0,[],D:\git\git\RDMCT-A3C\cie\data\core\spbs\cie_core_n008_f002_m006_proc100.lp,spbs\cie_core_n008_f002_m006_proc100.lp,cie_core_n008_f002_m006_proc100.lp,proposed,1,1,stability_full_trainseed_1,full,True,linear,60.0,auto,2026-08-06T22:32:23,optimal,optimal,optimal,0.8802547000013874,0.9417716000025393,1,0.07025810000050114,0.007999181747436523,0.0,0.058998823165893555,0.0019989013671875,1,0,1113.0,0.0,91.434281050728,900.000001,398.0,66.0,0.1386483884679505,0.0,2,True,D:\git\git\RDMCT-A3C\cie\results\stability\cie_stability_600s_mem2048_repro_v1\s1_t1to5\solutions\cie_core_nominal__cie_core_n008_f002_m006_proc100__proposed__solverseed_1__trainseed_1__stability_full_trainseed_1.sol,,,,D:\git\git\RDMCT-A3C\cie\models\proposed\cie_proposed_all_cie_proposed\cie_proposed_all_cie_proposed_2026_08_02_14_55_21_0000--s-1\itr_60.pkl,23,True,beam_search,
cie_core_nominal,dual_source_cluster_tool,8_to_32_wafers_nominal_processing,test,600.0,[],D:\git\git\RDMCT-A3C\cie\data\core\spbs\cie_core_n008_f004_m004_proc100.lp,spbs\cie_core_n008_f004_m004_proc100.lp,cie_core_n008_f004_m004_proc100.lp,proposed,1,1,stability_full_trainseed_1,full,True,linear,60.0,auto,2026-08-06T22:32:24,optimal,optimal,optimal,0.45295510000141803,0.5064949000006891,1,0.06894979999924544,0.005997896194458008,0.0,0.06000185012817383,0.0010008811950683594,1,0,440.0,0.0,0.0,834.000001,242.0,58.0,0.0,0.0,1,True,D:\git\git\RDMCT-A3C\cie\results\stability\cie_stability_600s_mem2048_repro_v1\s1_t1to5\solutions\cie_core_nominal__cie_core_n008_f004_m004_proc100__proposed__solverseed_1__trainseed_1__stability_full_trainseed_1.sol,,,,D:\git\git\RDMCT-A3C\cie\models\proposed\cie_proposed_all_cie_proposed\cie_proposed_all_cie_proposed_2026_08_02_14_55_21_0000--s-1\itr_60.pkl,23,True,beam_search,
cie_core_nominal,dual_source_cluster_tool,8_to_32_wafers_nominal_processing,test,600.0,[],D:\git\git\RDMCT-A3C\cie\data\core\spbs\cie_core_n008_f006_m002_proc100.lp,spbs\cie_core_n008_f006_m002_proc100.lp,cie_core_n008_f006_m002_proc100.lp,proposed,1,1,stability_full_trainseed_1,full,True,linear,60.0,auto,2026-08-06T22:32:24,optimal,optimal,optimal,0.5106178999994881,0.5422347000057925,1,0.09005900000192923,0.0069997310638427734,0.0,0.08100008964538574,0.0009999275207519531,1,0,420.0,0.0,92.30988787665359,834.000001,262.0,58.0,0.0,0.0,1,True,D:\git\git\RDMCT-A3C\cie\results\stability\cie_stability_600s_mem2048_repro_v1\s1_t1to5\solutions\cie_core_nominal__cie_core_n008_f006_m002_proc100__proposed__solverseed_1__trainseed_1__stability_full_trainseed_1.sol,,,,D:\git\git\RDMCT-A3C\cie\models\proposed\cie_proposed_all_cie_proposed\cie_proposed_all_cie_proposed_2026_08_02_14_55_21_0000--s-1\itr_60.pkl,23,True,beam_search,
cie_core_nominal,dual_source_cluster_tool,8_to_32_wafers_nominal_processing,test,600.0,[],D:\git\git\RDMCT-A3C\cie\data\core\spbs\cie_core_n016_f000_m016_proc100.lp,spbs\cie_core_n016_f000_m016_proc100.lp,cie_core_n016_f000_m016_proc100.lp,proposed,1,1,stability_full_trainseed_1,full,True,linear,60.0,auto,2026-08-06T22:32:25,optimal,optimal,optimal,28.737991799993324,28.828416299998935,1,0.06593470000370871,0.006999492645263672,0.0,0.056000471115112305,0.0019998550415039062,1,0,13722.0,0.0,2509.787634676945,1136.000001,214.00000200000204,24.49999949999949,0.0,0.0,1,True,D:\git\git\RDMCT-A3C\cie\results\stability\cie_stability_600s_mem2048_repro_v1\s1_t1to5\solutions\cie_core_nominal__cie_core_n016_f000_m016_proc100__proposed__solverseed_1__trainseed_1__stability_full_trainseed_1.sol,,,,D:\git\git\RDMCT-A3C\cie\models\proposed\cie_proposed_all_cie_proposed\cie_proposed_all_cie_proposed_2026_08_02_14_55_21_0000--s-1\itr_60.pkl,23,True,beam_search,
cie_core_nominal,dual_source_cluster_tool,8_to_32_wafers_nominal_processing,test,600.0,[],D:\git\git\RDMCT-A3C\cie\data\core\spbs\cie_core_n016_f004_m012_proc100.lp,spbs\cie_core_n016_f004_m012_proc100.lp,cie_core_n016_f004_m012_proc100.lp,proposed,1,1,stability_full_trainseed_1,full,True,linear,60.0,auto,2026-08-06T22:32:54,optimal,optimal,optimal,33.91130120000889,33.996155000000726,1,0.08393509999586968,0.006999015808105469,0.0009999275207519531,0.07106256484985352,0.001999378204345703,1,0,16143.0,0.0,3017.7487509137172,1202.000001,789.9999989999999,201.0,2.025423198591659e-09,9.999996564147295e-07,2,True,D:\git\git\RDMCT-A3C\cie\results\stability\cie_stability_600s_mem2048_repro_v1\s1_t1to5\solutions\cie_core_nominal__cie_core_n016_f004_m012_proc100__proposed__solverseed_1__trainseed_1__stability_full_trainseed_1.sol,,,,D:\git\git\RDMCT-A3C\cie\models\proposed\cie_proposed_all_cie_proposed\cie_proposed_all_cie_proposed_2026_08_02_14_55_21_0000--s-1\itr_60.pkl,23,True,beam_search,
cie_core_nominal,dual_source_cluster_tool,8_to_32_wafers_nominal_processing,test,600.0,[],D:\git\git\RDMCT-A3C\cie\data\core\spbs\cie_core_n016_f008_m008_proc100.lp,spbs\cie_core_n016_f008_m008_proc100.lp,cie_core_n016_f008_m008_proc100.lp,proposed,1,1,stability_full_trainseed_1,full,True,linear,60.0,auto,2026-08-06T22:33:28,optimal,optimal,optimal,10.177361399997608,10.235669399997278,1,0.04387739999947371,0.006999969482421875,0.0,0.03300309181213379,0.002000570297241211,1,0,8780.0,0.0,720.9741799993897,1170.0000010000037,1062.0000040000132,98.9999989999967,0.058823529411764705,0.0,2,True,D:\git\git\RDMCT-A3C\cie\results\stability\cie_stability_600s_mem2048_repro_v1\s1_t1to5\solutions\cie_core_nominal__cie_core_n016_f008_m008_proc100__proposed__solverseed_1__trainseed_1__stability_full_trainseed_1.sol,,,,D:\git\git\RDMCT-A3C\cie\models\proposed\cie_proposed_all_cie_proposed\cie_proposed_all_cie_proposed_2026_08_02_14_55_21_0000--s-1\itr_60.pkl,23,True,beam_search,
cie_core_nominal,dual_source_cluster_tool,8_to_32_wafers_nominal_processing,test,600.0,[],D:\git\git\RDMCT-A3C\cie\data\core\spbs\cie_core_n016_f012_m004_proc100.lp,spbs\cie_core_n016_f012_m004_proc100.lp,cie_core_n016_f012_m004_proc100.lp,proposed,1,1,stability_full_trainseed_1,full,True,linear,60.0,auto,2026-08-06T22:33:38,optimal,optimal,optimal,69.25195050000184,69.32718510000268,1,0.11229260000254726,0.00700068473815918,0.0009996891021728516,0.06750631332397461,0.002005338668823242,1,0,89118.0,0.0,1883.3784338557775,1158.000001,722.0,58.0,0.2861125704223025,0.0,1,True,D:\git\git\RDMCT-A3C\cie\results\stability\cie_stability_600s_mem2048_repro_v1\s1_t1to5\solutions\cie_core_nominal__cie_core_n016_f012_m004_proc100__proposed__solverseed_1__trainseed_1__stability_full_trainseed_1.sol,,,,D:\git\git\RDMCT-A3C\cie\models\proposed\cie_proposed_all_cie_proposed\cie_proposed_all_cie_proposed_2026_08_02_14_55_21_0000--s-1\itr_60.pkl,23,True,beam_search,
cie_core_nominal,dual_source_cluster_tool,8_to_32_wafers_nominal_processing,test,600.0,[],D:\git\git\RDMCT-A3C\cie\data\core\spbs\cie_core_n024_f000_m024_proc100.lp,spbs\cie_core_n024_f000_m024_proc100.lp,cie_core_n024_f000_m024_proc100.lp,proposed,1,1,stability_full_trainseed_1,full,True,linear,60.0,auto,2026-08-06T22:34:47,timelimit,timelimit,incumbent_timelimit_optimal,539.2428979999968,539.4047578000027,1,0.09858079999685287,0.008000850677490234,0.0009996891021728516,0.050000667572021484,0.002002239227294922,1,0,75962.0,3.7499995250000073,42694.735711578855,10506.9989503,128.0,0.0,0.0,0.0,1,True,D:\git\git\RDMCT-A3C\cie\results\stability\cie_stability_600s_mem2048_repro_v1\s1_t1to5\solutions\cie_core_nominal__cie_core_n024_f000_m024_proc100__proposed__solverseed_1__trainseed_1__stability_full_trainseed_1.sol,,,,D:\git\git\RDMCT-A3C\cie\models\proposed\cie_proposed_all_cie_proposed\cie_proposed_all_cie_proposed_2026_08_02_14_55_21_0000--s-1\itr_60.pkl,23,True,beam_search,
cie_core_nominal,dual_source_cluster_tool,8_to_32_wafers_nominal_processing,test,600.0,[],D:\git\git\RDMCT-A3C\cie\data\core\spbs\cie_core_n024_f006_m018_proc100.lp,spbs\cie_core_n024_f006_m018_proc100.lp,cie_core_n024_f006_m018_proc100.lp,proposed,1,1,stability_full_trainseed_1,full,True,linear,60.0,auto,2026-08-06T22:43:47,timelimit,timelimit,incumbent_timelimit_optimal,539.8291317999974,540.0232660999973,1,0.09466049999900861,0.0069997310638427734,0.0010001659393310547,0.045998334884643555,0.0010001659393310547,1,0,91634.0,3.6444341645318024,42488.32980461045,10514.9989495,3320.0,658.0,0.21465741571734478,0.0,1,True,D:\git\git\RDMCT-A3C\cie\results\stability\cie_stability_600s_mem2048_repro_v1\s1_t1to5\solutions\cie_core_nominal__cie_core_n024_f006_m018_proc100__proposed__solverseed_1__trainseed_1__stability_full_trainseed_1.sol,,,,D:\git\git\RDMCT-A3C\cie\models\proposed\cie_proposed_all_cie_proposed\cie_proposed_all_cie_proposed_2026_08_02_14_55_21_0000--s-1\itr_60.pkl,23,True,beam_search,
cie_core_nominal,dual_source_cluster_tool,8_to_32_wafers_nominal_processing,test,600.0,[],D:\git\git\RDMCT-A3C\cie\data\core\spbs\cie_core_n024_f012_m012_proc100.lp,spbs\cie_core_n024_f012_m012_proc100.lp,cie_core_n024_f012_m012_proc100.lp,proposed,1,1,stability_full_trainseed_1,full,True,linear,60.0,auto,2026-08-06T22:52:47,optimal,optimal,optimal,396.99440719999984,397.1259568999958,1,0.11740070000087144,0.007998943328857422,0.0009999275207519531,0.06923913955688477,0.0020046234130859375,1,0,77705.0,0.0,31016.5446997361,2246.000001000018,3158.0000060001166,351.0,0.24253423791546025,31.999998999980562,1,True,D:\git\git\RDMCT-A3C\cie\results\stability\cie_stability_600s_mem2048_repro_v1\s1_t1to5\solutions\cie_core_nominal__cie_core_n024_f012_m012_proc100__proposed__solverseed_1__trainseed_1__stability_full_trainseed_1.sol,,,,D:\git\git\RDMCT-A3C\cie\models\proposed\cie_proposed_all_cie_proposed\cie_proposed_all_cie_proposed_2026_08_02_14_55_21_0000--s-1\itr_60.pkl,23,True,beam_search,
cie_core_nominal,dual_source_cluster_tool,8_to_32_wafers_nominal_processing,test,600.0,[],D:\git\git\RDMCT-A3C\cie\data\core\spbs\cie_core_n024_f018_m006_proc100.lp,spbs\cie_core_n024_f018_m006_proc100.lp,cie_core_n024_f018_m006_proc100.lp,proposed,1,1,stability_full_trainseed_1,full,True,linear,60.0,auto,2026-08-06T22:59:24,timelimit,timelimit,incumbent_timelimit_optimal,539.7173142999964,539.9792832999956,1,0.10349970000243047,0.01399993896484375,0.0010001659393310547,0.04999828338623047,0.002002239227294922,1,0,85968.0,3.711021034274194,42664.611324853904,10514.9989495,3068.0,288.0,0.4709859469693692,0.0,1,True,D:\git\git\RDMCT-A3C\cie\results\stability\cie_stability_600s_mem2048_repro_v1\s1_t1to5\solutions\cie_core_nominal__cie_core_n024_f018_m006_proc100__proposed__solverseed_1__trainseed_1__stability_full_trainseed_1.sol,,,,D:\git\git\RDMCT-A3C\cie\models\proposed\cie_proposed_all_cie_proposed\cie_proposed_all_cie_proposed_2026_08_02_14_55_21_0000--s-1\itr_60.pkl,23,True,beam_search,
cie_core_nominal,dual_source_cluster_tool,8_to_32_wafers_nominal_processing,test,600.0,[],D:\git\git\RDMCT-A3C\cie\data\core\spbs\cie_core_n032_f000_m032_proc100.lp,spbs\cie_core_n032_f000_m032_proc100.lp,cie_core_n032_f000_m032_proc100.lp,proposed,1,1,stability_full_trainseed_1,full,True,linear,60.0,auto,2026-08-06T23:08:24,timelimit,timelimit,incumbent_timelimit_optimal,539.7467443999994,539.9811485999962,1,0.09146429999964312,0.011000394821166992,0.0009996891021728516,0.03199934959411621,0.0019998550415039062,1,0,63052.0,3.069272038893189,40961.44353185395,10514.9989495,3629.0,494.0,0.16630408907046917,136.0,1,True,D:\git\git\RDMCT-A3C\cie\results\stability\cie_stability_600s_mem2048_repro_v1\s1_t1to5\solutions\cie_core_nominal__cie_core_n032_f000_m032_proc100__proposed__solverseed_1__trainseed_1__stability_full_trainseed_1.sol,,,,D:\git\git\RDMCT-A3C\cie\models\proposed\cie_proposed_all_cie_proposed\cie_proposed_all_cie_proposed_2026_08_02_14_55_21_0000--s-1\itr_60.pkl,23,True,beam_search,
cie_core_nominal,dual_source_cluster_tool,8_to_32_wafers_nominal_processing,test,600.0,[],D:\git\git\RDMCT-A3C\cie\data\core\spbs\cie_core_n032_f008_m024_proc100.lp,spbs\cie_core_n032_f008_m024_proc100.lp,cie_core_n032_f008_m024_proc100.lp,proposed,1,1,stability_full_trainseed_1,full,True,linear,60.0,auto,2026-08-06T23:17:24,timelimit,timelimit,incumbent_timelimit_optimal,539.7545726000026,539.9883636000013,1,0.09678559999883873,0.01200103759765625,0.0010004043579101562,0.041998863220214844,0.0019996166229248047,1,0,69156.0,3.1792523642686805,41328.443811303725,10514.9989495,10396.0,2029.0,0.0,0.0,1,True,D:\git\git\RDMCT-A3C\cie\results\stability\cie_stability_600s_mem2048_repro_v1\s1_t1to5\solutions\cie_core_nominal__cie_core_n032_f008_m024_proc100__proposed__solverseed_1__trainseed_1__stability_full_trainseed_1.sol,,,,D:\git\git\RDMCT-A3C\cie\models\proposed\cie_proposed_all_cie_proposed\cie_proposed_all_cie_proposed_2026_08_02_14_55_21_0000--s-1\itr_60.pkl,23,True,beam_search,
cie_core_nominal,dual_source_cluster_tool,8_to_32_wafers_nominal_processing,test,600.0,[],D:\git\git\RDMCT-A3C\cie\data\core\spbs\cie_core_n032_f016_m016_proc100.lp,spbs\cie_core_n032_f016_m016_proc100.lp,cie_core_n032_f016_m016_proc100.lp,proposed,1,1,stability_full_trainseed_1,full,True,linear,60.0,auto,2026-08-06T23:26:24,timelimit,timelimit,incumbent_timelimit_optimal,539.8056595000016,540.1007656000002,1,0.1356755000015255,0.014000654220581055,0.0009989738464355469,0.03800082206726074,0.0019986629486083984,1,0,51974.0,3.1332543036556606,41564.91554203598,10514.9989495,4681.0,390.0,0.49778954587334445,262.0,1,True,D:\git\git\RDMCT-A3C\cie\results\stability\cie_stability_600s_mem2048_repro_v1\s1_t1to5\solutions\cie_core_nominal__cie_core_n032_f016_m016_proc100__proposed__solverseed_1__trainseed_1__stability_full_trainseed_1.sol,,,,D:\git\git\RDMCT-A3C\cie\models\proposed\cie_proposed_all_cie_proposed\cie_proposed_all_cie_proposed_2026_08_02_14_55_21_0000--s-1\itr_60.pkl,23,True,beam_search,
cie_core_nominal,dual_source_cluster_tool,8_to_32_wafers_nominal_processing,test,600.0,[],D:\git\git\RDMCT-A3C\cie\data\core\spbs\cie_core_n032_f024_m008_proc100.lp,spbs\cie_core_n032_f024_m008_proc100.lp,cie_core_n032_f024_m008_proc100.lp,proposed,1,1,stability_full_trainseed_1,full,True,linear,60.0,auto,2026-08-06T23:35:24,timelimit,timelimit,incumbent_timelimit_optimal,539.7759936000075,540.202635499998,1,0.10635950000141747,0.01800084114074707,0.0,0.044998884201049805,0.0019998550415039062,1,0,54290.0,3.323601541324013,42037.668799011764,10514.9989495,6092.0,357.5,0.7361933563101336,0.0,1,True,D:\git\git\RDMCT-A3C\cie\results\stability\cie_stability_600s_mem2048_repro_v1\s1_t1to5\solutions\cie_core_nominal__cie_core_n032_f024_m008_proc100__proposed__solverseed_1__trainseed_1__stability_full_trainseed_1.sol,,,,D:\git\git\RDMCT-A3C\cie\models\proposed\cie_proposed_all_cie_proposed\cie_proposed_all_cie_proposed_2026_08_02_14_55_21_0000--s-1\itr_60.pkl,23,True,beam_search,
cie_core_nominal,dual_source_cluster_tool,8_to_32_wafers_nominal_processing,test,600.0,[],D:\git\git\RDMCT-A3C\cie\data\core\pure41\cie_core_n008_f008_m000_proc100.lp,pure41\cie_core_n008_f008_m000_proc100.lp,cie_core_n008_f008_m000_proc100.lp,proposed,1,2,stability_full_trainseed_2,full,True,linear,60.0,auto,2026-08-06T23:44:27,optimal,optimal,optimal,0.39701319999585394,0.422076199996809,1,0.3597126000022399,0.00599980354309082,0.0,0.3512301445007324,0.002000570297241211,1,0,1.0,0.0,0.0,610.000001,400.0,58.0,0.0,0.0,1,True,D:\git\git\RDMCT-A3C\cie\results\stability\cie_stability_600s_mem2048_repro_v1\s1_t1to5\solutions\cie_core_nominal__cie_core_n008_f008_m000_proc100__proposed__solverseed_1__trainseed_2__stability_full_trainseed_2.sol,,,,D:\git\git\RDMCT-A3C\cie\models\proposed\cie_proposed_all_cie_proposed\cie_proposed_all_cie_proposed_2026_08_02_15_03_12_0000--s-2\itr_60.pkl,23,True,beam_search,
cie_core_nominal,dual_source_cluster_tool,8_to_32_wafers_nominal_processing,test,600.0,[],D:\git\git\RDMCT-A3C\cie\data\core\pure41\cie_core_n016_f016_m000_proc100.lp,pure41\cie_core_n016_f016_m000_proc100.lp,cie_core_n016_f016_m000_proc100.lp,proposed,1,2,stability_full_trainseed_2,full,True,linear,60.0,auto,2026-08-06T23:44:27,optimal,optimal,optimal,0.27071580000483664,0.3316439999980503,1,0.013747299999522511,0.0060002803802490234,0.0,0.004999637603759766,0.0010013580322265625,1,0,1.0,0.0,0.0,944.000001,924.0,58.0,0.0,0.0,1,True,D:\git\git\RDMCT-A3C\cie\results\stability\cie_stability_600s_mem2048_repro_v1\s1_t1to5\solutions\cie_core_nominal__cie_core_n016_f016_m000_proc100__proposed__solverseed_1__trainseed_2__stability_full_trainseed_2.sol,,,,D:\git\git\RDMCT-A3C\cie\models\proposed\cie_proposed_all_cie_proposed\cie_proposed_all_cie_proposed_2026_08_02_15_03_12_0000--s-2\itr_60.pkl,23,True,beam_search,
cie_core_nominal,dual_source_cluster_tool,8_to_32_wafers_nominal_processing,test,600.0,[],D:\git\git\RDMCT-A3C\cie\data\core\pure41\cie_core_n024_f024_m000_proc100.lp,pure41\cie_core_n024_f024_m000_proc100.lp,cie_core_n024_f024_m000_proc100.lp,proposed,1,2,stability_full_trainseed_2,full,True,linear,60.0,auto,2026-08-06T23:44:27,optimal,optimal,optimal,2.425835800000641,2.57167599999957,1,0.01916769999661483,0.010999202728271484,0.0,0.005002498626708984,0.0020017623901367188,1,0,1.0,0.0,300.0,1268.000001,1448.0,58.0,0.0,0.0,3,True,D:\git\git\RDMCT-A3C\cie\results\stability\cie_stability_600s_mem2048_repro_v1\s1_t1to5\solutions\cie_core_nominal__cie_core_n024_f024_m000_proc100__proposed__solverseed_1__trainseed_2__stability_full_trainseed_2.sol,,,,D:\git\git\RDMCT-A3C\cie\models\proposed\cie_proposed_all_cie_proposed\cie_proposed_all_cie_proposed_2026_08_02_15_03_12_0000--s-2\itr_60.pkl,23,True,beam_search,
cie_core_nominal,dual_source_cluster_tool,8_to_32_wafers_nominal_processing,test,600.0,[],D:\git\git\RDMCT-A3C\cie\data\core\pure41\cie_core_n032_f032_m000_proc100.lp,pure41\cie_core_n032_f032_m000_proc100.lp,cie_core_n032_f032_m000_proc100.lp,proposed,1,2,stability_full_trainseed_2,full,True,linear,60.0,auto,2026-08-06T23:44:30,optimal,optimal,optimal,7.3003015000067535,7.574462399999902,1,0.02635079999890877,0.00699925422668457,0.0010004043579101562,0.015001296997070312,0.0019981861114501953,1,0,1.0,0.0,700.0,1592.000001,1972.0,58.0,0.0,0.0,3,True,D:\git\git\RDMCT-A3C\cie\results\stability\cie_stability_600s_mem2048_repro_v1\s1_t1to5\solutions\cie_core_nominal__cie_core_n032_f032_m000_proc100__proposed__solverseed_1__trainseed_2__stability_full_trainseed_2.sol,,,,D:\git\git\RDMCT-A3C\cie\models\proposed\cie_proposed_all_cie_proposed\cie_proposed_all_cie_proposed_2026_08_02_15_03_12_0000--s-2\itr_60.pkl,23,True,beam_search,
cie_core_nominal,dual_source_cluster_tool,8_to_32_wafers_nominal_processing,test,600.0,[],D:\git\git\RDMCT-A3C\cie\data\core\spbs\cie_core_n008_f000_m008_proc100.lp,spbs\cie_core_n008_f000_m008_proc100.lp,cie_core_n008_f000_m008_proc100.lp,proposed,1,2,stability_full_trainseed_2,full,True,linear,60.0,auto,2026-08-06T23:44:37,optimal,optimal,optimal,0.3492084999961662,0.3763656000010087,1,0.013930699999036733,0.006000518798828125,0.0,0.0050008296966552734,0.001998424530029297,1,0,556.0,0.0,100.0,768.000001,32.0,0.0,0.0,0.0,1,True,D:\git\git\RDMCT-A3C\cie\results\stability\cie_stability_600s_mem2048_repro_v1\s1_t1to5\solutions\cie_core_nominal__cie_core_n008_f000_m008_proc100__proposed__solverseed_1__trainseed_2__stability_full_trainseed_2.sol,,,,D:\git\git\RDMCT-A3C\cie\models\proposed\cie_proposed_all_cie_proposed\cie_proposed_all_cie_proposed_2026_08_02_15_03_12_0000--s-2\itr_60.pkl,23,True,beam_search,
cie_core_nominal,dual_source_cluster_tool,8_to_32_wafers_nominal_processing,test,600.0,[],D:\git\git\RDMCT-A3C\cie\data\core\spbs\cie_core_n008_f002_m006_proc100.lp,spbs\cie_core_n008_f002_m006_proc100.lp,cie_core_n008_f002_m006_proc100.lp,proposed,1,2,stability_full_trainseed_2,full,True,linear,60.0,auto,2026-08-06T23:44:38,optimal,optimal,optimal,0.46774120000191033,0.49230979999992996,1,0.015502900001592934,0.007997751235961914,0.0,0.005000114440917969,0.0020003318786621094,1,0,537.0,0.0,0.0,900.000001,63.999999000000685,8.0,0.0,0.0,2,True,D:\git\git\RDMCT-A3C\cie\results\stability\cie_stability_600s_mem2048_repro_v1\s1_t1to5\solutions\cie_core_nominal__cie_core_n008_f002_m006_proc100__proposed__solverseed_1__trainseed_2__stability_full_trainseed_2.sol,,,,D:\git\git\RDMCT-A3C\cie\models\proposed\cie_proposed_all_cie_proposed\cie_proposed_all_cie_proposed_2026_08_02_15_03_12_0000--s-2\itr_60.pkl,23,True,beam_search,
cie_core_nominal,dual_source_cluster_tool,8_to_32_wafers_nominal_processing,test,600.0,[],D:\git\git\RDMCT-A3C\cie\data\core\spbs\cie_core_n008_f004_m004_proc100.lp,spbs\cie_core_n008_f004_m004_proc100.lp,cie_core_n008_f004_m004_proc100.lp,proposed,1,2,stability_full_trainseed_2,full,True,linear,60.0,auto,2026-08-06T23:44:38,optimal,optimal,optimal,0.36565690000134055,0.3897360999981174,1,0.014042499999050051,0.004999876022338867,0.0010001659393310547,0.004000186920166016,0.002000093460083008,1,0,446.0,0.0,92.27181801465682,834.000001,241.99999999999932,58.0,9.267948727305662e-16,0.0,1,True,D:\git\git\RDMCT-A3C\cie\results\stability\cie_stability_600s_mem2048_repro_v1\s1_t1to5\solutions\cie_core_nominal__cie_core_n008_f004_m004_proc100__proposed__solverseed_1__trainseed_2__stability_full_trainseed_2.sol,,,,D:\git\git\RDMCT-A3C\cie\models\proposed\cie_proposed_all_cie_proposed\cie_proposed_all_cie_proposed_2026_08_02_15_03_12_0000--s-2\itr_60.pkl,23,True,beam_search,
cie_core_nominal,dual_source_cluster_tool,8_to_32_wafers_nominal_processing,test,600.0,[],D:\git\git\RDMCT-A3C\cie\data\core\spbs\cie_core_n008_f006_m002_proc100.lp,spbs\cie_core_n008_f006_m002_proc100.lp,cie_core_n008_f006_m002_proc100.lp,proposed,1,2,stability_full_trainseed_2,full,True,linear,60.0,auto,2026-08-06T23:44:39,optimal,optimal,optimal,0.5658512000009068,0.5956331999987015,1,0.01439119999849936,0.0059986114501953125,0.0010001659393310547,0.004000425338745117,0.0020008087158203125,1,0,945.0,0.0,0.0,834.000001,308.0,58.0,0.0,0.0,1,True,D:\git\git\RDMCT-A3C\cie\results\stability\cie_stability_600s_mem2048_repro_v1\s1_t1to5\solutions\cie_core_nominal__cie_core_n008_f006_m002_proc100__proposed__solverseed_1__trainseed_2__stability_full_trainseed_2.sol,,,,D:\git\git\RDMCT-A3C\cie\models\proposed\cie_proposed_all_cie_proposed\cie_proposed_all_cie_proposed_2026_08_02_15_03_12_0000--s-2\itr_60.pkl,23,True,beam_search,
cie_core_nominal,dual_source_cluster_tool,8_to_32_wafers_nominal_processing,test,600.0,[],D:\git\git\RDMCT-A3C\cie\data\core\spbs\cie_core_n016_f000_m016_proc100.lp,spbs\cie_core_n016_f000_m016_proc100.lp,cie_core_n016_f000_m016_proc100.lp,proposed,1,2,stability_full_trainseed_2,full,True,linear,60.0,auto,2026-08-06T23:44:39,optimal,optimal,optimal,9.132220999999845,9.268682900001295,1,0.018354500003624707,0.007002115249633789,0.0029981136322021484,0.005002260208129883,0.0020012855529785156,1,0,4367.0,0.0,818.3628949838873,1136.000001,214.00000200000204,24.499999499999376,8.173562498716116e-16,9.094947017729282e-13,1,True,D:\git\git\RDMCT-A3C\cie\results\stability\cie_stability_600s_mem2048_repro_v1\s1_t1to5\solutions\cie_core_nominal__cie_core_n016_f000_m016_proc100__proposed__solverseed_1__trainseed_2__stability_full_trainseed_2.sol,,,,D:\git\git\RDMCT-A3C\cie\models\proposed\cie_proposed_all_cie_proposed\cie_proposed_all_cie_proposed_2026_08_02_15_03_12_0000--s-2\itr_60.pkl,23,True,beam_search,
cie_core_nominal,dual_source_cluster_tool,8_to_32_wafers_nominal_processing,test,600.0,[],D:\git\git\RDMCT-A3C\cie\data\core\spbs\cie_core_n016_f004_m012_proc100.lp,spbs\cie_core_n016_f004_m012_proc100.lp,cie_core_n016_f004_m012_proc100.lp,proposed,1,2,stability_full_trainseed_2,full,True,linear,60.0,auto,2026-08-06T23:44:49,optimal,optimal,optimal,21.099342000001343,21.152130900001794,1,0.05114450000110082,0.006998777389526367,0.0,0.006000518798828125,0.002000570297241211,1,0,29770.0,0.0,638.8067704296691,1202.000001,405.9999969999967,58.0,1.2809915629762838e-09,5.000003966415534e-07,1,True,D:\git\git\RDMCT-A3C\cie\results\stability\cie_stability_600s_mem2048_repro_v1\s1_t1to5\solutions\cie_core_nominal__cie_core_n016_f004_m012_proc100__proposed__solverseed_1__trainseed_2__stability_full_trainseed_2.sol,,,,D:\git\git\RDMCT-A3C\cie\models\proposed\cie_proposed_all_cie_proposed\cie_proposed_all_cie_proposed_2026_08_02_15_03_12_0000--s-2\itr_60.pkl,23,True,beam_search,
cie_core_nominal,dual_source_cluster_tool,8_to_32_wafers_nominal_processing,test,600.0,[],D:\git\git\RDMCT-A3C\cie\data\core\spbs\cie_core_n016_f008_m008_proc100.lp,spbs\cie_core_n016_f008_m008_proc100.lp,cie_core_n016_f008_m008_proc100.lp,proposed,1,2,stability_full_trainseed_2,full,True,linear,60.0,auto,2026-08-06T23:45:10,optimal,optimal,optimal,14.592069099999208,14.684404400002677,1,0.05378030000429135,0.006999969482421875,0.003000020980834961,0.006000041961669922,0.002002716064453125,1,0,19119.0,0.0,673.2955445776468,1170.000001,845.9999989999988,65.0,0.058823530765761294,0.0,1,True,D:\git\git\RDMCT-A3C\cie\results\stability\cie_stability_600s_mem2048_repro_v1\s1_t1to5\solutions\cie_core_nominal__cie_core_n016_f008_m008_proc100__proposed__solverseed_1__trainseed_2__stability_full_trainseed_2.sol,,,,D:\git\git\RDMCT-A3C\cie\models\proposed\cie_proposed_all_cie_proposed\cie_proposed_all_cie_proposed_2026_08_02_15_03_12_0000--s-2\itr_60.pkl,23,True,beam_search,
cie_core_nominal,dual_source_cluster_tool,8_to_32_wafers_nominal_processing,test,600.0,[],D:\git\git\RDMCT-A3C\cie\data\core\spbs\cie_core_n016_f012_m004_proc100.lp,spbs\cie_core_n016_f012_m004_proc100.lp,cie_core_n016_f012_m004_proc100.lp,proposed,1,2,stability_full_trainseed_2,full,True,linear,60.0,auto,2026-08-06T23:45:24,optimal,optimal,optimal,13.946186100001796,14.061803700002201,1,0.050486599997384474,0.007001399993896484,0.0009996891021728516,0.004999637603759766,0.0020012855529785156,1,0,8650.0,0.0,1259.8858633067034,1158.000001,920.0,65.0,0.2861125704223025,0.0,1,True,D:\git\git\RDMCT-A3C\cie\results\stability\cie_stability_600s_mem2048_repro_v1\s1_t1to5\solutions\cie_core_nominal__cie_core_n016_f012_m004_proc100__proposed__solverseed_1__trainseed_2__stability_full_trainseed_2.sol,,,,D:\git\git\RDMCT-A3C\cie\models\proposed\cie_proposed_all_cie_proposed\cie_proposed_all_cie_proposed_2026_08_02_15_03_12_0000--s-2\itr_60.pkl,23,True,beam_search,
cie_core_nominal,dual_source_cluster_tool,8_to_32_wafers_nominal_processing,test,600.0,[],D:\git\git\RDMCT-A3C\cie\data\core\spbs\cie_core_n024_f000_m024_proc100.lp,spbs\cie_core_n024_f000_m024_proc100.lp,cie_core_n024_f000_m024_proc100.lp,proposed,1,2,stability_full_trainseed_2,full,True,linear,60.0,auto,2026-08-07T07:35:29,timelimit,timelimit,incumbent_timelimit_optimal,539.6426035,539.8879767999999,1,0.6652773000000138,0.00800323486328125,0.0009968280792236328,0.6160035133361816,0.001996755599975586,1,0,88254.0,3.741425518637184,42685.44666525163,10506.9989503,128.0,0.0,0.0,0.0,1,True,D:\git\git\RDMCT-A3C\cie\results\stability\cie_stability_600s_mem2048_repro_v1\s1_t1to5\solutions\cie_core_nominal__cie_core_n024_f000_m024_proc100__proposed__solverseed_1__trainseed_2__stability_full_trainseed_2.sol,,,,D:\git\git\RDMCT-A3C\cie\models\proposed\cie_proposed_all_cie_proposed\cie_proposed_all_cie_proposed_2026_08_02_15_03_12_0000--s-2\itr_60.pkl,23,True,beam_search,
cie_core_nominal,dual_source_cluster_tool,8_to_32_wafers_nominal_processing,test,600.0,[],D:\git\git\RDMCT-A3C\cie\data\core\spbs\cie_core_n024_f006_m018_proc100.lp,spbs\cie_core_n024_f006_m018_proc100.lp,cie_core_n024_f006_m018_proc100.lp,proposed,1,2,stability_full_trainseed_2,full,True,linear,60.0,auto,2026-08-07T07:44:29,timelimit,timelimit,incumbent_timelimit_optimal,539.7892679,539.94882,1,0.022492699999929755,0.008997201919555664,0.001003265380859375,0.005999565124511719,0.002001047134399414,1,0,85967.0,3.6526544019911507,42487.26465947302,10514.9989495,3320.0,658.0,0.21465741571734478,0.0,1,True,D:\git\git\RDMCT-A3C\cie\results\stability\cie_stability_600s_mem2048_repro_v1\s1_t1to5\solutions\cie_core_nominal__cie_core_n024_f006_m018_proc100__proposed__solverseed_1__trainseed_2__stability_full_trainseed_2.sol,,,,D:\git\git\RDMCT-A3C\cie\models\proposed\cie_proposed_all_cie_proposed\cie_proposed_all_cie_proposed_2026_08_02_15_03_12_0000--s-2\itr_60.pkl,23,True,beam_search,
cie_core_nominal,dual_source_cluster_tool,8_to_32_wafers_nominal_processing,test,600.0,[],D:\git\git\RDMCT-A3C\cie\data\core\spbs\cie_core_n024_f012_m012_proc100.lp,spbs\cie_core_n024_f012_m012_proc100.lp,cie_core_n024_f012_m012_proc100.lp,proposed,1,2,stability_full_trainseed_2,full,True,linear,60.0,auto,2026-08-07T07:53:29,timelimit,timelimit,incumbent_timelimit_optimal,539.8213028,540.0081798000001,1,0.05392260000007809,0.007998943328857422,0.0010046958923339844,0.005997896194458008,0.0019986629486083984,1,0,95801.0,3.7536161611663657,42711.08779169841,10514.9989495,3754.0,317.0,0.24014605321403706,0.0,1,True,D:\git\git\RDMCT-A3C\cie\results\stability\cie_stability_600s_mem2048_repro_v1\s1_t1to5\solutions\cie_core_nominal__cie_core_n024_f012_m012_proc100__proposed__solverseed_1__trainseed_2__stability_full_trainseed_2.sol,,,,D:\git\git\RDMCT-A3C\cie\models\proposed\cie_proposed_all_cie_proposed\cie_proposed_all_cie_proposed_2026_08_02_15_03_12_0000--s-2\itr_60.pkl,23,True,beam_search,
cie_core_nominal,dual_source_cluster_tool,8_to_32_wafers_nominal_processing,test,600.0,[],D:\git\git\RDMCT-A3C\cie\data\core\spbs\cie_core_n024_f018_m006_proc100.lp,spbs\cie_core_n024_f018_m006_proc100.lp,cie_core_n024_f018_m006_proc100.lp,proposed,1,2,stability_full_trainseed_2,full,True,linear,60.0,auto,2026-08-07T08:02:29,timelimit,timelimit,incumbent_timelimit_optimal,539.8149774999997,540.1161448,1,0.027190200000177356,0.008997440338134766,0.0010025501251220703,0.004997730255126953,0.0019996166229248047,1,0,183692.0,0.11974977658623771,11912.302787955652,2506.000001,2296.000003000003,266.0,0.35081309416174705,143.9999989999992,1,True,D:\git\git\RDMCT-A3C\cie\results\stability\cie_stability_600s_mem2048_repro_v1\s1_t1to5\solutions\cie_core_nominal__cie_core_n024_f018_m006_proc100__proposed__solverseed_1__trainseed_2__stability_full_trainseed_2.sol,,,,D:\git\git\RDMCT-A3C\cie\models\proposed\cie_proposed_all_cie_proposed\cie_proposed_all_cie_proposed_2026_08_02_15_03_12_0000--s-2\itr_60.pkl,23,True,beam_search,
cie_core_nominal,dual_source_cluster_tool,8_to_32_wafers_nominal_processing,test,600.0,[],D:\git\git\RDMCT-A3C\cie\data\core\spbs\cie_core_n032_f000_m032_proc100.lp,spbs\cie_core_n032_f000_m032_proc100.lp,cie_core_n032_f000_m032_proc100.lp,proposed,1,2,stability_full_trainseed_2,full,True,linear,60.0,auto,2026-08-07T08:11:29,timelimit,timelimit,incumbent_timelimit_optimal,539.7576632999999,539.9810642999996,1,0.05918289999999615,0.008001565933227539,0.0,0.009999752044677734,0.0019996166229248047,1,0,46273.0,3.069272038893189,40965.323559773795,10514.9989495,3629.0,494.0,0.16630408907046917,136.0,1,True,D:\git\git\RDMCT-A3C\cie\results\stability\cie_stability_600s_mem2048_repro_v1\s1_t1to5\solutions\cie_core_nominal__cie_core_n032_f000_m032_proc100__proposed__solverseed_1__trainseed_2__stability_full_trainseed_2.sol,,,,D:\git\git\RDMCT-A3C\cie\models\proposed\cie_proposed_all_cie_proposed\cie_proposed_all_cie_proposed_2026_08_02_15_03_12_0000--s-2\itr_60.pkl,23,True,beam_search,
cie_core_nominal,dual_source_cluster_tool,8_to_32_wafers_nominal_processing,test,600.0,[],D:\git\git\RDMCT-A3C\cie\data\core\spbs\cie_core_n032_f008_m024_proc100.lp,spbs\cie_core_n032_f008_m024_proc100.lp,cie_core_n032_f008_m024_proc100.lp,proposed,1,2,stability_full_trainseed_2,full,True,linear,60.0,auto,2026-08-07T08:20:29,timelimit,timelimit,incumbent_timelimit_optimal,539.7724380999998,539.9938780000002,1,0.08650799999986702,0.07199859619140625,0.0,0.00800013542175293,0.0019996166229248047,1,0,45926.0,3.1660059225435817,41283.58408261424,10514.9989495,10396.0,2029.0,0.0,0.0,1,True,D:\git\git\RDMCT-A3C\cie\results\stability\cie_stability_600s_mem2048_repro_v1\s1_t1to5\solutions\cie_core_nominal__cie_core_n032_f008_m024_proc100__proposed__solverseed_1__trainseed_2__stability_full_trainseed_2.sol,,,,D:\git\git\RDMCT-A3C\cie\models\proposed\cie_proposed_all_cie_proposed\cie_proposed_all_cie_proposed_2026_08_02_15_03_12_0000--s-2\itr_60.pkl,23,True,beam_search,
cie_core_nominal,dual_source_cluster_tool,8_to_32_wafers_nominal_processing,test,600.0,[],D:\git\git\RDMCT-A3C\cie\data\core\spbs\cie_core_n032_f016_m016_proc100.lp,spbs\cie_core_n032_f016_m016_proc100.lp,cie_core_n032_f016_m016_proc100.lp,proposed,1,2,stability_full_trainseed_2,full,True,linear,60.0,auto,2026-08-07T08:29:29,timelimit,timelimit,incumbent_timelimit_optimal,539.7998984999999,540.0513596000001,1,0.07975790000000416,0.014001846313476562,0.002002716064453125,0.008994579315185547,0.0009968280792236328,1,0,55034.0,3.2347961935158898,41559.58030612444,10514.9989495,4681.0,390.0,0.49778954587334445,262.0,1,True,D:\git\git\RDMCT-A3C\cie\results\stability\cie_stability_600s_mem2048_repro_v1\s1_t1to5\solutions\cie_core_nominal__cie_core_n032_f016_m016_proc100__proposed__solverseed_1__trainseed_2__stability_full_trainseed_2.sol,,,,D:\git\git\RDMCT-A3C\cie\models\proposed\cie_proposed_all_cie_proposed\cie_proposed_all_cie_proposed_2026_08_02_15_03_12_0000--s-2\itr_60.pkl,23,True,beam_search,
cie_core_nominal,dual_source_cluster_tool,8_to_32_wafers_nominal_processing,test,600.0,[],D:\git\git\RDMCT-A3C\cie\data\core\spbs\cie_core_n032_f024_m008_proc100.lp,spbs\cie_core_n032_f024_m008_proc100.lp,cie_core_n032_f024_m008_proc100.lp,proposed,1,2,stability_full_trainseed_2,full,True,linear,60.0,auto,2026-08-07T08:38:29,timelimit,timelimit,incumbent_timelimit_optimal,539.7958073000004,540.1105683000001,1,0.033423600000332954,0.017001628875732422,0.003001689910888672,0.004999637603759766,0.0019998550415039062,1,0,44871.0,3.323601541324013,41953.36065933987,10514.9989495,6092.0,357.5,0.7361933563101336,0.0,1,True,D:\git\git\RDMCT-A3C\cie\results\stability\cie_stability_600s_mem2048_repro_v1\s1_t1to5\solutions\cie_core_nominal__cie_core_n032_f024_m008_proc100__proposed__solverseed_1__trainseed_2__stability_full_trainseed_2.sol,,,,D:\git\git\RDMCT-A3C\cie\models\proposed\cie_proposed_all_cie_proposed\cie_proposed_all_cie_proposed_2026_08_02_15_03_12_0000--s-2\itr_60.pkl,23,True,beam_search,
cie_core_nominal,dual_source_cluster_tool,8_to_32_wafers_nominal_processing,test,600.0,[],D:\git\git\RDMCT-A3C\cie\data\core\pure41\cie_core_n008_f008_m000_proc100.lp,pure41\cie_core_n008_f008_m000_proc100.lp,cie_core_n008_f008_m000_proc100.lp,proposed,1,3,stability_full_trainseed_3,full,True,linear,60.0,auto,2026-08-07T08:47:31,optimal,optimal,optimal,0.39039950000005774,0.4142103000003772,1,0.35314459999972314,0.005998849868774414,0.0,0.3450007438659668,0.0020003318786621094,1,0,1.0,0.0,2.622950819672131,610.000001,400.0,58.0,0.0,0.0,1,True,D:\git\git\RDMCT-A3C\cie\results\stability\cie_stability_600s_mem2048_repro_v1\s1_t1to5\solutions\cie_core_nominal__cie_core_n008_f008_m000_proc100__proposed__solverseed_1__trainseed_3__stability_full_trainseed_3.sol,,,,D:\git\git\RDMCT-A3C\cie\models\proposed\cie_proposed_all_cie_proposed\cie_proposed_all_cie_proposed_2026_08_02_15_10_55_0000--s-3\itr_60.pkl,23,True,beam_search,
cie_core_nominal,dual_source_cluster_tool,8_to_32_wafers_nominal_processing,test,600.0,[],D:\git\git\RDMCT-A3C\cie\data\core\pure41\cie_core_n016_f016_m000_proc100.lp,pure41\cie_core_n016_f016_m000_proc100.lp,cie_core_n016_f016_m000_proc100.lp,proposed,1,3,stability_full_trainseed_3,full,True,linear,60.0,auto,2026-08-07T08:47:32,optimal,optimal,optimal,0.2762063999998645,0.33763989999988553,1,0.015029000000140513,0.0049991607666015625,0.0,0.005003213882446289,0.002000093460083008,1,0,1.0,0.0,0.0,944.000001,924.0,58.0,0.0,0.0,1,True,D:\git\git\RDMCT-A3C\cie\results\stability\cie_stability_600s_mem2048_repro_v1\s1_t1to5\solutions\cie_core_nominal__cie_core_n016_f016_m000_proc100__proposed__solverseed_1__trainseed_3__stability_full_trainseed_3.sol,,,,D:\git\git\RDMCT-A3C\cie\models\proposed\cie_proposed_all_cie_proposed\cie_proposed_all_cie_proposed_2026_08_02_15_10_55_0000--s-3\itr_60.pkl,23,True,beam_search,
cie_core_nominal,dual_source_cluster_tool,8_to_32_wafers_nominal_processing,test,600.0,[],D:\git\git\RDMCT-A3C\cie\data\core\pure41\cie_core_n024_f024_m000_proc100.lp,pure41\cie_core_n024_f024_m000_proc100.lp,cie_core_n024_f024_m000_proc100.lp,proposed,1,3,stability_full_trainseed_3,full,True,linear,60.0,auto,2026-08-07T08:47:32,optimal,optimal,optimal,2.438865999999507,2.585407900000064,1,0.05456560000038735,0.011001348495483398,0.0,0.004996299743652344,0.0019996166229248047,1,0,1.0,0.0,200.0,1268.000001,1448.0,58.0,0.0,0.0,3,True,D:\git\git\RDMCT-A3C\cie\results\stability\cie_stability_600s_mem2048_repro_v1\s1_t1to5\solutions\cie_core_nominal__cie_core_n024_f024_m000_proc100__proposed__solverseed_1__trainseed_3__stability_full_trainseed_3.sol,,,,D:\git\git\RDMCT-A3C\cie\models\proposed\cie_proposed_all_cie_proposed\cie_proposed_all_cie_proposed_2026_08_02_15_10_55_0000--s-3\itr_60.pkl,23,True,beam_search,
cie_core_nominal,dual_source_cluster_tool,8_to_32_wafers_nominal_processing,test,600.0,[],D:\git\git\RDMCT-A3C\cie\data\core\pure41\cie_core_n032_f032_m000_proc100.lp,pure41\cie_core_n032_f032_m000_proc100.lp,cie_core_n032_f032_m000_proc100.lp,proposed,1,3,stability_full_trainseed_3,full,True,linear,60.0,auto,2026-08-07T08:47:35,optimal,optimal,optimal,7.300167100000181,7.570193999999901,1,0.05594440000004397,0.009000301361083984,0.0,0.010001897811889648,0.0019981861114501953,1,0,1.0,0.0,700.0,1592.000001,1972.0,58.0,0.0,0.0,3,True,D:\git\git\RDMCT-A3C\cie\results\stability\cie_stability_600s_mem2048_repro_v1\s1_t1to5\solutions\cie_core_nominal__cie_core_n032_f032_m000_proc100__proposed__solverseed_1__trainseed_3__stability_full_trainseed_3.sol,,,,D:\git\git\RDMCT-A3C\cie\models\proposed\cie_proposed_all_cie_proposed\cie_proposed_all_cie_proposed_2026_08_02_15_10_55_0000--s-3\itr_60.pkl,23,True,beam_search,
cie_core_nominal,dual_source_cluster_tool,8_to_32_wafers_nominal_processing,test,600.0,[],D:\git\git\RDMCT-A3C\cie\data\core\spbs\cie_core_n008_f000_m008_proc100.lp,spbs\cie_core_n008_f000_m008_proc100.lp,cie_core_n008_f000_m008_proc100.lp,proposed,1,3,stability_full_trainseed_3,full,True,linear,60.0,auto,2026-08-07T08:47:42,optimal,optimal,optimal,0.3551637999999002,0.3828144999997676,1,0.018511100000068836,0.0060002803802490234,0.0010030269622802734,0.00899958610534668,0.0019969940185546875,1,0,556.0,0.0,92.69058649662122,768.000001,32.0,0.0,0.0,0.0,1,True,D:\git\git\RDMCT-A3C\cie\results\stability\cie_stability_600s_mem2048_repro_v1\s1_t1to5\solutions\cie_core_nominal__cie_core_n008_f000_m008_proc100__proposed__solverseed_1__trainseed_3__stability_full_trainseed_3.sol,,,,D:\git\git\RDMCT-A3C\cie\models\proposed\cie_proposed_all_cie_proposed\cie_proposed_all_cie_proposed_2026_08_02_15_10_55_0000--s-3\itr_60.pkl,23,True,beam_search,
cie_core_nominal,dual_source_cluster_tool,8_to_32_wafers_nominal_processing,test,600.0,[],D:\git\git\RDMCT-A3C\cie\data\core\spbs\cie_core_n008_f002_m006_proc100.lp,spbs\cie_core_n008_f002_m006_proc100.lp,cie_core_n008_f002_m006_proc100.lp,proposed,1,3,stability_full_trainseed_3,full,True,linear,60.0,auto,2026-08-07T08:47:43,optimal,optimal,optimal,0.46795010000005277,0.5300631999998586,1,0.02124820000062755,0.008000612258911133,0.0,0.009998083114624023,0.0019986629486083984,1,0,537.0,0.0,0.0,900.000001,63.999999000000685,8.0,0.0,0.0,2,True,D:\git\git\RDMCT-A3C\cie\results\stability\cie_stability_600s_mem2048_repro_v1\s1_t1to5\solutions\cie_core_nominal__cie_core_n008_f002_m006_proc100__proposed__solverseed_1__trainseed_3__stability_full_trainseed_3.sol,,,,D:\git\git\RDMCT-A3C\cie\models\proposed\cie_proposed_all_cie_proposed\cie_proposed_all_cie_proposed_2026_08_02_15_10_55_0000--s-3\itr_60.pkl,23,True,beam_search,
cie_core_nominal,dual_source_cluster_tool,8_to_32_wafers_nominal_processing,test,600.0,[],D:\git\git\RDMCT-A3C\cie\data\core\spbs\cie_core_n008_f004_m004_proc100.lp,spbs\cie_core_n008_f004_m004_proc100.lp,cie_core_n008_f004_m004_proc100.lp,proposed,1,3,stability_full_trainseed_3,full,True,linear,60.0,auto,2026-08-07T08:47:43,optimal,optimal,optimal,0.3677023999989615,0.3923383000001195,1,0.018849000000045635,0.004997730255126953,0.0009999275207519531,0.009000301361083984,0.0020003318786621094,1,0,446.0,0.0,25.776965265082268,834.000001,241.99999999999932,58.0,9.267948727305662e-16,0.0,1,True,D:\git\git\RDMCT-A3C\cie\results\stability\cie_stability_600s_mem2048_repro_v1\s1_t1to5\solutions\cie_core_nominal__cie_core_n008_f004_m004_proc100__proposed__solverseed_1__trainseed_3__stability_full_trainseed_3.sol,,,,D:\git\git\RDMCT-A3C\cie\models\proposed\cie_proposed_all_cie_proposed\cie_proposed_all_cie_proposed_2026_08_02_15_10_55_0000--s-3\itr_60.pkl,23,True,beam_search,
cie_core_nominal,dual_source_cluster_tool,8_to_32_wafers_nominal_processing,test,600.0,[],D:\git\git\RDMCT-A3C\cie\data\core\spbs\cie_core_n008_f006_m002_proc100.lp,spbs\cie_core_n008_f006_m002_proc100.lp,cie_core_n008_f006_m002_proc100.lp,proposed,1,3,stability_full_trainseed_3,full,True,linear,60.0,auto,2026-08-07T08:47:44,optimal,optimal,optimal,0.5581500999996933,0.5879805000004126,1,0.014287099999819475,0.0070002079010009766,0.0,0.004999637603759766,0.0019996166229248047,1,0,945.0,0.0,0.0,834.000001,308.0,58.0,0.0,0.0,1,True,D:\git\git\RDMCT-A3C\cie\results\stability\cie_stability_600s_mem2048_repro_v1\s1_t1to5\solutions\cie_core_nominal__cie_core_n008_f006_m002_proc100__proposed__solverseed_1__trainseed_3__stability_full_trainseed_3.sol,,,,D:\git\git\RDMCT-A3C\cie\models\proposed\cie_proposed_all_cie_proposed\cie_proposed_all_cie_proposed_2026_08_02_15_10_55_0000--s-3\itr_60.pkl,23,True,beam_search,
cie_core_nominal,dual_source_cluster_tool,8_to_32_wafers_nominal_processing,test,600.0,[],D:\git\git\RDMCT-A3C\cie\data\core\spbs\cie_core_n016_f000_m016_proc100.lp,spbs\cie_core_n016_f000_m016_proc100.lp,cie_core_n016_f000_m016_proc100.lp,proposed,1,3,stability_full_trainseed_3,full,True,linear,60.0,auto,2026-08-07T08:47:44,optimal,optimal,optimal,9.14395019999938,9.28053700000055,1,0.020305899999584653,0.006999015808105469,0.0,0.009003639221191406,0.0009980201721191406,1,0,4367.0,0.0,802.9218519082507,1136.000001,214.00000200000204,24.499999499999376,8.173562498716116e-16,9.094947017729282e-13,1,True,D:\git\git\RDMCT-A3C\cie\results\stability\cie_stability_600s_mem2048_repro_v1\s1_t1to5\solutions\cie_core_nominal__cie_core_n016_f000_m016_proc100__proposed__solverseed_1__trainseed_3__stability_full_trainseed_3.sol,,,,D:\git\git\RDMCT-A3C\cie\models\proposed\cie_proposed_all_cie_proposed\cie_proposed_all_cie_proposed_2026_08_02_15_10_55_0000--s-3\itr_60.pkl,23,True,beam_search,
cie_core_nominal,dual_source_cluster_tool,8_to_32_wafers_nominal_processing,test,600.0,[],D:\git\git\RDMCT-A3C\cie\data\core\spbs\cie_core_n016_f004_m012_proc100.lp,spbs\cie_core_n016_f004_m012_proc100.lp,cie_core_n016_f004_m012_proc100.lp,proposed,1,3,stability_full_trainseed_3,full,True,linear,60.0,auto,2026-08-07T08:47:53,optimal,optimal,optimal,21.055680699999357,21.1029996999996,1,0.05083879999983765,0.00699615478515625,0.0010027885437011719,0.004996776580810547,0.0020058155059814453,1,0,29770.0,0.0,736.9764875677722,1202.000001,405.9999969999967,58.0,1.2809915629762838e-09,5.000003966415534e-07,1,True,D:\git\git\RDMCT-A3C\cie\results\stability\cie_stability_600s_mem2048_repro_v1\s1_t1to5\solutions\cie_core_nominal__cie_core_n016_f004_m012_proc100__proposed__solverseed_1__trainseed_3__stability_full_trainseed_3.sol,,,,D:\git\git\RDMCT-A3C\cie\models\proposed\cie_proposed_all_cie_proposed\cie_proposed_all_cie_proposed_2026_08_02_15_10_55_0000--s-3\itr_60.pkl,23,True,beam_search,
cie_core_nominal,dual_source_cluster_tool,8_to_32_wafers_nominal_processing,test,600.0,[],D:\git\git\RDMCT-A3C\cie\data\core\spbs\cie_core_n016_f008_m008_proc100.lp,spbs\cie_core_n016_f008_m008_proc100.lp,cie_core_n016_f008_m008_proc100.lp,proposed,1,3,stability_full_trainseed_3,full,True,linear,60.0,auto,2026-08-07T08:48:15,optimal,optimal,optimal,14.345087799999419,14.433090800000173,1,0.05209439999998722,0.007000446319580078,0.002996683120727539,0.005003452301025391,0.001996278762817383,1,0,19119.0,0.0,660.9712739157414,1170.000001,845.9999989999988,65.0,0.058823530765761294,0.0,1,True,D:\git\git\RDMCT-A3C\cie\results\stability\cie_stability_600s_mem2048_repro_v1\s1_t1to5\solutions\cie_core_nominal__cie_core_n016_f008_m008_proc100__proposed__solverseed_1__trainseed_3__stability_full_trainseed_3.sol,,,,D:\git\git\RDMCT-A3C\cie\models\proposed\cie_proposed_all_cie_proposed\cie_proposed_all_cie_proposed_2026_08_02_15_10_55_0000--s-3\itr_60.pkl,23,True,beam_search,
cie_core_nominal,dual_source_cluster_tool,8_to_32_wafers_nominal_processing,test,600.0,[],D:\git\git\RDMCT-A3C\cie\data\core\spbs\cie_core_n016_f012_m004_proc100.lp,spbs\cie_core_n016_f012_m004_proc100.lp,cie_core_n016_f012_m004_proc100.lp,proposed,1,3,stability_full_trainseed_3,full,True,linear,60.0,auto,2026-08-07T08:48:29,optimal,optimal,optimal,13.719743600000584,13.793018999999731,1,0.050803300000552554,0.007001161575317383,0.0,0.004997730255126953,0.0019996166229248047,1,0,8650.0,0.0,1259.8858633067034,1158.000001,920.0,65.0,0.2861125704223025,0.0,1,True,D:\git\git\RDMCT-A3C\cie\results\stability\cie_stability_600s_mem2048_repro_v1\s1_t1to5\solutions\cie_core_nominal__cie_core_n016_f012_m004_proc100__proposed__solverseed_1__trainseed_3__stability_full_trainseed_3.sol,,,,D:\git\git\RDMCT-A3C\cie\models\proposed\cie_proposed_all_cie_proposed\cie_proposed_all_cie_proposed_2026_08_02_15_10_55_0000--s-3\itr_60.pkl,23,True,beam_search,
cie_core_nominal,dual_source_cluster_tool,8_to_32_wafers_nominal_processing,test,600.0,[],D:\git\git\RDMCT-A3C\cie\data\core\spbs\cie_core_n024_f000_m024_proc100.lp,spbs\cie_core_n024_f000_m024_proc100.lp,cie_core_n024_f000_m024_proc100.lp,proposed,1,3,stability_full_trainseed_3,full,True,linear,60.0,auto,2026-08-07T08:48:43,timelimit,timelimit,incumbent_timelimit_optimal,539.8404441000002,540.0013858000002,1,0.05385569999998552,0.009000062942504883,0.0009965896606445312,0.004004240036010742,0.001993894577026367,1,0,92173.0,3.741425518637184,42683.69545159978,10506.9989503,128.0,0.0,0.0,0.0,1,True,D:\git\git\RDMCT-A3C\cie\results\stability\cie_stability_600s_mem2048_repro_v1\s1_t1to5\solutions\cie_core_nominal__cie_core_n024_f000_m024_proc100__proposed__solverseed_1__trainseed_3__stability_full_trainseed_3.sol,,,,D:\git\git\RDMCT-A3C\cie\models\proposed\cie_proposed_all_cie_proposed\cie_proposed_all_cie_proposed_2026_08_02_15_10_55_0000--s-3\itr_60.pkl,23,True,beam_search,
cie_core_nominal,dual_source_cluster_tool,8_to_32_wafers_nominal_processing,test,600.0,[],D:\git\git\RDMCT-A3C\cie\data\core\spbs\cie_core_n024_f006_m018_proc100.lp,spbs\cie_core_n024_f006_m018_proc100.lp,cie_core_n024_f006_m018_proc100.lp,proposed,1,3,stability_full_trainseed_3,full,True,linear,60.0,auto,2026-08-07T08:57:43,timelimit,timelimit,incumbent_timelimit_optimal,539.8355346000008,539.9908947999993,1,0.05429490000005899,0.008996725082397461,0.0,0.005997896194458008,0.002002716064453125,1,0,85171.0,3.6526544019911507,42487.30270037078,10514.9989495,3320.0,658.0,0.21465741571734478,0.0,1,True,D:\git\git\RDMCT-A3C\cie\results\stability\cie_stability_600s_mem2048_repro_v1\s1_t1to5\solutions\cie_core_nominal__cie_core_n024_f006_m018_proc100__proposed__solverseed_1__trainseed_3__stability_full_trainseed_3.sol,,,,D:\git\git\RDMCT-A3C\cie\models\proposed\cie_proposed_all_cie_proposed\cie_proposed_all_cie_proposed_2026_08_02_15_10_55_0000--s-3\itr_60.pkl,23,True,beam_search,
cie_core_nominal,dual_source_cluster_tool,8_to_32_wafers_nominal_processing,test,600.0,[],D:\git\git\RDMCT-A3C\cie\data\core\spbs\cie_core_n024_f012_m012_proc100.lp,spbs\cie_core_n024_f012_m012_proc100.lp,cie_core_n024_f012_m012_proc100.lp,proposed,1,3,stability_full_trainseed_3,full,True,linear,60.0,auto,2026-08-07T09:06:43,timelimit,timelimit,incumbent_timelimit_optimal,539.8181155000002,539.9704806,1,0.0539468000006309,0.007996320724487305,0.0010030269622802734,0.007006406784057617,0.0019936561584472656,1,0,95712.0,3.7536161611663657,42711.08779169841,10514.9989495,3754.0,317.0,0.24014605321403706,0.0,1,True,D:\git\git\RDMCT-A3C\cie\results\stability\cie_stability_600s_mem2048_repro_v1\s1_t1to5\solutions\cie_core_nominal__cie_core_n024_f012_m012_proc100__proposed__solverseed_1__trainseed_3__stability_full_trainseed_3.sol,,,,D:\git\git\RDMCT-A3C\cie\models\proposed\cie_proposed_all_cie_proposed\cie_proposed_all_cie_proposed_2026_08_02_15_10_55_0000--s-3\itr_60.pkl,23,True,beam_search,
cie_core_nominal,dual_source_cluster_tool,8_to_32_wafers_nominal_processing,test,600.0,[],D:\git\git\RDMCT-A3C\cie\data\core\spbs\cie_core_n024_f018_m006_proc100.lp,spbs\cie_core_n024_f018_m006_proc100.lp,cie_core_n024_f018_m006_proc100.lp,proposed,1,3,stability_full_trainseed_3,full,True,linear,60.0,auto,2026-08-07T09:15:43,timelimit,timelimit,incumbent_timelimit_optimal,539.8575583999991,540.1863999999996,1,0.027414799999860406,0.012000083923339844,0.0,0.01000356674194336,0.001996755599975586,1,0,180817.0,0.12075134168157424,11927.316316762615,2506.000001,2296.000003000003,266.0,0.35081309416174705,143.9999989999992,1,True,D:\git\git\RDMCT-A3C\cie\results\stability\cie_stability_600s_mem2048_repro_v1\s1_t1to5\solutions\cie_core_nominal__cie_core_n024_f018_m006_proc100__proposed__solverseed_1__trainseed_3__stability_full_trainseed_3.sol,,,,D:\git\git\RDMCT-A3C\cie\models\proposed\cie_proposed_all_cie_proposed\cie_proposed_all_cie_proposed_2026_08_02_15_10_55_0000--s-3\itr_60.pkl,23,True,beam_search,
cie_core_nominal,dual_source_cluster_tool,8_to_32_wafers_nominal_processing,test,600.0,[],D:\git\git\RDMCT-A3C\cie\data\core\spbs\cie_core_n032_f000_m032_proc100.lp,spbs\cie_core_n032_f000_m032_proc100.lp,cie_core_n032_f000_m032_proc100.lp,proposed,1,3,stability_full_trainseed_3,full,True,linear,60.0,auto,2026-08-07T09:24:43,timelimit,timelimit,incumbent_timelimit_optimal,539.7365123999998,539.9596833000005,1,0.02807920000032027,0.010999441146850586,0.0009987354278564453,0.00899815559387207,0.002003192901611328,1,0,45635.0,3.069272038893189,40965.28551887603,10514.9989495,3629.0,494.0,0.16630408907046917,136.0,1,True,D:\git\git\RDMCT-A3C\cie\results\stability\cie_stability_600s_mem2048_repro_v1\s1_t1to5\solutions\cie_core_nominal__cie_core_n032_f000_m032_proc100__proposed__solverseed_1__trainseed_3__stability_full_trainseed_3.sol,,,,D:\git\git\RDMCT-A3C\cie\models\proposed\cie_proposed_all_cie_proposed\cie_proposed_all_cie_proposed_2026_08_02_15_10_55_0000--s-3\itr_60.pkl,23,True,beam_search,
cie_core_nominal,dual_source_cluster_tool,8_to_32_wafers_nominal_processing,test,600.0,[],D:\git\git\RDMCT-A3C\cie\data\core\spbs\cie_core_n032_f008_m024_proc100.lp,spbs\cie_core_n032_f008_m024_proc100.lp,cie_core_n032_f008_m024_proc100.lp,proposed,1,3,stability_full_trainseed_3,full,True,linear,60.0,auto,2026-08-07T09:33:43,timelimit,timelimit,incumbent_timelimit_optimal,539.7453613999996,539.9640317999992,1,0.04971959999966202,0.011998414993286133,0.0009987354278564453,0.005999326705932617,0.002003908157348633,1,0,45604.0,3.1660059225435817,41283.58408261424,10514.9989495,10396.0,2029.0,0.0,0.0,1,True,D:\git\git\RDMCT-A3C\cie\results\stability\cie_stability_600s_mem2048_repro_v1\s1_t1to5\solutions\cie_core_nominal__cie_core_n032_f008_m024_proc100__proposed__solverseed_1__trainseed_3__stability_full_trainseed_3.sol,,,,D:\git\git\RDMCT-A3C\cie\models\proposed\cie_proposed_all_cie_proposed\cie_proposed_all_cie_proposed_2026_08_02_15_10_55_0000--s-3\itr_60.pkl,23,True,beam_search,
cie_core_nominal,dual_source_cluster_tool,8_to_32_wafers_nominal_processing,test,600.0,[],D:\git\git\RDMCT-A3C\cie\data\core\spbs\cie_core_n032_f016_m016_proc100.lp,spbs\cie_core_n032_f016_m016_proc100.lp,cie_core_n032_f016_m016_proc100.lp,proposed,1,3,stability_full_trainseed_3,full,True,linear,60.0,auto,2026-08-07T09:42:43,timelimit,timelimit,incumbent_timelimit_optimal,539.8038379,540.0847774000003,1,0.06230580000010377,0.012998104095458984,0.001003265380859375,0.005999326705932617,0.001999378204345703,1,0,55374.0,3.2347961935158898,41559.409122084486,10514.9989495,4681.0,390.0,0.49778954587334445,262.0,1,True,D:\git\git\RDMCT-A3C\cie\results\stability\cie_stability_600s_mem2048_repro_v1\s1_t1to5\solutions\cie_core_nominal__cie_core_n032_f016_m016_proc100__proposed__solverseed_1__trainseed_3__stability_full_trainseed_3.sol,,,,D:\git\git\RDMCT-A3C\cie\models\proposed\cie_proposed_all_cie_proposed\cie_proposed_all_cie_proposed_2026_08_02_15_10_55_0000--s-3\itr_60.pkl,23,True,beam_search,
cie_core_nominal,dual_source_cluster_tool,8_to_32_wafers_nominal_processing,test,600.0,[],D:\git\git\RDMCT-A3C\cie\data\core\spbs\cie_core_n032_f024_m008_proc100.lp,spbs\cie_core_n032_f024_m008_proc100.lp,cie_core_n032_f024_m008_proc100.lp,proposed,1,3,stability_full_trainseed_3,full,True,linear,60.0,auto,2026-08-07T09:51:43,timelimit,timelimit,incumbent_timelimit_optimal,539.7665699000008,540.077272999999,1,0.06427900000016962,0.016999244689941406,0.001003265380859375,0.004996776580810547,0.0020029544830322266,1,0,44350.0,3.323601541324013,41952.43816756907,10514.9989495,6092.0,357.5,0.7361933563101336,0.0,1,True,D:\git\git\RDMCT-A3C\cie\results\stability\cie_stability_600s_mem2048_repro_v1\s1_t1to5\solutions\cie_core_nominal__cie_core_n032_f024_m008_proc100__proposed__solverseed_1__trainseed_3__stability_full_trainseed_3.sol,,,,D:\git\git\RDMCT-A3C\cie\models\proposed\cie_proposed_all_cie_proposed\cie_proposed_all_cie_proposed_2026_08_02_15_10_55_0000--s-3\itr_60.pkl,23,True,beam_search,
cie_core_nominal,dual_source_cluster_tool,8_to_32_wafers_nominal_processing,test,600.0,[],D:\git\git\RDMCT-A3C\cie\data\core\pure41\cie_core_n008_f008_m000_proc100.lp,pure41\cie_core_n008_f008_m000_proc100.lp,cie_core_n008_f008_m000_proc100.lp,proposed,1,4,stability_full_trainseed_4,full,True,linear,60.0,auto,2026-08-07T10:00:45,optimal,optimal,optimal,0.4152228000002651,0.4718509999984235,1,0.37769329999900947,0.006002902984619141,0.0,0.3689999580383301,0.0019998550415039062,1,0,1.0,0.0,2.622950819672131,610.000001,400.0,58.0,0.0,0.0,1,True,D:\git\git\RDMCT-A3C\cie\results\stability\cie_stability_600s_mem2048_repro_v1\s1_t1to5\solutions\cie_core_nominal__cie_core_n008_f008_m000_proc100__proposed__solverseed_1__trainseed_4__stability_full_trainseed_4.sol,,,,D:\git\git\RDMCT-A3C\cie\models\proposed\cie_proposed_all_cie_proposed\cie_proposed_all_cie_proposed_2026_08_02_15_19_25_0000--s-4\itr_60.pkl,23,True,beam_search,
cie_core_nominal,dual_source_cluster_tool,8_to_32_wafers_nominal_processing,test,600.0,[],D:\git\git\RDMCT-A3C\cie\data\core\pure41\cie_core_n016_f016_m000_proc100.lp,pure41\cie_core_n016_f016_m000_proc100.lp,cie_core_n016_f016_m000_proc100.lp,proposed,1,4,stability_full_trainseed_4,full,True,linear,60.0,auto,2026-08-07T10:00:46,optimal,optimal,optimal,0.30168700000103854,0.3608691999997973,1,0.040774400000373134,0.0059969425201416016,0.0,0.031003952026367188,0.0019996166229248047,1,0,1.0,0.0,0.0,944.000001,924.0,58.0,0.0,0.0,1,True,D:\git\git\RDMCT-A3C\cie\results\stability\cie_stability_600s_mem2048_repro_v1\s1_t1to5\solutions\cie_core_nominal__cie_core_n016_f016_m000_proc100__proposed__solverseed_1__trainseed_4__stability_full_trainseed_4.sol,,,,D:\git\git\RDMCT-A3C\cie\models\proposed\cie_proposed_all_cie_proposed\cie_proposed_all_cie_proposed_2026_08_02_15_19_25_0000--s-4\itr_60.pkl,23,True,beam_search,
cie_core_nominal,dual_source_cluster_tool,8_to_32_wafers_nominal_processing,test,600.0,[],D:\git\git\RDMCT-A3C\cie\data\core\pure41\cie_core_n024_f024_m000_proc100.lp,pure41\cie_core_n024_f024_m000_proc100.lp,cie_core_n024_f024_m000_proc100.lp,proposed,1,4,stability_full_trainseed_4,full,True,linear,60.0,auto,2026-08-07T10:00:46,optimal,optimal,optimal,2.481048900001042,2.62586889999875,1,0.07839230000172392,0.010998010635375977,0.0,0.028996944427490234,0.002003908157348633,1,0,1.0,0.0,300.0,1268.000001,1448.0,58.0,0.0,0.0,3,True,D:\git\git\RDMCT-A3C\cie\results\stability\cie_stability_600s_mem2048_repro_v1\s1_t1to5\solutions\cie_core_nominal__cie_core_n024_f024_m000_proc100__proposed__solverseed_1__trainseed_4__stability_full_trainseed_4.sol,,,,D:\git\git\RDMCT-A3C\cie\models\proposed\cie_proposed_all_cie_proposed\cie_proposed_all_cie_proposed_2026_08_02_15_19_25_0000--s-4\itr_60.pkl,23,True,beam_search,
cie_core_nominal,dual_source_cluster_tool,8_to_32_wafers_nominal_processing,test,600.0,[],D:\git\git\RDMCT-A3C\cie\data\core\pure41\cie_core_n032_f032_m000_proc100.lp,pure41\cie_core_n032_f032_m000_proc100.lp,cie_core_n032_f032_m000_proc100.lp,proposed,1,4,stability_full_trainseed_4,full,True,linear,60.0,auto,2026-08-07T10:00:49,optimal,optimal,optimal,7.366055700000288,7.670377200000075,1,0.08217680000052496,0.008000612258911133,0.0010030269622802734,0.035999298095703125,0.00099945068359375,1,0,1.0,0.0,700.0,1592.000001,1972.0,58.0,0.0,0.0,3,True,D:\git\git\RDMCT-A3C\cie\results\stability\cie_stability_600s_mem2048_repro_v1\s1_t1to5\solutions\cie_core_nominal__cie_core_n032_f032_m000_proc100__proposed__solverseed_1__trainseed_4__stability_full_trainseed_4.sol,,,,D:\git\git\RDMCT-A3C\cie\models\proposed\cie_proposed_all_cie_proposed\cie_proposed_all_cie_proposed_2026_08_02_15_19_25_0000--s-4\itr_60.pkl,23,True,beam_search,
cie_core_nominal,dual_source_cluster_tool,8_to_32_wafers_nominal_processing,test,600.0,[],D:\git\git\RDMCT-A3C\cie\data\core\spbs\cie_core_n008_f000_m008_proc100.lp,spbs\cie_core_n008_f000_m008_proc100.lp,cie_core_n008_f000_m008_proc100.lp,proposed,1,4,stability_full_trainseed_4,full,True,linear,60.0,auto,2026-08-07T10:00:57,optimal,optimal,optimal,0.38408030000027793,0.47877670000161743,1,0.039736499998980435,0.004999399185180664,0.0010001659393310547,0.030997037887573242,0.002000093460083008,1,0,532.0,0.0,0.0,768.0000009999709,31.999999000028424,0.0,2.353263013185182e-09,9.999715757658123e-07,2,True,D:\git\git\RDMCT-A3C\cie\results\stability\cie_stability_600s_mem2048_repro_v1\s1_t1to5\solutions\cie_core_nominal__cie_core_n008_f000_m008_proc100__proposed__solverseed_1__trainseed_4__stability_full_trainseed_4.sol,,,,D:\git\git\RDMCT-A3C\cie\models\proposed\cie_proposed_all_cie_proposed\cie_proposed_all_cie_proposed_2026_08_02_15_19_25_0000--s-4\itr_60.pkl,23,True,beam_search,
cie_core_nominal,dual_source_cluster_tool,8_to_32_wafers_nominal_processing,test,600.0,[],D:\git\git\RDMCT-A3C\cie\data\core\spbs\cie_core_n008_f002_m006_proc100.lp,spbs\cie_core_n008_f002_m006_proc100.lp,cie_core_n008_f002_m006_proc100.lp,proposed,1,4,stability_full_trainseed_4,full,True,linear,60.0,auto,2026-08-07T10:00:57,optimal,optimal,optimal,0.5305779999998776,0.59040559999994,1,0.08041020000018761,0.008000373840332031,0.0009961128234863281,0.06800055503845215,0.0019996166229248047,1,0,539.0,0.0,91.434281050728,900.000001,329.9999970000026,66.49999950000017,2.5619802156379077e-09,9.999996564147295e-07,1,True,D:\git\git\RDMCT-A3C\cie\results\stability\cie_stability_600s_mem2048_repro_v1\s1_t1to5\solutions\cie_core_nominal__cie_core_n008_f002_m006_proc100__proposed__solverseed_1__trainseed_4__stability_full_trainseed_4.sol,,,,D:\git\git\RDMCT-A3C\cie\models\proposed\cie_proposed_all_cie_proposed\cie_proposed_all_cie_proposed_2026_08_02_15_19_25_0000--s-4\itr_60.pkl,23,True,beam_search,
cie_core_nominal,dual_source_cluster_tool,8_to_32_wafers_nominal_processing,test,600.0,[],D:\git\git\RDMCT-A3C\cie\data\core\spbs\cie_core_n008_f004_m004_proc100.lp,spbs\cie_core_n008_f004_m004_proc100.lp,cie_core_n008_f004_m004_proc100.lp,proposed,1,4,stability_full_trainseed_4,full,True,linear,60.0,auto,2026-08-07T10:00:58,optimal,optimal,optimal,0.4373429999996006,0.5106703000001289,1,0.08105539999996836,0.006002187728881836,0.0,0.07199764251708984,0.0010027885437011719,1,0,446.0,0.0,0.0,834.000001,241.99999999999932,58.0,9.267948727305662e-16,0.0,1,True,D:\git\git\RDMCT-A3C\cie\results\stability\cie_stability_600s_mem2048_repro_v1\s1_t1to5\solutions\cie_core_nominal__cie_core_n008_f004_m004_proc100__proposed__solverseed_1__trainseed_4__stability_full_trainseed_4.sol,,,,D:\git\git\RDMCT-A3C\cie\models\proposed\cie_proposed_all_cie_proposed\cie_proposed_all_cie_proposed_2026_08_02_15_19_25_0000--s-4\itr_60.pkl,23,True,beam_search,
cie_core_nominal,dual_source_cluster_tool,8_to_32_wafers_nominal_processing,test,600.0,[],D:\git\git\RDMCT-A3C\cie\data\core\spbs\cie_core_n008_f006_m002_proc100.lp,spbs\cie_core_n008_f006_m002_proc100.lp,cie_core_n008_f006_m002_proc100.lp,proposed,1,4,stability_full_trainseed_4,full,True,linear,60.0,auto,2026-08-07T10:00:58,optimal,optimal,optimal,0.5001267000006919,0.530029999999897,1,0.11652940000021772,0.00599980354309082,0.000997304916381836,0.1060025691986084,0.0019969940185546875,1,0,524.0,0.0,92.30988787665359,834.000001,262.0,58.0,0.0,0.0,1,True,D:\git\git\RDMCT-A3C\cie\results\stability\cie_stability_600s_mem2048_repro_v1\s1_t1to5\solutions\cie_core_nominal__cie_core_n008_f006_m002_proc100__proposed__solverseed_1__trainseed_4__stability_full_trainseed_4.sol,,,,D:\git\git\RDMCT-A3C\cie\models\proposed\cie_proposed_all_cie_proposed\cie_proposed_all_cie_proposed_2026_08_02_15_19_25_0000--s-4\itr_60.pkl,23,True,beam_search,
cie_core_nominal,dual_source_cluster_tool,8_to_32_wafers_nominal_processing,test,600.0,[],D:\git\git\RDMCT-A3C\cie\data\core\spbs\cie_core_n016_f000_m016_proc100.lp,spbs\cie_core_n016_f000_m016_proc100.lp,cie_core_n016_f000_m016_proc100.lp,proposed,1,4,stability_full_trainseed_4,full,True,linear,60.0,auto,2026-08-07T10:00:59,optimal,optimal,optimal,46.100388400000156,46.185956199999055,1,0.09464110000044457,0.005999326705932617,0.0010030269622802734,0.03900027275085449,0.0010035037994384766,1,0,23083.0,0.0,4102.88374204625,1136.000001,214.0000020000009,24.499999499999603,1.372922168966755e-15,1.5916157281026244e-12,1,True,D:\git\git\RDMCT-A3C\cie\results\stability\cie_stability_600s_mem2048_repro_v1\s1_t1to5\solutions\cie_core_nominal__cie_core_n016_f000_m016_proc100__proposed__solverseed_1__trainseed_4__stability_full_trainseed_4.sol,,,,D:\git\git\RDMCT-A3C\cie\models\proposed\cie_proposed_all_cie_proposed\cie_proposed_all_cie_proposed_2026_08_02_15_19_25_0000--s-4\itr_60.pkl,23,True,beam_search,
cie_core_nominal,dual_source_cluster_tool,8_to_32_wafers_nominal_processing,test,600.0,[],D:\git\git\RDMCT-A3C\cie\data\core\spbs\cie_core_n016_f004_m012_proc100.lp,spbs\cie_core_n016_f004_m012_proc100.lp,cie_core_n016_f004_m012_proc100.lp,proposed,1,4,stability_full_trainseed_4,full,True,linear,60.0,auto,2026-08-07T10:01:45,optimal,optimal,optimal,25.291922099999283,25.374695799999245,1,0.08316230000127689,0.00699615478515625,0.0010037422180175781,0.06999969482421875,0.0019998550415039062,1,0,12723.0,0.0,2219.3870472218496,1202.000001,405.9999969999974,58.0,1.2809915629762838e-09,5.000003966415534e-07,1,True,D:\git\git\RDMCT-A3C\cie\results\stability\cie_stability_600s_mem2048_repro_v1\s1_t1to5\solutions\cie_core_nominal__cie_core_n016_f004_m012_proc100__proposed__solverseed_1__trainseed_4__stability_full_trainseed_4.sol,,,,D:\git\git\RDMCT-A3C\cie\models\proposed\cie_proposed_all_cie_proposed\cie_proposed_all_cie_proposed_2026_08_02_15_19_25_0000--s-4\itr_60.pkl,23,True,beam_search,
cie_core_nominal,dual_source_cluster_tool,8_to_32_wafers_nominal_processing,test,600.0,[],D:\git\git\RDMCT-A3C\cie\data\core\spbs\cie_core_n016_f008_m008_proc100.lp,spbs\cie_core_n016_f008_m008_proc100.lp,cie_core_n016_f008_m008_proc100.lp,proposed,1,4,stability_full_trainseed_4,full,True,linear,60.0,auto,2026-08-07T10:02:10,optimal,optimal,optimal,15.529485999999451,15.620743499999662,1,0.10927590000028431,0.006996870040893555,0.001003265380859375,0.06299686431884766,0.0010004043579101562,1,0,14859.0,0.0,1091.3805556925024,1170.000001,846.0,65.0,0.058823529411764705,0.0,1,True,D:\git\git\RDMCT-A3C\cie\results\stability\cie_stability_600s_mem2048_repro_v1\s1_t1to5\solutions\cie_core_nominal__cie_core_n016_f008_m008_proc100__proposed__solverseed_1__trainseed_4__stability_full_trainseed_4.sol,,,,D:\git\git\RDMCT-A3C\cie\models\proposed\cie_proposed_all_cie_proposed\cie_proposed_all_cie_proposed_2026_08_02_15_19_25_0000--s-4\itr_60.pkl,23,True,beam_search,
cie_core_nominal,dual_source_cluster_tool,8_to_32_wafers_nominal_processing,test,600.0,[],D:\git\git\RDMCT-A3C\cie\data\core\spbs\cie_core_n016_f012_m004_proc100.lp,spbs\cie_core_n016_f012_m004_proc100.lp,cie_core_n016_f012_m004_proc100.lp,proposed,1,4,stability_full_trainseed_4,full,True,linear,60.0,auto,2026-08-07T10:02:26,optimal,optimal,optimal,15.948578800000178,16.055726999999024,1,0.08157260000007227,0.006997346878051758,0.001003265380859375,0.03499650955200195,0.0019996166229248047,1,0,12125.0,0.0,1121.4756855246487,1158.000001,818.0,68.0,0.2861125704223025,0.0,2,True,D:\git\git\RDMCT-A3C\cie\results\stability\cie_stability_600s_mem2048_repro_v1\s1_t1to5\solutions\cie_core_nominal__cie_core_n016_f012_m004_proc100__proposed__solverseed_1__trainseed_4__stability_full_trainseed_4.sol,,,,D:\git\git\RDMCT-A3C\cie\models\proposed\cie_proposed_all_cie_proposed\cie_proposed_all_cie_proposed_2026_08_02_15_19_25_0000--s-4\itr_60.pkl,23,True,beam_search,
cie_core_nominal,dual_source_cluster_tool,8_to_32_wafers_nominal_processing,test,600.0,[],D:\git\git\RDMCT-A3C\cie\data\core\spbs\cie_core_n024_f000_m024_proc100.lp,spbs\cie_core_n024_f000_m024_proc100.lp,cie_core_n024_f000_m024_proc100.lp,proposed,1,4,stability_full_trainseed_4,full,True,linear,60.0,auto,2026-08-07T10:02:42,timelimit,timelimit,incumbent_timelimit_optimal,539.6133058000014,539.7780082000008,1,0.08982389999982843,0.00899958610534668,0.0009968280792236328,0.06700301170349121,0.0020020008087158203,1,0,105025.0,3.7499995250000073,42694.735711578855,10506.9989503,128.0,0.0,0.0,0.0,1,True,D:\git\git\RDMCT-A3C\cie\results\stability\cie_stability_600s_mem2048_repro_v1\s1_t1to5\solutions\cie_core_nominal__cie_core_n024_f000_m024_proc100__proposed__solverseed_1__trainseed_4__stability_full_trainseed_4.sol,,,,D:\git\git\RDMCT-A3C\cie\models\proposed\cie_proposed_all_cie_proposed\cie_proposed_all_cie_proposed_2026_08_02_15_19_25_0000--s-4\itr_60.pkl,23,True,beam_search,
cie_core_nominal,dual_source_cluster_tool,8_to_32_wafers_nominal_processing,test,600.0,[],D:\git\git\RDMCT-A3C\cie\data\core\spbs\cie_core_n024_f006_m018_proc100.lp,spbs\cie_core_n024_f006_m018_proc100.lp,cie_core_n024_f006_m018_proc100.lp,proposed,1,4,stability_full_trainseed_4,full,True,linear,60.0,auto,2026-08-07T10:11:42,timelimit,timelimit,incumbent_timelimit_optimal,539.839946600001,540.0511712999996,1,0.07910319999973581,0.007996797561645508,0.0010004043579101562,0.032003164291381836,0.002000570297241211,1,0,105063.0,3.6485406492042443,42485.704982664654,10514.9989495,3320.0,658.0,0.21465741571734478,0.0,1,True,D:\git\git\RDMCT-A3C\cie\results\stability\cie_stability_600s_mem2048_repro_v1\s1_t1to5\solutions\cie_core_nominal__cie_core_n024_f006_m018_proc100__proposed__solverseed_1__trainseed_4__stability_full_trainseed_4.sol,,,,D:\git\git\RDMCT-A3C\cie\models\proposed\cie_proposed_all_cie_proposed\cie_proposed_all_cie_proposed_2026_08_02_15_19_25_0000--s-4\itr_60.pkl,23,True,beam_search,
cie_core_nominal,dual_source_cluster_tool,8_to_32_wafers_nominal_processing,test,600.0,[],D:\git\git\RDMCT-A3C\cie\data\core\spbs\cie_core_n024_f012_m012_proc100.lp,spbs\cie_core_n024_f012_m012_proc100.lp,cie_core_n024_f012_m012_proc100.lp,proposed,1,4,stability_full_trainseed_4,full,True,linear,60.0,auto,2026-08-07T10:20:42,timelimit,timelimit,incumbent_timelimit_optimal,539.7692913999999,539.9522032000004,1,0.0994563999993261,0.007998228073120117,0.003000020980834961,0.04900026321411133,0.0010039806365966797,1,0,97952.0,3.7536161611663577,42717.39307050296,10514.9989495,3754.0,317.0,0.24014605321403706,0.0,1,True,D:\git\git\RDMCT-A3C\cie\results\stability\cie_stability_600s_mem2048_repro_v1\s1_t1to5\solutions\cie_core_nominal__cie_core_n024_f012_m012_proc100__proposed__solverseed_1__trainseed_4__stability_full_trainseed_4.sol,,,,D:\git\git\RDMCT-A3C\cie\models\proposed\cie_proposed_all_cie_proposed\cie_proposed_all_cie_proposed_2026_08_02_15_19_25_0000--s-4\itr_60.pkl,23,True,beam_search,
cie_core_nominal,dual_source_cluster_tool,8_to_32_wafers_nominal_processing,test,600.0,[],D:\git\git\RDMCT-A3C\cie\data\core\spbs\cie_core_n024_f018_m006_proc100.lp,spbs\cie_core_n024_f018_m006_proc100.lp,cie_core_n024_f018_m006_proc100.lp,proposed,1,4,stability_full_trainseed_4,full,True,linear,60.0,auto,2026-08-07T10:29:42,timelimit,timelimit,incumbent_timelimit_optimal,539.8648331999993,540.1048885,1,0.09932419999859121,0.013000011444091797,0.0,0.045996665954589844,0.0009963512420654297,1,0,71386.0,3.719478881732496,42643.308422105445,10514.9989495,3068.0,288.0,0.4709859469693692,0.0,1,True,D:\git\git\RDMCT-A3C\cie\results\stability\cie_stability_600s_mem2048_repro_v1\s1_t1to5\solutions\cie_core_nominal__cie_core_n024_f018_m006_proc100__proposed__solverseed_1__trainseed_4__stability_full_trainseed_4.sol,,,,D:\git\git\RDMCT-A3C\cie\models\proposed\cie_proposed_all_cie_proposed\cie_proposed_all_cie_proposed_2026_08_02_15_19_25_0000--s-4\itr_60.pkl,23,True,beam_search,
cie_core_nominal,dual_source_cluster_tool,8_to_32_wafers_nominal_processing,test,600.0,[],D:\git\git\RDMCT-A3C\cie\data\core\spbs\cie_core_n032_f000_m032_proc100.lp,spbs\cie_core_n032_f000_m032_proc100.lp,cie_core_n032_f000_m032_proc100.lp,proposed,1,4,stability_full_trainseed_4,full,True,linear,60.0,auto,2026-08-07T10:38:42,timelimit,timelimit,incumbent_timelimit_optimal,539.7778209999997,540.0082908999993,1,0.09623050000118383,0.011001110076904297,0.0009999275207519531,0.0429990291595459,0.0009980201721191406,1,0,56034.0,3.192583312799043,41338.49797608642,10514.9989495,3629.0,494.0,0.16630408907046917,136.0,1,True,D:\git\git\RDMCT-A3C\cie\results\stability\cie_stability_600s_mem2048_repro_v1\s1_t1to5\solutions\cie_core_nominal__cie_core_n032_f000_m032_proc100__proposed__solverseed_1__trainseed_4__stability_full_trainseed_4.sol,,,,D:\git\git\RDMCT-A3C\cie\models\proposed\cie_proposed_all_cie_proposed\cie_proposed_all_cie_proposed_2026_08_02_15_19_25_0000--s-4\itr_60.pkl,23,True,beam_search,
cie_core_nominal,dual_source_cluster_tool,8_to_32_wafers_nominal_processing,test,600.0,[],D:\git\git\RDMCT-A3C\cie\data\core\spbs\cie_core_n032_f008_m024_proc100.lp,spbs\cie_core_n032_f008_m024_proc100.lp,cie_core_n032_f008_m024_proc100.lp,proposed,1,4,stability_full_trainseed_4,full,True,linear,60.0,auto,2026-08-07T10:47:42,timelimit,timelimit,incumbent_timelimit_optimal,539.7470938999995,539.9908996000013,1,0.08638059999975667,0.013000011444091797,0.0009999275207519531,0.03200030326843262,0.0009999275207519531,1,0,73196.0,3.1792523642686805,41320.788080628496,10514.9989495,10396.0,2029.0,0.0,0.0,1,True,D:\git\git\RDMCT-A3C\cie\results\stability\cie_stability_600s_mem2048_repro_v1\s1_t1to5\solutions\cie_core_nominal__cie_core_n032_f008_m024_proc100__proposed__solverseed_1__trainseed_4__stability_full_trainseed_4.sol,,,,D:\git\git\RDMCT-A3C\cie\models\proposed\cie_proposed_all_cie_proposed\cie_proposed_all_cie_proposed_2026_08_02_15_19_25_0000--s-4\itr_60.pkl,23,True,beam_search,
cie_core_nominal,dual_source_cluster_tool,8_to_32_wafers_nominal_processing,test,600.0,[],D:\git\git\RDMCT-A3C\cie\data\core\spbs\cie_core_n032_f016_m016_proc100.lp,spbs\cie_core_n032_f016_m016_proc100.lp,cie_core_n032_f016_m016_proc100.lp,proposed,1,4,stability_full_trainseed_4,full,True,linear,60.0,auto,2026-08-07T10:56:42,timelimit,timelimit,incumbent_timelimit_optimal,539.7673010999988,540.0317826999999,1,0.08676540000124078,0.014000177383422852,0.0,0.03200340270996094,0.0019969940185546875,1,0,45957.0,3.2570845945343945,41606.61787621096,10514.9989495,4681.0,390.0,0.49778954587334445,262.0,1,True,D:\git\git\RDMCT-A3C\cie\results\stability\cie_stability_600s_mem2048_repro_v1\s1_t1to5\solutions\cie_core_nominal__cie_core_n032_f016_m016_proc100__proposed__solverseed_1__trainseed_4__stability_full_trainseed_4.sol,,,,D:\git\git\RDMCT-A3C\cie\models\proposed\cie_proposed_all_cie_proposed\cie_proposed_all_cie_proposed_2026_08_02_15_19_25_0000--s-4\itr_60.pkl,23,True,beam_search,
cie_core_nominal,dual_source_cluster_tool,8_to_32_wafers_nominal_processing,test,600.0,[],D:\git\git\RDMCT-A3C\cie\data\core\spbs\cie_core_n032_f024_m008_proc100.lp,spbs\cie_core_n032_f024_m008_proc100.lp,cie_core_n032_f024_m008_proc100.lp,proposed,1,4,stability_full_trainseed_4,full,True,linear,60.0,auto,2026-08-07T11:05:42,timelimit,timelimit,incumbent_timelimit_optimal,539.7991746000007,540.1353532999983,1,0.06293660000119417,0.01700282096862793,0.0009965896606445312,0.03600049018859863,0.0009987354278564453,1,0,66769.0,3.3940655865022986,42127.48335863517,10514.9989495,6092.0,357.5,0.7361933563101336,0.0,1,True,D:\git\git\RDMCT-A3C\cie\results\stability\cie_stability_600s_mem2048_repro_v1\s1_t1to5\solutions\cie_core_nominal__cie_core_n032_f024_m008_proc100__proposed__solverseed_1__trainseed_4__stability_full_trainseed_4.sol,,,,D:\git\git\RDMCT-A3C\cie\models\proposed\cie_proposed_all_cie_proposed\cie_proposed_all_cie_proposed_2026_08_02_15_19_25_0000--s-4\itr_60.pkl,23,True,beam_search,
cie_core_nominal,dual_source_cluster_tool,8_to_32_wafers_nominal_processing,test,600.0,[],D:\git\git\RDMCT-A3C\cie\data\core\pure41\cie_core_n008_f008_m000_proc100.lp,pure41\cie_core_n008_f008_m000_proc100.lp,cie_core_n008_f008_m000_proc100.lp,proposed,1,5,stability_full_trainseed_5,full,True,linear,60.0,auto,2026-08-07T11:14:45,optimal,optimal,optimal,0.3942791000008583,0.4618119000006118,1,0.35742129999925965,0.005002260208129883,0.0,0.3489980697631836,0.0019991397857666016,1,0,1.0,0.0,0.0,610.000001,400.0,58.0,0.0,0.0,1,True,D:\git\git\RDMCT-A3C\cie\results\stability\cie_stability_600s_mem2048_repro_v1\s1_t1to5\solutions\cie_core_nominal__cie_core_n008_f008_m000_proc100__proposed__solverseed_1__trainseed_5__stability_full_trainseed_5.sol,,,,D:\git\git\RDMCT-A3C\cie\models\proposed\cie_proposed_all_cie_proposed\cie_proposed_all_cie_proposed_2026_08_02_15_28_19_0000--s-5\itr_60.pkl,23,True,beam_search,
cie_core_nominal,dual_source_cluster_tool,8_to_32_wafers_nominal_processing,test,600.0,[],D:\git\git\RDMCT-A3C\cie\data\core\pure41\cie_core_n016_f016_m000_proc100.lp,pure41\cie_core_n016_f016_m000_proc100.lp,cie_core_n016_f016_m000_proc100.lp,proposed,1,5,stability_full_trainseed_5,full,True,linear,60.0,auto,2026-08-07T11:14:45,optimal,optimal,optimal,0.27445280000029015,0.3367424999996729,1,0.01430160000018077,0.006000518798828125,0.0,0.004996299743652344,0.002003908157348633,1,0,1.0,0.0,0.0,944.000001,924.0,58.0,0.0,0.0,1,True,D:\git\git\RDMCT-A3C\cie\results\stability\cie_stability_600s_mem2048_repro_v1\s1_t1to5\solutions\cie_core_nominal__cie_core_n016_f016_m000_proc100__proposed__solverseed_1__trainseed_5__stability_full_trainseed_5.sol,,,,D:\git\git\RDMCT-A3C\cie\models\proposed\cie_proposed_all_cie_proposed\cie_proposed_all_cie_proposed_2026_08_02_15_28_19_0000--s-5\itr_60.pkl,23,True,beam_search,
cie_core_nominal,dual_source_cluster_tool,8_to_32_wafers_nominal_processing,test,600.0,[],D:\git\git\RDMCT-A3C\cie\data\core\pure41\cie_core_n024_f024_m000_proc100.lp,pure41\cie_core_n024_f024_m000_proc100.lp,cie_core_n024_f024_m000_proc100.lp,proposed,1,5,stability_full_trainseed_5,full,True,linear,60.0,auto,2026-08-07T11:14:45,optimal,optimal,optimal,2.449649300000601,2.597063299999718,1,0.05676799999855575,0.01199960708618164,0.0,0.008003711700439453,0.0019996166229248047,1,0,1.0,0.0,300.0,1268.000001,1448.0,58.0,0.0,0.0,3,True,D:\git\git\RDMCT-A3C\cie\results\stability\cie_stability_600s_mem2048_repro_v1\s1_t1to5\solutions\cie_core_nominal__cie_core_n024_f024_m000_proc100__proposed__solverseed_1__trainseed_5__stability_full_trainseed_5.sol,,,,D:\git\git\RDMCT-A3C\cie\models\proposed\cie_proposed_all_cie_proposed\cie_proposed_all_cie_proposed_2026_08_02_15_28_19_0000--s-5\itr_60.pkl,23,True,beam_search,
cie_core_nominal,dual_source_cluster_tool,8_to_32_wafers_nominal_processing,test,600.0,[],D:\git\git\RDMCT-A3C\cie\data\core\pure41\cie_core_n032_f032_m000_proc100.lp,pure41\cie_core_n032_f032_m000_proc100.lp,cie_core_n032_f032_m000_proc100.lp,proposed,1,5,stability_full_trainseed_5,full,True,linear,60.0,auto,2026-08-07T11:14:48,optimal,optimal,optimal,7.328381999999692,7.637775199998941,1,0.02497380000022531,0.007998943328857422,0.0,0.010000467300415039,0.0019998550415039062,1,0,1.0,0.0,700.0,1592.000001,1972.0,58.0,0.0,0.0,3,True,D:\git\git\RDMCT-A3C\cie\results\stability\cie_stability_600s_mem2048_repro_v1\s1_t1to5\solutions\cie_core_nominal__cie_core_n032_f032_m000_proc100__proposed__solverseed_1__trainseed_5__stability_full_trainseed_5.sol,,,,D:\git\git\RDMCT-A3C\cie\models\proposed\cie_proposed_all_cie_proposed\cie_proposed_all_cie_proposed_2026_08_02_15_28_19_0000--s-5\itr_60.pkl,23,True,beam_search,
cie_core_nominal,dual_source_cluster_tool,8_to_32_wafers_nominal_processing,test,600.0,[],D:\git\git\RDMCT-A3C\cie\data\core\spbs\cie_core_n008_f000_m008_proc100.lp,spbs\cie_core_n008_f000_m008_proc100.lp,cie_core_n008_f000_m008_proc100.lp,proposed,1,5,stability_full_trainseed_5,full,True,linear,60.0,auto,2026-08-07T11:14:56,optimal,optimal,optimal,0.3516290999996272,0.37874120000014955,1,0.017288799999732873,0.0060002803802490234,0.0030031204223632812,0.005000591278076172,0.0020003318786621094,1,0,556.0,0.0,0.0,768.000001,32.0,0.0,0.0,0.0,1,True,D:\git\git\RDMCT-A3C\cie\results\stability\cie_stability_600s_mem2048_repro_v1\s1_t1to5\solutions\cie_core_nominal__cie_core_n008_f000_m008_proc100__proposed__solverseed_1__trainseed_5__stability_full_trainseed_5.sol,,,,D:\git\git\RDMCT-A3C\cie\models\proposed\cie_proposed_all_cie_proposed\cie_proposed_all_cie_proposed_2026_08_02_15_28_19_0000--s-5\itr_60.pkl,23,True,beam_search,
cie_core_nominal,dual_source_cluster_tool,8_to_32_wafers_nominal_processing,test,600.0,[],D:\git\git\RDMCT-A3C\cie\data\core\spbs\cie_core_n008_f002_m006_proc100.lp,spbs\cie_core_n008_f002_m006_proc100.lp,cie_core_n008_f002_m006_proc100.lp,proposed,1,5,stability_full_trainseed_5,full,True,linear,60.0,auto,2026-08-07T11:14:56,optimal,optimal,optimal,0.4714162000000215,0.5312076000009256,1,0.023394699999698787,0.00799703598022461,0.0030028820037841797,0.008997678756713867,0.002002716064453125,1,0,537.0,0.0,0.0,900.000001,63.999999000000685,8.0,0.0,0.0,2,True,D:\git\git\RDMCT-A3C\cie\results\stability\cie_stability_600s_mem2048_repro_v1\s1_t1to5\solutions\cie_core_nominal__cie_core_n008_f002_m006_proc100__proposed__solverseed_1__trainseed_5__stability_full_trainseed_5.sol,,,,D:\git\git\RDMCT-A3C\cie\models\proposed\cie_proposed_all_cie_proposed\cie_proposed_all_cie_proposed_2026_08_02_15_28_19_0000--s-5\itr_60.pkl,23,True,beam_search,
cie_core_nominal,dual_source_cluster_tool,8_to_32_wafers_nominal_processing,test,600.0,[],D:\git\git\RDMCT-A3C\cie\data\core\spbs\cie_core_n008_f004_m004_proc100.lp,spbs\cie_core_n008_f004_m004_proc100.lp,cie_core_n008_f004_m004_proc100.lp,proposed,1,5,stability_full_trainseed_5,full,True,linear,60.0,auto,2026-08-07T11:14:56,optimal,optimal,optimal,0.3666147000003548,0.39158519999909913,1,0.018191000001024804,0.00599980354309082,0.0,0.009000539779663086,0.0019996166229248047,1,0,446.0,0.0,100.0,834.000001,241.99999999999932,58.0,9.267948727305662e-16,0.0,1,True,D:\git\git\RDMCT-A3C\cie\results\stability\cie_stability_600s_mem2048_repro_v1\s1_t1to5\solutions\cie_core_nominal__cie_core_n008_f004_m004_proc100__proposed__solverseed_1__trainseed_5__stability_full_trainseed_5.sol,,,,D:\git\git\RDMCT-A3C\cie\models\proposed\cie_proposed_all_cie_proposed\cie_proposed_all_cie_proposed_2026_08_02_15_28_19_0000--s-5\itr_60.pkl,23,True,beam_search,
cie_core_nominal,dual_source_cluster_tool,8_to_32_wafers_nominal_processing,test,600.0,[],D:\git\git\RDMCT-A3C\cie\data\core\spbs\cie_core_n008_f006_m002_proc100.lp,spbs\cie_core_n008_f006_m002_proc100.lp,cie_core_n008_f006_m002_proc100.lp,proposed,1,5,stability_full_trainseed_5,full,True,linear,60.0,auto,2026-08-07T11:14:57,optimal,optimal,optimal,0.5673735000000306,0.63672680000127,1,0.01783120000072813,0.0059986114501953125,0.0030012130737304688,0.0039997100830078125,0.0029981136322021484,1,0,945.0,0.0,0.0,834.000001,308.0,58.0,0.0,0.0,1,True,D:\git\git\RDMCT-A3C\cie\results\stability\cie_stability_600s_mem2048_repro_v1\s1_t1to5\solutions\cie_core_nominal__cie_core_n008_f006_m002_proc100__proposed__solverseed_1__trainseed_5__stability_full_trainseed_5.sol,,,,D:\git\git\RDMCT-A3C\cie\models\proposed\cie_proposed_all_cie_proposed\cie_proposed_all_cie_proposed_2026_08_02_15_28_19_0000--s-5\itr_60.pkl,23,True,beam_search,
cie_core_nominal,dual_source_cluster_tool,8_to_32_wafers_nominal_processing,test,600.0,[],D:\git\git\RDMCT-A3C\cie\data\core\spbs\cie_core_n016_f000_m016_proc100.lp,spbs\cie_core_n016_f000_m016_proc100.lp,cie_core_n016_f000_m016_proc100.lp,proposed,1,5,stability_full_trainseed_5,full,True,linear,60.0,auto,2026-08-07T11:14:58,optimal,optimal,optimal,9.055168900000353,9.15865549999944,1,0.015645399998902576,0.005999088287353516,0.0010001659393310547,0.005003213882446289,0.001997232437133789,1,0,4367.0,0.0,802.9218519082507,1136.000001,214.00000200000204,24.499999499999376,8.173562498716116e-16,9.094947017729282e-13,1,True,D:\git\git\RDMCT-A3C\cie\results\stability\cie_stability_600s_mem2048_repro_v1\s1_t1to5\solutions\cie_core_nominal__cie_core_n016_f000_m016_proc100__proposed__solverseed_1__trainseed_5__stability_full_trainseed_5.sol,,,,D:\git\git\RDMCT-A3C\cie\models\proposed\cie_proposed_all_cie_proposed\cie_proposed_all_cie_proposed_2026_08_02_15_28_19_0000--s-5\itr_60.pkl,23,True,beam_search,
cie_core_nominal,dual_source_cluster_tool,8_to_32_wafers_nominal_processing,test,600.0,[],D:\git\git\RDMCT-A3C\cie\data\core\spbs\cie_core_n016_f004_m012_proc100.lp,spbs\cie_core_n016_f004_m012_proc100.lp,cie_core_n016_f004_m012_proc100.lp,proposed,1,5,stability_full_trainseed_5,full,True,linear,60.0,auto,2026-08-07T11:15:07,optimal,optimal,optimal,21.224172300002465,21.3079987000001,1,0.04233199999907811,0.007004261016845703,0.000995635986328125,0.009001731872558594,0.0020017623901367188,1,0,29770.0,0.0,664.9374155287003,1202.000001,405.9999969999967,58.0,1.2809915629762838e-09,5.000003966415534e-07,1,True,D:\git\git\RDMCT-A3C\cie\results\stability\cie_stability_600s_mem2048_repro_v1\s1_t1to5\solutions\cie_core_nominal__cie_core_n016_f004_m012_proc100__proposed__solverseed_1__trainseed_5__stability_full_trainseed_5.sol,,,,D:\git\git\RDMCT-A3C\cie\models\proposed\cie_proposed_all_cie_proposed\cie_proposed_all_cie_proposed_2026_08_02_15_28_19_0000--s-5\itr_60.pkl,23,True,beam_search,
cie_core_nominal,dual_source_cluster_tool,8_to_32_wafers_nominal_processing,test,600.0,[],D:\git\git\RDMCT-A3C\cie\data\core\spbs\cie_core_n016_f008_m008_proc100.lp,spbs\cie_core_n016_f008_m008_proc100.lp,cie_core_n016_f008_m008_proc100.lp,proposed,1,5,stability_full_trainseed_5,full,True,linear,60.0,auto,2026-08-07T11:15:28,optimal,optimal,optimal,14.494133600001078,14.586241099999825,1,0.05073889999948733,0.007002830505371094,0.0,0.006000995635986328,0.0019991397857666016,1,0,19119.0,0.0,748.3813991693356,1170.000001,845.9999989999988,65.0,0.058823530765761294,0.0,1,True,D:\git\git\RDMCT-A3C\cie\results\stability\cie_stability_600s_mem2048_repro_v1\s1_t1to5\solutions\cie_core_nominal__cie_core_n016_f008_m008_proc100__proposed__solverseed_1__trainseed_5__stability_full_trainseed_5.sol,,,,D:\git\git\RDMCT-A3C\cie\models\proposed\cie_proposed_all_cie_proposed\cie_proposed_all_cie_proposed_2026_08_02_15_28_19_0000--s-5\itr_60.pkl,23,True,beam_search,
cie_core_nominal,dual_source_cluster_tool,8_to_32_wafers_nominal_processing,test,600.0,[],D:\git\git\RDMCT-A3C\cie\data\core\spbs\cie_core_n016_f012_m004_proc100.lp,spbs\cie_core_n016_f012_m004_proc100.lp,cie_core_n016_f012_m004_proc100.lp,proposed,1,5,stability_full_trainseed_5,full,True,linear,60.0,auto,2026-08-07T11:15:43,optimal,optimal,optimal,13.75469719999819,13.862939900000129,1,0.02369130000079167,0.006996631622314453,0.0,0.0060007572174072266,0.002002716064453125,1,0,8650.0,0.0,1159.8858633067034,1158.000001,920.0,65.0,0.2861125704223025,0.0,1,True,D:\git\git\RDMCT-A3C\cie\results\stability\cie_stability_600s_mem2048_repro_v1\s1_t1to5\solutions\cie_core_nominal__cie_core_n016_f012_m004_proc100__proposed__solverseed_1__trainseed_5__stability_full_trainseed_5.sol,,,,D:\git\git\RDMCT-A3C\cie\models\proposed\cie_proposed_all_cie_proposed\cie_proposed_all_cie_proposed_2026_08_02_15_28_19_0000--s-5\itr_60.pkl,23,True,beam_search,
cie_core_nominal,dual_source_cluster_tool,8_to_32_wafers_nominal_processing,test,600.0,[],D:\git\git\RDMCT-A3C\cie\data\core\spbs\cie_core_n024_f000_m024_proc100.lp,spbs\cie_core_n024_f000_m024_proc100.lp,cie_core_n024_f000_m024_proc100.lp,proposed,1,5,stability_full_trainseed_5,full,True,linear,60.0,auto,2026-08-07T11:15:56,timelimit,timelimit,incumbent_timelimit_optimal,539.1440167000001,539.3020246999986,1,0.05325019999872893,0.007996559143066406,0.0010018348693847656,0.006002187728881836,0.0009961128234863281,1,0,92180.0,3.741425518637184,42683.69545159978,10506.9989503,128.0,0.0,0.0,0.0,1,True,D:\git\git\RDMCT-A3C\cie\results\stability\cie_stability_600s_mem2048_repro_v1\s1_t1to5\solutions\cie_core_nominal__cie_core_n024_f000_m024_proc100__proposed__solverseed_1__trainseed_5__stability_full_trainseed_5.sol,,,,D:\git\git\RDMCT-A3C\cie\models\proposed\cie_proposed_all_cie_proposed\cie_proposed_all_cie_proposed_2026_08_02_15_28_19_0000--s-5\itr_60.pkl,23,True,beam_search,
cie_core_nominal,dual_source_cluster_tool,8_to_32_wafers_nominal_processing,test,600.0,[],D:\git\git\RDMCT-A3C\cie\data\core\spbs\cie_core_n024_f006_m018_proc100.lp,spbs\cie_core_n024_f006_m018_proc100.lp,cie_core_n024_f006_m018_proc100.lp,proposed,1,5,stability_full_trainseed_5,full,True,linear,60.0,auto,2026-08-07T11:24:56,timelimit,timelimit,incumbent_timelimit_optimal,539.8180311000015,540.0074531000009,1,0.054275000000416185,0.008002996444702148,0.0010001659393310547,0.005001068115234375,0.0019989013671875,1,0,86414.0,3.6526544019911507,42487.26465947302,10514.9989495,3320.0,658.0,0.21465741571734478,0.0,1,True,D:\git\git\RDMCT-A3C\cie\results\stability\cie_stability_600s_mem2048_repro_v1\s1_t1to5\solutions\cie_core_nominal__cie_core_n024_f006_m018_proc100__proposed__solverseed_1__trainseed_5__stability_full_trainseed_5.sol,,,,D:\git\git\RDMCT-A3C\cie\models\proposed\cie_proposed_all_cie_proposed\cie_proposed_all_cie_proposed_2026_08_02_15_28_19_0000--s-5\itr_60.pkl,23,True,beam_search,
cie_core_nominal,dual_source_cluster_tool,8_to_32_wafers_nominal_processing,test,600.0,[],D:\git\git\RDMCT-A3C\cie\data\core\spbs\cie_core_n024_f012_m012_proc100.lp,spbs\cie_core_n024_f012_m012_proc100.lp,cie_core_n024_f012_m012_proc100.lp,proposed,1,5,stability_full_trainseed_5,full,True,linear,60.0,auto,2026-08-07T11:33:56,timelimit,timelimit,incumbent_timelimit_optimal,539.8039119000005,539.9897860000001,1,0.05381970000053116,0.00899362564086914,0.0010039806365966797,0.004996538162231445,0.002002716064453125,1,0,95345.0,3.7536161611663657,42711.08779169841,10514.9989495,3754.0,317.0,0.24014605321403706,0.0,1,True,D:\git\git\RDMCT-A3C\cie\results\stability\cie_stability_600s_mem2048_repro_v1\s1_t1to5\solutions\cie_core_nominal__cie_core_n024_f012_m012_proc100__proposed__solverseed_1__trainseed_5__stability_full_trainseed_5.sol,,,,D:\git\git\RDMCT-A3C\cie\models\proposed\cie_proposed_all_cie_proposed\cie_proposed_all_cie_proposed_2026_08_02_15_28_19_0000--s-5\itr_60.pkl,23,True,beam_search,
cie_core_nominal,dual_source_cluster_tool,8_to_32_wafers_nominal_processing,test,600.0,[],D:\git\git\RDMCT-A3C\cie\data\core\spbs\cie_core_n024_f018_m006_proc100.lp,spbs\cie_core_n024_f018_m006_proc100.lp,cie_core_n024_f018_m006_proc100.lp,proposed,1,5,stability_full_trainseed_5,full,True,linear,60.0,auto,2026-08-07T11:42:56,timelimit,timelimit,incumbent_timelimit_optimal,539.8257073000004,540.1564669999989,1,0.057870399999956135,0.012000799179077148,0.0,0.006000995635986328,0.001999378204345703,1,0,181843.0,0.11974977658623771,11923.578412214327,2506.000001,2296.000003000003,266.0,0.35081309416174705,143.9999989999992,1,True,D:\git\git\RDMCT-A3C\cie\results\stability\cie_stability_600s_mem2048_repro_v1\s1_t1to5\solutions\cie_core_nominal__cie_core_n024_f018_m006_proc100__proposed__solverseed_1__trainseed_5__stability_full_trainseed_5.sol,,,,D:\git\git\RDMCT-A3C\cie\models\proposed\cie_proposed_all_cie_proposed\cie_proposed_all_cie_proposed_2026_08_02_15_28_19_0000--s-5\itr_60.pkl,23,True,beam_search,
cie_core_nominal,dual_source_cluster_tool,8_to_32_wafers_nominal_processing,test,600.0,[],D:\git\git\RDMCT-A3C\cie\data\core\spbs\cie_core_n032_f000_m032_proc100.lp,spbs\cie_core_n032_f000_m032_proc100.lp,cie_core_n032_f000_m032_proc100.lp,proposed,1,5,stability_full_trainseed_5,full,True,linear,60.0,auto,2026-08-07T11:51:56,timelimit,timelimit,incumbent_timelimit_optimal,539.7359134000017,539.9633291000009,1,0.06071440000050643,0.011001110076904297,0.002995729446411133,0.006000995635986328,0.0019996166229248047,1,0,45245.0,3.069272038893189,40965.28551887603,10514.9989495,3629.0,494.0,0.16630408907046917,136.0,1,True,D:\git\git\RDMCT-A3C\cie\results\stability\cie_stability_600s_mem2048_repro_v1\s1_t1to5\solutions\cie_core_nominal__cie_core_n032_f000_m032_proc100__proposed__solverseed_1__trainseed_5__stability_full_trainseed_5.sol,,,,D:\git\git\RDMCT-A3C\cie\models\proposed\cie_proposed_all_cie_proposed\cie_proposed_all_cie_proposed_2026_08_02_15_28_19_0000--s-5\itr_60.pkl,23,True,beam_search,
cie_core_nominal,dual_source_cluster_tool,8_to_32_wafers_nominal_processing,test,600.0,[],D:\git\git\RDMCT-A3C\cie\data\core\spbs\cie_core_n032_f008_m024_proc100.lp,spbs\cie_core_n032_f008_m024_proc100.lp,cie_core_n032_f008_m024_proc100.lp,proposed,1,5,stability_full_trainseed_5,full,True,linear,60.0,auto,2026-08-07T12:00:56,timelimit,timelimit,incumbent_timelimit_optimal,539.7417193000019,539.9357027000024,1,0.06477719999929832,0.013000011444091797,0.0,0.009999752044677734,0.0020003318786621094,1,0,45551.0,3.1660059225435817,41283.622123511996,10514.9989495,10396.0,2029.0,0.0,0.0,1,True,D:\git\git\RDMCT-A3C\cie\results\stability\cie_stability_600s_mem2048_repro_v1\s1_t1to5\solutions\cie_core_nominal__cie_core_n032_f008_m024_proc100__proposed__solverseed_1__trainseed_5__stability_full_trainseed_5.sol,,,,D:\git\git\RDMCT-A3C\cie\models\proposed\cie_proposed_all_cie_proposed\cie_proposed_all_cie_proposed_2026_08_02_15_28_19_0000--s-5\itr_60.pkl,23,True,beam_search,
cie_core_nominal,dual_source_cluster_tool,8_to_32_wafers_nominal_processing,test,600.0,[],D:\git\git\RDMCT-A3C\cie\data\core\spbs\cie_core_n032_f016_m016_proc100.lp,spbs\cie_core_n032_f016_m016_proc100.lp,cie_core_n032_f016_m016_proc100.lp,proposed,1,5,stability_full_trainseed_5,full,True,linear,60.0,auto,2026-08-07T12:09:56,timelimit,timelimit,incumbent_timelimit_optimal,539.8201211000014,540.1099939000014,1,0.032611000002361834,0.014002561569213867,0.0009975433349609375,0.009997844696044922,0.0020017623901367188,1,0,55650.0,3.2347961935158898,41559.20940737122,10514.9989495,4681.0,390.0,0.49778954587334445,262.0,1,True,D:\git\git\RDMCT-A3C\cie\results\stability\cie_stability_600s_mem2048_repro_v1\s1_t1to5\solutions\cie_core_nominal__cie_core_n032_f016_m016_proc100__proposed__solverseed_1__trainseed_5__stability_full_trainseed_5.sol,,,,D:\git\git\RDMCT-A3C\cie\models\proposed\cie_proposed_all_cie_proposed\cie_proposed_all_cie_proposed_2026_08_02_15_28_19_0000--s-5\itr_60.pkl,23,True,beam_search,
cie_core_nominal,dual_source_cluster_tool,8_to_32_wafers_nominal_processing,test,600.0,[],D:\git\git\RDMCT-A3C\cie\data\core\spbs\cie_core_n032_f024_m008_proc100.lp,spbs\cie_core_n032_f024_m008_proc100.lp,cie_core_n032_f024_m008_proc100.lp,proposed,1,5,stability_full_trainseed_5,full,True,linear,60.0,auto,2026-08-07T12:18:56,timelimit,timelimit,incumbent_timelimit_optimal,539.7673300999995,540.0836777000004,1,0.06660059999921941,0.01699972152709961,0.0010004043579101562,0.0060002803802490234,0.0019965171813964844,1,0,44546.0,3.323601541324013,41929.67069025665,10514.9989495,6092.0,357.5,0.7361933563101336,0.0,1,True,D:\git\git\RDMCT-A3C\cie\results\stability\cie_stability_600s_mem2048_repro_v1\s1_t1to5\solutions\cie_core_nominal__cie_core_n032_f024_m008_proc100__proposed__solverseed_1__trainseed_5__stability_full_trainseed_5.sol,,,,D:\git\git\RDMCT-A3C\cie\models\proposed\cie_proposed_all_cie_proposed\cie_proposed_all_cie_proposed_2026_08_02_15_28_19_0000--s-5\itr_60.pkl,23,True,beam_search,
cie_core_nominal,dual_source_cluster_tool,8_to_32_wafers_nominal_processing,test,600.0,[],D:\git\git\RDMCT-A3C\cie\data\core\pure41\cie_core_n008_f008_m000_proc100.lp,pure41\cie_core_n008_f008_m000_proc100.lp,cie_core_n008_f008_m000_proc100.lp,proposed,1,1,stability_linear_off_trainseed_1,linear_off,True,quadratic,60.0,auto,2026-08-07T19:12:46,optimal,optimal,optimal,0.4789682999980869,0.5028351000000839,1,0.3823889999985113,0.005998134613037109,0.0,0.37400197982788086,0.0019998550415039062,1,0,1.0,0.0,2.622949989587057,609.99999580009,415.9999916001798,58.0,0.0,0.0,2,True,D:\git\git\RDMCT-A3C\cie\results\stability\cie_stability_600s_mem2048_repro_v1\s1_t1to5\solutions\cie_core_nominal__cie_core_n008_f008_m000_proc100__proposed__solverseed_1__trainseed_1__stability_linear_off_trainseed_1.sol,,,,D:\git\git\RDMCT-A3C\cie\models\proposed\cie_proposed_all_cie_proposed\cie_proposed_all_cie_proposed_2026_08_02_14_55_21_0000--s-1\itr_60.pkl,23,True,beam_search,
cie_core_nominal,dual_source_cluster_tool,8_to_32_wafers_nominal_processing,test,600.0,[],D:\git\git\RDMCT-A3C\cie\data\core\pure41\cie_core_n016_f016_m000_proc100.lp,pure41\cie_core_n016_f016_m000_proc100.lp,cie_core_n016_f016_m000_proc100.lp,proposed,1,1,stability_linear_off_trainseed_1,linear_off,True,quadratic,60.0,auto,2026-08-07T19:12:47,optimal,optimal,optimal,0.40055239999492187,0.4529058999978588,1,0.03947030000563245,0.0049991607666015625,0.0009999275207519531,0.02900099754333496,0.0010030269622802734,1,0,1.0,0.0,0.0,943.9999999989968,10954.00000100301,10000.0,1.548105950700597e-12,0.0,2,True,D:\git\git\RDMCT-A3C\cie\results\stability\cie_stability_600s_mem2048_repro_v1\s1_t1to5\solutions\cie_core_nominal__cie_core_n016_f016_m000_proc100__proposed__solverseed_1__trainseed_1__stability_linear_off_trainseed_1.sol,,,,D:\git\git\RDMCT-A3C\cie\models\proposed\cie_proposed_all_cie_proposed\cie_proposed_all_cie_proposed_2026_08_02_14_55_21_0000--s-1\itr_60.pkl,23,True,beam_search,
cie_core_nominal,dual_source_cluster_tool,8_to_32_wafers_nominal_processing,test,600.0,[],D:\git\git\RDMCT-A3C\cie\data\core\pure41\cie_core_n024_f024_m000_proc100.lp,pure41\cie_core_n024_f024_m000_proc100.lp,cie_core_n024_f024_m000_proc100.lp,proposed,1,1,stability_linear_off_trainseed_1,linear_off,True,quadratic,60.0,auto,2026-08-07T19:12:47,optimal,optimal,optimal,2.340939299996535,2.4626422000001185,0,0.0,0.0,0.0,0.0,0.0,0,0,1.0,0.0,200.0,1267.9999999989986,31482.000001004002,10000.0,1.3367486984525066e-12,1.0002167982747778e-09,2,True,D:\git\git\RDMCT-A3C\cie\results\stability\cie_stability_600s_mem2048_repro_v1\s1_t1to5\solutions\cie_core_nominal__cie_core_n024_f024_m000_proc100__proposed__solverseed_1__trainseed_1__stability_linear_off_trainseed_1.sol,,,,D:\git\git\RDMCT-A3C\cie\models\proposed\cie_proposed_all_cie_proposed\cie_proposed_all_cie_proposed_2026_08_02_14_55_21_0000--s-1\itr_60.pkl,23,True,beam_search,
cie_core_nominal,dual_source_cluster_tool,8_to_32_wafers_nominal_processing,test,600.0,[],D:\git\git\RDMCT-A3C\cie\data\core\pure41\cie_core_n032_f032_m000_proc100.lp,pure41\cie_core_n032_f032_m000_proc100.lp,cie_core_n032_f032_m000_proc100.lp,proposed,1,1,stability_linear_off_trainseed_1,linear_off,True,quadratic,60.0,auto,2026-08-07T19:12:50,optimal,optimal,optimal,8.065719500009436,8.329399200003536,1,0.056786399996781256,0.012999534606933594,0.0010001659393310547,0.03099679946899414,0.0009996891021728516,1,0,1.0,0.0,700.0,1591.9999999989977,12050.000005002012,10000.0,0.0,0.0,2,True,D:\git\git\RDMCT-A3C\cie\results\stability\cie_stability_600s_mem2048_repro_v1\s1_t1to5\solutions\cie_core_nominal__cie_core_n032_f032_m000_proc100__proposed__solverseed_1__trainseed_1__stability_linear_off_trainseed_1.sol,,,,D:\git\git\RDMCT-A3C\cie\models\proposed\cie_proposed_all_cie_proposed\cie_proposed_all_cie_proposed_2026_08_02_14_55_21_0000--s-1\itr_60.pkl,23,True,beam_search,
cie_core_nominal,dual_source_cluster_tool,8_to_32_wafers_nominal_processing,test,600.0,[],D:\git\git\RDMCT-A3C\cie\data\core\spbs\cie_core_n008_f000_m008_proc100.lp,spbs\cie_core_n008_f000_m008_proc100.lp,cie_core_n008_f000_m008_proc100.lp,proposed,1,1,stability_linear_off_trainseed_1,linear_off,True,quadratic,60.0,auto,2026-08-07T19:12:58,optimal,optimal,optimal,0.9445285999972839,0.9695487999997567,1,0.041333199995278846,0.005998849868774414,0.0,0.031999826431274414,0.0019979476928710938,1,0,439.0,0.0,92.84286594460829,767.9999992610369,60031.99999669131,10000.0,1.9662342041106594e-09,1.1729649713743129e-06,2,True,D:\git\git\RDMCT-A3C\cie\results\stability\cie_stability_600s_mem2048_repro_v1\s1_t1to5\solutions\cie_core_nominal__cie_core_n008_f000_m008_proc100__proposed__solverseed_1__trainseed_1__stability_linear_off_trainseed_1.sol,,,,D:\git\git\RDMCT-A3C\cie\models\proposed\cie_proposed_all_cie_proposed\cie_proposed_all_cie_proposed_2026_08_02_14_55_21_0000--s-1\itr_60.pkl,23,True,beam_search,
cie_core_nominal,dual_source_cluster_tool,8_to_32_wafers_nominal_processing,test,600.0,[],D:\git\git\RDMCT-A3C\cie\data\core\spbs\cie_core_n008_f002_m006_proc100.lp,spbs\cie_core_n008_f002_m006_proc100.lp,cie_core_n008_f002_m006_proc100.lp,proposed,1,1,stability_linear_off_trainseed_1,linear_off,True,quadratic,60.0,auto,2026-08-07T19:12:59,optimal,optimal,optimal,1.7258242999960203,1.784450500003004,1,0.041424900002311915,0.005999088287353516,0.0,0.032003164291381836,0.0019996166229248047,1,0,619.0,0.0,182.9447018254498,899.9999999999997,60326.0,10000.0,0.0,0.0,2,True,D:\git\git\RDMCT-A3C\cie\results\stability\cie_stability_600s_mem2048_repro_v1\s1_t1to5\solutions\cie_core_nominal__cie_core_n008_f002_m006_proc100__proposed__solverseed_1__trainseed_1__stability_linear_off_trainseed_1.sol,,,,D:\git\git\RDMCT-A3C\cie\models\proposed\cie_proposed_all_cie_proposed\cie_proposed_all_cie_proposed_2026_08_02_14_55_21_0000--s-1\itr_60.pkl,23,True,beam_search,
cie_core_nominal,dual_source_cluster_tool,8_to_32_wafers_nominal_processing,test,600.0,[],D:\git\git\RDMCT-A3C\cie\data\core\spbs\cie_core_n008_f004_m004_proc100.lp,spbs\cie_core_n008_f004_m004_proc100.lp,cie_core_n008_f004_m004_proc100.lp,proposed,1,1,stability_linear_off_trainseed_1,linear_off,True,quadratic,60.0,auto,2026-08-07T19:13:01,optimal,optimal,optimal,1.8252492000028724,1.883011300000362,1,0.04077849999885075,0.004999876022338867,0.0009999275207519531,0.030998706817626953,0.0010051727294921875,1,0,717.0,0.0,92.30988787665362,834.000000000003,40249.999998000014,10000.0,2.717374298863616e-09,0.0,2,True,D:\git\git\RDMCT-A3C\cie\results\stability\cie_stability_600s_mem2048_repro_v1\s1_t1to5\solutions\cie_core_nominal__cie_core_n008_f004_m004_proc100__proposed__solverseed_1__trainseed_1__stability_linear_off_trainseed_1.sol,,,,D:\git\git\RDMCT-A3C\cie\models\proposed\cie_proposed_all_cie_proposed\cie_proposed_all_cie_proposed_2026_08_02_14_55_21_0000--s-1\itr_60.pkl,23,True,beam_search,
cie_core_nominal,dual_source_cluster_tool,8_to_32_wafers_nominal_processing,test,600.0,[],D:\git\git\RDMCT-A3C\cie\data\core\spbs\cie_core_n008_f006_m002_proc100.lp,spbs\cie_core_n008_f006_m002_proc100.lp,cie_core_n008_f006_m002_proc100.lp,proposed,1,1,stability_linear_off_trainseed_1,linear_off,True,quadratic,60.0,auto,2026-08-07T19:13:03,optimal,optimal,optimal,1.1495475999981863,1.2158583999989787,1,0.04336139999941224,0.005998373031616211,0.0010001659393310547,0.03299689292907715,0.0020062923431396484,1,0,394.0,0.0,92.30988787665362,833.999999999999,10436.000001000002,10000.0,0.0,0.0,2,True,D:\git\git\RDMCT-A3C\cie\results\stability\cie_stability_600s_mem2048_repro_v1\s1_t1to5\solutions\cie_core_nominal__cie_core_n008_f006_m002_proc100__proposed__solverseed_1__trainseed_1__stability_linear_off_trainseed_1.sol,,,,D:\git\git\RDMCT-A3C\cie\models\proposed\cie_proposed_all_cie_proposed\cie_proposed_all_cie_proposed_2026_08_02_14_55_21_0000--s-1\itr_60.pkl,23,True,beam_search,
cie_core_nominal,dual_source_cluster_tool,8_to_32_wafers_nominal_processing,test,600.0,[],D:\git\git\RDMCT-A3C\cie\data\core\spbs\cie_core_n016_f000_m016_proc100.lp,spbs\cie_core_n016_f000_m016_proc100.lp,cie_core_n016_f000_m016_proc100.lp,proposed,1,1,stability_linear_off_trainseed_1,linear_off,True,quadratic,60.0,auto,2026-08-07T19:13:04,optimal,optimal,optimal,174.93385910000507,175.01941539999825,1,0.058562199999869335,0.006000041961669922,0.0,0.04700016975402832,0.001996755599975586,1,0,94274.0,0.0,15524.61595927143,1136.0000000000002,100214.0,10000.0,0.0,0.0,3,True,D:\git\git\RDMCT-A3C\cie\results\stability\cie_stability_600s_mem2048_repro_v1\s1_t1to5\solutions\cie_core_nominal__cie_core_n016_f000_m016_proc100__proposed__solverseed_1__trainseed_1__stability_linear_off_trainseed_1.sol,,,,D:\git\git\RDMCT-A3C\cie\models\proposed\cie_proposed_all_cie_proposed\cie_proposed_all_cie_proposed_2026_08_02_14_55_21_0000--s-1\itr_60.pkl,23,True,beam_search,
cie_core_nominal,dual_source_cluster_tool,8_to_32_wafers_nominal_processing,test,600.0,[],D:\git\git\RDMCT-A3C\cie\data\core\spbs\cie_core_n016_f004_m012_proc100.lp,spbs\cie_core_n016_f004_m012_proc100.lp,cie_core_n016_f004_m012_proc100.lp,proposed,1,1,stability_linear_off_trainseed_1,linear_off,True,quadratic,60.0,auto,2026-08-07T19:15:59,optimal,optimal,optimal,18.794029500008037,18.875778800000262,1,0.08395969999401132,0.046999454498291016,0.0010006427764892578,0.031999826431274414,0.0019974708557128906,1,0,7451.0,0.0,1686.999122128103,1202.0000000000005,40518.000004,10000.0,4.633974363652828e-16,2.2737367544323206e-13,2,True,D:\git\git\RDMCT-A3C\cie\results\stability\cie_stability_600s_mem2048_repro_v1\s1_t1to5\solutions\cie_core_nominal__cie_core_n016_f004_m012_proc100__proposed__solverseed_1__trainseed_1__stability_linear_off_trainseed_1.sol,,,,D:\git\git\RDMCT-A3C\cie\models\proposed\cie_proposed_all_cie_proposed\cie_proposed_all_cie_proposed_2026_08_02_14_55_21_0000--s-1\itr_60.pkl,23,True,beam_search,
cie_core_nominal,dual_source_cluster_tool,8_to_32_wafers_nominal_processing,test,600.0,[],D:\git\git\RDMCT-A3C\cie\data\core\spbs\cie_core_n016_f008_m008_proc100.lp,spbs\cie_core_n016_f008_m008_proc100.lp,cie_core_n016_f008_m008_proc100.lp,proposed,1,1,stability_linear_off_trainseed_1,linear_off,True,quadratic,60.0,auto,2026-08-07T19:16:18,optimal,optimal,optimal,18.541375499989954,18.630350599996746,1,0.09949250000499887,0.008003711700439453,0.0,0.0540003776550293,0.0010073184967041016,1,0,11789.0,0.0,1364.7826211889949,1169.9999999989977,40873.000002000015,10000.0,0.09350402817209878,42.0,2,True,D:\git\git\RDMCT-A3C\cie\results\stability\cie_stability_600s_mem2048_repro_v1\s1_t1to5\solutions\cie_core_nominal__cie_core_n016_f008_m008_proc100__proposed__solverseed_1__trainseed_1__stability_linear_off_trainseed_1.sol,,,,D:\git\git\RDMCT-A3C\cie\models\proposed\cie_proposed_all_cie_proposed\cie_proposed_all_cie_proposed_2026_08_02_14_55_21_0000--s-1\itr_60.pkl,23,True,beam_search,
cie_core_nominal,dual_source_cluster_tool,8_to_32_wafers_nominal_processing,test,600.0,[],D:\git\git\RDMCT-A3C\cie\data\core\spbs\cie_core_n016_f012_m004_proc100.lp,spbs\cie_core_n016_f012_m004_proc100.lp,cie_core_n016_f012_m004_proc100.lp,proposed,1,1,stability_linear_off_trainseed_1,linear_off,True,quadratic,60.0,auto,2026-08-07T19:16:36,optimal,optimal,optimal,25.881582599999092,25.94844490000105,1,0.10591699999349657,0.00899958610534668,0.0,0.059000253677368164,0.0009968280792236328,1,0,12312.0,0.0,2331.1554652696123,1158.000000000001,31067.00000400001,10000.0,0.2861125704223025,0.0,2,True,D:\git\git\RDMCT-A3C\cie\results\stability\cie_stability_600s_mem2048_repro_v1\s1_t1to5\solutions\cie_core_nominal__cie_core_n016_f012_m004_proc100__proposed__solverseed_1__trainseed_1__stability_linear_off_trainseed_1.sol,,,,D:\git\git\RDMCT-A3C\cie\models\proposed\cie_proposed_all_cie_proposed\cie_proposed_all_cie_proposed_2026_08_02_14_55_21_0000--s-1\itr_60.pkl,23,True,beam_search,
cie_core_nominal,dual_source_cluster_tool,8_to_32_wafers_nominal_processing,test,600.0,[],D:\git\git\RDMCT-A3C\cie\data\core\spbs\cie_core_n024_f000_m024_proc100.lp,spbs\cie_core_n024_f000_m024_proc100.lp,cie_core_n024_f000_m024_proc100.lp,proposed,1,1,stability_linear_off_trainseed_1,linear_off,True,quadratic,60.0,auto,2026-08-07T19:17:02,timelimit,timelimit,incumbent_timelimit_optimal,540.9039603000056,541.0919372999997,2,0.1325797000026796,0.0070002079010009766,0.001996755599975586,0.0500028133392334,0.0019998550415039062,2,0,116228.0,3.741425518637184,42685.29373887655,4295.999990930002,160127.99999416,10000.0,2.2801634000873176e-09,3.560001232472132e-06,2,True,D:\git\git\RDMCT-A3C\cie\results\stability\cie_stability_600s_mem2048_repro_v1\s1_t1to5\solutions\cie_core_nominal__cie_core_n024_f000_m024_proc100__proposed__solverseed_1__trainseed_1__stability_linear_off_trainseed_1.sol,,,,D:\git\git\RDMCT-A3C\cie\models\proposed\cie_proposed_all_cie_proposed\cie_proposed_all_cie_proposed_2026_08_02_14_55_21_0000--s-1\itr_60.pkl,23,True,beam_search,
cie_core_nominal,dual_source_cluster_tool,8_to_32_wafers_nominal_processing,test,600.0,[],D:\git\git\RDMCT-A3C\cie\data\core\spbs\cie_core_n024_f006_m018_proc100.lp,spbs\cie_core_n024_f006_m018_proc100.lp,cie_core_n024_f006_m018_proc100.lp,proposed,1,1,stability_linear_off_trainseed_1,linear_off,True,quadratic,60.0,auto,2026-08-07T19:26:03,optimal,optimal,optimal,470.99083700000483,471.15018590000545,1,0.08041490000323392,0.00799417495727539,0.001003265380859375,0.032000064849853516,0.0019998550415039062,1,0,93326.0,0.0,35984.47182149448,2289.9999999989986,101581.00000400202,10000.0,0.0,0.0,2,True,D:\git\git\RDMCT-A3C\cie\results\stability\cie_stability_600s_mem2048_repro_v1\s1_t1to5\solutions\cie_core_nominal__cie_core_n024_f006_m018_proc100__proposed__solverseed_1__trainseed_1__stability_linear_off_trainseed_1.sol,,,,D:\git\git\RDMCT-A3C\cie\models\proposed\cie_proposed_all_cie_proposed\cie_proposed_all_cie_proposed_2026_08_02_14_55_21_0000--s-1\itr_60.pkl,23,True,beam_search,
cie_core_nominal,dual_source_cluster_tool,8_to_32_wafers_nominal_processing,test,600.0,[],D:\git\git\RDMCT-A3C\cie\data\core\spbs\cie_core_n024_f012_m012_proc100.lp,spbs\cie_core_n024_f012_m012_proc100.lp,cie_core_n024_f012_m012_proc100.lp,proposed,1,1,stability_linear_off_trainseed_1,linear_off,True,quadratic,60.0,auto,2026-08-07T19:33:54,timelimit,timelimit,incumbent_timelimit_optimal,540.5105213000061,540.7264072000035,2,0.10821299999952316,0.009999990463256836,0.0,0.05699968338012695,0.002004861831665039,2,0,116583.0,3.7450356265794227,42692.29727161561,2395.999990820001,106118.99996640367,10000.0,0.24014605301434028,1.7809167047744268e-06,2,True,D:\git\git\RDMCT-A3C\cie\results\stability\cie_stability_600s_mem2048_repro_v1\s1_t1to5\solutions\cie_core_nominal__cie_core_n024_f012_m012_proc100__proposed__solverseed_1__trainseed_1__stability_linear_off_trainseed_1.sol,,,,D:\git\git\RDMCT-A3C\cie\models\proposed\cie_proposed_all_cie_proposed\cie_proposed_all_cie_proposed_2026_08_02_14_55_21_0000--s-1\itr_60.pkl,23,True,beam_search,
cie_core_nominal,dual_source_cluster_tool,8_to_32_wafers_nominal_processing,test,600.0,[],D:\git\git\RDMCT-A3C\cie\data\core\spbs\cie_core_n024_f018_m006_proc100.lp,spbs\cie_core_n024_f018_m006_proc100.lp,cie_core_n024_f018_m006_proc100.lp,proposed,1,1,stability_linear_off_trainseed_1,linear_off,True,quadratic,60.0,auto,2026-08-07T19:42:55,optimal,optimal,optimal,268.0227809000062,268.2053453999979,1,0.05669240000133868,0.01099848747253418,0.003997802734375,0.03500247001647949,0.002003192901611328,1,0,107650.0,0.0,6644.493759765724,2269.9999999999973,33072.00000500003,10000.0,0.6081243178148081,66.0,2,True,D:\git\git\RDMCT-A3C\cie\results\stability\cie_stability_600s_mem2048_repro_v1\s1_t1to5\solutions\cie_core_nominal__cie_core_n024_f018_m006_proc100__proposed__solverseed_1__trainseed_1__stability_linear_off_trainseed_1.sol,,,,D:\git\git\RDMCT-A3C\cie\models\proposed\cie_proposed_all_cie_proposed\cie_proposed_all_cie_proposed_2026_08_02_14_55_21_0000--s-1\itr_60.pkl,23,True,beam_search,
cie_core_nominal,dual_source_cluster_tool,8_to_32_wafers_nominal_processing,test,600.0,[],D:\git\git\RDMCT-A3C\cie\data\core\spbs\cie_core_n032_f000_m032_proc100.lp,spbs\cie_core_n032_f000_m032_proc100.lp,cie_core_n032_f000_m032_proc100.lp,proposed,1,1,stability_linear_off_trainseed_1,linear_off,True,quadratic,60.0,auto,2026-08-07T19:47:23,timelimit,timelimit,incumbent_timelimit_optimal,539.2980366999982,539.5373085000028,2,0.09966030000214232,0.007996797561645508,0.0010001659393310547,0.04799914360046387,0.0020029544830322266,2,0,56573.0,3.072424069907049,40985.69352678771,3333.9999940200078,202495.99998324653,10000.0,0.16888453336186746,200.52091861089957,2,True,D:\git\git\RDMCT-A3C\cie\results\stability\cie_stability_600s_mem2048_repro_v1\s1_t1to5\solutions\cie_core_nominal__cie_core_n032_f000_m032_proc100__proposed__solverseed_1__trainseed_1__stability_linear_off_trainseed_1.sol,,,,D:\git\git\RDMCT-A3C\cie\models\proposed\cie_proposed_all_cie_proposed\cie_proposed_all_cie_proposed_2026_08_02_14_55_21_0000--s-1\itr_60.pkl,23,True,beam_search,
cie_core_nominal,dual_source_cluster_tool,8_to_32_wafers_nominal_processing,test,600.0,[],D:\git\git\RDMCT-A3C\cie\data\core\spbs\cie_core_n032_f008_m024_proc100.lp,spbs\cie_core_n032_f008_m024_proc100.lp,cie_core_n032_f008_m024_proc100.lp,proposed,1,1,stability_linear_off_trainseed_1,linear_off,True,quadratic,60.0,auto,2026-08-07T19:56:23,timelimit,timelimit,incumbent_timelimit_optimal,539.7920341999998,539.9975104000041,2,0.027677099998982158,0.007001161575317383,0.00099945068359375,0.015999555587768555,0.0019998550415039062,2,0,53929.0,3.1660059225435817,41324.925028260455,4654.999988979422,146501.99995910312,10000.0,2.2801629449880964e-09,3.56000032297743e-06,2,True,D:\git\git\RDMCT-A3C\cie\results\stability\cie_stability_600s_mem2048_repro_v1\s1_t1to5\solutions\cie_core_nominal__cie_core_n032_f008_m024_proc100__proposed__solverseed_1__trainseed_1__stability_linear_off_trainseed_1.sol,,,,D:\git\git\RDMCT-A3C\cie\models\proposed\cie_proposed_all_cie_proposed\cie_proposed_all_cie_proposed_2026_08_02_14_55_21_0000--s-1\itr_60.pkl,23,True,beam_search,
cie_core_nominal,dual_source_cluster_tool,8_to_32_wafers_nominal_processing,test,600.0,[],D:\git\git\RDMCT-A3C\cie\data\core\spbs\cie_core_n032_f016_m016_proc100.lp,spbs\cie_core_n032_f016_m016_proc100.lp,cie_core_n032_f016_m016_proc100.lp,proposed,1,1,stability_linear_off_trainseed_1,linear_off,True,quadratic,60.0,auto,2026-08-07T20:05:23,timelimit,timelimit,incumbent_timelimit_optimal,543.0254891000077,543.2682324999987,2,0.09626910000224598,0.013995647430419922,0.0,0.03300046920776367,0.0019998550415039062,2,0,50293.0,3.120297393612853,41308.28749495873,3308.9999865798573,134539.99995654626,10000.0,0.5124902701042106,360.16333060496186,2,True,D:\git\git\RDMCT-A3C\cie\results\stability\cie_stability_600s_mem2048_repro_v1\s1_t1to5\solutions\cie_core_nominal__cie_core_n032_f016_m016_proc100__proposed__solverseed_1__trainseed_1__stability_linear_off_trainseed_1.sol,,,,D:\git\git\RDMCT-A3C\cie\models\proposed\cie_proposed_all_cie_proposed\cie_proposed_all_cie_proposed_2026_08_02_14_55_21_0000--s-1\itr_60.pkl,23,True,beam_search,
cie_core_nominal,dual_source_cluster_tool,8_to_32_wafers_nominal_processing,test,600.0,[],D:\git\git\RDMCT-A3C\cie\data\core\spbs\cie_core_n032_f024_m008_proc100.lp,spbs\cie_core_n032_f024_m008_proc100.lp,cie_core_n032_f024_m008_proc100.lp,proposed,1,1,stability_linear_off_trainseed_1,linear_off,True,quadratic,60.0,auto,2026-08-07T20:14:26,timelimit,timelimit,incumbent_timelimit_optimal,541.9784337000019,542.3218102999963,2,0.08096559999830788,0.014002084732055664,0.0009996891021728516,0.03999757766723633,0.002002716064453125,2,0,60671.0,3.321824475339088,41889.84904936411,4181.999987400001,104291.99997141812,10000.0,0.6844027974260677,521.9999991131535,2,True,D:\git\git\RDMCT-A3C\cie\results\stability\cie_stability_600s_mem2048_repro_v1\s1_t1to5\solutions\cie_core_nominal__cie_core_n032_f024_m008_proc100__proposed__solverseed_1__trainseed_1__stability_linear_off_trainseed_1.sol,,,,D:\git\git\RDMCT-A3C\cie\models\proposed\cie_proposed_all_cie_proposed\cie_proposed_all_cie_proposed_2026_08_02_14_55_21_0000--s-1\itr_60.pkl,23,True,beam_search,
cie_core_nominal,dual_source_cluster_tool,8_to_32_wafers_nominal_processing,test,600.0,[],D:\git\git\RDMCT-A3C\cie\data\core\pure41\cie_core_n008_f008_m000_proc100.lp,pure41\cie_core_n008_f008_m000_proc100.lp,cie_core_n008_f008_m000_proc100.lp,proposed,1,2,stability_linear_off_trainseed_2,linear_off,True,quadratic,60.0,auto,2026-08-07T20:23:31,optimal,optimal,optimal,0.459156000004441,0.47961819999909494,1,0.3597583000009763,0.005999326705932617,0.0,0.35100340843200684,0.0019996166229248047,1,0,1.0,0.0,0.0,609.99999580009,415.9999916001798,58.0,0.0,0.0,2,True,D:\git\git\RDMCT-A3C\cie\results\stability\cie_stability_600s_mem2048_repro_v1\s1_t1to5\solutions\cie_core_nominal__cie_core_n008_f008_m000_proc100__proposed__solverseed_1__trainseed_2__stability_linear_off_trainseed_2.sol,,,,D:\git\git\RDMCT-A3C\cie\models\proposed\cie_proposed_all_cie_proposed\cie_proposed_all_cie_proposed_2026_08_02_15_03_12_0000--s-2\itr_60.pkl,23,True,beam_search,
cie_core_nominal,dual_source_cluster_tool,8_to_32_wafers_nominal_processing,test,600.0,[],D:\git\git\RDMCT-A3C\cie\data\core\pure41\cie_core_n016_f016_m000_proc100.lp,pure41\cie_core_n016_f016_m000_proc100.lp,cie_core_n016_f016_m000_proc100.lp,proposed,1,2,stability_linear_off_trainseed_2,linear_off,True,quadratic,60.0,auto,2026-08-07T20:23:31,optimal,optimal,optimal,0.38042509999650065,0.43326169999636477,1,0.016269400002784096,0.00599980354309082,0.0,0.003997802734375,0.0020029544830322266,1,0,1.0,0.0,100.0,943.9999999989968,10954.00000100301,10000.0,1.548105950700597e-12,0.0,2,True,D:\git\git\RDMCT-A3C\cie\results\stability\cie_stability_600s_mem2048_repro_v1\s1_t1to5\solutions\cie_core_nominal__cie_core_n016_f016_m000_proc100__proposed__solverseed_1__trainseed_2__stability_linear_off_trainseed_2.sol,,,,D:\git\git\RDMCT-A3C\cie\models\proposed\cie_proposed_all_cie_proposed\cie_proposed_all_cie_proposed_2026_08_02_15_03_12_0000--s-2\itr_60.pkl,23,True,beam_search,
cie_core_nominal,dual_source_cluster_tool,8_to_32_wafers_nominal_processing,test,600.0,[],D:\git\git\RDMCT-A3C\cie\data\core\pure41\cie_core_n024_f024_m000_proc100.lp,pure41\cie_core_n024_f024_m000_proc100.lp,cie_core_n024_f024_m000_proc100.lp,proposed,1,2,stability_linear_off_trainseed_2,linear_off,True,quadratic,60.0,auto,2026-08-07T20:23:32,optimal,optimal,optimal,2.362068600006751,2.5159754999986035,0,0.0,0.0,0.0,0.0,0.0,0,0,1.0,0.0,200.0,1267.9999999989986,31482.000001004002,10000.0,1.3367486984525066e-12,1.0002167982747778e-09,2,True,D:\git\git\RDMCT-A3C\cie\results\stability\cie_stability_600s_mem2048_repro_v1\s1_t1to5\solutions\cie_core_nominal__cie_core_n024_f024_m000_proc100__proposed__solverseed_1__trainseed_2__stability_linear_off_trainseed_2.sol,,,,D:\git\git\RDMCT-A3C\cie\models\proposed\cie_proposed_all_cie_proposed\cie_proposed_all_cie_proposed_2026_08_02_15_03_12_0000--s-2\itr_60.pkl,23,True,beam_search,
cie_core_nominal,dual_source_cluster_tool,8_to_32_wafers_nominal_processing,test,600.0,[],D:\git\git\RDMCT-A3C\cie\data\core\pure41\cie_core_n032_f032_m000_proc100.lp,pure41\cie_core_n032_f032_m000_proc100.lp,cie_core_n032_f032_m000_proc100.lp,proposed,1,2,stability_linear_off_trainseed_2,linear_off,True,quadratic,60.0,auto,2026-08-07T20:23:34,optimal,optimal,optimal,8.238169100004598,8.512952299999597,1,0.056953300001623575,0.011996984481811523,0.001003265380859375,0.004996776580810547,0.0020020008087158203,1,0,1.0,0.0,800.0,1591.9999999989977,12050.000005002012,10000.0,0.0,0.0,2,True,D:\git\git\RDMCT-A3C\cie\results\stability\cie_stability_600s_mem2048_repro_v1\s1_t1to5\solutions\cie_core_nominal__cie_core_n032_f032_m000_proc100__proposed__solverseed_1__trainseed_2__stability_linear_off_trainseed_2.sol,,,,D:\git\git\RDMCT-A3C\cie\models\proposed\cie_proposed_all_cie_proposed\cie_proposed_all_cie_proposed_2026_08_02_15_03_12_0000--s-2\itr_60.pkl,23,True,beam_search,
cie_core_nominal,dual_source_cluster_tool,8_to_32_wafers_nominal_processing,test,600.0,[],D:\git\git\RDMCT-A3C\cie\data\core\spbs\cie_core_n008_f000_m008_proc100.lp,spbs\cie_core_n008_f000_m008_proc100.lp,cie_core_n008_f000_m008_proc100.lp,proposed,1,2,stability_linear_off_trainseed_2,linear_off,True,quadratic,60.0,auto,2026-08-07T20:23:43,optimal,optimal,optimal,1.0314061000026413,1.0919188000043505,1,0.01883809999708319,0.006000995635986328,0.0,0.009999990463256836,0.0019998550415039062,1,0,950.0,0.0,92.69058649662122,767.999999998999,60032.0,10000.0,0.0,0.0,2,True,D:\git\git\RDMCT-A3C\cie\results\stability\cie_stability_600s_mem2048_repro_v1\s1_t1to5\solutions\cie_core_nominal__cie_core_n008_f000_m008_proc100__proposed__solverseed_1__trainseed_2__stability_linear_off_trainseed_2.sol,,,,D:\git\git\RDMCT-A3C\cie\models\proposed\cie_proposed_all_cie_proposed\cie_proposed_all_cie_proposed_2026_08_02_15_03_12_0000--s-2\itr_60.pkl,23,True,beam_search,
cie_core_nominal,dual_source_cluster_tool,8_to_32_wafers_nominal_processing,test,600.0,[],D:\git\git\RDMCT-A3C\cie\data\core\spbs\cie_core_n008_f002_m006_proc100.lp,spbs\cie_core_n008_f002_m006_proc100.lp,cie_core_n008_f002_m006_proc100.lp,proposed,1,2,stability_linear_off_trainseed_2,linear_off,True,quadratic,60.0,auto,2026-08-07T20:23:44,optimal,optimal,optimal,1.9471107000063057,1.9705456999945454,1,0.015578499995172024,0.005999088287353516,0.0010027885437011719,0.004996776580810547,0.0020029544830322266,1,0,561.0,0.0,183.02084154944362,899.9999959001007,60325.9999959001,10000.0,0.0,0.0,2,True,D:\git\git\RDMCT-A3C\cie\results\stability\cie_stability_600s_mem2048_repro_v1\s1_t1to5\solutions\cie_core_nominal__cie_core_n008_f002_m006_proc100__proposed__solverseed_1__trainseed_2__stability_linear_off_trainseed_2.sol,,,,D:\git\git\RDMCT-A3C\cie\models\proposed\cie_proposed_all_cie_proposed\cie_proposed_all_cie_proposed_2026_08_02_15_03_12_0000--s-2\itr_60.pkl,23,True,beam_search,
cie_core_nominal,dual_source_cluster_tool,8_to_32_wafers_nominal_processing,test,600.0,[],D:\git\git\RDMCT-A3C\cie\data\core\spbs\cie_core_n008_f004_m004_proc100.lp,spbs\cie_core_n008_f004_m004_proc100.lp,cie_core_n008_f004_m004_proc100.lp,proposed,1,2,stability_linear_off_trainseed_2,linear_off,True,quadratic,60.0,auto,2026-08-07T20:23:46,optimal,optimal,optimal,0.9767391999994288,1.0335973999972339,1,0.016039499998441897,0.00499725341796875,0.0010035037994384766,0.004996538162231445,0.0019998550415039062,1,0,539.0,0.0,92.30988787665362,833.9999961617352,50758.09919751793,10000.0,0.027272088903183802,0.0,1,True,D:\git\git\RDMCT-A3C\cie\results\stability\cie_stability_600s_mem2048_repro_v1\s1_t1to5\solutions\cie_core_nominal__cie_core_n008_f004_m004_proc100__proposed__solverseed_1__trainseed_2__stability_linear_off_trainseed_2.sol,,,,D:\git\git\RDMCT-A3C\cie\models\proposed\cie_proposed_all_cie_proposed\cie_proposed_all_cie_proposed_2026_08_02_15_03_12_0000--s-2\itr_60.pkl,23,True,beam_search,
cie_core_nominal,dual_source_cluster_tool,8_to_32_wafers_nominal_processing,test,600.0,[],D:\git\git\RDMCT-A3C\cie\data\core\spbs\cie_core_n008_f006_m002_proc100.lp,spbs\cie_core_n008_f006_m002_proc100.lp,cie_core_n008_f006_m002_proc100.lp,proposed,1,2,stability_linear_off_trainseed_2,linear_off,True,quadratic,60.0,auto,2026-08-07T20:23:47,optimal,optimal,optimal,1.810027400002582,1.8368319000001065,1,0.014556299996911548,0.0050029754638671875,0.0009968280792236328,0.005003452301025391,0.0019998550415039062,1,0,572.0,0.0,184.61977575330724,833.9999999989989,10270.000001002001,10000.0,0.0,0.0,2,True,D:\git\git\RDMCT-A3C\cie\results\stability\cie_stability_600s_mem2048_repro_v1\s1_t1to5\solutions\cie_core_nominal__cie_core_n008_f006_m002_proc100__proposed__solverseed_1__trainseed_2__stability_linear_off_trainseed_2.sol,,,,D:\git\git\RDMCT-A3C\cie\models\proposed\cie_proposed_all_cie_proposed\cie_proposed_all_cie_proposed_2026_08_02_15_03_12_0000--s-2\itr_60.pkl,23,True,beam_search,
cie_core_nominal,dual_source_cluster_tool,8_to_32_wafers_nominal_processing,test,600.0,[],D:\git\git\RDMCT-A3C\cie\data\core\spbs\cie_core_n016_f000_m016_proc100.lp,spbs\cie_core_n016_f000_m016_proc100.lp,cie_core_n016_f000_m016_proc100.lp,proposed,1,2,stability_linear_off_trainseed_2,linear_off,True,quadratic,60.0,auto,2026-08-07T20:23:49,optimal,optimal,optimal,56.59574660000362,56.68019249999634,1,0.06974040000204695,0.007002592086791992,0.0019996166229248047,0.00499725341796875,0.0019996166229248047,1,0,28077.0,0.0,4994.99375314742,1135.9999999989998,100214.000000002,10000.0,0.0,0.0,2,True,D:\git\git\RDMCT-A3C\cie\results\stability\cie_stability_600s_mem2048_repro_v1\s1_t1to5\solutions\cie_core_nominal__cie_core_n016_f000_m016_proc100__proposed__solverseed_1__trainseed_2__stability_linear_off_trainseed_2.sol,,,,D:\git\git\RDMCT-A3C\cie\models\proposed\cie_proposed_all_cie_proposed\cie_proposed_all_cie_proposed_2026_08_02_15_03_12_0000--s-2\itr_60.pkl,23,True,beam_search,
cie_core_nominal,dual_source_cluster_tool,8_to_32_wafers_nominal_processing,test,600.0,[],D:\git\git\RDMCT-A3C\cie\data\core\spbs\cie_core_n016_f004_m012_proc100.lp,spbs\cie_core_n016_f004_m012_proc100.lp,cie_core_n016_f004_m012_proc100.lp,proposed,1,2,stability_linear_off_trainseed_2,linear_off,True,quadratic,60.0,auto,2026-08-07T20:24:45,optimal,optimal,optimal,27.364011099998606,27.445430599997053,1,0.05037750000337837,0.00599980354309082,0.0009968280792236328,0.006000518798828125,0.001999378204345703,1,0,15048.0,0.0,2397.534946435707,1201.9999992609323,40676.99999650842,10000.0,0.014088635690912094,7.000000781581946,2,True,D:\git\git\RDMCT-A3C\cie\results\stability\cie_stability_600s_mem2048_repro_v1\s1_t1to5\solutions\cie_core_nominal__cie_core_n016_f004_m012_proc100__proposed__solverseed_1__trainseed_2__stability_linear_off_trainseed_2.sol,,,,D:\git\git\RDMCT-A3C\cie\models\proposed\cie_proposed_all_cie_proposed\cie_proposed_all_cie_proposed_2026_08_02_15_03_12_0000--s-2\itr_60.pkl,23,True,beam_search,
cie_core_nominal,dual_source_cluster_tool,8_to_32_wafers_nominal_processing,test,600.0,[],D:\git\git\RDMCT-A3C\cie\data\core\spbs\cie_core_n016_f008_m008_proc100.lp,spbs\cie_core_n016_f008_m008_proc100.lp,cie_core_n016_f008_m008_proc100.lp,proposed,1,2,stability_linear_off_trainseed_2,linear_off,True,quadratic,60.0,auto,2026-08-07T20:25:13,optimal,optimal,optimal,19.68263840000145,19.73733809999976,1,0.05046310000034282,0.006996870040893555,0.001001596450805664,0.0049991607666015625,0.0019996166229248047,1,0,10883.0,0.0,1567.347725429704,1169.9999999999989,40999.000003000016,10000.0,0.09350402817209878,42.0,2,True,D:\git\git\RDMCT-A3C\cie\results\stability\cie_stability_600s_mem2048_repro_v1\s1_t1to5\solutions\cie_core_nominal__cie_core_n016_f008_m008_proc100__proposed__solverseed_1__trainseed_2__stability_linear_off_trainseed_2.sol,,,,D:\git\git\RDMCT-A3C\cie\models\proposed\cie_proposed_all_cie_proposed\cie_proposed_all_cie_proposed_2026_08_02_15_03_12_0000--s-2\itr_60.pkl,23,True,beam_search,
cie_core_nominal,dual_source_cluster_tool,8_to_32_wafers_nominal_processing,test,600.0,[],D:\git\git\RDMCT-A3C\cie\data\core\spbs\cie_core_n016_f012_m004_proc100.lp,spbs\cie_core_n016_f012_m004_proc100.lp,cie_core_n016_f012_m004_proc100.lp,proposed,1,2,stability_linear_off_trainseed_2,linear_off,True,quadratic,60.0,auto,2026-08-07T20:25:33,optimal,optimal,optimal,21.76173149999522,21.86348680000083,1,0.021711000001232605,0.007999420166015625,0.0009970664978027344,0.009003400802612305,0.0019996166229248047,1,0,10746.0,0.0,1874.2177615397027,1157.9999999999977,31067.000004000027,10000.0,0.2861125704223025,0.0,2,True,D:\git\git\RDMCT-A3C\cie\results\stability\cie_stability_600s_mem2048_repro_v1\s1_t1to5\solutions\cie_core_nominal__cie_core_n016_f012_m004_proc100__proposed__solverseed_1__trainseed_2__stability_linear_off_trainseed_2.sol,,,,D:\git\git\RDMCT-A3C\cie\models\proposed\cie_proposed_all_cie_proposed\cie_proposed_all_cie_proposed_2026_08_02_15_03_12_0000--s-2\itr_60.pkl,23,True,beam_search,
cie_core_nominal,dual_source_cluster_tool,8_to_32_wafers_nominal_processing,test,600.0,[],D:\git\git\RDMCT-A3C\cie\data\core\spbs\cie_core_n024_f000_m024_proc100.lp,spbs\cie_core_n024_f000_m024_proc100.lp,cie_core_n024_f000_m024_proc100.lp,proposed,1,2,stability_linear_off_trainseed_2,linear_off,True,quadratic,60.0,auto,2026-08-07T20:25:55,timelimit,timelimit,incumbent_timelimit_optimal,541.6015419000032,541.817200999998,2,0.05370810000022175,0.007002830505371094,0.000997304916381836,0.005003213882446289,0.0020029544830322266,2,0,127128.0,3.737150112398557,42705.81188499627,4295.999990930002,160127.99999416,10000.0,2.2801634000873176e-09,3.560001232472132e-06,2,True,D:\git\git\RDMCT-A3C\cie\results\stability\cie_stability_600s_mem2048_repro_v1\s1_t1to5\solutions\cie_core_nominal__cie_core_n024_f000_m024_proc100__proposed__solverseed_1__trainseed_2__stability_linear_off_trainseed_2.sol,,,,D:\git\git\RDMCT-A3C\cie\models\proposed\cie_proposed_all_cie_proposed\cie_proposed_all_cie_proposed_2026_08_02_15_03_12_0000--s-2\itr_60.pkl,23,True,beam_search,
cie_core_nominal,dual_source_cluster_tool,8_to_32_wafers_nominal_processing,test,600.0,[],D:\git\git\RDMCT-A3C\cie\data\core\spbs\cie_core_n024_f006_m018_proc100.lp,spbs\cie_core_n024_f006_m018_proc100.lp,cie_core_n024_f006_m018_proc100.lp,proposed,1,2,stability_linear_off_trainseed_2,linear_off,True,quadratic,60.0,auto,2026-08-07T20:34:56,optimal,optimal,optimal,475.49714239999594,475.6216158000025,1,0.06028630000218982,0.010997295379638672,0.0,0.010000228881835938,0.0019998550415039062,1,0,114546.0,0.0,32717.524506677768,2290.0,112938.00000300001,10000.0,0.0,0.0,2,True,D:\git\git\RDMCT-A3C\cie\results\stability\cie_stability_600s_mem2048_repro_v1\s1_t1to5\solutions\cie_core_nominal__cie_core_n024_f006_m018_proc100__proposed__solverseed_1__trainseed_2__stability_linear_off_trainseed_2.sol,,,,D:\git\git\RDMCT-A3C\cie\models\proposed\cie_proposed_all_cie_proposed\cie_proposed_all_cie_proposed_2026_08_02_15_03_12_0000--s-2\itr_60.pkl,23,True,beam_search,
cie_core_nominal,dual_source_cluster_tool,8_to_32_wafers_nominal_processing,test,600.0,[],D:\git\git\RDMCT-A3C\cie\data\core\spbs\cie_core_n024_f012_m012_proc100.lp,spbs\cie_core_n024_f012_m012_proc100.lp,cie_core_n024_f012_m012_proc100.lp,proposed,1,2,stability_linear_off_trainseed_2,linear_off,True,quadratic,60.0,auto,2026-08-07T20:42:52,timelimit,timelimit,incumbent_timelimit_optimal,540.079327499996,540.3065560000032,2,0.06674449999991339,0.010001182556152344,0.0009999275207519531,0.009000062942504883,0.002000570297241211,2,0,114459.0,3.7450356265794227,42691.430157778304,2395.999990820001,106118.99996640367,10000.0,0.24014605301434028,1.7809167047744268e-06,2,True,D:\git\git\RDMCT-A3C\cie\results\stability\cie_stability_600s_mem2048_repro_v1\s1_t1to5\solutions\cie_core_nominal__cie_core_n024_f012_m012_proc100__proposed__solverseed_1__trainseed_2__stability_linear_off_trainseed_2.sol,,,,D:\git\git\RDMCT-A3C\cie\models\proposed\cie_proposed_all_cie_proposed\cie_proposed_all_cie_proposed_2026_08_02_15_03_12_0000--s-2\itr_60.pkl,23,True,beam_search,
cie_core_nominal,dual_source_cluster_tool,8_to_32_wafers_nominal_processing,test,600.0,[],D:\git\git\RDMCT-A3C\cie\data\core\spbs\cie_core_n024_f018_m006_proc100.lp,spbs\cie_core_n024_f018_m006_proc100.lp,cie_core_n024_f018_m006_proc100.lp,proposed,1,2,stability_linear_off_trainseed_2,linear_off,True,quadratic,60.0,auto,2026-08-07T20:51:52,timelimit,timelimit,incumbent_timelimit_optimal,540.7253789000024,541.012827599996,2,0.06308969999372493,0.009004831314086914,0.0009984970092773438,0.0049974918365478516,0.0010008811950683594,2,0,101983.0,3.702593447450805,42629.89900564326,2839.9999877499795,98812.99997997652,10000.0,0.4571371263759619,68.00000036354311,2,True,D:\git\git\RDMCT-A3C\cie\results\stability\cie_stability_600s_mem2048_repro_v1\s1_t1to5\solutions\cie_core_nominal__cie_core_n024_f018_m006_proc100__proposed__solverseed_1__trainseed_2__stability_linear_off_trainseed_2.sol,,,,D:\git\git\RDMCT-A3C\cie\models\proposed\cie_proposed_all_cie_proposed\cie_proposed_all_cie_proposed_2026_08_02_15_03_12_0000--s-2\itr_60.pkl,23,True,beam_search,
cie_core_nominal,dual_source_cluster_tool,8_to_32_wafers_nominal_processing,test,600.0,[],D:\git\git\RDMCT-A3C\cie\data\core\spbs\cie_core_n032_f000_m032_proc100.lp,spbs\cie_core_n032_f000_m032_proc100.lp,cie_core_n032_f000_m032_proc100.lp,proposed,1,2,stability_linear_off_trainseed_2,linear_off,True,quadratic,60.0,auto,2026-08-07T21:00:53,timelimit,timelimit,incumbent_timelimit_optimal,539.4537837000098,539.704050100001,2,0.05884780000633327,0.007999181747436523,0.000997304916381836,0.0060002803802490234,0.001999378204345703,2,0,60198.0,3.185907224721338,41330.54021312716,3333.9999940200078,202495.99998324653,10000.0,0.16888453336186746,200.52091861089957,2,True,D:\git\git\RDMCT-A3C\cie\results\stability\cie_stability_600s_mem2048_repro_v1\s1_t1to5\solutions\cie_core_nominal__cie_core_n032_f000_m032_proc100__proposed__solverseed_1__trainseed_2__stability_linear_off_trainseed_2.sol,,,,D:\git\git\RDMCT-A3C\cie\models\proposed\cie_proposed_all_cie_proposed\cie_proposed_all_cie_proposed_2026_08_02_15_03_12_0000--s-2\itr_60.pkl,23,True,beam_search,
cie_core_nominal,dual_source_cluster_tool,8_to_32_wafers_nominal_processing,test,600.0,[],D:\git\git\RDMCT-A3C\cie\data\core\spbs\cie_core_n032_f008_m024_proc100.lp,spbs\cie_core_n032_f008_m024_proc100.lp,cie_core_n032_f008_m024_proc100.lp,proposed,1,2,stability_linear_off_trainseed_2,linear_off,True,quadratic,60.0,auto,2026-08-07T21:09:53,timelimit,timelimit,incumbent_timelimit_optimal,539.6991937000057,539.9437233999997,2,0.048334900006011594,0.003999948501586914,0.0,0.0075113773345947266,0.00099945068359375,2,0,54171.0,3.1660059225435817,41325.86654048014,4654.999988979422,146501.99995910312,10000.0,2.2801629449880964e-09,3.56000032297743e-06,2,True,D:\git\git\RDMCT-A3C\cie\results\stability\cie_stability_600s_mem2048_repro_v1\s1_t1to5\solutions\cie_core_nominal__cie_core_n032_f008_m024_proc100__proposed__solverseed_1__trainseed_2__stability_linear_off_trainseed_2.sol,,,,D:\git\git\RDMCT-A3C\cie\models\proposed\cie_proposed_all_cie_proposed\cie_proposed_all_cie_proposed_2026_08_02_15_03_12_0000--s-2\itr_60.pkl,23,True,beam_search,
cie_core_nominal,dual_source_cluster_tool,8_to_32_wafers_nominal_processing,test,600.0,[],D:\git\git\RDMCT-A3C\cie\data\core\spbs\cie_core_n032_f016_m016_proc100.lp,spbs\cie_core_n032_f016_m016_proc100.lp,cie_core_n032_f016_m016_proc100.lp,proposed,1,2,stability_linear_off_trainseed_2,linear_off,True,quadratic,60.0,auto,2026-08-07T21:18:53,timelimit,timelimit,incumbent_timelimit_optimal,543.0504617999977,543.3214545999945,2,0.0944011000028695,0.010999679565429688,0.0009999275207519531,0.005003690719604492,0.0019979476928710938,2,0,48512.0,3.246768557552504,41636.85769655064,3308.9999865798573,134539.99995654626,10000.0,0.5124902701042106,360.16333060496186,2,True,D:\git\git\RDMCT-A3C\cie\results\stability\cie_stability_600s_mem2048_repro_v1\s1_t1to5\solutions\cie_core_nominal__cie_core_n032_f016_m016_proc100__proposed__solverseed_1__trainseed_2__stability_linear_off_trainseed_2.sol,,,,D:\git\git\RDMCT-A3C\cie\models\proposed\cie_proposed_all_cie_proposed\cie_proposed_all_cie_proposed_2026_08_02_15_03_12_0000--s-2\itr_60.pkl,23,True,beam_search,
cie_core_nominal,dual_source_cluster_tool,8_to_32_wafers_nominal_processing,test,600.0,[],D:\git\git\RDMCT-A3C\cie\data\core\spbs\cie_core_n032_f024_m008_proc100.lp,spbs\cie_core_n032_f024_m008_proc100.lp,cie_core_n032_f024_m008_proc100.lp,proposed,1,2,stability_linear_off_trainseed_2,linear_off,True,quadratic,60.0,auto,2026-08-07T21:27:56,timelimit,timelimit,incumbent_timelimit_optimal,541.9802307999926,542.3417827999947,2,0.09865340000396827,0.011002302169799805,0.0,0.010000228881835938,0.0020003318786621094,2,0,67286.0,3.3342947025968677,41928.603212018694,4181.999987400001,104291.99997141812,10000.0,0.6844027974260677,521.9999991131535,2,True,D:\git\git\RDMCT-A3C\cie\results\stability\cie_stability_600s_mem2048_repro_v1\s1_t1to5\solutions\cie_core_nominal__cie_core_n032_f024_m008_proc100__proposed__solverseed_1__trainseed_2__stability_linear_off_trainseed_2.sol,,,,D:\git\git\RDMCT-A3C\cie\models\proposed\cie_proposed_all_cie_proposed\cie_proposed_all_cie_proposed_2026_08_02_15_03_12_0000--s-2\itr_60.pkl,23,True,beam_search,
cie_core_nominal,dual_source_cluster_tool,8_to_32_wafers_nominal_processing,test,600.0,[],D:\git\git\RDMCT-A3C\cie\data\core\pure41\cie_core_n008_f008_m000_proc100.lp,pure41\cie_core_n008_f008_m000_proc100.lp,cie_core_n008_f008_m000_proc100.lp,proposed,1,3,stability_linear_off_trainseed_3,linear_off,True,quadratic,60.0,auto,2026-08-07T21:37:01,optimal,optimal,optimal,0.4808977000066079,0.5061882000009064,1,0.3780767999996897,0.006000518798828125,0.0,0.36999940872192383,0.002000093460083008,1,0,1.0,0.0,0.0,609.99999580009,415.9999916001798,58.0,0.0,0.0,2,True,D:\git\git\RDMCT-A3C\cie\results\stability\cie_stability_600s_mem2048_repro_v1\s1_t1to5\solutions\cie_core_nominal__cie_core_n008_f008_m000_proc100__proposed__solverseed_1__trainseed_3__stability_linear_off_trainseed_3.sol,,,,D:\git\git\RDMCT-A3C\cie\models\proposed\cie_proposed_all_cie_proposed\cie_proposed_all_cie_proposed_2026_08_02_15_10_55_0000--s-3\itr_60.pkl,23,True,beam_search,
cie_core_nominal,dual_source_cluster_tool,8_to_32_wafers_nominal_processing,test,600.0,[],D:\git\git\RDMCT-A3C\cie\data\core\pure41\cie_core_n016_f016_m000_proc100.lp,pure41\cie_core_n016_f016_m000_proc100.lp,cie_core_n016_f016_m000_proc100.lp,proposed,1,3,stability_linear_off_trainseed_3,linear_off,True,quadratic,60.0,auto,2026-08-07T21:37:02,optimal,optimal,optimal,0.382193899997219,0.4355314999993425,1,0.016357300002709962,0.00599980354309082,0.0,0.004997968673706055,0.0019991397857666016,1,0,1.0,0.0,0.0,943.9999999989968,10954.00000100301,10000.0,1.548105950700597e-12,0.0,2,True,D:\git\git\RDMCT-A3C\cie\results\stability\cie_stability_600s_mem2048_repro_v1\s1_t1to5\solutions\cie_core_nominal__cie_core_n016_f016_m000_proc100__proposed__solverseed_1__trainseed_3__stability_linear_off_trainseed_3.sol,,,,D:\git\git\RDMCT-A3C\cie\models\proposed\cie_proposed_all_cie_proposed\cie_proposed_all_cie_proposed_2026_08_02_15_10_55_0000--s-3\itr_60.pkl,23,True,beam_search,
cie_core_nominal,dual_source_cluster_tool,8_to_32_wafers_nominal_processing,test,600.0,[],D:\git\git\RDMCT-A3C\cie\data\core\pure41\cie_core_n024_f024_m000_proc100.lp,pure41\cie_core_n024_f024_m000_proc100.lp,cie_core_n024_f024_m000_proc100.lp,proposed,1,3,stability_linear_off_trainseed_3,linear_off,True,quadratic,60.0,auto,2026-08-07T21:37:02,optimal,optimal,optimal,2.3722022000001743,2.5262638999993214,0,0.0,0.0,0.0,0.0,0.0,0,0,1.0,0.0,200.0,1267.9999999989986,31482.000001004002,10000.0,1.3367486984525066e-12,1.0002167982747778e-09,2,True,D:\git\git\RDMCT-A3C\cie\results\stability\cie_stability_600s_mem2048_repro_v1\s1_t1to5\solutions\cie_core_nominal__cie_core_n024_f024_m000_proc100__proposed__solverseed_1__trainseed_3__stability_linear_off_trainseed_3.sol,,,,D:\git\git\RDMCT-A3C\cie\models\proposed\cie_proposed_all_cie_proposed\cie_proposed_all_cie_proposed_2026_08_02_15_10_55_0000--s-3\itr_60.pkl,23,True,beam_search,
cie_core_nominal,dual_source_cluster_tool,8_to_32_wafers_nominal_processing,test,600.0,[],D:\git\git\RDMCT-A3C\cie\data\core\pure41\cie_core_n032_f032_m000_proc100.lp,pure41\cie_core_n032_f032_m000_proc100.lp,cie_core_n032_f032_m000_proc100.lp,proposed,1,3,stability_linear_off_trainseed_3,linear_off,True,quadratic,60.0,auto,2026-08-07T21:37:04,optimal,optimal,optimal,8.13720319999993,8.407624400002533,1,0.05724529999861261,0.011999845504760742,0.0009968280792236328,0.005002498626708984,0.0020012855529785156,1,0,1.0,0.0,700.0,1591.9999999989977,12050.000005002012,10000.0,0.0,0.0,2,True,D:\git\git\RDMCT-A3C\cie\results\stability\cie_stability_600s_mem2048_repro_v1\s1_t1to5\solutions\cie_core_nominal__cie_core_n032_f032_m000_proc100__proposed__solverseed_1__trainseed_3__stability_linear_off_trainseed_3.sol,,,,D:\git\git\RDMCT-A3C\cie\models\proposed\cie_proposed_all_cie_proposed\cie_proposed_all_cie_proposed_2026_08_02_15_10_55_0000--s-3\itr_60.pkl,23,True,beam_search,
cie_core_nominal,dual_source_cluster_tool,8_to_32_wafers_nominal_processing,test,600.0,[],D:\git\git\RDMCT-A3C\cie\data\core\spbs\cie_core_n008_f000_m008_proc100.lp,spbs\cie_core_n008_f000_m008_proc100.lp,cie_core_n008_f000_m008_proc100.lp,proposed,1,3,stability_linear_off_trainseed_3,linear_off,True,quadratic,60.0,auto,2026-08-07T21:37:13,optimal,optimal,optimal,1.014035200001672,1.0951818999965326,1,0.01746100000309525,0.005999088287353516,0.0030002593994140625,0.0049970149993896484,0.002003192901611328,1,0,950.0,0.0,92.69058649662122,767.999999998999,60032.0,10000.0,0.0,0.0,2,True,D:\git\git\RDMCT-A3C\cie\results\stability\cie_stability_600s_mem2048_repro_v1\s1_t1to5\solutions\cie_core_nominal__cie_core_n008_f000_m008_proc100__proposed__solverseed_1__trainseed_3__stability_linear_off_trainseed_3.sol,,,,D:\git\git\RDMCT-A3C\cie\models\proposed\cie_proposed_all_cie_proposed\cie_proposed_all_cie_proposed_2026_08_02_15_10_55_0000--s-3\itr_60.pkl,23,True,beam_search,
cie_core_nominal,dual_source_cluster_tool,8_to_32_wafers_nominal_processing,test,600.0,[],D:\git\git\RDMCT-A3C\cie\data\core\spbs\cie_core_n008_f002_m006_proc100.lp,spbs\cie_core_n008_f002_m006_proc100.lp,cie_core_n008_f002_m006_proc100.lp,proposed,1,3,stability_linear_off_trainseed_3,linear_off,True,quadratic,60.0,auto,2026-08-07T21:37:14,optimal,optimal,optimal,1.9116652000011527,1.994827800001076,1,0.015262599998095538,0.006001710891723633,0.0010039806365966797,0.004994392395019531,0.0020024776458740234,1,0,561.0,0.0,183.02084154944362,899.9999959001007,60325.9999959001,10000.0,0.0,0.0,2,True,D:\git\git\RDMCT-A3C\cie\results\stability\cie_stability_600s_mem2048_repro_v1\s1_t1to5\solutions\cie_core_nominal__cie_core_n008_f002_m006_proc100__proposed__solverseed_1__trainseed_3__stability_linear_off_trainseed_3.sol,,,,D:\git\git\RDMCT-A3C\cie\models\proposed\cie_proposed_all_cie_proposed\cie_proposed_all_cie_proposed_2026_08_02_15_10_55_0000--s-3\itr_60.pkl,23,True,beam_search,
cie_core_nominal,dual_source_cluster_tool,8_to_32_wafers_nominal_processing,test,600.0,[],D:\git\git\RDMCT-A3C\cie\data\core\spbs\cie_core_n008_f004_m004_proc100.lp,spbs\cie_core_n008_f004_m004_proc100.lp,cie_core_n008_f004_m004_proc100.lp,proposed,1,3,stability_linear_off_trainseed_3,linear_off,True,quadratic,60.0,auto,2026-08-07T21:37:16,optimal,optimal,optimal,0.9786203999974532,1.0355936999985715,1,0.015068299995618872,0.0049970149993896484,0.0010030269622802734,0.004996538162231445,0.002003192901611328,1,0,539.0,0.0,92.30988787665362,833.9999961617352,50758.09919751793,10000.0,0.027272088903183802,0.0,1,True,D:\git\git\RDMCT-A3C\cie\results\stability\cie_stability_600s_mem2048_repro_v1\s1_t1to5\solutions\cie_core_nominal__cie_core_n008_f004_m004_proc100__proposed__solverseed_1__trainseed_3__stability_linear_off_trainseed_3.sol,,,,D:\git\git\RDMCT-A3C\cie\models\proposed\cie_proposed_all_cie_proposed\cie_proposed_all_cie_proposed_2026_08_02_15_10_55_0000--s-3\itr_60.pkl,23,True,beam_search,
cie_core_nominal,dual_source_cluster_tool,8_to_32_wafers_nominal_processing,test,600.0,[],D:\git\git\RDMCT-A3C\cie\data\core\spbs\cie_core_n008_f006_m002_proc100.lp,spbs\cie_core_n008_f006_m002_proc100.lp,cie_core_n008_f006_m002_proc100.lp,proposed,1,3,stability_linear_off_trainseed_3,linear_off,True,quadratic,60.0,auto,2026-08-07T21:37:17,optimal,optimal,optimal,1.8170169000004535,1.8836289000028046,1,0.01878049999504583,0.004999399185180664,0.0009999275207519531,0.009000778198242188,0.001999378204345703,1,0,572.0,0.0,184.61977575330724,833.9999999989989,10270.000001002001,10000.0,0.0,0.0,2,True,D:\git\git\RDMCT-A3C\cie\results\stability\cie_stability_600s_mem2048_repro_v1\s1_t1to5\solutions\cie_core_nominal__cie_core_n008_f006_m002_proc100__proposed__solverseed_1__trainseed_3__stability_linear_off_trainseed_3.sol,,,,D:\git\git\RDMCT-A3C\cie\models\proposed\cie_proposed_all_cie_proposed\cie_proposed_all_cie_proposed_2026_08_02_15_10_55_0000--s-3\itr_60.pkl,23,True,beam_search,
cie_core_nominal,dual_source_cluster_tool,8_to_32_wafers_nominal_processing,test,600.0,[],D:\git\git\RDMCT-A3C\cie\data\core\spbs\cie_core_n016_f000_m016_proc100.lp,spbs\cie_core_n016_f000_m016_proc100.lp,cie_core_n016_f000_m016_proc100.lp,proposed,1,3,stability_linear_off_trainseed_3,linear_off,True,quadratic,60.0,auto,2026-08-07T21:37:19,optimal,optimal,optimal,56.1545302999948,56.20347289999336,1,0.05097640000167303,0.006997346878051758,0.001003265380859375,0.004996061325073242,0.0020034313201904297,1,0,28077.0,0.0,4994.99375314742,1135.9999999989998,100214.000000002,10000.0,0.0,0.0,2,True,D:\git\git\RDMCT-A3C\cie\results\stability\cie_stability_600s_mem2048_repro_v1\s1_t1to5\solutions\cie_core_nominal__cie_core_n016_f000_m016_proc100__proposed__solverseed_1__trainseed_3__stability_linear_off_trainseed_3.sol,,,,D:\git\git\RDMCT-A3C\cie\models\proposed\cie_proposed_all_cie_proposed\cie_proposed_all_cie_proposed_2026_08_02_15_10_55_0000--s-3\itr_60.pkl,23,True,beam_search,
cie_core_nominal,dual_source_cluster_tool,8_to_32_wafers_nominal_processing,test,600.0,[],D:\git\git\RDMCT-A3C\cie\data\core\spbs\cie_core_n016_f004_m012_proc100.lp,spbs\cie_core_n016_f004_m012_proc100.lp,cie_core_n016_f004_m012_proc100.lp,proposed,1,3,stability_linear_off_trainseed_3,linear_off,True,quadratic,60.0,auto,2026-08-07T21:38:15,optimal,optimal,optimal,27.261272999996436,27.342152299999725,1,0.02554450000025099,0.007002830505371094,0.0010008811950683594,0.0069997310638427734,0.002001047134399414,1,0,15048.0,0.0,2397.5730162977034,1201.9999992609323,40676.99999650842,10000.0,0.014088635690912094,7.000000781581946,2,True,D:\git\git\RDMCT-A3C\cie\results\stability\cie_stability_600s_mem2048_repro_v1\s1_t1to5\solutions\cie_core_nominal__cie_core_n016_f004_m012_proc100__proposed__solverseed_1__trainseed_3__stability_linear_off_trainseed_3.sol,,,,D:\git\git\RDMCT-A3C\cie\models\proposed\cie_proposed_all_cie_proposed\cie_proposed_all_cie_proposed_2026_08_02_15_10_55_0000--s-3\itr_60.pkl,23,True,beam_search,
cie_core_nominal,dual_source_cluster_tool,8_to_32_wafers_nominal_processing,test,600.0,[],D:\git\git\RDMCT-A3C\cie\data\core\spbs\cie_core_n016_f008_m008_proc100.lp,spbs\cie_core_n016_f008_m008_proc100.lp,cie_core_n016_f008_m008_proc100.lp,proposed,1,3,stability_linear_off_trainseed_3,linear_off,True,quadratic,60.0,auto,2026-08-07T21:38:42,optimal,optimal,optimal,19.35988749999524,19.41421409999748,1,0.053263800000422634,0.006999969482421875,0.002003192901611328,0.0060024261474609375,0.002000093460083008,1,0,10883.0,0.0,1583.8900927978038,1169.9999999999989,40999.000003000016,10000.0,0.09350402817209878,42.0,2,True,D:\git\git\RDMCT-A3C\cie\results\stability\cie_stability_600s_mem2048_repro_v1\s1_t1to5\solutions\cie_core_nominal__cie_core_n016_f008_m008_proc100__proposed__solverseed_1__trainseed_3__stability_linear_off_trainseed_3.sol,,,,D:\git\git\RDMCT-A3C\cie\models\proposed\cie_proposed_all_cie_proposed\cie_proposed_all_cie_proposed_2026_08_02_15_10_55_0000--s-3\itr_60.pkl,23,True,beam_search,
cie_core_nominal,dual_source_cluster_tool,8_to_32_wafers_nominal_processing,test,600.0,[],D:\git\git\RDMCT-A3C\cie\data\core\spbs\cie_core_n016_f012_m004_proc100.lp,spbs\cie_core_n016_f012_m004_proc100.lp,cie_core_n016_f012_m004_proc100.lp,proposed,1,3,stability_linear_off_trainseed_3,linear_off,True,quadratic,60.0,auto,2026-08-07T21:39:02,optimal,optimal,optimal,21.736162699999113,21.802323799995065,1,0.01890060000005178,0.008996963500976562,0.0010001659393310547,0.005002498626708984,0.0019998550415039062,1,0,10746.0,0.0,1963.4521874721802,1157.9999999999977,31067.000004000027,10000.0,0.2861125704223025,0.0,2,True,D:\git\git\RDMCT-A3C\cie\results\stability\cie_stability_600s_mem2048_repro_v1\s1_t1to5\solutions\cie_core_nominal__cie_core_n016_f012_m004_proc100__proposed__solverseed_1__trainseed_3__stability_linear_off_trainseed_3.sol,,,,D:\git\git\RDMCT-A3C\cie\models\proposed\cie_proposed_all_cie_proposed\cie_proposed_all_cie_proposed_2026_08_02_15_10_55_0000--s-3\itr_60.pkl,23,True,beam_search,
cie_core_nominal,dual_source_cluster_tool,8_to_32_wafers_nominal_processing,test,600.0,[],D:\git\git\RDMCT-A3C\cie\data\core\spbs\cie_core_n024_f000_m024_proc100.lp,spbs\cie_core_n024_f000_m024_proc100.lp,cie_core_n024_f000_m024_proc100.lp,proposed,1,3,stability_linear_off_trainseed_3,linear_off,True,quadratic,60.0,auto,2026-08-07T21:39:24,timelimit,timelimit,incumbent_timelimit_optimal,541.4642755999957,541.678213799998,2,0.05456599999888567,0.008004188537597656,0.0,0.005998373031616211,0.0019979476928710938,2,0,126892.0,3.737150112398557,42706.04034010865,4295.999990930002,160127.99999416,10000.0,2.2801634000873176e-09,3.560001232472132e-06,2,True,D:\git\git\RDMCT-A3C\cie\results\stability\cie_stability_600s_mem2048_repro_v1\s1_t1to5\solutions\cie_core_nominal__cie_core_n024_f000_m024_proc100__proposed__solverseed_1__trainseed_3__stability_linear_off_trainseed_3.sol,,,,D:\git\git\RDMCT-A3C\cie\models\proposed\cie_proposed_all_cie_proposed\cie_proposed_all_cie_proposed_2026_08_02_15_10_55_0000--s-3\itr_60.pkl,23,True,beam_search,
cie_core_nominal,dual_source_cluster_tool,8_to_32_wafers_nominal_processing,test,600.0,[],D:\git\git\RDMCT-A3C\cie\data\core\spbs\cie_core_n024_f006_m018_proc100.lp,spbs\cie_core_n024_f006_m018_proc100.lp,cie_core_n024_f006_m018_proc100.lp,proposed,1,3,stability_linear_off_trainseed_3,linear_off,True,quadratic,60.0,auto,2026-08-07T21:48:25,optimal,optimal,optimal,477.2742212000012,477.3983387999979,1,0.05953859999863198,0.010997533798217773,0.003998756408691406,0.004998445510864258,0.002002716064453125,1,0,114546.0,0.0,32802.147372840496,2290.0,112938.00000300001,10000.0,0.0,0.0,2,True,D:\git\git\RDMCT-A3C\cie\results\stability\cie_stability_600s_mem2048_repro_v1\s1_t1to5\solutions\cie_core_nominal__cie_core_n024_f006_m018_proc100__proposed__solverseed_1__trainseed_3__stability_linear_off_trainseed_3.sol,,,,D:\git\git\RDMCT-A3C\cie\models\proposed\cie_proposed_all_cie_proposed\cie_proposed_all_cie_proposed_2026_08_02_15_10_55_0000--s-3\itr_60.pkl,23,True,beam_search,
cie_core_nominal,dual_source_cluster_tool,8_to_32_wafers_nominal_processing,test,600.0,[],D:\git\git\RDMCT-A3C\cie\data\core\spbs\cie_core_n024_f012_m012_proc100.lp,spbs\cie_core_n024_f012_m012_proc100.lp,cie_core_n024_f012_m012_proc100.lp,proposed,1,3,stability_linear_off_trainseed_3,linear_off,True,quadratic,60.0,auto,2026-08-07T21:56:23,timelimit,timelimit,incumbent_timelimit_optimal,540.2578159000041,540.444920599999,2,0.05731259999447502,0.009997844696044922,0.00099945068359375,0.005003213882446289,0.001999378204345703,2,0,114554.0,3.7450356265794227,42691.430157778304,2395.999990820001,106118.99996640367,10000.0,0.24014605301434028,1.7809167047744268e-06,2,True,D:\git\git\RDMCT-A3C\cie\results\stability\cie_stability_600s_mem2048_repro_v1\s1_t1to5\solutions\cie_core_nominal__cie_core_n024_f012_m012_proc100__proposed__solverseed_1__trainseed_3__stability_linear_off_trainseed_3.sol,,,,D:\git\git\RDMCT-A3C\cie\models\proposed\cie_proposed_all_cie_proposed\cie_proposed_all_cie_proposed_2026_08_02_15_10_55_0000--s-3\itr_60.pkl,23,True,beam_search,
cie_core_nominal,dual_source_cluster_tool,8_to_32_wafers_nominal_processing,test,600.0,[],D:\git\git\RDMCT-A3C\cie\data\core\spbs\cie_core_n024_f018_m006_proc100.lp,spbs\cie_core_n024_f018_m006_proc100.lp,cie_core_n024_f018_m006_proc100.lp,proposed,1,3,stability_linear_off_trainseed_3,linear_off,True,quadratic,60.0,auto,2026-08-07T22:05:23,timelimit,timelimit,incumbent_timelimit_optimal,540.8605728999974,541.0934239000053,2,0.0932701999990968,0.010001420974731445,0.0,0.010000467300415039,0.0019996166229248047,2,0,101900.0,3.702593447450805,42629.84194429661,2839.9999877499795,98812.99997997652,10000.0,0.4571371263759619,68.00000036354311,2,True,D:\git\git\RDMCT-A3C\cie\results\stability\cie_stability_600s_mem2048_repro_v1\s1_t1to5\solutions\cie_core_nominal__cie_core_n024_f018_m006_proc100__proposed__solverseed_1__trainseed_3__stability_linear_off_trainseed_3.sol,,,,D:\git\git\RDMCT-A3C\cie\models\proposed\cie_proposed_all_cie_proposed\cie_proposed_all_cie_proposed_2026_08_02_15_10_55_0000--s-3\itr_60.pkl,23,True,beam_search,
cie_core_nominal,dual_source_cluster_tool,8_to_32_wafers_nominal_processing,test,600.0,[],D:\git\git\RDMCT-A3C\cie\data\core\spbs\cie_core_n032_f000_m032_proc100.lp,spbs\cie_core_n032_f000_m032_proc100.lp,cie_core_n032_f000_m032_proc100.lp,proposed,1,3,stability_linear_off_trainseed_3,linear_off,True,quadratic,60.0,auto,2026-08-07T22:14:24,timelimit,timelimit,incumbent_timelimit_optimal,539.4431695000021,539.6883759999982,2,0.05720929999370128,0.009006023406982422,0.0,0.005997180938720703,0.002000093460083008,2,0,60493.0,3.185907224721338,41330.46420315773,3333.9999940200078,202495.99998324653,10000.0,0.16888453336186746,200.52091861089957,2,True,D:\git\git\RDMCT-A3C\cie\results\stability\cie_stability_600s_mem2048_repro_v1\s1_t1to5\solutions\cie_core_nominal__cie_core_n032_f000_m032_proc100__proposed__solverseed_1__trainseed_3__stability_linear_off_trainseed_3.sol,,,,D:\git\git\RDMCT-A3C\cie\models\proposed\cie_proposed_all_cie_proposed\cie_proposed_all_cie_proposed_2026_08_02_15_10_55_0000--s-3\itr_60.pkl,23,True,beam_search,
cie_core_nominal,dual_source_cluster_tool,8_to_32_wafers_nominal_processing,test,600.0,[],D:\git\git\RDMCT-A3C\cie\data\core\spbs\cie_core_n032_f008_m024_proc100.lp,spbs\cie_core_n032_f008_m024_proc100.lp,cie_core_n032_f008_m024_proc100.lp,proposed,1,3,stability_linear_off_trainseed_3,linear_off,True,quadratic,60.0,auto,2026-08-07T22:23:24,timelimit,timelimit,incumbent_timelimit_optimal,539.7484977999993,539.9577529999951,2,0.05177920000278391,0.004002809524536133,0.001996755599975586,0.006000518798828125,0.002001523971557617,2,0,54648.0,3.1660059225435817,41324.62070107833,4654.999988979422,146501.99995910312,10000.0,2.2801629449880964e-09,3.56000032297743e-06,2,True,D:\git\git\RDMCT-A3C\cie\results\stability\cie_stability_600s_mem2048_repro_v1\s1_t1to5\solutions\cie_core_nominal__cie_core_n032_f008_m024_proc100__proposed__solverseed_1__trainseed_3__stability_linear_off_trainseed_3.sol,,,,D:\git\git\RDMCT-A3C\cie\models\proposed\cie_proposed_all_cie_proposed\cie_proposed_all_cie_proposed_2026_08_02_15_10_55_0000--s-3\itr_60.pkl,23,True,beam_search,
cie_core_nominal,dual_source_cluster_tool,8_to_32_wafers_nominal_processing,test,600.0,[],D:\git\git\RDMCT-A3C\cie\data\core\spbs\cie_core_n032_f016_m016_proc100.lp,spbs\cie_core_n032_f016_m016_proc100.lp,cie_core_n032_f016_m016_proc100.lp,proposed,1,3,stability_linear_off_trainseed_3,linear_off,True,quadratic,60.0,auto,2026-08-07T22:32:24,timelimit,timelimit,incumbent_timelimit_optimal,543.0591671999937,543.3320191000021,2,0.09383019999950193,0.011002779006958008,0.0,0.0060007572174072266,0.0019998550415039062,2,0,48711.0,3.246768557552504,41636.05883769757,3308.9999865798573,134539.99995654626,10000.0,0.5124902701042106,360.16333060496186,2,True,D:\git\git\RDMCT-A3C\cie\results\stability\cie_stability_600s_mem2048_repro_v1\s1_t1to5\solutions\cie_core_nominal__cie_core_n032_f016_m016_proc100__proposed__solverseed_1__trainseed_3__stability_linear_off_trainseed_3.sol,,,,D:\git\git\RDMCT-A3C\cie\models\proposed\cie_proposed_all_cie_proposed\cie_proposed_all_cie_proposed_2026_08_02_15_10_55_0000--s-3\itr_60.pkl,23,True,beam_search,
cie_core_nominal,dual_source_cluster_tool,8_to_32_wafers_nominal_processing,test,600.0,[],D:\git\git\RDMCT-A3C\cie\data\core\spbs\cie_core_n032_f024_m008_proc100.lp,spbs\cie_core_n032_f024_m008_proc100.lp,cie_core_n032_f024_m008_proc100.lp,proposed,1,3,stability_linear_off_trainseed_3,linear_off,True,quadratic,60.0,auto,2026-08-07T22:41:27,timelimit,timelimit,incumbent_timelimit_optimal,541.9861789999995,542.3467882000041,2,0.0986410999976215,0.010998725891113281,0.0010046958923339844,0.008996725082397461,0.0019965171813964844,2,0,66976.0,3.3342947025968677,41928.71733471199,4181.999987400001,104291.99997141812,10000.0,0.6844027974260677,521.9999991131535,2,True,D:\git\git\RDMCT-A3C\cie\results\stability\cie_stability_600s_mem2048_repro_v1\s1_t1to5\solutions\cie_core_nominal__cie_core_n032_f024_m008_proc100__proposed__solverseed_1__trainseed_3__stability_linear_off_trainseed_3.sol,,,,D:\git\git\RDMCT-A3C\cie\models\proposed\cie_proposed_all_cie_proposed\cie_proposed_all_cie_proposed_2026_08_02_15_10_55_0000--s-3\itr_60.pkl,23,True,beam_search,
cie_core_nominal,dual_source_cluster_tool,8_to_32_wafers_nominal_processing,test,600.0,[],D:\git\git\RDMCT-A3C\cie\data\core\pure41\cie_core_n008_f008_m000_proc100.lp,pure41\cie_core_n008_f008_m000_proc100.lp,cie_core_n008_f008_m000_proc100.lp,proposed,1,4,stability_linear_off_trainseed_4,linear_off,True,quadratic,60.0,auto,2026-08-07T22:50:32,optimal,optimal,optimal,0.49139329999889014,0.5501608999984455,1,0.3943876999983331,0.0049970149993896484,0.0010004043579101562,0.38500046730041504,0.001996278762817383,1,0,1.0,0.0,2.622949989587057,609.99999580009,415.9999916001798,58.0,0.0,0.0,2,True,D:\git\git\RDMCT-A3C\cie\results\stability\cie_stability_600s_mem2048_repro_v1\s1_t1to5\solutions\cie_core_nominal__cie_core_n008_f008_m000_proc100__proposed__solverseed_1__trainseed_4__stability_linear_off_trainseed_4.sol,,,,D:\git\git\RDMCT-A3C\cie\models\proposed\cie_proposed_all_cie_proposed\cie_proposed_all_cie_proposed_2026_08_02_15_19_25_0000--s-4\itr_60.pkl,23,True,beam_search,
cie_core_nominal,dual_source_cluster_tool,8_to_32_wafers_nominal_processing,test,600.0,[],D:\git\git\RDMCT-A3C\cie\data\core\pure41\cie_core_n016_f016_m000_proc100.lp,pure41\cie_core_n016_f016_m000_proc100.lp,cie_core_n016_f016_m000_proc100.lp,proposed,1,4,stability_linear_off_trainseed_4,linear_off,True,quadratic,60.0,auto,2026-08-07T22:50:33,optimal,optimal,optimal,0.41825950000202283,0.4697893999982625,1,0.05494119999639224,0.00599980354309082,0.0009975433349609375,0.04500246047973633,0.002000093460083008,1,0,1.0,0.0,0.0,943.9999999989968,10954.00000100301,10000.0,1.548105950700597e-12,0.0,2,True,D:\git\git\RDMCT-A3C\cie\results\stability\cie_stability_600s_mem2048_repro_v1\s1_t1to5\solutions\cie_core_nominal__cie_core_n016_f016_m000_proc100__proposed__solverseed_1__trainseed_4__stability_linear_off_trainseed_4.sol,,,,D:\git\git\RDMCT-A3C\cie\models\proposed\cie_proposed_all_cie_proposed\cie_proposed_all_cie_proposed_2026_08_02_15_19_25_0000--s-4\itr_60.pkl,23,True,beam_search,
cie_core_nominal,dual_source_cluster_tool,8_to_32_wafers_nominal_processing,test,600.0,[],D:\git\git\RDMCT-A3C\cie\data\core\pure41\cie_core_n024_f024_m000_proc100.lp,pure41\cie_core_n024_f024_m000_proc100.lp,cie_core_n024_f024_m000_proc100.lp,proposed,1,4,stability_linear_off_trainseed_4,linear_off,True,quadratic,60.0,auto,2026-08-07T22:50:33,optimal,optimal,optimal,2.3608844999980647,2.4841067000015755,0,0.0,0.0,0.0,0.0,0.0,0,0,1.0,0.0,200.0,1267.9999999989986,31482.000001004002,10000.0,1.3367486984525066e-12,1.0002167982747778e-09,2,True,D:\git\git\RDMCT-A3C\cie\results\stability\cie_stability_600s_mem2048_repro_v1\s1_t1to5\solutions\cie_core_nominal__cie_core_n024_f024_m000_proc100__proposed__solverseed_1__trainseed_4__stability_linear_off_trainseed_4.sol,,,,D:\git\git\RDMCT-A3C\cie\models\proposed\cie_proposed_all_cie_proposed\cie_proposed_all_cie_proposed_2026_08_02_15_19_25_0000--s-4\itr_60.pkl,23,True,beam_search,
cie_core_nominal,dual_source_cluster_tool,8_to_32_wafers_nominal_processing,test,600.0,[],D:\git\git\RDMCT-A3C\cie\data\core\pure41\cie_core_n032_f032_m000_proc100.lp,pure41\cie_core_n032_f032_m000_proc100.lp,cie_core_n032_f032_m000_proc100.lp,proposed,1,4,stability_linear_off_trainseed_4,linear_off,True,quadratic,60.0,auto,2026-08-07T22:50:36,optimal,optimal,optimal,8.060191799995664,8.331345400001737,1,0.06727390000014566,0.011002779006958008,0.0009999275207519531,0.04199981689453125,0.0010030269622802734,1,0,1.0,0.0,700.0,1591.9999999989977,12050.000005002012,10000.0,0.0,0.0,2,True,D:\git\git\RDMCT-A3C\cie\results\stability\cie_stability_600s_mem2048_repro_v1\s1_t1to5\solutions\cie_core_nominal__cie_core_n032_f032_m000_proc100__proposed__solverseed_1__trainseed_4__stability_linear_off_trainseed_4.sol,,,,D:\git\git\RDMCT-A3C\cie\models\proposed\cie_proposed_all_cie_proposed\cie_proposed_all_cie_proposed_2026_08_02_15_19_25_0000--s-4\itr_60.pkl,23,True,beam_search,
cie_core_nominal,dual_source_cluster_tool,8_to_32_wafers_nominal_processing,test,600.0,[],D:\git\git\RDMCT-A3C\cie\data\core\spbs\cie_core_n008_f000_m008_proc100.lp,spbs\cie_core_n008_f000_m008_proc100.lp,cie_core_n008_f000_m008_proc100.lp,proposed,1,4,stability_linear_off_trainseed_4,linear_off,True,quadratic,60.0,auto,2026-08-07T22:50:44,optimal,optimal,optimal,1.502815499996359,1.5277934999976424,1,0.052508900000248104,0.005998849868774414,0.003000020980834961,0.039997100830078125,0.0030078887939453125,1,0,659.0,0.0,92.84286594460829,767.9999992609689,60031.99999729069,10000.0,2.3133127974274755e-09,1.7007067185659253e-06,2,True,D:\git\git\RDMCT-A3C\cie\results\stability\cie_stability_600s_mem2048_repro_v1\s1_t1to5\solutions\cie_core_nominal__cie_core_n008_f000_m008_proc100__proposed__solverseed_1__trainseed_4__stability_linear_off_trainseed_4.sol,,,,D:\git\git\RDMCT-A3C\cie\models\proposed\cie_proposed_all_cie_proposed\cie_proposed_all_cie_proposed_2026_08_02_15_19_25_0000--s-4\itr_60.pkl,23,True,beam_search,
cie_core_nominal,dual_source_cluster_tool,8_to_32_wafers_nominal_processing,test,600.0,[],D:\git\git\RDMCT-A3C\cie\data\core\spbs\cie_core_n008_f002_m006_proc100.lp,spbs\cie_core_n008_f002_m006_proc100.lp,cie_core_n008_f002_m006_proc100.lp,proposed,1,4,stability_linear_off_trainseed_4,linear_off,True,quadratic,60.0,auto,2026-08-07T22:50:45,optimal,optimal,optimal,1.1601245999991079,1.2182233999992604,1,0.05665029999363469,0.006000518798828125,0.0,0.04599928855895996,0.002000093460083008,1,0,549.0,0.0,182.9447018254498,899.9999959001001,60525.9999959001,10000.0,0.155107293937695,0.0,3,True,D:\git\git\RDMCT-A3C\cie\results\stability\cie_stability_600s_mem2048_repro_v1\s1_t1to5\solutions\cie_core_nominal__cie_core_n008_f002_m006_proc100__proposed__solverseed_1__trainseed_4__stability_linear_off_trainseed_4.sol,,,,D:\git\git\RDMCT-A3C\cie\models\proposed\cie_proposed_all_cie_proposed\cie_proposed_all_cie_proposed_2026_08_02_15_19_25_0000--s-4\itr_60.pkl,23,True,beam_search,
cie_core_nominal,dual_source_cluster_tool,8_to_32_wafers_nominal_processing,test,600.0,[],D:\git\git\RDMCT-A3C\cie\data\core\spbs\cie_core_n008_f004_m004_proc100.lp,spbs\cie_core_n008_f004_m004_proc100.lp,cie_core_n008_f004_m004_proc100.lp,proposed,1,4,stability_linear_off_trainseed_4,linear_off,True,quadratic,60.0,auto,2026-08-07T22:50:47,optimal,optimal,optimal,1.0788418000011006,1.1353126000030898,1,0.04247860000032233,0.00599980354309082,0.002000570297241211,0.03099989891052246,0.0010037422180175781,1,0,450.0,0.0,92.30988787665362,833.9999971617352,50245.99999432347,10000.0,0.0,0.0,2,True,D:\git\git\RDMCT-A3C\cie\results\stability\cie_stability_600s_mem2048_repro_v1\s1_t1to5\solutions\cie_core_nominal__cie_core_n008_f004_m004_proc100__proposed__solverseed_1__trainseed_4__stability_linear_off_trainseed_4.sol,,,,D:\git\git\RDMCT-A3C\cie\models\proposed\cie_proposed_all_cie_proposed\cie_proposed_all_cie_proposed_2026_08_02_15_19_25_0000--s-4\itr_60.pkl,23,True,beam_search,
cie_core_nominal,dual_source_cluster_tool,8_to_32_wafers_nominal_processing,test,600.0,[],D:\git\git\RDMCT-A3C\cie\data\core\spbs\cie_core_n008_f006_m002_proc100.lp,spbs\cie_core_n008_f006_m002_proc100.lp,cie_core_n008_f006_m002_proc100.lp,proposed,1,4,stability_linear_off_trainseed_4,linear_off,True,quadratic,60.0,auto,2026-08-07T22:50:48,optimal,optimal,optimal,1.7129271999947377,1.7792746999984956,1,0.06070970000291709,0.005999565124511719,0.0029976367950439453,0.049002647399902344,0.002003192901611328,1,0,367.0,0.0,92.30988787665362,833.9999999999986,10315.999997000017,10000.0,0.0,0.0,2,True,D:\git\git\RDMCT-A3C\cie\results\stability\cie_stability_600s_mem2048_repro_v1\s1_t1to5\solutions\cie_core_nominal__cie_core_n008_f006_m002_proc100__proposed__solverseed_1__trainseed_4__stability_linear_off_trainseed_4.sol,,,,D:\git\git\RDMCT-A3C\cie\models\proposed\cie_proposed_all_cie_proposed\cie_proposed_all_cie_proposed_2026_08_02_15_19_25_0000--s-4\itr_60.pkl,23,True,beam_search,
cie_core_nominal,dual_source_cluster_tool,8_to_32_wafers_nominal_processing,test,600.0,[],D:\git\git\RDMCT-A3C\cie\data\core\spbs\cie_core_n016_f000_m016_proc100.lp,spbs\cie_core_n016_f000_m016_proc100.lp,cie_core_n016_f000_m016_proc100.lp,proposed,1,4,stability_linear_off_trainseed_4,linear_off,True,quadratic,60.0,auto,2026-08-07T22:50:50,optimal,optimal,optimal,72.80399480000051,72.88651530000061,1,0.04835770000499906,0.006003141403198242,0.0009999275207519531,0.03200078010559082,0.0010066032409667969,1,0,38355.0,0.0,6421.775881062142,1136.0,100213.999999,10000.0,1.7973851938824698e-09,9.99999883788405e-07,3,True,D:\git\git\RDMCT-A3C\cie\results\stability\cie_stability_600s_mem2048_repro_v1\s1_t1to5\solutions\cie_core_nominal__cie_core_n016_f000_m016_proc100__proposed__solverseed_1__trainseed_4__stability_linear_off_trainseed_4.sol,,,,D:\git\git\RDMCT-A3C\cie\models\proposed\cie_proposed_all_cie_proposed\cie_proposed_all_cie_proposed_2026_08_02_15_19_25_0000--s-4\itr_60.pkl,23,True,beam_search,
cie_core_nominal,dual_source_cluster_tool,8_to_32_wafers_nominal_processing,test,600.0,[],D:\git\git\RDMCT-A3C\cie\data\core\spbs\cie_core_n016_f004_m012_proc100.lp,spbs\cie_core_n016_f004_m012_proc100.lp,cie_core_n016_f004_m012_proc100.lp,proposed,1,4,stability_linear_off_trainseed_4,linear_off,True,quadratic,60.0,auto,2026-08-07T22:52:02,optimal,optimal,optimal,240.48023829999875,240.5616571999999,1,0.1008192000008421,0.04999995231628418,0.0,0.03999829292297363,0.002002239227294922,1,0,416772.0,0.0,5532.225723479433,1202.0000010000003,40677.000004,10000.0,0.014088637121960871,7.0,2,True,D:\git\git\RDMCT-A3C\cie\results\stability\cie_stability_600s_mem2048_repro_v1\s1_t1to5\solutions\cie_core_nominal__cie_core_n016_f004_m012_proc100__proposed__solverseed_1__trainseed_4__stability_linear_off_trainseed_4.sol,,,,D:\git\git\RDMCT-A3C\cie\models\proposed\cie_proposed_all_cie_proposed\cie_proposed_all_cie_proposed_2026_08_02_15_19_25_0000--s-4\itr_60.pkl,23,True,beam_search,
cie_core_nominal,dual_source_cluster_tool,8_to_32_wafers_nominal_processing,test,600.0,[],D:\git\git\RDMCT-A3C\cie\data\core\spbs\cie_core_n016_f008_m008_proc100.lp,spbs\cie_core_n016_f008_m008_proc100.lp,cie_core_n016_f008_m008_proc100.lp,proposed,1,4,stability_linear_off_trainseed_4,linear_off,True,quadratic,60.0,auto,2026-08-07T22:56:03,optimal,optimal,optimal,18.75623970000015,18.844077699999616,1,0.08711939999921015,0.007000923156738281,0.0009996891021728516,0.0409998893737793,0.0010285377502441406,1,0,6432.0,0.0,1701.2363091773636,1170.000000000002,40999.00000300002,10000.0,0.09350402817211541,42.00000200000795,2,True,D:\git\git\RDMCT-A3C\cie\results\stability\cie_stability_600s_mem2048_repro_v1\s1_t1to5\solutions\cie_core_nominal__cie_core_n016_f008_m008_proc100__proposed__solverseed_1__trainseed_4__stability_linear_off_trainseed_4.sol,,,,D:\git\git\RDMCT-A3C\cie\models\proposed\cie_proposed_all_cie_proposed\cie_proposed_all_cie_proposed_2026_08_02_15_19_25_0000--s-4\itr_60.pkl,23,True,beam_search,
cie_core_nominal,dual_source_cluster_tool,8_to_32_wafers_nominal_processing,test,600.0,[],D:\git\git\RDMCT-A3C\cie\data\core\spbs\cie_core_n016_f012_m004_proc100.lp,spbs\cie_core_n016_f012_m004_proc100.lp,cie_core_n016_f012_m004_proc100.lp,proposed,1,4,stability_linear_off_trainseed_4,linear_off,True,quadratic,60.0,auto,2026-08-07T22:56:22,optimal,optimal,optimal,25.594000299999607,25.696867700004077,1,0.04535629999736557,0.009003639221191406,0.0,0.031993865966796875,0.0010001659393310547,1,0,13020.0,0.0,2152.000070429418,1157.9999999999984,41067.000000100015,10000.0,0.28611257027875003,0.0,2,True,D:\git\git\RDMCT-A3C\cie\results\stability\cie_stability_600s_mem2048_repro_v1\s1_t1to5\solutions\cie_core_nominal__cie_core_n016_f012_m004_proc100__proposed__solverseed_1__trainseed_4__stability_linear_off_trainseed_4.sol,,,,D:\git\git\RDMCT-A3C\cie\models\proposed\cie_proposed_all_cie_proposed\cie_proposed_all_cie_proposed_2026_08_02_15_19_25_0000--s-4\itr_60.pkl,23,True,beam_search,
cie_core_nominal,dual_source_cluster_tool,8_to_32_wafers_nominal_processing,test,600.0,[],D:\git\git\RDMCT-A3C\cie\data\core\spbs\cie_core_n024_f000_m024_proc100.lp,spbs\cie_core_n024_f000_m024_proc100.lp,cie_core_n024_f000_m024_proc100.lp,proposed,1,4,stability_linear_off_trainseed_4,linear_off,True,quadratic,60.0,auto,2026-08-07T22:56:48,optimal,optimal,optimal,267.715574700007,267.8290866000025,1,0.09149620000243885,0.006993770599365234,0.0010037422180175781,0.042999982833862305,0.0020003318786621094,1,0,62016.0,0.0,20640.890117337898,2223.9999999989986,161096.00000000402,10000.0,0.0,0.0,2,True,D:\git\git\RDMCT-A3C\cie\results\stability\cie_stability_600s_mem2048_repro_v1\s1_t1to5\solutions\cie_core_nominal__cie_core_n024_f000_m024_proc100__proposed__solverseed_1__trainseed_4__stability_linear_off_trainseed_4.sol,,,,D:\git\git\RDMCT-A3C\cie\models\proposed\cie_proposed_all_cie_proposed\cie_proposed_all_cie_proposed_2026_08_02_15_19_25_0000--s-4\itr_60.pkl,23,True,beam_search,
cie_core_nominal,dual_source_cluster_tool,8_to_32_wafers_nominal_processing,test,600.0,[],D:\git\git\RDMCT-A3C\cie\data\core\spbs\cie_core_n024_f006_m018_proc100.lp,spbs\cie_core_n024_f006_m018_proc100.lp,cie_core_n024_f006_m018_proc100.lp,proposed,1,4,stability_linear_off_trainseed_4,linear_off,True,quadratic,60.0,auto,2026-08-07T23:01:15,timelimit,timelimit,incumbent_timelimit_optimal,539.8483432000066,540.044888700002,2,0.05359659999521682,0.007993459701538086,0.0010035037994384766,0.031999826431274414,0.0020012855529785156,2,0,86242.0,3.652654401991143,42482.58562904789,3859.9999900600187,142779.999987015,10000.0,0.2146574178465479,2.600923949103162e-06,2,True,D:\git\git\RDMCT-A3C\cie\results\stability\cie_stability_600s_mem2048_repro_v1\s1_t1to5\solutions\cie_core_nominal__cie_core_n024_f006_m018_proc100__proposed__solverseed_1__trainseed_4__stability_linear_off_trainseed_4.sol,,,,D:\git\git\RDMCT-A3C\cie\models\proposed\cie_proposed_all_cie_proposed\cie_proposed_all_cie_proposed_2026_08_02_15_19_25_0000--s-4\itr_60.pkl,23,True,beam_search,
cie_core_nominal,dual_source_cluster_tool,8_to_32_wafers_nominal_processing,test,600.0,[],D:\git\git\RDMCT-A3C\cie\data\core\spbs\cie_core_n024_f012_m012_proc100.lp,spbs\cie_core_n024_f012_m012_proc100.lp,cie_core_n024_f012_m012_proc100.lp,proposed,1,4,stability_linear_off_trainseed_4,linear_off,True,quadratic,60.0,auto,2026-08-07T23:10:15,timelimit,timelimit,incumbent_timelimit_optimal,539.6089989999964,539.8266647000055,2,0.08359460000065155,0.009996414184570312,0.0010025501251220703,0.031999826431274414,0.0009992122650146484,2,0,108363.0,3.7622277846467393,42744.76349644496,2395.999990820001,106118.99996640367,10000.0,0.24014605301434028,1.7809167047744268e-06,2,True,D:\git\git\RDMCT-A3C\cie\results\stability\cie_stability_600s_mem2048_repro_v1\s1_t1to5\solutions\cie_core_nominal__cie_core_n024_f012_m012_proc100__proposed__solverseed_1__trainseed_4__stability_linear_off_trainseed_4.sol,,,,D:\git\git\RDMCT-A3C\cie\models\proposed\cie_proposed_all_cie_proposed\cie_proposed_all_cie_proposed_2026_08_02_15_19_25_0000--s-4\itr_60.pkl,23,True,beam_search,
cie_core_nominal,dual_source_cluster_tool,8_to_32_wafers_nominal_processing,test,600.0,[],D:\git\git\RDMCT-A3C\cie\data\core\spbs\cie_core_n024_f018_m006_proc100.lp,spbs\cie_core_n024_f018_m006_proc100.lp,cie_core_n024_f018_m006_proc100.lp,proposed,1,4,stability_linear_off_trainseed_4,linear_off,True,quadratic,60.0,auto,2026-08-07T23:19:15,timelimit,timelimit,incumbent_timelimit_optimal,539.3458881999977,539.6322178999981,1,0.0511631999979727,0.01100015640258789,0.0010004043579101562,0.034000396728515625,0.002002716064453125,1,0,197993.0,0.02993744414655943,11146.080071085957,2304.9999999999955,11290.000009000043,10000.0,0.2638378353465568,31.0,2,True,D:\git\git\RDMCT-A3C\cie\results\stability\cie_stability_600s_mem2048_repro_v1\s1_t1to5\solutions\cie_core_nominal__cie_core_n024_f018_m006_proc100__proposed__solverseed_1__trainseed_4__stability_linear_off_trainseed_4.sol,,,,D:\git\git\RDMCT-A3C\cie\models\proposed\cie_proposed_all_cie_proposed\cie_proposed_all_cie_proposed_2026_08_02_15_19_25_0000--s-4\itr_60.pkl,23,True,beam_search,
cie_core_nominal,dual_source_cluster_tool,8_to_32_wafers_nominal_processing,test,600.0,[],D:\git\git\RDMCT-A3C\cie\data\core\spbs\cie_core_n032_f000_m032_proc100.lp,spbs\cie_core_n032_f000_m032_proc100.lp,cie_core_n032_f000_m032_proc100.lp,proposed,1,4,stability_linear_off_trainseed_4,linear_off,True,quadratic,60.0,auto,2026-08-07T23:28:15,timelimit,timelimit,incumbent_timelimit_optimal,539.8570762000018,540.0833526999995,2,0.08347690000664443,0.00799870491027832,0.001003265380859375,0.031999826431274414,0.0019974708557128906,2,0,39182.0,3.075580987790698,41092.59741430264,3333.9999940200078,202495.99998324653,10000.0,0.16888453336186746,200.52091861089957,2,True,D:\git\git\RDMCT-A3C\cie\results\stability\cie_stability_600s_mem2048_repro_v1\s1_t1to5\solutions\cie_core_nominal__cie_core_n032_f000_m032_proc100__proposed__solverseed_1__trainseed_4__stability_linear_off_trainseed_4.sol,,,,D:\git\git\RDMCT-A3C\cie\models\proposed\cie_proposed_all_cie_proposed\cie_proposed_all_cie_proposed_2026_08_02_15_19_25_0000--s-4\itr_60.pkl,23,True,beam_search,
cie_core_nominal,dual_source_cluster_tool,8_to_32_wafers_nominal_processing,test,600.0,[],D:\git\git\RDMCT-A3C\cie\data\core\spbs\cie_core_n032_f008_m024_proc100.lp,spbs\cie_core_n032_f008_m024_proc100.lp,cie_core_n032_f008_m024_proc100.lp,proposed,1,4,stability_linear_off_trainseed_4,linear_off,True,quadratic,60.0,auto,2026-08-07T23:37:15,timelimit,timelimit,incumbent_timelimit_optimal,539.7712723999939,539.9914416000029,2,0.10884730000543641,0.006997823715209961,0.0,0.06399893760681152,0.0009984970092773438,2,0,49447.0,3.185907224721338,41352.1242701625,4654.999988979422,146501.99995910312,10000.0,2.2801629449880964e-09,3.56000032297743e-06,2,True,D:\git\git\RDMCT-A3C\cie\results\stability\cie_stability_600s_mem2048_repro_v1\s1_t1to5\solutions\cie_core_nominal__cie_core_n032_f008_m024_proc100__proposed__solverseed_1__trainseed_4__stability_linear_off_trainseed_4.sol,,,,D:\git\git\RDMCT-A3C\cie\models\proposed\cie_proposed_all_cie_proposed\cie_proposed_all_cie_proposed_2026_08_02_15_19_25_0000--s-4\itr_60.pkl,23,True,beam_search,
cie_core_nominal,dual_source_cluster_tool,8_to_32_wafers_nominal_processing,test,600.0,[],D:\git\git\RDMCT-A3C\cie\data\core\spbs\cie_core_n032_f016_m016_proc100.lp,spbs\cie_core_n032_f016_m016_proc100.lp,cie_core_n032_f016_m016_proc100.lp,proposed,1,4,stability_linear_off_trainseed_4,linear_off,True,quadratic,60.0,auto,2026-08-07T23:46:15,timelimit,timelimit,incumbent_timelimit_optimal,542.9404855999965,543.2149014999959,2,0.06875569999829168,0.014003753662109375,0.0,0.03299975395202637,0.001998424530029297,2,0,57584.0,3.246768557552504,41626.33889964886,3308.9999865798573,134539.99995654626,10000.0,0.5124902701042106,360.16333060496186,2,True,D:\git\git\RDMCT-A3C\cie\results\stability\cie_stability_600s_mem2048_repro_v1\s1_t1to5\solutions\cie_core_nominal__cie_core_n032_f016_m016_proc100__proposed__solverseed_1__trainseed_4__stability_linear_off_trainseed_4.sol,,,,D:\git\git\RDMCT-A3C\cie\models\proposed\cie_proposed_all_cie_proposed\cie_proposed_all_cie_proposed_2026_08_02_15_19_25_0000--s-4\itr_60.pkl,23,True,beam_search,
cie_core_nominal,dual_source_cluster_tool,8_to_32_wafers_nominal_processing,test,600.0,[],D:\git\git\RDMCT-A3C\cie\data\core\spbs\cie_core_n032_f024_m008_proc100.lp,spbs\cie_core_n032_f024_m008_proc100.lp,cie_core_n032_f024_m008_proc100.lp,proposed,1,4,stability_linear_off_trainseed_4,linear_off,True,quadratic,60.0,auto,2026-08-07T23:55:18,timelimit,timelimit,incumbent_timelimit_optimal,542.1875798000037,542.4771041999993,2,0.15808629999082768,0.014000415802001953,0.0010035037994384766,0.05499863624572754,0.0020029544830322266,2,0,53144.0,3.316502031403941,41879.66235251526,4181.999987400001,104291.99997141812,10000.0,0.6844027974260677,521.9999991131535,2,True,D:\git\git\RDMCT-A3C\cie\results\stability\cie_stability_600s_mem2048_repro_v1\s1_t1to5\solutions\cie_core_nominal__cie_core_n032_f024_m008_proc100__proposed__solverseed_1__trainseed_4__stability_linear_off_trainseed_4.sol,,,,D:\git\git\RDMCT-A3C\cie\models\proposed\cie_proposed_all_cie_proposed\cie_proposed_all_cie_proposed_2026_08_02_15_19_25_0000--s-4\itr_60.pkl,23,True,beam_search,
cie_core_nominal,dual_source_cluster_tool,8_to_32_wafers_nominal_processing,test,600.0,[],D:\git\git\RDMCT-A3C\cie\data\core\pure41\cie_core_n008_f008_m000_proc100.lp,pure41\cie_core_n008_f008_m000_proc100.lp,cie_core_n008_f008_m000_proc100.lp,proposed,1,5,stability_linear_off_trainseed_5,linear_off,True,quadratic,60.0,auto,2026-08-08T00:04:23,optimal,optimal,optimal,0.46593489999941085,0.49109750000206986,1,0.36592920000111917,0.005000114440917969,0.0009996891021728516,0.35599756240844727,0.0030050277709960938,1,0,1.0,0.0,0.0,609.99999580009,415.9999916001798,58.0,0.0,0.0,2,True,D:\git\git\RDMCT-A3C\cie\results\stability\cie_stability_600s_mem2048_repro_v1\s1_t1to5\solutions\cie_core_nominal__cie_core_n008_f008_m000_proc100__proposed__solverseed_1__trainseed_5__stability_linear_off_trainseed_5.sol,,,,D:\git\git\RDMCT-A3C\cie\models\proposed\cie_proposed_all_cie_proposed\cie_proposed_all_cie_proposed_2026_08_02_15_28_19_0000--s-5\itr_60.pkl,23,True,beam_search,
cie_core_nominal,dual_source_cluster_tool,8_to_32_wafers_nominal_processing,test,600.0,[],D:\git\git\RDMCT-A3C\cie\data\core\pure41\cie_core_n016_f016_m000_proc100.lp,pure41\cie_core_n016_f016_m000_proc100.lp,cie_core_n016_f016_m000_proc100.lp,proposed,1,5,stability_linear_off_trainseed_5,linear_off,True,quadratic,60.0,auto,2026-08-08T00:04:24,optimal,optimal,optimal,0.3830383000022266,0.4362113999959547,1,0.017540299995744135,0.0060002803802490234,0.0,0.0050029754638671875,0.0019998550415039062,1,0,1.0,0.0,0.0,943.9999999989968,10954.00000100301,10000.0,1.548105950700597e-12,0.0,2,True,D:\git\git\RDMCT-A3C\cie\results\stability\cie_stability_600s_mem2048_repro_v1\s1_t1to5\solutions\cie_core_nominal__cie_core_n016_f016_m000_proc100__proposed__solverseed_1__trainseed_5__stability_linear_off_trainseed_5.sol,,,,D:\git\git\RDMCT-A3C\cie\models\proposed\cie_proposed_all_cie_proposed\cie_proposed_all_cie_proposed_2026_08_02_15_28_19_0000--s-5\itr_60.pkl,23,True,beam_search,
cie_core_nominal,dual_source_cluster_tool,8_to_32_wafers_nominal_processing,test,600.0,[],D:\git\git\RDMCT-A3C\cie\data\core\pure41\cie_core_n024_f024_m000_proc100.lp,pure41\cie_core_n024_f024_m000_proc100.lp,cie_core_n024_f024_m000_proc100.lp,proposed,1,5,stability_linear_off_trainseed_5,linear_off,True,quadratic,60.0,auto,2026-08-08T00:04:24,optimal,optimal,optimal,2.3843363000050886,2.5041385000004084,0,0.0,0.0,0.0,0.0,0.0,0,0,1.0,0.0,200.0,1267.9999999989986,31482.000001004002,10000.0,1.3367486984525066e-12,1.0002167982747778e-09,2,True,D:\git\git\RDMCT-A3C\cie\results\stability\cie_stability_600s_mem2048_repro_v1\s1_t1to5\solutions\cie_core_nominal__cie_core_n024_f024_m000_proc100__proposed__solverseed_1__trainseed_5__stability_linear_off_trainseed_5.sol,,,,D:\git\git\RDMCT-A3C\cie\models\proposed\cie_proposed_all_cie_proposed\cie_proposed_all_cie_proposed_2026_08_02_15_28_19_0000--s-5\itr_60.pkl,23,True,beam_search,
cie_core_nominal,dual_source_cluster_tool,8_to_32_wafers_nominal_processing,test,600.0,[],D:\git\git\RDMCT-A3C\cie\data\core\pure41\cie_core_n032_f032_m000_proc100.lp,pure41\cie_core_n032_f032_m000_proc100.lp,cie_core_n032_f032_m000_proc100.lp,proposed,1,5,stability_linear_off_trainseed_5,linear_off,True,quadratic,60.0,auto,2026-08-08T00:04:26,optimal,optimal,optimal,8.126783499996236,8.405947600003856,1,0.057384100000490434,0.012000083923339844,0.0010030269622802734,0.0050008296966552734,0.0019991397857666016,1,0,1.0,0.0,700.0,1591.9999999989977,12050.000005002012,10000.0,0.0,0.0,2,True,D:\git\git\RDMCT-A3C\cie\results\stability\cie_stability_600s_mem2048_repro_v1\s1_t1to5\solutions\cie_core_nominal__cie_core_n032_f032_m000_proc100__proposed__solverseed_1__trainseed_5__stability_linear_off_trainseed_5.sol,,,,D:\git\git\RDMCT-A3C\cie\models\proposed\cie_proposed_all_cie_proposed\cie_proposed_all_cie_proposed_2026_08_02_15_28_19_0000--s-5\itr_60.pkl,23,True,beam_search,
cie_core_nominal,dual_source_cluster_tool,8_to_32_wafers_nominal_processing,test,600.0,[],D:\git\git\RDMCT-A3C\cie\data\core\spbs\cie_core_n008_f000_m008_proc100.lp,spbs\cie_core_n008_f000_m008_proc100.lp,cie_core_n008_f000_m008_proc100.lp,proposed,1,5,stability_linear_off_trainseed_5,linear_off,True,quadratic,60.0,auto,2026-08-08T00:04:35,optimal,optimal,optimal,1.0104438999987906,1.0347743999955128,1,0.018224600004032254,0.004996776580810547,0.0010035037994384766,0.009000062942504883,0.0019965171813964844,1,0,950.0,0.0,92.69058649662122,767.999999998999,60032.0,10000.0,0.0,0.0,2,True,D:\git\git\RDMCT-A3C\cie\results\stability\cie_stability_600s_mem2048_repro_v1\s1_t1to5\solutions\cie_core_nominal__cie_core_n008_f000_m008_proc100__proposed__solverseed_1__trainseed_5__stability_linear_off_trainseed_5.sol,,,,D:\git\git\RDMCT-A3C\cie\models\proposed\cie_proposed_all_cie_proposed\cie_proposed_all_cie_proposed_2026_08_02_15_28_19_0000--s-5\itr_60.pkl,23,True,beam_search,
cie_core_nominal,dual_source_cluster_tool,8_to_32_wafers_nominal_processing,test,600.0,[],D:\git\git\RDMCT-A3C\cie\data\core\spbs\cie_core_n008_f002_m006_proc100.lp,spbs\cie_core_n008_f002_m006_proc100.lp,cie_core_n008_f002_m006_proc100.lp,proposed,1,5,stability_linear_off_trainseed_5,linear_off,True,quadratic,60.0,auto,2026-08-08T00:04:36,optimal,optimal,optimal,1.9151015000024927,1.9722995999982231,1,0.01517230000172276,0.005993843078613281,0.0,0.00500035285949707,0.0019998550415039062,1,0,561.0,0.0,183.02084154944362,899.9999959001007,60325.9999959001,10000.0,0.0,0.0,2,True,D:\git\git\RDMCT-A3C\cie\results\stability\cie_stability_600s_mem2048_repro_v1\s1_t1to5\solutions\cie_core_nominal__cie_core_n008_f002_m006_proc100__proposed__solverseed_1__trainseed_5__stability_linear_off_trainseed_5.sol,,,,D:\git\git\RDMCT-A3C\cie\models\proposed\cie_proposed_all_cie_proposed\cie_proposed_all_cie_proposed_2026_08_02_15_28_19_0000--s-5\itr_60.pkl,23,True,beam_search,
cie_core_nominal,dual_source_cluster_tool,8_to_32_wafers_nominal_processing,test,600.0,[],D:\git\git\RDMCT-A3C\cie\data\core\spbs\cie_core_n008_f004_m004_proc100.lp,spbs\cie_core_n008_f004_m004_proc100.lp,cie_core_n008_f004_m004_proc100.lp,proposed,1,5,stability_linear_off_trainseed_5,linear_off,True,quadratic,60.0,auto,2026-08-08T00:04:38,optimal,optimal,optimal,0.9754509000049438,1.0330252999992808,1,0.01896830000623595,0.006000518798828125,0.0010035037994384766,0.008999109268188477,0.0019979476928710938,1,0,539.0,0.0,92.30988787665362,833.9999961617352,50758.09919751793,10000.0,0.027272088903183802,0.0,1,True,D:\git\git\RDMCT-A3C\cie\results\stability\cie_stability_600s_mem2048_repro_v1\s1_t1to5\solutions\cie_core_nominal__cie_core_n008_f004_m004_proc100__proposed__solverseed_1__trainseed_5__stability_linear_off_trainseed_5.sol,,,,D:\git\git\RDMCT-A3C\cie\models\proposed\cie_proposed_all_cie_proposed\cie_proposed_all_cie_proposed_2026_08_02_15_28_19_0000--s-5\itr_60.pkl,23,True,beam_search,
cie_core_nominal,dual_source_cluster_tool,8_to_32_wafers_nominal_processing,test,600.0,[],D:\git\git\RDMCT-A3C\cie\data\core\spbs\cie_core_n008_f006_m002_proc100.lp,spbs\cie_core_n008_f006_m002_proc100.lp,cie_core_n008_f006_m002_proc100.lp,proposed,1,5,stability_linear_off_trainseed_5,linear_off,True,quadratic,60.0,auto,2026-08-08T00:04:39,optimal,optimal,optimal,1.8116790000058245,1.8787045999997645,1,0.01944990000629332,0.005995988845825195,0.0010030269622802734,0.008997440338134766,0.0020029544830322266,1,0,572.0,0.0,184.61977575330724,833.9999999989989,10270.000001002001,10000.0,0.0,0.0,2,True,D:\git\git\RDMCT-A3C\cie\results\stability\cie_stability_600s_mem2048_repro_v1\s1_t1to5\solutions\cie_core_nominal__cie_core_n008_f006_m002_proc100__proposed__solverseed_1__trainseed_5__stability_linear_off_trainseed_5.sol,,,,D:\git\git\RDMCT-A3C\cie\models\proposed\cie_proposed_all_cie_proposed\cie_proposed_all_cie_proposed_2026_08_02_15_28_19_0000--s-5\itr_60.pkl,23,True,beam_search,
cie_core_nominal,dual_source_cluster_tool,8_to_32_wafers_nominal_processing,test,600.0,[],D:\git\git\RDMCT-A3C\cie\data\core\spbs\cie_core_n016_f000_m016_proc100.lp,spbs\cie_core_n016_f000_m016_proc100.lp,cie_core_n016_f000_m016_proc100.lp,proposed,1,5,stability_linear_off_trainseed_5,linear_off,True,quadratic,60.0,auto,2026-08-08T00:04:41,optimal,optimal,optimal,56.09429289999389,56.17781969999487,1,0.016000899995560758,0.006001472473144531,0.0,0.00500178337097168,0.002000570297241211,1,0,28077.0,0.0,4994.99375314742,1135.9999999989998,100214.000000002,10000.0,0.0,0.0,2,True,D:\git\git\RDMCT-A3C\cie\results\stability\cie_stability_600s_mem2048_repro_v1\s1_t1to5\solutions\cie_core_nominal__cie_core_n016_f000_m016_proc100__proposed__solverseed_1__trainseed_5__stability_linear_off_trainseed_5.sol,,,,D:\git\git\RDMCT-A3C\cie\models\proposed\cie_proposed_all_cie_proposed\cie_proposed_all_cie_proposed_2026_08_02_15_28_19_0000--s-5\itr_60.pkl,23,True,beam_search,
cie_core_nominal,dual_source_cluster_tool,8_to_32_wafers_nominal_processing,test,600.0,[],D:\git\git\RDMCT-A3C\cie\data\core\spbs\cie_core_n016_f004_m012_proc100.lp,spbs\cie_core_n016_f004_m012_proc100.lp,cie_core_n016_f004_m012_proc100.lp,proposed,1,5,stability_linear_off_trainseed_5,linear_off,True,quadratic,60.0,auto,2026-08-08T00:05:37,optimal,optimal,optimal,27.486078700007056,27.5322199000002,1,0.05428079999546753,0.005994081497192383,0.0010030269622802734,0.008997678756713867,0.001999378204345703,1,0,15048.0,0.0,2397.5730162977034,1201.9999992609323,40676.99999650842,10000.0,0.014088635690912094,7.000000781581946,2,True,D:\git\git\RDMCT-A3C\cie\results\stability\cie_stability_600s_mem2048_repro_v1\s1_t1to5\solutions\cie_core_nominal__cie_core_n016_f004_m012_proc100__proposed__solverseed_1__trainseed_5__stability_linear_off_trainseed_5.sol,,,,D:\git\git\RDMCT-A3C\cie\models\proposed\cie_proposed_all_cie_proposed\cie_proposed_all_cie_proposed_2026_08_02_15_28_19_0000--s-5\itr_60.pkl,23,True,beam_search,
cie_core_nominal,dual_source_cluster_tool,8_to_32_wafers_nominal_processing,test,600.0,[],D:\git\git\RDMCT-A3C\cie\data\core\spbs\cie_core_n016_f008_m008_proc100.lp,spbs\cie_core_n016_f008_m008_proc100.lp,cie_core_n016_f008_m008_proc100.lp,proposed,1,5,stability_linear_off_trainseed_5,linear_off,True,quadratic,60.0,auto,2026-08-08T00:06:05,optimal,optimal,optimal,15.37412050000421,15.462240400003793,1,0.057604200002970174,0.00800013542175293,0.0,0.013005733489990234,0.0019974708557128906,1,0,7281.0,0.0,1259.3786511142796,1169.9999999999995,40999.00000300001,10000.0,0.09350402817209878,42.0,2,True,D:\git\git\RDMCT-A3C\cie\results\stability\cie_stability_600s_mem2048_repro_v1\s1_t1to5\solutions\cie_core_nominal__cie_core_n016_f008_m008_proc100__proposed__solverseed_1__trainseed_5__stability_linear_off_trainseed_5.sol,,,,D:\git\git\RDMCT-A3C\cie\models\proposed\cie_proposed_all_cie_proposed\cie_proposed_all_cie_proposed_2026_08_02_15_28_19_0000--s-5\itr_60.pkl,23,True,beam_search,
cie_core_nominal,dual_source_cluster_tool,8_to_32_wafers_nominal_processing,test,600.0,[],D:\git\git\RDMCT-A3C\cie\data\core\spbs\cie_core_n016_f012_m004_proc100.lp,spbs\cie_core_n016_f012_m004_proc100.lp,cie_core_n016_f012_m004_proc100.lp,proposed,1,5,stability_linear_off_trainseed_5,linear_off,True,quadratic,60.0,auto,2026-08-08T00:06:20,optimal,optimal,optimal,21.779971599993587,21.88244219999615,1,0.022081700000853743,0.007999897003173828,0.0010030269622802734,0.008996963500976562,0.002000093460083008,1,0,10746.0,0.0,1974.2177615397027,1157.9999999999977,31067.000004000027,10000.0,0.2861125704223025,0.0,2,True,D:\git\git\RDMCT-A3C\cie\results\stability\cie_stability_600s_mem2048_repro_v1\s1_t1to5\solutions\cie_core_nominal__cie_core_n016_f012_m004_proc100__proposed__solverseed_1__trainseed_5__stability_linear_off_trainseed_5.sol,,,,D:\git\git\RDMCT-A3C\cie\models\proposed\cie_proposed_all_cie_proposed\cie_proposed_all_cie_proposed_2026_08_02_15_28_19_0000--s-5\itr_60.pkl,23,True,beam_search,
cie_core_nominal,dual_source_cluster_tool,8_to_32_wafers_nominal_processing,test,600.0,[],D:\git\git\RDMCT-A3C\cie\data\core\spbs\cie_core_n024_f000_m024_proc100.lp,spbs\cie_core_n024_f000_m024_proc100.lp,cie_core_n024_f000_m024_proc100.lp,proposed,1,5,stability_linear_off_trainseed_5,linear_off,True,quadratic,60.0,auto,2026-08-08T00:06:42,timelimit,timelimit,incumbent_timelimit_optimal,541.2854903999978,541.499473799995,2,0.08865009999863105,0.006995677947998047,0.0010035037994384766,0.006003379821777344,0.0019974708557128906,2,0,126626.0,3.737150112398557,42706.07840997064,4295.999990930002,160127.99999416,10000.0,2.2801634000873176e-09,3.560001232472132e-06,2,True,D:\git\git\RDMCT-A3C\cie\results\stability\cie_stability_600s_mem2048_repro_v1\s1_t1to5\solutions\cie_core_nominal__cie_core_n024_f000_m024_proc100__proposed__solverseed_1__trainseed_5__stability_linear_off_trainseed_5.sol,,,,D:\git\git\RDMCT-A3C\cie\models\proposed\cie_proposed_all_cie_proposed\cie_proposed_all_cie_proposed_2026_08_02_15_28_19_0000--s-5\itr_60.pkl,23,True,beam_search,
cie_core_nominal,dual_source_cluster_tool,8_to_32_wafers_nominal_processing,test,600.0,[],D:\git\git\RDMCT-A3C\cie\data\core\spbs\cie_core_n024_f006_m018_proc100.lp,spbs\cie_core_n024_f006_m018_proc100.lp,cie_core_n024_f006_m018_proc100.lp,proposed,1,5,stability_linear_off_trainseed_5,linear_off,True,quadratic,60.0,auto,2026-08-10T07:59:29,timelimit,timelimit,incumbent_timelimit_optimal,539.9039770999989,540.044393199998,1,0.6726439999983995,0.009993791580200195,0.002000093460083008,0.6528043746948242,0.0030074119567871094,1,0,70523.0,0.040600176522506554,41336.0686731262,2357.999999998998,121413.00000200301,10000.0,0.0,0.0,2,True,D:\git\git\RDMCT-A3C\cie\results\stability\cie_stability_600s_mem2048_repro_v1\s1_t1to5\solutions\cie_core_nominal__cie_core_n024_f006_m018_proc100__proposed__solverseed_1__trainseed_5__stability_linear_off_trainseed_5.sol,,,,D:\git\git\RDMCT-A3C\cie\models\proposed\cie_proposed_all_cie_proposed\cie_proposed_all_cie_proposed_2026_08_02_15_28_19_0000--s-5\itr_60.pkl,23,True,beam_search,
cie_core_nominal,dual_source_cluster_tool,8_to_32_wafers_nominal_processing,test,600.0,[],D:\git\git\RDMCT-A3C\cie\data\core\spbs\cie_core_n024_f012_m012_proc100.lp,spbs\cie_core_n024_f012_m012_proc100.lp,cie_core_n024_f012_m012_proc100.lp,proposed,1,5,stability_linear_off_trainseed_5,linear_off,True,quadratic,60.0,auto,2026-08-10T08:08:29,timelimit,timelimit,incumbent_timelimit_optimal,540.5146902999986,540.7716328000024,2,0.02584729999944102,0.009995698928833008,0.001003265380859375,0.011006832122802734,0.002002716064453125,2,0,83182.0,3.7450356265794227,42693.48436625762,2395.999990820001,106118.99996640367,10000.0,0.24014605301434028,1.7809167047744268e-06,2,True,D:\git\git\RDMCT-A3C\cie\results\stability\cie_stability_600s_mem2048_repro_v1\s1_t1to5\solutions\cie_core_nominal__cie_core_n024_f012_m012_proc100__proposed__solverseed_1__trainseed_5__stability_linear_off_trainseed_5.sol,,,,D:\git\git\RDMCT-A3C\cie\models\proposed\cie_proposed_all_cie_proposed\cie_proposed_all_cie_proposed_2026_08_02_15_28_19_0000--s-5\itr_60.pkl,23,True,beam_search,
cie_core_nominal,dual_source_cluster_tool,8_to_32_wafers_nominal_processing,test,600.0,[],D:\git\git\RDMCT-A3C\cie\data\core\spbs\cie_core_n024_f018_m006_proc100.lp,spbs\cie_core_n024_f018_m006_proc100.lp,cie_core_n024_f018_m006_proc100.lp,proposed,1,5,stability_linear_off_trainseed_5,linear_off,True,quadratic,60.0,auto,2026-08-10T08:17:29,timelimit,timelimit,incumbent_timelimit_optimal,542.1196876000031,542.4719433999999,2,0.035168000002158806,0.018010377883911133,0.0009980201721191406,0.008991479873657227,0.0030083656311035156,2,0,76284.0,3.702593447450805,42674.35930490621,2839.9999877499795,98812.99997997652,10000.0,0.4571371263759619,68.00000036354311,2,True,D:\git\git\RDMCT-A3C\cie\results\stability\cie_stability_600s_mem2048_repro_v1\s1_t1to5\solutions\cie_core_nominal__cie_core_n024_f018_m006_proc100__proposed__solverseed_1__trainseed_5__stability_linear_off_trainseed_5.sol,,,,D:\git\git\RDMCT-A3C\cie\models\proposed\cie_proposed_all_cie_proposed\cie_proposed_all_cie_proposed_2026_08_02_15_28_19_0000--s-5\itr_60.pkl,23,True,beam_search,
cie_core_nominal,dual_source_cluster_tool,8_to_32_wafers_nominal_processing,test,600.0,[],D:\git\git\RDMCT-A3C\cie\data\core\spbs\cie_core_n032_f000_m032_proc100.lp,spbs\cie_core_n032_f000_m032_proc100.lp,cie_core_n032_f000_m032_proc100.lp,proposed,1,5,stability_linear_off_trainseed_5,linear_off,True,quadratic,60.0,auto,2026-08-10T08:26:32,timelimit,timelimit,incumbent_timelimit_optimal,539.9058618999989,540.224424,2,0.03034500000649132,0.013936042785644531,0.0010066032409667969,0.00599360466003418,0.003000974655151367,2,0,41713.0,3.185907224721338,41431.714606783135,3333.9999940200078,202495.99998324653,10000.0,0.16888453336186746,200.52091861089957,2,True,D:\git\git\RDMCT-A3C\cie\results\stability\cie_stability_600s_mem2048_repro_v1\s1_t1to5\solutions\cie_core_nominal__cie_core_n032_f000_m032_proc100__proposed__solverseed_1__trainseed_5__stability_linear_off_trainseed_5.sol,,,,D:\git\git\RDMCT-A3C\cie\models\proposed\cie_proposed_all_cie_proposed\cie_proposed_all_cie_proposed_2026_08_02_15_28_19_0000--s-5\itr_60.pkl,23,True,beam_search,
cie_core_nominal,dual_source_cluster_tool,8_to_32_wafers_nominal_processing,test,600.0,[],D:\git\git\RDMCT-A3C\cie\data\core\spbs\cie_core_n032_f008_m024_proc100.lp,spbs\cie_core_n032_f008_m024_proc100.lp,cie_core_n032_f008_m024_proc100.lp,proposed,1,5,stability_linear_off_trainseed_5,linear_off,True,quadratic,60.0,auto,2026-08-10T08:35:32,timelimit,timelimit,incumbent_timelimit_optimal,539.5846416999921,539.8714937000041,2,0.02030449999438133,0.006998777389526367,0.0010042190551757812,0.010000467300415039,0.0019996166229248047,2,0,44124.0,3.1660059225435817,41477.392946502965,4654.999988979422,146501.99995910312,10000.0,2.2801629449880964e-09,3.56000032297743e-06,2,True,D:\git\git\RDMCT-A3C\cie\results\stability\cie_stability_600s_mem2048_repro_v1\s1_t1to5\solutions\cie_core_nominal__cie_core_n032_f008_m024_proc100__proposed__solverseed_1__trainseed_5__stability_linear_off_trainseed_5.sol,,,,D:\git\git\RDMCT-A3C\cie\models\proposed\cie_proposed_all_cie_proposed\cie_proposed_all_cie_proposed_2026_08_02_15_28_19_0000--s-5\itr_60.pkl,23,True,beam_search,
cie_core_nominal,dual_source_cluster_tool,8_to_32_wafers_nominal_processing,test,600.0,[],D:\git\git\RDMCT-A3C\cie\data\core\spbs\cie_core_n032_f016_m016_proc100.lp,spbs\cie_core_n032_f016_m016_proc100.lp,cie_core_n032_f016_m016_proc100.lp,proposed,1,5,stability_linear_off_trainseed_5,linear_off,True,quadratic,60.0,auto,2026-08-10T08:44:32,timelimit,timelimit,incumbent_timelimit_optimal,543.7615026999993,544.0409367000029,2,0.0823592000087956,0.06612086296081543,0.0,0.006000041961669922,0.0030031204223632812,2,0,40479.0,3.2536403513349517,41693.88983917905,3308.9999865798573,134539.99995654626,10000.0,0.5124902701042106,360.16333060496186,2,True,D:\git\git\RDMCT-A3C\cie\results\stability\cie_stability_600s_mem2048_repro_v1\s1_t1to5\solutions\cie_core_nominal__cie_core_n032_f016_m016_proc100__proposed__solverseed_1__trainseed_5__stability_linear_off_trainseed_5.sol,,,,D:\git\git\RDMCT-A3C\cie\models\proposed\cie_proposed_all_cie_proposed\cie_proposed_all_cie_proposed_2026_08_02_15_28_19_0000--s-5\itr_60.pkl,23,True,beam_search,
cie_core_nominal,dual_source_cluster_tool,8_to_32_wafers_nominal_processing,test,600.0,[],D:\git\git\RDMCT-A3C\cie\data\core\spbs\cie_core_n032_f024_m008_proc100.lp,spbs\cie_core_n032_f024_m008_proc100.lp,cie_core_n032_f024_m008_proc100.lp,proposed,1,5,stability_linear_off_trainseed_5,linear_off,True,quadratic,60.0,auto,2026-08-10T08:53:36,timelimit,timelimit,incumbent_timelimit_optimal,542.8182684999992,543.1966424999991,2,0.037403800000902265,0.019998788833618164,0.0010037422180175781,0.005994081497192383,0.0030019283294677734,2,0,57072.0,3.3342947025968677,42004.912961297916,4181.999987400001,104291.99997141812,10000.0,0.6844027974260677,521.9999991131535,2,True,D:\git\git\RDMCT-A3C\cie\results\stability\cie_stability_600s_mem2048_repro_v1\s1_t1to5\solutions\cie_core_nominal__cie_core_n032_f024_m008_proc100__proposed__solverseed_1__trainseed_5__stability_linear_off_trainseed_5.sol,,,,D:\git\git\RDMCT-A3C\cie\models\proposed\cie_proposed_all_cie_proposed\cie_proposed_all_cie_proposed_2026_08_02_15_28_19_0000--s-5\itr_60.pkl,23,True,beam_search,
cie_core_nominal,dual_source_cluster_tool,8_to_32_wafers_nominal_processing,test,600.0,[],D:\git\git\RDMCT-A3C\cie\data\core\pure41\cie_core_n008_f008_m000_proc100.lp,pure41\cie_core_n008_f008_m000_proc100.lp,cie_core_n008_f008_m000_proc100.lp,proposed,1,1,stability_stage2_off_trainseed_1,stage2_off,False,linear,60.0,auto,2026-08-07T12:27:59,optimal,optimal,not_run,0.42786920000071405,0.4477143999974942,1,0.39907099999982165,0.004999399185180664,0.0010001659393310547,0.3899998664855957,0.0020008087158203125,1,0,1.0,0.0,0.0,610.0,424.0,58.0,0.0,0.0,1,True,D:\git\git\RDMCT-A3C\cie\results\stability\cie_stability_600s_mem2048_repro_v1\s1_t1to5\solutions\cie_core_nominal__cie_core_n008_f008_m000_proc100__proposed__solverseed_1__trainseed_1__stability_stage2_off_trainseed_1.sol,,,,D:\git\git\RDMCT-A3C\cie\models\proposed\cie_proposed_all_cie_proposed\cie_proposed_all_cie_proposed_2026_08_02_14_55_21_0000--s-1\itr_60.pkl,23,True,beam_search,
cie_core_nominal,dual_source_cluster_tool,8_to_32_wafers_nominal_processing,test,600.0,[],D:\git\git\RDMCT-A3C\cie\data\core\pure41\cie_core_n016_f016_m000_proc100.lp,pure41\cie_core_n016_f016_m000_proc100.lp,cie_core_n016_f016_m000_proc100.lp,proposed,1,1,stability_stage2_off_trainseed_1,stage2_off,False,linear,60.0,auto,2026-08-07T12:27:59,optimal,optimal,not_run,0.29036400000040885,0.342150299999048,1,0.0709062999994785,0.00499725341796875,0.001003265380859375,0.058999061584472656,0.0020012855529785156,1,0,1.0,0.0,0.0,944.0,21240.0,10000.0,0.00906344410876133,0.0,2,True,D:\git\git\RDMCT-A3C\cie\results\stability\cie_stability_600s_mem2048_repro_v1\s1_t1to5\solutions\cie_core_nominal__cie_core_n016_f016_m000_proc100__proposed__solverseed_1__trainseed_1__stability_stage2_off_trainseed_1.sol,,,,D:\git\git\RDMCT-A3C\cie\models\proposed\cie_proposed_all_cie_proposed\cie_proposed_all_cie_proposed_2026_08_02_14_55_21_0000--s-1\itr_60.pkl,23,True,beam_search,
cie_core_nominal,dual_source_cluster_tool,8_to_32_wafers_nominal_processing,test,600.0,[],D:\git\git\RDMCT-A3C\cie\data\core\pure41\cie_core_n024_f024_m000_proc100.lp,pure41\cie_core_n024_f024_m000_proc100.lp,cie_core_n024_f024_m000_proc100.lp,proposed,1,1,stability_stage2_off_trainseed_1,stage2_off,False,linear,60.0,auto,2026-08-07T12:27:59,optimal,optimal,not_run,2.348741699999664,2.47293030000219,1,0.056461700001818826,0.010996341705322266,0.0,0.029003143310546875,0.0010035037994384766,1,0,1.0,0.0,300.0,1268.0,41644.0,10000.0,0.0,0.0,2,True,D:\git\git\RDMCT-A3C\cie\results\stability\cie_stability_600s_mem2048_repro_v1\s1_t1to5\solutions\cie_core_nominal__cie_core_n024_f024_m000_proc100__proposed__solverseed_1__trainseed_1__stability_stage2_off_trainseed_1.sol,,,,D:\git\git\RDMCT-A3C\cie\models\proposed\cie_proposed_all_cie_proposed\cie_proposed_all_cie_proposed_2026_08_02_14_55_21_0000--s-1\itr_60.pkl,23,True,beam_search,
cie_core_nominal,dual_source_cluster_tool,8_to_32_wafers_nominal_processing,test,600.0,[],D:\git\git\RDMCT-A3C\cie\data\core\pure41\cie_core_n032_f032_m000_proc100.lp,pure41\cie_core_n032_f032_m000_proc100.lp,cie_core_n032_f032_m000_proc100.lp,proposed,1,1,stability_stage2_off_trainseed_1,stage2_off,False,linear,60.0,auto,2026-08-07T12:28:02,optimal,optimal,not_run,6.994701699997677,7.23385000000053,1,0.04743640000015148,0.007002353668212891,0.0010004043579101562,0.034999847412109375,0.0009996891021728516,1,0,1.0,0.0,700.0,1592.0,62122.0,10000.0,0.011443541338279375,10.0,2,True,D:\git\git\RDMCT-A3C\cie\results\stability\cie_stability_600s_mem2048_repro_v1\s1_t1to5\solutions\cie_core_nominal__cie_core_n032_f032_m000_proc100__proposed__solverseed_1__trainseed_1__stability_stage2_off_trainseed_1.sol,,,,D:\git\git\RDMCT-A3C\cie\models\proposed\cie_proposed_all_cie_proposed\cie_proposed_all_cie_proposed_2026_08_02_14_55_21_0000--s-1\itr_60.pkl,23,True,beam_search,
cie_core_nominal,dual_source_cluster_tool,8_to_32_wafers_nominal_processing,test,600.0,[],D:\git\git\RDMCT-A3C\cie\data\core\spbs\cie_core_n008_f000_m008_proc100.lp,spbs\cie_core_n008_f000_m008_proc100.lp,cie_core_n008_f000_m008_proc100.lp,proposed,1,1,stability_stage2_off_trainseed_1,stage2_off,False,linear,60.0,auto,2026-08-07T12:28:09,optimal,optimal,not_run,0.6718373000003339,0.7339437000009639,1,0.06085430000166525,0.005002737045288086,0.0009980201721191406,0.051003217697143555,0.0010004043579101562,1,0,833.0,0.0,92.69058649662122,768.0,60212.0,10000.0,0.024165606310727585,2.0,4,True,D:\git\git\RDMCT-A3C\cie\results\stability\cie_stability_600s_mem2048_repro_v1\s1_t1to5\solutions\cie_core_nominal__cie_core_n008_f000_m008_proc100__proposed__solverseed_1__trainseed_1__stability_stage2_off_trainseed_1.sol,,,,D:\git\git\RDMCT-A3C\cie\models\proposed\cie_proposed_all_cie_proposed\cie_proposed_all_cie_proposed_2026_08_02_14_55_21_0000--s-1\itr_60.pkl,23,True,beam_search,
cie_core_nominal,dual_source_cluster_tool,8_to_32_wafers_nominal_processing,test,600.0,[],D:\git\git\RDMCT-A3C\cie\data\core\spbs\cie_core_n008_f002_m006_proc100.lp,spbs\cie_core_n008_f002_m006_proc100.lp,cie_core_n008_f002_m006_proc100.lp,proposed,1,1,stability_stage2_off_trainseed_1,stage2_off,False,linear,60.0,auto,2026-08-07T12:28:10,optimal,optimal,not_run,0.8836384999995062,0.9091896999998426,1,0.07723769999938668,0.006000041961669922,0.0009996891021728516,0.06699967384338379,0.002001523971557617,1,0,1113.0,0.0,91.434281050728,900.0,59692.0,10000.0,0.0,0.0,4,True,D:\git\git\RDMCT-A3C\cie\results\stability\cie_stability_600s_mem2048_repro_v1\s1_t1to5\solutions\cie_core_nominal__cie_core_n008_f002_m006_proc100__proposed__solverseed_1__trainseed_1__stability_stage2_off_trainseed_1.sol,,,,D:\git\git\RDMCT-A3C\cie\models\proposed\cie_proposed_all_cie_proposed\cie_proposed_all_cie_proposed_2026_08_02_14_55_21_0000--s-1\itr_60.pkl,23,True,beam_search,
cie_core_nominal,dual_source_cluster_tool,8_to_32_wafers_nominal_processing,test,600.0,[],D:\git\git\RDMCT-A3C\cie\data\core\spbs\cie_core_n008_f004_m004_proc100.lp,spbs\cie_core_n008_f004_m004_proc100.lp,cie_core_n008_f004_m004_proc100.lp,proposed,1,1,stability_stage2_off_trainseed_1,stage2_off,False,linear,60.0,auto,2026-08-07T12:28:11,optimal,optimal,not_run,0.4002824999988661,0.4943950999986555,1,0.039869699998234864,0.0050029754638671875,0.0009968280792236328,0.031003475189208984,0.002000093460083008,1,0,440.0,0.0,0.0,834.0,51072.0,10000.0,0.226890756302521,0.0,2,True,D:\git\git\RDMCT-A3C\cie\results\stability\cie_stability_600s_mem2048_repro_v1\s1_t1to5\solutions\cie_core_nominal__cie_core_n008_f004_m004_proc100__proposed__solverseed_1__trainseed_1__stability_stage2_off_trainseed_1.sol,,,,D:\git\git\RDMCT-A3C\cie\models\proposed\cie_proposed_all_cie_proposed\cie_proposed_all_cie_proposed_2026_08_02_14_55_21_0000--s-1\itr_60.pkl,23,True,beam_search,
cie_core_nominal,dual_source_cluster_tool,8_to_32_wafers_nominal_processing,test,600.0,[],D:\git\git\RDMCT-A3C\cie\data\core\spbs\cie_core_n008_f006_m002_proc100.lp,spbs\cie_core_n008_f006_m002_proc100.lp,cie_core_n008_f006_m002_proc100.lp,proposed,1,1,stability_stage2_off_trainseed_1,stage2_off,False,linear,60.0,auto,2026-08-07T12:28:11,optimal,optimal,not_run,0.5090683999987959,0.5687789000003249,1,0.1280951999979152,0.00699925422668457,0.0,0.11800098419189453,0.0009999275207519531,1,0,420.0,0.0,92.30988787665359,834.0,30384.0,10000.0,0.0,0.0,2,True,D:\git\git\RDMCT-A3C\cie\results\stability\cie_stability_600s_mem2048_repro_v1\s1_t1to5\solutions\cie_core_nominal__cie_core_n008_f006_m002_proc100__proposed__solverseed_1__trainseed_1__stability_stage2_off_trainseed_1.sol,,,,D:\git\git\RDMCT-A3C\cie\models\proposed\cie_proposed_all_cie_proposed\cie_proposed_all_cie_proposed_2026_08_02_14_55_21_0000--s-1\itr_60.pkl,23,True,beam_search,
cie_core_nominal,dual_source_cluster_tool,8_to_32_wafers_nominal_processing,test,600.0,[],D:\git\git\RDMCT-A3C\cie\data\core\spbs\cie_core_n016_f000_m016_proc100.lp,spbs\cie_core_n016_f000_m016_proc100.lp,cie_core_n016_f000_m016_proc100.lp,proposed,1,1,stability_stage2_off_trainseed_1,stage2_off,False,linear,60.0,auto,2026-08-07T12:28:12,optimal,optimal,not_run,28.69493589999911,28.77379099999962,1,0.07631490000130725,0.0070018768310546875,0.0,0.06600379943847656,0.0010035037994384766,1,0,13722.0,0.0,2503.95343221811,1136.0,100679.99999999999,10000.0,0.03196209637527694,18.0,6,True,D:\git\git\RDMCT-A3C\cie\results\stability\cie_stability_600s_mem2048_repro_v1\s1_t1to5\solutions\cie_core_nominal__cie_core_n016_f000_m016_proc100__proposed__solverseed_1__trainseed_1__stability_stage2_off_trainseed_1.sol,,,,D:\git\git\RDMCT-A3C\cie\models\proposed\cie_proposed_all_cie_proposed\cie_proposed_all_cie_proposed_2026_08_02_14_55_21_0000--s-1\itr_60.pkl,23,True,beam_search,
cie_core_nominal,dual_source_cluster_tool,8_to_32_wafers_nominal_processing,test,600.0,[],D:\git\git\RDMCT-A3C\cie\data\core\spbs\cie_core_n016_f004_m012_proc100.lp,spbs\cie_core_n016_f004_m012_proc100.lp,cie_core_n016_f004_m012_proc100.lp,proposed,1,1,stability_stage2_off_trainseed_1,stage2_off,False,linear,60.0,auto,2026-08-07T12:28:41,optimal,optimal,not_run,33.857827600000746,33.931153300000005,1,0.05994119999741088,0.0070002079010009766,0.0010001659393310547,0.03999924659729004,0.0019991397857666016,1,0,16143.0,0.0,2929.04157907998,1202.0,91420.0,10000.0,0.10794810925861055,56.0,4,True,D:\git\git\RDMCT-A3C\cie\results\stability\cie_stability_600s_mem2048_repro_v1\s1_t1to5\solutions\cie_core_nominal__cie_core_n016_f004_m012_proc100__proposed__solverseed_1__trainseed_1__stability_stage2_off_trainseed_1.sol,,,,D:\git\git\RDMCT-A3C\cie\models\proposed\cie_proposed_all_cie_proposed\cie_proposed_all_cie_proposed_2026_08_02_14_55_21_0000--s-1\itr_60.pkl,23,True,beam_search,
cie_core_nominal,dual_source_cluster_tool,8_to_32_wafers_nominal_processing,test,600.0,[],D:\git\git\RDMCT-A3C\cie\data\core\spbs\cie_core_n016_f008_m008_proc100.lp,spbs\cie_core_n016_f008_m008_proc100.lp,cie_core_n016_f008_m008_proc100.lp,proposed,1,1,stability_stage2_off_trainseed_1,stage2_off,False,linear,60.0,auto,2026-08-07T12:29:15,optimal,optimal,not_run,10.135219900002994,10.216597499998898,1,0.08418300000266754,0.00699925422668457,0.0010001659393310547,0.07200169563293457,0.0009992122650146484,1,0,8780.0,0.0,720.9741799993893,1170.0000000000036,81527.00000000003,10000.0,0.13323170644251914,55.000000000007276,2,True,D:\git\git\RDMCT-A3C\cie\results\stability\cie_stability_600s_mem2048_repro_v1\s1_t1to5\solutions\cie_core_nominal__cie_core_n016_f008_m008_proc100__proposed__solverseed_1__trainseed_1__stability_stage2_off_trainseed_1.sol,,,,D:\git\git\RDMCT-A3C\cie\models\proposed\cie_proposed_all_cie_proposed\cie_proposed_all_cie_proposed_2026_08_02_14_55_21_0000--s-1\itr_60.pkl,23,True,beam_search,
cie_core_nominal,dual_source_cluster_tool,8_to_32_wafers_nominal_processing,test,600.0,[],D:\git\git\RDMCT-A3C\cie\data\core\spbs\cie_core_n016_f012_m004_proc100.lp,spbs\cie_core_n016_f012_m004_proc100.lp,cie_core_n016_f012_m004_proc100.lp,proposed,1,1,stability_stage2_off_trainseed_1,stage2_off,False,linear,60.0,auto,2026-08-07T12:29:25,optimal,optimal,not_run,69.79089680000106,69.88764980000269,1,0.0781262999989849,0.0069997310638427734,0.0009999275207519531,0.03099679946899414,0.0009999275207519531,1,0,89118.0,0.0,1814.2498978911262,1158.0,70992.0,10000.0,0.22371687728193032,0.0,11,True,D:\git\git\RDMCT-A3C\cie\results\stability\cie_stability_600s_mem2048_repro_v1\s1_t1to5\solutions\cie_core_nominal__cie_core_n016_f012_m004_proc100__proposed__solverseed_1__trainseed_1__stability_stage2_off_trainseed_1.sol,,,,D:\git\git\RDMCT-A3C\cie\models\proposed\cie_proposed_all_cie_proposed\cie_proposed_all_cie_proposed_2026_08_02_14_55_21_0000--s-1\itr_60.pkl,23,True,beam_search,
cie_core_nominal,dual_source_cluster_tool,8_to_32_wafers_nominal_processing,test,600.0,[],D:\git\git\RDMCT-A3C\cie\data\core\spbs\cie_core_n024_f000_m024_proc100.lp,spbs\cie_core_n024_f000_m024_proc100.lp,cie_core_n024_f000_m024_proc100.lp,proposed,1,1,stability_stage2_off_trainseed_1,stage2_off,False,linear,60.0,auto,2026-08-07T12:30:35,timelimit,timelimit,not_run,599.8470295000006,599.9870759000005,1,0.08175780000237864,0.008999109268188477,0.0,0.033002614974975586,0.0020020008087158203,1,0,88490.0,3.7499995250000073,47431.57769052621,10506.9989493,129683.9938418,9999.999,6.786765790425065e-08,4.549999948721961e-05,1,True,D:\git\git\RDMCT-A3C\cie\results\stability\cie_stability_600s_mem2048_repro_v1\s1_t1to5\solutions\cie_core_nominal__cie_core_n024_f000_m024_proc100__proposed__solverseed_1__trainseed_1__stability_stage2_off_trainseed_1.sol,,,,D:\git\git\RDMCT-A3C\cie\models\proposed\cie_proposed_all_cie_proposed\cie_proposed_all_cie_proposed_2026_08_02_14_55_21_0000--s-1\itr_60.pkl,23,True,beam_search,
cie_core_nominal,dual_source_cluster_tool,8_to_32_wafers_nominal_processing,test,600.0,[],D:\git\git\RDMCT-A3C\cie\data\core\spbs\cie_core_n024_f006_m018_proc100.lp,spbs\cie_core_n024_f006_m018_proc100.lp,cie_core_n024_f006_m018_proc100.lp,proposed,1,1,stability_stage2_off_trainseed_1,stage2_off,False,linear,60.0,auto,2026-08-07T12:40:35,timelimit,timelimit,not_run,599.8590618999988,600.0338716000006,1,0.04007419999834383,0.007996559143066406,0.0,0.027004003524780273,0.0019998550415039062,1,0,104254.0,3.6444341645318024,47174.054827724074,10514.9989485,158596.9850112,9999.999,0.21774702827521059,64.00001149999832,1,True,D:\git\git\RDMCT-A3C\cie\results\stability\cie_stability_600s_mem2048_repro_v1\s1_t1to5\solutions\cie_core_nominal__cie_core_n024_f006_m018_proc100__proposed__solverseed_1__trainseed_1__stability_stage2_off_trainseed_1.sol,,,,D:\git\git\RDMCT-A3C\cie\models\proposed\cie_proposed_all_cie_proposed\cie_proposed_all_cie_proposed_2026_08_02_14_55_21_0000--s-1\itr_60.pkl,23,True,beam_search,
cie_core_nominal,dual_source_cluster_tool,8_to_32_wafers_nominal_processing,test,600.0,[],D:\git\git\RDMCT-A3C\cie\data\core\spbs\cie_core_n024_f012_m012_proc100.lp,spbs\cie_core_n024_f012_m012_proc100.lp,cie_core_n024_f012_m012_proc100.lp,proposed,1,1,stability_stage2_off_trainseed_1,stage2_off,False,linear,60.0,auto,2026-08-07T12:50:35,optimal,optimal,not_run,392.1483380999998,392.2879998000026,1,0.09470460000011371,0.008002758026123047,0.0,0.04699993133544922,0.0009999275207519531,1,0,77705.0,0.0,30622.007033740436,2246.000000000018,122928.00000000012,10000.0,0.2483057489808354,193.9999999999818,8,True,D:\git\git\RDMCT-A3C\cie\results\stability\cie_stability_600s_mem2048_repro_v1\s1_t1to5\solutions\cie_core_nominal__cie_core_n024_f012_m012_proc100__proposed__solverseed_1__trainseed_1__stability_stage2_off_trainseed_1.sol,,,,D:\git\git\RDMCT-A3C\cie\models\proposed\cie_proposed_all_cie_proposed\cie_proposed_all_cie_proposed_2026_08_02_14_55_21_0000--s-1\itr_60.pkl,23,True,beam_search,
cie_core_nominal,dual_source_cluster_tool,8_to_32_wafers_nominal_processing,test,600.0,[],D:\git\git\RDMCT-A3C\cie\data\core\spbs\cie_core_n024_f018_m006_proc100.lp,spbs\cie_core_n024_f018_m006_proc100.lp,cie_core_n024_f018_m006_proc100.lp,proposed,1,1,stability_stage2_off_trainseed_1,stage2_off,False,linear,60.0,auto,2026-08-07T12:57:07,timelimit,timelimit,not_run,599.4860445000013,599.7150379999985,1,0.050106400001823204,0.013000011444091797,0.001003265380859375,0.031000375747680664,0.0019998550415039062,1,0,95626.0,3.711021034274194,47390.54557690525,10514.9989485,100915.9949123,9999.999,0.5261966247503015,67.999998,1,True,D:\git\git\RDMCT-A3C\cie\results\stability\cie_stability_600s_mem2048_repro_v1\s1_t1to5\solutions\cie_core_nominal__cie_core_n024_f018_m006_proc100__proposed__solverseed_1__trainseed_1__stability_stage2_off_trainseed_1.sol,,,,D:\git\git\RDMCT-A3C\cie\models\proposed\cie_proposed_all_cie_proposed\cie_proposed_all_cie_proposed_2026_08_02_14_55_21_0000--s-1\itr_60.pkl,23,True,beam_search,
cie_core_nominal,dual_source_cluster_tool,8_to_32_wafers_nominal_processing,test,600.0,[],D:\git\git\RDMCT-A3C\cie\data\core\spbs\cie_core_n032_f000_m032_proc100.lp,spbs\cie_core_n032_f000_m032_proc100.lp,cie_core_n032_f000_m032_proc100.lp,proposed,1,1,stability_stage2_off_trainseed_1,stage2_off,False,linear,60.0,auto,2026-08-07T13:07:07,timelimit,timelimit,not_run,599.7885824999976,599.9687827000016,1,0.08559340000283555,0.009999990463256836,0.0009984970092773438,0.033004045486450195,0.001003265380859375,1,0,68155.0,3.069272038893189,45487.01637537652,10514.9989485,230581.9759206,9999.999,0.22043254564375014,295.9999905000003,1,True,D:\git\git\RDMCT-A3C\cie\results\stability\cie_stability_600s_mem2048_repro_v1\s1_t1to5\solutions\cie_core_nominal__cie_core_n032_f000_m032_proc100__proposed__solverseed_1__trainseed_1__stability_stage2_off_trainseed_1.sol,,,,D:\git\git\RDMCT-A3C\cie\models\proposed\cie_proposed_all_cie_proposed\cie_proposed_all_cie_proposed_2026_08_02_14_55_21_0000--s-1\itr_60.pkl,23,True,beam_search,
cie_core_nominal,dual_source_cluster_tool,8_to_32_wafers_nominal_processing,test,600.0,[],D:\git\git\RDMCT-A3C\cie\data\core\spbs\cie_core_n032_f008_m024_proc100.lp,spbs\cie_core_n032_f008_m024_proc100.lp,cie_core_n032_f008_m024_proc100.lp,proposed,1,1,stability_stage2_off_trainseed_1,stage2_off,False,linear,60.0,auto,2026-08-07T13:17:07,timelimit,timelimit,not_run,599.8170347000014,600.0192986999973,1,0.12005330000101821,0.011999845504760742,0.0,0.06600022315979004,0.0020003318786621094,1,0,80781.0,3.172618630357143,45890.203058825355,10514.9989485,166409.9945901,9999.999,0.0,0.0,1,True,D:\git\git\RDMCT-A3C\cie\results\stability\cie_stability_600s_mem2048_repro_v1\s1_t1to5\solutions\cie_core_nominal__cie_core_n032_f008_m024_proc100__proposed__solverseed_1__trainseed_1__stability_stage2_off_trainseed_1.sol,,,,D:\git\git\RDMCT-A3C\cie\models\proposed\cie_proposed_all_cie_proposed\cie_proposed_all_cie_proposed_2026_08_02_14_55_21_0000--s-1\itr_60.pkl,23,True,beam_search,
cie_core_nominal,dual_source_cluster_tool,8_to_32_wafers_nominal_processing,test,600.0,[],D:\git\git\RDMCT-A3C\cie\data\core\spbs\cie_core_n032_f016_m016_proc100.lp,spbs\cie_core_n032_f016_m016_proc100.lp,cie_core_n032_f016_m016_proc100.lp,proposed,1,1,stability_stage2_off_trainseed_1,stage2_off,False,linear,60.0,auto,2026-08-07T13:27:07,timelimit,timelimit,not_run,599.7788669000001,599.985241800001,1,0.08555930000147782,0.013003826141357422,0.0,0.03099679946899414,0.00099945068359375,1,0,60334.0,3.120297393612853,46104.01192471404,10514.9989485,163641.9847201,9999.999,0.5067053559888083,397.9999987999993,1,True,D:\git\git\RDMCT-A3C\cie\results\stability\cie_stability_600s_mem2048_repro_v1\s1_t1to5\solutions\cie_core_nominal__cie_core_n032_f016_m016_proc100__proposed__solverseed_1__trainseed_1__stability_stage2_off_trainseed_1.sol,,,,D:\git\git\RDMCT-A3C\cie\models\proposed\cie_proposed_all_cie_proposed\cie_proposed_all_cie_proposed_2026_08_02_14_55_21_0000--s-1\itr_60.pkl,23,True,beam_search,
cie_core_nominal,dual_source_cluster_tool,8_to_32_wafers_nominal_processing,test,600.0,[],D:\git\git\RDMCT-A3C\cie\data\core\spbs\cie_core_n032_f024_m008_proc100.lp,spbs\cie_core_n032_f024_m008_proc100.lp,cie_core_n032_f024_m008_proc100.lp,proposed,1,1,stability_stage2_off_trainseed_1,stage2_off,False,linear,60.0,auto,2026-08-07T13:37:07,timelimit,timelimit,not_run,599.7570406999985,600.0364893000005,1,0.0886449999998149,0.016003131866455078,0.00099945068359375,0.06399750709533691,0.0020034313201904297,1,0,62679.0,3.323601541324013,46621.016256015086,10514.9989485,136874.9967606,9999.999,2.0179011933335302,6339.999216800001,1,True,D:\git\git\RDMCT-A3C\cie\results\stability\cie_stability_600s_mem2048_repro_v1\s1_t1to5\solutions\cie_core_nominal__cie_core_n032_f024_m008_proc100__proposed__solverseed_1__trainseed_1__stability_stage2_off_trainseed_1.sol,,,,D:\git\git\RDMCT-A3C\cie\models\proposed\cie_proposed_all_cie_proposed\cie_proposed_all_cie_proposed_2026_08_02_14_55_21_0000--s-1\itr_60.pkl,23,True,beam_search,
cie_core_nominal,dual_source_cluster_tool,8_to_32_wafers_nominal_processing,test,600.0,[],D:\git\git\RDMCT-A3C\cie\data\core\pure41\cie_core_n008_f008_m000_proc100.lp,pure41\cie_core_n008_f008_m000_proc100.lp,cie_core_n008_f008_m000_proc100.lp,proposed,1,2,stability_stage2_off_trainseed_2,stage2_off,False,linear,60.0,auto,2026-08-07T13:47:09,optimal,optimal,not_run,0.388954999998532,0.4461797000003571,1,0.3604215000013937,0.0060002803802490234,0.0,0.3509969711303711,0.0020029544830322266,1,0,1.0,0.0,2.622950819672131,610.0,424.0,58.0,0.0,0.0,1,True,D:\git\git\RDMCT-A3C\cie\results\stability\cie_stability_600s_mem2048_repro_v1\s1_t1to5\solutions\cie_core_nominal__cie_core_n008_f008_m000_proc100__proposed__solverseed_1__trainseed_2__stability_stage2_off_trainseed_2.sol,,,,D:\git\git\RDMCT-A3C\cie\models\proposed\cie_proposed_all_cie_proposed\cie_proposed_all_cie_proposed_2026_08_02_15_03_12_0000--s-2\itr_60.pkl,23,True,beam_search,
cie_core_nominal,dual_source_cluster_tool,8_to_32_wafers_nominal_processing,test,600.0,[],D:\git\git\RDMCT-A3C\cie\data\core\pure41\cie_core_n016_f016_m000_proc100.lp,pure41\cie_core_n016_f016_m000_proc100.lp,cie_core_n016_f016_m000_proc100.lp,proposed,1,2,stability_stage2_off_trainseed_2,stage2_off,False,linear,60.0,auto,2026-08-07T13:47:10,optimal,optimal,not_run,0.23724520000178018,0.291426900002989,1,0.01367480000044452,0.004996299743652344,0.0,0.005002737045288086,0.0020003318786621094,1,0,1.0,0.0,0.0,944.0,21156.0,10000.0,0.015197568389057751,0.0,3,True,D:\git\git\RDMCT-A3C\cie\results\stability\cie_stability_600s_mem2048_repro_v1\s1_t1to5\solutions\cie_core_nominal__cie_core_n016_f016_m000_proc100__proposed__solverseed_1__trainseed_2__stability_stage2_off_trainseed_2.sol,,,,D:\git\git\RDMCT-A3C\cie\models\proposed\cie_proposed_all_cie_proposed\cie_proposed_all_cie_proposed_2026_08_02_15_03_12_0000--s-2\itr_60.pkl,23,True,beam_search,
cie_core_nominal,dual_source_cluster_tool,8_to_32_wafers_nominal_processing,test,600.0,[],D:\git\git\RDMCT-A3C\cie\data\core\pure41\cie_core_n024_f024_m000_proc100.lp,pure41\cie_core_n024_f024_m000_proc100.lp,cie_core_n024_f024_m000_proc100.lp,proposed,1,2,stability_stage2_off_trainseed_2,stage2_off,False,linear,60.0,auto,2026-08-07T13:47:10,optimal,optimal,not_run,2.300607900000614,2.4258566000025894,1,0.05400070000177948,0.011002779006958008,0.0,0.00500035285949707,0.001997232437133789,1,0,1.0,0.0,200.0,1268.0,41493.0,10000.0,0.017201421312754317,13.0,2,True,D:\git\git\RDMCT-A3C\cie\results\stability\cie_stability_600s_mem2048_repro_v1\s1_t1to5\solutions\cie_core_nominal__cie_core_n024_f024_m000_proc100__proposed__solverseed_1__trainseed_2__stability_stage2_off_trainseed_2.sol,,,,D:\git\git\RDMCT-A3C\cie\models\proposed\cie_proposed_all_cie_proposed\cie_proposed_all_cie_proposed_2026_08_02_15_03_12_0000--s-2\itr_60.pkl,23,True,beam_search,
cie_core_nominal,dual_source_cluster_tool,8_to_32_wafers_nominal_processing,test,600.0,[],D:\git\git\RDMCT-A3C\cie\data\core\pure41\cie_core_n032_f032_m000_proc100.lp,pure41\cie_core_n032_f032_m000_proc100.lp,cie_core_n032_f032_m000_proc100.lp,proposed,1,2,stability_stage2_off_trainseed_2,stage2_off,False,linear,60.0,auto,2026-08-07T13:47:12,optimal,optimal,not_run,6.96923329999845,7.20766150000054,1,0.05484740000247257,0.008002042770385742,0.0009953975677490234,0.009002208709716797,0.0019998550415039062,1,0,1.0,0.0,700.0,1592.0,62128.0,10000.0,0.011443541338279375,10.0,2,True,D:\git\git\RDMCT-A3C\cie\results\stability\cie_stability_600s_mem2048_repro_v1\s1_t1to5\solutions\cie_core_nominal__cie_core_n032_f032_m000_proc100__proposed__solverseed_1__trainseed_2__stability_stage2_off_trainseed_2.sol,,,,D:\git\git\RDMCT-A3C\cie\models\proposed\cie_proposed_all_cie_proposed\cie_proposed_all_cie_proposed_2026_08_02_15_03_12_0000--s-2\itr_60.pkl,23,True,beam_search,
cie_core_nominal,dual_source_cluster_tool,8_to_32_wafers_nominal_processing,test,600.0,[],D:\git\git\RDMCT-A3C\cie\data\core\spbs\cie_core_n008_f000_m008_proc100.lp,spbs\cie_core_n008_f000_m008_proc100.lp,cie_core_n008_f000_m008_proc100.lp,proposed,1,2,stability_stage2_off_trainseed_2,stage2_off,False,linear,60.0,auto,2026-08-07T13:47:20,optimal,optimal,not_run,0.3436183000012534,0.370814199999586,1,0.013741300001129275,0.0049974918365478516,0.0,0.005003452301025391,0.0019991397857666016,1,0,556.0,0.0,0.0,768.0,60184.0,10000.0,0.0,0.0,4,True,D:\git\git\RDMCT-A3C\cie\results\stability\cie_stability_600s_mem2048_repro_v1\s1_t1to5\solutions\cie_core_nominal__cie_core_n008_f000_m008_proc100__proposed__solverseed_1__trainseed_2__stability_stage2_off_trainseed_2.sol,,,,D:\git\git\RDMCT-A3C\cie\models\proposed\cie_proposed_all_cie_proposed\cie_proposed_all_cie_proposed_2026_08_02_15_03_12_0000--s-2\itr_60.pkl,23,True,beam_search,
cie_core_nominal,dual_source_cluster_tool,8_to_32_wafers_nominal_processing,test,600.0,[],D:\git\git\RDMCT-A3C\cie\data\core\spbs\cie_core_n008_f002_m006_proc100.lp,spbs\cie_core_n008_f002_m006_proc100.lp,cie_core_n008_f002_m006_proc100.lp,proposed,1,2,stability_stage2_off_trainseed_2,stage2_off,False,linear,60.0,auto,2026-08-07T13:47:20,optimal,optimal,not_run,0.45644049999827985,0.516462199997477,1,0.014460899998084642,0.00599980354309082,0.0009999275207519531,0.00500035285949707,0.0019986629486083984,1,0,537.0,0.0,0.0,900.0,59758.0,10000.0,0.1510325163699422,0.0,2,True,D:\git\git\RDMCT-A3C\cie\results\stability\cie_stability_600s_mem2048_repro_v1\s1_t1to5\solutions\cie_core_nominal__cie_core_n008_f002_m006_proc100__proposed__solverseed_1__trainseed_2__stability_stage2_off_trainseed_2.sol,,,,D:\git\git\RDMCT-A3C\cie\models\proposed\cie_proposed_all_cie_proposed\cie_proposed_all_cie_proposed_2026_08_02_15_03_12_0000--s-2\itr_60.pkl,23,True,beam_search,
cie_core_nominal,dual_source_cluster_tool,8_to_32_wafers_nominal_processing,test,600.0,[],D:\git\git\RDMCT-A3C\cie\data\core\spbs\cie_core_n008_f004_m004_proc100.lp,spbs\cie_core_n008_f004_m004_proc100.lp,cie_core_n008_f004_m004_proc100.lp,proposed,1,2,stability_stage2_off_trainseed_2,stage2_off,False,linear,60.0,auto,2026-08-07T13:47:20,optimal,optimal,not_run,0.35091040000042995,0.3734504999993078,1,0.013671299999259645,0.00500035285949707,0.0009987354278564453,0.004999637603759766,0.0010020732879638672,1,0,446.0,0.0,92.30988787665359,834.0,50716.0,10000.0,0.0,0.0,4,True,D:\git\git\RDMCT-A3C\cie\results\stability\cie_stability_600s_mem2048_repro_v1\s1_t1to5\solutions\cie_core_nominal__cie_core_n008_f004_m004_proc100__proposed__solverseed_1__trainseed_2__stability_stage2_off_trainseed_2.sol,,,,D:\git\git\RDMCT-A3C\cie\models\proposed\cie_proposed_all_cie_proposed\cie_proposed_all_cie_proposed_2026_08_02_15_03_12_0000--s-2\itr_60.pkl,23,True,beam_search,
cie_core_nominal,dual_source_cluster_tool,8_to_32_wafers_nominal_processing,test,600.0,[],D:\git\git\RDMCT-A3C\cie\data\core\spbs\cie_core_n008_f006_m002_proc100.lp,spbs\cie_core_n008_f006_m002_proc100.lp,cie_core_n008_f006_m002_proc100.lp,proposed,1,2,stability_stage2_off_trainseed_2,stage2_off,False,linear,60.0,auto,2026-08-07T13:47:21,optimal,optimal,not_run,0.5530105999969237,0.5775773999994271,1,0.01468620000014198,0.005997419357299805,0.0,0.005003213882446289,0.0019998550415039062,1,0,945.0,0.0,0.0,834.0,30718.0,10000.0,0.0,0.0,2,True,D:\git\git\RDMCT-A3C\cie\results\stability\cie_stability_600s_mem2048_repro_v1\s1_t1to5\solutions\cie_core_nominal__cie_core_n008_f006_m002_proc100__proposed__solverseed_1__trainseed_2__stability_stage2_off_trainseed_2.sol,,,,D:\git\git\RDMCT-A3C\cie\models\proposed\cie_proposed_all_cie_proposed\cie_proposed_all_cie_proposed_2026_08_02_15_03_12_0000--s-2\itr_60.pkl,23,True,beam_search,
cie_core_nominal,dual_source_cluster_tool,8_to_32_wafers_nominal_processing,test,600.0,[],D:\git\git\RDMCT-A3C\cie\data\core\spbs\cie_core_n016_f000_m016_proc100.lp,spbs\cie_core_n016_f000_m016_proc100.lp,cie_core_n016_f000_m016_proc100.lp,proposed,1,2,stability_stage2_off_trainseed_2,stage2_off,False,linear,60.0,auto,2026-08-07T13:47:21,optimal,optimal,not_run,9.09405329999936,9.18808050000007,1,0.04656210000030114,0.005999565124511719,0.0,0.005003452301025391,0.001003265380859375,1,0,4367.0,0.0,826.4833086907543,1136.0,100248.0,10000.0,0.0,0.0,5,True,D:\git\git\RDMCT-A3C\cie\results\stability\cie_stability_600s_mem2048_repro_v1\s1_t1to5\solutions\cie_core_nominal__cie_core_n016_f000_m016_proc100__proposed__solverseed_1__trainseed_2__stability_stage2_off_trainseed_2.sol,,,,D:\git\git\RDMCT-A3C\cie\models\proposed\cie_proposed_all_cie_proposed\cie_proposed_all_cie_proposed_2026_08_02_15_03_12_0000--s-2\itr_60.pkl,23,True,beam_search,
cie_core_nominal,dual_source_cluster_tool,8_to_32_wafers_nominal_processing,test,600.0,[],D:\git\git\RDMCT-A3C\cie\data\core\spbs\cie_core_n016_f004_m012_proc100.lp,spbs\cie_core_n016_f004_m012_proc100.lp,cie_core_n016_f004_m012_proc100.lp,proposed,1,2,stability_stage2_off_trainseed_2,stage2_off,False,linear,60.0,auto,2026-08-07T13:47:31,optimal,optimal,not_run,21.04926219999834,21.088503599999967,1,0.05115339999974822,0.006998777389526367,0.0010035037994384766,0.004996776580810547,0.002002716064453125,1,0,29770.0,0.0,638.8067704296691,1202.0,90996.0,10000.0,0.10794810925861055,56.0,4,True,D:\git\git\RDMCT-A3C\cie\results\stability\cie_stability_600s_mem2048_repro_v1\s1_t1to5\solutions\cie_core_nominal__cie_core_n016_f004_m012_proc100__proposed__solverseed_1__trainseed_2__stability_stage2_off_trainseed_2.sol,,,,D:\git\git\RDMCT-A3C\cie\models\proposed\cie_proposed_all_cie_proposed\cie_proposed_all_cie_proposed_2026_08_02_15_03_12_0000--s-2\itr_60.pkl,23,True,beam_search,
cie_core_nominal,dual_source_cluster_tool,8_to_32_wafers_nominal_processing,test,600.0,[],D:\git\git\RDMCT-A3C\cie\data\core\spbs\cie_core_n016_f008_m008_proc100.lp,spbs\cie_core_n016_f008_m008_proc100.lp,cie_core_n016_f008_m008_proc100.lp,proposed,1,2,stability_stage2_off_trainseed_2,stage2_off,False,linear,60.0,auto,2026-08-07T13:47:52,optimal,optimal,not_run,14.492543000000296,14.572480499999074,1,0.016250599997874815,0.006996870040893555,0.0010027885437011719,0.0049974918365478516,0.0010027885437011719,1,0,19119.0,0.0,665.6055900158574,1170.0,80899.00000000001,10000.0,0.0956074258349958,43.0,11,True,D:\git\git\RDMCT-A3C\cie\results\stability\cie_stability_600s_mem2048_repro_v1\s1_t1to5\solutions\cie_core_nominal__cie_core_n016_f008_m008_proc100__proposed__solverseed_1__trainseed_2__stability_stage2_off_trainseed_2.sol,,,,D:\git\git\RDMCT-A3C\cie\models\proposed\cie_proposed_all_cie_proposed\cie_proposed_all_cie_proposed_2026_08_02_15_03_12_0000--s-2\itr_60.pkl,23,True,beam_search,
cie_core_nominal,dual_source_cluster_tool,8_to_32_wafers_nominal_processing,test,600.0,[],D:\git\git\RDMCT-A3C\cie\data\core\spbs\cie_core_n016_f012_m004_proc100.lp,spbs\cie_core_n016_f012_m004_proc100.lp,cie_core_n016_f012_m004_proc100.lp,proposed,1,2,stability_stage2_off_trainseed_2,stage2_off,False,linear,60.0,auto,2026-08-07T13:48:06,optimal,optimal,not_run,13.765600099999574,13.861467599999742,1,0.05004660000122385,0.006997346878051758,0.0009999275207519531,0.004996776580810547,0.002000570297241211,1,0,8650.0,0.0,1259.8858633067034,1158.0,71640.00000000001,10000.0,0.22275603956920398,0.0,8,True,D:\git\git\RDMCT-A3C\cie\results\stability\cie_stability_600s_mem2048_repro_v1\s1_t1to5\solutions\cie_core_nominal__cie_core_n016_f012_m004_proc100__proposed__solverseed_1__trainseed_2__stability_stage2_off_trainseed_2.sol,,,,D:\git\git\RDMCT-A3C\cie\models\proposed\cie_proposed_all_cie_proposed\cie_proposed_all_cie_proposed_2026_08_02_15_03_12_0000--s-2\itr_60.pkl,23,True,beam_search,
cie_core_nominal,dual_source_cluster_tool,8_to_32_wafers_nominal_processing,test,600.0,[],D:\git\git\RDMCT-A3C\cie\data\core\spbs\cie_core_n024_f000_m024_proc100.lp,spbs\cie_core_n024_f000_m024_proc100.lp,cie_core_n024_f000_m024_proc100.lp,proposed,1,2,stability_stage2_off_trainseed_2,stage2_off,False,linear,60.0,auto,2026-08-07T13:48:20,timelimit,timelimit,not_run,599.3768519000005,599.5504026999988,1,0.04542059999948833,0.007999897003173828,0.0009963512420654297,0.0060002803802490234,0.002004861831665039,1,0,96630.0,3.741425518637184,47418.253238827325,10506.9989493,129683.9938418,9999.999,6.786765790425065e-08,4.549999948721961e-05,1,True,D:\git\git\RDMCT-A3C\cie\results\stability\cie_stability_600s_mem2048_repro_v1\s1_t1to5\solutions\cie_core_nominal__cie_core_n024_f000_m024_proc100__proposed__solverseed_1__trainseed_2__stability_stage2_off_trainseed_2.sol,,,,D:\git\git\RDMCT-A3C\cie\models\proposed\cie_proposed_all_cie_proposed\cie_proposed_all_cie_proposed_2026_08_02_15_03_12_0000--s-2\itr_60.pkl,23,True,beam_search,
cie_core_nominal,dual_source_cluster_tool,8_to_32_wafers_nominal_processing,test,600.0,[],D:\git\git\RDMCT-A3C\cie\data\core\spbs\cie_core_n024_f006_m018_proc100.lp,spbs\cie_core_n024_f006_m018_proc100.lp,cie_core_n024_f006_m018_proc100.lp,proposed,1,2,stability_stage2_off_trainseed_2,stage2_off,False,linear,60.0,auto,2026-08-07T13:58:20,timelimit,timelimit,not_run,599.8174553999997,599.9881339999993,1,0.052849799998512026,0.007999897003173828,0.000997781753540039,0.005002260208129883,0.002000093460083008,1,0,96109.0,3.6526544019911507,47177.7923459295,10514.9989485,158596.9850112,9999.999,0.21774702827521059,64.00001149999832,1,True,D:\git\git\RDMCT-A3C\cie\results\stability\cie_stability_600s_mem2048_repro_v1\s1_t1to5\solutions\cie_core_nominal__cie_core_n024_f006_m018_proc100__proposed__solverseed_1__trainseed_2__stability_stage2_off_trainseed_2.sol,,,,D:\git\git\RDMCT-A3C\cie\models\proposed\cie_proposed_all_cie_proposed\cie_proposed_all_cie_proposed_2026_08_02_15_03_12_0000--s-2\itr_60.pkl,23,True,beam_search,
cie_core_nominal,dual_source_cluster_tool,8_to_32_wafers_nominal_processing,test,600.0,[],D:\git\git\RDMCT-A3C\cie\data\core\spbs\cie_core_n024_f012_m012_proc100.lp,spbs\cie_core_n024_f012_m012_proc100.lp,cie_core_n024_f012_m012_proc100.lp,proposed,1,2,stability_stage2_off_trainseed_2,stage2_off,False,linear,60.0,auto,2026-08-07T14:08:20,timelimit,timelimit,not_run,599.8236012999987,599.9930604000001,1,0.019623500000307104,0.008003711700439453,0.0009996891021728516,0.005000114440917969,0.001996755599975586,1,0,105346.0,3.7536161611663657,47448.966885648,10514.9989485,109713.9987998,9999.999,0.27906550976581973,135.99998640000013,1,True,D:\git\git\RDMCT-A3C\cie\results\stability\cie_stability_600s_mem2048_repro_v1\s1_t1to5\solutions\cie_core_nominal__cie_core_n024_f012_m012_proc100__proposed__solverseed_1__trainseed_2__stability_stage2_off_trainseed_2.sol,,,,D:\git\git\RDMCT-A3C\cie\models\proposed\cie_proposed_all_cie_proposed\cie_proposed_all_cie_proposed_2026_08_02_15_03_12_0000--s-2\itr_60.pkl,23,True,beam_search,
cie_core_nominal,dual_source_cluster_tool,8_to_32_wafers_nominal_processing,test,600.0,[],D:\git\git\RDMCT-A3C\cie\data\core\spbs\cie_core_n024_f018_m006_proc100.lp,spbs\cie_core_n024_f018_m006_proc100.lp,cie_core_n024_f018_m006_proc100.lp,proposed,1,2,stability_stage2_off_trainseed_2,stage2_off,False,linear,60.0,auto,2026-08-07T14:18:20,timelimit,timelimit,not_run,599.7931050999978,600.0590771000025,1,0.02454539999962435,0.010998964309692383,0.0010037422180175781,0.005997657775878906,0.0019998550415039062,1,0,203845.0,0.11675579322638147,12631.665377502537,2506.0,111740.0,10000.0,0.35828509743056725,144.0,11,True,D:\git\git\RDMCT-A3C\cie\results\stability\cie_stability_600s_mem2048_repro_v1\s1_t1to5\solutions\cie_core_nominal__cie_core_n024_f018_m006_proc100__proposed__solverseed_1__trainseed_2__stability_stage2_off_trainseed_2.sol,,,,D:\git\git\RDMCT-A3C\cie\models\proposed\cie_proposed_all_cie_proposed\cie_proposed_all_cie_proposed_2026_08_02_15_03_12_0000--s-2\itr_60.pkl,23,True,beam_search,
cie_core_nominal,dual_source_cluster_tool,8_to_32_wafers_nominal_processing,test,600.0,[],D:\git\git\RDMCT-A3C\cie\data\core\spbs\cie_core_n032_f000_m032_proc100.lp,spbs\cie_core_n032_f000_m032_proc100.lp,cie_core_n032_f000_m032_proc100.lp,proposed,1,2,stability_stage2_off_trainseed_2,stage2_off,False,linear,60.0,auto,2026-08-07T14:28:20,timelimit,timelimit,not_run,599.7607448999988,599.9679806999993,1,0.0337467999997898,0.010001897811889648,0.0009963512420654297,0.007997512817382812,0.0009999275207519531,1,0,52653.0,3.069272038893189,45490.8583623986,10514.9989485,230581.9759206,9999.999,0.22043254564375014,295.9999905000003,1,True,D:\git\git\RDMCT-A3C\cie\results\stability\cie_stability_600s_mem2048_repro_v1\s1_t1to5\solutions\cie_core_nominal__cie_core_n032_f000_m032_proc100__proposed__solverseed_1__trainseed_2__stability_stage2_off_trainseed_2.sol,,,,D:\git\git\RDMCT-A3C\cie\models\proposed\cie_proposed_all_cie_proposed\cie_proposed_all_cie_proposed_2026_08_02_15_03_12_0000--s-2\itr_60.pkl,23,True,beam_search,
cie_core_nominal,dual_source_cluster_tool,8_to_32_wafers_nominal_processing,test,600.0,[],D:\git\git\RDMCT-A3C\cie\data\core\spbs\cie_core_n032_f008_m024_proc100.lp,spbs\cie_core_n032_f008_m024_proc100.lp,cie_core_n032_f008_m024_proc100.lp,proposed,1,2,stability_stage2_off_trainseed_2,stage2_off,False,linear,60.0,auto,2026-08-07T14:38:20,timelimit,timelimit,not_run,599.7878154999999,599.9871567000009,1,0.05918289999681292,0.012002706527709961,0.0010006427764892578,0.00599980354309082,0.0009999275207519531,1,0,54303.0,3.1660059225435817,45843.35569322763,10514.9989485,166409.9945901,9999.999,0.0,0.0,1,True,D:\git\git\RDMCT-A3C\cie\results\stability\cie_stability_600s_mem2048_repro_v1\s1_t1to5\solutions\cie_core_nominal__cie_core_n032_f008_m024_proc100__proposed__solverseed_1__trainseed_2__stability_stage2_off_trainseed_2.sol,,,,D:\git\git\RDMCT-A3C\cie\models\proposed\cie_proposed_all_cie_proposed\cie_proposed_all_cie_proposed_2026_08_02_15_03_12_0000--s-2\itr_60.pkl,23,True,beam_search,
cie_core_nominal,dual_source_cluster_tool,8_to_32_wafers_nominal_processing,test,600.0,[],D:\git\git\RDMCT-A3C\cie\data\core\spbs\cie_core_n032_f016_m016_proc100.lp,spbs\cie_core_n032_f016_m016_proc100.lp,cie_core_n032_f016_m016_proc100.lp,proposed,1,2,stability_stage2_off_trainseed_2,stage2_off,False,linear,60.0,auto,2026-08-07T14:48:20,timelimit,timelimit,not_run,599.7960410999985,600.0496535999991,1,0.03831309999804944,0.012004375457763672,0.0009984970092773438,0.010000228881835938,0.0010027885437011719,1,0,63882.0,3.2195019857544143,46139.95106287763,10514.9989485,163641.9847201,9999.999,0.5067053559888083,397.9999987999993,1,True,D:\git\git\RDMCT-A3C\cie\results\stability\cie_stability_600s_mem2048_repro_v1\s1_t1to5\solutions\cie_core_nominal__cie_core_n032_f016_m016_proc100__proposed__solverseed_1__trainseed_2__stability_stage2_off_trainseed_2.sol,,,,D:\git\git\RDMCT-A3C\cie\models\proposed\cie_proposed_all_cie_proposed\cie_proposed_all_cie_proposed_2026_08_02_15_03_12_0000--s-2\itr_60.pkl,23,True,beam_search,
cie_core_nominal,dual_source_cluster_tool,8_to_32_wafers_nominal_processing,test,600.0,[],D:\git\git\RDMCT-A3C\cie\data\core\spbs\cie_core_n032_f024_m008_proc100.lp,spbs\cie_core_n032_f024_m008_proc100.lp,cie_core_n032_f024_m008_proc100.lp,proposed,1,2,stability_stage2_off_trainseed_2,stage2_off,False,linear,60.0,auto,2026-08-07T14:58:20,timelimit,timelimit,not_run,599.6659613000011,599.9273808000034,1,0.06451559999914025,0.015996932983398438,0.001003265380859375,0.004996538162231445,0.0020024776458740234,1,0,51652.0,3.323601541324013,46543.82176422526,10514.9989485,136874.9967606,9999.999,2.0179011933335302,6339.999216800001,1,True,D:\git\git\RDMCT-A3C\cie\results\stability\cie_stability_600s_mem2048_repro_v1\s1_t1to5\solutions\cie_core_nominal__cie_core_n032_f024_m008_proc100__proposed__solverseed_1__trainseed_2__stability_stage2_off_trainseed_2.sol,,,,D:\git\git\RDMCT-A3C\cie\models\proposed\cie_proposed_all_cie_proposed\cie_proposed_all_cie_proposed_2026_08_02_15_03_12_0000--s-2\itr_60.pkl,23,True,beam_search,
cie_core_nominal,dual_source_cluster_tool,8_to_32_wafers_nominal_processing,test,600.0,[],D:\git\git\RDMCT-A3C\cie\data\core\pure41\cie_core_n008_f008_m000_proc100.lp,pure41\cie_core_n008_f008_m000_proc100.lp,cie_core_n008_f008_m000_proc100.lp,proposed,1,3,stability_stage2_off_trainseed_3,stage2_off,False,linear,60.0,auto,2026-08-07T15:08:22,optimal,optimal,not_run,0.3846060999967449,0.44447759999820846,1,0.3561599999993632,0.004996776580810547,0.0,0.34800028800964355,0.002002716064453125,1,0,1.0,0.0,2.622950819672131,610.0,424.0,58.0,0.0,0.0,1,True,D:\git\git\RDMCT-A3C\cie\results\stability\cie_stability_600s_mem2048_repro_v1\s1_t1to5\solutions\cie_core_nominal__cie_core_n008_f008_m000_proc100__proposed__solverseed_1__trainseed_3__stability_stage2_off_trainseed_3.sol,,,,D:\git\git\RDMCT-A3C\cie\models\proposed\cie_proposed_all_cie_proposed\cie_proposed_all_cie_proposed_2026_08_02_15_10_55_0000--s-3\itr_60.pkl,23,True,beam_search,
cie_core_nominal,dual_source_cluster_tool,8_to_32_wafers_nominal_processing,test,600.0,[],D:\git\git\RDMCT-A3C\cie\data\core\pure41\cie_core_n016_f016_m000_proc100.lp,pure41\cie_core_n016_f016_m000_proc100.lp,cie_core_n016_f016_m000_proc100.lp,proposed,1,3,stability_stage2_off_trainseed_3,stage2_off,False,linear,60.0,auto,2026-08-07T15:08:23,optimal,optimal,not_run,0.23456970000188448,0.2885333999984141,1,0.013976399997773115,0.005999565124511719,0.0,0.004999637603759766,0.001997709274291992,1,0,1.0,0.0,0.0,944.0,21156.0,10000.0,0.015197568389057751,0.0,3,True,D:\git\git\RDMCT-A3C\cie\results\stability\cie_stability_600s_mem2048_repro_v1\s1_t1to5\solutions\cie_core_nominal__cie_core_n016_f016_m000_proc100__proposed__solverseed_1__trainseed_3__stability_stage2_off_trainseed_3.sol,,,,D:\git\git\RDMCT-A3C\cie\models\proposed\cie_proposed_all_cie_proposed\cie_proposed_all_cie_proposed_2026_08_02_15_10_55_0000--s-3\itr_60.pkl,23,True,beam_search,
cie_core_nominal,dual_source_cluster_tool,8_to_32_wafers_nominal_processing,test,600.0,[],D:\git\git\RDMCT-A3C\cie\data\core\pure41\cie_core_n024_f024_m000_proc100.lp,pure41\cie_core_n024_f024_m000_proc100.lp,cie_core_n024_f024_m000_proc100.lp,proposed,1,3,stability_stage2_off_trainseed_3,stage2_off,False,linear,60.0,auto,2026-08-07T15:08:23,optimal,optimal,not_run,2.302004199998919,2.4284140999989177,1,0.05351239999799873,0.011002779006958008,0.0,0.005000114440917969,0.001998424530029297,1,0,1.0,0.0,200.0,1268.0,41493.0,10000.0,0.017201421312754317,13.0,2,True,D:\git\git\RDMCT-A3C\cie\results\stability\cie_stability_600s_mem2048_repro_v1\s1_t1to5\solutions\cie_core_nominal__cie_core_n024_f024_m000_proc100__proposed__solverseed_1__trainseed_3__stability_stage2_off_trainseed_3.sol,,,,D:\git\git\RDMCT-A3C\cie\models\proposed\cie_proposed_all_cie_proposed\cie_proposed_all_cie_proposed_2026_08_02_15_10_55_0000--s-3\itr_60.pkl,23,True,beam_search,
cie_core_nominal,dual_source_cluster_tool,8_to_32_wafers_nominal_processing,test,600.0,[],D:\git\git\RDMCT-A3C\cie\data\core\pure41\cie_core_n032_f032_m000_proc100.lp,pure41\cie_core_n032_f032_m000_proc100.lp,cie_core_n032_f032_m000_proc100.lp,proposed,1,3,stability_stage2_off_trainseed_3,stage2_off,False,linear,60.0,auto,2026-08-07T15:08:25,optimal,optimal,not_run,6.898283900001843,7.133716899999854,1,0.021079099999042228,0.007999897003173828,0.0,0.009000301361083984,0.001996278762817383,1,0,1.0,0.0,700.0,1592.0,62128.0,10000.0,0.011443541338279375,10.0,2,True,D:\git\git\RDMCT-A3C\cie\results\stability\cie_stability_600s_mem2048_repro_v1\s1_t1to5\solutions\cie_core_nominal__cie_core_n032_f032_m000_proc100__proposed__solverseed_1__trainseed_3__stability_stage2_off_trainseed_3.sol,,,,D:\git\git\RDMCT-A3C\cie\models\proposed\cie_proposed_all_cie_proposed\cie_proposed_all_cie_proposed_2026_08_02_15_10_55_0000--s-3\itr_60.pkl,23,True,beam_search,
cie_core_nominal,dual_source_cluster_tool,8_to_32_wafers_nominal_processing,test,600.0,[],D:\git\git\RDMCT-A3C\cie\data\core\spbs\cie_core_n008_f000_m008_proc100.lp,spbs\cie_core_n008_f000_m008_proc100.lp,cie_core_n008_f000_m008_proc100.lp,proposed,1,3,stability_stage2_off_trainseed_3,stage2_off,False,linear,60.0,auto,2026-08-07T15:08:32,optimal,optimal,not_run,0.342845800001669,0.36419820000082836,1,0.015575400000670925,0.005998849868774414,0.002000093460083008,0.00499725341796875,0.002001523971557617,1,0,556.0,0.0,92.84286594460859,768.0,60184.0,10000.0,0.0,0.0,4,True,D:\git\git\RDMCT-A3C\cie\results\stability\cie_stability_600s_mem2048_repro_v1\s1_t1to5\solutions\cie_core_nominal__cie_core_n008_f000_m008_proc100__proposed__solverseed_1__trainseed_3__stability_stage2_off_trainseed_3.sol,,,,D:\git\git\RDMCT-A3C\cie\models\proposed\cie_proposed_all_cie_proposed\cie_proposed_all_cie_proposed_2026_08_02_15_10_55_0000--s-3\itr_60.pkl,23,True,beam_search,
cie_core_nominal,dual_source_cluster_tool,8_to_32_wafers_nominal_processing,test,600.0,[],D:\git\git\RDMCT-A3C\cie\data\core\spbs\cie_core_n008_f002_m006_proc100.lp,spbs\cie_core_n008_f002_m006_proc100.lp,cie_core_n008_f002_m006_proc100.lp,proposed,1,3,stability_stage2_off_trainseed_3,stage2_off,False,linear,60.0,auto,2026-08-07T15:08:33,optimal,optimal,not_run,0.4502562999987276,0.507806999998138,1,0.014782500002183951,0.0060002803802490234,0.0010035037994384766,0.004996538162231445,0.002003192901611328,1,0,537.0,0.0,0.0,900.0,59758.0,10000.0,0.1510325163699422,0.0,2,True,D:\git\git\RDMCT-A3C\cie\results\stability\cie_stability_600s_mem2048_repro_v1\s1_t1to5\solutions\cie_core_nominal__cie_core_n008_f002_m006_proc100__proposed__solverseed_1__trainseed_3__stability_stage2_off_trainseed_3.sol,,,,D:\git\git\RDMCT-A3C\cie\models\proposed\cie_proposed_all_cie_proposed\cie_proposed_all_cie_proposed_2026_08_02_15_10_55_0000--s-3\itr_60.pkl,23,True,beam_search,
cie_core_nominal,dual_source_cluster_tool,8_to_32_wafers_nominal_processing,test,600.0,[],D:\git\git\RDMCT-A3C\cie\data\core\spbs\cie_core_n008_f004_m004_proc100.lp,spbs\cie_core_n008_f004_m004_proc100.lp,cie_core_n008_f004_m004_proc100.lp,proposed,1,3,stability_stage2_off_trainseed_3,stage2_off,False,linear,60.0,auto,2026-08-07T15:08:33,optimal,optimal,not_run,0.35853579999820795,0.38236979999783216,1,0.01898119999896153,0.005999565124511719,0.0010037422180175781,0.008999824523925781,0.0019996166229248047,1,0,446.0,0.0,92.27181801465682,834.0,50716.0,10000.0,0.0,0.0,4,True,D:\git\git\RDMCT-A3C\cie\results\stability\cie_stability_600s_mem2048_repro_v1\s1_t1to5\solutions\cie_core_nominal__cie_core_n008_f004_m004_proc100__proposed__solverseed_1__trainseed_3__stability_stage2_off_trainseed_3.sol,,,,D:\git\git\RDMCT-A3C\cie\models\proposed\cie_proposed_all_cie_proposed\cie_proposed_all_cie_proposed_2026_08_02_15_10_55_0000--s-3\itr_60.pkl,23,True,beam_search,
cie_core_nominal,dual_source_cluster_tool,8_to_32_wafers_nominal_processing,test,600.0,[],D:\git\git\RDMCT-A3C\cie\data\core\spbs\cie_core_n008_f006_m002_proc100.lp,spbs\cie_core_n008_f006_m002_proc100.lp,cie_core_n008_f006_m002_proc100.lp,proposed,1,3,stability_stage2_off_trainseed_3,stage2_off,False,linear,60.0,auto,2026-08-07T15:08:34,optimal,optimal,not_run,0.5489899999993213,0.5772140000008221,1,0.01448299999901792,0.005999088287353516,0.0010035037994384766,0.004997968673706055,0.0009992122650146484,1,0,945.0,0.0,0.0,834.0,30718.0,10000.0,0.0,0.0,2,True,D:\git\git\RDMCT-A3C\cie\results\stability\cie_stability_600s_mem2048_repro_v1\s1_t1to5\solutions\cie_core_nominal__cie_core_n008_f006_m002_proc100__proposed__solverseed_1__trainseed_3__stability_stage2_off_trainseed_3.sol,,,,D:\git\git\RDMCT-A3C\cie\models\proposed\cie_proposed_all_cie_proposed\cie_proposed_all_cie_proposed_2026_08_02_15_10_55_0000--s-3\itr_60.pkl,23,True,beam_search,
cie_core_nominal,dual_source_cluster_tool,8_to_32_wafers_nominal_processing,test,600.0,[],D:\git\git\RDMCT-A3C\cie\data\core\spbs\cie_core_n016_f000_m016_proc100.lp,spbs\cie_core_n016_f000_m016_proc100.lp,cie_core_n016_f000_m016_proc100.lp,proposed,1,3,stability_stage2_off_trainseed_3,stage2_off,False,linear,60.0,auto,2026-08-07T15:08:34,optimal,optimal,not_run,9.063094499997533,9.188489899999695,1,0.016498099997988902,0.005999565124511719,0.0020062923431396484,0.003993988037109375,0.0020029544830322266,1,0,4367.0,0.0,813.5052735433512,1136.0,100248.0,10000.0,0.0,0.0,5,True,D:\git\git\RDMCT-A3C\cie\results\stability\cie_stability_600s_mem2048_repro_v1\s1_t1to5\solutions\cie_core_nominal__cie_core_n016_f000_m016_proc100__proposed__solverseed_1__trainseed_3__stability_stage2_off_trainseed_3.sol,,,,D:\git\git\RDMCT-A3C\cie\models\proposed\cie_proposed_all_cie_proposed\cie_proposed_all_cie_proposed_2026_08_02_15_10_55_0000--s-3\itr_60.pkl,23,True,beam_search,
cie_core_nominal,dual_source_cluster_tool,8_to_32_wafers_nominal_processing,test,600.0,[],D:\git\git\RDMCT-A3C\cie\data\core\spbs\cie_core_n016_f004_m012_proc100.lp,spbs\cie_core_n016_f004_m012_proc100.lp,cie_core_n016_f004_m012_proc100.lp,proposed,1,3,stability_stage2_off_trainseed_3,stage2_off,False,linear,60.0,auto,2026-08-07T15:08:43,optimal,optimal,not_run,21.084308199999214,21.157093399997393,1,0.05076120000012452,0.00799703598022461,0.001003265380859375,0.004996776580810547,0.002004384994506836,1,0,29770.0,0.0,738.8067704296691,1202.0,90996.0,10000.0,0.10794810925861055,56.0,4,True,D:\git\git\RDMCT-A3C\cie\results\stability\cie_stability_600s_mem2048_repro_v1\s1_t1to5\solutions\cie_core_nominal__cie_core_n016_f004_m012_proc100__proposed__solverseed_1__trainseed_3__stability_stage2_off_trainseed_3.sol,,,,D:\git\git\RDMCT-A3C\cie\models\proposed\cie_proposed_all_cie_proposed\cie_proposed_all_cie_proposed_2026_08_02_15_10_55_0000--s-3\itr_60.pkl,23,True,beam_search,
cie_core_nominal,dual_source_cluster_tool,8_to_32_wafers_nominal_processing,test,600.0,[],D:\git\git\RDMCT-A3C\cie\data\core\spbs\cie_core_n016_f008_m008_proc100.lp,spbs\cie_core_n016_f008_m008_proc100.lp,cie_core_n016_f008_m008_proc100.lp,proposed,1,3,stability_stage2_off_trainseed_3,stage2_off,False,linear,60.0,auto,2026-08-07T15:09:05,optimal,optimal,not_run,14.517966499999602,14.564589999998134,1,0.05081160000190721,0.007003068923950195,0.0010001659393310547,0.00500035285949707,0.001996278762817383,1,0,19119.0,0.0,671.640667835955,1170.0,80899.00000000001,10000.0,0.0956074258349958,43.0,11,True,D:\git\git\RDMCT-A3C\cie\results\stability\cie_stability_600s_mem2048_repro_v1\s1_t1to5\solutions\cie_core_nominal__cie_core_n016_f008_m008_proc100__proposed__solverseed_1__trainseed_3__stability_stage2_off_trainseed_3.sol,,,,D:\git\git\RDMCT-A3C\cie\models\proposed\cie_proposed_all_cie_proposed\cie_proposed_all_cie_proposed_2026_08_02_15_10_55_0000--s-3\itr_60.pkl,23,True,beam_search,
cie_core_nominal,dual_source_cluster_tool,8_to_32_wafers_nominal_processing,test,600.0,[],D:\git\git\RDMCT-A3C\cie\data\core\spbs\cie_core_n016_f012_m004_proc100.lp,spbs\cie_core_n016_f012_m004_proc100.lp,cie_core_n016_f012_m004_proc100.lp,proposed,1,3,stability_stage2_off_trainseed_3,stage2_off,False,linear,60.0,auto,2026-08-07T15:09:19,optimal,optimal,not_run,13.726113100001385,13.821591899999476,1,0.020533799997792812,0.00599980354309082,0.0009996891021728516,0.009000301361083984,0.0019998550415039062,1,0,8650.0,0.0,1259.8858633067034,1158.0,71640.00000000001,10000.0,0.22275603956920398,0.0,8,True,D:\git\git\RDMCT-A3C\cie\results\stability\cie_stability_600s_mem2048_repro_v1\s1_t1to5\solutions\cie_core_nominal__cie_core_n016_f012_m004_proc100__proposed__solverseed_1__trainseed_3__stability_stage2_off_trainseed_3.sol,,,,D:\git\git\RDMCT-A3C\cie\models\proposed\cie_proposed_all_cie_proposed\cie_proposed_all_cie_proposed_2026_08_02_15_10_55_0000--s-3\itr_60.pkl,23,True,beam_search,
cie_core_nominal,dual_source_cluster_tool,8_to_32_wafers_nominal_processing,test,600.0,[],D:\git\git\RDMCT-A3C\cie\data\core\spbs\cie_core_n024_f000_m024_proc100.lp,spbs\cie_core_n024_f000_m024_proc100.lp,cie_core_n024_f000_m024_proc100.lp,proposed,1,3,stability_stage2_off_trainseed_3,stage2_off,False,linear,60.0,auto,2026-08-07T15:09:33,timelimit,timelimit,not_run,599.4447785999982,599.583719000002,1,0.019961399997555418,0.009000778198242188,0.0,0.004996299743652344,0.0009963512420654297,1,0,97138.0,3.741425518637184,47418.253238827325,10506.9989493,129683.9938418,9999.999,6.786765790425065e-08,4.549999948721961e-05,1,True,D:\git\git\RDMCT-A3C\cie\results\stability\cie_stability_600s_mem2048_repro_v1\s1_t1to5\solutions\cie_core_nominal__cie_core_n024_f000_m024_proc100__proposed__solverseed_1__trainseed_3__stability_stage2_off_trainseed_3.sol,,,,D:\git\git\RDMCT-A3C\cie\models\proposed\cie_proposed_all_cie_proposed\cie_proposed_all_cie_proposed_2026_08_02_15_10_55_0000--s-3\itr_60.pkl,23,True,beam_search,
cie_core_nominal,dual_source_cluster_tool,8_to_32_wafers_nominal_processing,test,600.0,[],D:\git\git\RDMCT-A3C\cie\data\core\spbs\cie_core_n024_f006_m018_proc100.lp,spbs\cie_core_n024_f006_m018_proc100.lp,cie_core_n024_f006_m018_proc100.lp,proposed,1,3,stability_stage2_off_trainseed_3,stage2_off,False,linear,60.0,auto,2026-08-07T15:19:33,timelimit,timelimit,not_run,599.8625766999976,600.0024303999999,1,0.05280929999935324,0.007999897003173828,0.0,0.006000041961669922,0.0019965171813964844,1,0,95353.0,3.6526544019911507,47176.261199794455,10514.9989485,158596.9850112,9999.999,0.21774702827521059,64.00001149999832,1,True,D:\git\git\RDMCT-A3C\cie\results\stability\cie_stability_600s_mem2048_repro_v1\s1_t1to5\solutions\cie_core_nominal__cie_core_n024_f006_m018_proc100__proposed__solverseed_1__trainseed_3__stability_stage2_off_trainseed_3.sol,,,,D:\git\git\RDMCT-A3C\cie\models\proposed\cie_proposed_all_cie_proposed\cie_proposed_all_cie_proposed_2026_08_02_15_10_55_0000--s-3\itr_60.pkl,23,True,beam_search,
cie_core_nominal,dual_source_cluster_tool,8_to_32_wafers_nominal_processing,test,600.0,[],D:\git\git\RDMCT-A3C\cie\data\core\spbs\cie_core_n024_f012_m012_proc100.lp,spbs\cie_core_n024_f012_m012_proc100.lp,cie_core_n024_f012_m012_proc100.lp,proposed,1,3,stability_stage2_off_trainseed_3,stage2_off,False,linear,60.0,auto,2026-08-07T15:29:33,timelimit,timelimit,not_run,599.8404597999979,600.0065069000011,1,0.026353899997047847,0.00800323486328125,0.0009996891021728516,0.005000591278076172,0.0019991397857666016,1,0,105574.0,3.7536161611663657,47448.92884475023,10514.9989485,109713.9987998,9999.999,0.27906550976581973,135.99998640000013,1,True,D:\git\git\RDMCT-A3C\cie\results\stability\cie_stability_600s_mem2048_repro_v1\s1_t1to5\solutions\cie_core_nominal__cie_core_n024_f012_m012_proc100__proposed__solverseed_1__trainseed_3__stability_stage2_off_trainseed_3.sol,,,,D:\git\git\RDMCT-A3C\cie\models\proposed\cie_proposed_all_cie_proposed\cie_proposed_all_cie_proposed_2026_08_02_15_10_55_0000--s-3\itr_60.pkl,23,True,beam_search,
cie_core_nominal,dual_source_cluster_tool,8_to_32_wafers_nominal_processing,test,600.0,[],D:\git\git\RDMCT-A3C\cie\data\core\spbs\cie_core_n024_f018_m006_proc100.lp,spbs\cie_core_n024_f018_m006_proc100.lp,cie_core_n024_f018_m006_proc100.lp,proposed,1,3,stability_stage2_off_trainseed_3,stage2_off,False,linear,60.0,auto,2026-08-07T15:39:33,timelimit,timelimit,not_run,599.8007123999996,600.1058094,1,0.055878999999549706,0.011999368667602539,0.0,0.005004405975341797,0.0020020008087158203,1,0,205168.0,0.11675579322638147,12627.156456899827,2506.0,111740.0,10000.0,0.35828509743056725,144.0,11,True,D:\git\git\RDMCT-A3C\cie\results\stability\cie_stability_600s_mem2048_repro_v1\s1_t1to5\solutions\cie_core_nominal__cie_core_n024_f018_m006_proc100__proposed__solverseed_1__trainseed_3__stability_stage2_off_trainseed_3.sol,,,,D:\git\git\RDMCT-A3C\cie\models\proposed\cie_proposed_all_cie_proposed\cie_proposed_all_cie_proposed_2026_08_02_15_10_55_0000--s-3\itr_60.pkl,23,True,beam_search,
cie_core_nominal,dual_source_cluster_tool,8_to_32_wafers_nominal_processing,test,600.0,[],D:\git\git\RDMCT-A3C\cie\data\core\spbs\cie_core_n032_f000_m032_proc100.lp,spbs\cie_core_n032_f000_m032_proc100.lp,cie_core_n032_f000_m032_proc100.lp,proposed,1,3,stability_stage2_off_trainseed_3,stage2_off,False,linear,60.0,auto,2026-08-07T15:49:33,timelimit,timelimit,not_run,599.7151908000014,599.878032200002,1,0.06250089999957709,0.010999917984008789,0.002999544143676758,0.008000373840332031,0.001996278762817383,1,0,53808.0,3.069272038893189,45490.82032150083,10514.9989485,230581.9759206,9999.999,0.22043254564375014,295.9999905000003,1,True,D:\git\git\RDMCT-A3C\cie\results\stability\cie_stability_600s_mem2048_repro_v1\s1_t1to5\solutions\cie_core_nominal__cie_core_n032_f000_m032_proc100__proposed__solverseed_1__trainseed_3__stability_stage2_off_trainseed_3.sol,,,,D:\git\git\RDMCT-A3C\cie\models\proposed\cie_proposed_all_cie_proposed\cie_proposed_all_cie_proposed_2026_08_02_15_10_55_0000--s-3\itr_60.pkl,23,True,beam_search,
cie_core_nominal,dual_source_cluster_tool,8_to_32_wafers_nominal_processing,test,600.0,[],D:\git\git\RDMCT-A3C\cie\data\core\spbs\cie_core_n032_f008_m024_proc100.lp,spbs\cie_core_n032_f008_m024_proc100.lp,cie_core_n032_f008_m024_proc100.lp,proposed,1,3,stability_stage2_off_trainseed_3,stage2_off,False,linear,60.0,auto,2026-08-07T15:59:33,timelimit,timelimit,not_run,599.8356466000005,600.0261301999999,1,0.05815749999965192,0.012000083923339844,0.0009984970092773438,0.0050013065338134766,0.0019998550415039062,1,0,54203.0,3.1660059225435817,45843.31765232986,10514.9989485,166409.9945901,9999.999,0.0,0.0,1,True,D:\git\git\RDMCT-A3C\cie\results\stability\cie_stability_600s_mem2048_repro_v1\s1_t1to5\solutions\cie_core_nominal__cie_core_n032_f008_m024_proc100__proposed__solverseed_1__trainseed_3__stability_stage2_off_trainseed_3.sol,,,,D:\git\git\RDMCT-A3C\cie\models\proposed\cie_proposed_all_cie_proposed\cie_proposed_all_cie_proposed_2026_08_02_15_10_55_0000--s-3\itr_60.pkl,23,True,beam_search,
cie_core_nominal,dual_source_cluster_tool,8_to_32_wafers_nominal_processing,test,600.0,[],D:\git\git\RDMCT-A3C\cie\data\core\spbs\cie_core_n032_f016_m016_proc100.lp,spbs\cie_core_n032_f016_m016_proc100.lp,cie_core_n032_f016_m016_proc100.lp,proposed,1,3,stability_stage2_off_trainseed_3,stage2_off,False,linear,60.0,auto,2026-08-07T16:09:33,timelimit,timelimit,not_run,599.8017622999978,600.0578244000026,1,0.027089300001534866,0.013001203536987305,0.0,0.005997657775878906,0.002003192901611328,1,0,63793.0,3.2195019857544143,46139.913021979875,10514.9989485,163641.9847201,9999.999,0.5067053559888083,397.9999987999993,1,True,D:\git\git\RDMCT-A3C\cie\results\stability\cie_stability_600s_mem2048_repro_v1\s1_t1to5\solutions\cie_core_nominal__cie_core_n032_f016_m016_proc100__proposed__solverseed_1__trainseed_3__stability_stage2_off_trainseed_3.sol,,,,D:\git\git\RDMCT-A3C\cie\models\proposed\cie_proposed_all_cie_proposed\cie_proposed_all_cie_proposed_2026_08_02_15_10_55_0000--s-3\itr_60.pkl,23,True,beam_search,
cie_core_nominal,dual_source_cluster_tool,8_to_32_wafers_nominal_processing,test,600.0,[],D:\git\git\RDMCT-A3C\cie\data\core\spbs\cie_core_n032_f024_m008_proc100.lp,spbs\cie_core_n032_f024_m008_proc100.lp,cie_core_n032_f024_m008_proc100.lp,proposed,1,3,stability_stage2_off_trainseed_3,stage2_off,False,linear,60.0,auto,2026-08-07T16:19:33,timelimit,timelimit,not_run,599.6696450999989,599.9694006999998,1,0.06358190000173636,0.015996932983398438,0.0,0.006003618240356445,0.0009996891021728516,1,0,52470.0,3.323601541324013,46541.662943277086,10514.9989485,136874.9967606,9999.999,2.0179011933335302,6339.999216800001,1,True,D:\git\git\RDMCT-A3C\cie\results\stability\cie_stability_600s_mem2048_repro_v1\s1_t1to5\solutions\cie_core_nominal__cie_core_n032_f024_m008_proc100__proposed__solverseed_1__trainseed_3__stability_stage2_off_trainseed_3.sol,,,,D:\git\git\RDMCT-A3C\cie\models\proposed\cie_proposed_all_cie_proposed\cie_proposed_all_cie_proposed_2026_08_02_15_10_55_0000--s-3\itr_60.pkl,23,True,beam_search,
cie_core_nominal,dual_source_cluster_tool,8_to_32_wafers_nominal_processing,test,600.0,[],D:\git\git\RDMCT-A3C\cie\data\core\pure41\cie_core_n008_f008_m000_proc100.lp,pure41\cie_core_n008_f008_m000_proc100.lp,cie_core_n008_f008_m000_proc100.lp,proposed,1,4,stability_stage2_off_trainseed_4,stage2_off,False,linear,60.0,auto,2026-08-07T16:29:35,optimal,optimal,not_run,0.41187779999745544,0.4342849999993632,1,0.3831356999980926,0.006000041961669922,0.0,0.3750040531158447,0.001999378204345703,1,0,1.0,0.0,2.622950819672131,610.0,424.0,58.0,0.0,0.0,1,True,D:\git\git\RDMCT-A3C\cie\results\stability\cie_stability_600s_mem2048_repro_v1\s1_t1to5\solutions\cie_core_nominal__cie_core_n008_f008_m000_proc100__proposed__solverseed_1__trainseed_4__stability_stage2_off_trainseed_4.sol,,,,D:\git\git\RDMCT-A3C\cie\models\proposed\cie_proposed_all_cie_proposed\cie_proposed_all_cie_proposed_2026_08_02_15_19_25_0000--s-4\itr_60.pkl,23,True,beam_search,
cie_core_nominal,dual_source_cluster_tool,8_to_32_wafers_nominal_processing,test,600.0,[],D:\git\git\RDMCT-A3C\cie\data\core\pure41\cie_core_n016_f016_m000_proc100.lp,pure41\cie_core_n016_f016_m000_proc100.lp,cie_core_n016_f016_m000_proc100.lp,proposed,1,4,stability_stage2_off_trainseed_4,stage2_off,False,linear,60.0,auto,2026-08-07T16:29:36,optimal,optimal,not_run,0.25522880000062287,0.30769650000002,1,0.03870909999750438,0.00599980354309082,0.0,0.029000282287597656,0.0009968280792236328,1,0,1.0,0.0,0.0,944.0,21246.0,10000.0,0.00906344410876133,0.0,2,True,D:\git\git\RDMCT-A3C\cie\results\stability\cie_stability_600s_mem2048_repro_v1\s1_t1to5\solutions\cie_core_nominal__cie_core_n016_f016_m000_proc100__proposed__solverseed_1__trainseed_4__stability_stage2_off_trainseed_4.sol,,,,D:\git\git\RDMCT-A3C\cie\models\proposed\cie_proposed_all_cie_proposed\cie_proposed_all_cie_proposed_2026_08_02_15_19_25_0000--s-4\itr_60.pkl,23,True,beam_search,
cie_core_nominal,dual_source_cluster_tool,8_to_32_wafers_nominal_processing,test,600.0,[],D:\git\git\RDMCT-A3C\cie\data\core\pure41\cie_core_n024_f024_m000_proc100.lp,pure41\cie_core_n024_f024_m000_proc100.lp,cie_core_n024_f024_m000_proc100.lp,proposed,1,4,stability_stage2_off_trainseed_4,stage2_off,False,linear,60.0,auto,2026-08-07T16:29:36,optimal,optimal,not_run,2.3140808999996807,2.4366212999993877,1,0.07808719999957248,0.01100015640258789,0.0,0.029000043869018555,0.0019965171813964844,1,0,1.0,0.0,200.0,1268.0,41513.0,10000.0,0.017201421312754317,13.0,2,True,D:\git\git\RDMCT-A3C\cie\results\stability\cie_stability_600s_mem2048_repro_v1\s1_t1to5\solutions\cie_core_nominal__cie_core_n024_f024_m000_proc100__proposed__solverseed_1__trainseed_4__stability_stage2_off_trainseed_4.sol,,,,D:\git\git\RDMCT-A3C\cie\models\proposed\cie_proposed_all_cie_proposed\cie_proposed_all_cie_proposed_2026_08_02_15_19_25_0000--s-4\itr_60.pkl,23,True,beam_search,
cie_core_nominal,dual_source_cluster_tool,8_to_32_wafers_nominal_processing,test,600.0,[],D:\git\git\RDMCT-A3C\cie\data\core\pure41\cie_core_n032_f032_m000_proc100.lp,pure41\cie_core_n032_f032_m000_proc100.lp,cie_core_n032_f032_m000_proc100.lp,proposed,1,4,stability_stage2_off_trainseed_4,stage2_off,False,linear,60.0,auto,2026-08-07T16:29:38,optimal,optimal,not_run,7.006352700002026,7.244540299998334,1,0.08149210000192397,0.007999420166015625,0.0,0.036003828048706055,0.0020148754119873047,1,0,1.0,0.0,684.38,1592.0,62128.0,10000.0,0.011443541338279375,10.0,2,True,D:\git\git\RDMCT-A3C\cie\results\stability\cie_stability_600s_mem2048_repro_v1\s1_t1to5\solutions\cie_core_nominal__cie_core_n032_f032_m000_proc100__proposed__solverseed_1__trainseed_4__stability_stage2_off_trainseed_4.sol,,,,D:\git\git\RDMCT-A3C\cie\models\proposed\cie_proposed_all_cie_proposed\cie_proposed_all_cie_proposed_2026_08_02_15_19_25_0000--s-4\itr_60.pkl,23,True,beam_search,
cie_core_nominal,dual_source_cluster_tool,8_to_32_wafers_nominal_processing,test,600.0,[],D:\git\git\RDMCT-A3C\cie\data\core\spbs\cie_core_n008_f000_m008_proc100.lp,spbs\cie_core_n008_f000_m008_proc100.lp,cie_core_n008_f000_m008_proc100.lp,proposed,1,4,stability_stage2_off_trainseed_4,stage2_off,False,linear,60.0,auto,2026-08-07T16:29:46,optimal,optimal,not_run,0.3881839999994554,0.47104640000179643,1,0.0490484000001743,0.0059986114501953125,0.0,0.03900027275085449,0.0019989013671875,1,0,532.0,0.0,0.0,767.9999999999709,60283.99999999991,10000.0,0.0,0.0,3,True,D:\git\git\RDMCT-A3C\cie\results\stability\cie_stability_600s_mem2048_repro_v1\s1_t1to5\solutions\cie_core_nominal__cie_core_n008_f000_m008_proc100__proposed__solverseed_1__trainseed_4__stability_stage2_off_trainseed_4.sol,,,,D:\git\git\RDMCT-A3C\cie\models\proposed\cie_proposed_all_cie_proposed\cie_proposed_all_cie_proposed_2026_08_02_15_19_25_0000--s-4\itr_60.pkl,23,True,beam_search,
cie_core_nominal,dual_source_cluster_tool,8_to_32_wafers_nominal_processing,test,600.0,[],D:\git\git\RDMCT-A3C\cie\data\core\spbs\cie_core_n008_f002_m006_proc100.lp,spbs\cie_core_n008_f002_m006_proc100.lp,cie_core_n008_f002_m006_proc100.lp,proposed,1,4,stability_stage2_off_trainseed_4,stage2_off,False,linear,60.0,auto,2026-08-07T16:29:46,optimal,optimal,not_run,0.5116917000013927,0.5361971000020276,1,0.06750219999958063,0.00599980354309082,0.0,0.05800008773803711,0.0010006427764892578,1,0,539.0,0.0,91.434281050728,900.0,59919.99999999999,10000.0,0.1510325163699422,0.0,2,True,D:\git\git\RDMCT-A3C\cie\results\stability\cie_stability_600s_mem2048_repro_v1\s1_t1to5\solutions\cie_core_nominal__cie_core_n008_f002_m006_proc100__proposed__solverseed_1__trainseed_4__stability_stage2_off_trainseed_4.sol,,,,D:\git\git\RDMCT-A3C\cie\models\proposed\cie_proposed_all_cie_proposed\cie_proposed_all_cie_proposed_2026_08_02_15_19_25_0000--s-4\itr_60.pkl,23,True,beam_search,
cie_core_nominal,dual_source_cluster_tool,8_to_32_wafers_nominal_processing,test,600.0,[],D:\git\git\RDMCT-A3C\cie\data\core\spbs\cie_core_n008_f004_m004_proc100.lp,spbs\cie_core_n008_f004_m004_proc100.lp,cie_core_n008_f004_m004_proc100.lp,proposed,1,4,stability_stage2_off_trainseed_4,stage2_off,False,linear,60.0,auto,2026-08-07T16:29:47,optimal,optimal,not_run,0.3853601000009803,0.4133499000017764,1,0.03929900000002817,0.0049974918365478516,0.0,0.031001567840576172,0.0020020008087158203,1,0,446.0,0.0,0.0,834.0,50716.0,10000.0,0.0,0.0,4,True,D:\git\git\RDMCT-A3C\cie\results\stability\cie_stability_600s_mem2048_repro_v1\s1_t1to5\solutions\cie_core_nominal__cie_core_n008_f004_m004_proc100__proposed__solverseed_1__trainseed_4__stability_stage2_off_trainseed_4.sol,,,,D:\git\git\RDMCT-A3C\cie\models\proposed\cie_proposed_all_cie_proposed\cie_proposed_all_cie_proposed_2026_08_02_15_19_25_0000--s-4\itr_60.pkl,23,True,beam_search,
cie_core_nominal,dual_source_cluster_tool,8_to_32_wafers_nominal_processing,test,600.0,[],D:\git\git\RDMCT-A3C\cie\data\core\spbs\cie_core_n008_f006_m002_proc100.lp,spbs\cie_core_n008_f006_m002_proc100.lp,cie_core_n008_f006_m002_proc100.lp,proposed,1,4,stability_stage2_off_trainseed_4,stage2_off,False,linear,60.0,auto,2026-08-07T16:29:47,optimal,optimal,not_run,0.4617307999978948,0.5196500999991258,1,0.090408899999602,0.006000041961669922,0.0010030269622802734,0.08099937438964844,0.0019981861114501953,1,0,524.0,0.0,0.0,834.0,30488.0,10000.0,0.0,0.0,3,True,D:\git\git\RDMCT-A3C\cie\results\stability\cie_stability_600s_mem2048_repro_v1\s1_t1to5\solutions\cie_core_nominal__cie_core_n008_f006_m002_proc100__proposed__solverseed_1__trainseed_4__stability_stage2_off_trainseed_4.sol,,,,D:\git\git\RDMCT-A3C\cie\models\proposed\cie_proposed_all_cie_proposed\cie_proposed_all_cie_proposed_2026_08_02_15_19_25_0000--s-4\itr_60.pkl,23,True,beam_search,
cie_core_nominal,dual_source_cluster_tool,8_to_32_wafers_nominal_processing,test,600.0,[],D:\git\git\RDMCT-A3C\cie\data\core\spbs\cie_core_n016_f000_m016_proc100.lp,spbs\cie_core_n016_f000_m016_proc100.lp,cie_core_n016_f000_m016_proc100.lp,proposed,1,4,stability_stage2_off_trainseed_4,stage2_off,False,linear,60.0,auto,2026-08-07T16:29:48,optimal,optimal,not_run,46.030068299998675,46.07750270000179,1,0.042813899999600835,0.00599980354309082,0.0009999275207519531,0.031000375747680664,0.0019965171813964844,1,0,23083.0,0.0,4102.88374204625,1136.0,100544.0,10000.0,0.03196209637527694,18.0,3,True,D:\git\git\RDMCT-A3C\cie\results\stability\cie_stability_600s_mem2048_repro_v1\s1_t1to5\solutions\cie_core_nominal__cie_core_n016_f000_m016_proc100__proposed__solverseed_1__trainseed_4__stability_stage2_off_trainseed_4.sol,,,,D:\git\git\RDMCT-A3C\cie\models\proposed\cie_proposed_all_cie_proposed\cie_proposed_all_cie_proposed_2026_08_02_15_19_25_0000--s-4\itr_60.pkl,23,True,beam_search,
cie_core_nominal,dual_source_cluster_tool,8_to_32_wafers_nominal_processing,test,600.0,[],D:\git\git\RDMCT-A3C\cie\data\core\spbs\cie_core_n016_f004_m012_proc100.lp,spbs\cie_core_n016_f004_m012_proc100.lp,cie_core_n016_f004_m012_proc100.lp,proposed,1,4,stability_stage2_off_trainseed_4,stage2_off,False,linear,60.0,auto,2026-08-07T16:30:34,optimal,optimal,not_run,25.39746069999819,25.472153899998375,1,0.08057660000122269,0.007998466491699219,0.0,0.03399991989135742,0.002009153366088867,1,0,12723.0,0.0,2219.3870472218496,1202.0,91082.0,10000.0,0.1278296284362665,64.0,2,True,D:\git\git\RDMCT-A3C\cie\results\stability\cie_stability_600s_mem2048_repro_v1\s1_t1to5\solutions\cie_core_nominal__cie_core_n016_f004_m012_proc100__proposed__solverseed_1__trainseed_4__stability_stage2_off_trainseed_4.sol,,,,D:\git\git\RDMCT-A3C\cie\models\proposed\cie_proposed_all_cie_proposed\cie_proposed_all_cie_proposed_2026_08_02_15_19_25_0000--s-4\itr_60.pkl,23,True,beam_search,
cie_core_nominal,dual_source_cluster_tool,8_to_32_wafers_nominal_processing,test,600.0,[],D:\git\git\RDMCT-A3C\cie\data\core\spbs\cie_core_n016_f008_m008_proc100.lp,spbs\cie_core_n016_f008_m008_proc100.lp,cie_core_n016_f008_m008_proc100.lp,proposed,1,4,stability_stage2_off_trainseed_4,stage2_off,False,linear,60.0,auto,2026-08-07T16:30:59,optimal,optimal,not_run,15.578496900001483,15.64960869999777,1,0.0894399999997404,0.007990121841430664,0.0,0.04700326919555664,0.001999378204345703,1,0,14859.0,0.0,1081.8608210267864,1170.0,80980.99999999999,10000.0,0.09262626899296804,3.000000000003638,5,True,D:\git\git\RDMCT-A3C\cie\results\stability\cie_stability_600s_mem2048_repro_v1\s1_t1to5\solutions\cie_core_nominal__cie_core_n016_f008_m008_proc100__proposed__solverseed_1__trainseed_4__stability_stage2_off_trainseed_4.sol,,,,D:\git\git\RDMCT-A3C\cie\models\proposed\cie_proposed_all_cie_proposed\cie_proposed_all_cie_proposed_2026_08_02_15_19_25_0000--s-4\itr_60.pkl,23,True,beam_search,
cie_core_nominal,dual_source_cluster_tool,8_to_32_wafers_nominal_processing,test,600.0,[],D:\git\git\RDMCT-A3C\cie\data\core\spbs\cie_core_n016_f012_m004_proc100.lp,spbs\cie_core_n016_f012_m004_proc100.lp,cie_core_n016_f012_m004_proc100.lp,proposed,1,4,stability_stage2_off_trainseed_4,stage2_off,False,linear,60.0,auto,2026-08-07T16:31:15,optimal,optimal,not_run,15.869778000000224,15.963668399999733,1,0.05302989999836427,0.006000041961669922,0.0009989738464355469,0.04100155830383301,0.002006053924560547,1,0,12125.0,0.0,1120.3425237615825,1158.0,71387.0,10000.0,0.2530299824846658,0.0,18,True,D:\git\git\RDMCT-A3C\cie\results\stability\cie_stability_600s_mem2048_repro_v1\s1_t1to5\solutions\cie_core_nominal__cie_core_n016_f012_m004_proc100__proposed__solverseed_1__trainseed_4__stability_stage2_off_trainseed_4.sol,,,,D:\git\git\RDMCT-A3C\cie\models\proposed\cie_proposed_all_cie_proposed\cie_proposed_all_cie_proposed_2026_08_02_15_19_25_0000--s-4\itr_60.pkl,23,True,beam_search,
cie_core_nominal,dual_source_cluster_tool,8_to_32_wafers_nominal_processing,test,600.0,[],D:\git\git\RDMCT-A3C\cie\data\core\spbs\cie_core_n024_f000_m024_proc100.lp,spbs\cie_core_n024_f000_m024_proc100.lp,cie_core_n024_f000_m024_proc100.lp,proposed,1,4,stability_stage2_off_trainseed_4,stage2_off,False,linear,60.0,auto,2026-08-07T16:31:31,timelimit,timelimit,not_run,599.7443656999967,599.9252813999956,1,0.08870569999999134,0.007996559143066406,0.001003265380859375,0.03099989891052246,0.002004861831665039,1,0,114505.0,3.7499995250000073,47431.57769052621,10506.9989493,129683.9938418,9999.999,6.786765790425065e-08,4.549999948721961e-05,1,True,D:\git\git\RDMCT-A3C\cie\results\stability\cie_stability_600s_mem2048_repro_v1\s1_t1to5\solutions\cie_core_nominal__cie_core_n024_f000_m024_proc100__proposed__solverseed_1__trainseed_4__stability_stage2_off_trainseed_4.sol,,,,D:\git\git\RDMCT-A3C\cie\models\proposed\cie_proposed_all_cie_proposed\cie_proposed_all_cie_proposed_2026_08_02_15_19_25_0000--s-4\itr_60.pkl,23,True,beam_search,
cie_core_nominal,dual_source_cluster_tool,8_to_32_wafers_nominal_processing,test,600.0,[],D:\git\git\RDMCT-A3C\cie\data\core\spbs\cie_core_n024_f006_m018_proc100.lp,spbs\cie_core_n024_f006_m018_proc100.lp,cie_core_n024_f006_m018_proc100.lp,proposed,1,4,stability_stage2_off_trainseed_4,stage2_off,False,linear,60.0,auto,2026-08-07T16:41:31,timelimit,timelimit,not_run,599.8132852999988,600.0079313000024,1,0.045884699997259304,0.006996870040893555,0.0010030269622802734,0.031000375747680664,0.0009999275207519531,1,0,113382.0,3.6485406492042443,47195.14850553482,10514.9989485,158596.9850112,9999.999,0.21774702827521059,64.00001149999832,1,True,D:\git\git\RDMCT-A3C\cie\results\stability\cie_stability_600s_mem2048_repro_v1\s1_t1to5\solutions\cie_core_nominal__cie_core_n024_f006_m018_proc100__proposed__solverseed_1__trainseed_4__stability_stage2_off_trainseed_4.sol,,,,D:\git\git\RDMCT-A3C\cie\models\proposed\cie_proposed_all_cie_proposed\cie_proposed_all_cie_proposed_2026_08_02_15_19_25_0000--s-4\itr_60.pkl,23,True,beam_search,
cie_core_nominal,dual_source_cluster_tool,8_to_32_wafers_nominal_processing,test,600.0,[],D:\git\git\RDMCT-A3C\cie\data\core\spbs\cie_core_n024_f012_m012_proc100.lp,spbs\cie_core_n024_f012_m012_proc100.lp,cie_core_n024_f012_m012_proc100.lp,proposed,1,4,stability_stage2_off_trainseed_4,stage2_off,False,linear,60.0,auto,2026-08-07T16:51:31,timelimit,timelimit,not_run,599.795403600001,599.9231352999996,1,0.05417989999841666,0.008000373840332031,0.0009980201721191406,0.03999805450439453,0.0020003318786621094,1,0,110900.0,3.7536161611663577,47454.9393065971,10514.9989485,109713.9987998,9999.999,0.27906550976581973,135.99998640000013,1,True,D:\git\git\RDMCT-A3C\cie\results\stability\cie_stability_600s_mem2048_repro_v1\s1_t1to5\solutions\cie_core_nominal__cie_core_n024_f012_m012_proc100__proposed__solverseed_1__trainseed_4__stability_stage2_off_trainseed_4.sol,,,,D:\git\git\RDMCT-A3C\cie\models\proposed\cie_proposed_all_cie_proposed\cie_proposed_all_cie_proposed_2026_08_02_15_19_25_0000--s-4\itr_60.pkl,23,True,beam_search,
cie_core_nominal,dual_source_cluster_tool,8_to_32_wafers_nominal_processing,test,600.0,[],D:\git\git\RDMCT-A3C\cie\data\core\spbs\cie_core_n024_f018_m006_proc100.lp,spbs\cie_core_n024_f018_m006_proc100.lp,cie_core_n024_f018_m006_proc100.lp,proposed,1,4,stability_stage2_off_trainseed_4,stage2_off,False,linear,60.0,auto,2026-08-07T17:01:31,timelimit,timelimit,not_run,599.8463556999995,600.0160177999933,1,0.09310149999510031,0.012994050979614258,0.0010030269622802734,0.04000067710876465,0.0010035037994384766,1,0,79111.0,3.719478881732496,47371.98161879588,10514.9989485,100915.9949123,9999.999,0.5261966247503015,67.999998,1,True,D:\git\git\RDMCT-A3C\cie\results\stability\cie_stability_600s_mem2048_repro_v1\s1_t1to5\solutions\cie_core_nominal__cie_core_n024_f018_m006_proc100__proposed__solverseed_1__trainseed_4__stability_stage2_off_trainseed_4.sol,,,,D:\git\git\RDMCT-A3C\cie\models\proposed\cie_proposed_all_cie_proposed\cie_proposed_all_cie_proposed_2026_08_02_15_19_25_0000--s-4\itr_60.pkl,23,True,beam_search,
cie_core_nominal,dual_source_cluster_tool,8_to_32_wafers_nominal_processing,test,600.0,[],D:\git\git\RDMCT-A3C\cie\data\core\spbs\cie_core_n032_f000_m032_proc100.lp,spbs\cie_core_n032_f000_m032_proc100.lp,cie_core_n032_f000_m032_proc100.lp,proposed,1,4,stability_stage2_off_trainseed_4,stage2_off,False,linear,60.0,auto,2026-08-07T17:11:31,timelimit,timelimit,not_run,599.8583730999962,600.0243088999996,1,0.049818200001027435,0.011000633239746094,0.0009996891021728516,0.03099679946899414,0.0010120868682861328,1,0,61879.0,3.192583312799043,45907.39940216343,10514.9989485,230581.9759206,9999.999,0.22043254564375014,295.9999905000003,1,True,D:\git\git\RDMCT-A3C\cie\results\stability\cie_stability_600s_mem2048_repro_v1\s1_t1to5\solutions\cie_core_nominal__cie_core_n032_f000_m032_proc100__proposed__solverseed_1__trainseed_4__stability_stage2_off_trainseed_4.sol,,,,D:\git\git\RDMCT-A3C\cie\models\proposed\cie_proposed_all_cie_proposed\cie_proposed_all_cie_proposed_2026_08_02_15_19_25_0000--s-4\itr_60.pkl,23,True,beam_search,
cie_core_nominal,dual_source_cluster_tool,8_to_32_wafers_nominal_processing,test,600.0,[],D:\git\git\RDMCT-A3C\cie\data\core\spbs\cie_core_n032_f008_m024_proc100.lp,spbs\cie_core_n032_f008_m024_proc100.lp,cie_core_n032_f008_m024_proc100.lp,proposed,1,4,stability_stage2_off_trainseed_4,stage2_off,False,linear,60.0,auto,2026-08-07T17:21:31,timelimit,timelimit,not_run,599.8237914000056,600.046691100004,1,0.052077899999858346,0.01199650764465332,0.001003265380859375,0.031996726989746094,0.0010051727294921875,1,0,86001.0,3.1792523642686805,45884.82978201603,10514.9989485,166409.9945901,9999.999,0.0,0.0,1,True,D:\git\git\RDMCT-A3C\cie\results\stability\cie_stability_600s_mem2048_repro_v1\s1_t1to5\solutions\cie_core_nominal__cie_core_n032_f008_m024_proc100__proposed__solverseed_1__trainseed_4__stability_stage2_off_trainseed_4.sol,,,,D:\git\git\RDMCT-A3C\cie\models\proposed\cie_proposed_all_cie_proposed\cie_proposed_all_cie_proposed_2026_08_02_15_19_25_0000--s-4\itr_60.pkl,23,True,beam_search,
cie_core_nominal,dual_source_cluster_tool,8_to_32_wafers_nominal_processing,test,600.0,[],D:\git\git\RDMCT-A3C\cie\data\core\spbs\cie_core_n032_f016_m016_proc100.lp,spbs\cie_core_n032_f016_m016_proc100.lp,cie_core_n032_f016_m016_proc100.lp,proposed,1,4,stability_stage2_off_trainseed_4,stage2_off,False,linear,60.0,auto,2026-08-07T17:31:31,timelimit,timelimit,not_run,599.7716800999988,599.9946226000029,1,0.06071439999504946,0.013000249862670898,0.0009963512420654297,0.03200411796569824,0.0009975433349609375,1,0,50576.0,3.2570845945343945,46197.20261401408,10514.9989485,163641.9847201,9999.999,0.5067053559888083,397.9999987999993,1,True,D:\git\git\RDMCT-A3C\cie\results\stability\cie_stability_600s_mem2048_repro_v1\s1_t1to5\solutions\cie_core_nominal__cie_core_n032_f016_m016_proc100__proposed__solverseed_1__trainseed_4__stability_stage2_off_trainseed_4.sol,,,,D:\git\git\RDMCT-A3C\cie\models\proposed\cie_proposed_all_cie_proposed\cie_proposed_all_cie_proposed_2026_08_02_15_19_25_0000--s-4\itr_60.pkl,23,True,beam_search,
cie_core_nominal,dual_source_cluster_tool,8_to_32_wafers_nominal_processing,test,600.0,[],D:\git\git\RDMCT-A3C\cie\data\core\spbs\cie_core_n032_f024_m008_proc100.lp,spbs\cie_core_n032_f024_m008_proc100.lp,cie_core_n032_f024_m008_proc100.lp,proposed,1,4,stability_stage2_off_trainseed_4,stage2_off,False,linear,60.0,auto,2026-08-07T17:41:31,timelimit,timelimit,not_run,599.6998830000011,600.0208347999942,1,0.09108399999968242,0.015999555587768555,0.0009992122650146484,0.03100132942199707,0.0019979476928710938,1,0,73320.0,3.3594523003731345,46755.842707919044,10514.9989485,136874.9967606,9999.999,2.0179011933335302,6339.999216800001,1,True,D:\git\git\RDMCT-A3C\cie\results\stability\cie_stability_600s_mem2048_repro_v1\s1_t1to5\solutions\cie_core_nominal__cie_core_n032_f024_m008_proc100__proposed__solverseed_1__trainseed_4__stability_stage2_off_trainseed_4.sol,,,,D:\git\git\RDMCT-A3C\cie\models\proposed\cie_proposed_all_cie_proposed\cie_proposed_all_cie_proposed_2026_08_02_15_19_25_0000--s-4\itr_60.pkl,23,True,beam_search,
cie_core_nominal,dual_source_cluster_tool,8_to_32_wafers_nominal_processing,test,600.0,[],D:\git\git\RDMCT-A3C\cie\data\core\pure41\cie_core_n008_f008_m000_proc100.lp,pure41\cie_core_n008_f008_m000_proc100.lp,cie_core_n008_f008_m000_proc100.lp,proposed,1,5,stability_stage2_off_trainseed_5,stage2_off,False,linear,60.0,auto,2026-08-07T17:51:33,optimal,optimal,not_run,0.3867208999945433,0.40879359999962617,1,0.358585399997537,0.006000518798828125,0.0,0.34900450706481934,0.001995563507080078,1,0,1.0,0.0,2.622950819672131,610.0,424.0,58.0,0.0,0.0,1,True,D:\git\git\RDMCT-A3C\cie\results\stability\cie_stability_600s_mem2048_repro_v1\s1_t1to5\solutions\cie_core_nominal__cie_core_n008_f008_m000_proc100__proposed__solverseed_1__trainseed_5__stability_stage2_off_trainseed_5.sol,,,,D:\git\git\RDMCT-A3C\cie\models\proposed\cie_proposed_all_cie_proposed\cie_proposed_all_cie_proposed_2026_08_02_15_28_19_0000--s-5\itr_60.pkl,23,True,beam_search,
cie_core_nominal,dual_source_cluster_tool,8_to_32_wafers_nominal_processing,test,600.0,[],D:\git\git\RDMCT-A3C\cie\data\core\pure41\cie_core_n016_f016_m000_proc100.lp,pure41\cie_core_n016_f016_m000_proc100.lp,cie_core_n016_f016_m000_proc100.lp,proposed,1,5,stability_stage2_off_trainseed_5,stage2_off,False,linear,60.0,auto,2026-08-07T17:51:34,optimal,optimal,not_run,0.23621940000157338,0.2899866999941878,1,0.01395589999447111,0.0060002803802490234,0.0,0.005003929138183594,0.0019996166229248047,1,0,1.0,0.0,0.0,944.0,21156.0,10000.0,0.015197568389057751,0.0,3,True,D:\git\git\RDMCT-A3C\cie\results\stability\cie_stability_600s_mem2048_repro_v1\s1_t1to5\solutions\cie_core_nominal__cie_core_n016_f016_m000_proc100__proposed__solverseed_1__trainseed_5__stability_stage2_off_trainseed_5.sol,,,,D:\git\git\RDMCT-A3C\cie\models\proposed\cie_proposed_all_cie_proposed\cie_proposed_all_cie_proposed_2026_08_02_15_28_19_0000--s-5\itr_60.pkl,23,True,beam_search,
cie_core_nominal,dual_source_cluster_tool,8_to_32_wafers_nominal_processing,test,600.0,[],D:\git\git\RDMCT-A3C\cie\data\core\pure41\cie_core_n024_f024_m000_proc100.lp,pure41\cie_core_n024_f024_m000_proc100.lp,cie_core_n024_f024_m000_proc100.lp,proposed,1,5,stability_stage2_off_trainseed_5,stage2_off,False,linear,60.0,auto,2026-08-07T17:51:34,optimal,optimal,not_run,2.2954653999986476,2.4209659000043757,1,0.05286239999986719,0.011000871658325195,0.0,0.004998683929443359,0.0009980201721191406,1,0,1.0,0.0,200.0,1268.0,41493.0,10000.0,0.017201421312754317,13.0,2,True,D:\git\git\RDMCT-A3C\cie\results\stability\cie_stability_600s_mem2048_repro_v1\s1_t1to5\solutions\cie_core_nominal__cie_core_n024_f024_m000_proc100__proposed__solverseed_1__trainseed_5__stability_stage2_off_trainseed_5.sol,,,,D:\git\git\RDMCT-A3C\cie\models\proposed\cie_proposed_all_cie_proposed\cie_proposed_all_cie_proposed_2026_08_02_15_28_19_0000--s-5\itr_60.pkl,23,True,beam_search,
cie_core_nominal,dual_source_cluster_tool,8_to_32_wafers_nominal_processing,test,600.0,[],D:\git\git\RDMCT-A3C\cie\data\core\pure41\cie_core_n032_f032_m000_proc100.lp,pure41\cie_core_n032_f032_m000_proc100.lp,cie_core_n032_f032_m000_proc100.lp,proposed,1,5,stability_stage2_off_trainseed_5,stage2_off,False,linear,60.0,auto,2026-08-07T17:51:36,optimal,optimal,not_run,6.953775800000585,7.189867299995967,1,0.025078300001041498,0.007999420166015625,0.0,0.014001607894897461,0.001998424530029297,1,0,1.0,0.0,700.0,1592.0,62128.0,10000.0,0.011443541338279375,10.0,2,True,D:\git\git\RDMCT-A3C\cie\results\stability\cie_stability_600s_mem2048_repro_v1\s1_t1to5\solutions\cie_core_nominal__cie_core_n032_f032_m000_proc100__proposed__solverseed_1__trainseed_5__stability_stage2_off_trainseed_5.sol,,,,D:\git\git\RDMCT-A3C\cie\models\proposed\cie_proposed_all_cie_proposed\cie_proposed_all_cie_proposed_2026_08_02_15_28_19_0000--s-5\itr_60.pkl,23,True,beam_search,
cie_core_nominal,dual_source_cluster_tool,8_to_32_wafers_nominal_processing,test,600.0,[],D:\git\git\RDMCT-A3C\cie\data\core\spbs\cie_core_n008_f000_m008_proc100.lp,spbs\cie_core_n008_f000_m008_proc100.lp,cie_core_n008_f000_m008_proc100.lp,proposed,1,5,stability_stage2_off_trainseed_5,stage2_off,False,linear,60.0,auto,2026-08-07T17:51:43,optimal,optimal,not_run,0.34455229999730363,0.36576919999788515,1,0.013794599995890167,0.004999637603759766,0.0010001659393310547,0.004999876022338867,0.001997709274291992,1,0,556.0,0.0,100.0,768.0,60184.0,10000.0,0.0,0.0,4,True,D:\git\git\RDMCT-A3C\cie\results\stability\cie_stability_600s_mem2048_repro_v1\s1_t1to5\solutions\cie_core_nominal__cie_core_n008_f000_m008_proc100__proposed__solverseed_1__trainseed_5__stability_stage2_off_trainseed_5.sol,,,,D:\git\git\RDMCT-A3C\cie\models\proposed\cie_proposed_all_cie_proposed\cie_proposed_all_cie_proposed_2026_08_02_15_28_19_0000--s-5\itr_60.pkl,23,True,beam_search,
cie_core_nominal,dual_source_cluster_tool,8_to_32_wafers_nominal_processing,test,600.0,[],D:\git\git\RDMCT-A3C\cie\data\core\spbs\cie_core_n008_f002_m006_proc100.lp,spbs\cie_core_n008_f002_m006_proc100.lp,cie_core_n008_f002_m006_proc100.lp,proposed,1,5,stability_stage2_off_trainseed_5,stage2_off,False,linear,60.0,auto,2026-08-07T17:51:44,optimal,optimal,not_run,0.4531818000032217,0.5115393999949447,1,0.014353099999425467,0.006003618240356445,0.0,0.004999876022338867,0.0019998550415039062,1,0,537.0,0.0,0.0,900.0,59758.0,10000.0,0.1510325163699422,0.0,2,True,D:\git\git\RDMCT-A3C\cie\results\stability\cie_stability_600s_mem2048_repro_v1\s1_t1to5\solutions\cie_core_nominal__cie_core_n008_f002_m006_proc100__proposed__solverseed_1__trainseed_5__stability_stage2_off_trainseed_5.sol,,,,D:\git\git\RDMCT-A3C\cie\models\proposed\cie_proposed_all_cie_proposed\cie_proposed_all_cie_proposed_2026_08_02_15_28_19_0000--s-5\itr_60.pkl,23,True,beam_search,
cie_core_nominal,dual_source_cluster_tool,8_to_32_wafers_nominal_processing,test,600.0,[],D:\git\git\RDMCT-A3C\cie\data\core\spbs\cie_core_n008_f004_m004_proc100.lp,spbs\cie_core_n008_f004_m004_proc100.lp,cie_core_n008_f004_m004_proc100.lp,proposed,1,5,stability_stage2_off_trainseed_5,stage2_off,False,linear,60.0,auto,2026-08-07T17:51:44,optimal,optimal,not_run,0.35396050000417745,0.3770532999988063,1,0.013971599997603334,0.0050013065338134766,0.0009970664978027344,0.005003213882446289,0.0020012855529785156,1,0,446.0,0.0,92.27181801465682,834.0,50716.0,10000.0,0.0,0.0,4,True,D:\git\git\RDMCT-A3C\cie\results\stability\cie_stability_600s_mem2048_repro_v1\s1_t1to5\solutions\cie_core_nominal__cie_core_n008_f004_m004_proc100__proposed__solverseed_1__trainseed_5__stability_stage2_off_trainseed_5.sol,,,,D:\git\git\RDMCT-A3C\cie\models\proposed\cie_proposed_all_cie_proposed\cie_proposed_all_cie_proposed_2026_08_02_15_28_19_0000--s-5\itr_60.pkl,23,True,beam_search,
cie_core_nominal,dual_source_cluster_tool,8_to_32_wafers_nominal_processing,test,600.0,[],D:\git\git\RDMCT-A3C\cie\data\core\spbs\cie_core_n008_f006_m002_proc100.lp,spbs\cie_core_n008_f006_m002_proc100.lp,cie_core_n008_f006_m002_proc100.lp,proposed,1,5,stability_stage2_off_trainseed_5,stage2_off,False,linear,60.0,auto,2026-08-07T17:51:45,optimal,optimal,not_run,0.5492113000000245,0.5735581000044476,1,0.014943299996957649,0.006000041961669922,0.0010004043579101562,0.004999399185180664,0.001997232437133789,1,0,945.0,0.0,0.0,834.0,30718.0,10000.0,0.0,0.0,2,True,D:\git\git\RDMCT-A3C\cie\results\stability\cie_stability_600s_mem2048_repro_v1\s1_t1to5\solutions\cie_core_nominal__cie_core_n008_f006_m002_proc100__proposed__solverseed_1__trainseed_5__stability_stage2_off_trainseed_5.sol,,,,D:\git\git\RDMCT-A3C\cie\models\proposed\cie_proposed_all_cie_proposed\cie_proposed_all_cie_proposed_2026_08_02_15_28_19_0000--s-5\itr_60.pkl,23,True,beam_search,
cie_core_nominal,dual_source_cluster_tool,8_to_32_wafers_nominal_processing,test,600.0,[],D:\git\git\RDMCT-A3C\cie\data\core\spbs\cie_core_n016_f000_m016_proc100.lp,spbs\cie_core_n016_f000_m016_proc100.lp,cie_core_n016_f000_m016_proc100.lp,proposed,1,5,stability_stage2_off_trainseed_5,stage2_off,False,linear,60.0,auto,2026-08-07T17:51:45,optimal,optimal,not_run,9.083533600001829,9.208931299996038,1,0.01959769999666605,0.0060002803802490234,0.0010004043579101562,0.008999347686767578,0.002002716064453125,1,0,4367.0,0.0,813.5052735433512,1136.0,100248.0,10000.0,0.0,0.0,5,True,D:\git\git\RDMCT-A3C\cie\results\stability\cie_stability_600s_mem2048_repro_v1\s1_t1to5\solutions\cie_core_nominal__cie_core_n016_f000_m016_proc100__proposed__solverseed_1__trainseed_5__stability_stage2_off_trainseed_5.sol,,,,D:\git\git\RDMCT-A3C\cie\models\proposed\cie_proposed_all_cie_proposed\cie_proposed_all_cie_proposed_2026_08_02_15_28_19_0000--s-5\itr_60.pkl,23,True,beam_search,
cie_core_nominal,dual_source_cluster_tool,8_to_32_wafers_nominal_processing,test,600.0,[],D:\git\git\RDMCT-A3C\cie\data\core\spbs\cie_core_n016_f004_m012_proc100.lp,spbs\cie_core_n016_f004_m012_proc100.lp,cie_core_n016_f004_m012_proc100.lp,proposed,1,5,stability_stage2_off_trainseed_5,stage2_off,False,linear,60.0,auto,2026-08-07T17:51:55,optimal,optimal,not_run,21.016184100000828,21.08940949999669,1,0.05012029999488732,0.007000446319580078,0.0009999275207519531,0.004999876022338867,0.0019965171813964844,1,0,29770.0,0.0,638.8067704296691,1202.0,90996.0,10000.0,0.10794810925861055,56.0,4,True,D:\git\git\RDMCT-A3C\cie\results\stability\cie_stability_600s_mem2048_repro_v1\s1_t1to5\solutions\cie_core_nominal__cie_core_n016_f004_m012_proc100__proposed__solverseed_1__trainseed_5__stability_stage2_off_trainseed_5.sol,,,,D:\git\git\RDMCT-A3C\cie\models\proposed\cie_proposed_all_cie_proposed\cie_proposed_all_cie_proposed_2026_08_02_15_28_19_0000--s-5\itr_60.pkl,23,True,beam_search,
cie_core_nominal,dual_source_cluster_tool,8_to_32_wafers_nominal_processing,test,600.0,[],D:\git\git\RDMCT-A3C\cie\data\core\spbs\cie_core_n016_f008_m008_proc100.lp,spbs\cie_core_n016_f008_m008_proc100.lp,cie_core_n016_f008_m008_proc100.lp,proposed,1,5,stability_stage2_off_trainseed_5,stage2_off,False,linear,60.0,auto,2026-08-07T17:52:16,optimal,optimal,not_run,14.555844000002253,14.636229400006414,1,0.022158200001285877,0.007997274398803711,0.0,0.010003089904785156,0.001996278762817383,1,0,19119.0,0.0,670.0020728296064,1170.0,80899.00000000001,10000.0,0.0956074258349958,43.0,11,True,D:\git\git\RDMCT-A3C\cie\results\stability\cie_stability_600s_mem2048_repro_v1\s1_t1to5\solutions\cie_core_nominal__cie_core_n016_f008_m008_proc100__proposed__solverseed_1__trainseed_5__stability_stage2_off_trainseed_5.sol,,,,D:\git\git\RDMCT-A3C\cie\models\proposed\cie_proposed_all_cie_proposed\cie_proposed_all_cie_proposed_2026_08_02_15_28_19_0000--s-5\itr_60.pkl,23,True,beam_search,
cie_core_nominal,dual_source_cluster_tool,8_to_32_wafers_nominal_processing,test,600.0,[],D:\git\git\RDMCT-A3C\cie\data\core\spbs\cie_core_n016_f012_m004_proc100.lp,spbs\cie_core_n016_f012_m004_proc100.lp,cie_core_n016_f012_m004_proc100.lp,proposed,1,5,stability_stage2_off_trainseed_5,stage2_off,False,linear,60.0,auto,2026-08-07T17:52:30,optimal,optimal,not_run,13.684035800004494,13.779463400001987,1,0.050645300005271565,0.006999969482421875,0.0,0.00599980354309082,0.0019998550415039062,1,0,8650.0,0.0,1259.8858633067034,1158.0,71640.00000000001,10000.0,0.22275603956920398,0.0,8,True,D:\git\git\RDMCT-A3C\cie\results\stability\cie_stability_600s_mem2048_repro_v1\s1_t1to5\solutions\cie_core_nominal__cie_core_n016_f012_m004_proc100__proposed__solverseed_1__trainseed_5__stability_stage2_off_trainseed_5.sol,,,,D:\git\git\RDMCT-A3C\cie\models\proposed\cie_proposed_all_cie_proposed\cie_proposed_all_cie_proposed_2026_08_02_15_28_19_0000--s-5\itr_60.pkl,23,True,beam_search,
cie_core_nominal,dual_source_cluster_tool,8_to_32_wafers_nominal_processing,test,600.0,[],D:\git\git\RDMCT-A3C\cie\data\core\spbs\cie_core_n024_f000_m024_proc100.lp,spbs\cie_core_n024_f000_m024_proc100.lp,cie_core_n024_f000_m024_proc100.lp,proposed,1,5,stability_stage2_off_trainseed_5,stage2_off,False,linear,60.0,auto,2026-08-07T17:52:44,timelimit,timelimit,not_run,599.4277615000028,599.5685650000014,1,0.01994869999907678,0.008000612258911133,0.0009996891021728516,0.004999876022338867,0.0009968280792236328,1,0,96371.0,3.741425518637184,47418.253238827325,10506.9989493,129683.9938418,9999.999,6.786765790425065e-08,4.549999948721961e-05,1,True,D:\git\git\RDMCT-A3C\cie\results\stability\cie_stability_600s_mem2048_repro_v1\s1_t1to5\solutions\cie_core_nominal__cie_core_n024_f000_m024_proc100__proposed__solverseed_1__trainseed_5__stability_stage2_off_trainseed_5.sol,,,,D:\git\git\RDMCT-A3C\cie\models\proposed\cie_proposed_all_cie_proposed\cie_proposed_all_cie_proposed_2026_08_02_15_28_19_0000--s-5\itr_60.pkl,23,True,beam_search,
cie_core_nominal,dual_source_cluster_tool,8_to_32_wafers_nominal_processing,test,600.0,[],D:\git\git\RDMCT-A3C\cie\data\core\spbs\cie_core_n024_f006_m018_proc100.lp,spbs\cie_core_n024_f006_m018_proc100.lp,cie_core_n024_f006_m018_proc100.lp,proposed,1,5,stability_stage2_off_trainseed_5,stage2_off,False,linear,60.0,auto,2026-08-07T18:02:44,timelimit,timelimit,not_run,599.8560467999996,600.0321044999946,1,0.0534168000012869,0.006996870040893555,0.0010037422180175781,0.0049970149993896484,0.0010001659393310547,1,0,95060.0,3.6526544019911507,47177.86842772503,10514.9989485,158596.9850112,9999.999,0.21774702827521059,64.00001149999832,1,True,D:\git\git\RDMCT-A3C\cie\results\stability\cie_stability_600s_mem2048_repro_v1\s1_t1to5\solutions\cie_core_nominal__cie_core_n024_f006_m018_proc100__proposed__solverseed_1__trainseed_5__stability_stage2_off_trainseed_5.sol,,,,D:\git\git\RDMCT-A3C\cie\models\proposed\cie_proposed_all_cie_proposed\cie_proposed_all_cie_proposed_2026_08_02_15_28_19_0000--s-5\itr_60.pkl,23,True,beam_search,
cie_core_nominal,dual_source_cluster_tool,8_to_32_wafers_nominal_processing,test,600.0,[],D:\git\git\RDMCT-A3C\cie\data\core\spbs\cie_core_n024_f012_m012_proc100.lp,spbs\cie_core_n024_f012_m012_proc100.lp,cie_core_n024_f012_m012_proc100.lp,proposed,1,5,stability_stage2_off_trainseed_5,stage2_off,False,linear,60.0,auto,2026-08-07T18:12:44,timelimit,timelimit,not_run,599.8160647000041,599.9788310999938,1,0.020302400000218768,0.007999658584594727,0.0,0.0060002803802490234,0.0020003318786621094,1,0,105470.0,3.7536161611663657,47448.92884475023,10514.9989485,109713.9987998,9999.999,0.27906550976581973,135.99998640000013,1,True,D:\git\git\RDMCT-A3C\cie\results\stability\cie_stability_600s_mem2048_repro_v1\s1_t1to5\solutions\cie_core_nominal__cie_core_n024_f012_m012_proc100__proposed__solverseed_1__trainseed_5__stability_stage2_off_trainseed_5.sol,,,,D:\git\git\RDMCT-A3C\cie\models\proposed\cie_proposed_all_cie_proposed\cie_proposed_all_cie_proposed_2026_08_02_15_28_19_0000--s-5\itr_60.pkl,23,True,beam_search,
cie_core_nominal,dual_source_cluster_tool,8_to_32_wafers_nominal_processing,test,600.0,[],D:\git\git\RDMCT-A3C\cie\data\core\spbs\cie_core_n024_f018_m006_proc100.lp,spbs\cie_core_n024_f018_m006_proc100.lp,cie_core_n024_f018_m006_proc100.lp,proposed,1,5,stability_stage2_off_trainseed_5,stage2_off,False,linear,60.0,auto,2026-08-07T18:22:44,timelimit,timelimit,not_run,599.7969708999954,600.0997176000019,1,0.05747439999686321,0.01099705696105957,0.0010030269622802734,0.00599980354309082,0.0019996166229248047,1,0,203771.0,0.11675579322638147,12634.019285855546,2506.0,111740.0,10000.0,0.35828509743056725,144.0,11,True,D:\git\git\RDMCT-A3C\cie\results\stability\cie_stability_600s_mem2048_repro_v1\s1_t1to5\solutions\cie_core_nominal__cie_core_n024_f018_m006_proc100__proposed__solverseed_1__trainseed_5__stability_stage2_off_trainseed_5.sol,,,,D:\git\git\RDMCT-A3C\cie\models\proposed\cie_proposed_all_cie_proposed\cie_proposed_all_cie_proposed_2026_08_02_15_28_19_0000--s-5\itr_60.pkl,23,True,beam_search,
cie_core_nominal,dual_source_cluster_tool,8_to_32_wafers_nominal_processing,test,600.0,[],D:\git\git\RDMCT-A3C\cie\data\core\spbs\cie_core_n032_f000_m032_proc100.lp,spbs\cie_core_n032_f000_m032_proc100.lp,cie_core_n032_f000_m032_proc100.lp,proposed,1,5,stability_stage2_off_trainseed_5,stage2_off,False,linear,60.0,auto,2026-08-07T18:32:44,timelimit,timelimit,not_run,599.7270399999979,599.9278627999956,1,0.023684700005105697,0.010999679565429688,0.0009996891021728516,0.005000591278076172,0.002003908157348633,1,0,54156.0,3.069272038893189,45490.82032150083,10514.9989485,230581.9759206,9999.999,0.22043254564375014,295.9999905000003,1,True,D:\git\git\RDMCT-A3C\cie\results\stability\cie_stability_600s_mem2048_repro_v1\s1_t1to5\solutions\cie_core_nominal__cie_core_n032_f000_m032_proc100__proposed__solverseed_1__trainseed_5__stability_stage2_off_trainseed_5.sol,,,,D:\git\git\RDMCT-A3C\cie\models\proposed\cie_proposed_all_cie_proposed\cie_proposed_all_cie_proposed_2026_08_02_15_28_19_0000--s-5\itr_60.pkl,23,True,beam_search,
cie_core_nominal,dual_source_cluster_tool,8_to_32_wafers_nominal_processing,test,600.0,[],D:\git\git\RDMCT-A3C\cie\data\core\spbs\cie_core_n032_f008_m024_proc100.lp,spbs\cie_core_n032_f008_m024_proc100.lp,cie_core_n032_f008_m024_proc100.lp,proposed,1,5,stability_stage2_off_trainseed_5,stage2_off,False,linear,60.0,auto,2026-08-07T18:42:44,timelimit,timelimit,not_run,599.7993157999954,599.9929220000049,1,0.03177920000598533,0.012000322341918945,0.000997304916381836,0.005002498626708984,0.002000093460083008,1,0,54783.0,3.1660059225435817,45843.35569322763,10514.9989485,166409.9945901,9999.999,0.0,0.0,1,True,D:\git\git\RDMCT-A3C\cie\results\stability\cie_stability_600s_mem2048_repro_v1\s1_t1to5\solutions\cie_core_nominal__cie_core_n032_f008_m024_proc100__proposed__solverseed_1__trainseed_5__stability_stage2_off_trainseed_5.sol,,,,D:\git\git\RDMCT-A3C\cie\models\proposed\cie_proposed_all_cie_proposed\cie_proposed_all_cie_proposed_2026_08_02_15_28_19_0000--s-5\itr_60.pkl,23,True,beam_search,
cie_core_nominal,dual_source_cluster_tool,8_to_32_wafers_nominal_processing,test,600.0,[],D:\git\git\RDMCT-A3C\cie\data\core\spbs\cie_core_n032_f016_m016_proc100.lp,spbs\cie_core_n032_f016_m016_proc100.lp,cie_core_n032_f016_m016_proc100.lp,proposed,1,5,stability_stage2_off_trainseed_5,stage2_off,False,linear,60.0,auto,2026-08-07T18:52:44,timelimit,timelimit,not_run,599.7713287999941,600.0583677999966,1,0.061499700001149904,0.013002634048461914,0.0009982585906982422,0.006000518798828125,0.0019965171813964844,1,0,63528.0,3.2195019857544143,46140.074695795374,10514.9989485,163641.9847201,9999.999,0.5067053559888083,397.9999987999993,1,True,D:\git\git\RDMCT-A3C\cie\results\stability\cie_stability_600s_mem2048_repro_v1\s1_t1to5\solutions\cie_core_nominal__cie_core_n032_f016_m016_proc100__proposed__solverseed_1__trainseed_5__stability_stage2_off_trainseed_5.sol,,,,D:\git\git\RDMCT-A3C\cie\models\proposed\cie_proposed_all_cie_proposed\cie_proposed_all_cie_proposed_2026_08_02_15_28_19_0000--s-5\itr_60.pkl,23,True,beam_search,
cie_core_nominal,dual_source_cluster_tool,8_to_32_wafers_nominal_processing,test,600.0,[],D:\git\git\RDMCT-A3C\cie\data\core\spbs\cie_core_n032_f024_m008_proc100.lp,spbs\cie_core_n032_f024_m008_proc100.lp,cie_core_n032_f024_m008_proc100.lp,proposed,1,5,stability_stage2_off_trainseed_5,stage2_off,False,linear,60.0,auto,2026-08-07T19:02:44,timelimit,timelimit,not_run,599.6660274000023,599.9630596999996,1,0.06442940000124509,0.015999794006347656,0.0010004043579101562,0.00500035285949707,0.001999378204345703,1,0,51900.0,3.323601541324013,46542.785149761155,10514.9989485,136874.9967606,9999.999,2.0179011933335302,6339.999216800001,1,True,D:\git\git\RDMCT-A3C\cie\results\stability\cie_stability_600s_mem2048_repro_v1\s1_t1to5\solutions\cie_core_nominal__cie_core_n032_f024_m008_proc100__proposed__solverseed_1__trainseed_5__stability_stage2_off_trainseed_5.sol,,,,D:\git\git\RDMCT-A3C\cie\models\proposed\cie_proposed_all_cie_proposed\cie_proposed_all_cie_proposed_2026_08_02_15_28_19_0000--s-5\itr_60.pkl,23,True,beam_search,
