suite,family,scale,split,time_limit,solver_seeds,path,relative_path,instance,method,seed,training_seed,run_label,warm_start,started_at,status,solving_time,end_to_end_time,cutsel_callback_calls,cutsel_callback_time,cutsel_feature_time,cutsel_device_transfer_time,cutsel_policy_inference_time,cutsel_structure_rerank_time,cutsel_root_calls,cutsel_nonroot_calls,nodes,gap,primal_dual_integral,best_objective,schedule_total_wait,schedule_max_wait,schedule_cadence_cv,schedule_cadence_deviation_sum,n_solutions,has_incumbent,solution_file,solution_write_error,acs_weights,acs_weight_source,policy_model,feature_dim,structure_rerank,decode_type,error
cie_core_nominal,dual_source_cluster_tool,8_to_32_wafers_nominal_processing,test,600.0,[],D:\git\git\RDMCT-A3C\cie\data\core\pure41\cie_core_n008_f008_m000_proc100.lp,pure41\cie_core_n008_f008_m000_proc100.lp,cie_core_n008_f008_m000_proc100.lp,scip_default,3,1,trainseed_1,auto,2026-07-22T19:15:39,optimal,0.0,0.04592809999996916,0,0.0,0.0,0.0,0.0,0.0,0,0,1,0.0,0.0,610.0,424.0,58.0,0.0,0.0,1,True,D:\git\git\RDMCT-A3C\cie\results\main\cie_main_600s_compact_final_v1\seed3\solutions\cie_core_nominal__cie_core_n008_f008_m000_proc100__scip_default__solverseed_3__trainseed_1__trainseed_1.sol,,,,,,False,,
cie_core_nominal,dual_source_cluster_tool,8_to_32_wafers_nominal_processing,test,600.0,[],D:\git\git\RDMCT-A3C\cie\data\core\pure41\cie_core_n008_f008_m000_proc100.lp,pure41\cie_core_n008_f008_m000_proc100.lp,cie_core_n008_f008_m000_proc100.lp,adaptive_cutsel,3,1,trainseed_1,auto,2026-07-22T19:15:39,optimal,0.0,0.04294620000001714,0,0.0,0.0,0.0,0.0,0.0,0,0,1,0.0,0.0,610.0,424.0,58.0,0.0,0.0,1,True,D:\git\git\RDMCT-A3C\cie\results\main\cie_main_600s_compact_final_v1\seed3\solutions\cie_core_nominal__cie_core_n008_f008_m000_proc100__adaptive_cutsel__solverseed_3__trainseed_1__trainseed_1.sol,,"{""dircutoffdistweight"": 0.0, ""efficacyweight"": 0.75, ""intsupportweight"": 0.0, ""objparalweight"": 0.25}",global_default,,,False,,
cie_core_nominal,dual_source_cluster_tool,8_to_32_wafers_nominal_processing,test,600.0,[],D:\git\git\RDMCT-A3C\cie\data\core\pure41\cie_core_n008_f008_m000_proc100.lp,pure41\cie_core_n008_f008_m000_proc100.lp,cie_core_n008_f008_m000_proc100.lp,hem,3,1,trainseed_1,auto,2026-07-22T19:15:39,optimal,1.0,0.3173413000000096,1,0.27357569999998077,0.002998828887939453,0.0,0.268204927444458,0.0,1,0,1,0.0,2.622950819672131,610.0,424.0,58.0,0.0,0.0,1,True,D:\git\git\RDMCT-A3C\cie\results\main\cie_main_600s_compact_final_v1\seed3\solutions\cie_core_nominal__cie_core_n008_f008_m000_proc100__hem__solverseed_3__trainseed_1__trainseed_1.sol,,,,D:\git\git\RDMCT-A3C\cie\models\hem\seed_1\itr_60.pkl,13,False,greedy,
cie_core_nominal,dual_source_cluster_tool,8_to_32_wafers_nominal_processing,test,600.0,[],D:\git\git\RDMCT-A3C\cie\data\core\pure41\cie_core_n008_f008_m000_proc100.lp,pure41\cie_core_n008_f008_m000_proc100.lp,cie_core_n008_f008_m000_proc100.lp,rdmct_feature_only,3,1,trainseed_1,auto,2026-07-22T19:15:40,optimal,0.0,0.06761330000000498,1,0.023039900000014768,0.004998922348022461,0.0,0.016002178192138672,0.0,1,0,1,0.0,0.0,610.0,424.0,58.0,0.0,0.0,1,True,D:\git\git\RDMCT-A3C\cie\results\main\cie_main_600s_compact_final_v1\seed3\solutions\cie_core_nominal__cie_core_n008_f008_m000_proc100__rdmct_feature_only__solverseed_3__trainseed_1__trainseed_1.sol,,,,D:\git\git\RDMCT-A3C\cie\models\feature_only\seed_1\itr_60.pkl,23,False,greedy,
cie_core_nominal,dual_source_cluster_tool,8_to_32_wafers_nominal_processing,test,600.0,[],D:\git\git\RDMCT-A3C\cie\data\core\pure41\cie_core_n008_f008_m000_proc100.lp,pure41\cie_core_n008_f008_m000_proc100.lp,cie_core_n008_f008_m000_proc100.lp,hem_beam,3,1,trainseed_1,auto,2026-07-22T19:15:40,optimal,0.0,0.16141659999999547,1,0.11702489999998988,0.0026197433471679688,0.0,0.11302375793457031,0.0,1,0,1,0.0,0.0,610.0,424.0,58.0,0.0,0.0,1,True,D:\git\git\RDMCT-A3C\cie\results\main\cie_main_600s_compact_final_v1\seed3\solutions\cie_core_nominal__cie_core_n008_f008_m000_proc100__hem_beam__solverseed_3__trainseed_1__trainseed_1.sol,,,,D:\git\git\RDMCT-A3C\cie\models\hem\seed_1\itr_60.pkl,13,False,beam_search,
cie_core_nominal,dual_source_cluster_tool,8_to_32_wafers_nominal_processing,test,600.0,[],D:\git\git\RDMCT-A3C\cie\data\core\pure41\cie_core_n008_f008_m000_proc100.lp,pure41\cie_core_n008_f008_m000_proc100.lp,cie_core_n008_f008_m000_proc100.lp,hem_structure,3,1,trainseed_1,auto,2026-07-22T19:15:40,optimal,0.0,0.07828280000001087,1,0.03407070000002932,0.006958484649658203,0.0,0.022973060607910156,0.0,1,0,1,0.0,0.0,610.0,424.0,58.0,0.0,0.0,1,True,D:\git\git\RDMCT-A3C\cie\results\main\cie_main_600s_compact_final_v1\seed3\solutions\cie_core_nominal__cie_core_n008_f008_m000_proc100__hem_structure__solverseed_3__trainseed_1__trainseed_1.sol,,,,D:\git\git\RDMCT-A3C\cie\models\proposed\seed_1\itr_60.pkl,23,True,greedy,
cie_core_nominal,dual_source_cluster_tool,8_to_32_wafers_nominal_processing,test,600.0,[],D:\git\git\RDMCT-A3C\cie\data\core\pure41\cie_core_n008_f008_m000_proc100.lp,pure41\cie_core_n008_f008_m000_proc100.lp,cie_core_n008_f008_m000_proc100.lp,proposed,3,1,trainseed_1,auto,2026-07-22T19:15:40,optimal,0.0,0.09540519999995922,1,0.05145799999996825,0.005999088287353516,0.0,0.04224514961242676,0.0010006427764892578,1,0,1,0.0,0.0,610.0,424.0,58.0,0.0,0.0,1,True,D:\git\git\RDMCT-A3C\cie\results\main\cie_main_600s_compact_final_v1\seed3\solutions\cie_core_nominal__cie_core_n008_f008_m000_proc100__proposed__solverseed_3__trainseed_1__trainseed_1.sol,,,,D:\git\git\RDMCT-A3C\cie\models\proposed\seed_1\itr_60.pkl,23,True,beam_search,
cie_core_nominal,dual_source_cluster_tool,8_to_32_wafers_nominal_processing,test,600.0,[],D:\git\git\RDMCT-A3C\cie\data\core\pure41\cie_core_n016_f016_m000_proc100.lp,pure41\cie_core_n016_f016_m000_proc100.lp,cie_core_n016_f016_m000_proc100.lp,adaptive_cutsel,3,1,trainseed_1,auto,2026-07-22T19:15:40,optimal,0.0,0.2815287999999896,0,0.0,0.0,0.0,0.0,0.0,0,0,1,0.0,0.0,944.0,21105.0,10000.0,0.015197568389057751,0.0,3,True,D:\git\git\RDMCT-A3C\cie\results\main\cie_main_600s_compact_final_v1\seed3\solutions\cie_core_nominal__cie_core_n016_f016_m000_proc100__adaptive_cutsel__solverseed_3__trainseed_1__trainseed_1.sol,,"{""dircutoffdistweight"": 0.0, ""efficacyweight"": 0.75, ""intsupportweight"": 0.0, ""objparalweight"": 0.25}",global_default,,,False,,
cie_core_nominal,dual_source_cluster_tool,8_to_32_wafers_nominal_processing,test,600.0,[],D:\git\git\RDMCT-A3C\cie\data\core\pure41\cie_core_n016_f016_m000_proc100.lp,pure41\cie_core_n016_f016_m000_proc100.lp,cie_core_n016_f016_m000_proc100.lp,hem,3,1,trainseed_1,auto,2026-07-22T19:15:40,optimal,1.0,0.3004962999999634,1,0.03424960000000965,0.0039997100830078125,0.0,0.0279998779296875,0.0,1,0,1,0.0,100.0,944.0,21105.0,10000.0,0.015197568389057751,0.0,4,True,D:\git\git\RDMCT-A3C\cie\results\main\cie_main_600s_compact_final_v1\seed3\solutions\cie_core_nominal__cie_core_n016_f016_m000_proc100__hem__solverseed_3__trainseed_1__trainseed_1.sol,,,,D:\git\git\RDMCT-A3C\cie\models\hem\seed_1\itr_60.pkl,13,False,greedy,
cie_core_nominal,dual_source_cluster_tool,8_to_32_wafers_nominal_processing,test,600.0,[],D:\git\git\RDMCT-A3C\cie\data\core\pure41\cie_core_n016_f016_m000_proc100.lp,pure41\cie_core_n016_f016_m000_proc100.lp,cie_core_n016_f016_m000_proc100.lp,rdmct_feature_only,3,1,trainseed_1,auto,2026-07-22T19:15:41,optimal,0.0,0.3159483000000023,1,0.023722499999962565,0.007000446319580078,0.00099945068359375,0.012655019760131836,0.0,1,0,1,0.0,0.0,944.0,21182.0,10000.0,0.012121212121212121,0.0,3,True,D:\git\git\RDMCT-A3C\cie\results\main\cie_main_600s_compact_final_v1\seed3\solutions\cie_core_nominal__cie_core_n016_f016_m000_proc100__rdmct_feature_only__solverseed_3__trainseed_1__trainseed_1.sol,,,,D:\git\git\RDMCT-A3C\cie\models\feature_only\seed_1\itr_60.pkl,23,False,greedy,
cie_core_nominal,dual_source_cluster_tool,8_to_32_wafers_nominal_processing,test,600.0,[],D:\git\git\RDMCT-A3C\cie\data\core\pure41\cie_core_n016_f016_m000_proc100.lp,pure41\cie_core_n016_f016_m000_proc100.lp,cie_core_n016_f016_m000_proc100.lp,hem_beam,3,1,trainseed_1,auto,2026-07-22T19:15:41,optimal,0.0,0.31923929999999245,1,0.051890000000014425,0.004002809524536133,0.0,0.04489874839782715,0.0,1,0,1,0.0,0.0,944.0,21105.0,10000.0,0.015197568389057751,0.0,4,True,D:\git\git\RDMCT-A3C\cie\results\main\cie_main_600s_compact_final_v1\seed3\solutions\cie_core_nominal__cie_core_n016_f016_m000_proc100__hem_beam__solverseed_3__trainseed_1__trainseed_1.sol,,,,D:\git\git\RDMCT-A3C\cie\models\hem\seed_1\itr_60.pkl,13,False,beam_search,
cie_core_nominal,dual_source_cluster_tool,8_to_32_wafers_nominal_processing,test,600.0,[],D:\git\git\RDMCT-A3C\cie\data\core\pure41\cie_core_n016_f016_m000_proc100.lp,pure41\cie_core_n016_f016_m000_proc100.lp,cie_core_n016_f016_m000_proc100.lp,hem_structure,3,1,trainseed_1,auto,2026-07-22T19:15:41,optimal,1.0,0.3069127999999637,1,0.03258850000003122,0.008340120315551758,0.0,0.018697023391723633,0.0009992122650146484,1,0,1,0.0,100.0,944.0,21082.0,10000.0,0.012121212121212121,0.0,3,True,D:\git\git\RDMCT-A3C\cie\results\main\cie_main_600s_compact_final_v1\seed3\solutions\cie_core_nominal__cie_core_n016_f016_m000_proc100__hem_structure__solverseed_3__trainseed_1__trainseed_1.sol,,,,D:\git\git\RDMCT-A3C\cie\models\proposed\seed_1\itr_60.pkl,23,True,greedy,
cie_core_nominal,dual_source_cluster_tool,8_to_32_wafers_nominal_processing,test,600.0,[],D:\git\git\RDMCT-A3C\cie\data\core\pure41\cie_core_n016_f016_m000_proc100.lp,pure41\cie_core_n016_f016_m000_proc100.lp,cie_core_n016_f016_m000_proc100.lp,proposed,3,1,trainseed_1,auto,2026-07-22T19:15:42,optimal,0.0,0.32497269999998935,1,0.05538139999998748,0.008656978607177734,0.0,0.0447080135345459,0.0019998550415039062,1,0,1,0.0,0.0,944.0,21082.0,10000.0,0.012121212121212121,0.0,3,True,D:\git\git\RDMCT-A3C\cie\results\main\cie_main_600s_compact_final_v1\seed3\solutions\cie_core_nominal__cie_core_n016_f016_m000_proc100__proposed__solverseed_3__trainseed_1__trainseed_1.sol,,,,D:\git\git\RDMCT-A3C\cie\models\proposed\seed_1\itr_60.pkl,23,True,beam_search,
cie_core_nominal,dual_source_cluster_tool,8_to_32_wafers_nominal_processing,test,600.0,[],D:\git\git\RDMCT-A3C\cie\data\core\pure41\cie_core_n016_f016_m000_proc100.lp,pure41\cie_core_n016_f016_m000_proc100.lp,cie_core_n016_f016_m000_proc100.lp,scip_default,3,1,trainseed_1,auto,2026-07-22T19:15:42,optimal,0.0,0.2716421000000082,0,0.0,0.0,0.0,0.0,0.0,0,0,1,0.0,0.0,944.0,21219.52,10000.0,0.015197568389057751,0.0,3,True,D:\git\git\RDMCT-A3C\cie\results\main\cie_main_600s_compact_final_v1\seed3\solutions\cie_core_nominal__cie_core_n016_f016_m000_proc100__scip_default__solverseed_3__trainseed_1__trainseed_1.sol,,,,,,False,,
cie_core_nominal,dual_source_cluster_tool,8_to_32_wafers_nominal_processing,test,600.0,[],D:\git\git\RDMCT-A3C\cie\data\core\pure41\cie_core_n024_f024_m000_proc100.lp,pure41\cie_core_n024_f024_m000_proc100.lp,cie_core_n024_f024_m000_proc100.lp,hem,3,1,trainseed_1,auto,2026-07-22T19:15:42,optimal,3.0,3.1043045999999777,0,0.0,0.0,0.0,0.0,0.0,0,0,1,0.0,300.0,1268.0,40784.0,10000.0,0.0132622573320741,10.0,1,True,D:\git\git\RDMCT-A3C\cie\results\main\cie_main_600s_compact_final_v1\seed3\solutions\cie_core_nominal__cie_core_n024_f024_m000_proc100__hem__solverseed_3__trainseed_1__trainseed_1.sol,,,,D:\git\git\RDMCT-A3C\cie\models\hem\seed_1\itr_60.pkl,13,False,greedy,
cie_core_nominal,dual_source_cluster_tool,8_to_32_wafers_nominal_processing,test,600.0,[],D:\git\git\RDMCT-A3C\cie\data\core\pure41\cie_core_n024_f024_m000_proc100.lp,pure41\cie_core_n024_f024_m000_proc100.lp,cie_core_n024_f024_m000_proc100.lp,rdmct_feature_only,3,1,trainseed_1,auto,2026-07-22T19:15:45,optimal,3.0,3.022210599999994,0,0.0,0.0,0.0,0.0,0.0,0,0,1,0.0,300.0,1268.0,40784.0,10000.0,0.0132622573320741,10.0,1,True,D:\git\git\RDMCT-A3C\cie\results\main\cie_main_600s_compact_final_v1\seed3\solutions\cie_core_nominal__cie_core_n024_f024_m000_proc100__rdmct_feature_only__solverseed_3__trainseed_1__trainseed_1.sol,,,,D:\git\git\RDMCT-A3C\cie\models\feature_only\seed_1\itr_60.pkl,23,False,greedy,
cie_core_nominal,dual_source_cluster_tool,8_to_32_wafers_nominal_processing,test,600.0,[],D:\git\git\RDMCT-A3C\cie\data\core\pure41\cie_core_n024_f024_m000_proc100.lp,pure41\cie_core_n024_f024_m000_proc100.lp,cie_core_n024_f024_m000_proc100.lp,hem_beam,3,1,trainseed_1,auto,2026-07-22T19:15:48,optimal,4.0,3.2066897999999924,0,0.0,0.0,0.0,0.0,0.0,0,0,1,0.0,400.0,1268.0,40784.0,10000.0,0.0132622573320741,10.0,1,True,D:\git\git\RDMCT-A3C\cie\results\main\cie_main_600s_compact_final_v1\seed3\solutions\cie_core_nominal__cie_core_n024_f024_m000_proc100__hem_beam__solverseed_3__trainseed_1__trainseed_1.sol,,,,D:\git\git\RDMCT-A3C\cie\models\hem\seed_1\itr_60.pkl,13,False,beam_search,
cie_core_nominal,dual_source_cluster_tool,8_to_32_wafers_nominal_processing,test,600.0,[],D:\git\git\RDMCT-A3C\cie\data\core\pure41\cie_core_n024_f024_m000_proc100.lp,pure41\cie_core_n024_f024_m000_proc100.lp,cie_core_n024_f024_m000_proc100.lp,hem_structure,3,1,trainseed_1,auto,2026-07-22T19:15:52,optimal,3.0,3.420760400000006,0,0.0,0.0,0.0,0.0,0.0,0,0,1,0.0,300.0,1268.0,40784.0,10000.0,0.0132622573320741,10.0,1,True,D:\git\git\RDMCT-A3C\cie\results\main\cie_main_600s_compact_final_v1\seed3\solutions\cie_core_nominal__cie_core_n024_f024_m000_proc100__hem_structure__solverseed_3__trainseed_1__trainseed_1.sol,,,,D:\git\git\RDMCT-A3C\cie\models\proposed\seed_1\itr_60.pkl,23,True,greedy,
cie_core_nominal,dual_source_cluster_tool,8_to_32_wafers_nominal_processing,test,600.0,[],D:\git\git\RDMCT-A3C\cie\data\core\pure41\cie_core_n024_f024_m000_proc100.lp,pure41\cie_core_n024_f024_m000_proc100.lp,cie_core_n024_f024_m000_proc100.lp,proposed,3,1,trainseed_1,auto,2026-07-22T19:15:55,optimal,3.0,3.3186847999999713,0,0.0,0.0,0.0,0.0,0.0,0,0,1,0.0,300.0,1268.0,40784.0,10000.0,0.0132622573320741,10.0,1,True,D:\git\git\RDMCT-A3C\cie\results\main\cie_main_600s_compact_final_v1\seed3\solutions\cie_core_nominal__cie_core_n024_f024_m000_proc100__proposed__solverseed_3__trainseed_1__trainseed_1.sol,,,,D:\git\git\RDMCT-A3C\cie\models\proposed\seed_1\itr_60.pkl,23,True,beam_search,
cie_core_nominal,dual_source_cluster_tool,8_to_32_wafers_nominal_processing,test,600.0,[],D:\git\git\RDMCT-A3C\cie\data\core\pure41\cie_core_n024_f024_m000_proc100.lp,pure41\cie_core_n024_f024_m000_proc100.lp,cie_core_n024_f024_m000_proc100.lp,scip_default,3,1,trainseed_1,auto,2026-07-22T19:15:58,optimal,4.0,3.410940499999981,0,0.0,0.0,0.0,0.0,0.0,0,0,1,0.0,400.0,1268.0,40784.0,10000.0,0.0132622573320741,10.0,1,True,D:\git\git\RDMCT-A3C\cie\results\main\cie_main_600s_compact_final_v1\seed3\solutions\cie_core_nominal__cie_core_n024_f024_m000_proc100__scip_default__solverseed_3__trainseed_1__trainseed_1.sol,,,,,,False,,
cie_core_nominal,dual_source_cluster_tool,8_to_32_wafers_nominal_processing,test,600.0,[],D:\git\git\RDMCT-A3C\cie\data\core\pure41\cie_core_n024_f024_m000_proc100.lp,pure41\cie_core_n024_f024_m000_proc100.lp,cie_core_n024_f024_m000_proc100.lp,adaptive_cutsel,3,1,trainseed_1,auto,2026-07-22T19:16:02,optimal,3.0,3.36999000000003,0,0.0,0.0,0.0,0.0,0.0,0,0,1,0.0,300.0,1268.0,40784.0,10000.0,0.0132622573320741,10.0,1,True,D:\git\git\RDMCT-A3C\cie\results\main\cie_main_600s_compact_final_v1\seed3\solutions\cie_core_nominal__cie_core_n024_f024_m000_proc100__adaptive_cutsel__solverseed_3__trainseed_1__trainseed_1.sol,,"{""dircutoffdistweight"": 0.0, ""efficacyweight"": 0.75, ""intsupportweight"": 0.0, ""objparalweight"": 0.25}",global_default,,,False,,
cie_core_nominal,dual_source_cluster_tool,8_to_32_wafers_nominal_processing,test,600.0,[],D:\git\git\RDMCT-A3C\cie\data\core\pure41\cie_core_n032_f032_m000_proc100.lp,pure41\cie_core_n032_f032_m000_proc100.lp,cie_core_n032_f032_m000_proc100.lp,rdmct_feature_only,3,1,trainseed_1,auto,2026-07-22T19:16:05,optimal,12.0,11.525139000000024,1,0.044406100000003335,0.01864004135131836,0.0009999275207519531,0.020911455154418945,0.0,1,0,1,0.0,1184.46,1592.0,59445.0,10000.0,0.011443541338279375,10.0,2,True,D:\git\git\RDMCT-A3C\cie\results\main\cie_main_600s_compact_final_v1\seed3\solutions\cie_core_nominal__cie_core_n032_f032_m000_proc100__rdmct_feature_only__solverseed_3__trainseed_1__trainseed_1.sol,,,,D:\git\git\RDMCT-A3C\cie\models\feature_only\seed_1\itr_60.pkl,23,False,greedy,
cie_core_nominal,dual_source_cluster_tool,8_to_32_wafers_nominal_processing,test,600.0,[],D:\git\git\RDMCT-A3C\cie\data\core\pure41\cie_core_n032_f032_m000_proc100.lp,pure41\cie_core_n032_f032_m000_proc100.lp,cie_core_n032_f032_m000_proc100.lp,hem_beam,3,1,trainseed_1,auto,2026-07-22T19:16:17,optimal,12.0,12.075485200000003,1,0.11185699999998633,0.025015830993652344,0.0,0.04381561279296875,0.0,1,0,1,0.0,1184.46,1592.0,59445.0,10000.0,0.011443541338279375,10.0,2,True,D:\git\git\RDMCT-A3C\cie\results\main\cie_main_600s_compact_final_v1\seed3\solutions\cie_core_nominal__cie_core_n032_f032_m000_proc100__hem_beam__solverseed_3__trainseed_1__trainseed_1.sol,,,,D:\git\git\RDMCT-A3C\cie\models\hem\seed_1\itr_60.pkl,13,False,beam_search,
cie_core_nominal,dual_source_cluster_tool,8_to_32_wafers_nominal_processing,test,600.0,[],D:\git\git\RDMCT-A3C\cie\data\core\pure41\cie_core_n032_f032_m000_proc100.lp,pure41\cie_core_n032_f032_m000_proc100.lp,cie_core_n032_f032_m000_proc100.lp,hem_structure,3,1,trainseed_1,auto,2026-07-22T19:16:29,optimal,11.0,11.256641899999977,1,0.06411029999998163,0.025574445724487305,0.0,0.03313875198364258,0.0,1,0,1,0.0,1100.0,1592.0,59419.0,10000.0,0.0,0.0,2,True,D:\git\git\RDMCT-A3C\cie\results\main\cie_main_600s_compact_final_v1\seed3\solutions\cie_core_nominal__cie_core_n032_f032_m000_proc100__hem_structure__solverseed_3__trainseed_1__trainseed_1.sol,,,,D:\git\git\RDMCT-A3C\cie\models\proposed\seed_1\itr_60.pkl,23,True,greedy,
cie_core_nominal,dual_source_cluster_tool,8_to_32_wafers_nominal_processing,test,600.0,[],D:\git\git\RDMCT-A3C\cie\data\core\pure41\cie_core_n032_f032_m000_proc100.lp,pure41\cie_core_n032_f032_m000_proc100.lp,cie_core_n032_f032_m000_proc100.lp,proposed,3,1,trainseed_1,auto,2026-07-22T19:16:40,optimal,11.0,10.72465010000002,1,0.0627643000000262,0.01833653450012207,0.0010352134704589844,0.03815007209777832,0.002000570297241211,1,0,1,0.0,1084.46,1592.0,59419.0,10000.0,0.0,0.0,2,True,D:\git\git\RDMCT-A3C\cie\results\main\cie_main_600s_compact_final_v1\seed3\solutions\cie_core_nominal__cie_core_n032_f032_m000_proc100__proposed__solverseed_3__trainseed_1__trainseed_1.sol,,,,D:\git\git\RDMCT-A3C\cie\models\proposed\seed_1\itr_60.pkl,23,True,beam_search,
cie_core_nominal,dual_source_cluster_tool,8_to_32_wafers_nominal_processing,test,600.0,[],D:\git\git\RDMCT-A3C\cie\data\core\pure41\cie_core_n032_f032_m000_proc100.lp,pure41\cie_core_n032_f032_m000_proc100.lp,cie_core_n032_f032_m000_proc100.lp,scip_default,3,1,trainseed_1,auto,2026-07-22T19:16:51,optimal,10.0,10.01321519999999,0,0.0,0.0,0.0,0.0,0.0,0,0,1,0.0,1000.0,1592.0,59485.0,10000.0,0.011443541338279375,10.0,2,True,D:\git\git\RDMCT-A3C\cie\results\main\cie_main_600s_compact_final_v1\seed3\solutions\cie_core_nominal__cie_core_n032_f032_m000_proc100__scip_default__solverseed_3__trainseed_1__trainseed_1.sol,,,,,,False,,
cie_core_nominal,dual_source_cluster_tool,8_to_32_wafers_nominal_processing,test,600.0,[],D:\git\git\RDMCT-A3C\cie\data\core\pure41\cie_core_n032_f032_m000_proc100.lp,pure41\cie_core_n032_f032_m000_proc100.lp,cie_core_n032_f032_m000_proc100.lp,adaptive_cutsel,3,1,trainseed_1,auto,2026-07-22T19:17:01,optimal,10.0,10.43331360000002,0,0.0,0.0,0.0,0.0,0.0,0,0,1,0.0,1000.0,1592.0,59485.0,10000.0,0.011443541338279375,10.0,2,True,D:\git\git\RDMCT-A3C\cie\results\main\cie_main_600s_compact_final_v1\seed3\solutions\cie_core_nominal__cie_core_n032_f032_m000_proc100__adaptive_cutsel__solverseed_3__trainseed_1__trainseed_1.sol,,"{""dircutoffdistweight"": 0.0, ""efficacyweight"": 0.75, ""intsupportweight"": 0.0, ""objparalweight"": 0.25}",global_default,,,False,,
cie_core_nominal,dual_source_cluster_tool,8_to_32_wafers_nominal_processing,test,600.0,[],D:\git\git\RDMCT-A3C\cie\data\core\pure41\cie_core_n032_f032_m000_proc100.lp,pure41\cie_core_n032_f032_m000_proc100.lp,cie_core_n032_f032_m000_proc100.lp,hem,3,1,trainseed_1,auto,2026-07-22T19:17:11,optimal,10.0,10.048337299999957,1,0.03602559999995947,0.026033401489257812,0.0,0.007398128509521484,0.0,1,0,1,0.0,1000.0,1592.0,59445.0,10000.0,0.011443541338279375,10.0,2,True,D:\git\git\RDMCT-A3C\cie\results\main\cie_main_600s_compact_final_v1\seed3\solutions\cie_core_nominal__cie_core_n032_f032_m000_proc100__hem__solverseed_3__trainseed_1__trainseed_1.sol,,,,D:\git\git\RDMCT-A3C\cie\models\hem\seed_1\itr_60.pkl,13,False,greedy,
cie_core_nominal,dual_source_cluster_tool,8_to_32_wafers_nominal_processing,test,600.0,[],D:\git\git\RDMCT-A3C\cie\data\core\spbs\cie_core_n008_f000_m008_proc100.lp,spbs\cie_core_n008_f000_m008_proc100.lp,cie_core_n008_f000_m008_proc100.lp,hem_beam,3,1,trainseed_1,auto,2026-07-22T19:17:21,optimal,1.0,0.3980526999999938,1,0.04490529999998216,0.004008054733276367,0.0010001659393310547,0.03776431083679199,0.0,1,0,795,0.0,44.50867052023121,768.0,60148.0,10000.0,0.0,0.0,4,True,D:\git\git\RDMCT-A3C\cie\results\main\cie_main_600s_compact_final_v1\seed3\solutions\cie_core_nominal__cie_core_n008_f000_m008_proc100__hem_beam__solverseed_3__trainseed_1__trainseed_1.sol,,,,D:\git\git\RDMCT-A3C\cie\models\hem\seed_1\itr_60.pkl,13,False,beam_search,
cie_core_nominal,dual_source_cluster_tool,8_to_32_wafers_nominal_processing,test,600.0,[],D:\git\git\RDMCT-A3C\cie\data\core\spbs\cie_core_n008_f000_m008_proc100.lp,spbs\cie_core_n008_f000_m008_proc100.lp,cie_core_n008_f000_m008_proc100.lp,hem_structure,3,1,trainseed_1,auto,2026-07-22T19:17:22,optimal,0.0,0.5354757000000063,1,0.023983799999996336,0.009000301361083984,0.00323486328125,0.0,0.0,1,0,1424,0.0,0.0,768.0,60284.0,10000.0,0.0,0.0,6,True,D:\git\git\RDMCT-A3C\cie\results\main\cie_main_600s_compact_final_v1\seed3\solutions\cie_core_nominal__cie_core_n008_f000_m008_proc100__hem_structure__solverseed_3__trainseed_1__trainseed_1.sol,,,,D:\git\git\RDMCT-A3C\cie\models\proposed\seed_1\itr_60.pkl,23,True,greedy,
cie_core_nominal,dual_source_cluster_tool,8_to_32_wafers_nominal_processing,test,600.0,[],D:\git\git\RDMCT-A3C\cie\data\core\spbs\cie_core_n008_f000_m008_proc100.lp,spbs\cie_core_n008_f000_m008_proc100.lp,cie_core_n008_f000_m008_proc100.lp,proposed,3,1,trainseed_1,auto,2026-07-22T19:17:22,optimal,1.0,0.5380035000000021,1,0.029050999999981286,0.009151220321655273,0.0,0.0,0.002457141876220703,1,0,1424,0.0,18.64406779661017,768.0,60284.0,10000.0,0.0,0.0,6,True,D:\git\git\RDMCT-A3C\cie\results\main\cie_main_600s_compact_final_v1\seed3\solutions\cie_core_nominal__cie_core_n008_f000_m008_proc100__proposed__solverseed_3__trainseed_1__trainseed_1.sol,,,,D:\git\git\RDMCT-A3C\cie\models\proposed\seed_1\itr_60.pkl,23,True,beam_search,
cie_core_nominal,dual_source_cluster_tool,8_to_32_wafers_nominal_processing,test,600.0,[],D:\git\git\RDMCT-A3C\cie\data\core\spbs\cie_core_n008_f000_m008_proc100.lp,spbs\cie_core_n008_f000_m008_proc100.lp,cie_core_n008_f000_m008_proc100.lp,scip_default,3,1,trainseed_1,auto,2026-07-22T19:17:23,optimal,0.0,0.17206669999995938,0,0.0,0.0,0.0,0.0,0.0,0,0,165,0.0,0.0,768.0,60112.0,10000.0,0.0,0.0,2,True,D:\git\git\RDMCT-A3C\cie\results\main\cie_main_600s_compact_final_v1\seed3\solutions\cie_core_nominal__cie_core_n008_f000_m008_proc100__scip_default__solverseed_3__trainseed_1__trainseed_1.sol,,,,,,False,,
cie_core_nominal,dual_source_cluster_tool,8_to_32_wafers_nominal_processing,test,600.0,[],D:\git\git\RDMCT-A3C\cie\data\core\spbs\cie_core_n008_f000_m008_proc100.lp,spbs\cie_core_n008_f000_m008_proc100.lp,cie_core_n008_f000_m008_proc100.lp,adaptive_cutsel,3,1,trainseed_1,auto,2026-07-22T19:17:23,optimal,0.0,0.16612760000003846,0,0.0,0.0,0.0,0.0,0.0,0,0,165,0.0,0.0,768.0,60112.0,10000.0,0.0,0.0,2,True,D:\git\git\RDMCT-A3C\cie\results\main\cie_main_600s_compact_final_v1\seed3\solutions\cie_core_nominal__cie_core_n008_f000_m008_proc100__adaptive_cutsel__solverseed_3__trainseed_1__trainseed_1.sol,,"{""dircutoffdistweight"": 0.0, ""efficacyweight"": 0.75, ""intsupportweight"": 0.0, ""objparalweight"": 0.25}",global_default,,,False,,
cie_core_nominal,dual_source_cluster_tool,8_to_32_wafers_nominal_processing,test,600.0,[],D:\git\git\RDMCT-A3C\cie\data\core\spbs\cie_core_n008_f000_m008_proc100.lp,spbs\cie_core_n008_f000_m008_proc100.lp,cie_core_n008_f000_m008_proc100.lp,hem,3,1,trainseed_1,auto,2026-07-22T19:17:23,optimal,0.0,0.3853962000000024,1,0.025821099999973285,0.0050013065338134766,0.0,0.005411386489868164,0.0,1,0,795,0.0,0.0,768.0,60148.0,10000.0,0.0,0.0,4,True,D:\git\git\RDMCT-A3C\cie\results\main\cie_main_600s_compact_final_v1\seed3\solutions\cie_core_nominal__cie_core_n008_f000_m008_proc100__hem__solverseed_3__trainseed_1__trainseed_1.sol,,,,D:\git\git\RDMCT-A3C\cie\models\hem\seed_1\itr_60.pkl,13,False,greedy,
cie_core_nominal,dual_source_cluster_tool,8_to_32_wafers_nominal_processing,test,600.0,[],D:\git\git\RDMCT-A3C\cie\data\core\spbs\cie_core_n008_f000_m008_proc100.lp,spbs\cie_core_n008_f000_m008_proc100.lp,cie_core_n008_f000_m008_proc100.lp,rdmct_feature_only,3,1,trainseed_1,auto,2026-07-22T19:17:23,optimal,1.0,0.4824368000000163,1,0.030939699999976256,0.019997835159301758,0.0010004043579101562,0.012160778045654297,0.0,1,0,1068,0.0,45.664739884393065,768.0,60132.0,10000.0,0.0,0.0,4,True,D:\git\git\RDMCT-A3C\cie\results\main\cie_main_600s_compact_final_v1\seed3\solutions\cie_core_nominal__cie_core_n008_f000_m008_proc100__rdmct_feature_only__solverseed_3__trainseed_1__trainseed_1.sol,,,,D:\git\git\RDMCT-A3C\cie\models\feature_only\seed_1\itr_60.pkl,23,False,greedy,
cie_core_nominal,dual_source_cluster_tool,8_to_32_wafers_nominal_processing,test,600.0,[],D:\git\git\RDMCT-A3C\cie\data\core\spbs\cie_core_n008_f002_m006_proc100.lp,spbs\cie_core_n008_f002_m006_proc100.lp,cie_core_n008_f002_m006_proc100.lp,hem_structure,3,1,trainseed_1,auto,2026-07-22T19:17:24,optimal,0.0,0.33142540000000054,1,0.027530699999999797,0.0004642009735107422,0.0,0.022515058517456055,0.003000497817993164,1,0,452,0.0,0.0,900.0,60432.0,10000.0,0.0,0.0,2,True,D:\git\git\RDMCT-A3C\cie\results\main\cie_main_600s_compact_final_v1\seed3\solutions\cie_core_nominal__cie_core_n008_f002_m006_proc100__hem_structure__solverseed_3__trainseed_1__trainseed_1.sol,,,,D:\git\git\RDMCT-A3C\cie\models\proposed\seed_1\itr_60.pkl,23,True,greedy,
cie_core_nominal,dual_source_cluster_tool,8_to_32_wafers_nominal_processing,test,600.0,[],D:\git\git\RDMCT-A3C\cie\data\core\spbs\cie_core_n008_f002_m006_proc100.lp,spbs\cie_core_n008_f002_m006_proc100.lp,cie_core_n008_f002_m006_proc100.lp,proposed,3,1,trainseed_1,auto,2026-07-22T19:17:24,optimal,1.0,0.3420979000000557,1,0.03872400000000198,0.009000062942504883,0.00099945068359375,0.013380289077758789,0.013833761215209961,1,0,452,0.0,36.07954545454545,900.0,60432.0,10000.0,0.0,0.0,2,True,D:\git\git\RDMCT-A3C\cie\results\main\cie_main_600s_compact_final_v1\seed3\solutions\cie_core_nominal__cie_core_n008_f002_m006_proc100__proposed__solverseed_3__trainseed_1__trainseed_1.sol,,,,D:\git\git\RDMCT-A3C\cie\models\proposed\seed_1\itr_60.pkl,23,True,beam_search,
cie_core_nominal,dual_source_cluster_tool,8_to_32_wafers_nominal_processing,test,600.0,[],D:\git\git\RDMCT-A3C\cie\data\core\spbs\cie_core_n008_f002_m006_proc100.lp,spbs\cie_core_n008_f002_m006_proc100.lp,cie_core_n008_f002_m006_proc100.lp,scip_default,3,1,trainseed_1,auto,2026-07-22T19:17:25,optimal,0.0,0.4538102000000208,0,0.0,0.0,0.0,0.0,0.0,0,0,1196,0.0,0.0,900.0,60648.0,10000.0,0.0,0.0,2,True,D:\git\git\RDMCT-A3C\cie\results\main\cie_main_600s_compact_final_v1\seed3\solutions\cie_core_nominal__cie_core_n008_f002_m006_proc100__scip_default__solverseed_3__trainseed_1__trainseed_1.sol,,,,,,False,,
cie_core_nominal,dual_source_cluster_tool,8_to_32_wafers_nominal_processing,test,600.0,[],D:\git\git\RDMCT-A3C\cie\data\core\spbs\cie_core_n008_f002_m006_proc100.lp,spbs\cie_core_n008_f002_m006_proc100.lp,cie_core_n008_f002_m006_proc100.lp,adaptive_cutsel,3,1,trainseed_1,auto,2026-07-22T19:17:25,optimal,0.0,0.46797509999998965,0,0.0,0.0,0.0,0.0,0.0,0,0,1196,0.0,0.0,900.0,60648.0,10000.0,0.0,0.0,2,True,D:\git\git\RDMCT-A3C\cie\results\main\cie_main_600s_compact_final_v1\seed3\solutions\cie_core_nominal__cie_core_n008_f002_m006_proc100__adaptive_cutsel__solverseed_3__trainseed_1__trainseed_1.sol,,"{""dircutoffdistweight"": 0.0, ""efficacyweight"": 0.75, ""intsupportweight"": 0.0, ""objparalweight"": 0.25}",global_default,,,False,,
cie_core_nominal,dual_source_cluster_tool,8_to_32_wafers_nominal_processing,test,600.0,[],D:\git\git\RDMCT-A3C\cie\data\core\spbs\cie_core_n008_f002_m006_proc100.lp,spbs\cie_core_n008_f002_m006_proc100.lp,cie_core_n008_f002_m006_proc100.lp,hem,3,1,trainseed_1,auto,2026-07-22T19:17:26,optimal,0.0,0.34510790000001634,1,0.0289197000000172,0.0061321258544921875,0.0,0.020113706588745117,0.0,1,0,503,0.0,0.0,900.0,60954.0,10000.0,0.0,0.0,5,True,D:\git\git\RDMCT-A3C\cie\results\main\cie_main_600s_compact_final_v1\seed3\solutions\cie_core_nominal__cie_core_n008_f002_m006_proc100__hem__solverseed_3__trainseed_1__trainseed_1.sol,,,,D:\git\git\RDMCT-A3C\cie\models\hem\seed_1\itr_60.pkl,13,False,greedy,
cie_core_nominal,dual_source_cluster_tool,8_to_32_wafers_nominal_processing,test,600.0,[],D:\git\git\RDMCT-A3C\cie\data\core\spbs\cie_core_n008_f002_m006_proc100.lp,spbs\cie_core_n008_f002_m006_proc100.lp,cie_core_n008_f002_m006_proc100.lp,rdmct_feature_only,3,1,trainseed_1,auto,2026-07-22T19:17:26,optimal,0.0,0.45449990000003027,1,0.030539799999985462,0.019309520721435547,0.0,0.014639139175415039,0.0,1,0,962,0.0,0.0,900.0,60944.0,10000.0,0.0,0.0,2,True,D:\git\git\RDMCT-A3C\cie\results\main\cie_main_600s_compact_final_v1\seed3\solutions\cie_core_nominal__cie_core_n008_f002_m006_proc100__rdmct_feature_only__solverseed_3__trainseed_1__trainseed_1.sol,,,,D:\git\git\RDMCT-A3C\cie\models\feature_only\seed_1\itr_60.pkl,23,False,greedy,
cie_core_nominal,dual_source_cluster_tool,8_to_32_wafers_nominal_processing,test,600.0,[],D:\git\git\RDMCT-A3C\cie\data\core\spbs\cie_core_n008_f002_m006_proc100.lp,spbs\cie_core_n008_f002_m006_proc100.lp,cie_core_n008_f002_m006_proc100.lp,hem_beam,3,1,trainseed_1,auto,2026-07-22T19:17:26,optimal,1.0,0.3626886000000127,1,0.044238000000007105,0.0012760162353515625,0.0,0.03349018096923828,0.0,1,0,503,0.0,36.64772727272727,900.0,60954.0,10000.0,0.0,0.0,5,True,D:\git\git\RDMCT-A3C\cie\results\main\cie_main_600s_compact_final_v1\seed3\solutions\cie_core_nominal__cie_core_n008_f002_m006_proc100__hem_beam__solverseed_3__trainseed_1__trainseed_1.sol,,,,D:\git\git\RDMCT-A3C\cie\models\hem\seed_1\itr_60.pkl,13,False,beam_search,
cie_core_nominal,dual_source_cluster_tool,8_to_32_wafers_nominal_processing,test,600.0,[],D:\git\git\RDMCT-A3C\cie\data\core\spbs\cie_core_n008_f004_m004_proc100.lp,spbs\cie_core_n008_f004_m004_proc100.lp,cie_core_n008_f004_m004_proc100.lp,proposed,3,1,trainseed_1,auto,2026-07-22T19:17:27,optimal,0.0,0.7334288000000129,1,0.03666839999999638,0.008660078048706055,0.0010037422180175781,0.023763179779052734,0.0019989013671875,1,0,2180,0.0,0.0,834.0,50526.0,10000.0,0.0,0.0,2,True,D:\git\git\RDMCT-A3C\cie\results\main\cie_main_600s_compact_final_v1\seed3\solutions\cie_core_nominal__cie_core_n008_f004_m004_proc100__proposed__solverseed_3__trainseed_1__trainseed_1.sol,,,,D:\git\git\RDMCT-A3C\cie\models\proposed\seed_1\itr_60.pkl,23,True,beam_search,
cie_core_nominal,dual_source_cluster_tool,8_to_32_wafers_nominal_processing,test,600.0,[],D:\git\git\RDMCT-A3C\cie\data\core\spbs\cie_core_n008_f004_m004_proc100.lp,spbs\cie_core_n008_f004_m004_proc100.lp,cie_core_n008_f004_m004_proc100.lp,scip_default,3,1,trainseed_1,auto,2026-07-22T19:17:27,optimal,1.0,0.2723573000000101,0,0.0,0.0,0.0,0.0,0.0,0,0,381,0.0,39.81964215003642,833.9999999999945,50665.99999999997,10000.0,0.19650655021833424,0.0,5,True,D:\git\git\RDMCT-A3C\cie\results\main\cie_main_600s_compact_final_v1\seed3\solutions\cie_core_nominal__cie_core_n008_f004_m004_proc100__scip_default__solverseed_3__trainseed_1__trainseed_1.sol,,,,,,False,,
cie_core_nominal,dual_source_cluster_tool,8_to_32_wafers_nominal_processing,test,600.0,[],D:\git\git\RDMCT-A3C\cie\data\core\spbs\cie_core_n008_f004_m004_proc100.lp,spbs\cie_core_n008_f004_m004_proc100.lp,cie_core_n008_f004_m004_proc100.lp,adaptive_cutsel,3,1,trainseed_1,auto,2026-07-22T19:17:28,optimal,0.0,0.287577199999987,0,0.0,0.0,0.0,0.0,0.0,0,0,603,0.0,0.0,834.0,50526.0,10000.0,0.0,0.0,2,True,D:\git\git\RDMCT-A3C\cie\results\main\cie_main_600s_compact_final_v1\seed3\solutions\cie_core_nominal__cie_core_n008_f004_m004_proc100__adaptive_cutsel__solverseed_3__trainseed_1__trainseed_1.sol,,"{""dircutoffdistweight"": 0.0, ""efficacyweight"": 0.75, ""intsupportweight"": 0.0, ""objparalweight"": 0.25}",global_default,,,False,,
cie_core_nominal,dual_source_cluster_tool,8_to_32_wafers_nominal_processing,test,600.0,[],D:\git\git\RDMCT-A3C\cie\data\core\spbs\cie_core_n008_f004_m004_proc100.lp,spbs\cie_core_n008_f004_m004_proc100.lp,cie_core_n008_f004_m004_proc100.lp,hem,3,1,trainseed_1,auto,2026-07-22T19:17:28,optimal,0.0,0.26285649999999805,1,0.037894999999991796,0.004191160202026367,0.0017406940460205078,0.029648542404174805,0.0,1,0,277,0.0,0.0,833.9999999999945,50535.99999999997,10000.0,0.23966942148759474,0.0,5,True,D:\git\git\RDMCT-A3C\cie\results\main\cie_main_600s_compact_final_v1\seed3\solutions\cie_core_nominal__cie_core_n008_f004_m004_proc100__hem__solverseed_3__trainseed_1__trainseed_1.sol,,,,D:\git\git\RDMCT-A3C\cie\models\hem\seed_1\itr_60.pkl,13,False,greedy,
cie_core_nominal,dual_source_cluster_tool,8_to_32_wafers_nominal_processing,test,600.0,[],D:\git\git\RDMCT-A3C\cie\data\core\spbs\cie_core_n008_f004_m004_proc100.lp,spbs\cie_core_n008_f004_m004_proc100.lp,cie_core_n008_f004_m004_proc100.lp,rdmct_feature_only,3,1,trainseed_1,auto,2026-07-22T19:17:28,optimal,1.0,0.2856426999999826,1,0.031451899999979105,0.009000301361083984,0.0,0.02133798599243164,0.0,1,0,434,0.0,39.81964215003642,834.0,50708.0,10000.0,0.0,0.0,2,True,D:\git\git\RDMCT-A3C\cie\results\main\cie_main_600s_compact_final_v1\seed3\solutions\cie_core_nominal__cie_core_n008_f004_m004_proc100__rdmct_feature_only__solverseed_3__trainseed_1__trainseed_1.sol,,,,D:\git\git\RDMCT-A3C\cie\models\feature_only\seed_1\itr_60.pkl,23,False,greedy,
cie_core_nominal,dual_source_cluster_tool,8_to_32_wafers_nominal_processing,test,600.0,[],D:\git\git\RDMCT-A3C\cie\data\core\spbs\cie_core_n008_f004_m004_proc100.lp,spbs\cie_core_n008_f004_m004_proc100.lp,cie_core_n008_f004_m004_proc100.lp,hem_beam,3,1,trainseed_1,auto,2026-07-22T19:17:29,optimal,0.0,0.27365080000004127,1,0.044373399999983576,0.00522160530090332,0.0,0.02301931381225586,0.0,1,0,277,0.0,0.0,833.9999999999945,50535.99999999997,10000.0,0.23966942148759474,0.0,5,True,D:\git\git\RDMCT-A3C\cie\results\main\cie_main_600s_compact_final_v1\seed3\solutions\cie_core_nominal__cie_core_n008_f004_m004_proc100__hem_beam__solverseed_3__trainseed_1__trainseed_1.sol,,,,D:\git\git\RDMCT-A3C\cie\models\hem\seed_1\itr_60.pkl,13,False,beam_search,
cie_core_nominal,dual_source_cluster_tool,8_to_32_wafers_nominal_processing,test,600.0,[],D:\git\git\RDMCT-A3C\cie\data\core\spbs\cie_core_n008_f004_m004_proc100.lp,spbs\cie_core_n008_f004_m004_proc100.lp,cie_core_n008_f004_m004_proc100.lp,hem_structure,3,1,trainseed_1,auto,2026-07-22T19:17:29,optimal,0.0,0.688565399999959,1,0.02596219999998084,0.02269721031188965,0.0,0.012000560760498047,0.0008223056793212891,1,0,2180,0.0,0.0,834.0,50526.0,10000.0,0.0,0.0,2,True,D:\git\git\RDMCT-A3C\cie\results\main\cie_main_600s_compact_final_v1\seed3\solutions\cie_core_nominal__cie_core_n008_f004_m004_proc100__hem_structure__solverseed_3__trainseed_1__trainseed_1.sol,,,,D:\git\git\RDMCT-A3C\cie\models\proposed\seed_1\itr_60.pkl,23,True,greedy,
cie_core_nominal,dual_source_cluster_tool,8_to_32_wafers_nominal_processing,test,600.0,[],D:\git\git\RDMCT-A3C\cie\data\core\spbs\cie_core_n008_f006_m002_proc100.lp,spbs\cie_core_n008_f006_m002_proc100.lp,cie_core_n008_f006_m002_proc100.lp,scip_default,3,1,trainseed_1,auto,2026-07-22T19:17:29,optimal,0.0,0.203301300000021,0,0.0,0.0,0.0,0.0,0.0,0,0,257,0.0,0.0,834.0,30972.0,10000.0,0.0,0.0,8,True,D:\git\git\RDMCT-A3C\cie\results\main\cie_main_600s_compact_final_v1\seed3\solutions\cie_core_nominal__cie_core_n008_f006_m002_proc100__scip_default__solverseed_3__trainseed_1__trainseed_1.sol,,,,,,False,,
cie_core_nominal,dual_source_cluster_tool,8_to_32_wafers_nominal_processing,test,600.0,[],D:\git\git\RDMCT-A3C\cie\data\core\spbs\cie_core_n008_f006_m002_proc100.lp,spbs\cie_core_n008_f006_m002_proc100.lp,cie_core_n008_f006_m002_proc100.lp,adaptive_cutsel,3,1,trainseed_1,auto,2026-07-22T19:17:30,optimal,0.0,0.2032073999999966,0,0.0,0.0,0.0,0.0,0.0,0,0,257,0.0,0.0,834.0,30972.0,10000.0,0.0,0.0,8,True,D:\git\git\RDMCT-A3C\cie\results\main\cie_main_600s_compact_final_v1\seed3\solutions\cie_core_nominal__cie_core_n008_f006_m002_proc100__adaptive_cutsel__solverseed_3__trainseed_1__trainseed_1.sol,,"{""dircutoffdistweight"": 0.0, ""efficacyweight"": 0.75, ""intsupportweight"": 0.0, ""objparalweight"": 0.25}",global_default,,,False,,
cie_core_nominal,dual_source_cluster_tool,8_to_32_wafers_nominal_processing,test,600.0,[],D:\git\git\RDMCT-A3C\cie\data\core\spbs\cie_core_n008_f006_m002_proc100.lp,spbs\cie_core_n008_f006_m002_proc100.lp,cie_core_n008_f006_m002_proc100.lp,hem,3,1,trainseed_1,auto,2026-07-22T19:17:30,optimal,0.0,0.2627760999999964,1,0.026551400000016656,0.00551605224609375,0.0,0.019762754440307617,0.0,1,0,476,0.0,0.0,834.0,30488.0,10000.0,0.0,0.0,6,True,D:\git\git\RDMCT-A3C\cie\results\main\cie_main_600s_compact_final_v1\seed3\solutions\cie_core_nominal__cie_core_n008_f006_m002_proc100__hem__solverseed_3__trainseed_1__trainseed_1.sol,,,,D:\git\git\RDMCT-A3C\cie\models\hem\seed_1\itr_60.pkl,13,False,greedy,
cie_core_nominal,dual_source_cluster_tool,8_to_32_wafers_nominal_processing,test,600.0,[],D:\git\git\RDMCT-A3C\cie\data\core\spbs\cie_core_n008_f006_m002_proc100.lp,spbs\cie_core_n008_f006_m002_proc100.lp,cie_core_n008_f006_m002_proc100.lp,rdmct_feature_only,3,1,trainseed_1,auto,2026-07-22T19:17:30,optimal,0.0,0.18648419999999533,1,0.03332430000000386,0.010516643524169922,0.0010001659393310547,0.010769128799438477,0.0,1,0,125,0.0,0.0,834.0,30650.0,10000.0,0.0,0.0,4,True,D:\git\git\RDMCT-A3C\cie\results\main\cie_main_600s_compact_final_v1\seed3\solutions\cie_core_nominal__cie_core_n008_f006_m002_proc100__rdmct_feature_only__solverseed_3__trainseed_1__trainseed_1.sol,,,,D:\git\git\RDMCT-A3C\cie\models\feature_only\seed_1\itr_60.pkl,23,False,greedy,
cie_core_nominal,dual_source_cluster_tool,8_to_32_wafers_nominal_processing,test,600.0,[],D:\git\git\RDMCT-A3C\cie\data\core\spbs\cie_core_n008_f006_m002_proc100.lp,spbs\cie_core_n008_f006_m002_proc100.lp,cie_core_n008_f006_m002_proc100.lp,hem_beam,3,1,trainseed_1,auto,2026-07-22T19:17:30,optimal,1.0,0.28614700000002813,1,0.04523580000000038,0.0,0.0,0.033846378326416016,0.0,1,0,476,0.0,9.417040358744394,834.0,30488.0,10000.0,0.0,0.0,6,True,D:\git\git\RDMCT-A3C\cie\results\main\cie_main_600s_compact_final_v1\seed3\solutions\cie_core_nominal__cie_core_n008_f006_m002_proc100__hem_beam__solverseed_3__trainseed_1__trainseed_1.sol,,,,D:\git\git\RDMCT-A3C\cie\models\hem\seed_1\itr_60.pkl,13,False,beam_search,
cie_core_nominal,dual_source_cluster_tool,8_to_32_wafers_nominal_processing,test,600.0,[],D:\git\git\RDMCT-A3C\cie\data\core\spbs\cie_core_n008_f006_m002_proc100.lp,spbs\cie_core_n008_f006_m002_proc100.lp,cie_core_n008_f006_m002_proc100.lp,hem_structure,3,1,trainseed_1,auto,2026-07-22T19:17:31,optimal,0.0,0.2108099000000152,1,0.02793259999998554,0.009000301361083984,0.0,0.0026514530181884766,0.0,1,0,161,0.0,0.0,834.0,30856.0,10000.0,0.0,0.0,4,True,D:\git\git\RDMCT-A3C\cie\results\main\cie_main_600s_compact_final_v1\seed3\solutions\cie_core_nominal__cie_core_n008_f006_m002_proc100__hem_structure__solverseed_3__trainseed_1__trainseed_1.sol,,,,D:\git\git\RDMCT-A3C\cie\models\proposed\seed_1\itr_60.pkl,23,True,greedy,
cie_core_nominal,dual_source_cluster_tool,8_to_32_wafers_nominal_processing,test,600.0,[],D:\git\git\RDMCT-A3C\cie\data\core\spbs\cie_core_n008_f006_m002_proc100.lp,spbs\cie_core_n008_f006_m002_proc100.lp,cie_core_n008_f006_m002_proc100.lp,proposed,3,1,trainseed_1,auto,2026-07-22T19:17:31,optimal,0.0,0.22880989999998746,1,0.0420884999999771,0.010147809982299805,0.0,0.02342963218688965,0.0,1,0,161,0.0,0.0,834.0,30856.0,10000.0,0.0,0.0,4,True,D:\git\git\RDMCT-A3C\cie\results\main\cie_main_600s_compact_final_v1\seed3\solutions\cie_core_nominal__cie_core_n008_f006_m002_proc100__proposed__solverseed_3__trainseed_1__trainseed_1.sol,,,,D:\git\git\RDMCT-A3C\cie\models\proposed\seed_1\itr_60.pkl,23,True,beam_search,
cie_core_nominal,dual_source_cluster_tool,8_to_32_wafers_nominal_processing,test,600.0,[],D:\git\git\RDMCT-A3C\cie\data\core\spbs\cie_core_n016_f000_m016_proc100.lp,spbs\cie_core_n016_f000_m016_proc100.lp,cie_core_n016_f000_m016_proc100.lp,adaptive_cutsel,3,1,trainseed_1,auto,2026-07-22T19:17:31,optimal,47.0,47.45092870000002,0,0.0,0.0,0.0,0.0,0.0,0,0,52345,0.0,1761.3673760332117,1136.0,100230.0,10000.0,0.014301358438186976,16.0,5,True,D:\git\git\RDMCT-A3C\cie\results\main\cie_main_600s_compact_final_v1\seed3\solutions\cie_core_nominal__cie_core_n016_f000_m016_proc100__adaptive_cutsel__solverseed_3__trainseed_1__trainseed_1.sol,,"{""dircutoffdistweight"": 0.0, ""efficacyweight"": 0.75, ""intsupportweight"": 0.0, ""objparalweight"": 0.25}",global_default,,,False,,
cie_core_nominal,dual_source_cluster_tool,8_to_32_wafers_nominal_processing,test,600.0,[],D:\git\git\RDMCT-A3C\cie\data\core\spbs\cie_core_n016_f000_m016_proc100.lp,spbs\cie_core_n016_f000_m016_proc100.lp,cie_core_n016_f000_m016_proc100.lp,hem,3,1,trainseed_1,auto,2026-07-22T19:18:19,optimal,26.0,26.765424399999972,1,0.10364289999995435,0.0063631534576416016,0.0,0.021611690521240234,0.0,1,0,24256,0.0,1080.4851752021564,1136.0,100250.0,10000.0,0.0,0.0,6,True,D:\git\git\RDMCT-A3C\cie\results\main\cie_main_600s_compact_final_v1\seed3\solutions\cie_core_nominal__cie_core_n016_f000_m016_proc100__hem__solverseed_3__trainseed_1__trainseed_1.sol,,,,D:\git\git\RDMCT-A3C\cie\models\hem\seed_1\itr_60.pkl,13,False,greedy,
cie_core_nominal,dual_source_cluster_tool,8_to_32_wafers_nominal_processing,test,600.0,[],D:\git\git\RDMCT-A3C\cie\data\core\spbs\cie_core_n016_f000_m016_proc100.lp,spbs\cie_core_n016_f000_m016_proc100.lp,cie_core_n016_f000_m016_proc100.lp,rdmct_feature_only,3,1,trainseed_1,auto,2026-07-22T19:18:45,optimal,40.0,39.95149700000002,1,0.033914100000004055,0.010999441146850586,0.0,0.020619630813598633,0.0,1,0,42930,0.0,1406.9763119054862,1136.0,100382.0,10000.0,0.014301358438186976,16.0,13,True,D:\git\git\RDMCT-A3C\cie\results\main\cie_main_600s_compact_final_v1\seed3\solutions\cie_core_nominal__cie_core_n016_f000_m016_proc100__rdmct_feature_only__solverseed_3__trainseed_1__trainseed_1.sol,,,,D:\git\git\RDMCT-A3C\cie\models\feature_only\seed_1\itr_60.pkl,23,False,greedy,
cie_core_nominal,dual_source_cluster_tool,8_to_32_wafers_nominal_processing,test,600.0,[],D:\git\git\RDMCT-A3C\cie\data\core\spbs\cie_core_n016_f000_m016_proc100.lp,spbs\cie_core_n016_f000_m016_proc100.lp,cie_core_n016_f000_m016_proc100.lp,hem_beam,3,1,trainseed_1,auto,2026-07-22T19:19:25,optimal,134.0,134.2094406,1,0.05220280000003186,0.0070018768310546875,0.004839181900024414,0.03854084014892578,0.0,1,0,126113,0.0,5964.456424079065,1136.0,100572.0,10000.0,0.0,0.0,7,True,D:\git\git\RDMCT-A3C\cie\results\main\cie_main_600s_compact_final_v1\seed3\solutions\cie_core_nominal__cie_core_n016_f000_m016_proc100__hem_beam__solverseed_3__trainseed_1__trainseed_1.sol,,,,D:\git\git\RDMCT-A3C\cie\models\hem\seed_1\itr_60.pkl,13,False,beam_search,
cie_core_nominal,dual_source_cluster_tool,8_to_32_wafers_nominal_processing,test,600.0,[],D:\git\git\RDMCT-A3C\cie\data\core\spbs\cie_core_n016_f000_m016_proc100.lp,spbs\cie_core_n016_f000_m016_proc100.lp,cie_core_n016_f000_m016_proc100.lp,hem_structure,3,1,trainseed_1,auto,2026-07-22T19:21:39,optimal,10.0,9.277642599999922,1,0.13906780000002072,0.12628698348999023,0.0010099411010742188,0.007996559143066406,0.0019991397857666016,1,0,8301,0.0,405.0578089104809,1136.0,100250.0,10000.0,0.02109561563154592,26.0,5,True,D:\git\git\RDMCT-A3C\cie\results\main\cie_main_600s_compact_final_v1\seed3\solutions\cie_core_nominal__cie_core_n016_f000_m016_proc100__hem_structure__solverseed_3__trainseed_1__trainseed_1.sol,,,,D:\git\git\RDMCT-A3C\cie\models\proposed\seed_1\itr_60.pkl,23,True,greedy,
cie_core_nominal,dual_source_cluster_tool,8_to_32_wafers_nominal_processing,test,600.0,[],D:\git\git\RDMCT-A3C\cie\data\core\spbs\cie_core_n016_f000_m016_proc100.lp,spbs\cie_core_n016_f000_m016_proc100.lp,cie_core_n016_f000_m016_proc100.lp,proposed,3,1,trainseed_1,auto,2026-07-22T19:21:49,optimal,9.0,9.12447050000003,1,0.033785199999897486,0.010000467300415039,0.004872322082519531,0.015027284622192383,0.0019965171813964844,1,0,8301,0.0,305.0578089104809,1136.0,100250.0,10000.0,0.02109561563154592,26.0,5,True,D:\git\git\RDMCT-A3C\cie\results\main\cie_main_600s_compact_final_v1\seed3\solutions\cie_core_nominal__cie_core_n016_f000_m016_proc100__proposed__solverseed_3__trainseed_1__trainseed_1.sol,,,,D:\git\git\RDMCT-A3C\cie\models\proposed\seed_1\itr_60.pkl,23,True,beam_search,
cie_core_nominal,dual_source_cluster_tool,8_to_32_wafers_nominal_processing,test,600.0,[],D:\git\git\RDMCT-A3C\cie\data\core\spbs\cie_core_n016_f000_m016_proc100.lp,spbs\cie_core_n016_f000_m016_proc100.lp,cie_core_n016_f000_m016_proc100.lp,scip_default,3,1,trainseed_1,auto,2026-07-22T19:21:58,optimal,47.0,47.065406900000085,0,0.0,0.0,0.0,0.0,0.0,0,0,52345,0.0,1746.451033243486,1136.0,100230.0,10000.0,0.014301358438186976,16.0,5,True,D:\git\git\RDMCT-A3C\cie\results\main\cie_main_600s_compact_final_v1\seed3\solutions\cie_core_nominal__cie_core_n016_f000_m016_proc100__scip_default__solverseed_3__trainseed_1__trainseed_1.sol,,,,,,False,,
cie_core_nominal,dual_source_cluster_tool,8_to_32_wafers_nominal_processing,test,600.0,[],D:\git\git\RDMCT-A3C\cie\data\core\spbs\cie_core_n016_f004_m012_proc100.lp,spbs\cie_core_n016_f004_m012_proc100.lp,cie_core_n016_f004_m012_proc100.lp,hem,3,1,trainseed_1,auto,2026-07-22T19:22:45,optimal,8.0,7.876215399999978,1,0.028074899999978697,0.010718822479248047,0.0010104179382324219,0.01899886131286621,0.0,1,0,8554,0.0,239.62201844781248,1202.0,90811.0,10000.0,0.02194179103701845,17.0,4,True,D:\git\git\RDMCT-A3C\cie\results\main\cie_main_600s_compact_final_v1\seed3\solutions\cie_core_nominal__cie_core_n016_f004_m012_proc100__hem__solverseed_3__trainseed_1__trainseed_1.sol,,,,D:\git\git\RDMCT-A3C\cie\models\hem\seed_1\itr_60.pkl,13,False,greedy,
cie_core_nominal,dual_source_cluster_tool,8_to_32_wafers_nominal_processing,test,600.0,[],D:\git\git\RDMCT-A3C\cie\data\core\spbs\cie_core_n016_f004_m012_proc100.lp,spbs\cie_core_n016_f004_m012_proc100.lp,cie_core_n016_f004_m012_proc100.lp,rdmct_feature_only,3,1,trainseed_1,auto,2026-07-22T19:22:53,optimal,13.0,13.177062099999944,1,0.08253070000000662,0.01592850685119629,0.0029997825622558594,0.013549327850341797,0.0,1,0,15368,0.0,379.4266582524523,1202.0,90630.0,10000.0,0.014088637121960871,14.0,5,True,D:\git\git\RDMCT-A3C\cie\results\main\cie_main_600s_compact_final_v1\seed3\solutions\cie_core_nominal__cie_core_n016_f004_m012_proc100__rdmct_feature_only__solverseed_3__trainseed_1__trainseed_1.sol,,,,D:\git\git\RDMCT-A3C\cie\models\feature_only\seed_1\itr_60.pkl,23,False,greedy,
cie_core_nominal,dual_source_cluster_tool,8_to_32_wafers_nominal_processing,test,600.0,[],D:\git\git\RDMCT-A3C\cie\data\core\spbs\cie_core_n016_f004_m012_proc100.lp,spbs\cie_core_n016_f004_m012_proc100.lp,cie_core_n016_f004_m012_proc100.lp,hem_beam,3,1,trainseed_1,auto,2026-07-22T19:23:06,optimal,8.0,8.163028899999972,1,0.04988619999994626,0.006249189376831055,0.0010004043579101562,0.041516780853271484,0.0,1,0,8554,0.0,239.86621869201272,1202.0,90811.0,10000.0,0.02194179103701845,17.0,4,True,D:\git\git\RDMCT-A3C\cie\results\main\cie_main_600s_compact_final_v1\seed3\solutions\cie_core_nominal__cie_core_n016_f004_m012_proc100__hem_beam__solverseed_3__trainseed_1__trainseed_1.sol,,,,D:\git\git\RDMCT-A3C\cie\models\hem\seed_1\itr_60.pkl,13,False,beam_search,
cie_core_nominal,dual_source_cluster_tool,8_to_32_wafers_nominal_processing,test,600.0,[],D:\git\git\RDMCT-A3C\cie\data\core\spbs\cie_core_n016_f004_m012_proc100.lp,spbs\cie_core_n016_f004_m012_proc100.lp,cie_core_n016_f004_m012_proc100.lp,hem_structure,3,1,trainseed_1,auto,2026-07-22T19:23:14,optimal,11.0,10.669257200000061,1,0.017585000000053697,0.019274473190307617,0.0,0.00500035285949707,0.001999378204345703,1,0,12136,0.0,322.34485117064514,1202.0,90920.0,10000.0,0.11591914445681106,46.0,4,True,D:\git\git\RDMCT-A3C\cie\results\main\cie_main_600s_compact_final_v1\seed3\solutions\cie_core_nominal__cie_core_n016_f004_m012_proc100__hem_structure__solverseed_3__trainseed_1__trainseed_1.sol,,,,D:\git\git\RDMCT-A3C\cie\models\proposed\seed_1\itr_60.pkl,23,True,greedy,
cie_core_nominal,dual_source_cluster_tool,8_to_32_wafers_nominal_processing,test,600.0,[],D:\git\git\RDMCT-A3C\cie\data\core\spbs\cie_core_n016_f004_m012_proc100.lp,spbs\cie_core_n016_f004_m012_proc100.lp,cie_core_n016_f004_m012_proc100.lp,proposed,3,1,trainseed_1,auto,2026-07-22T19:23:25,optimal,11.0,10.889943299999914,1,0.025846599999908904,0.009210824966430664,0.0010097026824951172,0.011994600296020508,0.0029985904693603516,1,0,12136,0.0,321.24595007174406,1202.0,90920.0,10000.0,0.11591914445681106,46.0,4,True,D:\git\git\RDMCT-A3C\cie\results\main\cie_main_600s_compact_final_v1\seed3\solutions\cie_core_nominal__cie_core_n016_f004_m012_proc100__proposed__solverseed_3__trainseed_1__trainseed_1.sol,,,,D:\git\git\RDMCT-A3C\cie\models\proposed\seed_1\itr_60.pkl,23,True,beam_search,
cie_core_nominal,dual_source_cluster_tool,8_to_32_wafers_nominal_processing,test,600.0,[],D:\git\git\RDMCT-A3C\cie\data\core\spbs\cie_core_n016_f004_m012_proc100.lp,spbs\cie_core_n016_f004_m012_proc100.lp,cie_core_n016_f004_m012_proc100.lp,scip_default,3,1,trainseed_1,auto,2026-07-22T19:23:36,optimal,13.0,13.292528100000027,0,0.0,0.0,0.0,0.0,0.0,0,0,13962,0.0,390.3401252810272,1202.0,91016.0,10000.0,0.17803437569981753,108.0,7,True,D:\git\git\RDMCT-A3C\cie\results\main\cie_main_600s_compact_final_v1\seed3\solutions\cie_core_nominal__cie_core_n016_f004_m012_proc100__scip_default__solverseed_3__trainseed_1__trainseed_1.sol,,,,,,False,,
cie_core_nominal,dual_source_cluster_tool,8_to_32_wafers_nominal_processing,test,600.0,[],D:\git\git\RDMCT-A3C\cie\data\core\spbs\cie_core_n016_f004_m012_proc100.lp,spbs\cie_core_n016_f004_m012_proc100.lp,cie_core_n016_f004_m012_proc100.lp,adaptive_cutsel,3,1,trainseed_1,auto,2026-07-22T19:23:49,optimal,13.0,13.506443200000035,0,0.0,0.0,0.0,0.0,0.0,0,0,13962,0.0,396.7357440560121,1202.0,91016.0,10000.0,0.17803437569981753,108.0,7,True,D:\git\git\RDMCT-A3C\cie\results\main\cie_main_600s_compact_final_v1\seed3\solutions\cie_core_nominal__cie_core_n016_f004_m012_proc100__adaptive_cutsel__solverseed_3__trainseed_1__trainseed_1.sol,,"{""dircutoffdistweight"": 0.0, ""efficacyweight"": 0.75, ""intsupportweight"": 0.0, ""objparalweight"": 0.25}",global_default,,,False,,
cie_core_nominal,dual_source_cluster_tool,8_to_32_wafers_nominal_processing,test,600.0,[],D:\git\git\RDMCT-A3C\cie\data\core\spbs\cie_core_n016_f008_m008_proc100.lp,spbs\cie_core_n016_f008_m008_proc100.lp,cie_core_n016_f008_m008_proc100.lp,rdmct_feature_only,3,1,trainseed_1,auto,2026-07-22T19:24:03,optimal,5.0,5.171111800000062,1,0.032596699999999146,0.016063928604125977,0.0,0.0200045108795166,0.0,1,0,6053,0.0,83.02174434581579,1170.0,81000.0,10000.0,0.0524863881081478,23.0,5,True,D:\git\git\RDMCT-A3C\cie\results\main\cie_main_600s_compact_final_v1\seed3\solutions\cie_core_nominal__cie_core_n016_f008_m008_proc100__rdmct_feature_only__solverseed_3__trainseed_1__trainseed_1.sol,,,,D:\git\git\RDMCT-A3C\cie\models\feature_only\seed_1\itr_60.pkl,23,False,greedy,
cie_core_nominal,dual_source_cluster_tool,8_to_32_wafers_nominal_processing,test,600.0,[],D:\git\git\RDMCT-A3C\cie\data\core\spbs\cie_core_n016_f008_m008_proc100.lp,spbs\cie_core_n016_f008_m008_proc100.lp,cie_core_n016_f008_m008_proc100.lp,hem_beam,3,1,trainseed_1,auto,2026-07-22T19:24:08,optimal,4.0,4.791061199999945,1,0.044495499999925414,0.005841493606567383,0.0009999275207519531,0.035181283950805664,0.0,1,0,5403,0.0,53.48033510922921,1170.0,80982.0,10000.0,0.09350402817209878,42.0,4,True,D:\git\git\RDMCT-A3C\cie\results\main\cie_main_600s_compact_final_v1\seed3\solutions\cie_core_nominal__cie_core_n016_f008_m008_proc100__hem_beam__solverseed_3__trainseed_1__trainseed_1.sol,,,,D:\git\git\RDMCT-A3C\cie\models\hem\seed_1\itr_60.pkl,13,False,beam_search,
cie_core_nominal,dual_source_cluster_tool,8_to_32_wafers_nominal_processing,test,600.0,[],D:\git\git\RDMCT-A3C\cie\data\core\spbs\cie_core_n016_f008_m008_proc100.lp,spbs\cie_core_n016_f008_m008_proc100.lp,cie_core_n016_f008_m008_proc100.lp,hem_structure,3,1,trainseed_1,auto,2026-07-22T19:24:12,optimal,3.0,3.1518724999999677,1,0.02691709999999148,0.014004707336425781,0.0,0.009000539779663086,0.0026869773864746094,1,0,2847,0.0,40.383318914648655,1170.0,80943.0,10000.0,0.06565944237842802,29.0,5,True,D:\git\git\RDMCT-A3C\cie\results\main\cie_main_600s_compact_final_v1\seed3\solutions\cie_core_nominal__cie_core_n016_f008_m008_proc100__hem_structure__solverseed_3__trainseed_1__trainseed_1.sol,,,,D:\git\git\RDMCT-A3C\cie\models\proposed\seed_1\itr_60.pkl,23,True,greedy,
cie_core_nominal,dual_source_cluster_tool,8_to_32_wafers_nominal_processing,test,600.0,[],D:\git\git\RDMCT-A3C\cie\data\core\spbs\cie_core_n016_f008_m008_proc100.lp,spbs\cie_core_n016_f008_m008_proc100.lp,cie_core_n016_f008_m008_proc100.lp,proposed,3,1,trainseed_1,auto,2026-07-22T19:24:16,optimal,3.0,3.1081910000000335,1,0.03156130000002122,0.0,0.0,0.027497529983520508,0.0019989013671875,1,0,2847,0.0,40.725199256528995,1170.0,80943.0,10000.0,0.06565944237842802,29.0,5,True,D:\git\git\RDMCT-A3C\cie\results\main\cie_main_600s_compact_final_v1\seed3\solutions\cie_core_nominal__cie_core_n016_f008_m008_proc100__proposed__solverseed_3__trainseed_1__trainseed_1.sol,,,,D:\git\git\RDMCT-A3C\cie\models\proposed\seed_1\itr_60.pkl,23,True,beam_search,
cie_core_nominal,dual_source_cluster_tool,8_to_32_wafers_nominal_processing,test,600.0,[],D:\git\git\RDMCT-A3C\cie\data\core\spbs\cie_core_n016_f008_m008_proc100.lp,spbs\cie_core_n016_f008_m008_proc100.lp,cie_core_n016_f008_m008_proc100.lp,scip_default,3,1,trainseed_1,auto,2026-07-22T19:24:19,optimal,9.0,9.261270999999965,0,0.0,0.0,0.0,0.0,0.0,0,0,13010,0.0,76.21722021846686,1170.0,80896.0,10000.0,0.13323170644250498,55.0,11,True,D:\git\git\RDMCT-A3C\cie\results\main\cie_main_600s_compact_final_v1\seed3\solutions\cie_core_nominal__cie_core_n016_f008_m008_proc100__scip_default__solverseed_3__trainseed_1__trainseed_1.sol,,,,,,False,,
cie_core_nominal,dual_source_cluster_tool,8_to_32_wafers_nominal_processing,test,600.0,[],D:\git\git\RDMCT-A3C\cie\data\core\spbs\cie_core_n016_f008_m008_proc100.lp,spbs\cie_core_n016_f008_m008_proc100.lp,cie_core_n016_f008_m008_proc100.lp,adaptive_cutsel,3,1,trainseed_1,auto,2026-07-22T19:24:28,optimal,4.0,4.271762299999978,0,0.0,0.0,0.0,0.0,0.0,0,0,5343,0.0,46.54433841497556,1170.0,80897.0,10000.0,0.10540196305692506,29.0,3,True,D:\git\git\RDMCT-A3C\cie\results\main\cie_main_600s_compact_final_v1\seed3\solutions\cie_core_nominal__cie_core_n016_f008_m008_proc100__adaptive_cutsel__solverseed_3__trainseed_1__trainseed_1.sol,,"{""dircutoffdistweight"": 0.0, ""efficacyweight"": 0.75, ""intsupportweight"": 0.0, ""objparalweight"": 0.25}",global_default,,,False,,
cie_core_nominal,dual_source_cluster_tool,8_to_32_wafers_nominal_processing,test,600.0,[],D:\git\git\RDMCT-A3C\cie\data\core\spbs\cie_core_n016_f008_m008_proc100.lp,spbs\cie_core_n016_f008_m008_proc100.lp,cie_core_n016_f008_m008_proc100.lp,hem,3,1,trainseed_1,auto,2026-07-22T19:24:32,optimal,3.0,2.594574599999987,1,0.019898699999998826,0.004000425338745117,0.0,0.014082193374633789,0.0,1,0,3406,0.0,42.2968360631725,1170.0,81024.0,10000.0,0.11429776902738784,52.0,8,True,D:\git\git\RDMCT-A3C\cie\results\main\cie_main_600s_compact_final_v1\seed3\solutions\cie_core_nominal__cie_core_n016_f008_m008_proc100__hem__solverseed_3__trainseed_1__trainseed_1.sol,,,,D:\git\git\RDMCT-A3C\cie\models\hem\seed_1\itr_60.pkl,13,False,greedy,
cie_core_nominal,dual_source_cluster_tool,8_to_32_wafers_nominal_processing,test,600.0,[],D:\git\git\RDMCT-A3C\cie\data\core\spbs\cie_core_n016_f012_m004_proc100.lp,spbs\cie_core_n016_f012_m004_proc100.lp,cie_core_n016_f012_m004_proc100.lp,hem_beam,3,1,trainseed_1,auto,2026-07-22T19:24:35,timelimit,600.0,599.8929765999999,1,0.047687799999948766,0.005012035369873047,0.0010004043579101562,0.04005837440490723,0.0,1,0,528661,0.7062021350100968,24857.49839525854,1938.24562537147,69493.53800630529,10000.0,0.763749677795226,0.0,1,True,D:\git\git\RDMCT-A3C\cie\results\main\cie_main_600s_compact_final_v1\seed3\solutions\cie_core_nominal__cie_core_n016_f012_m004_proc100__hem_beam__solverseed_3__trainseed_1__trainseed_1.sol,,,,D:\git\git\RDMCT-A3C\cie\models\hem\seed_1\itr_60.pkl,13,False,beam_search,
cie_core_nominal,dual_source_cluster_tool,8_to_32_wafers_nominal_processing,test,600.0,[],D:\git\git\RDMCT-A3C\cie\data\core\spbs\cie_core_n016_f012_m004_proc100.lp,spbs\cie_core_n016_f012_m004_proc100.lp,cie_core_n016_f012_m004_proc100.lp,hem_structure,3,1,trainseed_1,auto,2026-07-22T19:34:35,optimal,170.0,170.68398790000015,1,0.024775899999895046,0.015903234481811523,0.0,0.0,0.016908884048461914,1,0,169888,0.0,5857.982375658524,1158.0,62445.24562537146,10000.0,0.26393648826324756,0.0,2,True,D:\git\git\RDMCT-A3C\cie\results\main\cie_main_600s_compact_final_v1\seed3\solutions\cie_core_nominal__cie_core_n016_f012_m004_proc100__hem_structure__solverseed_3__trainseed_1__trainseed_1.sol,,,,D:\git\git\RDMCT-A3C\cie\models\proposed\seed_1\itr_60.pkl,23,True,greedy,
cie_core_nominal,dual_source_cluster_tool,8_to_32_wafers_nominal_processing,test,600.0,[],D:\git\git\RDMCT-A3C\cie\data\core\spbs\cie_core_n016_f012_m004_proc100.lp,spbs\cie_core_n016_f012_m004_proc100.lp,cie_core_n016_f012_m004_proc100.lp,proposed,3,1,trainseed_1,auto,2026-07-22T19:37:25,optimal,172.0,172.63514629999986,1,0.04761970000004112,0.012837886810302734,0.0015056133270263672,0.013004779815673828,0.0030019283294677734,1,0,169888,0.0,5859.976273547897,1158.0,62445.24562537146,10000.0,0.26393648826324756,0.0,2,True,D:\git\git\RDMCT-A3C\cie\results\main\cie_main_600s_compact_final_v1\seed3\solutions\cie_core_nominal__cie_core_n016_f012_m004_proc100__proposed__solverseed_3__trainseed_1__trainseed_1.sol,,,,D:\git\git\RDMCT-A3C\cie\models\proposed\seed_1\itr_60.pkl,23,True,beam_search,
cie_core_nominal,dual_source_cluster_tool,8_to_32_wafers_nominal_processing,test,600.0,[],D:\git\git\RDMCT-A3C\cie\data\core\spbs\cie_core_n016_f012_m004_proc100.lp,spbs\cie_core_n016_f012_m004_proc100.lp,cie_core_n016_f012_m004_proc100.lp,scip_default,3,1,trainseed_1,auto,2026-07-22T19:40:18,optimal,51.0,51.3344040999998,0,0.0,0.0,0.0,0.0,0.0,0,0,42112,0.0,2169.5148614554914,1158.0,61972.24562537146,10000.0,0.2861125704223025,0.0,3,True,D:\git\git\RDMCT-A3C\cie\results\main\cie_main_600s_compact_final_v1\seed3\solutions\cie_core_nominal__cie_core_n016_f012_m004_proc100__scip_default__solverseed_3__trainseed_1__trainseed_1.sol,,,,,,False,,
cie_core_nominal,dual_source_cluster_tool,8_to_32_wafers_nominal_processing,test,600.0,[],D:\git\git\RDMCT-A3C\cie\data\core\spbs\cie_core_n016_f012_m004_proc100.lp,spbs\cie_core_n016_f012_m004_proc100.lp,cie_core_n016_f012_m004_proc100.lp,adaptive_cutsel,3,1,trainseed_1,auto,2026-07-22T19:41:09,optimal,71.0,70.81559420000008,0,0.0,0.0,0.0,0.0,0.0,0,0,58043,0.0,2977.45748247537,1158.0,61710.24562537146,10000.0,0.2861125704223025,0.0,3,True,D:\git\git\RDMCT-A3C\cie\results\main\cie_main_600s_compact_final_v1\seed3\solutions\cie_core_nominal__cie_core_n016_f012_m004_proc100__adaptive_cutsel__solverseed_3__trainseed_1__trainseed_1.sol,,"{""dircutoffdistweight"": 0.0, ""efficacyweight"": 0.75, ""intsupportweight"": 0.0, ""objparalweight"": 0.25}",global_default,,,False,,
cie_core_nominal,dual_source_cluster_tool,8_to_32_wafers_nominal_processing,test,600.0,[],D:\git\git\RDMCT-A3C\cie\data\core\spbs\cie_core_n016_f012_m004_proc100.lp,spbs\cie_core_n016_f012_m004_proc100.lp,cie_core_n016_f012_m004_proc100.lp,hem,3,1,trainseed_1,auto,2026-07-22T19:42:20,timelimit,600.0,599.4681612999998,1,0.03009780000002138,0.022049903869628906,0.0009999275207519531,0.01149606704711914,0.0,1,0,489339,0.7062021350100968,24916.985179849064,1938.24562537147,69493.53800630529,10000.0,0.763749677795226,0.0,1,True,D:\git\git\RDMCT-A3C\cie\results\main\cie_main_600s_compact_final_v1\seed3\solutions\cie_core_nominal__cie_core_n016_f012_m004_proc100__hem__solverseed_3__trainseed_1__trainseed_1.sol,,,,D:\git\git\RDMCT-A3C\cie\models\hem\seed_1\itr_60.pkl,13,False,greedy,
cie_core_nominal,dual_source_cluster_tool,8_to_32_wafers_nominal_processing,test,600.0,[],D:\git\git\RDMCT-A3C\cie\data\core\spbs\cie_core_n016_f012_m004_proc100.lp,spbs\cie_core_n016_f012_m004_proc100.lp,cie_core_n016_f012_m004_proc100.lp,rdmct_feature_only,3,1,trainseed_1,auto,2026-07-22T19:52:20,optimal,39.0,39.030619600000136,1,0.03499699999974837,0.0076198577880859375,0.0,0.025073528289794922,0.0,1,0,31441,0.0,1576.536878682085,1158.0,61858.24562537146,10000.0,0.2861125704223025,0.0,2,True,D:\git\git\RDMCT-A3C\cie\results\main\cie_main_600s_compact_final_v1\seed3\solutions\cie_core_nominal__cie_core_n016_f012_m004_proc100__rdmct_feature_only__solverseed_3__trainseed_1__trainseed_1.sol,,,,D:\git\git\RDMCT-A3C\cie\models\feature_only\seed_1\itr_60.pkl,23,False,greedy,
cie_core_nominal,dual_source_cluster_tool,8_to_32_wafers_nominal_processing,test,600.0,[],D:\git\git\RDMCT-A3C\cie\data\core\spbs\cie_core_n024_f000_m024_proc100.lp,spbs\cie_core_n024_f000_m024_proc100.lp,cie_core_n024_f000_m024_proc100.lp,hem_structure,3,1,trainseed_1,auto,2026-07-22T19:52:59,timelimit,600.0,599.9072846999998,1,0.07755190000034418,0.014443635940551758,0.0009996891021728516,0.008002758026123047,0.001497030258178711,1,0,135164,0.9841691452791324,29983.63063021223,4412.79217910079,162956.85986160376,10000.0,0.01699912779427555,8.661976873561798,1,True,D:\git\git\RDMCT-A3C\cie\results\main\cie_main_600s_compact_final_v1\seed3\solutions\cie_core_nominal__cie_core_n024_f000_m024_proc100__hem_structure__solverseed_3__trainseed_1__trainseed_1.sol,,,,D:\git\git\RDMCT-A3C\cie\models\proposed\seed_1\itr_60.pkl,23,True,greedy,
cie_core_nominal,dual_source_cluster_tool,8_to_32_wafers_nominal_processing,test,600.0,[],D:\git\git\RDMCT-A3C\cie\data\core\spbs\cie_core_n024_f000_m024_proc100.lp,spbs\cie_core_n024_f000_m024_proc100.lp,cie_core_n024_f000_m024_proc100.lp,proposed,3,1,trainseed_1,auto,2026-07-22T20:02:59,timelimit,600.0,599.9656525,1,0.08287910000035481,0.011745214462280273,0.0,0.033750295639038086,0.002007722854614258,1,0,111984,0.9841691452791324,29949.86516065178,4412.79217910079,162956.85986160376,10000.0,0.01699912779427555,8.661976873561798,1,True,D:\git\git\RDMCT-A3C\cie\results\main\cie_main_600s_compact_final_v1\seed3\solutions\cie_core_nominal__cie_core_n024_f000_m024_proc100__proposed__solverseed_3__trainseed_1__trainseed_1.sol,,,,D:\git\git\RDMCT-A3C\cie\models\proposed\seed_1\itr_60.pkl,23,True,beam_search,
cie_core_nominal,dual_source_cluster_tool,8_to_32_wafers_nominal_processing,test,600.0,[],D:\git\git\RDMCT-A3C\cie\data\core\spbs\cie_core_n024_f000_m024_proc100.lp,spbs\cie_core_n024_f000_m024_proc100.lp,cie_core_n024_f000_m024_proc100.lp,scip_default,3,1,trainseed_1,auto,2026-07-22T20:12:59,timelimit,600.0,599.9924796999999,0,0.0,0.0,0.0,0.0,0.0,0,0,151098,0.9841691452791324,29964.867000147766,4412.79217910079,162956.85986160376,10000.0,0.01699912779427555,8.661976873561798,1,True,D:\git\git\RDMCT-A3C\cie\results\main\cie_main_600s_compact_final_v1\seed3\solutions\cie_core_nominal__cie_core_n024_f000_m024_proc100__scip_default__solverseed_3__trainseed_1__trainseed_1.sol,,,,,,False,,
cie_core_nominal,dual_source_cluster_tool,8_to_32_wafers_nominal_processing,test,600.0,[],D:\git\git\RDMCT-A3C\cie\data\core\spbs\cie_core_n024_f000_m024_proc100.lp,spbs\cie_core_n024_f000_m024_proc100.lp,cie_core_n024_f000_m024_proc100.lp,adaptive_cutsel,3,1,trainseed_1,auto,2026-07-22T20:22:59,timelimit,600.0,600.0047256999997,0,0.0,0.0,0.0,0.0,0.0,0,0,217606,0.9895366001356133,29943.83723118663,4412.79217910079,162956.85986160376,10000.0,0.01699912779427555,8.661976873561798,1,True,D:\git\git\RDMCT-A3C\cie\results\main\cie_main_600s_compact_final_v1\seed3\solutions\cie_core_nominal__cie_core_n024_f000_m024_proc100__adaptive_cutsel__solverseed_3__trainseed_1__trainseed_1.sol,,"{""dircutoffdistweight"": 0.0, ""efficacyweight"": 0.75, ""intsupportweight"": 0.0, ""objparalweight"": 0.25}",global_default,,,False,,
cie_core_nominal,dual_source_cluster_tool,8_to_32_wafers_nominal_processing,test,600.0,[],D:\git\git\RDMCT-A3C\cie\data\core\spbs\cie_core_n024_f000_m024_proc100.lp,spbs\cie_core_n024_f000_m024_proc100.lp,cie_core_n024_f000_m024_proc100.lp,hem,3,1,trainseed_1,auto,2026-07-22T20:32:59,timelimit,600.0,599.9925393999993,1,0.0506812000003265,0.006250858306884766,0.0010006427764892578,0.008002042770385742,0.0,1,0,154997,0.9895366001356133,29951.179521211852,4412.79217910079,162956.85986160376,10000.0,0.01699912779427555,8.661976873561798,1,True,D:\git\git\RDMCT-A3C\cie\results\main\cie_main_600s_compact_final_v1\seed3\solutions\cie_core_nominal__cie_core_n024_f000_m024_proc100__hem__solverseed_3__trainseed_1__trainseed_1.sol,,,,D:\git\git\RDMCT-A3C\cie\models\hem\seed_1\itr_60.pkl,13,False,greedy,
cie_core_nominal,dual_source_cluster_tool,8_to_32_wafers_nominal_processing,test,600.0,[],D:\git\git\RDMCT-A3C\cie\data\core\spbs\cie_core_n024_f000_m024_proc100.lp,spbs\cie_core_n024_f000_m024_proc100.lp,cie_core_n024_f000_m024_proc100.lp,rdmct_feature_only,3,1,trainseed_1,auto,2026-07-22T20:42:59,timelimit,600.0,599.9815205000004,1,0.02795849999984057,0.009000301361083984,0.0,0.017215728759765625,0.0,1,0,171213,0.9877442248201758,29928.472809467177,4412.79217910079,162956.85986160376,10000.0,0.01699912779427555,8.661976873561798,1,True,D:\git\git\RDMCT-A3C\cie\results\main\cie_main_600s_compact_final_v1\seed3\solutions\cie_core_nominal__cie_core_n024_f000_m024_proc100__rdmct_feature_only__solverseed_3__trainseed_1__trainseed_1.sol,,,,D:\git\git\RDMCT-A3C\cie\models\feature_only\seed_1\itr_60.pkl,23,False,greedy,
cie_core_nominal,dual_source_cluster_tool,8_to_32_wafers_nominal_processing,test,600.0,[],D:\git\git\RDMCT-A3C\cie\data\core\spbs\cie_core_n024_f000_m024_proc100.lp,spbs\cie_core_n024_f000_m024_proc100.lp,cie_core_n024_f000_m024_proc100.lp,hem_beam,3,1,trainseed_1,auto,2026-07-22T20:52:59,timelimit,600.0,600.0441678000007,1,0.06743610000012268,0.015242576599121094,0.0010039806365966797,0.015228748321533203,0.0,1,0,155046,0.9895366001356133,29901.097851595354,4412.79217910079,162956.85986160376,10000.0,0.01699912779427555,8.661976873561798,1,True,D:\git\git\RDMCT-A3C\cie\results\main\cie_main_600s_compact_final_v1\seed3\solutions\cie_core_nominal__cie_core_n024_f000_m024_proc100__hem_beam__solverseed_3__trainseed_1__trainseed_1.sol,,,,D:\git\git\RDMCT-A3C\cie\models\hem\seed_1\itr_60.pkl,13,False,beam_search,
cie_core_nominal,dual_source_cluster_tool,8_to_32_wafers_nominal_processing,test,600.0,[],D:\git\git\RDMCT-A3C\cie\data\core\spbs\cie_core_n024_f006_m018_proc100.lp,spbs\cie_core_n024_f006_m018_proc100.lp,cie_core_n024_f006_m018_proc100.lp,proposed,3,1,trainseed_1,auto,2026-07-22T21:02:59,optimal,315.0,315.0935396999994,1,0.028815300000132993,0.008160591125488281,0.004001617431640625,0.013242244720458984,0.0010037422180175781,1,0,152222,0.0,4539.048005846991,2290.0,153496.0,10000.0,0.0,0.0,8,True,D:\git\git\RDMCT-A3C\cie\results\main\cie_main_600s_compact_final_v1\seed3\solutions\cie_core_nominal__cie_core_n024_f006_m018_proc100__proposed__solverseed_3__trainseed_1__trainseed_1.sol,,,,D:\git\git\RDMCT-A3C\cie\models\proposed\seed_1\itr_60.pkl,23,True,beam_search,
cie_core_nominal,dual_source_cluster_tool,8_to_32_wafers_nominal_processing,test,600.0,[],D:\git\git\RDMCT-A3C\cie\data\core\spbs\cie_core_n024_f006_m018_proc100.lp,spbs\cie_core_n024_f006_m018_proc100.lp,cie_core_n024_f006_m018_proc100.lp,scip_default,3,1,trainseed_1,auto,2026-07-22T21:08:14,timelimit,600.0,599.7911894999997,0,0.0,0.0,0.0,0.0,0.0,0,0,310966,0.002626970227670753,9837.649627536603,2290.0,153107.0,10000.0,0.05854225272981469,70.0,2,True,D:\git\git\RDMCT-A3C\cie\results\main\cie_main_600s_compact_final_v1\seed3\solutions\cie_core_nominal__cie_core_n024_f006_m018_proc100__scip_default__solverseed_3__trainseed_1__trainseed_1.sol,,,,,,False,,
cie_core_nominal,dual_source_cluster_tool,8_to_32_wafers_nominal_processing,test,600.0,[],D:\git\git\RDMCT-A3C\cie\data\core\spbs\cie_core_n024_f006_m018_proc100.lp,spbs\cie_core_n024_f006_m018_proc100.lp,cie_core_n024_f006_m018_proc100.lp,adaptive_cutsel,3,1,trainseed_1,auto,2026-07-22T21:18:14,optimal,279.0,279.0941004999995,0,0.0,0.0,0.0,0.0,0.0,0,0,135194,0.0,6327.663358206697,2290.0,153285.0,10000.0,0.05854225272981469,70.0,10,True,D:\git\git\RDMCT-A3C\cie\results\main\cie_main_600s_compact_final_v1\seed3\solutions\cie_core_nominal__cie_core_n024_f006_m018_proc100__adaptive_cutsel__solverseed_3__trainseed_1__trainseed_1.sol,,"{""dircutoffdistweight"": 0.0, ""efficacyweight"": 0.75, ""intsupportweight"": 0.0, ""objparalweight"": 0.25}",global_default,,,False,,
cie_core_nominal,dual_source_cluster_tool,8_to_32_wafers_nominal_processing,test,600.0,[],D:\git\git\RDMCT-A3C\cie\data\core\spbs\cie_core_n024_f006_m018_proc100.lp,spbs\cie_core_n024_f006_m018_proc100.lp,cie_core_n024_f006_m018_proc100.lp,hem,3,1,trainseed_1,auto,2026-07-22T21:22:53,timelimit,600.0,600.0019171000004,1,0.03190119999999297,0.007229804992675781,0.0,0.015305519104003906,0.0,1,0,261020,0.3492063492063492,15607.32026143791,3060.0,154686.0,10000.0,0.26310418356274723,336.0,1,True,D:\git\git\RDMCT-A3C\cie\results\main\cie_main_600s_compact_final_v1\seed3\solutions\cie_core_nominal__cie_core_n024_f006_m018_proc100__hem__solverseed_3__trainseed_1__trainseed_1.sol,,,,D:\git\git\RDMCT-A3C\cie\models\hem\seed_1\itr_60.pkl,13,False,greedy,
cie_core_nominal,dual_source_cluster_tool,8_to_32_wafers_nominal_processing,test,600.0,[],D:\git\git\RDMCT-A3C\cie\data\core\spbs\cie_core_n024_f006_m018_proc100.lp,spbs\cie_core_n024_f006_m018_proc100.lp,cie_core_n024_f006_m018_proc100.lp,rdmct_feature_only,3,1,trainseed_1,auto,2026-07-22T21:32:53,timelimit,600.0,599.9703136000007,1,0.07136510000054841,0.019195079803466797,0.0010020732879638672,0.015218019485473633,0.0,1,0,251721,0.16181657848324515,13001.680452314547,2635.0,152531.0,10000.0,0.0,0.0,4,True,D:\git\git\RDMCT-A3C\cie\results\main\cie_main_600s_compact_final_v1\seed3\solutions\cie_core_nominal__cie_core_n024_f006_m018_proc100__rdmct_feature_only__solverseed_3__trainseed_1__trainseed_1.sol,,,,D:\git\git\RDMCT-A3C\cie\models\feature_only\seed_1\itr_60.pkl,23,False,greedy,
cie_core_nominal,dual_source_cluster_tool,8_to_32_wafers_nominal_processing,test,600.0,[],D:\git\git\RDMCT-A3C\cie\data\core\spbs\cie_core_n024_f006_m018_proc100.lp,spbs\cie_core_n024_f006_m018_proc100.lp,cie_core_n024_f006_m018_proc100.lp,hem_beam,3,1,trainseed_1,auto,2026-07-22T21:42:53,timelimit,600.0,599.9992464000006,1,0.07737919999999576,0.006999492645263672,0.0010006427764892578,0.06696367263793945,0.0,1,0,261694,0.3492063492063492,15607.32026143791,3060.0,154686.0,10000.0,0.26310418356274723,336.0,1,True,D:\git\git\RDMCT-A3C\cie\results\main\cie_main_600s_compact_final_v1\seed3\solutions\cie_core_nominal__cie_core_n024_f006_m018_proc100__hem_beam__solverseed_3__trainseed_1__trainseed_1.sol,,,,D:\git\git\RDMCT-A3C\cie\models\hem\seed_1\itr_60.pkl,13,False,beam_search,
cie_core_nominal,dual_source_cluster_tool,8_to_32_wafers_nominal_processing,test,600.0,[],D:\git\git\RDMCT-A3C\cie\data\core\spbs\cie_core_n024_f006_m018_proc100.lp,spbs\cie_core_n024_f006_m018_proc100.lp,cie_core_n024_f006_m018_proc100.lp,hem_structure,3,1,trainseed_1,auto,2026-07-22T21:52:53,optimal,313.0,313.8214585000005,1,0.020198899999741116,0.009241342544555664,0.0010008811950683594,0.006997823715209961,0.002002716064453125,1,0,152222,0.0,4514.173049518097,2290.0,153496.0,10000.0,0.0,0.0,8,True,D:\git\git\RDMCT-A3C\cie\results\main\cie_main_600s_compact_final_v1\seed3\solutions\cie_core_nominal__cie_core_n024_f006_m018_proc100__hem_structure__solverseed_3__trainseed_1__trainseed_1.sol,,,,D:\git\git\RDMCT-A3C\cie\models\proposed\seed_1\itr_60.pkl,23,True,greedy,
cie_core_nominal,dual_source_cluster_tool,8_to_32_wafers_nominal_processing,test,600.0,[],D:\git\git\RDMCT-A3C\cie\data\core\spbs\cie_core_n024_f012_m012_proc100.lp,spbs\cie_core_n024_f012_m012_proc100.lp,cie_core_n024_f012_m012_proc100.lp,scip_default,3,1,trainseed_1,auto,2026-07-22T21:58:07,timelimit,600.0,600.1198805000004,0,0.0,0.0,0.0,0.0,0.0,0,0,342021,0.19469424460431656,14230.113719638644,2657.0,123541.0,10000.0,0.5793398976707101,0.0,12,True,D:\git\git\RDMCT-A3C\cie\results\main\cie_main_600s_compact_final_v1\seed3\solutions\cie_core_nominal__cie_core_n024_f012_m012_proc100__scip_default__solverseed_3__trainseed_1__trainseed_1.sol,,,,,,False,,
cie_core_nominal,dual_source_cluster_tool,8_to_32_wafers_nominal_processing,test,600.0,[],D:\git\git\RDMCT-A3C\cie\data\core\spbs\cie_core_n024_f012_m012_proc100.lp,spbs\cie_core_n024_f012_m012_proc100.lp,cie_core_n024_f012_m012_proc100.lp,adaptive_cutsel,3,1,trainseed_1,auto,2026-07-22T22:08:07,timelimit,600.0,599.9568689999996,0,0.0,0.0,0.0,0.0,0.0,0,0,343585,0.19469424460431656,14212.047935672908,2657.0,123541.0,10000.0,0.5793398976707101,0.0,12,True,D:\git\git\RDMCT-A3C\cie\results\main\cie_main_600s_compact_final_v1\seed3\solutions\cie_core_nominal__cie_core_n024_f012_m012_proc100__adaptive_cutsel__solverseed_3__trainseed_1__trainseed_1.sol,,"{""dircutoffdistweight"": 0.0, ""efficacyweight"": 0.75, ""intsupportweight"": 0.0, ""objparalweight"": 0.25}",global_default,,,False,,
cie_core_nominal,dual_source_cluster_tool,8_to_32_wafers_nominal_processing,test,600.0,[],D:\git\git\RDMCT-A3C\cie\data\core\spbs\cie_core_n024_f012_m012_proc100.lp,spbs\cie_core_n024_f012_m012_proc100.lp,cie_core_n024_f012_m012_proc100.lp,hem,3,1,trainseed_1,auto,2026-07-22T22:18:07,timelimit,600.0,600.0168092000004,1,0.059350899999117246,0.006999492645263672,0.0010001659393310547,0.015152454376220703,0.0,1,0,199944,0.38828828828828826,16886.112913692406,3082.0,108282.0,9447.0,0.6342177124582453,0.0,1,True,D:\git\git\RDMCT-A3C\cie\results\main\cie_main_600s_compact_final_v1\seed3\solutions\cie_core_nominal__cie_core_n024_f012_m012_proc100__hem__solverseed_3__trainseed_1__trainseed_1.sol,,,,D:\git\git\RDMCT-A3C\cie\models\hem\seed_1\itr_60.pkl,13,False,greedy,
cie_core_nominal,dual_source_cluster_tool,8_to_32_wafers_nominal_processing,test,600.0,[],D:\git\git\RDMCT-A3C\cie\data\core\spbs\cie_core_n024_f012_m012_proc100.lp,spbs\cie_core_n024_f012_m012_proc100.lp,cie_core_n024_f012_m012_proc100.lp,rdmct_feature_only,3,1,trainseed_1,auto,2026-07-22T22:28:07,timelimit,600.0,600.0474904000002,1,0.032087999999930616,0.010286092758178711,0.0029969215393066406,0.017207860946655273,0.0,1,0,238661,0.19469424460431656,14349.612769426552,2657.0,122997.0,10000.0,0.5793398976707101,0.0,8,True,D:\git\git\RDMCT-A3C\cie\results\main\cie_main_600s_compact_final_v1\seed3\solutions\cie_core_nominal__cie_core_n024_f012_m012_proc100__rdmct_feature_only__solverseed_3__trainseed_1__trainseed_1.sol,,,,D:\git\git\RDMCT-A3C\cie\models\feature_only\seed_1\itr_60.pkl,23,False,greedy,
cie_core_nominal,dual_source_cluster_tool,8_to_32_wafers_nominal_processing,test,600.0,[],D:\git\git\RDMCT-A3C\cie\data\core\spbs\cie_core_n024_f012_m012_proc100.lp,spbs\cie_core_n024_f012_m012_proc100.lp,cie_core_n024_f012_m012_proc100.lp,hem_beam,3,1,trainseed_1,auto,2026-07-22T22:38:07,timelimit,600.0,599.9806826000004,1,0.09366619999855175,0.007002115249633789,0.0009996891021728516,0.04932546615600586,0.0,1,0,198158,0.38828828828828826,16887.475665152495,3082.0,108282.0,9447.0,0.6342177124582453,0.0,1,True,D:\git\git\RDMCT-A3C\cie\results\main\cie_main_600s_compact_final_v1\seed3\solutions\cie_core_nominal__cie_core_n024_f012_m012_proc100__hem_beam__solverseed_3__trainseed_1__trainseed_1.sol,,,,D:\git\git\RDMCT-A3C\cie\models\hem\seed_1\itr_60.pkl,13,False,beam_search,
cie_core_nominal,dual_source_cluster_tool,8_to_32_wafers_nominal_processing,test,600.0,[],D:\git\git\RDMCT-A3C\cie\data\core\spbs\cie_core_n024_f012_m012_proc100.lp,spbs\cie_core_n024_f012_m012_proc100.lp,cie_core_n024_f012_m012_proc100.lp,hem_structure,3,1,trainseed_1,auto,2026-07-22T22:48:07,timelimit,600.0,600.0063033000006,1,0.02132990000063728,0.010252714157104492,0.0,0.007000446319580078,0.0010008811950683594,1,0,216194,0.3857913669064748,16785.431537962362,3082.0,108282.0,9447.0,0.6342177124582453,0.0,1,True,D:\git\git\RDMCT-A3C\cie\results\main\cie_main_600s_compact_final_v1\seed3\solutions\cie_core_nominal__cie_core_n024_f012_m012_proc100__hem_structure__solverseed_3__trainseed_1__trainseed_1.sol,,,,D:\git\git\RDMCT-A3C\cie\models\proposed\seed_1\itr_60.pkl,23,True,greedy,
cie_core_nominal,dual_source_cluster_tool,8_to_32_wafers_nominal_processing,test,600.0,[],D:\git\git\RDMCT-A3C\cie\data\core\spbs\cie_core_n024_f012_m012_proc100.lp,spbs\cie_core_n024_f012_m012_proc100.lp,cie_core_n024_f012_m012_proc100.lp,proposed,3,1,trainseed_1,auto,2026-07-22T22:58:07,timelimit,600.0,600.005324400001,1,0.07376840000142693,0.010001182556152344,0.0009987354278564453,0.025392770767211914,0.002000570297241211,1,0,214334,0.3857913669064748,16785.561323815702,3082.0,108282.0,9447.0,0.6342177124582453,0.0,1,True,D:\git\git\RDMCT-A3C\cie\results\main\cie_main_600s_compact_final_v1\seed3\solutions\cie_core_nominal__cie_core_n024_f012_m012_proc100__proposed__solverseed_3__trainseed_1__trainseed_1.sol,,,,D:\git\git\RDMCT-A3C\cie\models\proposed\seed_1\itr_60.pkl,23,True,beam_search,
cie_core_nominal,dual_source_cluster_tool,8_to_32_wafers_nominal_processing,test,600.0,[],D:\git\git\RDMCT-A3C\cie\data\core\spbs\cie_core_n024_f018_m006_proc100.lp,spbs\cie_core_n024_f018_m006_proc100.lp,cie_core_n024_f018_m006_proc100.lp,adaptive_cutsel,3,1,trainseed_1,auto,2026-07-22T23:08:07,timelimit,600.0,600.2901497000003,0,0.0,0.0,0.0,0.0,0.0,0,0,171064,0.24644128113879013,12605.451318359404,2801.999999999999,106386.82976885838,10000.0,0.5090282285379374,314.0000000000009,4,True,D:\git\git\RDMCT-A3C\cie\results\main\cie_main_600s_compact_final_v1\seed3\solutions\cie_core_nominal__cie_core_n024_f018_m006_proc100__adaptive_cutsel__solverseed_3__trainseed_1__trainseed_1.sol,,"{""dircutoffdistweight"": 0.0, ""efficacyweight"": 0.75, ""intsupportweight"": 0.0, ""objparalweight"": 0.25}",global_default,,,False,,
cie_core_nominal,dual_source_cluster_tool,8_to_32_wafers_nominal_processing,test,600.0,[],D:\git\git\RDMCT-A3C\cie\data\core\spbs\cie_core_n024_f018_m006_proc100.lp,spbs\cie_core_n024_f018_m006_proc100.lp,cie_core_n024_f018_m006_proc100.lp,hem,3,1,trainseed_1,auto,2026-07-22T23:18:07,timelimit,600.0,599.5874597999991,1,0.05205500000010943,0.014999628067016602,0.002170562744140625,0.03175234794616699,0.0009999275207519531,1,0,256405,0.11675579322638151,8434.302625299953,2505.999999999999,104909.82976885838,10000.0,0.3677198516897856,170.0000000000009,5,True,D:\git\git\RDMCT-A3C\cie\results\main\cie_main_600s_compact_final_v1\seed3\solutions\cie_core_nominal__cie_core_n024_f018_m006_proc100__hem__solverseed_3__trainseed_1__trainseed_1.sol,,,,D:\git\git\RDMCT-A3C\cie\models\hem\seed_1\itr_60.pkl,13,False,greedy,
cie_core_nominal,dual_source_cluster_tool,8_to_32_wafers_nominal_processing,test,600.0,[],D:\git\git\RDMCT-A3C\cie\data\core\spbs\cie_core_n024_f018_m006_proc100.lp,spbs\cie_core_n024_f018_m006_proc100.lp,cie_core_n024_f018_m006_proc100.lp,rdmct_feature_only,3,1,trainseed_1,auto,2026-07-22T23:28:07,timelimit,600.0,599.9283291000011,1,0.046029099999941536,0.01900005340576172,0.00099945068359375,0.0233001708984375,0.0,1,0,165817,0.009786476868327001,9624.642464815704,2269.999999999998,104863.82976885837,10000.0,0.266417581723821,66.0,18,True,D:\git\git\RDMCT-A3C\cie\results\main\cie_main_600s_compact_final_v1\seed3\solutions\cie_core_nominal__cie_core_n024_f018_m006_proc100__rdmct_feature_only__solverseed_3__trainseed_1__trainseed_1.sol,,,,D:\git\git\RDMCT-A3C\cie\models\feature_only\seed_1\itr_60.pkl,23,False,greedy,
cie_core_nominal,dual_source_cluster_tool,8_to_32_wafers_nominal_processing,test,600.0,[],D:\git\git\RDMCT-A3C\cie\data\core\spbs\cie_core_n024_f018_m006_proc100.lp,spbs\cie_core_n024_f018_m006_proc100.lp,cie_core_n024_f018_m006_proc100.lp,hem_beam,3,1,trainseed_1,auto,2026-07-22T23:38:07,timelimit,600.0,600.087827899999,1,0.4700086000011652,0.4231758117675781,0.0,0.044207096099853516,0.0,1,0,257346,0.11675579322638151,8342.981858568475,2505.999999999999,104909.82976885838,10000.0,0.3677198516897856,170.0000000000009,5,True,D:\git\git\RDMCT-A3C\cie\results\main\cie_main_600s_compact_final_v1\seed3\solutions\cie_core_nominal__cie_core_n024_f018_m006_proc100__hem_beam__solverseed_3__trainseed_1__trainseed_1.sol,,,,D:\git\git\RDMCT-A3C\cie\models\hem\seed_1\itr_60.pkl,13,False,beam_search,
cie_core_nominal,dual_source_cluster_tool,8_to_32_wafers_nominal_processing,test,600.0,[],D:\git\git\RDMCT-A3C\cie\data\core\spbs\cie_core_n024_f018_m006_proc100.lp,spbs\cie_core_n024_f018_m006_proc100.lp,cie_core_n024_f018_m006_proc100.lp,hem_structure,3,1,trainseed_1,auto,2026-07-22T23:48:07,optimal,415.0,415.2611794999975,1,0.03262449999965611,0.017102479934692383,0.0030002593994140625,0.00700068473815918,0.0029997825622558594,1,0,108793,0.0,10220.570204671174,2269.9999999999973,104657.82976885836,10000.0,0.26641758172382046,66.00000000000091,11,True,D:\git\git\RDMCT-A3C\cie\results\main\cie_main_600s_compact_final_v1\seed3\solutions\cie_core_nominal__cie_core_n024_f018_m006_proc100__hem_structure__solverseed_3__trainseed_1__trainseed_1.sol,,,,D:\git\git\RDMCT-A3C\cie\models\proposed\seed_1\itr_60.pkl,23,True,greedy,
cie_core_nominal,dual_source_cluster_tool,8_to_32_wafers_nominal_processing,test,600.0,[],D:\git\git\RDMCT-A3C\cie\data\core\spbs\cie_core_n024_f018_m006_proc100.lp,spbs\cie_core_n024_f018_m006_proc100.lp,cie_core_n024_f018_m006_proc100.lp,proposed,3,1,trainseed_1,auto,2026-07-22T23:55:02,optimal,420.0,419.7953125999993,1,0.03690429999915068,0.01800084114074707,0.0009989738464355469,0.013002395629882812,0.001999378204345703,1,0,108793,0.0,10439.248765182983,2269.9999999999973,104657.82976885836,10000.0,0.26641758172382046,66.00000000000091,11,True,D:\git\git\RDMCT-A3C\cie\results\main\cie_main_600s_compact_final_v1\seed3\solutions\cie_core_nominal__cie_core_n024_f018_m006_proc100__proposed__solverseed_3__trainseed_1__trainseed_1.sol,,,,D:\git\git\RDMCT-A3C\cie\models\proposed\seed_1\itr_60.pkl,23,True,beam_search,
cie_core_nominal,dual_source_cluster_tool,8_to_32_wafers_nominal_processing,test,600.0,[],D:\git\git\RDMCT-A3C\cie\data\core\spbs\cie_core_n024_f018_m006_proc100.lp,spbs\cie_core_n024_f018_m006_proc100.lp,cie_core_n024_f018_m006_proc100.lp,scip_default,3,1,trainseed_1,auto,2026-07-23T00:02:02,timelimit,600.0,599.9786041999978,0,0.0,0.0,0.0,0.0,0.0,0,0,150621,0.24644128113879013,12924.68943660946,2801.999999999999,106386.82976885838,10000.0,0.5090282285379374,314.0000000000009,4,True,D:\git\git\RDMCT-A3C\cie\results\main\cie_main_600s_compact_final_v1\seed3\solutions\cie_core_nominal__cie_core_n024_f018_m006_proc100__scip_default__solverseed_3__trainseed_1__trainseed_1.sol,,,,,,False,,
cie_core_nominal,dual_source_cluster_tool,8_to_32_wafers_nominal_processing,test,600.0,[],D:\git\git\RDMCT-A3C\cie\data\core\spbs\cie_core_n032_f000_m032_proc100.lp,spbs\cie_core_n032_f000_m032_proc100.lp,cie_core_n032_f000_m032_proc100.lp,hem,3,1,trainseed_1,auto,2026-07-23T00:12:02,optimal,355.0,355.5143659000023,1,0.08091159999821684,0.025097131729125977,0.0,0.020383358001708984,0.0,1,0,170534,0.0,4043.8332462697094,2592.0,200904.0,10000.0,0.0,0.0,7,True,D:\git\git\RDMCT-A3C\cie\results\main\cie_main_600s_compact_final_v1\seed3\solutions\cie_core_nominal__cie_core_n032_f000_m032_proc100__hem__solverseed_3__trainseed_1__trainseed_1.sol,,,,D:\git\git\RDMCT-A3C\cie\models\hem\seed_1\itr_60.pkl,13,False,greedy,
cie_core_nominal,dual_source_cluster_tool,8_to_32_wafers_nominal_processing,test,600.0,[],D:\git\git\RDMCT-A3C\cie\data\core\spbs\cie_core_n032_f000_m032_proc100.lp,spbs\cie_core_n032_f000_m032_proc100.lp,cie_core_n032_f000_m032_proc100.lp,rdmct_feature_only,3,1,trainseed_1,auto,2026-07-23T00:17:57,timelimit,600.0,599.4026991999999,1,0.07269490000180667,0.016425132751464844,0.0,0.020996570587158203,0.0,1,0,248686,0.04861111111111111,6683.6633783061325,2718.0,203890.0,10000.0,0.1692239066562649,274.0,5,True,D:\git\git\RDMCT-A3C\cie\results\main\cie_main_600s_compact_final_v1\seed3\solutions\cie_core_nominal__cie_core_n032_f000_m032_proc100__rdmct_feature_only__solverseed_3__trainseed_1__trainseed_1.sol,,,,D:\git\git\RDMCT-A3C\cie\models\feature_only\seed_1\itr_60.pkl,23,False,greedy,
cie_core_nominal,dual_source_cluster_tool,8_to_32_wafers_nominal_processing,test,600.0,[],D:\git\git\RDMCT-A3C\cie\data\core\spbs\cie_core_n032_f000_m032_proc100.lp,spbs\cie_core_n032_f000_m032_proc100.lp,cie_core_n032_f000_m032_proc100.lp,hem_beam,3,1,trainseed_1,auto,2026-07-23T00:27:57,optimal,368.0,368.28889210000125,1,0.05461509999804548,0.01199960708618164,0.0010001659393310547,0.03950309753417969,0.0,1,0,170534,0.0,4093.079533717137,2592.0,200904.0,10000.0,0.0,0.0,7,True,D:\git\git\RDMCT-A3C\cie\results\main\cie_main_600s_compact_final_v1\seed3\solutions\cie_core_nominal__cie_core_n032_f000_m032_proc100__hem_beam__solverseed_3__trainseed_1__trainseed_1.sol,,,,D:\git\git\RDMCT-A3C\cie\models\hem\seed_1\itr_60.pkl,13,False,beam_search,
cie_core_nominal,dual_source_cluster_tool,8_to_32_wafers_nominal_processing,test,600.0,[],D:\git\git\RDMCT-A3C\cie\data\core\spbs\cie_core_n032_f000_m032_proc100.lp,spbs\cie_core_n032_f000_m032_proc100.lp,cie_core_n032_f000_m032_proc100.lp,hem_structure,3,1,trainseed_1,auto,2026-07-23T00:34:05,optimal,459.0,459.3104582999986,1,0.06404480000128387,0.017000436782836914,0.0,0.00915217399597168,0.0029997825622558594,1,0,185598,0.0,5037.827663652427,2592.0,202930.0,10000.0,0.014777899141282438,18.0,5,True,D:\git\git\RDMCT-A3C\cie\results\main\cie_main_600s_compact_final_v1\seed3\solutions\cie_core_nominal__cie_core_n032_f000_m032_proc100__hem_structure__solverseed_3__trainseed_1__trainseed_1.sol,,,,D:\git\git\RDMCT-A3C\cie\models\proposed\seed_1\itr_60.pkl,23,True,greedy,
cie_core_nominal,dual_source_cluster_tool,8_to_32_wafers_nominal_processing,test,600.0,[],D:\git\git\RDMCT-A3C\cie\data\core\spbs\cie_core_n032_f000_m032_proc100.lp,spbs\cie_core_n032_f000_m032_proc100.lp,cie_core_n032_f000_m032_proc100.lp,proposed,3,1,trainseed_1,auto,2026-07-23T00:41:44,optimal,450.0,449.876329499999,1,0.08168950000253972,0.02746105194091797,0.0010004043579101562,0.015403270721435547,0.0019996166229248047,1,0,185598,0.0,4940.995707729562,2592.0,202930.0,10000.0,0.014777899141282438,18.0,5,True,D:\git\git\RDMCT-A3C\cie\results\main\cie_main_600s_compact_final_v1\seed3\solutions\cie_core_nominal__cie_core_n032_f000_m032_proc100__proposed__solverseed_3__trainseed_1__trainseed_1.sol,,,,D:\git\git\RDMCT-A3C\cie\models\proposed\seed_1\itr_60.pkl,23,True,beam_search,
cie_core_nominal,dual_source_cluster_tool,8_to_32_wafers_nominal_processing,test,600.0,[],D:\git\git\RDMCT-A3C\cie\data\core\spbs\cie_core_n032_f000_m032_proc100.lp,spbs\cie_core_n032_f000_m032_proc100.lp,cie_core_n032_f000_m032_proc100.lp,scip_default,3,1,trainseed_1,auto,2026-07-23T00:49:14,optimal,352.0,351.7229155000023,0,0.0,0.0,0.0,0.0,0.0,0,0,110678,0.0,4391.410935756881,2592.0,201420.0,10000.0,0.013110979506457064,10.0,8,True,D:\git\git\RDMCT-A3C\cie\results\main\cie_main_600s_compact_final_v1\seed3\solutions\cie_core_nominal__cie_core_n032_f000_m032_proc100__scip_default__solverseed_3__trainseed_1__trainseed_1.sol,,,,,,False,,
cie_core_nominal,dual_source_cluster_tool,8_to_32_wafers_nominal_processing,test,600.0,[],D:\git\git\RDMCT-A3C\cie\data\core\spbs\cie_core_n032_f000_m032_proc100.lp,spbs\cie_core_n032_f000_m032_proc100.lp,cie_core_n032_f000_m032_proc100.lp,adaptive_cutsel,3,1,trainseed_1,auto,2026-07-23T00:55:06,timelimit,600.0,599.7571548000014,0,0.0,0.0,0.0,0.0,0.0,0,0,305655,0.06790123456790123,4926.978499879206,2768.0,202062.0,10000.0,0.21274009370508812,368.0,4,True,D:\git\git\RDMCT-A3C\cie\results\main\cie_main_600s_compact_final_v1\seed3\solutions\cie_core_nominal__cie_core_n032_f000_m032_proc100__adaptive_cutsel__solverseed_3__trainseed_1__trainseed_1.sol,,"{""dircutoffdistweight"": 0.0, ""efficacyweight"": 0.75, ""intsupportweight"": 0.0, ""objparalweight"": 0.25}",global_default,,,False,,
cie_core_nominal,dual_source_cluster_tool,8_to_32_wafers_nominal_processing,test,600.0,[],D:\git\git\RDMCT-A3C\cie\data\core\spbs\cie_core_n032_f008_m024_proc100.lp,spbs\cie_core_n032_f008_m024_proc100.lp,cie_core_n032_f008_m024_proc100.lp,rdmct_feature_only,3,1,trainseed_1,auto,2026-07-23T01:05:06,timelimit,600.0,600.0607557000003,1,0.07298910000099568,0.01521921157836914,0.0010013580322265625,0.021155357360839844,0.0,1,0,114112,0.10692307692307693,6080.4330579021,2878.0,183540.0,10000.0,0.0059975131832828215,4.0,6,True,D:\git\git\RDMCT-A3C\cie\results\main\cie_main_600s_compact_final_v1\seed3\solutions\cie_core_nominal__cie_core_n032_f008_m024_proc100__rdmct_feature_only__solverseed_3__trainseed_1__trainseed_1.sol,,,,D:\git\git\RDMCT-A3C\cie\models\feature_only\seed_1\itr_60.pkl,23,False,greedy,
cie_core_nominal,dual_source_cluster_tool,8_to_32_wafers_nominal_processing,test,600.0,[],D:\git\git\RDMCT-A3C\cie\data\core\spbs\cie_core_n032_f008_m024_proc100.lp,spbs\cie_core_n032_f008_m024_proc100.lp,cie_core_n032_f008_m024_proc100.lp,hem_beam,3,1,trainseed_1,auto,2026-07-23T01:15:06,timelimit,600.0,599.9083514000013,1,0.09848649999912595,0.024448394775390625,0.0,0.03740072250366211,0.0,1,0,181911,0.008448540706605223,5423.646875946305,2626.0,181776.0,10000.0,0.06191032941996747,42.0,12,True,D:\git\git\RDMCT-A3C\cie\results\main\cie_main_600s_compact_final_v1\seed3\solutions\cie_core_nominal__cie_core_n032_f008_m024_proc100__hem_beam__solverseed_3__trainseed_1__trainseed_1.sol,,,,D:\git\git\RDMCT-A3C\cie\models\hem\seed_1\itr_60.pkl,13,False,beam_search,
cie_core_nominal,dual_source_cluster_tool,8_to_32_wafers_nominal_processing,test,600.0,[],D:\git\git\RDMCT-A3C\cie\data\core\spbs\cie_core_n032_f008_m024_proc100.lp,spbs\cie_core_n032_f008_m024_proc100.lp,cie_core_n032_f008_m024_proc100.lp,hem_structure,3,1,trainseed_1,auto,2026-07-23T01:25:06,timelimit,600.0,600.0718680000027,1,0.06326970000009169,0.016153335571289062,0.0,0.009091377258300781,0.002999544143676758,1,0,143198,0.10522273425499232,6804.627392471275,2878.0,183428.0,10000.0,0.06624417024677896,90.0,2,True,D:\git\git\RDMCT-A3C\cie\results\main\cie_main_600s_compact_final_v1\seed3\solutions\cie_core_nominal__cie_core_n032_f008_m024_proc100__hem_structure__solverseed_3__trainseed_1__trainseed_1.sol,,,,D:\git\git\RDMCT-A3C\cie\models\proposed\seed_1\itr_60.pkl,23,True,greedy,
cie_core_nominal,dual_source_cluster_tool,8_to_32_wafers_nominal_processing,test,600.0,[],D:\git\git\RDMCT-A3C\cie\data\core\spbs\cie_core_n032_f008_m024_proc100.lp,spbs\cie_core_n032_f008_m024_proc100.lp,cie_core_n032_f008_m024_proc100.lp,proposed,3,1,trainseed_1,auto,2026-07-23T01:35:06,timelimit,600.0,599.9983665,1,0.11125759999777074,0.01718425750732422,0.0,0.017412900924682617,0.0031900405883789062,1,0,141771,0.10522273425499232,6718.099558396792,2878.0,183428.0,10000.0,0.06624417024677896,90.0,2,True,D:\git\git\RDMCT-A3C\cie\results\main\cie_main_600s_compact_final_v1\seed3\solutions\cie_core_nominal__cie_core_n032_f008_m024_proc100__proposed__solverseed_3__trainseed_1__trainseed_1.sol,,,,D:\git\git\RDMCT-A3C\cie\models\proposed\seed_1\itr_60.pkl,23,True,beam_search,
cie_core_nominal,dual_source_cluster_tool,8_to_32_wafers_nominal_processing,test,600.0,[],D:\git\git\RDMCT-A3C\cie\data\core\spbs\cie_core_n032_f008_m024_proc100.lp,spbs\cie_core_n032_f008_m024_proc100.lp,cie_core_n032_f008_m024_proc100.lp,scip_default,3,1,trainseed_1,auto,2026-07-23T01:45:06,timelimit,600.0,599.9466995000002,0,0.0,0.0,0.0,0.0,0.0,0,0,157415,0.008448540706605223,5718.023676291892,2626.0,182300.0,10000.0,0.06191032941996747,42.0,10,True,D:\git\git\RDMCT-A3C\cie\results\main\cie_main_600s_compact_final_v1\seed3\solutions\cie_core_nominal__cie_core_n032_f008_m024_proc100__scip_default__solverseed_3__trainseed_1__trainseed_1.sol,,,,,,False,,
cie_core_nominal,dual_source_cluster_tool,8_to_32_wafers_nominal_processing,test,600.0,[],D:\git\git\RDMCT-A3C\cie\data\core\spbs\cie_core_n032_f008_m024_proc100.lp,spbs\cie_core_n032_f008_m024_proc100.lp,cie_core_n032_f008_m024_proc100.lp,adaptive_cutsel,3,1,trainseed_1,auto,2026-07-23T01:55:06,timelimit,600.0,600.0314765000003,0,0.0,0.0,0.0,0.0,0.0,0,0,149784,0.1767870868562644,9159.568909209665,3062.0,165905.0,10000.0,0.192432155071815,272.0,1,True,D:\git\git\RDMCT-A3C\cie\results\main\cie_main_600s_compact_final_v1\seed3\solutions\cie_core_nominal__cie_core_n032_f008_m024_proc100__adaptive_cutsel__solverseed_3__trainseed_1__trainseed_1.sol,,"{""dircutoffdistweight"": 0.0, ""efficacyweight"": 0.75, ""intsupportweight"": 0.0, ""objparalweight"": 0.25}",global_default,,,False,,
cie_core_nominal,dual_source_cluster_tool,8_to_32_wafers_nominal_processing,test,600.0,[],D:\git\git\RDMCT-A3C\cie\data\core\spbs\cie_core_n032_f008_m024_proc100.lp,spbs\cie_core_n032_f008_m024_proc100.lp,cie_core_n032_f008_m024_proc100.lp,hem,3,1,trainseed_1,auto,2026-07-23T02:05:06,timelimit,600.0,599.8946504999985,1,0.07266489999892656,0.01253509521484375,0.0029571056365966797,0.020544767379760742,0.0,1,0,176462,0.008448540706605223,5510.613103974465,2626.0,181776.0,10000.0,0.06191032941996747,42.0,12,True,D:\git\git\RDMCT-A3C\cie\results\main\cie_main_600s_compact_final_v1\seed3\solutions\cie_core_nominal__cie_core_n032_f008_m024_proc100__hem__solverseed_3__trainseed_1__trainseed_1.sol,,,,D:\git\git\RDMCT-A3C\cie\models\hem\seed_1\itr_60.pkl,13,False,greedy,
cie_core_nominal,dual_source_cluster_tool,8_to_32_wafers_nominal_processing,test,600.0,[],D:\git\git\RDMCT-A3C\cie\data\core\spbs\cie_core_n032_f016_m016_proc100.lp,spbs\cie_core_n032_f016_m016_proc100.lp,cie_core_n032_f016_m016_proc100.lp,hem_beam,3,1,trainseed_1,auto,2026-07-23T02:15:06,timelimit,600.0,600.0829713999992,1,0.10401640000054613,0.017826557159423828,0.0,0.044097185134887695,0.0,1,0,58530,3.0518638573743924,45752.119999999995,10000.0,192542.0,10000.0,0.7103546114337526,6.0,1,True,D:\git\git\RDMCT-A3C\cie\results\main\cie_main_600s_compact_final_v1\seed3\solutions\cie_core_nominal__cie_core_n032_f016_m016_proc100__hem_beam__solverseed_3__trainseed_1__trainseed_1.sol,,,,D:\git\git\RDMCT-A3C\cie\models\hem\seed_1\itr_60.pkl,13,False,beam_search,
cie_core_nominal,dual_source_cluster_tool,8_to_32_wafers_nominal_processing,test,600.0,[],D:\git\git\RDMCT-A3C\cie\data\core\spbs\cie_core_n032_f016_m016_proc100.lp,spbs\cie_core_n032_f016_m016_proc100.lp,cie_core_n032_f016_m016_proc100.lp,hem_structure,3,1,trainseed_1,auto,2026-07-23T02:25:06,timelimit,600.0,599.998212100003,1,0.10408929999903194,0.03765082359313965,0.0009999275207519531,0.021091222763061523,0.003135204315185547,1,0,55739,3.037141703673799,45715.018062812465,10000.0,192542.0,10000.0,0.7103546114337526,6.0,1,True,D:\git\git\RDMCT-A3C\cie\results\main\cie_main_600s_compact_final_v1\seed3\solutions\cie_core_nominal__cie_core_n032_f016_m016_proc100__hem_structure__solverseed_3__trainseed_1__trainseed_1.sol,,,,D:\git\git\RDMCT-A3C\cie\models\proposed\seed_1\itr_60.pkl,23,True,greedy,
cie_core_nominal,dual_source_cluster_tool,8_to_32_wafers_nominal_processing,test,600.0,[],D:\git\git\RDMCT-A3C\cie\data\core\spbs\cie_core_n032_f016_m016_proc100.lp,spbs\cie_core_n032_f016_m016_proc100.lp,cie_core_n032_f016_m016_proc100.lp,proposed,3,1,trainseed_1,auto,2026-07-23T02:35:06,timelimit,600.0,600.0047209999975,1,0.0843550999998115,0.03049635887145996,0.0,0.04282116889953613,0.002003192901611328,1,0,56116,3.037141703673799,45717.558062812466,10000.0,192542.0,10000.0,0.7103546114337526,6.0,1,True,D:\git\git\RDMCT-A3C\cie\results\main\cie_main_600s_compact_final_v1\seed3\solutions\cie_core_nominal__cie_core_n032_f016_m016_proc100__proposed__solverseed_3__trainseed_1__trainseed_1.sol,,,,D:\git\git\RDMCT-A3C\cie\models\proposed\seed_1\itr_60.pkl,23,True,beam_search,
cie_core_nominal,dual_source_cluster_tool,8_to_32_wafers_nominal_processing,test,600.0,[],D:\git\git\RDMCT-A3C\cie\data\core\spbs\cie_core_n032_f016_m016_proc100.lp,spbs\cie_core_n032_f016_m016_proc100.lp,cie_core_n032_f016_m016_proc100.lp,scip_default,3,1,trainseed_1,auto,2026-07-23T02:45:06,timelimit,600.0,600.0015026000001,0,0.0,0.0,0.0,0.0,0.0,0,0,42026,3.038772213247173,45615.75664452989,10000.0,192542.0,10000.0,0.7103546114337526,6.0,1,True,D:\git\git\RDMCT-A3C\cie\results\main\cie_main_600s_compact_final_v1\seed3\solutions\cie_core_nominal__cie_core_n032_f016_m016_proc100__scip_default__solverseed_3__trainseed_1__trainseed_1.sol,,,,,,False,,
cie_core_nominal,dual_source_cluster_tool,8_to_32_wafers_nominal_processing,test,600.0,[],D:\git\git\RDMCT-A3C\cie\data\core\spbs\cie_core_n032_f016_m016_proc100.lp,spbs\cie_core_n032_f016_m016_proc100.lp,cie_core_n032_f016_m016_proc100.lp,adaptive_cutsel,3,1,trainseed_1,auto,2026-07-23T02:55:06,timelimit,600.0,600.0609077000008,0,0.0,0.0,0.0,0.0,0.0,0,0,47357,3.035512510088781,45533.329999999994,10000.0,192542.0,10000.0,0.7103546114337526,6.0,1,True,D:\git\git\RDMCT-A3C\cie\results\main\cie_main_600s_compact_final_v1\seed3\solutions\cie_core_nominal__cie_core_n032_f016_m016_proc100__adaptive_cutsel__solverseed_3__trainseed_1__trainseed_1.sol,,"{""dircutoffdistweight"": 0.0, ""efficacyweight"": 0.75, ""intsupportweight"": 0.0, ""objparalweight"": 0.25}",global_default,,,False,,
cie_core_nominal,dual_source_cluster_tool,8_to_32_wafers_nominal_processing,test,600.0,[],D:\git\git\RDMCT-A3C\cie\data\core\spbs\cie_core_n032_f016_m016_proc100.lp,spbs\cie_core_n032_f016_m016_proc100.lp,cie_core_n032_f016_m016_proc100.lp,hem,3,1,trainseed_1,auto,2026-07-23T03:05:06,timelimit,600.0,599.9483643999993,1,0.09264099999927566,0.02629542350769043,0.004000663757324219,0.02029132843017578,0.0,1,0,60155,3.0518638573743924,45725.92,10000.0,192542.0,10000.0,0.7103546114337526,6.0,1,True,D:\git\git\RDMCT-A3C\cie\results\main\cie_main_600s_compact_final_v1\seed3\solutions\cie_core_nominal__cie_core_n032_f016_m016_proc100__hem__solverseed_3__trainseed_1__trainseed_1.sol,,,,D:\git\git\RDMCT-A3C\cie\models\hem\seed_1\itr_60.pkl,13,False,greedy,
cie_core_nominal,dual_source_cluster_tool,8_to_32_wafers_nominal_processing,test,600.0,[],D:\git\git\RDMCT-A3C\cie\data\core\spbs\cie_core_n032_f016_m016_proc100.lp,spbs\cie_core_n032_f016_m016_proc100.lp,cie_core_n032_f016_m016_proc100.lp,rdmct_feature_only,3,1,trainseed_1,auto,2026-07-23T03:15:06,timelimit,600.0,599.9757720999987,1,0.06294899999920744,0.032311201095581055,0.0,0.021858692169189453,0.0,1,0,58920,3.163197335553705,46038.92581918312,10000.0,192542.0,10000.0,0.7103546114337526,6.0,1,True,D:\git\git\RDMCT-A3C\cie\results\main\cie_main_600s_compact_final_v1\seed3\solutions\cie_core_nominal__cie_core_n032_f016_m016_proc100__rdmct_feature_only__solverseed_3__trainseed_1__trainseed_1.sol,,,,D:\git\git\RDMCT-A3C\cie\models\feature_only\seed_1\itr_60.pkl,23,False,greedy,
cie_core_nominal,dual_source_cluster_tool,8_to_32_wafers_nominal_processing,test,600.0,[],D:\git\git\RDMCT-A3C\cie\data\core\spbs\cie_core_n032_f024_m008_proc100.lp,spbs\cie_core_n032_f024_m008_proc100.lp,cie_core_n032_f024_m008_proc100.lp,hem_structure,3,1,trainseed_1,auto,2026-07-23T03:25:06,timelimit,600.0,600.0156591999985,1,0.07061830000020564,0.02262115478515625,0.0010013580322265625,0.007999897003173828,0.0019991397857666016,1,0,44628,0.6200245783139484,24095.32964881991,3959.34006939929,142645.95834699017,10000.0,0.6570863853867019,369.5226088123127,1,True,D:\git\git\RDMCT-A3C\cie\results\main\cie_main_600s_compact_final_v1\seed3\solutions\cie_core_nominal__cie_core_n032_f024_m008_proc100__hem_structure__solverseed_3__trainseed_1__trainseed_1.sol,,,,D:\git\git\RDMCT-A3C\cie\models\proposed\seed_1\itr_60.pkl,23,True,greedy,
cie_core_nominal,dual_source_cluster_tool,8_to_32_wafers_nominal_processing,test,600.0,[],D:\git\git\RDMCT-A3C\cie\data\core\spbs\cie_core_n032_f024_m008_proc100.lp,spbs\cie_core_n032_f024_m008_proc100.lp,cie_core_n032_f024_m008_proc100.lp,proposed,3,1,trainseed_1,auto,2026-07-23T03:35:06,timelimit,600.0,599.9893502000014,1,0.07840519999808748,0.02333211898803711,0.0,0.017117738723754883,0.002000093460083008,1,0,44821,0.6200245783139484,24093.71321782691,3959.34006939929,142645.95834699017,10000.0,0.6570863853867019,369.5226088123127,1,True,D:\git\git\RDMCT-A3C\cie\results\main\cie_main_600s_compact_final_v1\seed3\solutions\cie_core_nominal__cie_core_n032_f024_m008_proc100__proposed__solverseed_3__trainseed_1__trainseed_1.sol,,,,D:\git\git\RDMCT-A3C\cie\models\proposed\seed_1\itr_60.pkl,23,True,beam_search,
cie_core_nominal,dual_source_cluster_tool,8_to_32_wafers_nominal_processing,test,600.0,[],D:\git\git\RDMCT-A3C\cie\data\core\spbs\cie_core_n032_f024_m008_proc100.lp,spbs\cie_core_n032_f024_m008_proc100.lp,cie_core_n032_f024_m008_proc100.lp,scip_default,3,1,trainseed_1,auto,2026-07-23T03:45:06,timelimit,600.0,600.0327730999998,0,0.0,0.0,0.0,0.0,0.0,0,0,53824,0.576170409792711,22990.322267965203,3959.34006939929,142645.95834699017,10000.0,0.6570863853867019,369.5226088123127,1,True,D:\git\git\RDMCT-A3C\cie\results\main\cie_main_600s_compact_final_v1\seed3\solutions\cie_core_nominal__cie_core_n032_f024_m008_proc100__scip_default__solverseed_3__trainseed_1__trainseed_1.sol,,,,,,False,,
cie_core_nominal,dual_source_cluster_tool,8_to_32_wafers_nominal_processing,test,600.0,[],D:\git\git\RDMCT-A3C\cie\data\core\spbs\cie_core_n032_f024_m008_proc100.lp,spbs\cie_core_n032_f024_m008_proc100.lp,cie_core_n032_f024_m008_proc100.lp,adaptive_cutsel,3,1,trainseed_1,auto,2026-07-23T03:55:06,timelimit,600.0,600.0183935999994,0,0.0,0.0,0.0,0.0,0.0,0,0,53091,0.576170409792711,23059.27315251032,3959.34006939929,142645.95834699017,10000.0,0.6570863853867019,369.5226088123127,1,True,D:\git\git\RDMCT-A3C\cie\results\main\cie_main_600s_compact_final_v1\seed3\solutions\cie_core_nominal__cie_core_n032_f024_m008_proc100__adaptive_cutsel__solverseed_3__trainseed_1__trainseed_1.sol,,"{""dircutoffdistweight"": 0.0, ""efficacyweight"": 0.75, ""intsupportweight"": 0.0, ""objparalweight"": 0.25}",global_default,,,False,,
cie_core_nominal,dual_source_cluster_tool,8_to_32_wafers_nominal_processing,test,600.0,[],D:\git\git\RDMCT-A3C\cie\data\core\spbs\cie_core_n032_f024_m008_proc100.lp,spbs\cie_core_n032_f024_m008_proc100.lp,cie_core_n032_f024_m008_proc100.lp,hem,3,1,trainseed_1,auto,2026-07-23T04:05:06,timelimit,600.0,599.9522428000018,1,0.11763849999988452,0.018568038940429688,0.0,0.020157337188720703,0.0,1,0,56377,0.5755432031035773,23290.725865320368,3959.34006939929,142645.95834699017,10000.0,0.6570863853867019,369.5226088123127,1,True,D:\git\git\RDMCT-A3C\cie\results\main\cie_main_600s_compact_final_v1\seed3\solutions\cie_core_nominal__cie_core_n032_f024_m008_proc100__hem__solverseed_3__trainseed_1__trainseed_1.sol,,,,D:\git\git\RDMCT-A3C\cie\models\hem\seed_1\itr_60.pkl,13,False,greedy,
cie_core_nominal,dual_source_cluster_tool,8_to_32_wafers_nominal_processing,test,600.0,[],D:\git\git\RDMCT-A3C\cie\data\core\spbs\cie_core_n032_f024_m008_proc100.lp,spbs\cie_core_n032_f024_m008_proc100.lp,cie_core_n032_f024_m008_proc100.lp,rdmct_feature_only,3,1,trainseed_1,auto,2026-07-23T04:15:06,timelimit,600.0,600.0380246999994,1,0.07951519999915035,0.023303508758544922,0.0010004043579101562,0.01909160614013672,0.0,1,0,51690,0.5856387943128915,23511.46972280181,3959.34006939929,142645.95834699017,10000.0,0.6570863853867019,369.5226088123127,1,True,D:\git\git\RDMCT-A3C\cie\results\main\cie_main_600s_compact_final_v1\seed3\solutions\cie_core_nominal__cie_core_n032_f024_m008_proc100__rdmct_feature_only__solverseed_3__trainseed_1__trainseed_1.sol,,,,D:\git\git\RDMCT-A3C\cie\models\feature_only\seed_1\itr_60.pkl,23,False,greedy,
cie_core_nominal,dual_source_cluster_tool,8_to_32_wafers_nominal_processing,test,600.0,[],D:\git\git\RDMCT-A3C\cie\data\core\spbs\cie_core_n032_f024_m008_proc100.lp,spbs\cie_core_n032_f024_m008_proc100.lp,cie_core_n032_f024_m008_proc100.lp,hem_beam,3,1,trainseed_1,auto,2026-07-23T04:25:06,timelimit,600.0,599.944313,1,0.0628151000055368,0.018999338150024414,0.0,0.04114079475402832,0.0,1,0,57533,0.5755432031035773,23158.20378062871,3959.34006939929,142645.95834699017,10000.0,0.6570863853867019,369.5226088123127,1,True,D:\git\git\RDMCT-A3C\cie\results\main\cie_main_600s_compact_final_v1\seed3\solutions\cie_core_nominal__cie_core_n032_f024_m008_proc100__hem_beam__solverseed_3__trainseed_1__trainseed_1.sol,,,,D:\git\git\RDMCT-A3C\cie\models\hem\seed_1\itr_60.pkl,13,False,beam_search,
