suite,family,scale,split,time_limit,solver_seeds,path,relative_path,instance,method,seed,training_seed,run_label,warm_start,started_at,status,solving_time,end_to_end_time,cutsel_callback_calls,cutsel_callback_time,cutsel_feature_time,cutsel_device_transfer_time,cutsel_policy_inference_time,cutsel_structure_rerank_time,cutsel_root_calls,cutsel_nonroot_calls,nodes,gap,primal_dual_integral,best_objective,schedule_total_wait,schedule_max_wait,schedule_cadence_cv,schedule_cadence_deviation_sum,n_solutions,has_incumbent,solution_file,solution_write_error,acs_weights,acs_weight_source,policy_model,feature_dim,structure_rerank,decode_type,error
cie_core_nominal,dual_source_cluster_tool,8_to_32_wafers_nominal_processing,test,600.0,[],D:\git\git\RDMCT-A3C\cie\data\core\pure41\cie_core_n008_f008_m000_proc100.lp,pure41\cie_core_n008_f008_m000_proc100.lp,cie_core_n008_f008_m000_proc100.lp,scip_default,1,1,trainseed_1,auto,2026-07-22T19:15:12,optimal,0.0,0.055260900000007496,0,0.0,0.0,0.0,0.0,0.0,0,0,1,0.0,0.0,610.0,424.0,58.0,0.0,0.0,1,True,D:\git\git\RDMCT-A3C\cie\results\main\cie_main_600s_compact_final_v1\seed1\solutions\cie_core_nominal__cie_core_n008_f008_m000_proc100__scip_default__solverseed_1__trainseed_1__trainseed_1.sol,,,,,,False,,
cie_core_nominal,dual_source_cluster_tool,8_to_32_wafers_nominal_processing,test,600.0,[],D:\git\git\RDMCT-A3C\cie\data\core\pure41\cie_core_n008_f008_m000_proc100.lp,pure41\cie_core_n008_f008_m000_proc100.lp,cie_core_n008_f008_m000_proc100.lp,adaptive_cutsel,1,1,trainseed_1,auto,2026-07-22T19:15:12,optimal,0.0,0.04554080000002614,0,0.0,0.0,0.0,0.0,0.0,0,0,1,0.0,0.0,610.0,424.0,58.0,0.0,0.0,1,True,D:\git\git\RDMCT-A3C\cie\results\main\cie_main_600s_compact_final_v1\seed1\solutions\cie_core_nominal__cie_core_n008_f008_m000_proc100__adaptive_cutsel__solverseed_1__trainseed_1__trainseed_1.sol,,"{""dircutoffdistweight"": 0.0, ""efficacyweight"": 0.75, ""intsupportweight"": 0.0, ""objparalweight"": 0.25}",global_default,,,False,,
cie_core_nominal,dual_source_cluster_tool,8_to_32_wafers_nominal_processing,test,600.0,[],D:\git\git\RDMCT-A3C\cie\data\core\pure41\cie_core_n008_f008_m000_proc100.lp,pure41\cie_core_n008_f008_m000_proc100.lp,cie_core_n008_f008_m000_proc100.lp,hem,1,1,trainseed_1,auto,2026-07-22T19:15:12,optimal,0.0,0.523663699999986,1,0.47716430000002674,0.0030007362365722656,0.0009987354278564453,0.468350887298584,0.0,1,0,1,0.0,0.0,610.0,424.0,58.0,0.0,0.0,1,True,D:\git\git\RDMCT-A3C\cie\results\main\cie_main_600s_compact_final_v1\seed1\solutions\cie_core_nominal__cie_core_n008_f008_m000_proc100__hem__solverseed_1__trainseed_1__trainseed_1.sol,,,,D:\git\git\RDMCT-A3C\cie\models\hem\seed_1\itr_60.pkl,13,False,greedy,
cie_core_nominal,dual_source_cluster_tool,8_to_32_wafers_nominal_processing,test,600.0,[],D:\git\git\RDMCT-A3C\cie\data\core\pure41\cie_core_n008_f008_m000_proc100.lp,pure41\cie_core_n008_f008_m000_proc100.lp,cie_core_n008_f008_m000_proc100.lp,rdmct_feature_only,1,1,trainseed_1,auto,2026-07-22T19:15:12,optimal,0.0,0.07299139999997806,1,0.027092100000004393,0.0,0.0,0.02782130241394043,0.0,1,0,1,0.0,0.0,610.0,424.0,58.0,0.0,0.0,1,True,D:\git\git\RDMCT-A3C\cie\results\main\cie_main_600s_compact_final_v1\seed1\solutions\cie_core_nominal__cie_core_n008_f008_m000_proc100__rdmct_feature_only__solverseed_1__trainseed_1__trainseed_1.sol,,,,D:\git\git\RDMCT-A3C\cie\models\feature_only\seed_1\itr_60.pkl,23,False,greedy,
cie_core_nominal,dual_source_cluster_tool,8_to_32_wafers_nominal_processing,test,600.0,[],D:\git\git\RDMCT-A3C\cie\data\core\pure41\cie_core_n008_f008_m000_proc100.lp,pure41\cie_core_n008_f008_m000_proc100.lp,cie_core_n008_f008_m000_proc100.lp,hem_beam,1,1,trainseed_1,auto,2026-07-22T19:15:12,optimal,1.0,0.2417045999999914,1,0.19161819999999352,0.015317201614379883,0.0,0.18650174140930176,0.0,1,0,1,0.0,2.622950819672131,610.0,424.0,58.0,0.0,0.0,1,True,D:\git\git\RDMCT-A3C\cie\results\main\cie_main_600s_compact_final_v1\seed1\solutions\cie_core_nominal__cie_core_n008_f008_m000_proc100__hem_beam__solverseed_1__trainseed_1__trainseed_1.sol,,,,D:\git\git\RDMCT-A3C\cie\models\hem\seed_1\itr_60.pkl,13,False,beam_search,
cie_core_nominal,dual_source_cluster_tool,8_to_32_wafers_nominal_processing,test,600.0,[],D:\git\git\RDMCT-A3C\cie\data\core\pure41\cie_core_n008_f008_m000_proc100.lp,pure41\cie_core_n008_f008_m000_proc100.lp,cie_core_n008_f008_m000_proc100.lp,hem_structure,1,1,trainseed_1,auto,2026-07-22T19:15:13,optimal,0.0,0.0676684000000023,1,0.022379600000022037,0.0,0.0,0.020951509475708008,0.001617431640625,1,0,1,0.0,0.0,610.0,424.0,58.0,0.0,0.0,1,True,D:\git\git\RDMCT-A3C\cie\results\main\cie_main_600s_compact_final_v1\seed1\solutions\cie_core_nominal__cie_core_n008_f008_m000_proc100__hem_structure__solverseed_1__trainseed_1__trainseed_1.sol,,,,D:\git\git\RDMCT-A3C\cie\models\proposed\seed_1\itr_60.pkl,23,True,greedy,
cie_core_nominal,dual_source_cluster_tool,8_to_32_wafers_nominal_processing,test,600.0,[],D:\git\git\RDMCT-A3C\cie\data\core\pure41\cie_core_n008_f008_m000_proc100.lp,pure41\cie_core_n008_f008_m000_proc100.lp,cie_core_n008_f008_m000_proc100.lp,proposed,1,1,trainseed_1,auto,2026-07-22T19:15:13,optimal,0.0,0.08748979999995754,1,0.04114240000001246,0.0,0.0,0.033350229263305664,0.0,1,0,1,0.0,0.0,610.0,424.0,58.0,0.0,0.0,1,True,D:\git\git\RDMCT-A3C\cie\results\main\cie_main_600s_compact_final_v1\seed1\solutions\cie_core_nominal__cie_core_n008_f008_m000_proc100__proposed__solverseed_1__trainseed_1__trainseed_1.sol,,,,D:\git\git\RDMCT-A3C\cie\models\proposed\seed_1\itr_60.pkl,23,True,beam_search,
cie_core_nominal,dual_source_cluster_tool,8_to_32_wafers_nominal_processing,test,600.0,[],D:\git\git\RDMCT-A3C\cie\data\core\pure41\cie_core_n016_f016_m000_proc100.lp,pure41\cie_core_n016_f016_m000_proc100.lp,cie_core_n016_f016_m000_proc100.lp,adaptive_cutsel,1,1,trainseed_1,auto,2026-07-22T19:15:13,optimal,0.0,0.2748617999999965,0,0.0,0.0,0.0,0.0,0.0,0,0,1,0.0,0.0,944.0,21105.0,10000.0,0.015197568389057751,0.0,3,True,D:\git\git\RDMCT-A3C\cie\results\main\cie_main_600s_compact_final_v1\seed1\solutions\cie_core_nominal__cie_core_n016_f016_m000_proc100__adaptive_cutsel__solverseed_1__trainseed_1__trainseed_1.sol,,"{""dircutoffdistweight"": 0.0, ""efficacyweight"": 0.75, ""intsupportweight"": 0.0, ""objparalweight"": 0.25}",global_default,,,False,,
cie_core_nominal,dual_source_cluster_tool,8_to_32_wafers_nominal_processing,test,600.0,[],D:\git\git\RDMCT-A3C\cie\data\core\pure41\cie_core_n016_f016_m000_proc100.lp,pure41\cie_core_n016_f016_m000_proc100.lp,cie_core_n016_f016_m000_proc100.lp,hem,1,1,trainseed_1,auto,2026-07-22T19:15:13,optimal,0.0,0.28918730000003734,1,0.025378899999964233,0.0055179595947265625,0.0,0.018549203872680664,0.0,1,0,1,0.0,0.0,944.0,21270.0,10000.0,0.015197568389057751,0.0,2,True,D:\git\git\RDMCT-A3C\cie\results\main\cie_main_600s_compact_final_v1\seed1\solutions\cie_core_nominal__cie_core_n016_f016_m000_proc100__hem__solverseed_1__trainseed_1__trainseed_1.sol,,,,D:\git\git\RDMCT-A3C\cie\models\hem\seed_1\itr_60.pkl,13,False,greedy,
cie_core_nominal,dual_source_cluster_tool,8_to_32_wafers_nominal_processing,test,600.0,[],D:\git\git\RDMCT-A3C\cie\data\core\pure41\cie_core_n016_f016_m000_proc100.lp,pure41\cie_core_n016_f016_m000_proc100.lp,cie_core_n016_f016_m000_proc100.lp,rdmct_feature_only,1,1,trainseed_1,auto,2026-07-22T19:15:13,optimal,1.0,0.30854289999996354,1,0.040265099999999165,0.0010042190551757812,0.0,0.03358292579650879,0.0,1,0,1,0.0,100.0,944.0,21194.0,10000.0,0.015197568389057751,0.0,2,True,D:\git\git\RDMCT-A3C\cie\results\main\cie_main_600s_compact_final_v1\seed1\solutions\cie_core_nominal__cie_core_n016_f016_m000_proc100__rdmct_feature_only__solverseed_1__trainseed_1__trainseed_1.sol,,,,D:\git\git\RDMCT-A3C\cie\models\feature_only\seed_1\itr_60.pkl,23,False,greedy,
cie_core_nominal,dual_source_cluster_tool,8_to_32_wafers_nominal_processing,test,600.0,[],D:\git\git\RDMCT-A3C\cie\data\core\pure41\cie_core_n016_f016_m000_proc100.lp,pure41\cie_core_n016_f016_m000_proc100.lp,cie_core_n016_f016_m000_proc100.lp,hem_beam,1,1,trainseed_1,auto,2026-07-22T19:15:14,optimal,0.0,0.30654380000004267,1,0.038194999999973334,0.007826805114746094,0.0,0.025700807571411133,0.0,1,0,1,0.0,0.0,944.0,21270.0,10000.0,0.015197568389057751,0.0,2,True,D:\git\git\RDMCT-A3C\cie\results\main\cie_main_600s_compact_final_v1\seed1\solutions\cie_core_nominal__cie_core_n016_f016_m000_proc100__hem_beam__solverseed_1__trainseed_1__trainseed_1.sol,,,,D:\git\git\RDMCT-A3C\cie\models\hem\seed_1\itr_60.pkl,13,False,beam_search,
cie_core_nominal,dual_source_cluster_tool,8_to_32_wafers_nominal_processing,test,600.0,[],D:\git\git\RDMCT-A3C\cie\data\core\pure41\cie_core_n016_f016_m000_proc100.lp,pure41\cie_core_n016_f016_m000_proc100.lp,cie_core_n016_f016_m000_proc100.lp,hem_structure,1,1,trainseed_1,auto,2026-07-22T19:15:14,optimal,0.0,0.29829289999997854,1,0.028961600000002363,0.007003068923950195,0.0,0.013001441955566406,0.0,1,0,1,0.0,0.0,944.0,21270.0,10000.0,0.00906344410876133,0.0,2,True,D:\git\git\RDMCT-A3C\cie\results\main\cie_main_600s_compact_final_v1\seed1\solutions\cie_core_nominal__cie_core_n016_f016_m000_proc100__hem_structure__solverseed_1__trainseed_1__trainseed_1.sol,,,,D:\git\git\RDMCT-A3C\cie\models\proposed\seed_1\itr_60.pkl,23,True,greedy,
cie_core_nominal,dual_source_cluster_tool,8_to_32_wafers_nominal_processing,test,600.0,[],D:\git\git\RDMCT-A3C\cie\data\core\pure41\cie_core_n016_f016_m000_proc100.lp,pure41\cie_core_n016_f016_m000_proc100.lp,cie_core_n016_f016_m000_proc100.lp,proposed,1,1,trainseed_1,auto,2026-07-22T19:15:14,optimal,0.0,0.32080229999996845,1,0.04899039999997967,0.009444475173950195,0.0009996891021728516,0.035477399826049805,0.0010001659393310547,1,0,1,0.0,0.0,944.0,21270.0,10000.0,0.00906344410876133,0.0,2,True,D:\git\git\RDMCT-A3C\cie\results\main\cie_main_600s_compact_final_v1\seed1\solutions\cie_core_nominal__cie_core_n016_f016_m000_proc100__proposed__solverseed_1__trainseed_1__trainseed_1.sol,,,,D:\git\git\RDMCT-A3C\cie\models\proposed\seed_1\itr_60.pkl,23,True,beam_search,
cie_core_nominal,dual_source_cluster_tool,8_to_32_wafers_nominal_processing,test,600.0,[],D:\git\git\RDMCT-A3C\cie\data\core\pure41\cie_core_n016_f016_m000_proc100.lp,pure41\cie_core_n016_f016_m000_proc100.lp,cie_core_n016_f016_m000_proc100.lp,scip_default,1,1,trainseed_1,auto,2026-07-22T19:15:15,optimal,0.0,0.2728710000000092,0,0.0,0.0,0.0,0.0,0.0,0,0,1,0.0,0.0,944.0,21166.0,10000.0,0.0,0.0,2,True,D:\git\git\RDMCT-A3C\cie\results\main\cie_main_600s_compact_final_v1\seed1\solutions\cie_core_nominal__cie_core_n016_f016_m000_proc100__scip_default__solverseed_1__trainseed_1__trainseed_1.sol,,,,,,False,,
cie_core_nominal,dual_source_cluster_tool,8_to_32_wafers_nominal_processing,test,600.0,[],D:\git\git\RDMCT-A3C\cie\data\core\pure41\cie_core_n024_f024_m000_proc100.lp,pure41\cie_core_n024_f024_m000_proc100.lp,cie_core_n024_f024_m000_proc100.lp,hem,1,1,trainseed_1,auto,2026-07-22T19:15:15,optimal,2.0,2.5287806999999702,1,0.023971499999959178,0.008501529693603516,0.0,0.01432180404663086,0.0,1,0,1,0.0,200.0,1268.0,41539.0,10000.0,0.017731638458721,23.0,2,True,D:\git\git\RDMCT-A3C\cie\results\main\cie_main_600s_compact_final_v1\seed1\solutions\cie_core_nominal__cie_core_n024_f024_m000_proc100__hem__solverseed_1__trainseed_1__trainseed_1.sol,,,,D:\git\git\RDMCT-A3C\cie\models\hem\seed_1\itr_60.pkl,13,False,greedy,
cie_core_nominal,dual_source_cluster_tool,8_to_32_wafers_nominal_processing,test,600.0,[],D:\git\git\RDMCT-A3C\cie\data\core\pure41\cie_core_n024_f024_m000_proc100.lp,pure41\cie_core_n024_f024_m000_proc100.lp,cie_core_n024_f024_m000_proc100.lp,rdmct_feature_only,1,1,trainseed_1,auto,2026-07-22T19:15:17,optimal,3.0,2.4239204000000427,1,0.03375979999998435,0.012407541275024414,0.0,0.01874399185180664,0.0,1,0,1,0.0,300.0,1268.0,41626.0,10000.0,0.0132622573320741,10.0,2,True,D:\git\git\RDMCT-A3C\cie\results\main\cie_main_600s_compact_final_v1\seed1\solutions\cie_core_nominal__cie_core_n024_f024_m000_proc100__rdmct_feature_only__solverseed_1__trainseed_1__trainseed_1.sol,,,,D:\git\git\RDMCT-A3C\cie\models\feature_only\seed_1\itr_60.pkl,23,False,greedy,
cie_core_nominal,dual_source_cluster_tool,8_to_32_wafers_nominal_processing,test,600.0,[],D:\git\git\RDMCT-A3C\cie\data\core\pure41\cie_core_n024_f024_m000_proc100.lp,pure41\cie_core_n024_f024_m000_proc100.lp,cie_core_n024_f024_m000_proc100.lp,hem_beam,1,1,trainseed_1,auto,2026-07-22T19:15:20,optimal,2.0,2.488756099999989,1,0.06481300000001511,0.008646488189697266,0.0,0.05404353141784668,0.0,1,0,1,0.0,200.0,1268.0,41539.0,10000.0,0.017731638458721,23.0,2,True,D:\git\git\RDMCT-A3C\cie\results\main\cie_main_600s_compact_final_v1\seed1\solutions\cie_core_nominal__cie_core_n024_f024_m000_proc100__hem_beam__solverseed_1__trainseed_1__trainseed_1.sol,,,,D:\git\git\RDMCT-A3C\cie\models\hem\seed_1\itr_60.pkl,13,False,beam_search,
cie_core_nominal,dual_source_cluster_tool,8_to_32_wafers_nominal_processing,test,600.0,[],D:\git\git\RDMCT-A3C\cie\data\core\pure41\cie_core_n024_f024_m000_proc100.lp,pure41\cie_core_n024_f024_m000_proc100.lp,cie_core_n024_f024_m000_proc100.lp,hem_structure,1,1,trainseed_1,auto,2026-07-22T19:15:22,optimal,3.0,2.5831896999999913,1,0.053248100000018894,0.01272273063659668,0.0010004043579101562,0.03423500061035156,0.0020003318786621094,1,0,1,0.0,300.0,1268.0,41605.0,10000.0,0.017731638458721,23.0,2,True,D:\git\git\RDMCT-A3C\cie\results\main\cie_main_600s_compact_final_v1\seed1\solutions\cie_core_nominal__cie_core_n024_f024_m000_proc100__hem_structure__solverseed_1__trainseed_1__trainseed_1.sol,,,,D:\git\git\RDMCT-A3C\cie\models\proposed\seed_1\itr_60.pkl,23,True,greedy,
cie_core_nominal,dual_source_cluster_tool,8_to_32_wafers_nominal_processing,test,600.0,[],D:\git\git\RDMCT-A3C\cie\data\core\pure41\cie_core_n024_f024_m000_proc100.lp,pure41\cie_core_n024_f024_m000_proc100.lp,cie_core_n024_f024_m000_proc100.lp,proposed,1,1,trainseed_1,auto,2026-07-22T19:15:25,optimal,2.0,2.595525500000008,1,0.06969300000002931,0.01475667953491211,0.0,0.05074620246887207,0.0035216808319091797,1,0,1,0.0,200.0,1268.0,41605.0,10000.0,0.017731638458721,23.0,2,True,D:\git\git\RDMCT-A3C\cie\results\main\cie_main_600s_compact_final_v1\seed1\solutions\cie_core_nominal__cie_core_n024_f024_m000_proc100__proposed__solverseed_1__trainseed_1__trainseed_1.sol,,,,D:\git\git\RDMCT-A3C\cie\models\proposed\seed_1\itr_60.pkl,23,True,beam_search,
cie_core_nominal,dual_source_cluster_tool,8_to_32_wafers_nominal_processing,test,600.0,[],D:\git\git\RDMCT-A3C\cie\data\core\pure41\cie_core_n024_f024_m000_proc100.lp,pure41\cie_core_n024_f024_m000_proc100.lp,cie_core_n024_f024_m000_proc100.lp,scip_default,1,1,trainseed_1,auto,2026-07-22T19:15:27,optimal,3.0,2.4840518000000316,0,0.0,0.0,0.0,0.0,0.0,0,0,1,0.0,300.0,1268.0,41502.0,10000.0,0.0132622573320741,10.0,2,True,D:\git\git\RDMCT-A3C\cie\results\main\cie_main_600s_compact_final_v1\seed1\solutions\cie_core_nominal__cie_core_n024_f024_m000_proc100__scip_default__solverseed_1__trainseed_1__trainseed_1.sol,,,,,,False,,
cie_core_nominal,dual_source_cluster_tool,8_to_32_wafers_nominal_processing,test,600.0,[],D:\git\git\RDMCT-A3C\cie\data\core\pure41\cie_core_n024_f024_m000_proc100.lp,pure41\cie_core_n024_f024_m000_proc100.lp,cie_core_n024_f024_m000_proc100.lp,adaptive_cutsel,1,1,trainseed_1,auto,2026-07-22T19:15:30,optimal,2.0,2.438866100000041,0,0.0,0.0,0.0,0.0,0.0,0,0,1,0.0,200.0,1268.0,41502.0,10000.0,0.01326225733207425,10.000000000000114,2,True,D:\git\git\RDMCT-A3C\cie\results\main\cie_main_600s_compact_final_v1\seed1\solutions\cie_core_nominal__cie_core_n024_f024_m000_proc100__adaptive_cutsel__solverseed_1__trainseed_1__trainseed_1.sol,,"{""dircutoffdistweight"": 0.0, ""efficacyweight"": 0.75, ""intsupportweight"": 0.0, ""objparalweight"": 0.25}",global_default,,,False,,
cie_core_nominal,dual_source_cluster_tool,8_to_32_wafers_nominal_processing,test,600.0,[],D:\git\git\RDMCT-A3C\cie\data\core\pure41\cie_core_n032_f032_m000_proc100.lp,pure41\cie_core_n032_f032_m000_proc100.lp,cie_core_n032_f032_m000_proc100.lp,rdmct_feature_only,1,1,trainseed_1,auto,2026-07-22T19:15:32,optimal,7.0,7.56557319999996,1,0.03068580000001475,0.014002323150634766,0.0,0.014997482299804688,0.0,1,0,1,0.0,700.0,1592.0,62128.0,10000.0,0.011443541338279375,10.0,2,True,D:\git\git\RDMCT-A3C\cie\results\main\cie_main_600s_compact_final_v1\seed1\solutions\cie_core_nominal__cie_core_n032_f032_m000_proc100__rdmct_feature_only__solverseed_1__trainseed_1__trainseed_1.sol,,,,D:\git\git\RDMCT-A3C\cie\models\feature_only\seed_1\itr_60.pkl,23,False,greedy,
cie_core_nominal,dual_source_cluster_tool,8_to_32_wafers_nominal_processing,test,600.0,[],D:\git\git\RDMCT-A3C\cie\data\core\pure41\cie_core_n032_f032_m000_proc100.lp,pure41\cie_core_n032_f032_m000_proc100.lp,cie_core_n032_f032_m000_proc100.lp,hem_beam,1,1,trainseed_1,auto,2026-07-22T19:15:40,optimal,9.0,9.12382789999998,1,0.05684930000001032,0.020219802856445312,0.002999544143676758,0.02743697166442871,0.0,1,0,1,0.0,900.0,1592.0,62209.0,10000.0,0.016745977724454096,23.0,2,True,D:\git\git\RDMCT-A3C\cie\results\main\cie_main_600s_compact_final_v1\seed1\solutions\cie_core_nominal__cie_core_n032_f032_m000_proc100__hem_beam__solverseed_1__trainseed_1__trainseed_1.sol,,,,D:\git\git\RDMCT-A3C\cie\models\hem\seed_1\itr_60.pkl,13,False,beam_search,
cie_core_nominal,dual_source_cluster_tool,8_to_32_wafers_nominal_processing,test,600.0,[],D:\git\git\RDMCT-A3C\cie\data\core\pure41\cie_core_n032_f032_m000_proc100.lp,pure41\cie_core_n032_f032_m000_proc100.lp,cie_core_n032_f032_m000_proc100.lp,hem_structure,1,1,trainseed_1,auto,2026-07-22T19:15:49,optimal,11.0,10.751573600000029,1,0.044595500000014,0.011541604995727539,0.0,0.026794910430908203,0.0019998550415039062,1,0,1,0.0,1100.0,1592.0,62128.0,10000.0,0.011443541338279375,10.0,2,True,D:\git\git\RDMCT-A3C\cie\results\main\cie_main_600s_compact_final_v1\seed1\solutions\cie_core_nominal__cie_core_n032_f032_m000_proc100__hem_structure__solverseed_1__trainseed_1__trainseed_1.sol,,,,D:\git\git\RDMCT-A3C\cie\models\proposed\seed_1\itr_60.pkl,23,True,greedy,
cie_core_nominal,dual_source_cluster_tool,8_to_32_wafers_nominal_processing,test,600.0,[],D:\git\git\RDMCT-A3C\cie\data\core\pure41\cie_core_n032_f032_m000_proc100.lp,pure41\cie_core_n032_f032_m000_proc100.lp,cie_core_n032_f032_m000_proc100.lp,proposed,1,1,trainseed_1,auto,2026-07-22T19:16:00,optimal,11.0,11.27670999999998,1,0.10926150000000234,0.03568243980407715,0.0,0.05001091957092285,0.0020170211791992188,1,0,1,0.0,1100.0,1592.0,62128.0,10000.0,0.011443541338279375,10.0,2,True,D:\git\git\RDMCT-A3C\cie\results\main\cie_main_600s_compact_final_v1\seed1\solutions\cie_core_nominal__cie_core_n032_f032_m000_proc100__proposed__solverseed_1__trainseed_1__trainseed_1.sol,,,,D:\git\git\RDMCT-A3C\cie\models\proposed\seed_1\itr_60.pkl,23,True,beam_search,
cie_core_nominal,dual_source_cluster_tool,8_to_32_wafers_nominal_processing,test,600.0,[],D:\git\git\RDMCT-A3C\cie\data\core\pure41\cie_core_n032_f032_m000_proc100.lp,pure41\cie_core_n032_f032_m000_proc100.lp,cie_core_n032_f032_m000_proc100.lp,scip_default,1,1,trainseed_1,auto,2026-07-22T19:16:11,optimal,11.0,11.511869100000013,0,0.0,0.0,0.0,0.0,0.0,0,0,1,0.0,1100.0,1592.0,62104.0,10000.0,0.011443541338279375,10.0,2,True,D:\git\git\RDMCT-A3C\cie\results\main\cie_main_600s_compact_final_v1\seed1\solutions\cie_core_nominal__cie_core_n032_f032_m000_proc100__scip_default__solverseed_1__trainseed_1__trainseed_1.sol,,,,,,False,,
cie_core_nominal,dual_source_cluster_tool,8_to_32_wafers_nominal_processing,test,600.0,[],D:\git\git\RDMCT-A3C\cie\data\core\pure41\cie_core_n032_f032_m000_proc100.lp,pure41\cie_core_n032_f032_m000_proc100.lp,cie_core_n032_f032_m000_proc100.lp,adaptive_cutsel,1,1,trainseed_1,auto,2026-07-22T19:16:23,optimal,11.0,11.2158546,0,0.0,0.0,0.0,0.0,0.0,0,0,1,0.0,1100.0,1592.0,62104.0,10000.0,0.011443541338279375,10.0,2,True,D:\git\git\RDMCT-A3C\cie\results\main\cie_main_600s_compact_final_v1\seed1\solutions\cie_core_nominal__cie_core_n032_f032_m000_proc100__adaptive_cutsel__solverseed_1__trainseed_1__trainseed_1.sol,,"{""dircutoffdistweight"": 0.0, ""efficacyweight"": 0.75, ""intsupportweight"": 0.0, ""objparalweight"": 0.25}",global_default,,,False,,
cie_core_nominal,dual_source_cluster_tool,8_to_32_wafers_nominal_processing,test,600.0,[],D:\git\git\RDMCT-A3C\cie\data\core\pure41\cie_core_n032_f032_m000_proc100.lp,pure41\cie_core_n032_f032_m000_proc100.lp,cie_core_n032_f032_m000_proc100.lp,hem,1,1,trainseed_1,auto,2026-07-22T19:16:34,optimal,11.0,11.262981200000013,1,0.03958299999999326,0.01711273193359375,0.0009992122650146484,0.021003246307373047,0.0,1,0,1,0.0,1100.0,1592.0,62209.0,10000.0,0.016745977724454096,23.0,2,True,D:\git\git\RDMCT-A3C\cie\results\main\cie_main_600s_compact_final_v1\seed1\solutions\cie_core_nominal__cie_core_n032_f032_m000_proc100__hem__solverseed_1__trainseed_1__trainseed_1.sol,,,,D:\git\git\RDMCT-A3C\cie\models\hem\seed_1\itr_60.pkl,13,False,greedy,
cie_core_nominal,dual_source_cluster_tool,8_to_32_wafers_nominal_processing,test,600.0,[],D:\git\git\RDMCT-A3C\cie\data\core\spbs\cie_core_n008_f000_m008_proc100.lp,spbs\cie_core_n008_f000_m008_proc100.lp,cie_core_n008_f000_m008_proc100.lp,hem_beam,1,1,trainseed_1,auto,2026-07-22T19:16:45,optimal,0.0,0.2262309999999843,1,0.061068599999998696,0.030861377716064453,0.0009996891021728516,0.03502082824707031,0.005962848663330078,1,0,123,0.0,0.0,768.0,60096.0,10000.0,0.0,0.0,2,True,D:\git\git\RDMCT-A3C\cie\results\main\cie_main_600s_compact_final_v1\seed1\solutions\cie_core_nominal__cie_core_n008_f000_m008_proc100__hem_beam__solverseed_1__trainseed_1__trainseed_1.sol,,,,D:\git\git\RDMCT-A3C\cie\models\hem\seed_1\itr_60.pkl,13,False,beam_search,
cie_core_nominal,dual_source_cluster_tool,8_to_32_wafers_nominal_processing,test,600.0,[],D:\git\git\RDMCT-A3C\cie\data\core\spbs\cie_core_n008_f000_m008_proc100.lp,spbs\cie_core_n008_f000_m008_proc100.lp,cie_core_n008_f000_m008_proc100.lp,hem_structure,1,1,trainseed_1,auto,2026-07-22T19:16:45,optimal,1.0,1.1623761999999829,1,0.028422100000000228,0.00900125503540039,0.005678653717041016,0.008998632431030273,0.0029997825622558594,1,0,3851,0.0,44.50867052023121,768.0,60320.0,10000.0,0.0,0.0,2,True,D:\git\git\RDMCT-A3C\cie\results\main\cie_main_600s_compact_final_v1\seed1\solutions\cie_core_nominal__cie_core_n008_f000_m008_proc100__hem_structure__solverseed_1__trainseed_1__trainseed_1.sol,,,,D:\git\git\RDMCT-A3C\cie\models\proposed\seed_1\itr_60.pkl,23,True,greedy,
cie_core_nominal,dual_source_cluster_tool,8_to_32_wafers_nominal_processing,test,600.0,[],D:\git\git\RDMCT-A3C\cie\data\core\spbs\cie_core_n008_f000_m008_proc100.lp,spbs\cie_core_n008_f000_m008_proc100.lp,cie_core_n008_f000_m008_proc100.lp,proposed,1,1,trainseed_1,auto,2026-07-22T19:16:46,optimal,2.0,1.1188938999999891,1,0.026357300000029227,0.007998228073120117,0.0010006427764892578,0.006387233734130859,0.0,1,0,3851,0.0,144.50867052023122,768.0,60320.0,10000.0,0.0,0.0,2,True,D:\git\git\RDMCT-A3C\cie\results\main\cie_main_600s_compact_final_v1\seed1\solutions\cie_core_nominal__cie_core_n008_f000_m008_proc100__proposed__solverseed_1__trainseed_1__trainseed_1.sol,,,,D:\git\git\RDMCT-A3C\cie\models\proposed\seed_1\itr_60.pkl,23,True,beam_search,
cie_core_nominal,dual_source_cluster_tool,8_to_32_wafers_nominal_processing,test,600.0,[],D:\git\git\RDMCT-A3C\cie\data\core\spbs\cie_core_n008_f000_m008_proc100.lp,spbs\cie_core_n008_f000_m008_proc100.lp,cie_core_n008_f000_m008_proc100.lp,scip_default,1,1,trainseed_1,auto,2026-07-22T19:16:48,optimal,0.0,0.19878769999996848,0,0.0,0.0,0.0,0.0,0.0,0,0,233,0.0,0.0,768.0,60096.0,10000.0,0.0,0.0,2,True,D:\git\git\RDMCT-A3C\cie\results\main\cie_main_600s_compact_final_v1\seed1\solutions\cie_core_nominal__cie_core_n008_f000_m008_proc100__scip_default__solverseed_1__trainseed_1__trainseed_1.sol,,,,,,False,,
cie_core_nominal,dual_source_cluster_tool,8_to_32_wafers_nominal_processing,test,600.0,[],D:\git\git\RDMCT-A3C\cie\data\core\spbs\cie_core_n008_f000_m008_proc100.lp,spbs\cie_core_n008_f000_m008_proc100.lp,cie_core_n008_f000_m008_proc100.lp,adaptive_cutsel,1,1,trainseed_1,auto,2026-07-22T19:16:48,optimal,0.0,0.26463169999999536,0,0.0,0.0,0.0,0.0,0.0,0,0,408,0.0,0.0,768.0,60132.0,10000.0,0.04134869301888566,18.0,5,True,D:\git\git\RDMCT-A3C\cie\results\main\cie_main_600s_compact_final_v1\seed1\solutions\cie_core_nominal__cie_core_n008_f000_m008_proc100__adaptive_cutsel__solverseed_1__trainseed_1__trainseed_1.sol,,"{""dircutoffdistweight"": 0.0, ""efficacyweight"": 0.75, ""intsupportweight"": 0.0, ""objparalweight"": 0.25}",global_default,,,False,,
cie_core_nominal,dual_source_cluster_tool,8_to_32_wafers_nominal_processing,test,600.0,[],D:\git\git\RDMCT-A3C\cie\data\core\spbs\cie_core_n008_f000_m008_proc100.lp,spbs\cie_core_n008_f000_m008_proc100.lp,cie_core_n008_f000_m008_proc100.lp,hem,1,1,trainseed_1,auto,2026-07-22T19:16:48,optimal,0.0,0.18953659999999672,1,0.027392399999996542,0.003999948501586914,0.0010001659393310547,0.020001649856567383,0.0,1,0,123,0.0,0.0,768.0,60096.0,10000.0,0.0,0.0,2,True,D:\git\git\RDMCT-A3C\cie\results\main\cie_main_600s_compact_final_v1\seed1\solutions\cie_core_nominal__cie_core_n008_f000_m008_proc100__hem__solverseed_1__trainseed_1__trainseed_1.sol,,,,D:\git\git\RDMCT-A3C\cie\models\hem\seed_1\itr_60.pkl,13,False,greedy,
cie_core_nominal,dual_source_cluster_tool,8_to_32_wafers_nominal_processing,test,600.0,[],D:\git\git\RDMCT-A3C\cie\data\core\spbs\cie_core_n008_f000_m008_proc100.lp,spbs\cie_core_n008_f000_m008_proc100.lp,cie_core_n008_f000_m008_proc100.lp,rdmct_feature_only,1,1,trainseed_1,auto,2026-07-22T19:16:48,optimal,1.0,0.5444744999999784,1,0.030179800000041723,0.009171247482299805,0.001001119613647461,0.012105941772460938,0.0,1,0,1460,0.0,44.50867052023121,768.0,60284.0,10000.0,0.04134869301888566,18.0,2,True,D:\git\git\RDMCT-A3C\cie\results\main\cie_main_600s_compact_final_v1\seed1\solutions\cie_core_nominal__cie_core_n008_f000_m008_proc100__rdmct_feature_only__solverseed_1__trainseed_1__trainseed_1.sol,,,,D:\git\git\RDMCT-A3C\cie\models\feature_only\seed_1\itr_60.pkl,23,False,greedy,
cie_core_nominal,dual_source_cluster_tool,8_to_32_wafers_nominal_processing,test,600.0,[],D:\git\git\RDMCT-A3C\cie\data\core\spbs\cie_core_n008_f002_m006_proc100.lp,spbs\cie_core_n008_f002_m006_proc100.lp,cie_core_n008_f002_m006_proc100.lp,hem_structure,1,1,trainseed_1,auto,2026-07-22T19:16:49,optimal,0.0,0.44505370000001676,1,0.030826999999987947,0.008999109268188477,0.004000186920166016,0.002001047134399414,0.0,1,0,1045,0.0,0.0,900.0,60432.0,10000.0,0.0,0.0,2,True,D:\git\git\RDMCT-A3C\cie\results\main\cie_main_600s_compact_final_v1\seed1\solutions\cie_core_nominal__cie_core_n008_f002_m006_proc100__hem_structure__solverseed_1__trainseed_1__trainseed_1.sol,,,,D:\git\git\RDMCT-A3C\cie\models\proposed\seed_1\itr_60.pkl,23,True,greedy,
cie_core_nominal,dual_source_cluster_tool,8_to_32_wafers_nominal_processing,test,600.0,[],D:\git\git\RDMCT-A3C\cie\data\core\spbs\cie_core_n008_f002_m006_proc100.lp,spbs\cie_core_n008_f002_m006_proc100.lp,cie_core_n008_f002_m006_proc100.lp,proposed,1,1,trainseed_1,auto,2026-07-22T19:16:49,optimal,1.0,0.49167970000002015,1,0.047925000000020646,0.0,0.0,0.04543018341064453,0.0,1,0,1045,0.0,36.07954545454545,900.0,60432.0,10000.0,0.0,0.0,2,True,D:\git\git\RDMCT-A3C\cie\results\main\cie_main_600s_compact_final_v1\seed1\solutions\cie_core_nominal__cie_core_n008_f002_m006_proc100__proposed__solverseed_1__trainseed_1__trainseed_1.sol,,,,D:\git\git\RDMCT-A3C\cie\models\proposed\seed_1\itr_60.pkl,23,True,beam_search,
cie_core_nominal,dual_source_cluster_tool,8_to_32_wafers_nominal_processing,test,600.0,[],D:\git\git\RDMCT-A3C\cie\data\core\spbs\cie_core_n008_f002_m006_proc100.lp,spbs\cie_core_n008_f002_m006_proc100.lp,cie_core_n008_f002_m006_proc100.lp,scip_default,1,1,trainseed_1,auto,2026-07-22T19:16:50,optimal,0.0,0.7741940000000227,0,0.0,0.0,0.0,0.0,0.0,0,0,2466,0.0,0.0,900.0,60460.0,10000.0,0.0,0.0,2,True,D:\git\git\RDMCT-A3C\cie\results\main\cie_main_600s_compact_final_v1\seed1\solutions\cie_core_nominal__cie_core_n008_f002_m006_proc100__scip_default__solverseed_1__trainseed_1__trainseed_1.sol,,,,,,False,,
cie_core_nominal,dual_source_cluster_tool,8_to_32_wafers_nominal_processing,test,600.0,[],D:\git\git\RDMCT-A3C\cie\data\core\spbs\cie_core_n008_f002_m006_proc100.lp,spbs\cie_core_n008_f002_m006_proc100.lp,cie_core_n008_f002_m006_proc100.lp,adaptive_cutsel,1,1,trainseed_1,auto,2026-07-22T19:16:51,optimal,0.0,0.7641524000000004,0,0.0,0.0,0.0,0.0,0.0,0,0,2466,0.0,0.0,900.0,60460.0,10000.0,0.0,0.0,2,True,D:\git\git\RDMCT-A3C\cie\results\main\cie_main_600s_compact_final_v1\seed1\solutions\cie_core_nominal__cie_core_n008_f002_m006_proc100__adaptive_cutsel__solverseed_1__trainseed_1__trainseed_1.sol,,"{""dircutoffdistweight"": 0.0, ""efficacyweight"": 0.75, ""intsupportweight"": 0.0, ""objparalweight"": 0.25}",global_default,,,False,,
cie_core_nominal,dual_source_cluster_tool,8_to_32_wafers_nominal_processing,test,600.0,[],D:\git\git\RDMCT-A3C\cie\data\core\spbs\cie_core_n008_f002_m006_proc100.lp,spbs\cie_core_n008_f002_m006_proc100.lp,cie_core_n008_f002_m006_proc100.lp,hem,1,1,trainseed_1,auto,2026-07-22T19:16:51,optimal,1.0,0.4869573999999943,1,0.028326300000003357,0.0,0.0,0.027246952056884766,0.0,1,0,1086,0.0,36.07954545454545,900.0,60796.0,10000.0,0.0,0.0,3,True,D:\git\git\RDMCT-A3C\cie\results\main\cie_main_600s_compact_final_v1\seed1\solutions\cie_core_nominal__cie_core_n008_f002_m006_proc100__hem__solverseed_1__trainseed_1__trainseed_1.sol,,,,D:\git\git\RDMCT-A3C\cie\models\hem\seed_1\itr_60.pkl,13,False,greedy,
cie_core_nominal,dual_source_cluster_tool,8_to_32_wafers_nominal_processing,test,600.0,[],D:\git\git\RDMCT-A3C\cie\data\core\spbs\cie_core_n008_f002_m006_proc100.lp,spbs\cie_core_n008_f002_m006_proc100.lp,cie_core_n008_f002_m006_proc100.lp,rdmct_feature_only,1,1,trainseed_1,auto,2026-07-22T19:16:52,optimal,0.0,0.619580400000018,1,0.032213599999977305,0.010103702545166016,0.0,0.020293474197387695,0.0,1,0,1596,0.0,0.0,900.0,60654.0,10000.0,0.16717540513675566,0.0,2,True,D:\git\git\RDMCT-A3C\cie\results\main\cie_main_600s_compact_final_v1\seed1\solutions\cie_core_nominal__cie_core_n008_f002_m006_proc100__rdmct_feature_only__solverseed_1__trainseed_1__trainseed_1.sol,,,,D:\git\git\RDMCT-A3C\cie\models\feature_only\seed_1\itr_60.pkl,23,False,greedy,
cie_core_nominal,dual_source_cluster_tool,8_to_32_wafers_nominal_processing,test,600.0,[],D:\git\git\RDMCT-A3C\cie\data\core\spbs\cie_core_n008_f002_m006_proc100.lp,spbs\cie_core_n008_f002_m006_proc100.lp,cie_core_n008_f002_m006_proc100.lp,hem_beam,1,1,trainseed_1,auto,2026-07-22T19:16:52,optimal,1.0,0.5026714000000538,1,0.04720050000003084,0.004998445510864258,0.0010013580322265625,0.03898787498474121,0.0,1,0,1086,0.0,36.64772727272727,900.0,60796.0,10000.0,0.0,0.0,3,True,D:\git\git\RDMCT-A3C\cie\results\main\cie_main_600s_compact_final_v1\seed1\solutions\cie_core_nominal__cie_core_n008_f002_m006_proc100__hem_beam__solverseed_1__trainseed_1__trainseed_1.sol,,,,D:\git\git\RDMCT-A3C\cie\models\hem\seed_1\itr_60.pkl,13,False,beam_search,
cie_core_nominal,dual_source_cluster_tool,8_to_32_wafers_nominal_processing,test,600.0,[],D:\git\git\RDMCT-A3C\cie\data\core\spbs\cie_core_n008_f004_m004_proc100.lp,spbs\cie_core_n008_f004_m004_proc100.lp,cie_core_n008_f004_m004_proc100.lp,proposed,1,1,trainseed_1,auto,2026-07-22T19:16:53,optimal,0.0,0.24173460000002933,1,0.025017499999989923,0.007999181747436523,0.0,0.009863138198852539,0.0,1,0,307,0.0,0.0,834.0,50238.0,10000.0,0.0,0.0,5,True,D:\git\git\RDMCT-A3C\cie\results\main\cie_main_600s_compact_final_v1\seed1\solutions\cie_core_nominal__cie_core_n008_f004_m004_proc100__proposed__solverseed_1__trainseed_1__trainseed_1.sol,,,,D:\git\git\RDMCT-A3C\cie\models\proposed\seed_1\itr_60.pkl,23,True,beam_search,
cie_core_nominal,dual_source_cluster_tool,8_to_32_wafers_nominal_processing,test,600.0,[],D:\git\git\RDMCT-A3C\cie\data\core\spbs\cie_core_n008_f004_m004_proc100.lp,spbs\cie_core_n008_f004_m004_proc100.lp,cie_core_n008_f004_m004_proc100.lp,scip_default,1,1,trainseed_1,auto,2026-07-22T19:16:53,optimal,0.0,0.2881512000000157,0,0.0,0.0,0.0,0.0,0.0,0,0,596,0.0,0.0,834.0,50716.00000000001,10000.0,0.0,0.0,5,True,D:\git\git\RDMCT-A3C\cie\results\main\cie_main_600s_compact_final_v1\seed1\solutions\cie_core_nominal__cie_core_n008_f004_m004_proc100__scip_default__solverseed_1__trainseed_1__trainseed_1.sol,,,,,,False,,
cie_core_nominal,dual_source_cluster_tool,8_to_32_wafers_nominal_processing,test,600.0,[],D:\git\git\RDMCT-A3C\cie\data\core\spbs\cie_core_n008_f004_m004_proc100.lp,spbs\cie_core_n008_f004_m004_proc100.lp,cie_core_n008_f004_m004_proc100.lp,adaptive_cutsel,1,1,trainseed_1,auto,2026-07-22T19:16:53,optimal,1.0,0.33157609999994975,0,0.0,0.0,0.0,0.0,0.0,0,0,785,0.0,39.81964215003615,834.0,50716.0,10000.0,0.0,0.0,6,True,D:\git\git\RDMCT-A3C\cie\results\main\cie_main_600s_compact_final_v1\seed1\solutions\cie_core_nominal__cie_core_n008_f004_m004_proc100__adaptive_cutsel__solverseed_1__trainseed_1__trainseed_1.sol,,"{""dircutoffdistweight"": 0.0, ""efficacyweight"": 0.75, ""intsupportweight"": 0.0, ""objparalweight"": 0.25}",global_default,,,False,,
cie_core_nominal,dual_source_cluster_tool,8_to_32_wafers_nominal_processing,test,600.0,[],D:\git\git\RDMCT-A3C\cie\data\core\spbs\cie_core_n008_f004_m004_proc100.lp,spbs\cie_core_n008_f004_m004_proc100.lp,cie_core_n008_f004_m004_proc100.lp,hem,1,1,trainseed_1,auto,2026-07-22T19:16:54,optimal,0.0,0.2423181999999997,1,0.02989919999998847,0.006999492645263672,0.0017168521881103516,0.01956796646118164,0.0,1,0,257,0.0,0.0,834.0,50420.0,10000.0,0.0,0.0,5,True,D:\git\git\RDMCT-A3C\cie\results\main\cie_main_600s_compact_final_v1\seed1\solutions\cie_core_nominal__cie_core_n008_f004_m004_proc100__hem__solverseed_1__trainseed_1__trainseed_1.sol,,,,D:\git\git\RDMCT-A3C\cie\models\hem\seed_1\itr_60.pkl,13,False,greedy,
cie_core_nominal,dual_source_cluster_tool,8_to_32_wafers_nominal_processing,test,600.0,[],D:\git\git\RDMCT-A3C\cie\data\core\spbs\cie_core_n008_f004_m004_proc100.lp,spbs\cie_core_n008_f004_m004_proc100.lp,cie_core_n008_f004_m004_proc100.lp,rdmct_feature_only,1,1,trainseed_1,auto,2026-07-22T19:16:54,optimal,0.0,0.32781479999999874,1,0.03085110000000668,0.017632484436035156,0.0009999275207519531,0.018999814987182617,0.0,1,0,436,0.0,0.0,834.0,50534.0,10000.0,0.0,0.0,4,True,D:\git\git\RDMCT-A3C\cie\results\main\cie_main_600s_compact_final_v1\seed1\solutions\cie_core_nominal__cie_core_n008_f004_m004_proc100__rdmct_feature_only__solverseed_1__trainseed_1__trainseed_1.sol,,,,D:\git\git\RDMCT-A3C\cie\models\feature_only\seed_1\itr_60.pkl,23,False,greedy,
cie_core_nominal,dual_source_cluster_tool,8_to_32_wafers_nominal_processing,test,600.0,[],D:\git\git\RDMCT-A3C\cie\data\core\spbs\cie_core_n008_f004_m004_proc100.lp,spbs\cie_core_n008_f004_m004_proc100.lp,cie_core_n008_f004_m004_proc100.lp,hem_beam,1,1,trainseed_1,auto,2026-07-22T19:16:54,optimal,1.0,0.24171049999995375,1,0.04714719999998351,0.0,0.0,0.036162376403808594,0.0,1,0,257,0.0,39.493293591654414,834.0,50420.0,10000.0,0.0,0.0,5,True,D:\git\git\RDMCT-A3C\cie\results\main\cie_main_600s_compact_final_v1\seed1\solutions\cie_core_nominal__cie_core_n008_f004_m004_proc100__hem_beam__solverseed_1__trainseed_1__trainseed_1.sol,,,,D:\git\git\RDMCT-A3C\cie\models\hem\seed_1\itr_60.pkl,13,False,beam_search,
cie_core_nominal,dual_source_cluster_tool,8_to_32_wafers_nominal_processing,test,600.0,[],D:\git\git\RDMCT-A3C\cie\data\core\spbs\cie_core_n008_f004_m004_proc100.lp,spbs\cie_core_n008_f004_m004_proc100.lp,cie_core_n008_f004_m004_proc100.lp,hem_structure,1,1,trainseed_1,auto,2026-07-22T19:16:55,optimal,0.0,0.2504139000000123,1,0.020370200000002114,0.007185220718383789,0.0,0.0,0.0,1,0,307,0.0,0.0,834.0,50238.0,10000.0,0.0,0.0,5,True,D:\git\git\RDMCT-A3C\cie\results\main\cie_main_600s_compact_final_v1\seed1\solutions\cie_core_nominal__cie_core_n008_f004_m004_proc100__hem_structure__solverseed_1__trainseed_1__trainseed_1.sol,,,,D:\git\git\RDMCT-A3C\cie\models\proposed\seed_1\itr_60.pkl,23,True,greedy,
cie_core_nominal,dual_source_cluster_tool,8_to_32_wafers_nominal_processing,test,600.0,[],D:\git\git\RDMCT-A3C\cie\data\core\spbs\cie_core_n008_f006_m002_proc100.lp,spbs\cie_core_n008_f006_m002_proc100.lp,cie_core_n008_f006_m002_proc100.lp,scip_default,1,1,trainseed_1,auto,2026-07-22T19:16:55,optimal,0.0,0.19462740000000167,0,0.0,0.0,0.0,0.0,0.0,0,0,228,0.0,0.0,834.0,30870.25,10000.0,0.0,0.0,3,True,D:\git\git\RDMCT-A3C\cie\results\main\cie_main_600s_compact_final_v1\seed1\solutions\cie_core_nominal__cie_core_n008_f006_m002_proc100__scip_default__solverseed_1__trainseed_1__trainseed_1.sol,,,,,,False,,
cie_core_nominal,dual_source_cluster_tool,8_to_32_wafers_nominal_processing,test,600.0,[],D:\git\git\RDMCT-A3C\cie\data\core\spbs\cie_core_n008_f006_m002_proc100.lp,spbs\cie_core_n008_f006_m002_proc100.lp,cie_core_n008_f006_m002_proc100.lp,adaptive_cutsel,1,1,trainseed_1,auto,2026-07-22T19:16:55,optimal,0.0,0.2964695000000006,0,0.0,0.0,0.0,0.0,0.0,0,0,225,0.0,0.0,834.0,30870.25,10000.0,0.0,0.0,3,True,D:\git\git\RDMCT-A3C\cie\results\main\cie_main_600s_compact_final_v1\seed1\solutions\cie_core_nominal__cie_core_n008_f006_m002_proc100__adaptive_cutsel__solverseed_1__trainseed_1__trainseed_1.sol,,"{""dircutoffdistweight"": 0.0, ""efficacyweight"": 0.75, ""intsupportweight"": 0.0, ""objparalweight"": 0.25}",global_default,,,False,,
cie_core_nominal,dual_source_cluster_tool,8_to_32_wafers_nominal_processing,test,600.0,[],D:\git\git\RDMCT-A3C\cie\data\core\spbs\cie_core_n008_f006_m002_proc100.lp,spbs\cie_core_n008_f006_m002_proc100.lp,cie_core_n008_f006_m002_proc100.lp,hem,1,1,trainseed_1,auto,2026-07-22T19:16:55,optimal,1.0,0.20292729999999892,1,0.025512600000013208,0.005555391311645508,0.0,0.018797636032104492,0.0,1,0,209,0.0,2.6378896882494005,834.0,30902.25,10000.0,0.0,0.0,3,True,D:\git\git\RDMCT-A3C\cie\results\main\cie_main_600s_compact_final_v1\seed1\solutions\cie_core_nominal__cie_core_n008_f006_m002_proc100__hem__solverseed_1__trainseed_1__trainseed_1.sol,,,,D:\git\git\RDMCT-A3C\cie\models\hem\seed_1\itr_60.pkl,13,False,greedy,
cie_core_nominal,dual_source_cluster_tool,8_to_32_wafers_nominal_processing,test,600.0,[],D:\git\git\RDMCT-A3C\cie\data\core\spbs\cie_core_n008_f006_m002_proc100.lp,spbs\cie_core_n008_f006_m002_proc100.lp,cie_core_n008_f006_m002_proc100.lp,rdmct_feature_only,1,1,trainseed_1,auto,2026-07-22T19:16:56,optimal,0.0,0.22966930000001184,1,0.03091549999999188,0.00900411605834961,0.0010004043579101562,0.00718235969543457,0.0,1,0,289,0.0,0.0,834.0,30870.25,10000.0,0.0,0.0,3,True,D:\git\git\RDMCT-A3C\cie\results\main\cie_main_600s_compact_final_v1\seed1\solutions\cie_core_nominal__cie_core_n008_f006_m002_proc100__rdmct_feature_only__solverseed_1__trainseed_1__trainseed_1.sol,,,,D:\git\git\RDMCT-A3C\cie\models\feature_only\seed_1\itr_60.pkl,23,False,greedy,
cie_core_nominal,dual_source_cluster_tool,8_to_32_wafers_nominal_processing,test,600.0,[],D:\git\git\RDMCT-A3C\cie\data\core\spbs\cie_core_n008_f006_m002_proc100.lp,spbs\cie_core_n008_f006_m002_proc100.lp,cie_core_n008_f006_m002_proc100.lp,hem_beam,1,1,trainseed_1,auto,2026-07-22T19:16:56,optimal,0.0,0.19751780000001418,1,0.043041299999970306,0.0031807422637939453,0.0,0.034804582595825195,0.0,1,0,209,0.0,0.0,834.0,30902.25,10000.0,0.0,0.0,3,True,D:\git\git\RDMCT-A3C\cie\results\main\cie_main_600s_compact_final_v1\seed1\solutions\cie_core_nominal__cie_core_n008_f006_m002_proc100__hem_beam__solverseed_1__trainseed_1__trainseed_1.sol,,,,D:\git\git\RDMCT-A3C\cie\models\hem\seed_1\itr_60.pkl,13,False,beam_search,
cie_core_nominal,dual_source_cluster_tool,8_to_32_wafers_nominal_processing,test,600.0,[],D:\git\git\RDMCT-A3C\cie\data\core\spbs\cie_core_n008_f006_m002_proc100.lp,spbs\cie_core_n008_f006_m002_proc100.lp,cie_core_n008_f006_m002_proc100.lp,hem_structure,1,1,trainseed_1,auto,2026-07-22T19:16:56,optimal,0.0,0.2184877000000256,1,0.0244167000000175,0.006002187728881836,0.0,0.0,0.017140626907348633,1,0,423,0.0,0.0,834.0,30488.0,10000.0,0.0,0.0,3,True,D:\git\git\RDMCT-A3C\cie\results\main\cie_main_600s_compact_final_v1\seed1\solutions\cie_core_nominal__cie_core_n008_f006_m002_proc100__hem_structure__solverseed_1__trainseed_1__trainseed_1.sol,,,,D:\git\git\RDMCT-A3C\cie\models\proposed\seed_1\itr_60.pkl,23,True,greedy,
cie_core_nominal,dual_source_cluster_tool,8_to_32_wafers_nominal_processing,test,600.0,[],D:\git\git\RDMCT-A3C\cie\data\core\spbs\cie_core_n008_f006_m002_proc100.lp,spbs\cie_core_n008_f006_m002_proc100.lp,cie_core_n008_f006_m002_proc100.lp,proposed,1,1,trainseed_1,auto,2026-07-22T19:16:56,optimal,0.0,0.2706258000000048,1,0.04315780000001723,0.0,0.0,0.03335976600646973,0.0,1,0,423,0.0,0.0,834.0,30488.0,10000.0,0.0,0.0,3,True,D:\git\git\RDMCT-A3C\cie\results\main\cie_main_600s_compact_final_v1\seed1\solutions\cie_core_nominal__cie_core_n008_f006_m002_proc100__proposed__solverseed_1__trainseed_1__trainseed_1.sol,,,,D:\git\git\RDMCT-A3C\cie\models\proposed\seed_1\itr_60.pkl,23,True,beam_search,
cie_core_nominal,dual_source_cluster_tool,8_to_32_wafers_nominal_processing,test,600.0,[],D:\git\git\RDMCT-A3C\cie\data\core\spbs\cie_core_n016_f000_m016_proc100.lp,spbs\cie_core_n016_f000_m016_proc100.lp,cie_core_n016_f000_m016_proc100.lp,adaptive_cutsel,1,1,trainseed_1,auto,2026-07-22T19:16:56,optimal,77.0,76.88536550000003,0,0.0,0.0,0.0,0.0,0.0,0,0,66911,0.0,3627.5471698113206,1136.0,100342.0,10000.0,0.0,0.0,2,True,D:\git\git\RDMCT-A3C\cie\results\main\cie_main_600s_compact_final_v1\seed1\solutions\cie_core_nominal__cie_core_n016_f000_m016_proc100__adaptive_cutsel__solverseed_1__trainseed_1__trainseed_1.sol,,"{""dircutoffdistweight"": 0.0, ""efficacyweight"": 0.75, ""intsupportweight"": 0.0, ""objparalweight"": 0.25}",global_default,,,False,,
cie_core_nominal,dual_source_cluster_tool,8_to_32_wafers_nominal_processing,test,600.0,[],D:\git\git\RDMCT-A3C\cie\data\core\spbs\cie_core_n016_f000_m016_proc100.lp,spbs\cie_core_n016_f000_m016_proc100.lp,cie_core_n016_f000_m016_proc100.lp,hem,1,1,trainseed_1,auto,2026-07-22T19:18:13,optimal,439.0,438.7134251,1,0.025251799999978175,0.019115924835205078,0.0009989738464355469,0.014265298843383789,0.0,1,0,383785,0.0,20163.16262353998,1136.0,100294.0,10000.0,0.03196209637527694,18.0,6,True,D:\git\git\RDMCT-A3C\cie\results\main\cie_main_600s_compact_final_v1\seed1\solutions\cie_core_nominal__cie_core_n016_f000_m016_proc100__hem__solverseed_1__trainseed_1__trainseed_1.sol,,,,D:\git\git\RDMCT-A3C\cie\models\hem\seed_1\itr_60.pkl,13,False,greedy,
cie_core_nominal,dual_source_cluster_tool,8_to_32_wafers_nominal_processing,test,600.0,[],D:\git\git\RDMCT-A3C\cie\data\core\spbs\cie_core_n016_f000_m016_proc100.lp,spbs\cie_core_n016_f000_m016_proc100.lp,cie_core_n016_f000_m016_proc100.lp,rdmct_feature_only,1,1,trainseed_1,auto,2026-07-22T19:25:32,optimal,57.0,57.37773609999999,1,0.028398799999990842,0.02123880386352539,0.0,0.01701641082763672,0.0,1,0,52963,0.0,2649.2452830188677,1136.0,100366.0,10000.0,0.0,0.0,3,True,D:\git\git\RDMCT-A3C\cie\results\main\cie_main_600s_compact_final_v1\seed1\solutions\cie_core_nominal__cie_core_n016_f000_m016_proc100__rdmct_feature_only__solverseed_1__trainseed_1__trainseed_1.sol,,,,D:\git\git\RDMCT-A3C\cie\models\feature_only\seed_1\itr_60.pkl,23,False,greedy,
cie_core_nominal,dual_source_cluster_tool,8_to_32_wafers_nominal_processing,test,600.0,[],D:\git\git\RDMCT-A3C\cie\data\core\spbs\cie_core_n016_f000_m016_proc100.lp,spbs\cie_core_n016_f000_m016_proc100.lp,cie_core_n016_f000_m016_proc100.lp,hem_beam,1,1,trainseed_1,auto,2026-07-22T19:26:29,optimal,159.0,158.97704550000014,1,0.03408260000003338,0.015157938003540039,0.002674102783203125,0.017667531967163086,0.0,1,0,135151,0.0,7433.584905660377,1136.0,100254.0,10000.0,0.03196209637527694,18.0,2,True,D:\git\git\RDMCT-A3C\cie\results\main\cie_main_600s_compact_final_v1\seed1\solutions\cie_core_nominal__cie_core_n016_f000_m016_proc100__hem_beam__solverseed_1__trainseed_1__trainseed_1.sol,,,,D:\git\git\RDMCT-A3C\cie\models\hem\seed_1\itr_60.pkl,13,False,beam_search,
cie_core_nominal,dual_source_cluster_tool,8_to_32_wafers_nominal_processing,test,600.0,[],D:\git\git\RDMCT-A3C\cie\data\core\spbs\cie_core_n016_f000_m016_proc100.lp,spbs\cie_core_n016_f000_m016_proc100.lp,cie_core_n016_f000_m016_proc100.lp,hem_structure,1,1,trainseed_1,auto,2026-07-22T19:29:08,optimal,53.0,52.972410599999876,1,0.02381599999989703,0.021065235137939453,0.0,0.009082317352294922,0.00133514404296875,1,0,45671,0.0,2513.5849056603774,1136.0,100404.0,10000.0,0.017852572949153784,10.0,2,True,D:\git\git\RDMCT-A3C\cie\results\main\cie_main_600s_compact_final_v1\seed1\solutions\cie_core_nominal__cie_core_n016_f000_m016_proc100__hem_structure__solverseed_1__trainseed_1__trainseed_1.sol,,,,D:\git\git\RDMCT-A3C\cie\models\proposed\seed_1\itr_60.pkl,23,True,greedy,
cie_core_nominal,dual_source_cluster_tool,8_to_32_wafers_nominal_processing,test,600.0,[],D:\git\git\RDMCT-A3C\cie\data\core\spbs\cie_core_n016_f000_m016_proc100.lp,spbs\cie_core_n016_f000_m016_proc100.lp,cie_core_n016_f000_m016_proc100.lp,proposed,1,1,trainseed_1,auto,2026-07-22T19:30:01,optimal,55.0,54.30712840000001,1,0.028948599999921498,0.0,0.0,0.028601408004760742,0.0030002593994140625,1,0,45671,0.0,2606.4150943396226,1136.0,100404.0,10000.0,0.017852572949153784,10.0,2,True,D:\git\git\RDMCT-A3C\cie\results\main\cie_main_600s_compact_final_v1\seed1\solutions\cie_core_nominal__cie_core_n016_f000_m016_proc100__proposed__solverseed_1__trainseed_1__trainseed_1.sol,,,,D:\git\git\RDMCT-A3C\cie\models\proposed\seed_1\itr_60.pkl,23,True,beam_search,
cie_core_nominal,dual_source_cluster_tool,8_to_32_wafers_nominal_processing,test,600.0,[],D:\git\git\RDMCT-A3C\cie\data\core\spbs\cie_core_n016_f000_m016_proc100.lp,spbs\cie_core_n016_f000_m016_proc100.lp,cie_core_n016_f000_m016_proc100.lp,scip_default,1,1,trainseed_1,auto,2026-07-22T19:30:56,optimal,74.0,74.83092299999998,0,0.0,0.0,0.0,0.0,0.0,0,0,66911,0.0,3434.7169811320755,1136.0,100342.0,10000.0,0.0,0.0,2,True,D:\git\git\RDMCT-A3C\cie\results\main\cie_main_600s_compact_final_v1\seed1\solutions\cie_core_nominal__cie_core_n016_f000_m016_proc100__scip_default__solverseed_1__trainseed_1__trainseed_1.sol,,,,,,False,,
cie_core_nominal,dual_source_cluster_tool,8_to_32_wafers_nominal_processing,test,600.0,[],D:\git\git\RDMCT-A3C\cie\data\core\spbs\cie_core_n016_f004_m012_proc100.lp,spbs\cie_core_n016_f004_m012_proc100.lp,cie_core_n016_f004_m012_proc100.lp,hem,1,1,trainseed_1,auto,2026-07-22T19:32:11,optimal,14.0,14.849068800000168,1,0.08123199999999997,0.01231837272644043,0.0,0.020427703857421875,0.0,1,0,17111,0.0,396.57701614677717,1202.0,90670.0,10000.0,0.1278296284362665,64.0,7,True,D:\git\git\RDMCT-A3C\cie\results\main\cie_main_600s_compact_final_v1\seed1\solutions\cie_core_nominal__cie_core_n016_f004_m012_proc100__hem__solverseed_1__trainseed_1__trainseed_1.sol,,,,D:\git\git\RDMCT-A3C\cie\models\hem\seed_1\itr_60.pkl,13,False,greedy,
cie_core_nominal,dual_source_cluster_tool,8_to_32_wafers_nominal_processing,test,600.0,[],D:\git\git\RDMCT-A3C\cie\data\core\spbs\cie_core_n016_f004_m012_proc100.lp,spbs\cie_core_n016_f004_m012_proc100.lp,cie_core_n016_f004_m012_proc100.lp,rdmct_feature_only,1,1,trainseed_1,auto,2026-07-22T19:32:25,optimal,7.0,6.63064919999988,1,0.1066940999999133,0.017030000686645508,0.0009980201721191406,0.016626596450805664,0.0,1,0,6117,0.0,281.68080125056224,1202.0,90748.0,10000.0,0.12313936181083786,64.0,8,True,D:\git\git\RDMCT-A3C\cie\results\main\cie_main_600s_compact_final_v1\seed1\solutions\cie_core_nominal__cie_core_n016_f004_m012_proc100__rdmct_feature_only__solverseed_1__trainseed_1__trainseed_1.sol,,,,D:\git\git\RDMCT-A3C\cie\models\feature_only\seed_1\itr_60.pkl,23,False,greedy,
cie_core_nominal,dual_source_cluster_tool,8_to_32_wafers_nominal_processing,test,600.0,[],D:\git\git\RDMCT-A3C\cie\data\core\spbs\cie_core_n016_f004_m012_proc100.lp,spbs\cie_core_n016_f004_m012_proc100.lp,cie_core_n016_f004_m012_proc100.lp,hem_beam,1,1,trainseed_1,auto,2026-07-22T19:32:32,optimal,14.0,14.32983339999987,1,0.048318800000060946,0.0069997310638427734,0.0,0.039209842681884766,0.0,1,0,17111,0.0,397.55852638432043,1202.0,90670.0,10000.0,0.1278296284362665,64.0,7,True,D:\git\git\RDMCT-A3C\cie\results\main\cie_main_600s_compact_final_v1\seed1\solutions\cie_core_nominal__cie_core_n016_f004_m012_proc100__hem_beam__solverseed_1__trainseed_1__trainseed_1.sol,,,,D:\git\git\RDMCT-A3C\cie\models\hem\seed_1\itr_60.pkl,13,False,beam_search,
cie_core_nominal,dual_source_cluster_tool,8_to_32_wafers_nominal_processing,test,600.0,[],D:\git\git\RDMCT-A3C\cie\data\core\spbs\cie_core_n016_f004_m012_proc100.lp,spbs\cie_core_n016_f004_m012_proc100.lp,cie_core_n016_f004_m012_proc100.lp,hem_structure,1,1,trainseed_1,auto,2026-07-22T19:32:46,optimal,9.0,8.28072249999991,1,0.017811500000107117,0.005999088287353516,0.0010001659393310547,0.00700068473815918,0.001975536346435547,1,0,9238,0.0,331.0599871750951,1202.0,90878.0,10000.0,0.12252427273971449,64.0,8,True,D:\git\git\RDMCT-A3C\cie\results\main\cie_main_600s_compact_final_v1\seed1\solutions\cie_core_nominal__cie_core_n016_f004_m012_proc100__hem_structure__solverseed_1__trainseed_1__trainseed_1.sol,,,,D:\git\git\RDMCT-A3C\cie\models\proposed\seed_1\itr_60.pkl,23,True,greedy,
cie_core_nominal,dual_source_cluster_tool,8_to_32_wafers_nominal_processing,test,600.0,[],D:\git\git\RDMCT-A3C\cie\data\core\spbs\cie_core_n016_f004_m012_proc100.lp,spbs\cie_core_n016_f004_m012_proc100.lp,cie_core_n016_f004_m012_proc100.lp,proposed,1,1,trainseed_1,auto,2026-07-22T19:32:55,optimal,8.0,8.042765500000087,1,0.03129199999989396,0.011272192001342773,0.0010001659393310547,0.014060735702514648,0.0,1,0,9238,0.0,234.41814634276983,1202.0,90878.0,10000.0,0.12252427273971449,64.0,8,True,D:\git\git\RDMCT-A3C\cie\results\main\cie_main_600s_compact_final_v1\seed1\solutions\cie_core_nominal__cie_core_n016_f004_m012_proc100__proposed__solverseed_1__trainseed_1__trainseed_1.sol,,,,D:\git\git\RDMCT-A3C\cie\models\proposed\seed_1\itr_60.pkl,23,True,beam_search,
cie_core_nominal,dual_source_cluster_tool,8_to_32_wafers_nominal_processing,test,600.0,[],D:\git\git\RDMCT-A3C\cie\data\core\spbs\cie_core_n016_f004_m012_proc100.lp,spbs\cie_core_n016_f004_m012_proc100.lp,cie_core_n016_f004_m012_proc100.lp,scip_default,1,1,trainseed_1,auto,2026-07-22T19:33:03,optimal,13.0,13.58528269999988,0,0.0,0.0,0.0,0.0,0.0,0,0,12946,0.0,470.2140057603579,1202.0,91438.0,10000.0,0.0651856687591279,58.0,5,True,D:\git\git\RDMCT-A3C\cie\results\main\cie_main_600s_compact_final_v1\seed1\solutions\cie_core_nominal__cie_core_n016_f004_m012_proc100__scip_default__solverseed_1__trainseed_1__trainseed_1.sol,,,,,,False,,
cie_core_nominal,dual_source_cluster_tool,8_to_32_wafers_nominal_processing,test,600.0,[],D:\git\git\RDMCT-A3C\cie\data\core\spbs\cie_core_n016_f004_m012_proc100.lp,spbs\cie_core_n016_f004_m012_proc100.lp,cie_core_n016_f004_m012_proc100.lp,adaptive_cutsel,1,1,trainseed_1,auto,2026-07-22T19:33:16,optimal,10.0,10.227921999999808,0,0.0,0.0,0.0,0.0,0.0,0,0,10216,0.0,440.2378969584551,1202.0,90858.0,10000.0,0.12252427273971449,64.0,5,True,D:\git\git\RDMCT-A3C\cie\results\main\cie_main_600s_compact_final_v1\seed1\solutions\cie_core_nominal__cie_core_n016_f004_m012_proc100__adaptive_cutsel__solverseed_1__trainseed_1__trainseed_1.sol,,"{""dircutoffdistweight"": 0.0, ""efficacyweight"": 0.75, ""intsupportweight"": 0.0, ""objparalweight"": 0.25}",global_default,,,False,,
cie_core_nominal,dual_source_cluster_tool,8_to_32_wafers_nominal_processing,test,600.0,[],D:\git\git\RDMCT-A3C\cie\data\core\spbs\cie_core_n016_f008_m008_proc100.lp,spbs\cie_core_n016_f008_m008_proc100.lp,cie_core_n016_f008_m008_proc100.lp,rdmct_feature_only,1,1,trainseed_1,auto,2026-07-22T19:33:26,optimal,10.0,10.275096500000018,1,0.03232970000021851,0.01749873161315918,0.0,0.018871784210205078,0.0,1,0,15304,0.0,28.36088263487949,1170.0,80694.0,10000.0,0.09350402817209878,42.0,6,True,D:\git\git\RDMCT-A3C\cie\results\main\cie_main_600s_compact_final_v1\seed1\solutions\cie_core_nominal__cie_core_n016_f008_m008_proc100__rdmct_feature_only__solverseed_1__trainseed_1__trainseed_1.sol,,,,D:\git\git\RDMCT-A3C\cie\models\feature_only\seed_1\itr_60.pkl,23,False,greedy,
cie_core_nominal,dual_source_cluster_tool,8_to_32_wafers_nominal_processing,test,600.0,[],D:\git\git\RDMCT-A3C\cie\data\core\spbs\cie_core_n016_f008_m008_proc100.lp,spbs\cie_core_n016_f008_m008_proc100.lp,cie_core_n016_f008_m008_proc100.lp,hem_beam,1,1,trainseed_1,auto,2026-07-22T19:33:37,optimal,3.0,2.969084099999918,1,0.05270820000009735,0.017935991287231445,0.001997232437133789,0.039975643157958984,0.0,1,0,2340,0.0,28.17524114518988,1170.0,80867.0,10000.0,0.0524863881081478,23.0,11,True,D:\git\git\RDMCT-A3C\cie\results\main\cie_main_600s_compact_final_v1\seed1\solutions\cie_core_nominal__cie_core_n016_f008_m008_proc100__hem_beam__solverseed_1__trainseed_1__trainseed_1.sol,,,,D:\git\git\RDMCT-A3C\cie\models\hem\seed_1\itr_60.pkl,13,False,beam_search,
cie_core_nominal,dual_source_cluster_tool,8_to_32_wafers_nominal_processing,test,600.0,[],D:\git\git\RDMCT-A3C\cie\data\core\spbs\cie_core_n016_f008_m008_proc100.lp,spbs\cie_core_n016_f008_m008_proc100.lp,cie_core_n016_f008_m008_proc100.lp,hem_structure,1,1,trainseed_1,auto,2026-07-22T19:33:40,optimal,4.0,3.85548649999987,1,0.027653300000110903,0.021963834762573242,0.0,0.011003494262695312,0.0,1,0,4499,0.0,43.38823788294816,1170.0,80958.0,10000.0,0.0524863881081478,23.0,5,True,D:\git\git\RDMCT-A3C\cie\results\main\cie_main_600s_compact_final_v1\seed1\solutions\cie_core_nominal__cie_core_n016_f008_m008_proc100__hem_structure__solverseed_1__trainseed_1__trainseed_1.sol,,,,D:\git\git\RDMCT-A3C\cie\models\proposed\seed_1\itr_60.pkl,23,True,greedy,
cie_core_nominal,dual_source_cluster_tool,8_to_32_wafers_nominal_processing,test,600.0,[],D:\git\git\RDMCT-A3C\cie\data\core\spbs\cie_core_n016_f008_m008_proc100.lp,spbs\cie_core_n016_f008_m008_proc100.lp,cie_core_n016_f008_m008_proc100.lp,proposed,1,1,trainseed_1,auto,2026-07-22T19:33:44,optimal,4.0,4.0058687999999165,1,0.04195649999996931,0.004907369613647461,0.0,0.03295135498046875,0.0009047985076904297,1,0,4499,0.0,43.38823788294816,1170.0,80958.0,10000.0,0.0524863881081478,23.0,5,True,D:\git\git\RDMCT-A3C\cie\results\main\cie_main_600s_compact_final_v1\seed1\solutions\cie_core_nominal__cie_core_n016_f008_m008_proc100__proposed__solverseed_1__trainseed_1__trainseed_1.sol,,,,D:\git\git\RDMCT-A3C\cie\models\proposed\seed_1\itr_60.pkl,23,True,beam_search,
cie_core_nominal,dual_source_cluster_tool,8_to_32_wafers_nominal_processing,test,600.0,[],D:\git\git\RDMCT-A3C\cie\data\core\spbs\cie_core_n016_f008_m008_proc100.lp,spbs\cie_core_n016_f008_m008_proc100.lp,cie_core_n016_f008_m008_proc100.lp,scip_default,1,1,trainseed_1,auto,2026-07-22T19:33:48,optimal,3.0,3.756656600000042,0,0.0,0.0,0.0,0.0,0.0,0,0,3287,0.0,21.33008921330089,1170.0,80916.0,10000.0,0.1774295949216899,84.0,10,True,D:\git\git\RDMCT-A3C\cie\results\main\cie_main_600s_compact_final_v1\seed1\solutions\cie_core_nominal__cie_core_n016_f008_m008_proc100__scip_default__solverseed_1__trainseed_1__trainseed_1.sol,,,,,,False,,
cie_core_nominal,dual_source_cluster_tool,8_to_32_wafers_nominal_processing,test,600.0,[],D:\git\git\RDMCT-A3C\cie\data\core\spbs\cie_core_n016_f008_m008_proc100.lp,spbs\cie_core_n016_f008_m008_proc100.lp,cie_core_n016_f008_m008_proc100.lp,adaptive_cutsel,1,1,trainseed_1,auto,2026-07-22T19:33:51,optimal,4.0,3.789550599999984,0,0.0,0.0,0.0,0.0,0.0,0,0,3287,0.0,121.3300892133009,1170.0,80916.0,10000.0,0.1774295949216899,84.0,10,True,D:\git\git\RDMCT-A3C\cie\results\main\cie_main_600s_compact_final_v1\seed1\solutions\cie_core_nominal__cie_core_n016_f008_m008_proc100__adaptive_cutsel__solverseed_1__trainseed_1__trainseed_1.sol,,"{""dircutoffdistweight"": 0.0, ""efficacyweight"": 0.75, ""intsupportweight"": 0.0, ""objparalweight"": 0.25}",global_default,,,False,,
cie_core_nominal,dual_source_cluster_tool,8_to_32_wafers_nominal_processing,test,600.0,[],D:\git\git\RDMCT-A3C\cie\data\core\spbs\cie_core_n016_f008_m008_proc100.lp,spbs\cie_core_n016_f008_m008_proc100.lp,cie_core_n016_f008_m008_proc100.lp,hem,1,1,trainseed_1,auto,2026-07-22T19:33:55,optimal,3.0,3.143348900000092,1,0.02789719999987028,0.005999565124511719,0.0009996891021728516,0.01895284652709961,0.0,1,0,2340,0.0,39.7059056877269,1170.0,80867.0,10000.0,0.0524863881081478,23.0,11,True,D:\git\git\RDMCT-A3C\cie\results\main\cie_main_600s_compact_final_v1\seed1\solutions\cie_core_nominal__cie_core_n016_f008_m008_proc100__hem__solverseed_1__trainseed_1__trainseed_1.sol,,,,D:\git\git\RDMCT-A3C\cie\models\hem\seed_1\itr_60.pkl,13,False,greedy,
cie_core_nominal,dual_source_cluster_tool,8_to_32_wafers_nominal_processing,test,600.0,[],D:\git\git\RDMCT-A3C\cie\data\core\spbs\cie_core_n016_f012_m004_proc100.lp,spbs\cie_core_n016_f012_m004_proc100.lp,cie_core_n016_f012_m004_proc100.lp,hem_beam,1,1,trainseed_1,auto,2026-07-22T19:33:58,optimal,30.0,30.035993199999893,1,0.033975700000155484,0.010725259780883789,0.0,0.024700403213500977,0.0,1,0,25582,0.0,1301.3504806084613,1158.0,71389.0,10000.0,0.2861125704223025,0.0,5,True,D:\git\git\RDMCT-A3C\cie\results\main\cie_main_600s_compact_final_v1\seed1\solutions\cie_core_nominal__cie_core_n016_f012_m004_proc100__hem_beam__solverseed_1__trainseed_1__trainseed_1.sol,,,,D:\git\git\RDMCT-A3C\cie\models\hem\seed_1\itr_60.pkl,13,False,beam_search,
cie_core_nominal,dual_source_cluster_tool,8_to_32_wafers_nominal_processing,test,600.0,[],D:\git\git\RDMCT-A3C\cie\data\core\spbs\cie_core_n016_f012_m004_proc100.lp,spbs\cie_core_n016_f012_m004_proc100.lp,cie_core_n016_f012_m004_proc100.lp,hem_structure,1,1,trainseed_1,auto,2026-07-22T19:34:28,optimal,9.0,8.287211099999922,1,0.02385110000000168,0.017015695571899414,0.0,0.007996320724487305,0.0019998550415039062,1,0,6888,0.0,375.5179459543809,1158.0,71196.0,10000.0,0.2861125704223025,0.0,6,True,D:\git\git\RDMCT-A3C\cie\results\main\cie_main_600s_compact_final_v1\seed1\solutions\cie_core_nominal__cie_core_n016_f012_m004_proc100__hem_structure__solverseed_1__trainseed_1__trainseed_1.sol,,,,D:\git\git\RDMCT-A3C\cie\models\proposed\seed_1\itr_60.pkl,23,True,greedy,
cie_core_nominal,dual_source_cluster_tool,8_to_32_wafers_nominal_processing,test,600.0,[],D:\git\git\RDMCT-A3C\cie\data\core\spbs\cie_core_n016_f012_m004_proc100.lp,spbs\cie_core_n016_f012_m004_proc100.lp,cie_core_n016_f012_m004_proc100.lp,proposed,1,1,trainseed_1,auto,2026-07-22T19:34:37,optimal,8.0,8.345664399999805,1,0.06471850000002632,0.011458873748779297,0.0,0.01151275634765625,0.007322788238525391,1,0,6888,0.0,287.04806490859943,1158.0,71196.0,10000.0,0.2861125704223025,0.0,6,True,D:\git\git\RDMCT-A3C\cie\results\main\cie_main_600s_compact_final_v1\seed1\solutions\cie_core_nominal__cie_core_n016_f012_m004_proc100__proposed__solverseed_1__trainseed_1__trainseed_1.sol,,,,D:\git\git\RDMCT-A3C\cie\models\proposed\seed_1\itr_60.pkl,23,True,beam_search,
cie_core_nominal,dual_source_cluster_tool,8_to_32_wafers_nominal_processing,test,600.0,[],D:\git\git\RDMCT-A3C\cie\data\core\spbs\cie_core_n016_f012_m004_proc100.lp,spbs\cie_core_n016_f012_m004_proc100.lp,cie_core_n016_f012_m004_proc100.lp,scip_default,1,1,trainseed_1,auto,2026-07-22T19:34:45,optimal,32.0,32.410234800000126,0,0.0,0.0,0.0,0.0,0.0,0,0,27812,0.0,1318.7626829797814,1158.0,71076.0,10000.0,0.22288353878763373,0.0,2,True,D:\git\git\RDMCT-A3C\cie\results\main\cie_main_600s_compact_final_v1\seed1\solutions\cie_core_nominal__cie_core_n016_f012_m004_proc100__scip_default__solverseed_1__trainseed_1__trainseed_1.sol,,,,,,False,,
cie_core_nominal,dual_source_cluster_tool,8_to_32_wafers_nominal_processing,test,600.0,[],D:\git\git\RDMCT-A3C\cie\data\core\spbs\cie_core_n016_f012_m004_proc100.lp,spbs\cie_core_n016_f012_m004_proc100.lp,cie_core_n016_f012_m004_proc100.lp,adaptive_cutsel,1,1,trainseed_1,auto,2026-07-22T19:35:17,optimal,32.0,31.48657440000011,0,0.0,0.0,0.0,0.0,0.0,0,0,27812,0.0,1376.8048622203196,1158.0,71076.0,10000.0,0.22288353878763373,0.0,2,True,D:\git\git\RDMCT-A3C\cie\results\main\cie_main_600s_compact_final_v1\seed1\solutions\cie_core_nominal__cie_core_n016_f012_m004_proc100__adaptive_cutsel__solverseed_1__trainseed_1__trainseed_1.sol,,"{""dircutoffdistweight"": 0.0, ""efficacyweight"": 0.75, ""intsupportweight"": 0.0, ""objparalweight"": 0.25}",global_default,,,False,,
cie_core_nominal,dual_source_cluster_tool,8_to_32_wafers_nominal_processing,test,600.0,[],D:\git\git\RDMCT-A3C\cie\data\core\spbs\cie_core_n016_f012_m004_proc100.lp,spbs\cie_core_n016_f012_m004_proc100.lp,cie_core_n016_f012_m004_proc100.lp,hem,1,1,trainseed_1,auto,2026-07-22T19:35:49,optimal,30.0,30.139472299999852,1,0.018675100000109524,0.004999637603759766,0.0009999275207519531,0.00944375991821289,0.0,1,0,25582,0.0,1244.3401623321993,1158.0,71389.0,10000.0,0.2861125704223025,0.0,5,True,D:\git\git\RDMCT-A3C\cie\results\main\cie_main_600s_compact_final_v1\seed1\solutions\cie_core_nominal__cie_core_n016_f012_m004_proc100__hem__solverseed_1__trainseed_1__trainseed_1.sol,,,,D:\git\git\RDMCT-A3C\cie\models\hem\seed_1\itr_60.pkl,13,False,greedy,
cie_core_nominal,dual_source_cluster_tool,8_to_32_wafers_nominal_processing,test,600.0,[],D:\git\git\RDMCT-A3C\cie\data\core\spbs\cie_core_n016_f012_m004_proc100.lp,spbs\cie_core_n016_f012_m004_proc100.lp,cie_core_n016_f012_m004_proc100.lp,rdmct_feature_only,1,1,trainseed_1,auto,2026-07-22T19:36:19,optimal,9.0,8.84763729999986,1,0.034662699999898905,0.011401176452636719,0.0,0.021508216857910156,0.0,1,0,6888,0.0,327.68750826384945,1158.0,71196.0,10000.0,0.2861125704223025,0.0,6,True,D:\git\git\RDMCT-A3C\cie\results\main\cie_main_600s_compact_final_v1\seed1\solutions\cie_core_nominal__cie_core_n016_f012_m004_proc100__rdmct_feature_only__solverseed_1__trainseed_1__trainseed_1.sol,,,,D:\git\git\RDMCT-A3C\cie\models\feature_only\seed_1\itr_60.pkl,23,False,greedy,
cie_core_nominal,dual_source_cluster_tool,8_to_32_wafers_nominal_processing,test,600.0,[],D:\git\git\RDMCT-A3C\cie\data\core\spbs\cie_core_n024_f000_m024_proc100.lp,spbs\cie_core_n024_f000_m024_proc100.lp,cie_core_n024_f000_m024_proc100.lp,hem_structure,1,1,trainseed_1,auto,2026-07-22T19:36:28,timelimit,600.0,599.8477713000002,1,0.02726940000002287,0.0,0.0,0.023189544677734375,0.002997159957885742,1,0,117848,0.9877442248201758,30033.3950403832,4412.79217910079,162956.85986160376,10000.0,0.01699912779427555,8.661976873561798,1,True,D:\git\git\RDMCT-A3C\cie\results\main\cie_main_600s_compact_final_v1\seed1\solutions\cie_core_nominal__cie_core_n024_f000_m024_proc100__hem_structure__solverseed_1__trainseed_1__trainseed_1.sol,,,,D:\git\git\RDMCT-A3C\cie\models\proposed\seed_1\itr_60.pkl,23,True,greedy,
cie_core_nominal,dual_source_cluster_tool,8_to_32_wafers_nominal_processing,test,600.0,[],D:\git\git\RDMCT-A3C\cie\data\core\spbs\cie_core_n024_f000_m024_proc100.lp,spbs\cie_core_n024_f000_m024_proc100.lp,cie_core_n024_f000_m024_proc100.lp,proposed,1,1,trainseed_1,auto,2026-07-22T19:46:28,timelimit,600.0,599.9375909999999,1,0.06593740000016624,0.0,0.0,0.02906012535095215,0.002998828887939453,1,0,118602,0.9877442248201758,30035.9784387254,4412.79217910079,162956.85986160376,10000.0,0.01699912779427555,8.661976873561798,1,True,D:\git\git\RDMCT-A3C\cie\results\main\cie_main_600s_compact_final_v1\seed1\solutions\cie_core_nominal__cie_core_n024_f000_m024_proc100__proposed__solverseed_1__trainseed_1__trainseed_1.sol,,,,D:\git\git\RDMCT-A3C\cie\models\proposed\seed_1\itr_60.pkl,23,True,beam_search,
cie_core_nominal,dual_source_cluster_tool,8_to_32_wafers_nominal_processing,test,600.0,[],D:\git\git\RDMCT-A3C\cie\data\core\spbs\cie_core_n024_f000_m024_proc100.lp,spbs\cie_core_n024_f000_m024_proc100.lp,cie_core_n024_f000_m024_proc100.lp,scip_default,1,1,trainseed_1,auto,2026-07-22T19:56:28,timelimit,600.0,600.0784613000001,0,0.0,0.0,0.0,0.0,0.0,0,0,134789,0.9895366001356133,29916.280982203072,4412.79217910079,162956.85986160376,10000.0,0.01699912779427555,8.661976873561798,1,True,D:\git\git\RDMCT-A3C\cie\results\main\cie_main_600s_compact_final_v1\seed1\solutions\cie_core_nominal__cie_core_n024_f000_m024_proc100__scip_default__solverseed_1__trainseed_1__trainseed_1.sol,,,,,,False,,
cie_core_nominal,dual_source_cluster_tool,8_to_32_wafers_nominal_processing,test,600.0,[],D:\git\git\RDMCT-A3C\cie\data\core\spbs\cie_core_n024_f000_m024_proc100.lp,spbs\cie_core_n024_f000_m024_proc100.lp,cie_core_n024_f000_m024_proc100.lp,adaptive_cutsel,1,1,trainseed_1,auto,2026-07-22T20:06:28,timelimit,600.0,599.9192278999999,0,0.0,0.0,0.0,0.0,0.0,0,0,118330,0.9913322107855551,30025.236940355167,4412.79217910079,162956.85986160376,10000.0,0.01699912779427555,8.661976873561798,1,True,D:\git\git\RDMCT-A3C\cie\results\main\cie_main_600s_compact_final_v1\seed1\solutions\cie_core_nominal__cie_core_n024_f000_m024_proc100__adaptive_cutsel__solverseed_1__trainseed_1__trainseed_1.sol,,"{""dircutoffdistweight"": 0.0, ""efficacyweight"": 0.75, ""intsupportweight"": 0.0, ""objparalweight"": 0.25}",global_default,,,False,,
cie_core_nominal,dual_source_cluster_tool,8_to_32_wafers_nominal_processing,test,600.0,[],D:\git\git\RDMCT-A3C\cie\data\core\spbs\cie_core_n024_f000_m024_proc100.lp,spbs\cie_core_n024_f000_m024_proc100.lp,cie_core_n024_f000_m024_proc100.lp,hem,1,1,trainseed_1,auto,2026-07-22T20:16:28,timelimit,600.0,600.0270078999997,1,0.05930799999987357,0.0071637630462646484,0.0,0.016178369522094727,0.0,1,0,186781,0.9841691452791324,29870.504976490254,4412.79217910079,162956.85986160376,10000.0,0.01699912779427555,8.661976873561798,1,True,D:\git\git\RDMCT-A3C\cie\results\main\cie_main_600s_compact_final_v1\seed1\solutions\cie_core_nominal__cie_core_n024_f000_m024_proc100__hem__solverseed_1__trainseed_1__trainseed_1.sol,,,,D:\git\git\RDMCT-A3C\cie\models\hem\seed_1\itr_60.pkl,13,False,greedy,
cie_core_nominal,dual_source_cluster_tool,8_to_32_wafers_nominal_processing,test,600.0,[],D:\git\git\RDMCT-A3C\cie\data\core\spbs\cie_core_n024_f000_m024_proc100.lp,spbs\cie_core_n024_f000_m024_proc100.lp,cie_core_n024_f000_m024_proc100.lp,rdmct_feature_only,1,1,trainseed_1,auto,2026-07-22T20:26:28,timelimit,600.0,599.9551460000002,1,0.06559519999973418,0.009215593338012695,0.0019998550415039062,0.018212080001831055,0.0,1,0,168306,0.985955076102966,29924.257791119362,4412.79217910079,162956.85986160376,10000.0,0.01699912779427555,8.661976873561798,1,True,D:\git\git\RDMCT-A3C\cie\results\main\cie_main_600s_compact_final_v1\seed1\solutions\cie_core_nominal__cie_core_n024_f000_m024_proc100__rdmct_feature_only__solverseed_1__trainseed_1__trainseed_1.sol,,,,D:\git\git\RDMCT-A3C\cie\models\feature_only\seed_1\itr_60.pkl,23,False,greedy,
cie_core_nominal,dual_source_cluster_tool,8_to_32_wafers_nominal_processing,test,600.0,[],D:\git\git\RDMCT-A3C\cie\data\core\spbs\cie_core_n024_f000_m024_proc100.lp,spbs\cie_core_n024_f000_m024_proc100.lp,cie_core_n024_f000_m024_proc100.lp,hem_beam,1,1,trainseed_1,auto,2026-07-22T20:36:28,timelimit,600.0,600.0113031999999,1,0.08790670000053069,0.015272378921508789,0.0009999275207519531,0.03548574447631836,0.0,1,0,186267,0.9841691452791324,29871.00352704752,4412.79217910079,162956.85986160376,10000.0,0.01699912779427555,8.661976873561798,1,True,D:\git\git\RDMCT-A3C\cie\results\main\cie_main_600s_compact_final_v1\seed1\solutions\cie_core_nominal__cie_core_n024_f000_m024_proc100__hem_beam__solverseed_1__trainseed_1__trainseed_1.sol,,,,D:\git\git\RDMCT-A3C\cie\models\hem\seed_1\itr_60.pkl,13,False,beam_search,
cie_core_nominal,dual_source_cluster_tool,8_to_32_wafers_nominal_processing,test,600.0,[],D:\git\git\RDMCT-A3C\cie\data\core\spbs\cie_core_n024_f006_m018_proc100.lp,spbs\cie_core_n024_f006_m018_proc100.lp,cie_core_n024_f006_m018_proc100.lp,proposed,1,1,trainseed_1,auto,2026-07-22T20:46:28,optimal,374.0,374.0249581999997,1,0.04009000000041851,0.009276628494262695,0.0009980201721191406,0.0192263126373291,0.0010004043579101562,1,0,205997,0.0,5281.629016297736,2290.0,152542.0,10000.0,0.016977353689953123,0.0,15,True,D:\git\git\RDMCT-A3C\cie\results\main\cie_main_600s_compact_final_v1\seed1\solutions\cie_core_nominal__cie_core_n024_f006_m018_proc100__proposed__solverseed_1__trainseed_1__trainseed_1.sol,,,,D:\git\git\RDMCT-A3C\cie\models\proposed\seed_1\itr_60.pkl,23,True,beam_search,
cie_core_nominal,dual_source_cluster_tool,8_to_32_wafers_nominal_processing,test,600.0,[],D:\git\git\RDMCT-A3C\cie\data\core\spbs\cie_core_n024_f006_m018_proc100.lp,spbs\cie_core_n024_f006_m018_proc100.lp,cie_core_n024_f006_m018_proc100.lp,scip_default,1,1,trainseed_1,auto,2026-07-22T20:52:42,optimal,297.0,297.0637452000001,0,0.0,0.0,0.0,0.0,0.0,0,0,160002,0.0,3687.0842585841574,2290.0,151736.0,10000.0,0.0,0.0,18,True,D:\git\git\RDMCT-A3C\cie\results\main\cie_main_600s_compact_final_v1\seed1\solutions\cie_core_nominal__cie_core_n024_f006_m018_proc100__scip_default__solverseed_1__trainseed_1__trainseed_1.sol,,,,,,False,,
cie_core_nominal,dual_source_cluster_tool,8_to_32_wafers_nominal_processing,test,600.0,[],D:\git\git\RDMCT-A3C\cie\data\core\spbs\cie_core_n024_f006_m018_proc100.lp,spbs\cie_core_n024_f006_m018_proc100.lp,cie_core_n024_f006_m018_proc100.lp,adaptive_cutsel,1,1,trainseed_1,auto,2026-07-22T20:57:39,optimal,294.0,294.4779417999998,0,0.0,0.0,0.0,0.0,0.0,0,0,160002,0.0,3665.1605856296624,2290.0,151736.0,10000.0,0.0,0.0,18,True,D:\git\git\RDMCT-A3C\cie\results\main\cie_main_600s_compact_final_v1\seed1\solutions\cie_core_nominal__cie_core_n024_f006_m018_proc100__adaptive_cutsel__solverseed_1__trainseed_1__trainseed_1.sol,,"{""dircutoffdistweight"": 0.0, ""efficacyweight"": 0.75, ""intsupportweight"": 0.0, ""objparalweight"": 0.25}",global_default,,,False,,
cie_core_nominal,dual_source_cluster_tool,8_to_32_wafers_nominal_processing,test,600.0,[],D:\git\git\RDMCT-A3C\cie\data\core\spbs\cie_core_n024_f006_m018_proc100.lp,spbs\cie_core_n024_f006_m018_proc100.lp,cie_core_n024_f006_m018_proc100.lp,hem,1,1,trainseed_1,auto,2026-07-22T21:02:33,optimal,20.0,19.485485199999857,1,0.05885649999981979,0.007254600524902344,0.0,0.01623821258544922,0.0,1,0,10072,0.0,368.3633200865917,2290.0,153156.0,10000.0,0.035418586535283236,0.0,8,True,D:\git\git\RDMCT-A3C\cie\results\main\cie_main_600s_compact_final_v1\seed1\solutions\cie_core_nominal__cie_core_n024_f006_m018_proc100__hem__solverseed_1__trainseed_1__trainseed_1.sol,,,,D:\git\git\RDMCT-A3C\cie\models\hem\seed_1\itr_60.pkl,13,False,greedy,
cie_core_nominal,dual_source_cluster_tool,8_to_32_wafers_nominal_processing,test,600.0,[],D:\git\git\RDMCT-A3C\cie\data\core\spbs\cie_core_n024_f006_m018_proc100.lp,spbs\cie_core_n024_f006_m018_proc100.lp,cie_core_n024_f006_m018_proc100.lp,rdmct_feature_only,1,1,trainseed_1,auto,2026-07-22T21:02:53,timelimit,600.0,599.9260398999995,1,0.03878739999981917,0.019338130950927734,0.0,0.016157865524291992,0.0,1,0,387323,0.07760141093474426,5479.011369500378,2444.0,151768.34,10000.0,0.027066288275083162,0.0,18,True,D:\git\git\RDMCT-A3C\cie\results\main\cie_main_600s_compact_final_v1\seed1\solutions\cie_core_nominal__cie_core_n024_f006_m018_proc100__rdmct_feature_only__solverseed_1__trainseed_1__trainseed_1.sol,,,,D:\git\git\RDMCT-A3C\cie\models\feature_only\seed_1\itr_60.pkl,23,False,greedy,
cie_core_nominal,dual_source_cluster_tool,8_to_32_wafers_nominal_processing,test,600.0,[],D:\git\git\RDMCT-A3C\cie\data\core\spbs\cie_core_n024_f006_m018_proc100.lp,spbs\cie_core_n024_f006_m018_proc100.lp,cie_core_n024_f006_m018_proc100.lp,hem_beam,1,1,trainseed_1,auto,2026-07-22T21:12:53,optimal,19.0,19.36347569999998,1,0.047547400000439666,0.006999492645263672,0.0009999275207519531,0.03146243095397949,0.0,1,0,10072,0.0,342.40897204652214,2290.0,153156.0,10000.0,0.035418586535283236,0.0,8,True,D:\git\git\RDMCT-A3C\cie\results\main\cie_main_600s_compact_final_v1\seed1\solutions\cie_core_nominal__cie_core_n024_f006_m018_proc100__hem_beam__solverseed_1__trainseed_1__trainseed_1.sol,,,,D:\git\git\RDMCT-A3C\cie\models\hem\seed_1\itr_60.pkl,13,False,beam_search,
cie_core_nominal,dual_source_cluster_tool,8_to_32_wafers_nominal_processing,test,600.0,[],D:\git\git\RDMCT-A3C\cie\data\core\spbs\cie_core_n024_f006_m018_proc100.lp,spbs\cie_core_n024_f006_m018_proc100.lp,cie_core_n024_f006_m018_proc100.lp,hem_structure,1,1,trainseed_1,auto,2026-07-22T21:13:12,optimal,377.0,376.6228404000003,1,0.05985619999955816,0.009213447570800781,0.0039997100830078125,0.010262727737426758,0.00099945068359375,1,0,205997,0.0,5331.316442407789,2290.0,152542.0,10000.0,0.016977353689953123,0.0,15,True,D:\git\git\RDMCT-A3C\cie\results\main\cie_main_600s_compact_final_v1\seed1\solutions\cie_core_nominal__cie_core_n024_f006_m018_proc100__hem_structure__solverseed_1__trainseed_1__trainseed_1.sol,,,,D:\git\git\RDMCT-A3C\cie\models\proposed\seed_1\itr_60.pkl,23,True,greedy,
cie_core_nominal,dual_source_cluster_tool,8_to_32_wafers_nominal_processing,test,600.0,[],D:\git\git\RDMCT-A3C\cie\data\core\spbs\cie_core_n024_f012_m012_proc100.lp,spbs\cie_core_n024_f012_m012_proc100.lp,cie_core_n024_f012_m012_proc100.lp,scip_default,1,1,trainseed_1,auto,2026-07-22T21:19:29,timelimit,600.0,599.9709653000009,0,0.0,0.0,0.0,0.0,0.0,0,0,233714,0.3295863309352518,15075.519675592426,2957.0,116447.0,10000.0,0.5881665636063443,0.0,2,True,D:\git\git\RDMCT-A3C\cie\results\main\cie_main_600s_compact_final_v1\seed1\solutions\cie_core_nominal__cie_core_n024_f012_m012_proc100__scip_default__solverseed_1__trainseed_1__trainseed_1.sol,,,,,,False,,
cie_core_nominal,dual_source_cluster_tool,8_to_32_wafers_nominal_processing,test,600.0,[],D:\git\git\RDMCT-A3C\cie\data\core\spbs\cie_core_n024_f012_m012_proc100.lp,spbs\cie_core_n024_f012_m012_proc100.lp,cie_core_n024_f012_m012_proc100.lp,adaptive_cutsel,1,1,trainseed_1,auto,2026-07-22T21:29:29,timelimit,600.0,599.9938528999992,0,0.0,0.0,0.0,0.0,0.0,0,0,237663,0.19469424460431656,11250.38328136828,2657.0,115946.0,10000.0,0.5793398976707101,0.0,9,True,D:\git\git\RDMCT-A3C\cie\results\main\cie_main_600s_compact_final_v1\seed1\solutions\cie_core_nominal__cie_core_n024_f012_m012_proc100__adaptive_cutsel__solverseed_1__trainseed_1__trainseed_1.sol,,"{""dircutoffdistweight"": 0.0, ""efficacyweight"": 0.75, ""intsupportweight"": 0.0, ""objparalweight"": 0.25}",global_default,,,False,,
cie_core_nominal,dual_source_cluster_tool,8_to_32_wafers_nominal_processing,test,600.0,[],D:\git\git\RDMCT-A3C\cie\data\core\spbs\cie_core_n024_f012_m012_proc100.lp,spbs\cie_core_n024_f012_m012_proc100.lp,cie_core_n024_f012_m012_proc100.lp,hem,1,1,trainseed_1,auto,2026-07-22T21:39:29,timelimit,600.0,600.0054249999994,1,0.03155060000062804,0.008002519607543945,0.0,0.015271663665771484,0.0,1,0,195087,0.331981981981982,15266.312428066625,2957.0,117080.0,10000.0,0.6226554702268763,0.0,3,True,D:\git\git\RDMCT-A3C\cie\results\main\cie_main_600s_compact_final_v1\seed1\solutions\cie_core_nominal__cie_core_n024_f012_m012_proc100__hem__solverseed_1__trainseed_1__trainseed_1.sol,,,,D:\git\git\RDMCT-A3C\cie\models\hem\seed_1\itr_60.pkl,13,False,greedy,
cie_core_nominal,dual_source_cluster_tool,8_to_32_wafers_nominal_processing,test,600.0,[],D:\git\git\RDMCT-A3C\cie\data\core\spbs\cie_core_n024_f012_m012_proc100.lp,spbs\cie_core_n024_f012_m012_proc100.lp,cie_core_n024_f012_m012_proc100.lp,rdmct_feature_only,1,1,trainseed_1,auto,2026-07-22T21:49:29,timelimit,600.0,599.9932936999994,1,0.06155839999883028,0.009999752044677734,0.0,0.01627349853515625,0.0,1,0,213698,0.3295863309352518,15000.156759541405,2957.0,117244.0,10000.0,0.5793398976707101,0.0,5,True,D:\git\git\RDMCT-A3C\cie\results\main\cie_main_600s_compact_final_v1\seed1\solutions\cie_core_nominal__cie_core_n024_f012_m012_proc100__rdmct_feature_only__solverseed_1__trainseed_1__trainseed_1.sol,,,,D:\git\git\RDMCT-A3C\cie\models\feature_only\seed_1\itr_60.pkl,23,False,greedy,
cie_core_nominal,dual_source_cluster_tool,8_to_32_wafers_nominal_processing,test,600.0,[],D:\git\git\RDMCT-A3C\cie\data\core\spbs\cie_core_n024_f012_m012_proc100.lp,spbs\cie_core_n024_f012_m012_proc100.lp,cie_core_n024_f012_m012_proc100.lp,hem_beam,1,1,trainseed_1,auto,2026-07-22T21:59:29,timelimit,600.0,599.9676837000006,1,0.08133950000046752,0.008245229721069336,0.0010030269622802734,0.0363771915435791,0.0,1,0,193981,0.331981981981982,15265.225707459314,2957.0,117080.0,10000.0,0.6226554702268763,0.0,3,True,D:\git\git\RDMCT-A3C\cie\results\main\cie_main_600s_compact_final_v1\seed1\solutions\cie_core_nominal__cie_core_n024_f012_m012_proc100__hem_beam__solverseed_1__trainseed_1__trainseed_1.sol,,,,D:\git\git\RDMCT-A3C\cie\models\hem\seed_1\itr_60.pkl,13,False,beam_search,
cie_core_nominal,dual_source_cluster_tool,8_to_32_wafers_nominal_processing,test,600.0,[],D:\git\git\RDMCT-A3C\cie\data\core\spbs\cie_core_n024_f012_m012_proc100.lp,spbs\cie_core_n024_f012_m012_proc100.lp,cie_core_n024_f012_m012_proc100.lp,hem_structure,1,1,trainseed_1,auto,2026-07-22T22:09:29,optimal,468.0,468.5211263000001,1,0.03341060000093421,0.010780811309814453,0.004001617431640625,0.006999015808105469,0.0012955665588378906,1,0,179489,0.0,11375.698888746154,2246.0,116192.0,10000.0,0.270464868991677,255.0,12,True,D:\git\git\RDMCT-A3C\cie\results\main\cie_main_600s_compact_final_v1\seed1\solutions\cie_core_nominal__cie_core_n024_f012_m012_proc100__hem_structure__solverseed_1__trainseed_1__trainseed_1.sol,,,,D:\git\git\RDMCT-A3C\cie\models\proposed\seed_1\itr_60.pkl,23,True,greedy,
cie_core_nominal,dual_source_cluster_tool,8_to_32_wafers_nominal_processing,test,600.0,[],D:\git\git\RDMCT-A3C\cie\data\core\spbs\cie_core_n024_f012_m012_proc100.lp,spbs\cie_core_n024_f012_m012_proc100.lp,cie_core_n024_f012_m012_proc100.lp,proposed,1,1,trainseed_1,auto,2026-07-22T22:17:17,optimal,463.0,463.1543899999997,1,0.06039579999924172,0.00899958610534668,0.0010001659393310547,0.013266801834106445,0.002000093460083008,1,0,179489,0.0,11343.70416536319,2246.0,116192.0,10000.0,0.270464868991677,255.0,12,True,D:\git\git\RDMCT-A3C\cie\results\main\cie_main_600s_compact_final_v1\seed1\solutions\cie_core_nominal__cie_core_n024_f012_m012_proc100__proposed__solverseed_1__trainseed_1__trainseed_1.sol,,,,D:\git\git\RDMCT-A3C\cie\models\proposed\seed_1\itr_60.pkl,23,True,beam_search,
cie_core_nominal,dual_source_cluster_tool,8_to_32_wafers_nominal_processing,test,600.0,[],D:\git\git\RDMCT-A3C\cie\data\core\spbs\cie_core_n024_f018_m006_proc100.lp,spbs\cie_core_n024_f018_m006_proc100.lp,cie_core_n024_f018_m006_proc100.lp,adaptive_cutsel,1,1,trainseed_1,auto,2026-07-22T22:25:00,timelimit,600.0,599.3539492,0,0.0,0.0,0.0,0.0,0.0,0,0,248669,0.009786476868326998,11426.818561660926,2269.999999999999,115414.0,10000.0,0.5797508450670319,65.99999999999909,3,True,D:\git\git\RDMCT-A3C\cie\results\main\cie_main_600s_compact_final_v1\seed1\solutions\cie_core_nominal__cie_core_n024_f018_m006_proc100__adaptive_cutsel__solverseed_1__trainseed_1__trainseed_1.sol,,"{""dircutoffdistweight"": 0.0, ""efficacyweight"": 0.75, ""intsupportweight"": 0.0, ""objparalweight"": 0.25}",global_default,,,False,,
cie_core_nominal,dual_source_cluster_tool,8_to_32_wafers_nominal_processing,test,600.0,[],D:\git\git\RDMCT-A3C\cie\data\core\spbs\cie_core_n024_f018_m006_proc100.lp,spbs\cie_core_n024_f018_m006_proc100.lp,cie_core_n024_f018_m006_proc100.lp,hem,1,1,trainseed_1,auto,2026-07-22T22:35:00,optimal,270.0,270.85889320000024,1,0.062044000000241795,0.01015925407409668,0.00099945068359375,0.015123605728149414,0.0,1,0,84980,0.0,7825.801868180536,2270.0,113181.0,10000.0,0.240103188632151,66.0,8,True,D:\git\git\RDMCT-A3C\cie\results\main\cie_main_600s_compact_final_v1\seed1\solutions\cie_core_nominal__cie_core_n024_f018_m006_proc100__hem__solverseed_1__trainseed_1__trainseed_1.sol,,,,D:\git\git\RDMCT-A3C\cie\models\hem\seed_1\itr_60.pkl,13,False,greedy,
cie_core_nominal,dual_source_cluster_tool,8_to_32_wafers_nominal_processing,test,600.0,[],D:\git\git\RDMCT-A3C\cie\data\core\spbs\cie_core_n024_f018_m006_proc100.lp,spbs\cie_core_n024_f018_m006_proc100.lp,cie_core_n024_f018_m006_proc100.lp,rdmct_feature_only,1,1,trainseed_1,auto,2026-07-22T22:39:31,optimal,504.0,504.4272748000003,1,0.06443709999985003,0.013001680374145508,0.0,0.016268491744995117,0.0,1,0,172566,0.0,15159.042402209227,2270.0,114428.0,10000.0,0.4487210043322221,66.0,14,True,D:\git\git\RDMCT-A3C\cie\results\main\cie_main_600s_compact_final_v1\seed1\solutions\cie_core_nominal__cie_core_n024_f018_m006_proc100__rdmct_feature_only__solverseed_1__trainseed_1__trainseed_1.sol,,,,D:\git\git\RDMCT-A3C\cie\models\feature_only\seed_1\itr_60.pkl,23,False,greedy,
cie_core_nominal,dual_source_cluster_tool,8_to_32_wafers_nominal_processing,test,600.0,[],D:\git\git\RDMCT-A3C\cie\data\core\spbs\cie_core_n024_f018_m006_proc100.lp,spbs\cie_core_n024_f018_m006_proc100.lp,cie_core_n024_f018_m006_proc100.lp,hem_beam,1,1,trainseed_1,auto,2026-07-22T22:47:55,optimal,270.0,270.4091315000005,1,0.07776299999932235,0.009999990463256836,0.0,0.032140493392944336,0.0,1,0,84980,0.0,7825.926291564902,2270.0,113181.0,10000.0,0.240103188632151,66.0,8,True,D:\git\git\RDMCT-A3C\cie\results\main\cie_main_600s_compact_final_v1\seed1\solutions\cie_core_nominal__cie_core_n024_f018_m006_proc100__hem_beam__solverseed_1__trainseed_1__trainseed_1.sol,,,,D:\git\git\RDMCT-A3C\cie\models\hem\seed_1\itr_60.pkl,13,False,beam_search,
cie_core_nominal,dual_source_cluster_tool,8_to_32_wafers_nominal_processing,test,600.0,[],D:\git\git\RDMCT-A3C\cie\data\core\spbs\cie_core_n024_f018_m006_proc100.lp,spbs\cie_core_n024_f018_m006_proc100.lp,cie_core_n024_f018_m006_proc100.lp,hem_structure,1,1,trainseed_1,auto,2026-07-22T22:52:25,timelimit,600.0,599.3213223999992,1,0.05720559999826946,0.013197898864746094,0.0,0.007305145263671875,0.0020012855529785156,1,0,238440,0.11675579322638147,14749.479721686203,2506.0,113038.0,10000.0,0.37023051528059797,170.0,4,True,D:\git\git\RDMCT-A3C\cie\results\main\cie_main_600s_compact_final_v1\seed1\solutions\cie_core_nominal__cie_core_n024_f018_m006_proc100__hem_structure__solverseed_1__trainseed_1__trainseed_1.sol,,,,D:\git\git\RDMCT-A3C\cie\models\proposed\seed_1\itr_60.pkl,23,True,greedy,
cie_core_nominal,dual_source_cluster_tool,8_to_32_wafers_nominal_processing,test,600.0,[],D:\git\git\RDMCT-A3C\cie\data\core\spbs\cie_core_n024_f018_m006_proc100.lp,spbs\cie_core_n024_f018_m006_proc100.lp,cie_core_n024_f018_m006_proc100.lp,proposed,1,1,trainseed_1,auto,2026-07-22T23:02:25,timelimit,600.0,600.066160800001,1,0.06302189999951224,0.012000560760498047,0.0,0.013298988342285156,0.0020029544830322266,1,0,219770,0.11675579322638147,14743.766091983562,2506.0,113038.0,10000.0,0.37023051528059797,170.0,4,True,D:\git\git\RDMCT-A3C\cie\results\main\cie_main_600s_compact_final_v1\seed1\solutions\cie_core_nominal__cie_core_n024_f018_m006_proc100__proposed__solverseed_1__trainseed_1__trainseed_1.sol,,,,D:\git\git\RDMCT-A3C\cie\models\proposed\seed_1\itr_60.pkl,23,True,beam_search,
cie_core_nominal,dual_source_cluster_tool,8_to_32_wafers_nominal_processing,test,600.0,[],D:\git\git\RDMCT-A3C\cie\data\core\spbs\cie_core_n024_f018_m006_proc100.lp,spbs\cie_core_n024_f018_m006_proc100.lp,cie_core_n024_f018_m006_proc100.lp,scip_default,1,1,trainseed_1,auto,2026-07-22T23:12:25,timelimit,600.0,599.9695925000015,0,0.0,0.0,0.0,0.0,0.0,0,0,146862,0.14616755793226383,14039.331278711394,2572.0,112886.0,10000.0,0.4083441981012044,80.0,2,True,D:\git\git\RDMCT-A3C\cie\results\main\cie_main_600s_compact_final_v1\seed1\solutions\cie_core_nominal__cie_core_n024_f018_m006_proc100__scip_default__solverseed_1__trainseed_1__trainseed_1.sol,,,,,,False,,
cie_core_nominal,dual_source_cluster_tool,8_to_32_wafers_nominal_processing,test,600.0,[],D:\git\git\RDMCT-A3C\cie\data\core\spbs\cie_core_n032_f000_m032_proc100.lp,spbs\cie_core_n032_f000_m032_proc100.lp,cie_core_n032_f000_m032_proc100.lp,hem,1,1,trainseed_1,auto,2026-07-22T23:22:25,optimal,155.0,155.6818999999996,1,0.0737397000011697,0.012997150421142578,0.0010726451873779297,0.023560047149658203,0.0,1,0,57406,0.0,2043.826319603751,2592.0,200676.0,10000.0,0.010495889827120372,16.0,4,True,D:\git\git\RDMCT-A3C\cie\results\main\cie_main_600s_compact_final_v1\seed1\solutions\cie_core_nominal__cie_core_n032_f000_m032_proc100__hem__solverseed_1__trainseed_1__trainseed_1.sol,,,,D:\git\git\RDMCT-A3C\cie\models\hem\seed_1\itr_60.pkl,13,False,greedy,
cie_core_nominal,dual_source_cluster_tool,8_to_32_wafers_nominal_processing,test,600.0,[],D:\git\git\RDMCT-A3C\cie\data\core\spbs\cie_core_n032_f000_m032_proc100.lp,spbs\cie_core_n032_f000_m032_proc100.lp,cie_core_n032_f000_m032_proc100.lp,rdmct_feature_only,1,1,trainseed_1,auto,2026-07-22T23:25:00,timelimit,600.0,600.2517066,1,0.07378800000151386,0.017000198364257812,0.0009996891021728516,0.020153522491455078,0.0,1,0,214967,0.06790123456790123,7155.658571565717,2768.0,202800.0,10000.0,0.21678114020433792,438.0,8,True,D:\git\git\RDMCT-A3C\cie\results\main\cie_main_600s_compact_final_v1\seed1\solutions\cie_core_nominal__cie_core_n032_f000_m032_proc100__rdmct_feature_only__solverseed_1__trainseed_1__trainseed_1.sol,,,,D:\git\git\RDMCT-A3C\cie\models\feature_only\seed_1\itr_60.pkl,23,False,greedy,
cie_core_nominal,dual_source_cluster_tool,8_to_32_wafers_nominal_processing,test,600.0,[],D:\git\git\RDMCT-A3C\cie\data\core\spbs\cie_core_n032_f000_m032_proc100.lp,spbs\cie_core_n032_f000_m032_proc100.lp,cie_core_n032_f000_m032_proc100.lp,hem_beam,1,1,trainseed_1,auto,2026-07-22T23:35:01,optimal,155.0,155.55855220000012,1,0.059692299999369425,0.012999296188354492,0.0,0.04533886909484863,0.0,1,0,57406,0.0,2043.7590248527417,2592.0,200676.0,10000.0,0.010495889827120372,16.0,4,True,D:\git\git\RDMCT-A3C\cie\results\main\cie_main_600s_compact_final_v1\seed1\solutions\cie_core_nominal__cie_core_n032_f000_m032_proc100__hem_beam__solverseed_1__trainseed_1__trainseed_1.sol,,,,D:\git\git\RDMCT-A3C\cie\models\hem\seed_1\itr_60.pkl,13,False,beam_search,
cie_core_nominal,dual_source_cluster_tool,8_to_32_wafers_nominal_processing,test,600.0,[],D:\git\git\RDMCT-A3C\cie\data\core\spbs\cie_core_n032_f000_m032_proc100.lp,spbs\cie_core_n032_f000_m032_proc100.lp,cie_core_n032_f000_m032_proc100.lp,hem_structure,1,1,trainseed_1,auto,2026-07-22T23:37:36,optimal,571.0,570.7471512000011,1,0.10407590000068012,0.016170978546142578,0.00099945068359375,0.010000467300415039,0.0021677017211914062,1,0,219835,0.0,6121.102543957913,2592.0,203186.0,10000.0,0.01619119352907738,18.0,11,True,D:\git\git\RDMCT-A3C\cie\results\main\cie_main_600s_compact_final_v1\seed1\solutions\cie_core_nominal__cie_core_n032_f000_m032_proc100__hem_structure__solverseed_1__trainseed_1__trainseed_1.sol,,,,D:\git\git\RDMCT-A3C\cie\models\proposed\seed_1\itr_60.pkl,23,True,greedy,
cie_core_nominal,dual_source_cluster_tool,8_to_32_wafers_nominal_processing,test,600.0,[],D:\git\git\RDMCT-A3C\cie\data\core\spbs\cie_core_n032_f000_m032_proc100.lp,spbs\cie_core_n032_f000_m032_proc100.lp,cie_core_n032_f000_m032_proc100.lp,proposed,1,1,trainseed_1,auto,2026-07-22T23:47:07,optimal,561.0,561.1730868999985,1,0.04024720000234083,0.016998291015625,0.0009996891021728516,0.018247604370117188,0.0029997825622558594,1,0,219835,0.0,6010.275431187985,2592.0,203186.0,10000.0,0.01619119352907738,18.0,11,True,D:\git\git\RDMCT-A3C\cie\results\main\cie_main_600s_compact_final_v1\seed1\solutions\cie_core_nominal__cie_core_n032_f000_m032_proc100__proposed__solverseed_1__trainseed_1__trainseed_1.sol,,,,D:\git\git\RDMCT-A3C\cie\models\proposed\seed_1\itr_60.pkl,23,True,beam_search,
cie_core_nominal,dual_source_cluster_tool,8_to_32_wafers_nominal_processing,test,600.0,[],D:\git\git\RDMCT-A3C\cie\data\core\spbs\cie_core_n032_f000_m032_proc100.lp,spbs\cie_core_n032_f000_m032_proc100.lp,cie_core_n032_f000_m032_proc100.lp,scip_default,1,1,trainseed_1,auto,2026-07-22T23:56:28,timelimit,600.0,599.5898211999993,0,0.0,0.0,0.0,0.0,0.0,0,0,166928,0.07953667953667953,6377.545579305577,2796.0,202788.0,10000.0,0.2517962679314721,808.0,7,True,D:\git\git\RDMCT-A3C\cie\results\main\cie_main_600s_compact_final_v1\seed1\solutions\cie_core_nominal__cie_core_n032_f000_m032_proc100__scip_default__solverseed_1__trainseed_1__trainseed_1.sol,,,,,,False,,
cie_core_nominal,dual_source_cluster_tool,8_to_32_wafers_nominal_processing,test,600.0,[],D:\git\git\RDMCT-A3C\cie\data\core\spbs\cie_core_n032_f000_m032_proc100.lp,spbs\cie_core_n032_f000_m032_proc100.lp,cie_core_n032_f000_m032_proc100.lp,adaptive_cutsel,1,1,trainseed_1,auto,2026-07-23T00:06:28,timelimit,600.0,599.9308342999975,0,0.0,0.0,0.0,0.0,0.0,0,0,167579,0.07953667953667953,6370.586700624108,2796.0,202788.0,10000.0,0.2517962679314721,808.0,7,True,D:\git\git\RDMCT-A3C\cie\results\main\cie_main_600s_compact_final_v1\seed1\solutions\cie_core_nominal__cie_core_n032_f000_m032_proc100__adaptive_cutsel__solverseed_1__trainseed_1__trainseed_1.sol,,"{""dircutoffdistweight"": 0.0, ""efficacyweight"": 0.75, ""intsupportweight"": 0.0, ""objparalweight"": 0.25}",global_default,,,False,,
cie_core_nominal,dual_source_cluster_tool,8_to_32_wafers_nominal_processing,test,600.0,[],D:\git\git\RDMCT-A3C\cie\data\core\spbs\cie_core_n032_f008_m024_proc100.lp,spbs\cie_core_n032_f008_m024_proc100.lp,cie_core_n032_f008_m024_proc100.lp,rdmct_feature_only,1,1,trainseed_1,auto,2026-07-23T00:16:28,timelimit,600.0,600.0112993000002,1,0.07290789999751723,0.01646876335144043,0.0009720325469970703,0.019332170486450195,0.0,1,0,167427,0.08333333333333333,5605.194669134637,2821.0,182501.0,10000.0,0.1780159482842029,264.0,11,True,D:\git\git\RDMCT-A3C\cie\results\main\cie_main_600s_compact_final_v1\seed1\solutions\cie_core_nominal__cie_core_n032_f008_m024_proc100__rdmct_feature_only__solverseed_1__trainseed_1__trainseed_1.sol,,,,D:\git\git\RDMCT-A3C\cie\models\feature_only\seed_1\itr_60.pkl,23,False,greedy,
cie_core_nominal,dual_source_cluster_tool,8_to_32_wafers_nominal_processing,test,600.0,[],D:\git\git\RDMCT-A3C\cie\data\core\spbs\cie_core_n032_f008_m024_proc100.lp,spbs\cie_core_n032_f008_m024_proc100.lp,cie_core_n032_f008_m024_proc100.lp,hem_beam,1,1,trainseed_1,auto,2026-07-23T00:26:28,timelimit,600.0,599.9914754999991,1,0.09020330000203103,0.012484073638916016,0.001013040542602539,0.0414581298828125,0.0,1,0,231353,0.0629800307219662,5524.329887150947,2768.0,182656.0,10000.0,0.06191032941996747,42.0,11,True,D:\git\git\RDMCT-A3C\cie\results\main\cie_main_600s_compact_final_v1\seed1\solutions\cie_core_nominal__cie_core_n032_f008_m024_proc100__hem_beam__solverseed_1__trainseed_1__trainseed_1.sol,,,,D:\git\git\RDMCT-A3C\cie\models\hem\seed_1\itr_60.pkl,13,False,beam_search,
cie_core_nominal,dual_source_cluster_tool,8_to_32_wafers_nominal_processing,test,600.0,[],D:\git\git\RDMCT-A3C\cie\data\core\spbs\cie_core_n032_f008_m024_proc100.lp,spbs\cie_core_n032_f008_m024_proc100.lp,cie_core_n032_f008_m024_proc100.lp,hem_structure,1,1,trainseed_1,auto,2026-07-23T00:36:28,optimal,268.0,268.7891004000012,1,0.08265190000020084,0.017250537872314453,0.0010008811950683594,0.00699925422668457,0.0019996166229248047,1,0,74779,0.0,2695.3623441095597,2626.0,182848.0,10000.0,0.07140643529437686,84.0,12,True,D:\git\git\RDMCT-A3C\cie\results\main\cie_main_600s_compact_final_v1\seed1\solutions\cie_core_nominal__cie_core_n032_f008_m024_proc100__hem_structure__solverseed_1__trainseed_1__trainseed_1.sol,,,,D:\git\git\RDMCT-A3C\cie\models\proposed\seed_1\itr_60.pkl,23,True,greedy,
cie_core_nominal,dual_source_cluster_tool,8_to_32_wafers_nominal_processing,test,600.0,[],D:\git\git\RDMCT-A3C\cie\data\core\spbs\cie_core_n032_f008_m024_proc100.lp,spbs\cie_core_n032_f008_m024_proc100.lp,cie_core_n032_f008_m024_proc100.lp,proposed,1,1,trainseed_1,auto,2026-07-23T00:40:57,optimal,266.0,266.41761340000085,1,0.038180800002010074,0.01715850830078125,0.0,0.013999700546264648,0.0021033287048339844,1,0,74779,0.0,2576.4641924672724,2626.0,182848.0,10000.0,0.07140643529437686,84.0,12,True,D:\git\git\RDMCT-A3C\cie\results\main\cie_main_600s_compact_final_v1\seed1\solutions\cie_core_nominal__cie_core_n032_f008_m024_proc100__proposed__solverseed_1__trainseed_1__trainseed_1.sol,,,,D:\git\git\RDMCT-A3C\cie\models\proposed\seed_1\itr_60.pkl,23,True,beam_search,
cie_core_nominal,dual_source_cluster_tool,8_to_32_wafers_nominal_processing,test,600.0,[],D:\git\git\RDMCT-A3C\cie\data\core\spbs\cie_core_n032_f008_m024_proc100.lp,spbs\cie_core_n032_f008_m024_proc100.lp,cie_core_n032_f008_m024_proc100.lp,scip_default,1,1,trainseed_1,auto,2026-07-23T00:45:23,timelimit,600.0,599.8480459999992,0,0.0,0.0,0.0,0.0,0.0,0,0,181049,0.08717357910906298,5800.440994657683,2831.0,183358.0,10000.0,0.04399126334092385,39.0,5,True,D:\git\git\RDMCT-A3C\cie\results\main\cie_main_600s_compact_final_v1\seed1\solutions\cie_core_nominal__cie_core_n032_f008_m024_proc100__scip_default__solverseed_1__trainseed_1__trainseed_1.sol,,,,,,False,,
cie_core_nominal,dual_source_cluster_tool,8_to_32_wafers_nominal_processing,test,600.0,[],D:\git\git\RDMCT-A3C\cie\data\core\spbs\cie_core_n032_f008_m024_proc100.lp,spbs\cie_core_n032_f008_m024_proc100.lp,cie_core_n032_f008_m024_proc100.lp,adaptive_cutsel,1,1,trainseed_1,auto,2026-07-23T00:55:23,timelimit,600.0,599.9495345999967,0,0.0,0.0,0.0,0.0,0.0,0,0,203459,0.10692307692307693,6115.855175359829,2878.0,183605.9911,10000.0,0.0,0.0,7,True,D:\git\git\RDMCT-A3C\cie\results\main\cie_main_600s_compact_final_v1\seed1\solutions\cie_core_nominal__cie_core_n032_f008_m024_proc100__adaptive_cutsel__solverseed_1__trainseed_1__trainseed_1.sol,,"{""dircutoffdistweight"": 0.0, ""efficacyweight"": 0.75, ""intsupportweight"": 0.0, ""objparalweight"": 0.25}",global_default,,,False,,
cie_core_nominal,dual_source_cluster_tool,8_to_32_wafers_nominal_processing,test,600.0,[],D:\git\git\RDMCT-A3C\cie\data\core\spbs\cie_core_n032_f008_m024_proc100.lp,spbs\cie_core_n032_f008_m024_proc100.lp,cie_core_n032_f008_m024_proc100.lp,hem,1,1,trainseed_1,auto,2026-07-23T01:05:23,timelimit,600.0,599.9687015000018,1,0.06984539999757544,0.01225423812866211,0.0010006427764892578,0.02025747299194336,0.0,1,0,232062,0.0629800307219662,5441.597076382165,2768.0,182656.0,10000.0,0.06191032941996747,42.0,11,True,D:\git\git\RDMCT-A3C\cie\results\main\cie_main_600s_compact_final_v1\seed1\solutions\cie_core_nominal__cie_core_n032_f008_m024_proc100__hem__solverseed_1__trainseed_1__trainseed_1.sol,,,,D:\git\git\RDMCT-A3C\cie\models\hem\seed_1\itr_60.pkl,13,False,greedy,
cie_core_nominal,dual_source_cluster_tool,8_to_32_wafers_nominal_processing,test,600.0,[],D:\git\git\RDMCT-A3C\cie\data\core\spbs\cie_core_n032_f016_m016_proc100.lp,spbs\cie_core_n032_f016_m016_proc100.lp,cie_core_n032_f016_m016_proc100.lp,hem_beam,1,1,trainseed_1,auto,2026-07-23T01:15:23,timelimit,600.0,600.0056231999988,1,0.07935889999862411,0.016999483108520508,0.0010006427764892578,0.04140019416809082,0.0,1,0,55726,3.038772213247173,45606.399999999994,10000.0,192542.0,10000.0,0.7103546114337526,6.0,1,True,D:\git\git\RDMCT-A3C\cie\results\main\cie_main_600s_compact_final_v1\seed1\solutions\cie_core_nominal__cie_core_n032_f016_m016_proc100__hem_beam__solverseed_1__trainseed_1__trainseed_1.sol,,,,D:\git\git\RDMCT-A3C\cie\models\hem\seed_1\itr_60.pkl,13,False,beam_search,
cie_core_nominal,dual_source_cluster_tool,8_to_32_wafers_nominal_processing,test,600.0,[],D:\git\git\RDMCT-A3C\cie\data\core\spbs\cie_core_n032_f016_m016_proc100.lp,spbs\cie_core_n032_f016_m016_proc100.lp,cie_core_n032_f016_m016_proc100.lp,hem_structure,1,1,trainseed_1,auto,2026-07-23T01:25:23,timelimit,600.0,599.9584041000016,1,0.11121019999700366,0.038138389587402344,0.0029447078704833984,0.02152538299560547,0.003000020980834961,1,0,36931,3.045307443365696,45669.1535334873,10000.0,192542.0,10000.0,0.7103546114337526,6.0,1,True,D:\git\git\RDMCT-A3C\cie\results\main\cie_main_600s_compact_final_v1\seed1\solutions\cie_core_nominal__cie_core_n032_f016_m016_proc100__hem_structure__solverseed_1__trainseed_1__trainseed_1.sol,,,,D:\git\git\RDMCT-A3C\cie\models\proposed\seed_1\itr_60.pkl,23,True,greedy,
cie_core_nominal,dual_source_cluster_tool,8_to_32_wafers_nominal_processing,test,600.0,[],D:\git\git\RDMCT-A3C\cie\data\core\spbs\cie_core_n032_f016_m016_proc100.lp,spbs\cie_core_n032_f016_m016_proc100.lp,cie_core_n032_f016_m016_proc100.lp,proposed,1,1,trainseed_1,auto,2026-07-23T01:35:23,timelimit,600.0,600.0032471000013,1,0.09054650000325637,0.028198719024658203,0.0010418891906738281,0.04078078269958496,0.002012968063354492,1,0,35531,3.045307443365696,45646.533533487294,10000.0,192542.0,10000.0,0.7103546114337526,6.0,1,True,D:\git\git\RDMCT-A3C\cie\results\main\cie_main_600s_compact_final_v1\seed1\solutions\cie_core_nominal__cie_core_n032_f016_m016_proc100__proposed__solverseed_1__trainseed_1__trainseed_1.sol,,,,D:\git\git\RDMCT-A3C\cie\models\proposed\seed_1\itr_60.pkl,23,True,beam_search,
cie_core_nominal,dual_source_cluster_tool,8_to_32_wafers_nominal_processing,test,600.0,[],D:\git\git\RDMCT-A3C\cie\data\core\spbs\cie_core_n032_f016_m016_proc100.lp,spbs\cie_core_n032_f016_m016_proc100.lp,cie_core_n032_f016_m016_proc100.lp,scip_default,1,1,trainseed_1,auto,2026-07-23T01:45:23,timelimit,600.0,599.9533994000012,0,0.0,0.0,0.0,0.0,0.0,0,0,30700,3.045307443365696,45645.52426105717,10000.0,192542.0,10000.0,0.7103546114337526,6.0,1,True,D:\git\git\RDMCT-A3C\cie\results\main\cie_main_600s_compact_final_v1\seed1\solutions\cie_core_nominal__cie_core_n032_f016_m016_proc100__scip_default__solverseed_1__trainseed_1__trainseed_1.sol,,,,,,False,,
cie_core_nominal,dual_source_cluster_tool,8_to_32_wafers_nominal_processing,test,600.0,[],D:\git\git\RDMCT-A3C\cie\data\core\spbs\cie_core_n032_f016_m016_proc100.lp,spbs\cie_core_n032_f016_m016_proc100.lp,cie_core_n032_f016_m016_proc100.lp,adaptive_cutsel,1,1,trainseed_1,auto,2026-07-23T01:55:23,timelimit,600.0,600.1067162999971,0,0.0,0.0,0.0,0.0,0.0,0,0,46646,3.0355125100887816,45630.83852211435,10000.0,192542.0,10000.0,0.7103546114337526,6.0,1,True,D:\git\git\RDMCT-A3C\cie\results\main\cie_main_600s_compact_final_v1\seed1\solutions\cie_core_nominal__cie_core_n032_f016_m016_proc100__adaptive_cutsel__solverseed_1__trainseed_1__trainseed_1.sol,,"{""dircutoffdistweight"": 0.0, ""efficacyweight"": 0.75, ""intsupportweight"": 0.0, ""objparalweight"": 0.25}",global_default,,,False,,
cie_core_nominal,dual_source_cluster_tool,8_to_32_wafers_nominal_processing,test,600.0,[],D:\git\git\RDMCT-A3C\cie\data\core\spbs\cie_core_n032_f016_m016_proc100.lp,spbs\cie_core_n032_f016_m016_proc100.lp,cie_core_n032_f016_m016_proc100.lp,hem,1,1,trainseed_1,auto,2026-07-23T02:05:23,timelimit,600.0,599.9274024999977,1,0.07813540000279318,0.01592111587524414,0.0010173320770263672,0.019481897354125977,0.0,1,0,54531,3.038772213247173,45680.88,10000.0,192542.0,10000.0,0.7103546114337526,6.0,1,True,D:\git\git\RDMCT-A3C\cie\results\main\cie_main_600s_compact_final_v1\seed1\solutions\cie_core_nominal__cie_core_n032_f016_m016_proc100__hem__solverseed_1__trainseed_1__trainseed_1.sol,,,,D:\git\git\RDMCT-A3C\cie\models\hem\seed_1\itr_60.pkl,13,False,greedy,
cie_core_nominal,dual_source_cluster_tool,8_to_32_wafers_nominal_processing,test,600.0,[],D:\git\git\RDMCT-A3C\cie\data\core\spbs\cie_core_n032_f016_m016_proc100.lp,spbs\cie_core_n032_f016_m016_proc100.lp,cie_core_n032_f016_m016_proc100.lp,rdmct_feature_only,1,1,trainseed_1,auto,2026-07-23T02:15:23,timelimit,600.0,599.9940575,1,0.09059509999860893,0.024663209915161133,0.0010118484497070312,0.022385358810424805,0.0,1,0,51739,3.038772213247173,45723.729999999996,10000.0,192542.0,10000.0,0.7103546114337526,6.0,1,True,D:\git\git\RDMCT-A3C\cie\results\main\cie_main_600s_compact_final_v1\seed1\solutions\cie_core_nominal__cie_core_n032_f016_m016_proc100__rdmct_feature_only__solverseed_1__trainseed_1__trainseed_1.sol,,,,D:\git\git\RDMCT-A3C\cie\models\feature_only\seed_1\itr_60.pkl,23,False,greedy,
cie_core_nominal,dual_source_cluster_tool,8_to_32_wafers_nominal_processing,test,600.0,[],D:\git\git\RDMCT-A3C\cie\data\core\spbs\cie_core_n032_f024_m008_proc100.lp,spbs\cie_core_n032_f024_m008_proc100.lp,cie_core_n032_f024_m008_proc100.lp,hem_structure,1,1,trainseed_1,auto,2026-07-23T02:25:23,timelimit,600.0,600.0336688999996,1,0.07972569999765255,0.03244137763977051,0.0009999275207519531,0.007999420166015625,0.0019986629486083984,1,0,48425,0.6226803563111831,24096.415688393317,3959.34006939929,142645.95834699017,10000.0,0.6570863853867019,369.5226088123127,1,True,D:\git\git\RDMCT-A3C\cie\results\main\cie_main_600s_compact_final_v1\seed1\solutions\cie_core_nominal__cie_core_n032_f024_m008_proc100__hem_structure__solverseed_1__trainseed_1__trainseed_1.sol,,,,D:\git\git\RDMCT-A3C\cie\models\proposed\seed_1\itr_60.pkl,23,True,greedy,
cie_core_nominal,dual_source_cluster_tool,8_to_32_wafers_nominal_processing,test,600.0,[],D:\git\git\RDMCT-A3C\cie\data\core\spbs\cie_core_n032_f024_m008_proc100.lp,spbs\cie_core_n032_f024_m008_proc100.lp,cie_core_n032_f024_m008_proc100.lp,proposed,1,1,trainseed_1,auto,2026-07-23T02:35:23,timelimit,600.0,600.0193307000009,1,0.07957030000034138,0.025127410888671875,0.0009999275207519531,0.015259981155395508,0.0029969215393066406,1,0,48877,0.6226803563111831,24036.254147372638,3959.34006939929,142645.95834699017,10000.0,0.6570863853867019,369.5226088123127,1,True,D:\git\git\RDMCT-A3C\cie\results\main\cie_main_600s_compact_final_v1\seed1\solutions\cie_core_nominal__cie_core_n032_f024_m008_proc100__proposed__solverseed_1__trainseed_1__trainseed_1.sol,,,,D:\git\git\RDMCT-A3C\cie\models\proposed\seed_1\itr_60.pkl,23,True,beam_search,
cie_core_nominal,dual_source_cluster_tool,8_to_32_wafers_nominal_processing,test,600.0,[],D:\git\git\RDMCT-A3C\cie\data\core\spbs\cie_core_n032_f024_m008_proc100.lp,spbs\cie_core_n032_f024_m008_proc100.lp,cie_core_n032_f024_m008_proc100.lp,scip_default,1,1,trainseed_1,auto,2026-07-23T02:45:23,timelimit,600.0,599.9652803999998,0,0.0,0.0,0.0,0.0,0.0,0,0,51411,0.5736645744830258,22845.90426143447,3959.34006939929,142645.95834699017,10000.0,0.6570863853867019,369.5226088123127,1,True,D:\git\git\RDMCT-A3C\cie\results\main\cie_main_600s_compact_final_v1\seed1\solutions\cie_core_nominal__cie_core_n032_f024_m008_proc100__scip_default__solverseed_1__trainseed_1__trainseed_1.sol,,,,,,False,,
cie_core_nominal,dual_source_cluster_tool,8_to_32_wafers_nominal_processing,test,600.0,[],D:\git\git\RDMCT-A3C\cie\data\core\spbs\cie_core_n032_f024_m008_proc100.lp,spbs\cie_core_n032_f024_m008_proc100.lp,cie_core_n032_f024_m008_proc100.lp,adaptive_cutsel,1,1,trainseed_1,auto,2026-07-23T02:55:23,timelimit,600.0,600.025410299997,0,0.0,0.0,0.0,0.0,0.0,0,0,50637,0.5736645744830258,22785.666950210987,3959.34006939929,142645.95834699017,10000.0,0.6570863853867019,369.5226088123127,1,True,D:\git\git\RDMCT-A3C\cie\results\main\cie_main_600s_compact_final_v1\seed1\solutions\cie_core_nominal__cie_core_n032_f024_m008_proc100__adaptive_cutsel__solverseed_1__trainseed_1__trainseed_1.sol,,"{""dircutoffdistweight"": 0.0, ""efficacyweight"": 0.75, ""intsupportweight"": 0.0, ""objparalweight"": 0.25}",global_default,,,False,,
cie_core_nominal,dual_source_cluster_tool,8_to_32_wafers_nominal_processing,test,600.0,[],D:\git\git\RDMCT-A3C\cie\data\core\spbs\cie_core_n032_f024_m008_proc100.lp,spbs\cie_core_n032_f024_m008_proc100.lp,cie_core_n032_f024_m008_proc100.lp,hem,1,1,trainseed_1,auto,2026-07-23T03:05:23,timelimit,600.0,599.9394319999992,1,0.04746339999837801,0.01933121681213379,0.0,0.0195615291595459,0.0,1,0,39270,0.626680390057228,24106.922489847835,3959.34006939929,142645.95834699017,10000.0,0.6570863853867019,369.5226088123127,1,True,D:\git\git\RDMCT-A3C\cie\results\main\cie_main_600s_compact_final_v1\seed1\solutions\cie_core_nominal__cie_core_n032_f024_m008_proc100__hem__solverseed_1__trainseed_1__trainseed_1.sol,,,,D:\git\git\RDMCT-A3C\cie\models\hem\seed_1\itr_60.pkl,13,False,greedy,
cie_core_nominal,dual_source_cluster_tool,8_to_32_wafers_nominal_processing,test,600.0,[],D:\git\git\RDMCT-A3C\cie\data\core\spbs\cie_core_n032_f024_m008_proc100.lp,spbs\cie_core_n032_f024_m008_proc100.lp,cie_core_n032_f024_m008_proc100.lp,rdmct_feature_only,1,1,trainseed_1,auto,2026-07-23T03:15:23,timelimit,600.0,600.0256631999982,1,0.6656129000002693,0.6079082489013672,0.0,0.021001338958740234,0.0,1,0,45075,0.6320445463311183,24556.21453569876,3959.34006939929,142645.95834699017,10000.0,0.6570863853867019,369.5226088123127,1,True,D:\git\git\RDMCT-A3C\cie\results\main\cie_main_600s_compact_final_v1\seed1\solutions\cie_core_nominal__cie_core_n032_f024_m008_proc100__rdmct_feature_only__solverseed_1__trainseed_1__trainseed_1.sol,,,,D:\git\git\RDMCT-A3C\cie\models\feature_only\seed_1\itr_60.pkl,23,False,greedy,
cie_core_nominal,dual_source_cluster_tool,8_to_32_wafers_nominal_processing,test,600.0,[],D:\git\git\RDMCT-A3C\cie\data\core\spbs\cie_core_n032_f024_m008_proc100.lp,spbs\cie_core_n032_f024_m008_proc100.lp,cie_core_n032_f024_m008_proc100.lp,hem_beam,1,1,trainseed_1,auto,2026-07-23T03:25:23,timelimit,600.0,600.0220321999986,1,0.09568360000048415,0.019000768661499023,0.0009965896606445312,0.040598154067993164,0.0,1,0,38777,0.626680390057228,24104.11899234435,3959.34006939929,142645.95834699017,10000.0,0.6570863853867019,369.5226088123127,1,True,D:\git\git\RDMCT-A3C\cie\results\main\cie_main_600s_compact_final_v1\seed1\solutions\cie_core_nominal__cie_core_n032_f024_m008_proc100__hem_beam__solverseed_1__trainseed_1__trainseed_1.sol,,,,D:\git\git\RDMCT-A3C\cie\models\hem\seed_1\itr_60.pkl,13,False,beam_search,
