suite,family,scale,split,time_limit,solver_seeds,path,relative_path,instance,method,seed,training_seed,run_label,warm_start,started_at,status,solving_time,end_to_end_time,cutsel_callback_calls,cutsel_callback_time,cutsel_feature_time,cutsel_device_transfer_time,cutsel_policy_inference_time,cutsel_structure_rerank_time,cutsel_root_calls,cutsel_nonroot_calls,nodes,gap,primal_dual_integral,best_objective,schedule_total_wait,schedule_max_wait,schedule_cadence_cv,schedule_cadence_deviation_sum,n_solutions,has_incumbent,solution_file,solution_write_error,acs_weights,acs_weight_source,policy_model,feature_dim,structure_rerank,decode_type,error
cie_ood,dual_source_cluster_tool,40_to_64_wafers,test,1200.0,[],D:\git\git\RDMCT-A3C\cie\data\ood\spbs\cie_ood_n040_f010_m030_proc100.lp,spbs\cie_ood_n040_f010_m030_proc100.lp,cie_ood_n040_f010_m030_proc100.lp,scip_default,3,1,trainseed_1,auto,2026-07-24T04:45:52,timelimit,1200.0,1199.7498461000068,0,0.0,0.0,0.0,0.0,0.0,0,0,135518,0.28402366863905326,31217.001886767328,4774.0,230765.0,10000.0,0.17468522335200914,126.0,7,True,D:\git\git\RDMCT-A3C\cie\results\ood\cie_ood_1200s_compact_final_v1\seed3\solutions\cie_ood__cie_ood_n040_f010_m030_proc100__scip_default__solverseed_3__trainseed_1__trainseed_1.sol,,,,,,False,,
cie_ood,dual_source_cluster_tool,40_to_64_wafers,test,1200.0,[],D:\git\git\RDMCT-A3C\cie\data\ood\spbs\cie_ood_n040_f010_m030_proc100.lp,spbs\cie_ood_n040_f010_m030_proc100.lp,cie_ood_n040_f010_m030_proc100.lp,adaptive_cutsel,3,1,trainseed_1,auto,2026-07-24T05:05:52,timelimit,1200.0,1200.0205040999863,0,0.0,0.0,0.0,0.0,0.0,0,0,114269,0.8193773483628556,55398.996902197956,6779.0,183432.0,8411.0,0.42056630316764676,136.0,1,True,D:\git\git\RDMCT-A3C\cie\results\ood\cie_ood_1200s_compact_final_v1\seed3\solutions\cie_ood__cie_ood_n040_f010_m030_proc100__adaptive_cutsel__solverseed_3__trainseed_1__trainseed_1.sol,,"{""dircutoffdistweight"": 0.0, ""efficacyweight"": 0.75, ""intsupportweight"": 0.0, ""objparalweight"": 0.25}",global_default,,,False,,
cie_ood,dual_source_cluster_tool,40_to_64_wafers,test,1200.0,[],D:\git\git\RDMCT-A3C\cie\data\ood\spbs\cie_ood_n040_f010_m030_proc100.lp,spbs\cie_ood_n040_f010_m030_proc100.lp,cie_ood_n040_f010_m030_proc100.lp,hem,3,1,trainseed_1,auto,2026-07-24T05:25:52,timelimit,1200.0,1199.8850586999906,1,0.3387172000075225,0.015290021896362305,0.0,0.28859686851501465,0.0,1,0,112434,0.2634698275862069,34569.85801272261,4690.0,231912.12,10000.0,0.3009084805324058,0.0,5,True,D:\git\git\RDMCT-A3C\cie\results\ood\cie_ood_1200s_compact_final_v1\seed3\solutions\cie_ood__cie_ood_n040_f010_m030_proc100__hem__solverseed_3__trainseed_1__trainseed_1.sol,,,,D:\git\git\RDMCT-A3C\cie\models\hem\seed_1\itr_60.pkl,13,False,greedy,
cie_ood,dual_source_cluster_tool,40_to_64_wafers,test,1200.0,[],D:\git\git\RDMCT-A3C\cie\data\ood\spbs\cie_ood_n040_f010_m030_proc100.lp,spbs\cie_ood_n040_f010_m030_proc100.lp,cie_ood_n040_f010_m030_proc100.lp,rdmct_feature_only,3,1,trainseed_1,auto,2026-07-24T05:45:52,timelimit,1200.0,1200.0113975999993,1,0.07062850000511389,0.016997814178466797,0.002999544143676758,0.015000104904174805,0.0,1,0,83521,0.21809369951534732,54069.70019845309,4524.0,231667.0,10000.0,0.09458351398620028,8.0,12,True,D:\git\git\RDMCT-A3C\cie\results\ood\cie_ood_1200s_compact_final_v1\seed3\solutions\cie_ood__cie_ood_n040_f010_m030_proc100__rdmct_feature_only__solverseed_3__trainseed_1__trainseed_1.sol,,,,D:\git\git\RDMCT-A3C\cie\models\feature_only\seed_1\itr_60.pkl,23,False,greedy,
cie_ood,dual_source_cluster_tool,40_to_64_wafers,test,1200.0,[],D:\git\git\RDMCT-A3C\cie\data\ood\spbs\cie_ood_n040_f010_m030_proc100.lp,spbs\cie_ood_n040_f010_m030_proc100.lp,cie_ood_n040_f010_m030_proc100.lp,hem_beam,3,1,trainseed_1,auto,2026-07-24T06:05:52,timelimit,1200.0,1200.0140144000034,1,0.17782230000011623,0.014250040054321289,0.0010020732879638672,0.12658905982971191,0.0,1,0,111174,0.2634698275862069,34657.553144473844,4690.0,231912.12,10000.0,0.3009084805324058,0.0,5,True,D:\git\git\RDMCT-A3C\cie\results\ood\cie_ood_1200s_compact_final_v1\seed3\solutions\cie_ood__cie_ood_n040_f010_m030_proc100__hem_beam__solverseed_3__trainseed_1__trainseed_1.sol,,,,D:\git\git\RDMCT-A3C\cie\models\hem\seed_1\itr_60.pkl,13,False,beam_search,
cie_ood,dual_source_cluster_tool,40_to_64_wafers,test,1200.0,[],D:\git\git\RDMCT-A3C\cie\data\ood\spbs\cie_ood_n040_f010_m030_proc100.lp,spbs\cie_ood_n040_f010_m030_proc100.lp,cie_ood_n040_f010_m030_proc100.lp,hem_structure,3,1,trainseed_1,auto,2026-07-24T06:25:52,timelimit,1200.0,1200.0102570000017,1,0.06016100000124425,0.017205238342285156,0.0009992122650146484,0.00600433349609375,0.0019948482513427734,1,0,98202,0.2303552206673843,38117.501786165994,4572.0,230719.0,10000.0,0.25898113656966215,237.0,14,True,D:\git\git\RDMCT-A3C\cie\results\ood\cie_ood_1200s_compact_final_v1\seed3\solutions\cie_ood__cie_ood_n040_f010_m030_proc100__hem_structure__solverseed_3__trainseed_1__trainseed_1.sol,,,,D:\git\git\RDMCT-A3C\cie\models\proposed\seed_1\itr_60.pkl,23,True,greedy,
cie_ood,dual_source_cluster_tool,40_to_64_wafers,test,1200.0,[],D:\git\git\RDMCT-A3C\cie\data\ood\spbs\cie_ood_n040_f010_m030_proc100.lp,spbs\cie_ood_n040_f010_m030_proc100.lp,cie_ood_n040_f010_m030_proc100.lp,proposed,3,1,trainseed_1,auto,2026-07-24T06:45:52,timelimit,1200.0,1200.0026840999926,1,0.06498149999242742,0.01756739616394043,0.000179290771484375,0.010001897811889648,0.001999378204345703,1,0,97493,0.2303552206673843,38210.53592134872,4572.0,230719.0,10000.0,0.25898113656966215,237.0,14,True,D:\git\git\RDMCT-A3C\cie\results\ood\cie_ood_1200s_compact_final_v1\seed3\solutions\cie_ood__cie_ood_n040_f010_m030_proc100__proposed__solverseed_3__trainseed_1__trainseed_1.sol,,,,D:\git\git\RDMCT-A3C\cie\models\proposed\seed_1\itr_60.pkl,23,True,beam_search,
cie_ood,dual_source_cluster_tool,40_to_64_wafers,test,1200.0,[],D:\git\git\RDMCT-A3C\cie\data\ood\spbs\cie_ood_n040_f020_m020_proc100.lp,spbs\cie_ood_n040_f020_m020_proc100.lp,cie_ood_n040_f020_m020_proc100.lp,adaptive_cutsel,3,1,trainseed_1,auto,2026-07-24T07:05:52,timelimit,1200.0,1199.9749368000048,0,0.0,0.0,0.0,0.0,0.0,0,0,87793,2.4511691884456672,86318.63292148265,10036.0,195008.0,10000.0,0.6899849978632568,73.0,1,True,D:\git\git\RDMCT-A3C\cie\results\ood\cie_ood_1200s_compact_final_v1\seed3\solutions\cie_ood__cie_ood_n040_f020_m020_proc100__adaptive_cutsel__solverseed_3__trainseed_1__trainseed_1.sol,,"{""dircutoffdistweight"": 0.0, ""efficacyweight"": 0.75, ""intsupportweight"": 0.0, ""objparalweight"": 0.25}",global_default,,,False,,
cie_ood,dual_source_cluster_tool,40_to_64_wafers,test,1200.0,[],D:\git\git\RDMCT-A3C\cie\data\ood\spbs\cie_ood_n040_f020_m020_proc100.lp,spbs\cie_ood_n040_f020_m020_proc100.lp,cie_ood_n040_f020_m020_proc100.lp,hem,3,1,trainseed_1,auto,2026-07-24T07:25:52,timelimit,1200.0,1199.9594715999992,1,0.07205729999986943,0.044091224670410156,0.0010004043579101562,0.014999866485595703,0.0,1,0,96365,2.4907826086956524,86765.63371861297,10036.0,195008.0,10000.0,0.6899849978632568,73.0,1,True,D:\git\git\RDMCT-A3C\cie\results\ood\cie_ood_1200s_compact_final_v1\seed3\solutions\cie_ood__cie_ood_n040_f020_m020_proc100__hem__solverseed_3__trainseed_1__trainseed_1.sol,,,,D:\git\git\RDMCT-A3C\cie\models\hem\seed_1\itr_60.pkl,13,False,greedy,
cie_ood,dual_source_cluster_tool,40_to_64_wafers,test,1200.0,[],D:\git\git\RDMCT-A3C\cie\data\ood\spbs\cie_ood_n040_f020_m020_proc100.lp,spbs\cie_ood_n040_f020_m020_proc100.lp,cie_ood_n040_f020_m020_proc100.lp,rdmct_feature_only,3,1,trainseed_1,auto,2026-07-24T07:45:52,timelimit,1200.0,1200.0164738000021,1,0.07000669999979436,0.02928638458251953,0.00099945068359375,0.015248537063598633,0.0,1,0,78911,2.5275922671353253,86833.64886408928,10036.0,195008.0,10000.0,0.6899849978632568,73.0,1,True,D:\git\git\RDMCT-A3C\cie\results\ood\cie_ood_1200s_compact_final_v1\seed3\solutions\cie_ood__cie_ood_n040_f020_m020_proc100__rdmct_feature_only__solverseed_3__trainseed_1__trainseed_1.sol,,,,D:\git\git\RDMCT-A3C\cie\models\feature_only\seed_1\itr_60.pkl,23,False,greedy,
cie_ood,dual_source_cluster_tool,40_to_64_wafers,test,1200.0,[],D:\git\git\RDMCT-A3C\cie\data\ood\spbs\cie_ood_n040_f020_m020_proc100.lp,spbs\cie_ood_n040_f020_m020_proc100.lp,cie_ood_n040_f020_m020_proc100.lp,hem_beam,3,1,trainseed_1,auto,2026-07-24T08:05:52,timelimit,1200.0,1200.1150710000074,1,0.09885839998605661,0.015006542205810547,0.0010008811950683594,0.04050922393798828,0.0,1,0,75279,2.5226395226395226,86843.51335193304,10036.0,195008.0,10000.0,0.6899849978632568,73.0,1,True,D:\git\git\RDMCT-A3C\cie\results\ood\cie_ood_1200s_compact_final_v1\seed3\solutions\cie_ood__cie_ood_n040_f020_m020_proc100__hem_beam__solverseed_3__trainseed_1__trainseed_1.sol,,,,D:\git\git\RDMCT-A3C\cie\models\hem\seed_1\itr_60.pkl,13,False,beam_search,
cie_ood,dual_source_cluster_tool,40_to_64_wafers,test,1200.0,[],D:\git\git\RDMCT-A3C\cie\data\ood\spbs\cie_ood_n040_f020_m020_proc100.lp,spbs\cie_ood_n040_f020_m020_proc100.lp,cie_ood_n040_f020_m020_proc100.lp,hem_structure,3,1,trainseed_1,auto,2026-07-24T08:25:52,timelimit,1200.0,1199.916788500006,1,0.22011800002655946,0.15240025520324707,0.0009996891021728516,0.020141124725341797,0.002000570297241211,1,0,55665,2.455922865013774,86776.30530091669,10036.0,195008.0,10000.0,0.6899849978632568,73.0,1,True,D:\git\git\RDMCT-A3C\cie\results\ood\cie_ood_1200s_compact_final_v1\seed3\solutions\cie_ood__cie_ood_n040_f020_m020_proc100__hem_structure__solverseed_3__trainseed_1__trainseed_1.sol,,,,D:\git\git\RDMCT-A3C\cie\models\proposed\seed_1\itr_60.pkl,23,True,greedy,
cie_ood,dual_source_cluster_tool,40_to_64_wafers,test,1200.0,[],D:\git\git\RDMCT-A3C\cie\data\ood\spbs\cie_ood_n040_f020_m020_proc100.lp,spbs\cie_ood_n040_f020_m020_proc100.lp,cie_ood_n040_f020_m020_proc100.lp,proposed,3,1,trainseed_1,auto,2026-07-24T08:45:52,timelimit,1200.0,1200.0241421999817,1,0.11813540000002831,0.03030228614807129,0.0010001659393310547,0.040868520736694336,0.0022144317626953125,1,0,60262,2.455922865013774,86659.69509764847,10036.0,195008.0,10000.0,0.6899849978632568,73.0,1,True,D:\git\git\RDMCT-A3C\cie\results\ood\cie_ood_1200s_compact_final_v1\seed3\solutions\cie_ood__cie_ood_n040_f020_m020_proc100__proposed__solverseed_3__trainseed_1__trainseed_1.sol,,,,D:\git\git\RDMCT-A3C\cie\models\proposed\seed_1\itr_60.pkl,23,True,beam_search,
cie_ood,dual_source_cluster_tool,40_to_64_wafers,test,1200.0,[],D:\git\git\RDMCT-A3C\cie\data\ood\spbs\cie_ood_n040_f020_m020_proc100.lp,spbs\cie_ood_n040_f020_m020_proc100.lp,cie_ood_n040_f020_m020_proc100.lp,scip_default,3,1,trainseed_1,auto,2026-07-24T09:05:52,timelimit,1200.0,1199.9404726000212,0,0.0,0.0,0.0,0.0,0.0,0,0,80990,2.5275922671353253,87173.82423276205,10036.0,195008.0,10000.0,0.6899849978632568,73.0,1,True,D:\git\git\RDMCT-A3C\cie\results\ood\cie_ood_1200s_compact_final_v1\seed3\solutions\cie_ood__cie_ood_n040_f020_m020_proc100__scip_default__solverseed_3__trainseed_1__trainseed_1.sol,,,,,,False,,
cie_ood,dual_source_cluster_tool,40_to_64_wafers,test,1200.0,[],D:\git\git\RDMCT-A3C\cie\data\ood\spbs\cie_ood_n040_f030_m010_proc100.lp,spbs\cie_ood_n040_f030_m010_proc100.lp,cie_ood_n040_f030_m010_proc100.lp,hem,3,1,trainseed_1,auto,2026-07-24T09:25:52,timelimit,1200.0,1200.004884199996,1,0.0830056999984663,0.019270896911621094,0.0009989738464355469,0.018555879592895508,0.0,1,0,58989,2.7481259370314843,89508.25,10000.0,136824.0,10000.0,1.9560940968126308,12386.0,1,True,D:\git\git\RDMCT-A3C\cie\results\ood\cie_ood_1200s_compact_final_v1\seed3\solutions\cie_ood__cie_ood_n040_f030_m010_proc100__hem__solverseed_3__trainseed_1__trainseed_1.sol,,,,D:\git\git\RDMCT-A3C\cie\models\hem\seed_1\itr_60.pkl,13,False,greedy,
cie_ood,dual_source_cluster_tool,40_to_64_wafers,test,1200.0,[],D:\git\git\RDMCT-A3C\cie\data\ood\spbs\cie_ood_n040_f030_m010_proc100.lp,spbs\cie_ood_n040_f030_m010_proc100.lp,cie_ood_n040_f030_m010_proc100.lp,rdmct_feature_only,3,1,trainseed_1,auto,2026-07-24T09:45:52,timelimit,1200.0,1200.072328500013,1,0.10273430001689121,0.04309701919555664,0.0009984970092773438,0.015966415405273438,0.0,1,0,83008,2.7369207772795217,89365.73,10000.0,136824.0,10000.0,1.9560940968126308,12386.0,1,True,D:\git\git\RDMCT-A3C\cie\results\ood\cie_ood_1200s_compact_final_v1\seed3\solutions\cie_ood__cie_ood_n040_f030_m010_proc100__rdmct_feature_only__solverseed_3__trainseed_1__trainseed_1.sol,,,,D:\git\git\RDMCT-A3C\cie\models\feature_only\seed_1\itr_60.pkl,23,False,greedy,
cie_ood,dual_source_cluster_tool,40_to_64_wafers,test,1200.0,[],D:\git\git\RDMCT-A3C\cie\data\ood\spbs\cie_ood_n040_f030_m010_proc100.lp,spbs\cie_ood_n040_f030_m010_proc100.lp,cie_ood_n040_f030_m010_proc100.lp,hem_beam,3,1,trainseed_1,auto,2026-07-24T10:05:52,timelimit,1200.0,1199.9124528999964,1,0.09506289998535067,0.01930856704711914,0.00099945068359375,0.03257322311401367,0.0,1,0,65391,2.7481259370314843,89495.35999999999,10000.0,136824.0,10000.0,1.9560940968126308,12386.0,1,True,D:\git\git\RDMCT-A3C\cie\results\ood\cie_ood_1200s_compact_final_v1\seed3\solutions\cie_ood__cie_ood_n040_f030_m010_proc100__hem_beam__solverseed_3__trainseed_1__trainseed_1.sol,,,,D:\git\git\RDMCT-A3C\cie\models\hem\seed_1\itr_60.pkl,13,False,beam_search,
cie_ood,dual_source_cluster_tool,40_to_64_wafers,test,1200.0,[],D:\git\git\RDMCT-A3C\cie\data\ood\spbs\cie_ood_n040_f030_m010_proc100.lp,spbs\cie_ood_n040_f030_m010_proc100.lp,cie_ood_n040_f030_m010_proc100.lp,hem_structure,3,1,trainseed_1,auto,2026-07-24T10:25:52,timelimit,1200.0,1200.0103110999917,1,0.1087742000236176,0.046775102615356445,0.0009968280792236328,0.015256881713867188,0.0020072460174560547,1,0,63834,2.7481259370314843,89559.62,10000.0,136824.0,10000.0,1.9560940968126308,12386.0,1,True,D:\git\git\RDMCT-A3C\cie\results\ood\cie_ood_1200s_compact_final_v1\seed3\solutions\cie_ood__cie_ood_n040_f030_m010_proc100__hem_structure__solverseed_3__trainseed_1__trainseed_1.sol,,,,D:\git\git\RDMCT-A3C\cie\models\proposed\seed_1\itr_60.pkl,23,True,greedy,
cie_ood,dual_source_cluster_tool,40_to_64_wafers,test,1200.0,[],D:\git\git\RDMCT-A3C\cie\data\ood\spbs\cie_ood_n040_f030_m010_proc100.lp,spbs\cie_ood_n040_f030_m010_proc100.lp,cie_ood_n040_f030_m010_proc100.lp,proposed,3,1,trainseed_1,auto,2026-07-24T10:45:52,timelimit,1200.0,1199.9739833999774,1,0.10564569997950457,0.028503894805908203,0.0010004043579101562,0.03125119209289551,0.0010037422180175781,1,0,63873,2.7481259370314843,89556.35999999999,10000.0,136824.0,10000.0,1.9560940968126308,12386.0,1,True,D:\git\git\RDMCT-A3C\cie\results\ood\cie_ood_1200s_compact_final_v1\seed3\solutions\cie_ood__cie_ood_n040_f030_m010_proc100__proposed__solverseed_3__trainseed_1__trainseed_1.sol,,,,D:\git\git\RDMCT-A3C\cie\models\proposed\seed_1\itr_60.pkl,23,True,beam_search,
cie_ood,dual_source_cluster_tool,40_to_64_wafers,test,1200.0,[],D:\git\git\RDMCT-A3C\cie\data\ood\spbs\cie_ood_n040_f030_m010_proc100.lp,spbs\cie_ood_n040_f030_m010_proc100.lp,cie_ood_n040_f030_m010_proc100.lp,scip_default,3,1,trainseed_1,auto,2026-07-24T11:05:52,timelimit,1200.0,1200.0273007000214,0,0.0,0.0,0.0,0.0,0.0,0,0,110180,2.7341299477221805,89382.41344520812,10000.0,136824.0,10000.0,1.9560940968126308,12386.0,1,True,D:\git\git\RDMCT-A3C\cie\results\ood\cie_ood_1200s_compact_final_v1\seed3\solutions\cie_ood__cie_ood_n040_f030_m010_proc100__scip_default__solverseed_3__trainseed_1__trainseed_1.sol,,,,,,False,,
cie_ood,dual_source_cluster_tool,40_to_64_wafers,test,1200.0,[],D:\git\git\RDMCT-A3C\cie\data\ood\spbs\cie_ood_n040_f030_m010_proc100.lp,spbs\cie_ood_n040_f030_m010_proc100.lp,cie_ood_n040_f030_m010_proc100.lp,adaptive_cutsel,3,1,trainseed_1,auto,2026-07-24T11:25:52,timelimit,1200.0,1199.9690474999952,0,0.0,0.0,0.0,0.0,0.0,0,0,95181,2.8211692777990063,89780.9257574428,10000.0,136824.0,10000.0,1.9560940968126308,12386.0,1,True,D:\git\git\RDMCT-A3C\cie\results\ood\cie_ood_1200s_compact_final_v1\seed3\solutions\cie_ood__cie_ood_n040_f030_m010_proc100__adaptive_cutsel__solverseed_3__trainseed_1__trainseed_1.sol,,"{""dircutoffdistweight"": 0.0, ""efficacyweight"": 0.75, ""intsupportweight"": 0.0, ""objparalweight"": 0.25}",global_default,,,False,,
cie_ood,dual_source_cluster_tool,40_to_64_wafers,test,1200.0,[],D:\git\git\RDMCT-A3C\cie\data\ood\spbs\cie_ood_n048_f012_m036_proc100.lp,spbs\cie_ood_n048_f012_m036_proc100.lp,cie_ood_n048_f012_m036_proc100.lp,rdmct_feature_only,3,1,trainseed_1,auto,2026-07-24T11:45:52,timelimit,1200.0,1199.9650022000133,1,0.08414489999995567,0.01928997039794922,0.0,0.015254974365234375,0.0,1,0,64097,0.355559882982699,33221.60674561465,5481.88416678204,193344.01142365608,6967.0,0.3566715886345073,856.483222249982,1,True,D:\git\git\RDMCT-A3C\cie\results\ood\cie_ood_1200s_compact_final_v1\seed3\solutions\cie_ood__cie_ood_n048_f012_m036_proc100__rdmct_feature_only__solverseed_3__trainseed_1__trainseed_1.sol,,,,D:\git\git\RDMCT-A3C\cie\models\feature_only\seed_1\itr_60.pkl,23,False,greedy,
cie_ood,dual_source_cluster_tool,40_to_64_wafers,test,1200.0,[],D:\git\git\RDMCT-A3C\cie\data\ood\spbs\cie_ood_n048_f012_m036_proc100.lp,spbs\cie_ood_n048_f012_m036_proc100.lp,cie_ood_n048_f012_m036_proc100.lp,hem_beam,3,1,trainseed_1,auto,2026-07-24T12:05:52,timelimit,1200.0,1200.1544254000182,1,0.11429310002131388,0.04678010940551758,0.0009984970092773438,0.03156471252441406,0.0,1,0,74666,0.35824682031269445,33369.20198392756,5481.88416678204,193344.01142365608,6967.0,0.3566715886345073,856.483222249982,1,True,D:\git\git\RDMCT-A3C\cie\results\ood\cie_ood_1200s_compact_final_v1\seed3\solutions\cie_ood__cie_ood_n048_f012_m036_proc100__hem_beam__solverseed_3__trainseed_1__trainseed_1.sol,,,,D:\git\git\RDMCT-A3C\cie\models\hem\seed_1\itr_60.pkl,13,False,beam_search,
cie_ood,dual_source_cluster_tool,40_to_64_wafers,test,1200.0,[],D:\git\git\RDMCT-A3C\cie\data\ood\spbs\cie_ood_n048_f012_m036_proc100.lp,spbs\cie_ood_n048_f012_m036_proc100.lp,cie_ood_n048_f012_m036_proc100.lp,hem_structure,3,1,trainseed_1,auto,2026-07-24T12:25:52,timelimit,1200.0,1199.9410145000147,1,0.07826910002040677,0.026224136352539062,0.0,0.015000104904174805,0.0019991397857666016,1,0,64066,0.3636527778064751,34861.024822789244,5481.88416678204,193344.01142365608,6967.0,0.3566715886345073,856.483222249982,1,True,D:\git\git\RDMCT-A3C\cie\results\ood\cie_ood_1200s_compact_final_v1\seed3\solutions\cie_ood__cie_ood_n048_f012_m036_proc100__hem_structure__solverseed_3__trainseed_1__trainseed_1.sol,,,,D:\git\git\RDMCT-A3C\cie\models\proposed\seed_1\itr_60.pkl,23,True,greedy,
cie_ood,dual_source_cluster_tool,40_to_64_wafers,test,1200.0,[],D:\git\git\RDMCT-A3C\cie\data\ood\spbs\cie_ood_n048_f012_m036_proc100.lp,spbs\cie_ood_n048_f012_m036_proc100.lp,cie_ood_n048_f012_m036_proc100.lp,proposed,3,1,trainseed_1,auto,2026-07-24T12:45:52,,,50.28408300000592,0,0.0,0.0,0.0,0.0,0.0,0,0,,,,,,,,,,False,,,,,D:\git\git\RDMCT-A3C\cie\models\proposed\seed_1\itr_60.pkl,23,True,beam_search,MemoryError: SCIP: insufficient memory error!
cie_ood,dual_source_cluster_tool,40_to_64_wafers,test,1200.0,[],D:\git\git\RDMCT-A3C\cie\data\ood\spbs\cie_ood_n048_f012_m036_proc100.lp,spbs\cie_ood_n048_f012_m036_proc100.lp,cie_ood_n048_f012_m036_proc100.lp,scip_default,3,1,trainseed_1,auto,2026-07-24T12:46:42,,,575.8632205000031,0,0.0,0.0,0.0,0.0,0.0,0,0,,,,,,,,,,False,,,,,,,False,,MemoryError: SCIP: insufficient memory error!
cie_ood,dual_source_cluster_tool,40_to_64_wafers,test,1200.0,[],D:\git\git\RDMCT-A3C\cie\data\ood\spbs\cie_ood_n048_f012_m036_proc100.lp,spbs\cie_ood_n048_f012_m036_proc100.lp,cie_ood_n048_f012_m036_proc100.lp,adaptive_cutsel,3,1,trainseed_1,auto,2026-07-24T12:56:18,,,0.9566064000246115,0,0.0,0.0,0.0,0.0,0.0,0,0,,,,,,,,,,False,,,"{""dircutoffdistweight"": 0.0, ""efficacyweight"": 0.75, ""intsupportweight"": 0.0, ""objparalweight"": 0.25}",global_default,,,False,,MemoryError: SCIP: insufficient memory error!
cie_ood,dual_source_cluster_tool,40_to_64_wafers,test,1200.0,[],D:\git\git\RDMCT-A3C\cie\data\ood\spbs\cie_ood_n048_f012_m036_proc100.lp,spbs\cie_ood_n048_f012_m036_proc100.lp,cie_ood_n048_f012_m036_proc100.lp,hem,3,1,trainseed_1,auto,2026-07-24T12:56:19,,,0.012778299977071583,0,0.0,0.0,0.0,0.0,0.0,0,0,,,,,,,,,,False,,,,,,,False,,MemoryError: SCIP: insufficient memory error!
cie_ood,dual_source_cluster_tool,40_to_64_wafers,test,1200.0,[],D:\git\git\RDMCT-A3C\cie\data\ood\spbs\cie_ood_n048_f024_m024_proc100.lp,spbs\cie_ood_n048_f024_m024_proc100.lp,cie_ood_n048_f024_m024_proc100.lp,hem_beam,3,1,trainseed_1,auto,2026-07-24T12:56:19,,,0.02007249998860061,0,0.0,0.0,0.0,0.0,0.0,0,0,,,,,,,,,,False,,,,,,,False,,MemoryError: SCIP: insufficient memory error!
cie_ood,dual_source_cluster_tool,40_to_64_wafers,test,1200.0,[],D:\git\git\RDMCT-A3C\cie\data\ood\spbs\cie_ood_n048_f024_m024_proc100.lp,spbs\cie_ood_n048_f024_m024_proc100.lp,cie_ood_n048_f024_m024_proc100.lp,hem_structure,3,1,trainseed_1,auto,2026-07-24T12:56:19,,,0.02068610000424087,0,0.0,0.0,0.0,0.0,0.0,0,0,,,,,,,,,,False,,,,,,,True,,MemoryError: SCIP: insufficient memory error!
cie_ood,dual_source_cluster_tool,40_to_64_wafers,test,1200.0,[],D:\git\git\RDMCT-A3C\cie\data\ood\spbs\cie_ood_n048_f024_m024_proc100.lp,spbs\cie_ood_n048_f024_m024_proc100.lp,cie_ood_n048_f024_m024_proc100.lp,proposed,3,1,trainseed_1,auto,2026-07-24T12:56:19,,,0.021341600018786266,0,0.0,0.0,0.0,0.0,0.0,0,0,,,,,,,,,,False,,,,,,,True,,MemoryError: SCIP: insufficient memory error!
cie_ood,dual_source_cluster_tool,40_to_64_wafers,test,1200.0,[],D:\git\git\RDMCT-A3C\cie\data\ood\spbs\cie_ood_n048_f024_m024_proc100.lp,spbs\cie_ood_n048_f024_m024_proc100.lp,cie_ood_n048_f024_m024_proc100.lp,scip_default,3,1,trainseed_1,auto,2026-07-24T12:56:19,,,0.020173900004010648,0,0.0,0.0,0.0,0.0,0.0,0,0,,,,,,,,,,False,,,,,,,False,,MemoryError: SCIP: insufficient memory error!
cie_ood,dual_source_cluster_tool,40_to_64_wafers,test,1200.0,[],D:\git\git\RDMCT-A3C\cie\data\ood\spbs\cie_ood_n048_f024_m024_proc100.lp,spbs\cie_ood_n048_f024_m024_proc100.lp,cie_ood_n048_f024_m024_proc100.lp,adaptive_cutsel,3,1,trainseed_1,auto,2026-07-24T12:56:19,,,0.024242399987997487,0,0.0,0.0,0.0,0.0,0.0,0,0,,,,,,,,,,False,,,,,,,False,,MemoryError: SCIP: insufficient memory error!
cie_ood,dual_source_cluster_tool,40_to_64_wafers,test,1200.0,[],D:\git\git\RDMCT-A3C\cie\data\ood\spbs\cie_ood_n048_f024_m024_proc100.lp,spbs\cie_ood_n048_f024_m024_proc100.lp,cie_ood_n048_f024_m024_proc100.lp,hem,3,1,trainseed_1,auto,2026-07-24T12:56:19,,,0.024298000003909692,0,0.0,0.0,0.0,0.0,0.0,0,0,,,,,,,,,,False,,,,,,,False,,MemoryError: SCIP: insufficient memory error!
cie_ood,dual_source_cluster_tool,40_to_64_wafers,test,1200.0,[],D:\git\git\RDMCT-A3C\cie\data\ood\spbs\cie_ood_n048_f024_m024_proc100.lp,spbs\cie_ood_n048_f024_m024_proc100.lp,cie_ood_n048_f024_m024_proc100.lp,rdmct_feature_only,3,1,trainseed_1,auto,2026-07-24T12:56:19,,,0.025142200000118464,0,0.0,0.0,0.0,0.0,0.0,0,0,,,,,,,,,,False,,,,,,,False,,MemoryError: SCIP: insufficient memory error!
cie_ood,dual_source_cluster_tool,40_to_64_wafers,test,1200.0,[],D:\git\git\RDMCT-A3C\cie\data\ood\spbs\cie_ood_n048_f036_m012_proc100.lp,spbs\cie_ood_n048_f036_m012_proc100.lp,cie_ood_n048_f036_m012_proc100.lp,hem_structure,3,1,trainseed_1,auto,2026-07-24T12:56:19,,,0.0276484000205528,0,0.0,0.0,0.0,0.0,0.0,0,0,,,,,,,,,,False,,,,,,,True,,MemoryError: SCIP: insufficient memory error!
cie_ood,dual_source_cluster_tool,40_to_64_wafers,test,1200.0,[],D:\git\git\RDMCT-A3C\cie\data\ood\spbs\cie_ood_n048_f036_m012_proc100.lp,spbs\cie_ood_n048_f036_m012_proc100.lp,cie_ood_n048_f036_m012_proc100.lp,proposed,3,1,trainseed_1,auto,2026-07-24T12:56:19,,,0.027327699994202703,0,0.0,0.0,0.0,0.0,0.0,0,0,,,,,,,,,,False,,,,,,,True,,MemoryError: SCIP: insufficient memory error!
cie_ood,dual_source_cluster_tool,40_to_64_wafers,test,1200.0,[],D:\git\git\RDMCT-A3C\cie\data\ood\spbs\cie_ood_n048_f036_m012_proc100.lp,spbs\cie_ood_n048_f036_m012_proc100.lp,cie_ood_n048_f036_m012_proc100.lp,scip_default,3,1,trainseed_1,auto,2026-07-24T12:56:19,,,0.02461220000986941,0,0.0,0.0,0.0,0.0,0.0,0,0,,,,,,,,,,False,,,,,,,False,,MemoryError: SCIP: insufficient memory error!
cie_ood,dual_source_cluster_tool,40_to_64_wafers,test,1200.0,[],D:\git\git\RDMCT-A3C\cie\data\ood\spbs\cie_ood_n048_f036_m012_proc100.lp,spbs\cie_ood_n048_f036_m012_proc100.lp,cie_ood_n048_f036_m012_proc100.lp,adaptive_cutsel,3,1,trainseed_1,auto,2026-07-24T12:56:19,,,0.02420929999789223,0,0.0,0.0,0.0,0.0,0.0,0,0,,,,,,,,,,False,,,,,,,False,,MemoryError: SCIP: insufficient memory error!
cie_ood,dual_source_cluster_tool,40_to_64_wafers,test,1200.0,[],D:\git\git\RDMCT-A3C\cie\data\ood\spbs\cie_ood_n048_f036_m012_proc100.lp,spbs\cie_ood_n048_f036_m012_proc100.lp,cie_ood_n048_f036_m012_proc100.lp,hem,3,1,trainseed_1,auto,2026-07-24T12:56:19,,,0.025029799988260493,0,0.0,0.0,0.0,0.0,0.0,0,0,,,,,,,,,,False,,,,,,,False,,MemoryError: SCIP: insufficient memory error!
cie_ood,dual_source_cluster_tool,40_to_64_wafers,test,1200.0,[],D:\git\git\RDMCT-A3C\cie\data\ood\spbs\cie_ood_n048_f036_m012_proc100.lp,spbs\cie_ood_n048_f036_m012_proc100.lp,cie_ood_n048_f036_m012_proc100.lp,rdmct_feature_only,3,1,trainseed_1,auto,2026-07-24T12:56:19,,,0.023948899994138628,0,0.0,0.0,0.0,0.0,0.0,0,0,,,,,,,,,,False,,,,,,,False,,MemoryError: SCIP: insufficient memory error!
cie_ood,dual_source_cluster_tool,40_to_64_wafers,test,1200.0,[],D:\git\git\RDMCT-A3C\cie\data\ood\spbs\cie_ood_n048_f036_m012_proc100.lp,spbs\cie_ood_n048_f036_m012_proc100.lp,cie_ood_n048_f036_m012_proc100.lp,hem_beam,3,1,trainseed_1,auto,2026-07-24T12:56:19,,,0.024512700008926913,0,0.0,0.0,0.0,0.0,0.0,0,0,,,,,,,,,,False,,,,,,,False,,MemoryError: SCIP: insufficient memory error!
cie_ood,dual_source_cluster_tool,40_to_64_wafers,test,1200.0,[],D:\git\git\RDMCT-A3C\cie\data\ood\spbs\cie_ood_n064_f016_m048_proc100.lp,spbs\cie_ood_n064_f016_m048_proc100.lp,cie_ood_n064_f016_m048_proc100.lp,proposed,3,1,trainseed_1,auto,2026-07-24T12:56:19,,,0.02612090000184253,0,0.0,0.0,0.0,0.0,0.0,0,0,,,,,,,,,,False,,,,,,,True,,MemoryError: SCIP: insufficient memory error!
cie_ood,dual_source_cluster_tool,40_to_64_wafers,test,1200.0,[],D:\git\git\RDMCT-A3C\cie\data\ood\spbs\cie_ood_n064_f016_m048_proc100.lp,spbs\cie_ood_n064_f016_m048_proc100.lp,cie_ood_n064_f016_m048_proc100.lp,scip_default,3,1,trainseed_1,auto,2026-07-24T12:56:19,,,0.024045700003625825,0,0.0,0.0,0.0,0.0,0.0,0,0,,,,,,,,,,False,,,,,,,False,,MemoryError: SCIP: insufficient memory error!
cie_ood,dual_source_cluster_tool,40_to_64_wafers,test,1200.0,[],D:\git\git\RDMCT-A3C\cie\data\ood\spbs\cie_ood_n064_f016_m048_proc100.lp,spbs\cie_ood_n064_f016_m048_proc100.lp,cie_ood_n064_f016_m048_proc100.lp,adaptive_cutsel,3,1,trainseed_1,auto,2026-07-24T12:56:19,,,0.02296629999182187,0,0.0,0.0,0.0,0.0,0.0,0,0,,,,,,,,,,False,,,,,,,False,,MemoryError: SCIP: insufficient memory error!
cie_ood,dual_source_cluster_tool,40_to_64_wafers,test,1200.0,[],D:\git\git\RDMCT-A3C\cie\data\ood\spbs\cie_ood_n064_f016_m048_proc100.lp,spbs\cie_ood_n064_f016_m048_proc100.lp,cie_ood_n064_f016_m048_proc100.lp,hem,3,1,trainseed_1,auto,2026-07-24T12:56:19,,,0.020517800003290176,0,0.0,0.0,0.0,0.0,0.0,0,0,,,,,,,,,,False,,,,,,,False,,MemoryError: SCIP: insufficient memory error!
cie_ood,dual_source_cluster_tool,40_to_64_wafers,test,1200.0,[],D:\git\git\RDMCT-A3C\cie\data\ood\spbs\cie_ood_n064_f016_m048_proc100.lp,spbs\cie_ood_n064_f016_m048_proc100.lp,cie_ood_n064_f016_m048_proc100.lp,rdmct_feature_only,3,1,trainseed_1,auto,2026-07-24T12:56:20,,,0.019166599988238886,0,0.0,0.0,0.0,0.0,0.0,0,0,,,,,,,,,,False,,,,,,,False,,MemoryError: SCIP: insufficient memory error!
cie_ood,dual_source_cluster_tool,40_to_64_wafers,test,1200.0,[],D:\git\git\RDMCT-A3C\cie\data\ood\spbs\cie_ood_n064_f016_m048_proc100.lp,spbs\cie_ood_n064_f016_m048_proc100.lp,cie_ood_n064_f016_m048_proc100.lp,hem_beam,3,1,trainseed_1,auto,2026-07-24T12:56:20,,,0.019560699991416186,0,0.0,0.0,0.0,0.0,0.0,0,0,,,,,,,,,,False,,,,,,,False,,MemoryError: SCIP: insufficient memory error!
cie_ood,dual_source_cluster_tool,40_to_64_wafers,test,1200.0,[],D:\git\git\RDMCT-A3C\cie\data\ood\spbs\cie_ood_n064_f016_m048_proc100.lp,spbs\cie_ood_n064_f016_m048_proc100.lp,cie_ood_n064_f016_m048_proc100.lp,hem_structure,3,1,trainseed_1,auto,2026-07-24T12:56:20,,,0.019857400009641424,0,0.0,0.0,0.0,0.0,0.0,0,0,,,,,,,,,,False,,,,,,,True,,MemoryError: SCIP: insufficient memory error!
cie_ood,dual_source_cluster_tool,40_to_64_wafers,test,1200.0,[],D:\git\git\RDMCT-A3C\cie\data\ood\spbs\cie_ood_n064_f032_m032_proc100.lp,spbs\cie_ood_n064_f032_m032_proc100.lp,cie_ood_n064_f032_m032_proc100.lp,scip_default,3,1,trainseed_1,auto,2026-07-24T12:56:20,,,0.021075199998449534,0,0.0,0.0,0.0,0.0,0.0,0,0,,,,,,,,,,False,,,,,,,False,,MemoryError: SCIP: insufficient memory error!
cie_ood,dual_source_cluster_tool,40_to_64_wafers,test,1200.0,[],D:\git\git\RDMCT-A3C\cie\data\ood\spbs\cie_ood_n064_f032_m032_proc100.lp,spbs\cie_ood_n064_f032_m032_proc100.lp,cie_ood_n064_f032_m032_proc100.lp,adaptive_cutsel,3,1,trainseed_1,auto,2026-07-24T12:56:20,,,0.02116900001419708,0,0.0,0.0,0.0,0.0,0.0,0,0,,,,,,,,,,False,,,,,,,False,,MemoryError: SCIP: insufficient memory error!
cie_ood,dual_source_cluster_tool,40_to_64_wafers,test,1200.0,[],D:\git\git\RDMCT-A3C\cie\data\ood\spbs\cie_ood_n064_f032_m032_proc100.lp,spbs\cie_ood_n064_f032_m032_proc100.lp,cie_ood_n064_f032_m032_proc100.lp,hem,3,1,trainseed_1,auto,2026-07-24T12:56:20,,,0.02093800000147894,0,0.0,0.0,0.0,0.0,0.0,0,0,,,,,,,,,,False,,,,,,,False,,MemoryError: SCIP: insufficient memory error!
cie_ood,dual_source_cluster_tool,40_to_64_wafers,test,1200.0,[],D:\git\git\RDMCT-A3C\cie\data\ood\spbs\cie_ood_n064_f032_m032_proc100.lp,spbs\cie_ood_n064_f032_m032_proc100.lp,cie_ood_n064_f032_m032_proc100.lp,rdmct_feature_only,3,1,trainseed_1,auto,2026-07-24T12:56:20,,,0.019852800003718585,0,0.0,0.0,0.0,0.0,0.0,0,0,,,,,,,,,,False,,,,,,,False,,MemoryError: SCIP: insufficient memory error!
cie_ood,dual_source_cluster_tool,40_to_64_wafers,test,1200.0,[],D:\git\git\RDMCT-A3C\cie\data\ood\spbs\cie_ood_n064_f032_m032_proc100.lp,spbs\cie_ood_n064_f032_m032_proc100.lp,cie_ood_n064_f032_m032_proc100.lp,hem_beam,3,1,trainseed_1,auto,2026-07-24T12:56:20,,,0.020143000001553446,0,0.0,0.0,0.0,0.0,0.0,0,0,,,,,,,,,,False,,,,,,,False,,MemoryError: SCIP: insufficient memory error!
cie_ood,dual_source_cluster_tool,40_to_64_wafers,test,1200.0,[],D:\git\git\RDMCT-A3C\cie\data\ood\spbs\cie_ood_n064_f032_m032_proc100.lp,spbs\cie_ood_n064_f032_m032_proc100.lp,cie_ood_n064_f032_m032_proc100.lp,hem_structure,3,1,trainseed_1,auto,2026-07-24T12:56:20,,,0.02044910000404343,0,0.0,0.0,0.0,0.0,0.0,0,0,,,,,,,,,,False,,,,,,,True,,MemoryError: SCIP: insufficient memory error!
cie_ood,dual_source_cluster_tool,40_to_64_wafers,test,1200.0,[],D:\git\git\RDMCT-A3C\cie\data\ood\spbs\cie_ood_n064_f032_m032_proc100.lp,spbs\cie_ood_n064_f032_m032_proc100.lp,cie_ood_n064_f032_m032_proc100.lp,proposed,3,1,trainseed_1,auto,2026-07-24T12:56:20,,,0.020992399979149923,0,0.0,0.0,0.0,0.0,0.0,0,0,,,,,,,,,,False,,,,,,,True,,MemoryError: SCIP: insufficient memory error!
cie_ood,dual_source_cluster_tool,40_to_64_wafers,test,1200.0,[],D:\git\git\RDMCT-A3C\cie\data\ood\spbs\cie_ood_n064_f048_m016_proc100.lp,spbs\cie_ood_n064_f048_m016_proc100.lp,cie_ood_n064_f048_m016_proc100.lp,adaptive_cutsel,3,1,trainseed_1,auto,2026-07-24T12:56:20,,,0.021851600002264604,0,0.0,0.0,0.0,0.0,0.0,0,0,,,,,,,,,,False,,,,,,,False,,MemoryError: SCIP: insufficient memory error!
cie_ood,dual_source_cluster_tool,40_to_64_wafers,test,1200.0,[],D:\git\git\RDMCT-A3C\cie\data\ood\spbs\cie_ood_n064_f048_m016_proc100.lp,spbs\cie_ood_n064_f048_m016_proc100.lp,cie_ood_n064_f048_m016_proc100.lp,hem,3,1,trainseed_1,auto,2026-07-24T12:56:20,,,0.02171129998168908,0,0.0,0.0,0.0,0.0,0.0,0,0,,,,,,,,,,False,,,,,,,False,,MemoryError: SCIP: insufficient memory error!
cie_ood,dual_source_cluster_tool,40_to_64_wafers,test,1200.0,[],D:\git\git\RDMCT-A3C\cie\data\ood\spbs\cie_ood_n064_f048_m016_proc100.lp,spbs\cie_ood_n064_f048_m016_proc100.lp,cie_ood_n064_f048_m016_proc100.lp,rdmct_feature_only,3,1,trainseed_1,auto,2026-07-24T12:56:20,,,0.02143999998224899,0,0.0,0.0,0.0,0.0,0.0,0,0,,,,,,,,,,False,,,,,,,False,,MemoryError: SCIP: insufficient memory error!
cie_ood,dual_source_cluster_tool,40_to_64_wafers,test,1200.0,[],D:\git\git\RDMCT-A3C\cie\data\ood\spbs\cie_ood_n064_f048_m016_proc100.lp,spbs\cie_ood_n064_f048_m016_proc100.lp,cie_ood_n064_f048_m016_proc100.lp,hem_beam,3,1,trainseed_1,auto,2026-07-24T12:56:20,,,0.02224479999858886,0,0.0,0.0,0.0,0.0,0.0,0,0,,,,,,,,,,False,,,,,,,False,,MemoryError: SCIP: insufficient memory error!
cie_ood,dual_source_cluster_tool,40_to_64_wafers,test,1200.0,[],D:\git\git\RDMCT-A3C\cie\data\ood\spbs\cie_ood_n064_f048_m016_proc100.lp,spbs\cie_ood_n064_f048_m016_proc100.lp,cie_ood_n064_f048_m016_proc100.lp,hem_structure,3,1,trainseed_1,auto,2026-07-24T12:56:20,,,0.021883699984755367,0,0.0,0.0,0.0,0.0,0.0,0,0,,,,,,,,,,False,,,,,,,True,,MemoryError: SCIP: insufficient memory error!
cie_ood,dual_source_cluster_tool,40_to_64_wafers,test,1200.0,[],D:\git\git\RDMCT-A3C\cie\data\ood\spbs\cie_ood_n064_f048_m016_proc100.lp,spbs\cie_ood_n064_f048_m016_proc100.lp,cie_ood_n064_f048_m016_proc100.lp,proposed,3,1,trainseed_1,auto,2026-07-24T12:56:20,,,0.022489700000733137,0,0.0,0.0,0.0,0.0,0.0,0,0,,,,,,,,,,False,,,,,,,True,,MemoryError: SCIP: insufficient memory error!
cie_ood,dual_source_cluster_tool,40_to_64_wafers,test,1200.0,[],D:\git\git\RDMCT-A3C\cie\data\ood\spbs\cie_ood_n064_f048_m016_proc100.lp,spbs\cie_ood_n064_f048_m016_proc100.lp,cie_ood_n064_f048_m016_proc100.lp,scip_default,3,1,trainseed_1,auto,2026-07-24T12:56:20,,,0.022983800008660182,0,0.0,0.0,0.0,0.0,0.0,0,0,,,,,,,,,,False,,,,,,,False,,MemoryError: SCIP: insufficient memory error!
cie_ood,dual_source_cluster_tool,40_to_64_wafers,test,1200.0,[],D:\git\git\RDMCT-A3C\cie\data\ood\spbs\cie_ood_n040_f010_m030_proc100.lp,spbs\cie_ood_n040_f010_m030_proc100.lp,cie_ood_n040_f010_m030_proc100.lp,hem,3,2,trainseed_2,auto,2026-07-24T12:56:24,timelimit,1200.0,1199.5767928000132,1,0.3051162999763619,0.0157315731048584,0.0,0.28516530990600586,0.0,1,0,59724,0.20043103448275862,42928.344774286015,4456.0,229319.0,10000.0,0.09907919206392059,60.0,20,True,D:\git\git\RDMCT-A3C\cie\results\ood\cie_ood_1200s_compact_final_v1\seed3\solutions\cie_ood__cie_ood_n040_f010_m030_proc100__hem__solverseed_3__trainseed_2__trainseed_2.sol,,,,D:\git\git\RDMCT-A3C\cie\models\hem\seed_2\itr_60.pkl,13,False,greedy,
cie_ood,dual_source_cluster_tool,40_to_64_wafers,test,1200.0,[],D:\git\git\RDMCT-A3C\cie\data\ood\spbs\cie_ood_n040_f010_m030_proc100.lp,spbs\cie_ood_n040_f010_m030_proc100.lp,cie_ood_n040_f010_m030_proc100.lp,rdmct_feature_only,3,2,trainseed_2,auto,2026-07-24T13:16:24,timelimit,1200.0,1200.0036664000072,1,0.08004659999278374,0.03228473663330078,0.0,0.01588749885559082,0.0,1,0,67615,0.19463806970509384,38358.31686084281,4456.0,230028.24,10000.0,0.14486531697940908,169.0,18,True,D:\git\git\RDMCT-A3C\cie\results\ood\cie_ood_1200s_compact_final_v1\seed3\solutions\cie_ood__cie_ood_n040_f010_m030_proc100__rdmct_feature_only__solverseed_3__trainseed_2__trainseed_2.sol,,,,D:\git\git\RDMCT-A3C\cie\models\feature_only\seed_2\itr_60.pkl,23,False,greedy,
cie_ood,dual_source_cluster_tool,40_to_64_wafers,test,1200.0,[],D:\git\git\RDMCT-A3C\cie\data\ood\spbs\cie_ood_n040_f010_m030_proc100.lp,spbs\cie_ood_n040_f010_m030_proc100.lp,cie_ood_n040_f010_m030_proc100.lp,hem_beam,3,2,trainseed_2,auto,2026-07-24T13:36:24,timelimit,1200.0,17642.908275299997,1,0.15802580001764,0.02005481719970703,0.001001119613647461,0.13381195068359375,0.0,1,0,79796,0.20043103448275862,38943.45198831627,4456.0,229319.0,10000.0,0.09907919206392059,60.0,20,True,D:\git\git\RDMCT-A3C\cie\results\ood\cie_ood_1200s_compact_final_v1\seed3\solutions\cie_ood__cie_ood_n040_f010_m030_proc100__hem_beam__solverseed_3__trainseed_2__trainseed_2.sol,,,,D:\git\git\RDMCT-A3C\cie\models\hem\seed_2\itr_60.pkl,13,False,beam_search,
cie_ood,dual_source_cluster_tool,40_to_64_wafers,test,1200.0,[],D:\git\git\RDMCT-A3C\cie\data\ood\spbs\cie_ood_n040_f010_m030_proc100.lp,spbs\cie_ood_n040_f010_m030_proc100.lp,cie_ood_n040_f010_m030_proc100.lp,hem_structure,3,2,trainseed_2,auto,2026-07-24T18:30:27,timelimit,1200.0,1199.971598700009,1,0.06141809999826364,0.05200767517089844,0.0015110969543457031,0.003999233245849609,0.0020024776458740234,1,0,104827,0.2303552206673843,37444.91416060447,4572.0,230719.0,10000.0,0.25898113656966215,237.0,14,True,D:\git\git\RDMCT-A3C\cie\results\ood\cie_ood_1200s_compact_final_v1\seed3\solutions\cie_ood__cie_ood_n040_f010_m030_proc100__hem_structure__solverseed_3__trainseed_2__trainseed_2.sol,,,,D:\git\git\RDMCT-A3C\cie\models\proposed\seed_2\itr_60.pkl,23,True,greedy,
cie_ood,dual_source_cluster_tool,40_to_64_wafers,test,1200.0,[],D:\git\git\RDMCT-A3C\cie\data\ood\spbs\cie_ood_n040_f010_m030_proc100.lp,spbs\cie_ood_n040_f010_m030_proc100.lp,cie_ood_n040_f010_m030_proc100.lp,proposed,3,2,trainseed_2,auto,2026-07-24T18:50:27,timelimit,1200.0,1200.0527636999905,1,0.06315349999931641,0.015999555587768555,0.0010008811950683594,0.008226156234741211,0.0020008087158203125,1,0,110123,0.2303552206673843,36821.64330309812,4572.0,230719.0,10000.0,0.25898113656966215,237.0,14,True,D:\git\git\RDMCT-A3C\cie\results\ood\cie_ood_1200s_compact_final_v1\seed3\solutions\cie_ood__cie_ood_n040_f010_m030_proc100__proposed__solverseed_3__trainseed_2__trainseed_2.sol,,,,D:\git\git\RDMCT-A3C\cie\models\proposed\seed_2\itr_60.pkl,23,True,beam_search,
cie_ood,dual_source_cluster_tool,40_to_64_wafers,test,1200.0,[],D:\git\git\RDMCT-A3C\cie\data\ood\spbs\cie_ood_n040_f020_m020_proc100.lp,spbs\cie_ood_n040_f020_m020_proc100.lp,cie_ood_n040_f020_m020_proc100.lp,rdmct_feature_only,3,2,trainseed_2,auto,2026-07-24T19:10:27,timelimit,1200.0,1199.9713903999946,1,0.10940009998739697,0.03200340270996094,0.0009124279022216797,0.036115407943725586,0.0,1,0,90287,2.460689655172414,86162.7142287764,10036.0,195008.0,10000.0,0.6899849978632568,73.0,1,True,D:\git\git\RDMCT-A3C\cie\results\ood\cie_ood_1200s_compact_final_v1\seed3\solutions\cie_ood__cie_ood_n040_f020_m020_proc100__rdmct_feature_only__solverseed_3__trainseed_2__trainseed_2.sol,,,,D:\git\git\RDMCT-A3C\cie\models\feature_only\seed_2\itr_60.pkl,23,False,greedy,
cie_ood,dual_source_cluster_tool,40_to_64_wafers,test,1200.0,[],D:\git\git\RDMCT-A3C\cie\data\ood\spbs\cie_ood_n040_f020_m020_proc100.lp,spbs\cie_ood_n040_f020_m020_proc100.lp,cie_ood_n040_f020_m020_proc100.lp,hem_beam,3,2,trainseed_2,auto,2026-07-24T19:30:27,timelimit,1200.0,1199.9739904000016,1,0.0882467000046745,0.014113426208496094,0.0010006427764892578,0.03099799156188965,0.0,1,0,93229,2.5226395226395226,86732.76205659626,10036.0,195008.0,10000.0,0.6899849978632568,73.0,1,True,D:\git\git\RDMCT-A3C\cie\results\ood\cie_ood_1200s_compact_final_v1\seed3\solutions\cie_ood__cie_ood_n040_f020_m020_proc100__hem_beam__solverseed_3__trainseed_2__trainseed_2.sol,,,,D:\git\git\RDMCT-A3C\cie\models\hem\seed_2\itr_60.pkl,13,False,beam_search,
cie_ood,dual_source_cluster_tool,40_to_64_wafers,test,1200.0,[],D:\git\git\RDMCT-A3C\cie\data\ood\spbs\cie_ood_n040_f020_m020_proc100.lp,spbs\cie_ood_n040_f020_m020_proc100.lp,cie_ood_n040_f020_m020_proc100.lp,hem_structure,3,2,trainseed_2,auto,2026-07-24T19:50:27,timelimit,1200.0,1199.999526300002,1,0.08005690001300536,0.032000064849853516,0.0009996891021728516,0.003998517990112305,0.0010018348693847656,1,0,102375,2.5177006659656502,86724.68114786767,10036.0,195008.0,10000.0,0.6899849978632568,73.0,1,True,D:\git\git\RDMCT-A3C\cie\results\ood\cie_ood_1200s_compact_final_v1\seed3\solutions\cie_ood__cie_ood_n040_f020_m020_proc100__hem_structure__solverseed_3__trainseed_2__trainseed_2.sol,,,,D:\git\git\RDMCT-A3C\cie\models\proposed\seed_2\itr_60.pkl,23,True,greedy,
cie_ood,dual_source_cluster_tool,40_to_64_wafers,test,1200.0,[],D:\git\git\RDMCT-A3C\cie\data\ood\spbs\cie_ood_n040_f020_m020_proc100.lp,spbs\cie_ood_n040_f020_m020_proc100.lp,cie_ood_n040_f020_m020_proc100.lp,proposed,3,2,trainseed_2,auto,2026-07-24T20:10:27,timelimit,1200.0,1200.0116695000033,1,0.16842890001134947,0.14671087265014648,0.0010001659393310547,0.0050008296966552734,0.002000093460083008,1,0,101777,2.5177006659656502,86724.88043045037,10036.0,195008.0,10000.0,0.6899849978632568,73.0,1,True,D:\git\git\RDMCT-A3C\cie\results\ood\cie_ood_1200s_compact_final_v1\seed3\solutions\cie_ood__cie_ood_n040_f020_m020_proc100__proposed__solverseed_3__trainseed_2__trainseed_2.sol,,,,D:\git\git\RDMCT-A3C\cie\models\proposed\seed_2\itr_60.pkl,23,True,beam_search,
cie_ood,dual_source_cluster_tool,40_to_64_wafers,test,1200.0,[],D:\git\git\RDMCT-A3C\cie\data\ood\spbs\cie_ood_n040_f020_m020_proc100.lp,spbs\cie_ood_n040_f020_m020_proc100.lp,cie_ood_n040_f020_m020_proc100.lp,hem,3,2,trainseed_2,auto,2026-07-24T20:30:27,timelimit,1200.0,1199.9371993000095,1,0.09295449999626726,0.014999151229858398,0.0010004043579101562,0.03300189971923828,0.0,1,0,93095,2.5226395226395226,86732.60263053008,10036.0,195008.0,10000.0,0.6899849978632568,73.0,1,True,D:\git\git\RDMCT-A3C\cie\results\ood\cie_ood_1200s_compact_final_v1\seed3\solutions\cie_ood__cie_ood_n040_f020_m020_proc100__hem__solverseed_3__trainseed_2__trainseed_2.sol,,,,D:\git\git\RDMCT-A3C\cie\models\hem\seed_2\itr_60.pkl,13,False,greedy,
cie_ood,dual_source_cluster_tool,40_to_64_wafers,test,1200.0,[],D:\git\git\RDMCT-A3C\cie\data\ood\spbs\cie_ood_n040_f030_m010_proc100.lp,spbs\cie_ood_n040_f030_m010_proc100.lp,cie_ood_n040_f030_m010_proc100.lp,hem_beam,3,2,trainseed_2,auto,2026-07-24T20:50:27,timelimit,1200.0,1200.0408859000017,1,0.13341459998628125,0.01900506019592285,0.00099945068359375,0.06351208686828613,0.0,1,0,116481,0.2961165048543689,47971.34977252981,3471.0,136811.0,10000.0,0.5321528554513636,583.0,9,True,D:\git\git\RDMCT-A3C\cie\results\ood\cie_ood_1200s_compact_final_v1\seed3\solutions\cie_ood__cie_ood_n040_f030_m010_proc100__hem_beam__solverseed_3__trainseed_2__trainseed_2.sol,,,,D:\git\git\RDMCT-A3C\cie\models\hem\seed_2\itr_60.pkl,13,False,beam_search,
cie_ood,dual_source_cluster_tool,40_to_64_wafers,test,1200.0,[],D:\git\git\RDMCT-A3C\cie\data\ood\spbs\cie_ood_n040_f030_m010_proc100.lp,spbs\cie_ood_n040_f030_m010_proc100.lp,cie_ood_n040_f030_m010_proc100.lp,hem_structure,3,2,trainseed_2,auto,2026-07-24T21:10:27,timelimit,1200.0,1199.9904621000169,1,0.06624139999621548,0.04999995231628418,0.0009975433349609375,0.006002664566040039,0.0019998550415039062,1,0,59589,2.9093041438623923,90124.73,10000.0,136824.0,10000.0,1.9560940968126308,12386.0,1,True,D:\git\git\RDMCT-A3C\cie\results\ood\cie_ood_1200s_compact_final_v1\seed3\solutions\cie_ood__cie_ood_n040_f030_m010_proc100__hem_structure__solverseed_3__trainseed_2__trainseed_2.sol,,,,D:\git\git\RDMCT-A3C\cie\models\proposed\seed_2\itr_60.pkl,23,True,greedy,
cie_ood,dual_source_cluster_tool,40_to_64_wafers,test,1200.0,[],D:\git\git\RDMCT-A3C\cie\data\ood\spbs\cie_ood_n040_f030_m010_proc100.lp,spbs\cie_ood_n040_f030_m010_proc100.lp,cie_ood_n040_f030_m010_proc100.lp,proposed,3,2,trainseed_2,auto,2026-07-24T21:30:27,timelimit,1200.0,1200.0169886000222,1,0.06488499999977648,0.030663490295410156,0.0,0.00500035285949707,0.003031015396118164,1,0,60201,2.9093041438623923,90124.73,10000.0,136824.0,10000.0,1.9560940968126308,12386.0,1,True,D:\git\git\RDMCT-A3C\cie\results\ood\cie_ood_1200s_compact_final_v1\seed3\solutions\cie_ood__cie_ood_n040_f030_m010_proc100__proposed__solverseed_3__trainseed_2__trainseed_2.sol,,,,D:\git\git\RDMCT-A3C\cie\models\proposed\seed_2\itr_60.pkl,23,True,beam_search,
cie_ood,dual_source_cluster_tool,40_to_64_wafers,test,1200.0,[],D:\git\git\RDMCT-A3C\cie\data\ood\spbs\cie_ood_n040_f030_m010_proc100.lp,spbs\cie_ood_n040_f030_m010_proc100.lp,cie_ood_n040_f030_m010_proc100.lp,hem,3,2,trainseed_2,auto,2026-07-24T21:50:27,timelimit,1200.0,1200.1122920000053,1,0.09522529999958351,0.01890110969543457,0.0,0.03340435028076172,0.0,1,0,94326,0.2961165048543689,48202.228988780844,3471.0,136811.0,10000.0,0.5321528554513636,583.0,9,True,D:\git\git\RDMCT-A3C\cie\results\ood\cie_ood_1200s_compact_final_v1\seed3\solutions\cie_ood__cie_ood_n040_f030_m010_proc100__hem__solverseed_3__trainseed_2__trainseed_2.sol,,,,D:\git\git\RDMCT-A3C\cie\models\hem\seed_2\itr_60.pkl,13,False,greedy,
cie_ood,dual_source_cluster_tool,40_to_64_wafers,test,1200.0,[],D:\git\git\RDMCT-A3C\cie\data\ood\spbs\cie_ood_n040_f030_m010_proc100.lp,spbs\cie_ood_n040_f030_m010_proc100.lp,cie_ood_n040_f030_m010_proc100.lp,rdmct_feature_only,3,2,trainseed_2,auto,2026-07-24T22:10:27,timelimit,1200.0,1199.9227202000038,1,0.11430059999111108,0.050562143325805664,0.0,0.019028902053833008,0.0,1,0,56767,2.7425149700598803,89473.77,10000.0,136824.0,10000.0,1.9560940968126308,12386.0,1,True,D:\git\git\RDMCT-A3C\cie\results\ood\cie_ood_1200s_compact_final_v1\seed3\solutions\cie_ood__cie_ood_n040_f030_m010_proc100__rdmct_feature_only__solverseed_3__trainseed_2__trainseed_2.sol,,,,D:\git\git\RDMCT-A3C\cie\models\feature_only\seed_2\itr_60.pkl,23,False,greedy,
cie_ood,dual_source_cluster_tool,40_to_64_wafers,test,1200.0,[],D:\git\git\RDMCT-A3C\cie\data\ood\spbs\cie_ood_n048_f012_m036_proc100.lp,spbs\cie_ood_n048_f012_m036_proc100.lp,cie_ood_n048_f012_m036_proc100.lp,hem_structure,3,2,trainseed_2,auto,2026-07-24T22:30:27,timelimit,1200.0,1199.9968937000085,1,0.037547499989159405,0.028488636016845703,0.0,0.005156755447387695,0.006174564361572266,1,0,81884,0.3636527778064751,34274.36521777832,5481.88416678204,193344.01142365608,6967.0,0.3566715886345073,856.483222249982,1,True,D:\git\git\RDMCT-A3C\cie\results\ood\cie_ood_1200s_compact_final_v1\seed3\solutions\cie_ood__cie_ood_n048_f012_m036_proc100__hem_structure__solverseed_3__trainseed_2__trainseed_2.sol,,,,D:\git\git\RDMCT-A3C\cie\models\proposed\seed_2\itr_60.pkl,23,True,greedy,
cie_ood,dual_source_cluster_tool,40_to_64_wafers,test,1200.0,[],D:\git\git\RDMCT-A3C\cie\data\ood\spbs\cie_ood_n048_f012_m036_proc100.lp,spbs\cie_ood_n048_f012_m036_proc100.lp,cie_ood_n048_f012_m036_proc100.lp,proposed,3,2,trainseed_2,auto,2026-07-24T22:50:27,timelimit,1200.0,1200.0129099999904,1,0.07609219997539185,0.03171896934509277,0.0,0.010242223739624023,0.0,1,0,90138,0.3636527778064751,33394.375810261925,5481.88416678204,193344.01142365608,6967.0,0.3566715886345073,856.483222249982,1,True,D:\git\git\RDMCT-A3C\cie\results\ood\cie_ood_1200s_compact_final_v1\seed3\solutions\cie_ood__cie_ood_n048_f012_m036_proc100__proposed__solverseed_3__trainseed_2__trainseed_2.sol,,,,D:\git\git\RDMCT-A3C\cie\models\proposed\seed_2\itr_60.pkl,23,True,beam_search,
cie_ood,dual_source_cluster_tool,40_to_64_wafers,test,1200.0,[],D:\git\git\RDMCT-A3C\cie\data\ood\spbs\cie_ood_n048_f012_m036_proc100.lp,spbs\cie_ood_n048_f012_m036_proc100.lp,cie_ood_n048_f012_m036_proc100.lp,hem,3,2,trainseed_2,auto,2026-07-24T23:10:27,timelimit,1200.0,1200.0207582000003,1,0.08777300000656396,0.01566934585571289,0.0,0.037184715270996094,0.0,1,0,81650,0.359594287396338,33140.41203473456,5481.88416678204,193344.01142365608,6967.0,0.3566715886345073,856.483222249982,1,True,D:\git\git\RDMCT-A3C\cie\results\ood\cie_ood_1200s_compact_final_v1\seed3\solutions\cie_ood__cie_ood_n048_f012_m036_proc100__hem__solverseed_3__trainseed_2__trainseed_2.sol,,,,D:\git\git\RDMCT-A3C\cie\models\hem\seed_2\itr_60.pkl,13,False,greedy,
cie_ood,dual_source_cluster_tool,40_to_64_wafers,test,1200.0,[],D:\git\git\RDMCT-A3C\cie\data\ood\spbs\cie_ood_n048_f012_m036_proc100.lp,spbs\cie_ood_n048_f012_m036_proc100.lp,cie_ood_n048_f012_m036_proc100.lp,rdmct_feature_only,3,2,trainseed_2,auto,2026-07-24T23:30:27,timelimit,1200.0,1199.9891969000164,1,0.07115510001312941,0.020958900451660156,0.0,0.015527486801147461,0.0,1,0,73583,0.35690202148070294,33091.049444835335,5481.88416678204,193344.01142365608,6967.0,0.3566715886345073,856.483222249982,1,True,D:\git\git\RDMCT-A3C\cie\results\ood\cie_ood_1200s_compact_final_v1\seed3\solutions\cie_ood__cie_ood_n048_f012_m036_proc100__rdmct_feature_only__solverseed_3__trainseed_2__trainseed_2.sol,,,,D:\git\git\RDMCT-A3C\cie\models\feature_only\seed_2\itr_60.pkl,23,False,greedy,
cie_ood,dual_source_cluster_tool,40_to_64_wafers,test,1200.0,[],D:\git\git\RDMCT-A3C\cie\data\ood\spbs\cie_ood_n048_f012_m036_proc100.lp,spbs\cie_ood_n048_f012_m036_proc100.lp,cie_ood_n048_f012_m036_proc100.lp,hem_beam,3,2,trainseed_2,auto,2026-07-24T23:50:27,timelimit,1200.0,1199.9428005000227,1,0.11986700000124983,0.02056288719177246,0.0,0.061956167221069336,0.0,1,0,86587,0.35824682031269445,33123.848386682635,5481.88416678204,193344.01142365608,6967.0,0.3566715886345073,856.483222249982,1,True,D:\git\git\RDMCT-A3C\cie\results\ood\cie_ood_1200s_compact_final_v1\seed3\solutions\cie_ood__cie_ood_n048_f012_m036_proc100__hem_beam__solverseed_3__trainseed_2__trainseed_2.sol,,,,D:\git\git\RDMCT-A3C\cie\models\hem\seed_2\itr_60.pkl,13,False,beam_search,
cie_ood,dual_source_cluster_tool,40_to_64_wafers,test,1200.0,[],D:\git\git\RDMCT-A3C\cie\data\ood\spbs\cie_ood_n048_f024_m024_proc100.lp,spbs\cie_ood_n048_f024_m024_proc100.lp,cie_ood_n048_f024_m024_proc100.lp,proposed,3,2,trainseed_2,auto,2026-07-25T00:10:27,timelimit,1200.0,1200.065444799984,1,0.07964640000136569,0.05728745460510254,0.0,0.01521611213684082,0.0,1,0,48590,0.4879140479767123,42392.342806152876,5793.93730282132,177142.69756637537,7111.0,0.65446116785656,625.1293538239529,1,True,D:\git\git\RDMCT-A3C\cie\results\ood\cie_ood_1200s_compact_final_v1\seed3\solutions\cie_ood__cie_ood_n048_f024_m024_proc100__proposed__solverseed_3__trainseed_2__trainseed_2.sol,,,,D:\git\git\RDMCT-A3C\cie\models\proposed\seed_2\itr_60.pkl,23,True,beam_search,
cie_ood,dual_source_cluster_tool,40_to_64_wafers,test,1200.0,[],D:\git\git\RDMCT-A3C\cie\data\ood\spbs\cie_ood_n048_f024_m024_proc100.lp,spbs\cie_ood_n048_f024_m024_proc100.lp,cie_ood_n048_f024_m024_proc100.lp,hem,3,2,trainseed_2,auto,2026-07-25T00:30:27,timelimit,1200.0,1200.0279848999926,1,0.08064390000072308,0.023877620697021484,0.0,0.020999670028686523,0.0,1,0,54113,0.485244117616334,42825.140033485455,5793.93730282132,177142.69756637537,7111.0,0.65446116785656,625.1293538239529,1,True,D:\git\git\RDMCT-A3C\cie\results\ood\cie_ood_1200s_compact_final_v1\seed3\solutions\cie_ood__cie_ood_n048_f024_m024_proc100__hem__solverseed_3__trainseed_2__trainseed_2.sol,,,,D:\git\git\RDMCT-A3C\cie\models\hem\seed_2\itr_60.pkl,13,False,greedy,
cie_ood,dual_source_cluster_tool,40_to_64_wafers,test,1200.0,[],D:\git\git\RDMCT-A3C\cie\data\ood\spbs\cie_ood_n048_f024_m024_proc100.lp,spbs\cie_ood_n048_f024_m024_proc100.lp,cie_ood_n048_f024_m024_proc100.lp,rdmct_feature_only,3,2,trainseed_2,auto,2026-07-25T00:50:27,timelimit,1200.0,1199.936345299997,1,0.07952470000600442,0.02594304084777832,0.0,0.01556539535522461,0.0,1,0,51302,0.4963681050674894,42988.845636502316,5793.93730282132,177142.69756637537,7111.0,0.65446116785656,625.1293538239529,1,True,D:\git\git\RDMCT-A3C\cie\results\ood\cie_ood_1200s_compact_final_v1\seed3\solutions\cie_ood__cie_ood_n048_f024_m024_proc100__rdmct_feature_only__solverseed_3__trainseed_2__trainseed_2.sol,,,,D:\git\git\RDMCT-A3C\cie\models\feature_only\seed_2\itr_60.pkl,23,False,greedy,
cie_ood,dual_source_cluster_tool,40_to_64_wafers,test,1200.0,[],D:\git\git\RDMCT-A3C\cie\data\ood\spbs\cie_ood_n048_f024_m024_proc100.lp,spbs\cie_ood_n048_f024_m024_proc100.lp,cie_ood_n048_f024_m024_proc100.lp,hem_beam,3,2,trainseed_2,auto,2026-07-25T01:10:27,timelimit,1200.0,1200.072982600017,1,0.12297890000627376,0.024999618530273438,0.0,0.0625314712524414,0.0,1,0,54303,0.485244117616334,42825.657816099105,5793.93730282132,177142.69756637537,7111.0,0.65446116785656,625.1293538239529,1,True,D:\git\git\RDMCT-A3C\cie\results\ood\cie_ood_1200s_compact_final_v1\seed3\solutions\cie_ood__cie_ood_n048_f024_m024_proc100__hem_beam__solverseed_3__trainseed_2__trainseed_2.sol,,,,D:\git\git\RDMCT-A3C\cie\models\hem\seed_2\itr_60.pkl,13,False,beam_search,
cie_ood,dual_source_cluster_tool,40_to_64_wafers,test,1200.0,[],D:\git\git\RDMCT-A3C\cie\data\ood\spbs\cie_ood_n048_f024_m024_proc100.lp,spbs\cie_ood_n048_f024_m024_proc100.lp,cie_ood_n048_f024_m024_proc100.lp,hem_structure,3,2,trainseed_2,auto,2026-07-25T01:30:27,timelimit,1200.0,1199.9267814999912,1,0.11162090001744218,0.06591296195983887,0.0010437965393066406,0.006967782974243164,0.0019774436950683594,1,0,48572,0.4879140479767123,42392.066655425595,5793.93730282132,177142.69756637537,7111.0,0.65446116785656,625.1293538239529,1,True,D:\git\git\RDMCT-A3C\cie\results\ood\cie_ood_1200s_compact_final_v1\seed3\solutions\cie_ood__cie_ood_n048_f024_m024_proc100__hem_structure__solverseed_3__trainseed_2__trainseed_2.sol,,,,D:\git\git\RDMCT-A3C\cie\models\proposed\seed_2\itr_60.pkl,23,True,greedy,
cie_ood,dual_source_cluster_tool,40_to_64_wafers,test,1200.0,[],D:\git\git\RDMCT-A3C\cie\data\ood\spbs\cie_ood_n048_f036_m012_proc100.lp,spbs\cie_ood_n048_f036_m012_proc100.lp,cie_ood_n048_f036_m012_proc100.lp,hem,3,2,trainseed_2,auto,2026-07-25T01:50:27,timelimit,1200.0,1200.057471499982,1,0.07584239999414422,0.025682926177978516,0.0,0.015867233276367188,0.0,1,0,55224,0.5545799571873682,46703.595926067246,4572.01965408805,132814.0786163522,10000.0,0.6269749087174397,1910.000000000001,1,True,D:\git\git\RDMCT-A3C\cie\results\ood\cie_ood_1200s_compact_final_v1\seed3\solutions\cie_ood__cie_ood_n048_f036_m012_proc100__hem__solverseed_3__trainseed_2__trainseed_2.sol,,,,D:\git\git\RDMCT-A3C\cie\models\hem\seed_2\itr_60.pkl,13,False,greedy,
cie_ood,dual_source_cluster_tool,40_to_64_wafers,test,1200.0,[],D:\git\git\RDMCT-A3C\cie\data\ood\spbs\cie_ood_n048_f036_m012_proc100.lp,spbs\cie_ood_n048_f036_m012_proc100.lp,cie_ood_n048_f036_m012_proc100.lp,rdmct_feature_only,3,2,trainseed_2,auto,2026-07-25T02:10:27,timelimit,1200.0,1199.9704123999982,1,0.07462220001616515,0.02561783790588379,0.0,0.015424489974975586,0.0,1,0,47683,0.5566971924031494,45828.8184092156,4572.01965408805,132814.0786163522,10000.0,0.6269749087174397,1910.000000000001,1,True,D:\git\git\RDMCT-A3C\cie\results\ood\cie_ood_1200s_compact_final_v1\seed3\solutions\cie_ood__cie_ood_n048_f036_m012_proc100__rdmct_feature_only__solverseed_3__trainseed_2__trainseed_2.sol,,,,D:\git\git\RDMCT-A3C\cie\models\feature_only\seed_2\itr_60.pkl,23,False,greedy,
cie_ood,dual_source_cluster_tool,40_to_64_wafers,test,1200.0,[],D:\git\git\RDMCT-A3C\cie\data\ood\spbs\cie_ood_n048_f036_m012_proc100.lp,spbs\cie_ood_n048_f036_m012_proc100.lp,cie_ood_n048_f036_m012_proc100.lp,hem_beam,3,2,trainseed_2,auto,2026-07-25T02:30:27,timelimit,1200.0,1199.988467999996,1,0.12105300000985153,0.02052760124206543,0.005123615264892578,0.062438011169433594,0.0,1,0,55485,0.5545799571873682,46758.07950637672,4572.01965408805,132814.0786163522,10000.0,0.6269749087174397,1910.000000000001,1,True,D:\git\git\RDMCT-A3C\cie\results\ood\cie_ood_1200s_compact_final_v1\seed3\solutions\cie_ood__cie_ood_n048_f036_m012_proc100__hem_beam__solverseed_3__trainseed_2__trainseed_2.sol,,,,D:\git\git\RDMCT-A3C\cie\models\hem\seed_2\itr_60.pkl,13,False,beam_search,
cie_ood,dual_source_cluster_tool,40_to_64_wafers,test,1200.0,[],D:\git\git\RDMCT-A3C\cie\data\ood\spbs\cie_ood_n048_f036_m012_proc100.lp,spbs\cie_ood_n048_f036_m012_proc100.lp,cie_ood_n048_f036_m012_proc100.lp,hem_structure,3,2,trainseed_2,auto,2026-07-25T02:50:27,timelimit,1200.0,1200.0147293999908,1,0.124549299973296,0.07758688926696777,0.0,0.010282754898071289,0.0024764537811279297,1,0,57314,0.5566971924031494,45845.703725955434,4572.01965408805,132814.0786163522,10000.0,0.6269749087174397,1910.000000000001,1,True,D:\git\git\RDMCT-A3C\cie\results\ood\cie_ood_1200s_compact_final_v1\seed3\solutions\cie_ood__cie_ood_n048_f036_m012_proc100__hem_structure__solverseed_3__trainseed_2__trainseed_2.sol,,,,D:\git\git\RDMCT-A3C\cie\models\proposed\seed_2\itr_60.pkl,23,True,greedy,
cie_ood,dual_source_cluster_tool,40_to_64_wafers,test,1200.0,[],D:\git\git\RDMCT-A3C\cie\data\ood\spbs\cie_ood_n048_f036_m012_proc100.lp,spbs\cie_ood_n048_f036_m012_proc100.lp,cie_ood_n048_f036_m012_proc100.lp,proposed,3,2,trainseed_2,auto,2026-07-25T03:10:27,timelimit,1200.0,1200.0116702000087,1,0.07055810000747442,0.024172306060791016,0.0,0.008762836456298828,0.0017447471618652344,1,0,57217,0.5566971924031494,45909.52672368448,4572.01965408805,132814.0786163522,10000.0,0.6269749087174397,1910.000000000001,1,True,D:\git\git\RDMCT-A3C\cie\results\ood\cie_ood_1200s_compact_final_v1\seed3\solutions\cie_ood__cie_ood_n048_f036_m012_proc100__proposed__solverseed_3__trainseed_2__trainseed_2.sol,,,,D:\git\git\RDMCT-A3C\cie\models\proposed\seed_2\itr_60.pkl,23,True,beam_search,
cie_ood,dual_source_cluster_tool,40_to_64_wafers,test,1200.0,[],D:\git\git\RDMCT-A3C\cie\data\ood\spbs\cie_ood_n064_f016_m048_proc100.lp,spbs\cie_ood_n064_f016_m048_proc100.lp,cie_ood_n064_f016_m048_proc100.lp,rdmct_feature_only,3,2,trainseed_2,auto,2026-07-25T03:30:27,timelimit,1200.0,1200.0455669999938,1,0.07360659999540076,0.03399801254272461,0.003999471664428711,0.033002376556396484,0.0,1,0,17384,0.45136987861635036,38685.96409293504,7663.23295909433,372846.9931427325,10000.0,0.521245559780668,1017.3445844004609,1,True,D:\git\git\RDMCT-A3C\cie\results\ood\cie_ood_1200s_compact_final_v1\seed3\solutions\cie_ood__cie_ood_n064_f016_m048_proc100__rdmct_feature_only__solverseed_3__trainseed_2__trainseed_2.sol,,,,D:\git\git\RDMCT-A3C\cie\models\feature_only\seed_2\itr_60.pkl,23,False,greedy,
cie_ood,dual_source_cluster_tool,40_to_64_wafers,test,1200.0,[],D:\git\git\RDMCT-A3C\cie\data\ood\spbs\cie_ood_n064_f016_m048_proc100.lp,spbs\cie_ood_n064_f016_m048_proc100.lp,cie_ood_n064_f016_m048_proc100.lp,hem_beam,3,2,trainseed_2,auto,2026-07-25T03:50:27,timelimit,1200.0,1200.0180664999934,1,0.0628889000217896,0.03155636787414551,0.0,0.03320956230163574,0.0,1,0,13410,0.4521949894057855,38686.22507938954,7663.23295909433,372846.9931427325,10000.0,0.521245559780668,1017.3445844004609,1,True,D:\git\git\RDMCT-A3C\cie\results\ood\cie_ood_1200s_compact_final_v1\seed3\solutions\cie_ood__cie_ood_n064_f016_m048_proc100__hem_beam__solverseed_3__trainseed_2__trainseed_2.sol,,,,D:\git\git\RDMCT-A3C\cie\models\hem\seed_2\itr_60.pkl,13,False,beam_search,
cie_ood,dual_source_cluster_tool,40_to_64_wafers,test,1200.0,[],D:\git\git\RDMCT-A3C\cie\data\ood\spbs\cie_ood_n064_f016_m048_proc100.lp,spbs\cie_ood_n064_f016_m048_proc100.lp,cie_ood_n064_f016_m048_proc100.lp,hem_structure,3,2,trainseed_2,auto,2026-07-25T04:10:27,timelimit,1200.0,1200.0931326000136,1,0.04397960001369938,0.031203269958496094,0.0,0.010502099990844727,0.0,1,0,19961,0.42970764162207553,37488.92362072623,7663.23295909433,372846.9931427325,10000.0,0.521245559780668,1017.3445844004609,1,True,D:\git\git\RDMCT-A3C\cie\results\ood\cie_ood_1200s_compact_final_v1\seed3\solutions\cie_ood__cie_ood_n064_f016_m048_proc100__hem_structure__solverseed_3__trainseed_2__trainseed_2.sol,,,,D:\git\git\RDMCT-A3C\cie\models\proposed\seed_2\itr_60.pkl,23,True,greedy,
cie_ood,dual_source_cluster_tool,40_to_64_wafers,test,1200.0,[],D:\git\git\RDMCT-A3C\cie\data\ood\spbs\cie_ood_n064_f016_m048_proc100.lp,spbs\cie_ood_n064_f016_m048_proc100.lp,cie_ood_n064_f016_m048_proc100.lp,proposed,3,2,trainseed_2,auto,2026-07-25T04:30:27,timelimit,1200.0,1199.93375929998,1,0.08636069999192841,0.03644704818725586,0.0050923824310302734,0.01036214828491211,0.005098581314086914,1,0,19928,0.42970764162207553,37554.48341809658,7663.23295909433,372846.9931427325,10000.0,0.521245559780668,1017.3445844004609,1,True,D:\git\git\RDMCT-A3C\cie\results\ood\cie_ood_1200s_compact_final_v1\seed3\solutions\cie_ood__cie_ood_n064_f016_m048_proc100__proposed__solverseed_3__trainseed_2__trainseed_2.sol,,,,D:\git\git\RDMCT-A3C\cie\models\proposed\seed_2\itr_60.pkl,23,True,beam_search,
cie_ood,dual_source_cluster_tool,40_to_64_wafers,test,1200.0,[],D:\git\git\RDMCT-A3C\cie\data\ood\spbs\cie_ood_n064_f016_m048_proc100.lp,spbs\cie_ood_n064_f016_m048_proc100.lp,cie_ood_n064_f016_m048_proc100.lp,hem,3,2,trainseed_2,auto,2026-07-25T04:50:27,timelimit,1200.0,1199.9353810000175,1,0.06770679997862317,0.031028032302856445,0.0,0.031037092208862305,0.0,1,0,13474,0.4521949894057855,38751.132410623635,7663.23295909433,372846.9931427325,10000.0,0.521245559780668,1017.3445844004609,1,True,D:\git\git\RDMCT-A3C\cie\results\ood\cie_ood_1200s_compact_final_v1\seed3\solutions\cie_ood__cie_ood_n064_f016_m048_proc100__hem__solverseed_3__trainseed_2__trainseed_2.sol,,,,D:\git\git\RDMCT-A3C\cie\models\hem\seed_2\itr_60.pkl,13,False,greedy,
cie_ood,dual_source_cluster_tool,40_to_64_wafers,test,1200.0,[],D:\git\git\RDMCT-A3C\cie\data\ood\spbs\cie_ood_n064_f032_m032_proc100.lp,spbs\cie_ood_n064_f032_m032_proc100.lp,cie_ood_n064_f032_m032_proc100.lp,hem_beam,3,2,trainseed_2,auto,2026-07-25T05:10:27,timelimit,1200.0,1199.998315200006,1,0.10864829999627545,0.034049272537231445,0.0,0.06594514846801758,0.0,1,0,16618,1.2955169258920403,79448.97369469909,10036.0,228592.0,10000.0,1.1819901313876666,2296.0,1,True,D:\git\git\RDMCT-A3C\cie\results\ood\cie_ood_1200s_compact_final_v1\seed3\solutions\cie_ood__cie_ood_n064_f032_m032_proc100__hem_beam__solverseed_3__trainseed_2__trainseed_2.sol,,,,D:\git\git\RDMCT-A3C\cie\models\hem\seed_2\itr_60.pkl,13,False,beam_search,
cie_ood,dual_source_cluster_tool,40_to_64_wafers,test,1200.0,[],D:\git\git\RDMCT-A3C\cie\data\ood\spbs\cie_ood_n064_f032_m032_proc100.lp,spbs\cie_ood_n064_f032_m032_proc100.lp,cie_ood_n064_f032_m032_proc100.lp,hem_structure,3,2,trainseed_2,auto,2026-07-25T05:30:27,timelimit,1200.0,1200.0976673999976,1,0.8192734000040218,0.7731530666351318,0.0,0.010267019271850586,0.0,1,0,15848,1.324762566597174,80236.67795934634,10036.0,228592.0,10000.0,1.1819901313876666,2296.0,1,True,D:\git\git\RDMCT-A3C\cie\results\ood\cie_ood_1200s_compact_final_v1\seed3\solutions\cie_ood__cie_ood_n064_f032_m032_proc100__hem_structure__solverseed_3__trainseed_2__trainseed_2.sol,,,,D:\git\git\RDMCT-A3C\cie\models\proposed\seed_2\itr_60.pkl,23,True,greedy,
cie_ood,dual_source_cluster_tool,40_to_64_wafers,test,1200.0,[],D:\git\git\RDMCT-A3C\cie\data\ood\spbs\cie_ood_n064_f032_m032_proc100.lp,spbs\cie_ood_n064_f032_m032_proc100.lp,cie_ood_n064_f032_m032_proc100.lp,proposed,3,2,trainseed_2,auto,2026-07-25T05:50:27,timelimit,1200.0,1199.9587100000062,1,0.07937310001580045,0.03596758842468262,0.0,0.005526304244995117,0.00510096549987793,1,0,17004,1.324762566597174,79490.3547229972,10036.0,228592.0,10000.0,1.1819901313876666,2296.0,1,True,D:\git\git\RDMCT-A3C\cie\results\ood\cie_ood_1200s_compact_final_v1\seed3\solutions\cie_ood__cie_ood_n064_f032_m032_proc100__proposed__solverseed_3__trainseed_2__trainseed_2.sol,,,,D:\git\git\RDMCT-A3C\cie\models\proposed\seed_2\itr_60.pkl,23,True,beam_search,
cie_ood,dual_source_cluster_tool,40_to_64_wafers,test,1200.0,[],D:\git\git\RDMCT-A3C\cie\data\ood\spbs\cie_ood_n064_f032_m032_proc100.lp,spbs\cie_ood_n064_f032_m032_proc100.lp,cie_ood_n064_f032_m032_proc100.lp,hem,3,2,trainseed_2,auto,2026-07-25T06:10:27,timelimit,1200.0,1199.969000299985,1,0.07217080000555143,0.036160945892333984,0.0,0.0359954833984375,0.0,1,0,16661,1.2955169258920403,79236.50856915106,10036.0,228592.0,10000.0,1.1819901313876666,2296.0,1,True,D:\git\git\RDMCT-A3C\cie\results\ood\cie_ood_1200s_compact_final_v1\seed3\solutions\cie_ood__cie_ood_n064_f032_m032_proc100__hem__solverseed_3__trainseed_2__trainseed_2.sol,,,,D:\git\git\RDMCT-A3C\cie\models\hem\seed_2\itr_60.pkl,13,False,greedy,
cie_ood,dual_source_cluster_tool,40_to_64_wafers,test,1200.0,[],D:\git\git\RDMCT-A3C\cie\data\ood\spbs\cie_ood_n064_f032_m032_proc100.lp,spbs\cie_ood_n064_f032_m032_proc100.lp,cie_ood_n064_f032_m032_proc100.lp,rdmct_feature_only,3,2,trainseed_2,auto,2026-07-25T06:30:27,timelimit,1200.0,1200.2713456999918,1,0.15665250000893138,0.0887002944946289,0.0,0.035303354263305664,0.0,1,0,35145,1.2955169258920403,78928.72658429653,10036.0,228592.0,10000.0,1.1819901313876666,2296.0,1,True,D:\git\git\RDMCT-A3C\cie\results\ood\cie_ood_1200s_compact_final_v1\seed3\solutions\cie_ood__cie_ood_n064_f032_m032_proc100__rdmct_feature_only__solverseed_3__trainseed_2__trainseed_2.sol,,,,D:\git\git\RDMCT-A3C\cie\models\feature_only\seed_2\itr_60.pkl,23,False,greedy,
cie_ood,dual_source_cluster_tool,40_to_64_wafers,test,1200.0,[],D:\git\git\RDMCT-A3C\cie\data\ood\spbs\cie_ood_n064_f048_m016_proc100.lp,spbs\cie_ood_n064_f048_m016_proc100.lp,cie_ood_n064_f048_m016_proc100.lp,hem_structure,3,2,trainseed_2,auto,2026-07-25T06:50:27,timelimit,1200.0,1200.7764984999958,1,0.09102920000441372,0.046468257904052734,0.0,0.010250568389892578,0.0,1,0,14244,1.4717912552891397,84609.86210175938,10515.0,177698.0,10000.0,1.007545954453836,4141.0,1,True,D:\git\git\RDMCT-A3C\cie\results\ood\cie_ood_1200s_compact_final_v1\seed3\solutions\cie_ood__cie_ood_n064_f048_m016_proc100__hem_structure__solverseed_3__trainseed_2__trainseed_2.sol,,,,D:\git\git\RDMCT-A3C\cie\models\proposed\seed_2\itr_60.pkl,23,True,greedy,
cie_ood,dual_source_cluster_tool,40_to_64_wafers,test,1200.0,[],D:\git\git\RDMCT-A3C\cie\data\ood\spbs\cie_ood_n064_f048_m016_proc100.lp,spbs\cie_ood_n064_f048_m016_proc100.lp,cie_ood_n064_f048_m016_proc100.lp,proposed,3,2,trainseed_2,auto,2026-07-25T07:10:28,timelimit,1200.0,1200.984393599996,1,0.06527300001471303,0.04656195640563965,0.0,0.01557159423828125,0.005105495452880859,1,0,13715,1.4717912552891397,84695.1212553495,10515.0,177698.0,10000.0,1.007545954453836,4141.0,1,True,D:\git\git\RDMCT-A3C\cie\results\ood\cie_ood_1200s_compact_final_v1\seed3\solutions\cie_ood__cie_ood_n064_f048_m016_proc100__proposed__solverseed_3__trainseed_2__trainseed_2.sol,,,,D:\git\git\RDMCT-A3C\cie\models\proposed\seed_2\itr_60.pkl,23,True,beam_search,
cie_ood,dual_source_cluster_tool,40_to_64_wafers,test,1200.0,[],D:\git\git\RDMCT-A3C\cie\data\ood\spbs\cie_ood_n064_f048_m016_proc100.lp,spbs\cie_ood_n064_f048_m016_proc100.lp,cie_ood_n064_f048_m016_proc100.lp,hem,3,2,trainseed_2,auto,2026-07-25T07:30:29,timelimit,1200.0,1201.0471533000236,1,0.11763600000995211,0.04645395278930664,0.0,0.03093266487121582,0.0,1,0,13496,1.5167544279559597,87383.84213029005,10515.0,177698.0,10000.0,1.007545954453836,4141.0,1,True,D:\git\git\RDMCT-A3C\cie\results\ood\cie_ood_1200s_compact_final_v1\seed3\solutions\cie_ood__cie_ood_n064_f048_m016_proc100__hem__solverseed_3__trainseed_2__trainseed_2.sol,,,,D:\git\git\RDMCT-A3C\cie\models\hem\seed_2\itr_60.pkl,13,False,greedy,
cie_ood,dual_source_cluster_tool,40_to_64_wafers,test,1200.0,[],D:\git\git\RDMCT-A3C\cie\data\ood\spbs\cie_ood_n064_f048_m016_proc100.lp,spbs\cie_ood_n064_f048_m016_proc100.lp,cie_ood_n064_f048_m016_proc100.lp,rdmct_feature_only,3,2,trainseed_2,auto,2026-07-25T07:50:30,timelimit,1200.0,1200.9822036999976,1,0.22832500000367872,0.15489649772644043,0.0,0.03650665283203125,0.0,1,0,14336,1.552804078659869,87518.97289586306,10515.0,177698.0,10000.0,1.007545954453836,4141.0,1,True,D:\git\git\RDMCT-A3C\cie\results\ood\cie_ood_1200s_compact_final_v1\seed3\solutions\cie_ood__cie_ood_n064_f048_m016_proc100__rdmct_feature_only__solverseed_3__trainseed_2__trainseed_2.sol,,,,D:\git\git\RDMCT-A3C\cie\models\feature_only\seed_2\itr_60.pkl,23,False,greedy,
cie_ood,dual_source_cluster_tool,40_to_64_wafers,test,1200.0,[],D:\git\git\RDMCT-A3C\cie\data\ood\spbs\cie_ood_n064_f048_m016_proc100.lp,spbs\cie_ood_n064_f048_m016_proc100.lp,cie_ood_n064_f048_m016_proc100.lp,hem_beam,3,2,trainseed_2,auto,2026-07-25T08:10:31,timelimit,1200.0,1200.9404178000113,1,0.1470463000005111,0.04166746139526367,0.005127668380737305,0.06194186210632324,0.0,1,0,13452,1.5167544279559597,87427.93152639086,10515.0,177698.0,10000.0,1.007545954453836,4141.0,1,True,D:\git\git\RDMCT-A3C\cie\results\ood\cie_ood_1200s_compact_final_v1\seed3\solutions\cie_ood__cie_ood_n064_f048_m016_proc100__hem_beam__solverseed_3__trainseed_2__trainseed_2.sol,,,,D:\git\git\RDMCT-A3C\cie\models\hem\seed_2\itr_60.pkl,13,False,beam_search,
cie_ood,dual_source_cluster_tool,40_to_64_wafers,test,1200.0,[],D:\git\git\RDMCT-A3C\cie\data\ood\spbs\cie_ood_n040_f010_m030_proc100.lp,spbs\cie_ood_n040_f010_m030_proc100.lp,cie_ood_n040_f010_m030_proc100.lp,hem,3,3,trainseed_3,auto,2026-07-25T08:30:40,timelimit,1200.0,1200.1519779999799,1,0.47509800002444535,0.017161846160888672,0.0,0.42241597175598145,0.0,1,0,113833,0.2303552206673843,36313.24290727049,4572.0,230719.0,10000.0,0.25898113656966215,237.0,14,True,D:\git\git\RDMCT-A3C\cie\results\ood\cie_ood_1200s_compact_final_v1\seed3\solutions\cie_ood__cie_ood_n040_f010_m030_proc100__hem__solverseed_3__trainseed_3__trainseed_3.sol,,,,D:\git\git\RDMCT-A3C\cie\models\hem\seed_3\itr_60.pkl,13,False,greedy,
cie_ood,dual_source_cluster_tool,40_to_64_wafers,test,1200.0,[],D:\git\git\RDMCT-A3C\cie\data\ood\spbs\cie_ood_n040_f010_m030_proc100.lp,spbs\cie_ood_n040_f010_m030_proc100.lp,cie_ood_n040_f010_m030_proc100.lp,rdmct_feature_only,3,3,trainseed_3,auto,2026-07-25T08:50:40,timelimit,1200.0,1199.9581677999813,1,0.07170090000727214,0.016010046005249023,0.0020089149475097656,0.018926382064819336,0.0,1,0,73352,0.8242734122712594,55409.82445788465,6779.0,183432.0,8411.0,0.42056630316764676,136.0,1,True,D:\git\git\RDMCT-A3C\cie\results\ood\cie_ood_1200s_compact_final_v1\seed3\solutions\cie_ood__cie_ood_n040_f010_m030_proc100__rdmct_feature_only__solverseed_3__trainseed_3__trainseed_3.sol,,,,D:\git\git\RDMCT-A3C\cie\models\feature_only\seed_3\itr_60.pkl,23,False,greedy,
cie_ood,dual_source_cluster_tool,40_to_64_wafers,test,1200.0,[],D:\git\git\RDMCT-A3C\cie\data\ood\spbs\cie_ood_n040_f010_m030_proc100.lp,spbs\cie_ood_n040_f010_m030_proc100.lp,cie_ood_n040_f010_m030_proc100.lp,hem_beam,3,3,trainseed_3,auto,2026-07-25T09:10:40,timelimit,1200.0,1199.997780399979,1,0.2076387999986764,0.015464305877685547,0.0,0.15464282035827637,0.0,1,0,112949,0.2303552206673843,36415.69128747344,4572.0,230719.0,10000.0,0.25898113656966215,237.0,14,True,D:\git\git\RDMCT-A3C\cie\results\ood\cie_ood_1200s_compact_final_v1\seed3\solutions\cie_ood__cie_ood_n040_f010_m030_proc100__hem_beam__solverseed_3__trainseed_3__trainseed_3.sol,,,,D:\git\git\RDMCT-A3C\cie\models\hem\seed_3\itr_60.pkl,13,False,beam_search,
cie_ood,dual_source_cluster_tool,40_to_64_wafers,test,1200.0,[],D:\git\git\RDMCT-A3C\cie\data\ood\spbs\cie_ood_n040_f010_m030_proc100.lp,spbs\cie_ood_n040_f010_m030_proc100.lp,cie_ood_n040_f010_m030_proc100.lp,hem_structure,3,3,trainseed_3,auto,2026-07-25T09:30:40,timelimit,1200.0,1200.0620032000006,1,0.11933389998739585,0.04147815704345703,0.0,0.0051424503326416016,0.0,1,0,94656,0.23168103448275862,36572.745389272255,4572.0,230719.0,10000.0,0.25898113656966215,237.0,14,True,D:\git\git\RDMCT-A3C\cie\results\ood\cie_ood_1200s_compact_final_v1\seed3\solutions\cie_ood__cie_ood_n040_f010_m030_proc100__hem_structure__solverseed_3__trainseed_3__trainseed_3.sol,,,,D:\git\git\RDMCT-A3C\cie\models\proposed\seed_3\itr_60.pkl,23,True,greedy,
cie_ood,dual_source_cluster_tool,40_to_64_wafers,test,1200.0,[],D:\git\git\RDMCT-A3C\cie\data\ood\spbs\cie_ood_n040_f010_m030_proc100.lp,spbs\cie_ood_n040_f010_m030_proc100.lp,cie_ood_n040_f010_m030_proc100.lp,proposed,3,3,trainseed_3,auto,2026-07-25T09:50:40,timelimit,1200.0,1187.8046650000033,1,0.06575390000944026,0.025928735733032227,0.0,0.0050716400146484375,0.005429267883300781,1,0,75146,0.23168103448275862,41492.29844977944,4572.0,230719.0,10000.0,0.25898113656966215,237.0,14,True,D:\git\git\RDMCT-A3C\cie\results\ood\cie_ood_1200s_compact_final_v1\seed3\solutions\cie_ood__cie_ood_n040_f010_m030_proc100__proposed__solverseed_3__trainseed_3__trainseed_3.sol,,,,D:\git\git\RDMCT-A3C\cie\models\proposed\seed_3\itr_60.pkl,23,True,beam_search,
cie_ood,dual_source_cluster_tool,40_to_64_wafers,test,1200.0,[],D:\git\git\RDMCT-A3C\cie\data\ood\spbs\cie_ood_n040_f020_m020_proc100.lp,spbs\cie_ood_n040_f020_m020_proc100.lp,cie_ood_n040_f020_m020_proc100.lp,rdmct_feature_only,3,3,trainseed_3,auto,2026-07-25T10:10:40,timelimit,1200.0,1199.9709562000062,1,0.07160739999380894,0.037790775299072266,0.0,0.020772695541381836,0.0,1,0,68899,2.460689655172414,86871.95097648464,10036.0,195008.0,10000.0,0.6899849978632568,73.0,1,True,D:\git\git\RDMCT-A3C\cie\results\ood\cie_ood_1200s_compact_final_v1\seed3\solutions\cie_ood__cie_ood_n040_f020_m020_proc100__rdmct_feature_only__solverseed_3__trainseed_3__trainseed_3.sol,,,,D:\git\git\RDMCT-A3C\cie\models\feature_only\seed_3\itr_60.pkl,23,False,greedy,
cie_ood,dual_source_cluster_tool,40_to_64_wafers,test,1200.0,[],D:\git\git\RDMCT-A3C\cie\data\ood\spbs\cie_ood_n040_f020_m020_proc100.lp,spbs\cie_ood_n040_f020_m020_proc100.lp,cie_ood_n040_f020_m020_proc100.lp,hem_beam,3,3,trainseed_3,auto,2026-07-25T10:30:40,timelimit,1200.0,1200.0178260999965,1,0.13926669998909347,0.015359163284301758,0.0,0.04496121406555176,0.0,1,0,76600,2.455922865013774,86950.39856516541,10036.0,195008.0,10000.0,0.6899849978632568,73.0,1,True,D:\git\git\RDMCT-A3C\cie\results\ood\cie_ood_1200s_compact_final_v1\seed3\solutions\cie_ood__cie_ood_n040_f020_m020_proc100__hem_beam__solverseed_3__trainseed_3__trainseed_3.sol,,,,D:\git\git\RDMCT-A3C\cie\models\hem\seed_3\itr_60.pkl,13,False,beam_search,
cie_ood,dual_source_cluster_tool,40_to_64_wafers,test,1200.0,[],D:\git\git\RDMCT-A3C\cie\data\ood\spbs\cie_ood_n040_f020_m020_proc100.lp,spbs\cie_ood_n040_f020_m020_proc100.lp,cie_ood_n040_f020_m020_proc100.lp,hem_structure,3,3,trainseed_3,auto,2026-07-25T10:50:40,timelimit,1200.0,1200.0061278000067,1,0.059455999988131225,0.03899836540222168,0.0009999275207519531,0.0039997100830078125,0.0029997825622558594,1,0,82944,2.5189340813464236,87162.24591470705,10036.0,195008.0,10000.0,0.6899849978632568,73.0,1,True,D:\git\git\RDMCT-A3C\cie\results\ood\cie_ood_1200s_compact_final_v1\seed3\solutions\cie_ood__cie_ood_n040_f020_m020_proc100__hem_structure__solverseed_3__trainseed_3__trainseed_3.sol,,,,D:\git\git\RDMCT-A3C\cie\models\proposed\seed_3\itr_60.pkl,23,True,greedy,
cie_ood,dual_source_cluster_tool,40_to_64_wafers,test,1200.0,[],D:\git\git\RDMCT-A3C\cie\data\ood\spbs\cie_ood_n040_f020_m020_proc100.lp,spbs\cie_ood_n040_f020_m020_proc100.lp,cie_ood_n040_f020_m020_proc100.lp,proposed,3,3,trainseed_3,auto,2026-07-25T11:10:40,timelimit,1200.0,1200.0064669999992,1,0.1795531999960076,0.15964746475219727,0.0010004043579101562,0.006120920181274414,0.0029997825622558594,1,0,81917,2.5189340813464236,87105.88880031885,10036.0,195008.0,10000.0,0.6899849978632568,73.0,1,True,D:\git\git\RDMCT-A3C\cie\results\ood\cie_ood_1200s_compact_final_v1\seed3\solutions\cie_ood__cie_ood_n040_f020_m020_proc100__proposed__solverseed_3__trainseed_3__trainseed_3.sol,,,,D:\git\git\RDMCT-A3C\cie\models\proposed\seed_3\itr_60.pkl,23,True,beam_search,
cie_ood,dual_source_cluster_tool,40_to_64_wafers,test,1200.0,[],D:\git\git\RDMCT-A3C\cie\data\ood\spbs\cie_ood_n040_f020_m020_proc100.lp,spbs\cie_ood_n040_f020_m020_proc100.lp,cie_ood_n040_f020_m020_proc100.lp,hem,3,3,trainseed_3,auto,2026-07-25T11:30:40,timelimit,1200.0,1199.8876010999957,1,0.05045499998959713,0.01856851577758789,0.0,0.02155470848083496,0.0,1,0,66283,2.484722222222222,87189.45795137505,10036.0,195008.0,10000.0,0.6899849978632568,73.0,1,True,D:\git\git\RDMCT-A3C\cie\results\ood\cie_ood_1200s_compact_final_v1\seed3\solutions\cie_ood__cie_ood_n040_f020_m020_proc100__hem__solverseed_3__trainseed_3__trainseed_3.sol,,,,D:\git\git\RDMCT-A3C\cie\models\hem\seed_3\itr_60.pkl,13,False,greedy,
cie_ood,dual_source_cluster_tool,40_to_64_wafers,test,1200.0,[],D:\git\git\RDMCT-A3C\cie\data\ood\spbs\cie_ood_n040_f030_m010_proc100.lp,spbs\cie_ood_n040_f030_m010_proc100.lp,cie_ood_n040_f030_m010_proc100.lp,hem_beam,3,3,trainseed_3,auto,2026-07-25T11:50:40,timelimit,1200.0,1200.0361774000048,1,0.09362490000785328,0.020735740661621094,0.0007314682006835938,0.03234386444091797,0.0,1,0,54841,2.7764350453172204,89451.75,10000.0,136824.0,10000.0,1.9560940968126308,12386.0,1,True,D:\git\git\RDMCT-A3C\cie\results\ood\cie_ood_1200s_compact_final_v1\seed3\solutions\cie_ood__cie_ood_n040_f030_m010_proc100__hem_beam__solverseed_3__trainseed_3__trainseed_3.sol,,,,D:\git\git\RDMCT-A3C\cie\models\hem\seed_3\itr_60.pkl,13,False,beam_search,
cie_ood,dual_source_cluster_tool,40_to_64_wafers,test,1200.0,[],D:\git\git\RDMCT-A3C\cie\data\ood\spbs\cie_ood_n040_f030_m010_proc100.lp,spbs\cie_ood_n040_f030_m010_proc100.lp,cie_ood_n040_f030_m010_proc100.lp,hem_structure,3,3,trainseed_3,auto,2026-07-25T12:10:40,timelimit,1200.0,1200.0199337000086,1,0.07568340000580065,0.057532548904418945,0.0,0.003117799758911133,0.00467991828918457,1,0,45929,2.9093041438623923,90585.48,10000.0,136824.0,10000.0,1.9560940968126308,12386.0,1,True,D:\git\git\RDMCT-A3C\cie\results\ood\cie_ood_1200s_compact_final_v1\seed3\solutions\cie_ood__cie_ood_n040_f030_m010_proc100__hem_structure__solverseed_3__trainseed_3__trainseed_3.sol,,,,D:\git\git\RDMCT-A3C\cie\models\proposed\seed_3\itr_60.pkl,23,True,greedy,
cie_ood,dual_source_cluster_tool,40_to_64_wafers,test,1200.0,[],D:\git\git\RDMCT-A3C\cie\data\ood\spbs\cie_ood_n040_f030_m010_proc100.lp,spbs\cie_ood_n040_f030_m010_proc100.lp,cie_ood_n040_f030_m010_proc100.lp,proposed,3,3,trainseed_3,auto,2026-07-25T12:30:40,timelimit,1200.0,1199.9902265000273,1,0.09556659997906536,0.042784929275512695,0.0,0.005334377288818359,0.0,1,0,42438,2.9093041438623923,90586.54000000001,10000.0,136824.0,10000.0,1.9560940968126308,12386.0,1,True,D:\git\git\RDMCT-A3C\cie\results\ood\cie_ood_1200s_compact_final_v1\seed3\solutions\cie_ood__cie_ood_n040_f030_m010_proc100__proposed__solverseed_3__trainseed_3__trainseed_3.sol,,,,D:\git\git\RDMCT-A3C\cie\models\proposed\seed_3\itr_60.pkl,23,True,beam_search,
cie_ood,dual_source_cluster_tool,40_to_64_wafers,test,1200.0,[],D:\git\git\RDMCT-A3C\cie\data\ood\spbs\cie_ood_n040_f030_m010_proc100.lp,spbs\cie_ood_n040_f030_m010_proc100.lp,cie_ood_n040_f030_m010_proc100.lp,hem,3,3,trainseed_3,auto,2026-07-25T12:50:40,timelimit,1200.0,1200.0025005999778,1,0.08761329998378642,0.02582073211669922,0.0,0.02083110809326172,0.0,1,0,45489,2.827018752391887,89956.52,10000.0,136824.0,10000.0,1.9560940968126308,12386.0,1,True,D:\git\git\RDMCT-A3C\cie\results\ood\cie_ood_1200s_compact_final_v1\seed3\solutions\cie_ood__cie_ood_n040_f030_m010_proc100__hem__solverseed_3__trainseed_3__trainseed_3.sol,,,,D:\git\git\RDMCT-A3C\cie\models\hem\seed_3\itr_60.pkl,13,False,greedy,
cie_ood,dual_source_cluster_tool,40_to_64_wafers,test,1200.0,[],D:\git\git\RDMCT-A3C\cie\data\ood\spbs\cie_ood_n040_f030_m010_proc100.lp,spbs\cie_ood_n040_f030_m010_proc100.lp,cie_ood_n040_f030_m010_proc100.lp,rdmct_feature_only,3,3,trainseed_3,auto,2026-07-25T13:10:40,timelimit,1200.0,1200.0228836000024,1,0.11890799997490831,0.05299782752990723,0.0,0.021001577377319336,0.0,1,0,75107,2.763643206624012,89790.73999999999,10000.0,136824.0,10000.0,1.9560940968126308,12386.0,1,True,D:\git\git\RDMCT-A3C\cie\results\ood\cie_ood_1200s_compact_final_v1\seed3\solutions\cie_ood__cie_ood_n040_f030_m010_proc100__rdmct_feature_only__solverseed_3__trainseed_3__trainseed_3.sol,,,,D:\git\git\RDMCT-A3C\cie\models\feature_only\seed_3\itr_60.pkl,23,False,greedy,
cie_ood,dual_source_cluster_tool,40_to_64_wafers,test,1200.0,[],D:\git\git\RDMCT-A3C\cie\data\ood\spbs\cie_ood_n048_f012_m036_proc100.lp,spbs\cie_ood_n048_f012_m036_proc100.lp,cie_ood_n048_f012_m036_proc100.lp,hem_structure,3,3,trainseed_3,auto,2026-07-25T13:30:40,timelimit,1200.0,1200.064990999992,1,0.07140329998219386,0.027585744857788086,0.00099945068359375,0.004000186920166016,0.003000020980834961,1,0,64324,0.3636527778064751,34201.03276715195,5481.88416678204,193344.01142365608,6967.0,0.3566715886345073,856.483222249982,1,True,D:\git\git\RDMCT-A3C\cie\results\ood\cie_ood_1200s_compact_final_v1\seed3\solutions\cie_ood__cie_ood_n048_f012_m036_proc100__hem_structure__solverseed_3__trainseed_3__trainseed_3.sol,,,,D:\git\git\RDMCT-A3C\cie\models\proposed\seed_3\itr_60.pkl,23,True,greedy,
cie_ood,dual_source_cluster_tool,40_to_64_wafers,test,1200.0,[],D:\git\git\RDMCT-A3C\cie\data\ood\spbs\cie_ood_n048_f012_m036_proc100.lp,spbs\cie_ood_n048_f012_m036_proc100.lp,cie_ood_n048_f012_m036_proc100.lp,proposed,3,3,trainseed_3,auto,2026-07-25T13:50:40,timelimit,1200.0,1199.9719350999803,1,0.08259779997752048,0.03752279281616211,0.0,0.006999015808105469,0.0030002593994140625,1,0,63693,0.3636527778064751,34201.032767151955,5481.88416678204,193344.01142365608,6967.0,0.3566715886345073,856.483222249982,1,True,D:\git\git\RDMCT-A3C\cie\results\ood\cie_ood_1200s_compact_final_v1\seed3\solutions\cie_ood__cie_ood_n048_f012_m036_proc100__proposed__solverseed_3__trainseed_3__trainseed_3.sol,,,,D:\git\git\RDMCT-A3C\cie\models\proposed\seed_3\itr_60.pkl,23,True,beam_search,
cie_ood,dual_source_cluster_tool,40_to_64_wafers,test,1200.0,[],D:\git\git\RDMCT-A3C\cie\data\ood\spbs\cie_ood_n048_f012_m036_proc100.lp,spbs\cie_ood_n048_f012_m036_proc100.lp,cie_ood_n048_f012_m036_proc100.lp,hem,3,3,trainseed_3,auto,2026-07-25T14:10:40,timelimit,1200.0,1200.0083166999975,1,0.036179999995511025,0.02312636375427246,0.0009999275207519531,0.008533477783203125,0.0,1,0,65368,0.3636527778064751,34201.03276715195,5481.88416678204,193344.01142365608,6967.0,0.3566715886345073,856.483222249982,1,True,D:\git\git\RDMCT-A3C\cie\results\ood\cie_ood_1200s_compact_final_v1\seed3\solutions\cie_ood__cie_ood_n048_f012_m036_proc100__hem__solverseed_3__trainseed_3__trainseed_3.sol,,,,D:\git\git\RDMCT-A3C\cie\models\hem\seed_3\itr_60.pkl,13,False,greedy,
cie_ood,dual_source_cluster_tool,40_to_64_wafers,test,1200.0,[],D:\git\git\RDMCT-A3C\cie\data\ood\spbs\cie_ood_n048_f012_m036_proc100.lp,spbs\cie_ood_n048_f012_m036_proc100.lp,cie_ood_n048_f012_m036_proc100.lp,rdmct_feature_only,3,3,trainseed_3,auto,2026-07-25T14:30:40,timelimit,1200.0,1200.0164296000148,1,0.05028719999245368,0.02738332748413086,0.0,0.020083904266357422,0.0010001659393310547,1,0,58383,0.3609444306807435,34004.02021323043,5481.88416678204,193344.01142365608,6967.0,0.3566715886345073,856.483222249982,1,True,D:\git\git\RDMCT-A3C\cie\results\ood\cie_ood_1200s_compact_final_v1\seed3\solutions\cie_ood__cie_ood_n048_f012_m036_proc100__rdmct_feature_only__solverseed_3__trainseed_3__trainseed_3.sol,,,,D:\git\git\RDMCT-A3C\cie\models\feature_only\seed_3\itr_60.pkl,23,False,greedy,
cie_ood,dual_source_cluster_tool,40_to_64_wafers,test,1200.0,[],D:\git\git\RDMCT-A3C\cie\data\ood\spbs\cie_ood_n048_f012_m036_proc100.lp,spbs\cie_ood_n048_f012_m036_proc100.lp,cie_ood_n048_f012_m036_proc100.lp,hem_beam,3,3,trainseed_3,auto,2026-07-25T14:50:40,timelimit,1200.0,1199.9641700999928,1,0.07673990001785569,0.0244293212890625,0.0,0.017017364501953125,0.0,1,0,65642,0.3636527778064751,34201.03276715195,5481.88416678204,193344.01142365608,6967.0,0.3566715886345073,856.483222249982,1,True,D:\git\git\RDMCT-A3C\cie\results\ood\cie_ood_1200s_compact_final_v1\seed3\solutions\cie_ood__cie_ood_n048_f012_m036_proc100__hem_beam__solverseed_3__trainseed_3__trainseed_3.sol,,,,D:\git\git\RDMCT-A3C\cie\models\hem\seed_3\itr_60.pkl,13,False,beam_search,
cie_ood,dual_source_cluster_tool,40_to_64_wafers,test,1200.0,[],D:\git\git\RDMCT-A3C\cie\data\ood\spbs\cie_ood_n048_f024_m024_proc100.lp,spbs\cie_ood_n048_f024_m024_proc100.lp,cie_ood_n048_f024_m024_proc100.lp,proposed,3,3,trainseed_3,auto,2026-07-25T15:10:40,timelimit,1200.0,1200.1059317000036,1,0.10660650001955219,0.061588287353515625,0.0009999275207519531,0.00599980354309082,0.0029976367950439453,1,0,34910,0.4879140479767123,44310.69287089861,5793.93730282132,177142.69756637537,7111.0,0.65446116785656,625.1293538239529,1,True,D:\git\git\RDMCT-A3C\cie\results\ood\cie_ood_1200s_compact_final_v1\seed3\solutions\cie_ood__cie_ood_n048_f024_m024_proc100__proposed__solverseed_3__trainseed_3__trainseed_3.sol,,,,D:\git\git\RDMCT-A3C\cie\models\proposed\seed_3\itr_60.pkl,23,True,beam_search,
cie_ood,dual_source_cluster_tool,40_to_64_wafers,test,1200.0,[],D:\git\git\RDMCT-A3C\cie\data\ood\spbs\cie_ood_n048_f024_m024_proc100.lp,spbs\cie_ood_n048_f024_m024_proc100.lp,cie_ood_n048_f024_m024_proc100.lp,hem,3,3,trainseed_3,auto,2026-07-25T15:30:40,timelimit,1200.0,1199.9670659000112,1,0.045118599984562024,0.029217243194580078,0.0010006427764892578,0.013077497482299805,0.0,1,0,34432,0.4879140479767123,44244.433955771405,5793.93730282132,177142.69756637537,7111.0,0.65446116785656,625.1293538239529,1,True,D:\git\git\RDMCT-A3C\cie\results\ood\cie_ood_1200s_compact_final_v1\seed3\solutions\cie_ood__cie_ood_n048_f024_m024_proc100__hem__solverseed_3__trainseed_3__trainseed_3.sol,,,,D:\git\git\RDMCT-A3C\cie\models\hem\seed_3\itr_60.pkl,13,False,greedy,
cie_ood,dual_source_cluster_tool,40_to_64_wafers,test,1200.0,[],D:\git\git\RDMCT-A3C\cie\data\ood\spbs\cie_ood_n048_f024_m024_proc100.lp,spbs\cie_ood_n048_f024_m024_proc100.lp,cie_ood_n048_f024_m024_proc100.lp,rdmct_feature_only,3,3,trainseed_3,auto,2026-07-25T15:50:40,timelimit,1200.0,1199.9951766000013,1,0.05504279999877326,0.032547712326049805,0.0010004043579101562,0.019496440887451172,0.0,1,0,38706,0.517929605140508,45497.36432429043,5793.93730282132,177142.69756637537,7111.0,0.65446116785656,625.1293538239529,1,True,D:\git\git\RDMCT-A3C\cie\results\ood\cie_ood_1200s_compact_final_v1\seed3\solutions\cie_ood__cie_ood_n048_f024_m024_proc100__rdmct_feature_only__solverseed_3__trainseed_3__trainseed_3.sol,,,,D:\git\git\RDMCT-A3C\cie\models\feature_only\seed_3\itr_60.pkl,23,False,greedy,
cie_ood,dual_source_cluster_tool,40_to_64_wafers,test,1200.0,[],D:\git\git\RDMCT-A3C\cie\data\ood\spbs\cie_ood_n048_f024_m024_proc100.lp,spbs\cie_ood_n048_f024_m024_proc100.lp,cie_ood_n048_f024_m024_proc100.lp,hem_beam,3,3,trainseed_3,auto,2026-07-25T16:10:40,timelimit,1200.0,1199.8779905999836,1,0.05608779998146929,0.028218746185302734,0.0,0.026095867156982422,0.0,1,0,34392,0.4879140479767123,44177.709036291904,5793.93730282132,177142.69756637537,7111.0,0.65446116785656,625.1293538239529,1,True,D:\git\git\RDMCT-A3C\cie\results\ood\cie_ood_1200s_compact_final_v1\seed3\solutions\cie_ood__cie_ood_n048_f024_m024_proc100__hem_beam__solverseed_3__trainseed_3__trainseed_3.sol,,,,D:\git\git\RDMCT-A3C\cie\models\hem\seed_3\itr_60.pkl,13,False,beam_search,
cie_ood,dual_source_cluster_tool,40_to_64_wafers,test,1200.0,[],D:\git\git\RDMCT-A3C\cie\data\ood\spbs\cie_ood_n048_f024_m024_proc100.lp,spbs\cie_ood_n048_f024_m024_proc100.lp,cie_ood_n048_f024_m024_proc100.lp,hem_structure,3,3,trainseed_3,auto,2026-07-25T16:30:40,timelimit,1200.0,1199.9495008999947,1,0.11059589998330921,0.06766223907470703,0.0010018348693847656,0.003997802734375,0.002999544143676758,1,0,34296,0.4879140479767123,44117.49091832399,5793.93730282132,177142.69756637537,7111.0,0.65446116785656,625.1293538239529,1,True,D:\git\git\RDMCT-A3C\cie\results\ood\cie_ood_1200s_compact_final_v1\seed3\solutions\cie_ood__cie_ood_n048_f024_m024_proc100__hem_structure__solverseed_3__trainseed_3__trainseed_3.sol,,,,D:\git\git\RDMCT-A3C\cie\models\proposed\seed_3\itr_60.pkl,23,True,greedy,
cie_ood,dual_source_cluster_tool,40_to_64_wafers,test,1200.0,[],D:\git\git\RDMCT-A3C\cie\data\ood\spbs\cie_ood_n048_f036_m012_proc100.lp,spbs\cie_ood_n048_f036_m012_proc100.lp,cie_ood_n048_f036_m012_proc100.lp,hem,3,3,trainseed_3,auto,2026-07-25T16:50:40,timelimit,1200.0,1200.0387843000062,1,0.07229260000167415,0.02912116050720215,0.0009992122650146484,0.006131887435913086,0.0,1,0,43380,0.5566971924031494,47485.066757410954,4572.01965408805,132814.0786163522,10000.0,0.6269749087174397,1910.000000000001,1,True,D:\git\git\RDMCT-A3C\cie\results\ood\cie_ood_1200s_compact_final_v1\seed3\solutions\cie_ood__cie_ood_n048_f036_m012_proc100__hem__solverseed_3__trainseed_3__trainseed_3.sol,,,,D:\git\git\RDMCT-A3C\cie\models\hem\seed_3\itr_60.pkl,13,False,greedy,
cie_ood,dual_source_cluster_tool,40_to_64_wafers,test,1200.0,[],D:\git\git\RDMCT-A3C\cie\data\ood\spbs\cie_ood_n048_f036_m012_proc100.lp,spbs\cie_ood_n048_f036_m012_proc100.lp,cie_ood_n048_f036_m012_proc100.lp,rdmct_feature_only,3,3,trainseed_3,auto,2026-07-25T17:10:40,timelimit,1200.0,1199.9677980999986,1,0.09145000000717118,0.036286115646362305,0.0009999275207519531,0.018123388290405273,0.0,1,0,45415,0.5451232355823081,46539.160937401386,4572.01965408805,132814.0786163522,10000.0,0.6269749087174397,1910.000000000001,1,True,D:\git\git\RDMCT-A3C\cie\results\ood\cie_ood_1200s_compact_final_v1\seed3\solutions\cie_ood__cie_ood_n048_f036_m012_proc100__rdmct_feature_only__solverseed_3__trainseed_3__trainseed_3.sol,,,,D:\git\git\RDMCT-A3C\cie\models\feature_only\seed_3\itr_60.pkl,23,False,greedy,
cie_ood,dual_source_cluster_tool,40_to_64_wafers,test,1200.0,[],D:\git\git\RDMCT-A3C\cie\data\ood\spbs\cie_ood_n048_f036_m012_proc100.lp,spbs\cie_ood_n048_f036_m012_proc100.lp,cie_ood_n048_f036_m012_proc100.lp,hem_beam,3,3,trainseed_3,auto,2026-07-25T17:30:40,timelimit,1200.0,1199.9011259000108,1,0.1210064000042621,0.03175854682922363,0.0010004043579101562,0.013089179992675781,0.0,1,0,42152,0.5566971924031494,47572.971016449,4572.01965408805,132814.0786163522,10000.0,0.6269749087174397,1910.000000000001,1,True,D:\git\git\RDMCT-A3C\cie\results\ood\cie_ood_1200s_compact_final_v1\seed3\solutions\cie_ood__cie_ood_n048_f036_m012_proc100__hem_beam__solverseed_3__trainseed_3__trainseed_3.sol,,,,D:\git\git\RDMCT-A3C\cie\models\hem\seed_3\itr_60.pkl,13,False,beam_search,
cie_ood,dual_source_cluster_tool,40_to_64_wafers,test,1200.0,[],D:\git\git\RDMCT-A3C\cie\data\ood\spbs\cie_ood_n048_f036_m012_proc100.lp,spbs\cie_ood_n048_f036_m012_proc100.lp,cie_ood_n048_f036_m012_proc100.lp,hem_structure,3,3,trainseed_3,auto,2026-07-25T17:50:40,timelimit,1200.0,1199.9239476000075,1,0.08527979999780655,0.07469701766967773,0.0010521411895751953,0.003996372222900391,0.0030028820037841797,1,0,42679,0.5566971924031494,47684.0597777464,4572.01965408805,132814.0786163522,10000.0,0.6269749087174397,1910.000000000001,1,True,D:\git\git\RDMCT-A3C\cie\results\ood\cie_ood_1200s_compact_final_v1\seed3\solutions\cie_ood__cie_ood_n048_f036_m012_proc100__hem_structure__solverseed_3__trainseed_3__trainseed_3.sol,,,,D:\git\git\RDMCT-A3C\cie\models\proposed\seed_3\itr_60.pkl,23,True,greedy,
cie_ood,dual_source_cluster_tool,40_to_64_wafers,test,1200.0,[],D:\git\git\RDMCT-A3C\cie\data\ood\spbs\cie_ood_n048_f036_m012_proc100.lp,spbs\cie_ood_n048_f036_m012_proc100.lp,cie_ood_n048_f036_m012_proc100.lp,proposed,3,3,trainseed_3,auto,2026-07-25T18:10:40,timelimit,1200.0,1200.043445999996,1,0.07905139998183586,0.03333282470703125,0.00099945068359375,0.006119728088378906,0.002997159957885742,1,0,42197,0.5566971924031494,47821.74510012622,4572.01965408805,132814.0786163522,10000.0,0.6269749087174397,1910.000000000001,1,True,D:\git\git\RDMCT-A3C\cie\results\ood\cie_ood_1200s_compact_final_v1\seed3\solutions\cie_ood__cie_ood_n048_f036_m012_proc100__proposed__solverseed_3__trainseed_3__trainseed_3.sol,,,,D:\git\git\RDMCT-A3C\cie\models\proposed\seed_3\itr_60.pkl,23,True,beam_search,
cie_ood,dual_source_cluster_tool,40_to_64_wafers,test,1200.0,[],D:\git\git\RDMCT-A3C\cie\data\ood\spbs\cie_ood_n064_f016_m048_proc100.lp,spbs\cie_ood_n064_f016_m048_proc100.lp,cie_ood_n064_f016_m048_proc100.lp,rdmct_feature_only,3,3,trainseed_3,auto,2026-07-25T18:30:40,timelimit,1200.0,1200.0380988999968,1,0.10426180000649765,0.047270774841308594,0.0,0.021364212036132812,0.0,1,0,13865,0.4334517319667658,38872.94783826138,7663.23295909433,372846.9931427325,10000.0,0.521245559780668,1017.3445844004609,1,True,D:\git\git\RDMCT-A3C\cie\results\ood\cie_ood_1200s_compact_final_v1\seed3\solutions\cie_ood__cie_ood_n064_f016_m048_proc100__rdmct_feature_only__solverseed_3__trainseed_3__trainseed_3.sol,,,,D:\git\git\RDMCT-A3C\cie\models\feature_only\seed_3\itr_60.pkl,23,False,greedy,
cie_ood,dual_source_cluster_tool,40_to_64_wafers,test,1200.0,[],D:\git\git\RDMCT-A3C\cie\data\ood\spbs\cie_ood_n064_f016_m048_proc100.lp,spbs\cie_ood_n064_f016_m048_proc100.lp,cie_ood_n064_f016_m048_proc100.lp,hem_beam,3,3,trainseed_3,auto,2026-07-25T18:50:40,timelimit,1200.0,1200.0330170000088,1,0.06553429999621585,0.044321537017822266,0.0,0.012558698654174805,0.0,1,0,17709,0.42970764162207553,38391.4539283547,7663.23295909433,372846.9931427325,10000.0,0.521245559780668,1017.3445844004609,1,True,D:\git\git\RDMCT-A3C\cie\results\ood\cie_ood_1200s_compact_final_v1\seed3\solutions\cie_ood__cie_ood_n064_f016_m048_proc100__hem_beam__solverseed_3__trainseed_3__trainseed_3.sol,,,,D:\git\git\RDMCT-A3C\cie\models\hem\seed_3\itr_60.pkl,13,False,beam_search,
cie_ood,dual_source_cluster_tool,40_to_64_wafers,test,1200.0,[],D:\git\git\RDMCT-A3C\cie\data\ood\spbs\cie_ood_n064_f016_m048_proc100.lp,spbs\cie_ood_n064_f016_m048_proc100.lp,cie_ood_n064_f016_m048_proc100.lp,hem_structure,3,3,trainseed_3,auto,2026-07-25T19:10:40,timelimit,1200.0,1199.9695629999915,1,0.0876183999935165,0.044594764709472656,0.0,0.004000186920166016,0.003000020980834961,1,0,17842,0.42970764162207553,38391.49307632288,7663.23295909433,372846.9931427325,10000.0,0.521245559780668,1017.3445844004609,1,True,D:\git\git\RDMCT-A3C\cie\results\ood\cie_ood_1200s_compact_final_v1\seed3\solutions\cie_ood__cie_ood_n064_f016_m048_proc100__hem_structure__solverseed_3__trainseed_3__trainseed_3.sol,,,,D:\git\git\RDMCT-A3C\cie\models\proposed\seed_3\itr_60.pkl,23,True,greedy,
cie_ood,dual_source_cluster_tool,40_to_64_wafers,test,1200.0,[],D:\git\git\RDMCT-A3C\cie\data\ood\spbs\cie_ood_n064_f016_m048_proc100.lp,spbs\cie_ood_n064_f016_m048_proc100.lp,cie_ood_n064_f016_m048_proc100.lp,proposed,3,3,trainseed_3,auto,2026-07-25T19:30:40,timelimit,1200.0,1199.8996159999806,1,0.06495339999673888,0.047551631927490234,0.0,0.0070002079010009766,0.0029997825622558594,1,0,17798,0.42970764162207553,38391.49307632288,7663.23295909433,372846.9931427325,10000.0,0.521245559780668,1017.3445844004609,1,True,D:\git\git\RDMCT-A3C\cie\results\ood\cie_ood_1200s_compact_final_v1\seed3\solutions\cie_ood__cie_ood_n064_f016_m048_proc100__proposed__solverseed_3__trainseed_3__trainseed_3.sol,,,,D:\git\git\RDMCT-A3C\cie\models\proposed\seed_3\itr_60.pkl,23,True,beam_search,
cie_ood,dual_source_cluster_tool,40_to_64_wafers,test,1200.0,[],D:\git\git\RDMCT-A3C\cie\data\ood\spbs\cie_ood_n064_f016_m048_proc100.lp,spbs\cie_ood_n064_f016_m048_proc100.lp,cie_ood_n064_f016_m048_proc100.lp,hem,3,3,trainseed_3,auto,2026-07-25T19:50:40,timelimit,1200.0,1200.02611050001,1,0.08442629998899065,0.04239153861999512,0.0,0.006997346878051758,0.0,1,0,17795,0.42970764162207553,38392.4456768818,7663.23295909433,372846.9931427325,10000.0,0.521245559780668,1017.3445844004609,1,True,D:\git\git\RDMCT-A3C\cie\results\ood\cie_ood_1200s_compact_final_v1\seed3\solutions\cie_ood__cie_ood_n064_f016_m048_proc100__hem__solverseed_3__trainseed_3__trainseed_3.sol,,,,D:\git\git\RDMCT-A3C\cie\models\hem\seed_3\itr_60.pkl,13,False,greedy,
cie_ood,dual_source_cluster_tool,40_to_64_wafers,test,1200.0,[],D:\git\git\RDMCT-A3C\cie\data\ood\spbs\cie_ood_n064_f032_m032_proc100.lp,spbs\cie_ood_n064_f032_m032_proc100.lp,cie_ood_n064_f032_m032_proc100.lp,hem_beam,3,3,trainseed_3,auto,2026-07-25T20:10:40,timelimit,1200.0,1199.963858300005,1,0.09305069997208193,0.04438328742980957,0.0,0.013196945190429688,0.0,1,0,7656,1.3630798210501531,89235.50219210843,10036.0,228592.0,10000.0,1.1819901313876666,2296.0,1,True,D:\git\git\RDMCT-A3C\cie\results\ood\cie_ood_1200s_compact_final_v1\seed3\solutions\cie_ood__cie_ood_n064_f032_m032_proc100__hem_beam__solverseed_3__trainseed_3__trainseed_3.sol,,,,D:\git\git\RDMCT-A3C\cie\models\hem\seed_3\itr_60.pkl,13,False,beam_search,
cie_ood,dual_source_cluster_tool,40_to_64_wafers,test,1200.0,[],D:\git\git\RDMCT-A3C\cie\data\ood\spbs\cie_ood_n064_f032_m032_proc100.lp,spbs\cie_ood_n064_f032_m032_proc100.lp,cie_ood_n064_f032_m032_proc100.lp,hem_structure,3,3,trainseed_3,auto,2026-07-25T20:30:40,timelimit,1200.0,1199.9968592000077,1,0.6246261000051163,0.6150095462799072,0.0009996891021728516,0.004339933395385742,0.002998828887939453,1,0,7646,1.3630798210501531,89319.82861697888,10036.0,228592.0,10000.0,1.1819901313876666,2296.0,1,True,D:\git\git\RDMCT-A3C\cie\results\ood\cie_ood_1200s_compact_final_v1\seed3\solutions\cie_ood__cie_ood_n064_f032_m032_proc100__hem_structure__solverseed_3__trainseed_3__trainseed_3.sol,,,,D:\git\git\RDMCT-A3C\cie\models\proposed\seed_3\itr_60.pkl,23,True,greedy,
cie_ood,dual_source_cluster_tool,40_to_64_wafers,test,1200.0,[],D:\git\git\RDMCT-A3C\cie\data\ood\spbs\cie_ood_n064_f032_m032_proc100.lp,spbs\cie_ood_n064_f032_m032_proc100.lp,cie_ood_n064_f032_m032_proc100.lp,proposed,3,3,trainseed_3,auto,2026-07-25T20:50:40,timelimit,1200.0,1200.1859459000407,1,0.060156899970024824,0.04942727088928223,0.0,0.006999492645263672,0.0029993057250976562,1,0,7848,1.3630798210501531,87714.65723395777,10036.0,228592.0,10000.0,1.1819901313876666,2296.0,1,True,D:\git\git\RDMCT-A3C\cie\results\ood\cie_ood_1200s_compact_final_v1\seed3\solutions\cie_ood__cie_ood_n064_f032_m032_proc100__proposed__solverseed_3__trainseed_3__trainseed_3.sol,,,,D:\git\git\RDMCT-A3C\cie\models\proposed\seed_3\itr_60.pkl,23,True,beam_search,
cie_ood,dual_source_cluster_tool,40_to_64_wafers,test,1200.0,[],D:\git\git\RDMCT-A3C\cie\data\ood\spbs\cie_ood_n064_f032_m032_proc100.lp,spbs\cie_ood_n064_f032_m032_proc100.lp,cie_ood_n064_f032_m032_proc100.lp,hem,3,3,trainseed_3,auto,2026-07-25T21:10:40,timelimit,1200.0,1200.8304414000013,1,0.08427900000242516,0.04126334190368652,0.0009999275207519531,0.006128787994384766,0.0,1,0,7738,1.3630798210501531,88141.29135113592,10036.0,228592.0,10000.0,1.1819901313876666,2296.0,1,True,D:\git\git\RDMCT-A3C\cie\results\ood\cie_ood_1200s_compact_final_v1\seed3\solutions\cie_ood__cie_ood_n064_f032_m032_proc100__hem__solverseed_3__trainseed_3__trainseed_3.sol,,,,D:\git\git\RDMCT-A3C\cie\models\hem\seed_3\itr_60.pkl,13,False,greedy,
cie_ood,dual_source_cluster_tool,40_to_64_wafers,test,1200.0,[],D:\git\git\RDMCT-A3C\cie\data\ood\spbs\cie_ood_n064_f032_m032_proc100.lp,spbs\cie_ood_n064_f032_m032_proc100.lp,cie_ood_n064_f032_m032_proc100.lp,rdmct_feature_only,3,3,trainseed_3,auto,2026-07-25T21:30:41,timelimit,1200.0,1201.0871027000248,1,0.14134349999949336,0.08494710922241211,0.00099945068359375,0.019387483596801758,0.0,1,0,23831,1.324762566597174,87158.85811080111,10036.0,228592.0,10000.0,1.1819901313876666,2296.0,1,True,D:\git\git\RDMCT-A3C\cie\results\ood\cie_ood_1200s_compact_final_v1\seed3\solutions\cie_ood__cie_ood_n064_f032_m032_proc100__rdmct_feature_only__solverseed_3__trainseed_3__trainseed_3.sol,,,,D:\git\git\RDMCT-A3C\cie\models\feature_only\seed_3\itr_60.pkl,23,False,greedy,
cie_ood,dual_source_cluster_tool,40_to_64_wafers,test,1200.0,[],D:\git\git\RDMCT-A3C\cie\data\ood\spbs\cie_ood_n064_f048_m016_proc100.lp,spbs\cie_ood_n064_f048_m016_proc100.lp,cie_ood_n064_f048_m016_proc100.lp,hem_structure,3,3,trainseed_3,auto,2026-07-25T21:50:42,timelimit,1200.0,1201.1296222999808,1,0.07203549996484071,0.06207561492919922,0.0009992122650146484,0.003999948501586914,0.003000020980834961,1,0,7495,1.4741176470588235,96899.48644793151,10515.0,177698.0,10000.0,1.007545954453836,4141.0,1,True,D:\git\git\RDMCT-A3C\cie\results\ood\cie_ood_1200s_compact_final_v1\seed3\solutions\cie_ood__cie_ood_n064_f048_m016_proc100__hem_structure__solverseed_3__trainseed_3__trainseed_3.sol,,,,D:\git\git\RDMCT-A3C\cie\models\proposed\seed_3\itr_60.pkl,23,True,greedy,
cie_ood,dual_source_cluster_tool,40_to_64_wafers,test,1200.0,[],D:\git\git\RDMCT-A3C\cie\data\ood\spbs\cie_ood_n064_f048_m016_proc100.lp,spbs\cie_ood_n064_f048_m016_proc100.lp,cie_ood_n064_f048_m016_proc100.lp,proposed,3,3,trainseed_3,auto,2026-07-25T22:10:43,timelimit,1200.0,1200.6550078999717,1,0.13058820000151172,0.05974221229553223,0.000997781753540039,0.0065686702728271484,0.002838134765625,1,0,7980,1.4741176470588235,95359.87636709462,10515.0,177698.0,10000.0,1.007545954453836,4141.0,1,True,D:\git\git\RDMCT-A3C\cie\results\ood\cie_ood_1200s_compact_final_v1\seed3\solutions\cie_ood__cie_ood_n064_f048_m016_proc100__proposed__solverseed_3__trainseed_3__trainseed_3.sol,,,,D:\git\git\RDMCT-A3C\cie\models\proposed\seed_3\itr_60.pkl,23,True,beam_search,
cie_ood,dual_source_cluster_tool,40_to_64_wafers,test,1200.0,[],D:\git\git\RDMCT-A3C\cie\data\ood\spbs\cie_ood_n064_f048_m016_proc100.lp,spbs\cie_ood_n064_f048_m016_proc100.lp,cie_ood_n064_f048_m016_proc100.lp,hem,3,3,trainseed_3,auto,2026-07-25T22:30:44,timelimit,1200.0,1200.962968799984,1,0.065161700011231,0.05713605880737305,0.0010073184967041016,0.005997896194458008,0.0,1,0,6915,1.4741176470588235,98883.64241559677,10515.0,177698.0,10000.0,1.007545954453836,4141.0,1,True,D:\git\git\RDMCT-A3C\cie\results\ood\cie_ood_1200s_compact_final_v1\seed3\solutions\cie_ood__cie_ood_n064_f048_m016_proc100__hem__solverseed_3__trainseed_3__trainseed_3.sol,,,,D:\git\git\RDMCT-A3C\cie\models\hem\seed_3\itr_60.pkl,13,False,greedy,
cie_ood,dual_source_cluster_tool,40_to_64_wafers,test,1200.0,[],D:\git\git\RDMCT-A3C\cie\data\ood\spbs\cie_ood_n064_f048_m016_proc100.lp,spbs\cie_ood_n064_f048_m016_proc100.lp,cie_ood_n064_f048_m016_proc100.lp,rdmct_feature_only,3,3,trainseed_3,auto,2026-07-25T22:50:45,timelimit,1200.0,1200.9407221999718,1,0.19617229996947572,0.14062023162841797,0.0,0.020183324813842773,0.0,1,0,6633,1.539855072463768,97358.61150737041,10515.0,177698.0,10000.0,1.007545954453836,4141.0,1,True,D:\git\git\RDMCT-A3C\cie\results\ood\cie_ood_1200s_compact_final_v1\seed3\solutions\cie_ood__cie_ood_n064_f048_m016_proc100__rdmct_feature_only__solverseed_3__trainseed_3__trainseed_3.sol,,,,D:\git\git\RDMCT-A3C\cie\models\feature_only\seed_3\itr_60.pkl,23,False,greedy,
cie_ood,dual_source_cluster_tool,40_to_64_wafers,test,1200.0,[],D:\git\git\RDMCT-A3C\cie\data\ood\spbs\cie_ood_n064_f048_m016_proc100.lp,spbs\cie_ood_n064_f048_m016_proc100.lp,cie_ood_n064_f048_m016_proc100.lp,hem_beam,3,3,trainseed_3,auto,2026-07-25T23:10:46,timelimit,1200.0,1201.2167989000445,1,0.13225860003149137,0.11893892288208008,0.0,0.012000083923339844,0.0,1,0,7045,1.4741176470588235,98360.45649072753,10515.0,177698.0,10000.0,1.007545954453836,4141.0,1,True,D:\git\git\RDMCT-A3C\cie\results\ood\cie_ood_1200s_compact_final_v1\seed3\solutions\cie_ood__cie_ood_n064_f048_m016_proc100__hem_beam__solverseed_3__trainseed_3__trainseed_3.sol,,,,D:\git\git\RDMCT-A3C\cie\models\hem\seed_3\itr_60.pkl,13,False,beam_search,
cie_ood,dual_source_cluster_tool,40_to_64_wafers,test,1200.0,[],D:\git\git\RDMCT-A3C\cie\data\ood\spbs\cie_ood_n040_f010_m030_proc100.lp,spbs\cie_ood_n040_f010_m030_proc100.lp,cie_ood_n040_f010_m030_proc100.lp,hem,3,4,trainseed_4,auto,2026-07-25T23:30:57,timelimit,1200.0,1199.466084500018,1,0.3910242000129074,0.019212722778320312,0.00099945068359375,0.3681068420410156,0.0,1,0,75620,0.23168103448275862,41866.19618006252,4572.0,230719.0,10000.0,0.25898113656966215,237.0,14,True,D:\git\git\RDMCT-A3C\cie\results\ood\cie_ood_1200s_compact_final_v1\seed3\solutions\cie_ood__cie_ood_n040_f010_m030_proc100__hem__solverseed_3__trainseed_4__trainseed_4.sol,,,,D:\git\git\RDMCT-A3C\cie\models\hem\seed_4\itr_60.pkl,13,False,greedy,
cie_ood,dual_source_cluster_tool,40_to_64_wafers,test,1200.0,[],D:\git\git\RDMCT-A3C\cie\data\ood\spbs\cie_ood_n040_f010_m030_proc100.lp,spbs\cie_ood_n040_f010_m030_proc100.lp,cie_ood_n040_f010_m030_proc100.lp,rdmct_feature_only,3,4,trainseed_4,auto,2026-07-25T23:50:57,timelimit,1200.0,1199.955454799987,1,0.08413100003963336,0.022338390350341797,0.0010013580322265625,0.02422189712524414,0.0010294914245605469,1,0,55866,0.825255788906839,55901.106357869896,6779.0,183432.0,8411.0,0.42056630316764676,136.0,1,True,D:\git\git\RDMCT-A3C\cie\results\ood\cie_ood_1200s_compact_final_v1\seed3\solutions\cie_ood__cie_ood_n040_f010_m030_proc100__rdmct_feature_only__solverseed_3__trainseed_4__trainseed_4.sol,,,,D:\git\git\RDMCT-A3C\cie\models\feature_only\seed_4\itr_60.pkl,23,False,greedy,
cie_ood,dual_source_cluster_tool,40_to_64_wafers,test,1200.0,[],D:\git\git\RDMCT-A3C\cie\data\ood\spbs\cie_ood_n040_f010_m030_proc100.lp,spbs\cie_ood_n040_f010_m030_proc100.lp,cie_ood_n040_f010_m030_proc100.lp,hem_beam,3,4,trainseed_4,auto,2026-07-26T00:10:57,timelimit,1200.0,1200.0388983000303,1,0.18104960001073778,0.019115686416625977,0.0039997100830078125,0.1222381591796875,0.0,1,0,75362,0.23168103448275862,41838.27535017203,4572.0,230719.0,10000.0,0.25898113656966215,237.0,14,True,D:\git\git\RDMCT-A3C\cie\results\ood\cie_ood_1200s_compact_final_v1\seed3\solutions\cie_ood__cie_ood_n040_f010_m030_proc100__hem_beam__solverseed_3__trainseed_4__trainseed_4.sol,,,,D:\git\git\RDMCT-A3C\cie\models\hem\seed_4\itr_60.pkl,13,False,beam_search,
cie_ood,dual_source_cluster_tool,40_to_64_wafers,test,1200.0,[],D:\git\git\RDMCT-A3C\cie\data\ood\spbs\cie_ood_n040_f010_m030_proc100.lp,spbs\cie_ood_n040_f010_m030_proc100.lp,cie_ood_n040_f010_m030_proc100.lp,hem_structure,3,4,trainseed_4,auto,2026-07-26T00:30:57,timelimit,1200.0,1199.9853994000005,1,0.0607989999698475,0.04412698745727539,0.0010004043579101562,0.0040013790130615234,0.003998517990112305,1,0,75403,0.23168103448275862,41758.71563450424,4572.0,230719.0,10000.0,0.25898113656966215,237.0,14,True,D:\git\git\RDMCT-A3C\cie\results\ood\cie_ood_1200s_compact_final_v1\seed3\solutions\cie_ood__cie_ood_n040_f010_m030_proc100__hem_structure__solverseed_3__trainseed_4__trainseed_4.sol,,,,D:\git\git\RDMCT-A3C\cie\models\proposed\seed_4\itr_60.pkl,23,True,greedy,
cie_ood,dual_source_cluster_tool,40_to_64_wafers,test,1200.0,[],D:\git\git\RDMCT-A3C\cie\data\ood\spbs\cie_ood_n040_f010_m030_proc100.lp,spbs\cie_ood_n040_f010_m030_proc100.lp,cie_ood_n040_f010_m030_proc100.lp,proposed,3,4,trainseed_4,auto,2026-07-26T00:50:57,timelimit,1200.0,1200.0506064000074,1,0.0682216000277549,0.022543907165527344,0.0009996891021728516,0.00600123405456543,0.0031478404998779297,1,0,74926,0.23168103448275862,42018.91817280572,4572.0,230719.0,10000.0,0.25898113656966215,237.0,14,True,D:\git\git\RDMCT-A3C\cie\results\ood\cie_ood_1200s_compact_final_v1\seed3\solutions\cie_ood__cie_ood_n040_f010_m030_proc100__proposed__solverseed_3__trainseed_4__trainseed_4.sol,,,,D:\git\git\RDMCT-A3C\cie\models\proposed\seed_4\itr_60.pkl,23,True,beam_search,
cie_ood,dual_source_cluster_tool,40_to_64_wafers,test,1200.0,[],D:\git\git\RDMCT-A3C\cie\data\ood\spbs\cie_ood_n040_f020_m020_proc100.lp,spbs\cie_ood_n040_f020_m020_proc100.lp,cie_ood_n040_f020_m020_proc100.lp,rdmct_feature_only,3,4,trainseed_4,auto,2026-07-26T01:10:57,timelimit,1200.0,1200.040061399981,1,0.07273060001898557,0.04000043869018555,0.0009996891021728516,0.01999974250793457,0.0,1,0,72677,2.5226395226395226,87134.97409326425,10036.0,195008.0,10000.0,0.6899849978632568,73.0,1,True,D:\git\git\RDMCT-A3C\cie\results\ood\cie_ood_1200s_compact_final_v1\seed3\solutions\cie_ood__cie_ood_n040_f020_m020_proc100__rdmct_feature_only__solverseed_3__trainseed_4__trainseed_4.sol,,,,D:\git\git\RDMCT-A3C\cie\models\feature_only\seed_4\itr_60.pkl,23,False,greedy,
cie_ood,dual_source_cluster_tool,40_to_64_wafers,test,1200.0,[],D:\git\git\RDMCT-A3C\cie\data\ood\spbs\cie_ood_n040_f020_m020_proc100.lp,spbs\cie_ood_n040_f020_m020_proc100.lp,cie_ood_n040_f020_m020_proc100.lp,hem_beam,3,4,trainseed_4,auto,2026-07-26T01:30:57,timelimit,1200.0,1199.908681699948,1,0.10287420003442094,0.020105600357055664,0.0,0.03844881057739258,0.0,1,0,63383,2.5275922671353253,87173.07692307692,10036.0,195008.0,10000.0,0.6899849978632568,73.0,1,True,D:\git\git\RDMCT-A3C\cie\results\ood\cie_ood_1200s_compact_final_v1\seed3\solutions\cie_ood__cie_ood_n040_f020_m020_proc100__hem_beam__solverseed_3__trainseed_4__trainseed_4.sol,,,,D:\git\git\RDMCT-A3C\cie\models\hem\seed_4\itr_60.pkl,13,False,beam_search,
cie_ood,dual_source_cluster_tool,40_to_64_wafers,test,1200.0,[],D:\git\git\RDMCT-A3C\cie\data\ood\spbs\cie_ood_n040_f020_m020_proc100.lp,spbs\cie_ood_n040_f020_m020_proc100.lp,cie_ood_n040_f020_m020_proc100.lp,hem_structure,3,4,trainseed_4,auto,2026-07-26T01:50:57,timelimit,1200.0,1200.0181306999875,1,0.09248120000120252,0.04085731506347656,0.001001119613647461,0.003998517990112305,0.003119230270385742,1,0,82173,2.5189340813464236,87162.684336389,10036.0,195008.0,10000.0,0.6899849978632568,73.0,1,True,D:\git\git\RDMCT-A3C\cie\results\ood\cie_ood_1200s_compact_final_v1\seed3\solutions\cie_ood__cie_ood_n040_f020_m020_proc100__hem_structure__solverseed_3__trainseed_4__trainseed_4.sol,,,,D:\git\git\RDMCT-A3C\cie\models\proposed\seed_4\itr_60.pkl,23,True,greedy,
cie_ood,dual_source_cluster_tool,40_to_64_wafers,test,1200.0,[],D:\git\git\RDMCT-A3C\cie\data\ood\spbs\cie_ood_n040_f020_m020_proc100.lp,spbs\cie_ood_n040_f020_m020_proc100.lp,cie_ood_n040_f020_m020_proc100.lp,proposed,3,4,trainseed_4,auto,2026-07-26T02:10:57,timelimit,1200.0,1200.001777300029,1,0.18139479996170849,0.12099981307983398,0.000997304916381836,0.0071489810943603516,0.002999544143676758,1,0,82482,2.5189340813464236,87134.93423674771,10036.0,195008.0,10000.0,0.6899849978632568,73.0,1,True,D:\git\git\RDMCT-A3C\cie\results\ood\cie_ood_1200s_compact_final_v1\seed3\solutions\cie_ood__cie_ood_n040_f020_m020_proc100__proposed__solverseed_3__trainseed_4__trainseed_4.sol,,,,D:\git\git\RDMCT-A3C\cie\models\proposed\seed_4\itr_60.pkl,23,True,beam_search,
cie_ood,dual_source_cluster_tool,40_to_64_wafers,test,1200.0,[],D:\git\git\RDMCT-A3C\cie\data\ood\spbs\cie_ood_n040_f020_m020_proc100.lp,spbs\cie_ood_n040_f020_m020_proc100.lp,cie_ood_n040_f020_m020_proc100.lp,hem,3,4,trainseed_4,auto,2026-07-26T02:30:57,timelimit,1200.0,1199.9504510000115,1,0.04925849998835474,0.018125057220458984,0.0019996166229248047,0.018074512481689453,0.0,1,0,64821,2.5275922671353253,87145.47628537266,10036.0,195008.0,10000.0,0.6899849978632568,73.0,1,True,D:\git\git\RDMCT-A3C\cie\results\ood\cie_ood_1200s_compact_final_v1\seed3\solutions\cie_ood__cie_ood_n040_f020_m020_proc100__hem__solverseed_3__trainseed_4__trainseed_4.sol,,,,D:\git\git\RDMCT-A3C\cie\models\hem\seed_4\itr_60.pkl,13,False,greedy,
cie_ood,dual_source_cluster_tool,40_to_64_wafers,test,1200.0,[],D:\git\git\RDMCT-A3C\cie\data\ood\spbs\cie_ood_n040_f030_m010_proc100.lp,spbs\cie_ood_n040_f030_m010_proc100.lp,cie_ood_n040_f030_m010_proc100.lp,hem_beam,3,4,trainseed_4,auto,2026-07-26T02:50:57,timelimit,1200.0,1200.0508451000205,1,0.08123800001339987,0.024151325225830078,0.0009999275207519531,0.038332223892211914,0.0,1,0,69389,0.29827844311377244,44728.85840038474,3469.0,136240.942,10000.0,0.5097873435821091,668.0,6,True,D:\git\git\RDMCT-A3C\cie\results\ood\cie_ood_1200s_compact_final_v1\seed3\solutions\cie_ood__cie_ood_n040_f030_m010_proc100__hem_beam__solverseed_3__trainseed_4__trainseed_4.sol,,,,D:\git\git\RDMCT-A3C\cie\models\hem\seed_4\itr_60.pkl,13,False,beam_search,
cie_ood,dual_source_cluster_tool,40_to_64_wafers,test,1200.0,[],D:\git\git\RDMCT-A3C\cie\data\ood\spbs\cie_ood_n040_f030_m010_proc100.lp,spbs\cie_ood_n040_f030_m010_proc100.lp,cie_ood_n040_f030_m010_proc100.lp,hem_structure,3,4,trainseed_4,auto,2026-07-26T03:10:57,timelimit,1200.0,1199.961684799986,1,0.07697180000832304,0.05700087547302246,0.0030002593994140625,0.003998994827270508,0.0029990673065185547,1,0,43054,2.9093041438623923,90535.38,10000.0,136824.0,10000.0,1.9560940968126308,12386.0,1,True,D:\git\git\RDMCT-A3C\cie\results\ood\cie_ood_1200s_compact_final_v1\seed3\solutions\cie_ood__cie_ood_n040_f030_m010_proc100__hem_structure__solverseed_3__trainseed_4__trainseed_4.sol,,,,D:\git\git\RDMCT-A3C\cie\models\proposed\seed_4\itr_60.pkl,23,True,greedy,
cie_ood,dual_source_cluster_tool,40_to_64_wafers,test,1200.0,[],D:\git\git\RDMCT-A3C\cie\data\ood\spbs\cie_ood_n040_f030_m010_proc100.lp,spbs\cie_ood_n040_f030_m010_proc100.lp,cie_ood_n040_f030_m010_proc100.lp,proposed,3,4,trainseed_4,auto,2026-07-26T03:30:57,timelimit,1200.0,1200.1030784999602,1,0.061684300017077476,0.04041337966918945,0.0010004043579101562,0.00699925422668457,0.0029981136322021484,1,0,43098,2.9093041438623923,90560.20999999999,10000.0,136824.0,10000.0,1.9560940968126308,12386.0,1,True,D:\git\git\RDMCT-A3C\cie\results\ood\cie_ood_1200s_compact_final_v1\seed3\solutions\cie_ood__cie_ood_n040_f030_m010_proc100__proposed__solverseed_3__trainseed_4__trainseed_4.sol,,,,D:\git\git\RDMCT-A3C\cie\models\proposed\seed_4\itr_60.pkl,23,True,beam_search,
cie_ood,dual_source_cluster_tool,40_to_64_wafers,test,1200.0,[],D:\git\git\RDMCT-A3C\cie\data\ood\spbs\cie_ood_n040_f030_m010_proc100.lp,spbs\cie_ood_n040_f030_m010_proc100.lp,cie_ood_n040_f030_m010_proc100.lp,hem,3,4,trainseed_4,auto,2026-07-26T03:50:57,timelimit,1200.0,1199.9041756999795,1,0.053442000003997236,0.023089885711669922,0.002000093460083008,0.018268108367919922,0.0,1,0,69740,0.29827844311377244,44573.743052216516,3469.0,136240.942,10000.0,0.5097873435821091,668.0,6,True,D:\git\git\RDMCT-A3C\cie\results\ood\cie_ood_1200s_compact_final_v1\seed3\solutions\cie_ood__cie_ood_n040_f030_m010_proc100__hem__solverseed_3__trainseed_4__trainseed_4.sol,,,,D:\git\git\RDMCT-A3C\cie\models\hem\seed_4\itr_60.pkl,13,False,greedy,
cie_ood,dual_source_cluster_tool,40_to_64_wafers,test,1200.0,[],D:\git\git\RDMCT-A3C\cie\data\ood\spbs\cie_ood_n040_f030_m010_proc100.lp,spbs\cie_ood_n040_f030_m010_proc100.lp,cie_ood_n040_f030_m010_proc100.lp,rdmct_feature_only,3,4,trainseed_4,auto,2026-07-26T04:10:57,timelimit,1200.0,1200.0198401000234,1,0.08079769997857511,0.04960346221923828,0.0,0.01948690414428711,0.0,1,0,65655,2.7425149700598803,89498.62,10000.0,136824.0,10000.0,1.9560940968126308,12386.0,1,True,D:\git\git\RDMCT-A3C\cie\results\ood\cie_ood_1200s_compact_final_v1\seed3\solutions\cie_ood__cie_ood_n040_f030_m010_proc100__rdmct_feature_only__solverseed_3__trainseed_4__trainseed_4.sol,,,,D:\git\git\RDMCT-A3C\cie\models\feature_only\seed_4\itr_60.pkl,23,False,greedy,
cie_ood,dual_source_cluster_tool,40_to_64_wafers,test,1200.0,[],D:\git\git\RDMCT-A3C\cie\data\ood\spbs\cie_ood_n048_f012_m036_proc100.lp,spbs\cie_ood_n048_f012_m036_proc100.lp,cie_ood_n048_f012_m036_proc100.lp,hem_structure,3,4,trainseed_4,auto,2026-07-26T04:30:57,timelimit,1200.0,1200.0318755999906,1,0.03563990001566708,0.02737593650817871,0.0,0.003996610641479492,0.003000974655151367,1,0,64388,0.3636527778064751,34127.70031652559,5481.88416678204,193344.01142365608,6967.0,0.3566715886345073,856.483222249982,1,True,D:\git\git\RDMCT-A3C\cie\results\ood\cie_ood_1200s_compact_final_v1\seed3\solutions\cie_ood__cie_ood_n048_f012_m036_proc100__hem_structure__solverseed_3__trainseed_4__trainseed_4.sol,,,,D:\git\git\RDMCT-A3C\cie\models\proposed\seed_4\itr_60.pkl,23,True,greedy,
cie_ood,dual_source_cluster_tool,40_to_64_wafers,test,1200.0,[],D:\git\git\RDMCT-A3C\cie\data\ood\spbs\cie_ood_n048_f012_m036_proc100.lp,spbs\cie_ood_n048_f012_m036_proc100.lp,cie_ood_n048_f012_m036_proc100.lp,proposed,3,4,trainseed_4,auto,2026-07-26T04:50:57,timelimit,1200.0,1200.0193407000042,1,0.0562509999726899,0.0382993221282959,0.0,0.007175922393798828,0.003000020980834961,1,0,64010,0.3636527778064751,34274.36521777832,5481.88416678204,193344.01142365608,6967.0,0.3566715886345073,856.483222249982,1,True,D:\git\git\RDMCT-A3C\cie\results\ood\cie_ood_1200s_compact_final_v1\seed3\solutions\cie_ood__cie_ood_n048_f012_m036_proc100__proposed__solverseed_3__trainseed_4__trainseed_4.sol,,,,D:\git\git\RDMCT-A3C\cie\models\proposed\seed_4\itr_60.pkl,23,True,beam_search,
cie_ood,dual_source_cluster_tool,40_to_64_wafers,test,1200.0,[],D:\git\git\RDMCT-A3C\cie\data\ood\spbs\cie_ood_n048_f012_m036_proc100.lp,spbs\cie_ood_n048_f012_m036_proc100.lp,cie_ood_n048_f012_m036_proc100.lp,hem,3,4,trainseed_4,auto,2026-07-26T05:10:57,timelimit,1200.0,1199.9727668999694,1,0.083195400016848,0.025530576705932617,0.0,0.010307073593139648,0.0,1,0,65898,0.3636527778064751,34201.03276715195,5481.88416678204,193344.01142365608,6967.0,0.3566715886345073,856.483222249982,1,True,D:\git\git\RDMCT-A3C\cie\results\ood\cie_ood_1200s_compact_final_v1\seed3\solutions\cie_ood__cie_ood_n048_f012_m036_proc100__hem__solverseed_3__trainseed_4__trainseed_4.sol,,,,D:\git\git\RDMCT-A3C\cie\models\hem\seed_4\itr_60.pkl,13,False,greedy,
cie_ood,dual_source_cluster_tool,40_to_64_wafers,test,1200.0,[],D:\git\git\RDMCT-A3C\cie\data\ood\spbs\cie_ood_n048_f012_m036_proc100.lp,spbs\cie_ood_n048_f012_m036_proc100.lp,cie_ood_n048_f012_m036_proc100.lp,rdmct_feature_only,3,4,trainseed_4,auto,2026-07-26T05:30:57,timelimit,1200.0,1200.0579504999914,1,0.08423219999531284,0.027289628982543945,0.0009982585906982422,0.020111799240112305,0.0,1,0,56767,0.3636527778064763,34201.03276715201,5481.88416678204,193344.01142365608,6967.0,0.3566715886345073,856.483222249982,1,True,D:\git\git\RDMCT-A3C\cie\results\ood\cie_ood_1200s_compact_final_v1\seed3\solutions\cie_ood__cie_ood_n048_f012_m036_proc100__rdmct_feature_only__solverseed_3__trainseed_4__trainseed_4.sol,,,,D:\git\git\RDMCT-A3C\cie\models\feature_only\seed_4\itr_60.pkl,23,False,greedy,
cie_ood,dual_source_cluster_tool,40_to_64_wafers,test,1200.0,[],D:\git\git\RDMCT-A3C\cie\data\ood\spbs\cie_ood_n048_f012_m036_proc100.lp,spbs\cie_ood_n048_f012_m036_proc100.lp,cie_ood_n048_f012_m036_proc100.lp,hem_beam,3,4,trainseed_4,auto,2026-07-26T05:50:57,timelimit,1200.0,1200.0095903999754,1,0.043914099980611354,0.024105072021484375,0.0009992122650146484,0.01643657684326172,0.0,1,0,65235,0.3636527778064751,34201.03276715195,5481.88416678204,193344.01142365608,6967.0,0.3566715886345073,856.483222249982,1,True,D:\git\git\RDMCT-A3C\cie\results\ood\cie_ood_1200s_compact_final_v1\seed3\solutions\cie_ood__cie_ood_n048_f012_m036_proc100__hem_beam__solverseed_3__trainseed_4__trainseed_4.sol,,,,D:\git\git\RDMCT-A3C\cie\models\hem\seed_4\itr_60.pkl,13,False,beam_search,
cie_ood,dual_source_cluster_tool,40_to_64_wafers,test,1200.0,[],D:\git\git\RDMCT-A3C\cie\data\ood\spbs\cie_ood_n048_f024_m024_proc100.lp,spbs\cie_ood_n048_f024_m024_proc100.lp,cie_ood_n048_f024_m024_proc100.lp,proposed,3,4,trainseed_4,auto,2026-07-26T06:10:57,timelimit,1200.0,1200.008694100019,1,0.06916549999732524,0.05741715431213379,0.0010006427764892578,0.0061533451080322266,0.002999544143676758,1,0,34035,0.4879140479767123,44248.59347610109,5793.93730282132,177142.69756637537,7111.0,0.65446116785656,625.1293538239529,1,True,D:\git\git\RDMCT-A3C\cie\results\ood\cie_ood_1200s_compact_final_v1\seed3\solutions\cie_ood__cie_ood_n048_f024_m024_proc100__proposed__solverseed_3__trainseed_4__trainseed_4.sol,,,,D:\git\git\RDMCT-A3C\cie\models\proposed\seed_4\itr_60.pkl,23,True,beam_search,
cie_ood,dual_source_cluster_tool,40_to_64_wafers,test,1200.0,[],D:\git\git\RDMCT-A3C\cie\data\ood\spbs\cie_ood_n048_f024_m024_proc100.lp,spbs\cie_ood_n048_f024_m024_proc100.lp,cie_ood_n048_f024_m024_proc100.lp,hem,3,4,trainseed_4,auto,2026-07-26T06:30:57,timelimit,1200.0,1200.0337838999694,1,0.07678439997835085,0.02738165855407715,0.0009999275207519531,0.012113571166992188,0.0,1,0,34567,0.4879140479767123,44244.72736591914,5793.93730282132,177142.69756637537,7111.0,0.65446116785656,625.1293538239529,1,True,D:\git\git\RDMCT-A3C\cie\results\ood\cie_ood_1200s_compact_final_v1\seed3\solutions\cie_ood__cie_ood_n048_f024_m024_proc100__hem__solverseed_3__trainseed_4__trainseed_4.sol,,,,D:\git\git\RDMCT-A3C\cie\models\hem\seed_4\itr_60.pkl,13,False,greedy,
cie_ood,dual_source_cluster_tool,40_to_64_wafers,test,1200.0,[],D:\git\git\RDMCT-A3C\cie\data\ood\spbs\cie_ood_n048_f024_m024_proc100.lp,spbs\cie_ood_n048_f024_m024_proc100.lp,cie_ood_n048_f024_m024_proc100.lp,rdmct_feature_only,3,4,trainseed_4,auto,2026-07-26T06:50:57,timelimit,1200.0,1199.9860879000043,1,0.08798189996741712,0.03209805488586426,0.0010831356048583984,0.019090652465820312,0.0,1,0,40816,0.49328281000549457,44457.8984679603,5793.93730282132,177142.69756637537,7111.0,0.65446116785656,625.1293538239529,1,True,D:\git\git\RDMCT-A3C\cie\results\ood\cie_ood_1200s_compact_final_v1\seed3\solutions\cie_ood__cie_ood_n048_f024_m024_proc100__rdmct_feature_only__solverseed_3__trainseed_4__trainseed_4.sol,,,,D:\git\git\RDMCT-A3C\cie\models\feature_only\seed_4\itr_60.pkl,23,False,greedy,
cie_ood,dual_source_cluster_tool,40_to_64_wafers,test,1200.0,[],D:\git\git\RDMCT-A3C\cie\data\ood\spbs\cie_ood_n048_f024_m024_proc100.lp,spbs\cie_ood_n048_f024_m024_proc100.lp,cie_ood_n048_f024_m024_proc100.lp,hem_beam,3,4,trainseed_4,auto,2026-07-26T07:10:57,timelimit,1200.0,1200.037822399987,1,0.09006649994989857,0.029171466827392578,0.0,0.026200056076049805,0.0,1,0,34703,0.4879140479767123,44112.33035160791,5793.93730282132,177142.69756637537,7111.0,0.65446116785656,625.1293538239529,1,True,D:\git\git\RDMCT-A3C\cie\results\ood\cie_ood_1200s_compact_final_v1\seed3\solutions\cie_ood__cie_ood_n048_f024_m024_proc100__hem_beam__solverseed_3__trainseed_4__trainseed_4.sol,,,,D:\git\git\RDMCT-A3C\cie\models\hem\seed_4\itr_60.pkl,13,False,beam_search,
cie_ood,dual_source_cluster_tool,40_to_64_wafers,test,1200.0,[],D:\git\git\RDMCT-A3C\cie\data\ood\spbs\cie_ood_n048_f024_m024_proc100.lp,spbs\cie_ood_n048_f024_m024_proc100.lp,cie_ood_n048_f024_m024_proc100.lp,hem_structure,3,4,trainseed_4,auto,2026-07-26T07:30:57,timelimit,1200.0,1200.018842199992,1,0.11247479997109622,0.06999778747558594,0.0,0.004000186920166016,0.0029997825622558594,1,0,33990,0.4879140479767123,44182.800565326164,5793.93730282132,177142.69756637537,7111.0,0.65446116785656,625.1293538239529,1,True,D:\git\git\RDMCT-A3C\cie\results\ood\cie_ood_1200s_compact_final_v1\seed3\solutions\cie_ood__cie_ood_n048_f024_m024_proc100__hem_structure__solverseed_3__trainseed_4__trainseed_4.sol,,,,D:\git\git\RDMCT-A3C\cie\models\proposed\seed_4\itr_60.pkl,23,True,greedy,
cie_ood,dual_source_cluster_tool,40_to_64_wafers,test,1200.0,[],D:\git\git\RDMCT-A3C\cie\data\ood\spbs\cie_ood_n048_f036_m012_proc100.lp,spbs\cie_ood_n048_f036_m012_proc100.lp,cie_ood_n048_f036_m012_proc100.lp,hem,3,4,trainseed_4,auto,2026-07-26T07:50:57,timelimit,1200.0,1195.7464510999853,1,0.07107899995753542,0.027446985244750977,0.0010039806365966797,0.006001710891723633,0.0,1,0,43012,0.5566971924031494,47490.66603342831,4572.01965408805,132814.0786163522,10000.0,0.6269749087174397,1910.000000000001,1,True,D:\git\git\RDMCT-A3C\cie\results\ood\cie_ood_1200s_compact_final_v1\seed3\solutions\cie_ood__cie_ood_n048_f036_m012_proc100__hem__solverseed_3__trainseed_4__trainseed_4.sol,,,,D:\git\git\RDMCT-A3C\cie\models\hem\seed_4\itr_60.pkl,13,False,greedy,
cie_ood,dual_source_cluster_tool,40_to_64_wafers,test,1200.0,[],D:\git\git\RDMCT-A3C\cie\data\ood\spbs\cie_ood_n048_f036_m012_proc100.lp,spbs\cie_ood_n048_f036_m012_proc100.lp,cie_ood_n048_f036_m012_proc100.lp,rdmct_feature_only,3,4,trainseed_4,auto,2026-07-26T08:10:57,timelimit,1200.0,1200.0139243000303,1,0.055107299995142967,0.03210592269897461,0.0010001659393310547,0.020172834396362305,0.0,1,0,47956,0.5749292642397691,49079.438731180155,4572.01965408805,132814.0786163522,10000.0,0.6269749087174397,1910.000000000001,1,True,D:\git\git\RDMCT-A3C\cie\results\ood\cie_ood_1200s_compact_final_v1\seed3\solutions\cie_ood__cie_ood_n048_f036_m012_proc100__rdmct_feature_only__solverseed_3__trainseed_4__trainseed_4.sol,,,,D:\git\git\RDMCT-A3C\cie\models\feature_only\seed_4\itr_60.pkl,23,False,greedy,
cie_ood,dual_source_cluster_tool,40_to_64_wafers,test,1200.0,[],D:\git\git\RDMCT-A3C\cie\data\ood\spbs\cie_ood_n048_f036_m012_proc100.lp,spbs\cie_ood_n048_f036_m012_proc100.lp,cie_ood_n048_f036_m012_proc100.lp,hem_beam,3,4,trainseed_4,auto,2026-07-26T08:30:57,timelimit,1200.0,1199.958538100007,1,0.08133539999835193,0.02926039695739746,0.004000425338745117,0.01213383674621582,0.0,1,0,41503,0.5566971924031494,47774.30435918232,4572.01965408805,132814.0786163522,10000.0,0.6269749087174397,1910.000000000001,1,True,D:\git\git\RDMCT-A3C\cie\results\ood\cie_ood_1200s_compact_final_v1\seed3\solutions\cie_ood__cie_ood_n048_f036_m012_proc100__hem_beam__solverseed_3__trainseed_4__trainseed_4.sol,,,,D:\git\git\RDMCT-A3C\cie\models\hem\seed_4\itr_60.pkl,13,False,beam_search,
cie_ood,dual_source_cluster_tool,40_to_64_wafers,test,1200.0,[],D:\git\git\RDMCT-A3C\cie\data\ood\spbs\cie_ood_n048_f036_m012_proc100.lp,spbs\cie_ood_n048_f036_m012_proc100.lp,cie_ood_n048_f036_m012_proc100.lp,hem_structure,3,4,trainseed_4,auto,2026-07-26T08:50:57,timelimit,1200.0,1199.9397562000086,1,0.08191080001415685,0.07258439064025879,0.0010004043579101562,0.00400090217590332,0.002998828887939453,1,0,42765,0.5566971924031494,47682.9880413212,4572.01965408805,132814.0786163522,10000.0,0.6269749087174397,1910.000000000001,1,True,D:\git\git\RDMCT-A3C\cie\results\ood\cie_ood_1200s_compact_final_v1\seed3\solutions\cie_ood__cie_ood_n048_f036_m012_proc100__hem_structure__solverseed_3__trainseed_4__trainseed_4.sol,,,,D:\git\git\RDMCT-A3C\cie\models\proposed\seed_4\itr_60.pkl,23,True,greedy,
cie_ood,dual_source_cluster_tool,40_to_64_wafers,test,1200.0,[],D:\git\git\RDMCT-A3C\cie\data\ood\spbs\cie_ood_n048_f036_m012_proc100.lp,spbs\cie_ood_n048_f036_m012_proc100.lp,cie_ood_n048_f036_m012_proc100.lp,proposed,3,4,trainseed_4,auto,2026-07-26T09:10:57,timelimit,1200.0,1199.9782425000449,1,0.07893620000686496,0.03332376480102539,0.00099945068359375,0.006241321563720703,0.0029985904693603516,1,0,42583,0.5566971924031494,47752.60716461508,4572.01965408805,132814.0786163522,10000.0,0.6269749087174397,1910.000000000001,1,True,D:\git\git\RDMCT-A3C\cie\results\ood\cie_ood_1200s_compact_final_v1\seed3\solutions\cie_ood__cie_ood_n048_f036_m012_proc100__proposed__solverseed_3__trainseed_4__trainseed_4.sol,,,,D:\git\git\RDMCT-A3C\cie\models\proposed\seed_4\itr_60.pkl,23,True,beam_search,
cie_ood,dual_source_cluster_tool,40_to_64_wafers,test,1200.0,[],D:\git\git\RDMCT-A3C\cie\data\ood\spbs\cie_ood_n064_f016_m048_proc100.lp,spbs\cie_ood_n064_f016_m048_proc100.lp,cie_ood_n064_f016_m048_proc100.lp,rdmct_feature_only,3,4,trainseed_4,auto,2026-07-26T09:30:57,timelimit,1200.0,1200.0805882000132,1,0.07474310003453866,0.04531049728393555,0.0011441707611083984,0.020169973373413086,0.0,1,0,14591,0.4524702348548768,39696.45144746735,7663.23295909433,372846.9931427325,10000.0,0.521245559780668,1017.3445844004609,1,True,D:\git\git\RDMCT-A3C\cie\results\ood\cie_ood_1200s_compact_final_v1\seed3\solutions\cie_ood__cie_ood_n064_f016_m048_proc100__rdmct_feature_only__solverseed_3__trainseed_4__trainseed_4.sol,,,,D:\git\git\RDMCT-A3C\cie\models\feature_only\seed_4\itr_60.pkl,23,False,greedy,
cie_ood,dual_source_cluster_tool,40_to_64_wafers,test,1200.0,[],D:\git\git\RDMCT-A3C\cie\data\ood\spbs\cie_ood_n064_f016_m048_proc100.lp,spbs\cie_ood_n064_f016_m048_proc100.lp,cie_ood_n064_f016_m048_proc100.lp,hem_beam,3,4,trainseed_4,auto,2026-07-26T09:50:57,timelimit,1200.0,1199.9692070999881,1,0.05903619999298826,0.041455984115600586,0.0010025501251220703,0.015110492706298828,0.0,1,0,17750,0.42970764162207553,38390.59267305485,7663.23295909433,372846.9931427325,10000.0,0.521245559780668,1017.3445844004609,1,True,D:\git\git\RDMCT-A3C\cie\results\ood\cie_ood_1200s_compact_final_v1\seed3\solutions\cie_ood__cie_ood_n064_f016_m048_proc100__hem_beam__solverseed_3__trainseed_4__trainseed_4.sol,,,,D:\git\git\RDMCT-A3C\cie\models\hem\seed_4\itr_60.pkl,13,False,beam_search,
cie_ood,dual_source_cluster_tool,40_to_64_wafers,test,1200.0,[],D:\git\git\RDMCT-A3C\cie\data\ood\spbs\cie_ood_n064_f016_m048_proc100.lp,spbs\cie_ood_n064_f016_m048_proc100.lp,cie_ood_n064_f016_m048_proc100.lp,hem_structure,3,4,trainseed_4,auto,2026-07-26T10:10:57,timelimit,1200.0,1199.9995633999933,1,0.08812719996785745,0.04558730125427246,0.0,0.004000186920166016,0.003000020980834961,1,0,17730,0.42970764162207553,38598.88596239114,7663.23295909433,372846.9931427325,10000.0,0.521245559780668,1017.3445844004609,1,True,D:\git\git\RDMCT-A3C\cie\results\ood\cie_ood_1200s_compact_final_v1\seed3\solutions\cie_ood__cie_ood_n064_f016_m048_proc100__hem_structure__solverseed_3__trainseed_4__trainseed_4.sol,,,,D:\git\git\RDMCT-A3C\cie\models\proposed\seed_4\itr_60.pkl,23,True,greedy,
cie_ood,dual_source_cluster_tool,40_to_64_wafers,test,1200.0,[],D:\git\git\RDMCT-A3C\cie\data\ood\spbs\cie_ood_n064_f016_m048_proc100.lp,spbs\cie_ood_n064_f016_m048_proc100.lp,cie_ood_n064_f016_m048_proc100.lp,proposed,3,4,trainseed_4,auto,2026-07-26T10:30:57,timelimit,1200.0,1200.0017924999702,1,0.08821020001778379,0.04540562629699707,0.0,0.007000446319580078,0.002999544143676758,1,0,17808,0.42970764162207553,38461.30695290157,7663.23295909433,372846.9931427325,10000.0,0.521245559780668,1017.3445844004609,1,True,D:\git\git\RDMCT-A3C\cie\results\ood\cie_ood_1200s_compact_final_v1\seed3\solutions\cie_ood__cie_ood_n064_f016_m048_proc100__proposed__solverseed_3__trainseed_4__trainseed_4.sol,,,,D:\git\git\RDMCT-A3C\cie\models\proposed\seed_4\itr_60.pkl,23,True,beam_search,
cie_ood,dual_source_cluster_tool,40_to_64_wafers,test,1200.0,[],D:\git\git\RDMCT-A3C\cie\data\ood\spbs\cie_ood_n064_f016_m048_proc100.lp,spbs\cie_ood_n064_f016_m048_proc100.lp,cie_ood_n064_f016_m048_proc100.lp,hem,3,4,trainseed_4,auto,2026-07-26T10:50:57,timelimit,1200.0,1200.0301563999965,1,0.052548900013789535,0.04242873191833496,0.0010001659393310547,0.008142948150634766,0.0,1,0,17808,0.42970764162207553,38389.731417755,7663.23295909433,372846.9931427325,10000.0,0.521245559780668,1017.3445844004609,1,True,D:\git\git\RDMCT-A3C\cie\results\ood\cie_ood_1200s_compact_final_v1\seed3\solutions\cie_ood__cie_ood_n064_f016_m048_proc100__hem__solverseed_3__trainseed_4__trainseed_4.sol,,,,D:\git\git\RDMCT-A3C\cie\models\hem\seed_4\itr_60.pkl,13,False,greedy,
cie_ood,dual_source_cluster_tool,40_to_64_wafers,test,1200.0,[],D:\git\git\RDMCT-A3C\cie\data\ood\spbs\cie_ood_n064_f032_m032_proc100.lp,spbs\cie_ood_n064_f032_m032_proc100.lp,cie_ood_n064_f032_m032_proc100.lp,hem_beam,3,4,trainseed_4,auto,2026-07-26T11:10:57,timelimit,1200.0,1199.9888022000086,1,0.08872370002791286,0.04150032997131348,0.0020003318786621094,0.011999845504760742,0.0,1,0,7727,1.3630798210501531,88726.83339976089,10036.0,228592.0,10000.0,1.1819901313876666,2296.0,1,True,D:\git\git\RDMCT-A3C\cie\results\ood\cie_ood_1200s_compact_final_v1\seed3\solutions\cie_ood__cie_ood_n064_f032_m032_proc100__hem_beam__solverseed_3__trainseed_4__trainseed_4.sol,,,,D:\git\git\RDMCT-A3C\cie\models\hem\seed_4\itr_60.pkl,13,False,beam_search,
cie_ood,dual_source_cluster_tool,40_to_64_wafers,test,1200.0,[],D:\git\git\RDMCT-A3C\cie\data\ood\spbs\cie_ood_n064_f032_m032_proc100.lp,spbs\cie_ood_n064_f032_m032_proc100.lp,cie_ood_n064_f032_m032_proc100.lp,hem_structure,3,4,trainseed_4,auto,2026-07-26T11:30:57,timelimit,1200.0,1201.047426300007,1,0.5528488999698311,0.5092329978942871,0.0009999275207519531,0.004000425338745117,0.002999544143676758,1,0,7755,1.3630798210501531,88473.84416102033,10036.0,228592.0,10000.0,1.1819901313876666,2296.0,1,True,D:\git\git\RDMCT-A3C\cie\results\ood\cie_ood_1200s_compact_final_v1\seed3\solutions\cie_ood__cie_ood_n064_f032_m032_proc100__hem_structure__solverseed_3__trainseed_4__trainseed_4.sol,,,,D:\git\git\RDMCT-A3C\cie\models\proposed\seed_4\itr_60.pkl,23,True,greedy,
cie_ood,dual_source_cluster_tool,40_to_64_wafers,test,1200.0,[],D:\git\git\RDMCT-A3C\cie\data\ood\spbs\cie_ood_n064_f032_m032_proc100.lp,spbs\cie_ood_n064_f032_m032_proc100.lp,cie_ood_n064_f032_m032_proc100.lp,proposed,3,4,trainseed_4,auto,2026-07-26T11:50:58,timelimit,1200.0,1200.9991948999814,1,0.09283010003855452,0.0461580753326416,0.0019910335540771484,0.006051301956176758,0.0029578208923339844,1,0,7612,1.3630798210501531,88859.6452770028,10036.0,228592.0,10000.0,1.1819901313876666,2296.0,1,True,D:\git\git\RDMCT-A3C\cie\results\ood\cie_ood_1200s_compact_final_v1\seed3\solutions\cie_ood__cie_ood_n064_f032_m032_proc100__proposed__solverseed_3__trainseed_4__trainseed_4.sol,,,,D:\git\git\RDMCT-A3C\cie\models\proposed\seed_4\itr_60.pkl,23,True,beam_search,
cie_ood,dual_source_cluster_tool,40_to_64_wafers,test,1200.0,[],D:\git\git\RDMCT-A3C\cie\data\ood\spbs\cie_ood_n064_f032_m032_proc100.lp,spbs\cie_ood_n064_f032_m032_proc100.lp,cie_ood_n064_f032_m032_proc100.lp,hem,3,4,trainseed_4,auto,2026-07-26T12:10:59,timelimit,1200.0,1201.0245014000102,1,0.05828509997809306,0.043282508850097656,0.0,0.007111072540283203,0.0,1,0,7603,1.3630798210501531,89489.33838182544,10036.0,228592.0,10000.0,1.1819901313876666,2296.0,1,True,D:\git\git\RDMCT-A3C\cie\results\ood\cie_ood_1200s_compact_final_v1\seed3\solutions\cie_ood__cie_ood_n064_f032_m032_proc100__hem__solverseed_3__trainseed_4__trainseed_4.sol,,,,D:\git\git\RDMCT-A3C\cie\models\hem\seed_4\itr_60.pkl,13,False,greedy,
cie_ood,dual_source_cluster_tool,40_to_64_wafers,test,1200.0,[],D:\git\git\RDMCT-A3C\cie\data\ood\spbs\cie_ood_n064_f032_m032_proc100.lp,spbs\cie_ood_n064_f032_m032_proc100.lp,cie_ood_n064_f032_m032_proc100.lp,rdmct_feature_only,3,4,trainseed_4,auto,2026-07-26T12:31:00,timelimit,1200.0,1200.8204779999796,1,0.1673124999506399,0.09273552894592285,0.0010004043579101562,0.02100062370300293,0.0,1,0,23716,1.324762566597174,87202.37146273415,10036.0,228592.0,10000.0,1.1819901313876666,2296.0,1,True,D:\git\git\RDMCT-A3C\cie\results\ood\cie_ood_1200s_compact_final_v1\seed3\solutions\cie_ood__cie_ood_n064_f032_m032_proc100__rdmct_feature_only__solverseed_3__trainseed_4__trainseed_4.sol,,,,D:\git\git\RDMCT-A3C\cie\models\feature_only\seed_4\itr_60.pkl,23,False,greedy,
cie_ood,dual_source_cluster_tool,40_to_64_wafers,test,1200.0,[],D:\git\git\RDMCT-A3C\cie\data\ood\spbs\cie_ood_n064_f048_m016_proc100.lp,spbs\cie_ood_n064_f048_m016_proc100.lp,cie_ood_n064_f048_m016_proc100.lp,hem_structure,3,4,trainseed_4,auto,2026-07-26T12:51:01,timelimit,1200.0,1201.6776847,1,0.10528610000619665,0.06247687339782715,0.0009989738464355469,0.005234956741333008,0.002998828887939453,1,0,7475,1.4741176470588235,96904.6600095102,10515.0,177698.0,10000.0,1.007545954453836,4141.0,1,True,D:\git\git\RDMCT-A3C\cie\results\ood\cie_ood_1200s_compact_final_v1\seed3\solutions\cie_ood__cie_ood_n064_f048_m016_proc100__hem_structure__solverseed_3__trainseed_4__trainseed_4.sol,,,,D:\git\git\RDMCT-A3C\cie\models\proposed\seed_4\itr_60.pkl,23,True,greedy,
cie_ood,dual_source_cluster_tool,40_to_64_wafers,test,1200.0,[],D:\git\git\RDMCT-A3C\cie\data\ood\spbs\cie_ood_n064_f048_m016_proc100.lp,spbs\cie_ood_n064_f048_m016_proc100.lp,cie_ood_n064_f048_m016_proc100.lp,proposed,3,4,trainseed_4,auto,2026-07-26T13:11:03,timelimit,1200.0,1201.7192758999881,1,0.13919529999839142,0.06154894828796387,0.0010004043579101562,0.03821730613708496,0.0030975341796875,1,0,7640,1.4741176470588235,96449.19638611506,10515.0,177698.0,10000.0,1.007545954453836,4141.0,1,True,D:\git\git\RDMCT-A3C\cie\results\ood\cie_ood_1200s_compact_final_v1\seed3\solutions\cie_ood__cie_ood_n064_f048_m016_proc100__proposed__solverseed_3__trainseed_4__trainseed_4.sol,,,,D:\git\git\RDMCT-A3C\cie\models\proposed\seed_4\itr_60.pkl,23,True,beam_search,
cie_ood,dual_source_cluster_tool,40_to_64_wafers,test,1200.0,[],D:\git\git\RDMCT-A3C\cie\data\ood\spbs\cie_ood_n064_f048_m016_proc100.lp,spbs\cie_ood_n064_f048_m016_proc100.lp,cie_ood_n064_f048_m016_proc100.lp,hem,3,4,trainseed_4,auto,2026-07-26T13:31:04,timelimit,1200.0,1200.571117000014,1,0.10246620001271367,0.05859827995300293,8.487701416015625e-05,0.009001016616821289,0.0,1,0,7336,1.4741176470588235,97507.52258678076,10515.0,177698.0,10000.0,1.007545954453836,4141.0,1,True,D:\git\git\RDMCT-A3C\cie\results\ood\cie_ood_1200s_compact_final_v1\seed3\solutions\cie_ood__cie_ood_n064_f048_m016_proc100__hem__solverseed_3__trainseed_4__trainseed_4.sol,,,,D:\git\git\RDMCT-A3C\cie\models\hem\seed_4\itr_60.pkl,13,False,greedy,
cie_ood,dual_source_cluster_tool,40_to_64_wafers,test,1200.0,[],D:\git\git\RDMCT-A3C\cie\data\ood\spbs\cie_ood_n064_f048_m016_proc100.lp,spbs\cie_ood_n064_f048_m016_proc100.lp,cie_ood_n064_f048_m016_proc100.lp,rdmct_feature_only,3,4,trainseed_4,auto,2026-07-26T13:51:05,timelimit,1200.0,1200.9733388000168,1,0.19843079999554902,0.14147329330444336,0.0010001659393310547,0.020160436630249023,0.0,1,0,7330,1.5873523622047243,98641.63575844032,10515.0,177698.0,10000.0,1.007545954453836,4141.0,1,True,D:\git\git\RDMCT-A3C\cie\results\ood\cie_ood_1200s_compact_final_v1\seed3\solutions\cie_ood__cie_ood_n064_f048_m016_proc100__rdmct_feature_only__solverseed_3__trainseed_4__trainseed_4.sol,,,,D:\git\git\RDMCT-A3C\cie\models\feature_only\seed_4\itr_60.pkl,23,False,greedy,
cie_ood,dual_source_cluster_tool,40_to_64_wafers,test,1200.0,[],D:\git\git\RDMCT-A3C\cie\data\ood\spbs\cie_ood_n064_f048_m016_proc100.lp,spbs\cie_ood_n064_f048_m016_proc100.lp,cie_ood_n064_f048_m016_proc100.lp,hem_beam,3,4,trainseed_4,auto,2026-07-26T14:11:06,timelimit,1200.0,1201.2123790999758,1,0.07484059996204451,0.05846738815307617,0.0,0.014129877090454102,0.0,1,0,7100,1.4741176470588235,98236.5002377556,10515.0,177698.0,10000.0,1.007545954453836,4141.0,1,True,D:\git\git\RDMCT-A3C\cie\results\ood\cie_ood_1200s_compact_final_v1\seed3\solutions\cie_ood__cie_ood_n064_f048_m016_proc100__hem_beam__solverseed_3__trainseed_4__trainseed_4.sol,,,,D:\git\git\RDMCT-A3C\cie\models\hem\seed_4\itr_60.pkl,13,False,beam_search,
cie_ood,dual_source_cluster_tool,40_to_64_wafers,test,1200.0,[],D:\git\git\RDMCT-A3C\cie\data\ood\spbs\cie_ood_n040_f010_m030_proc100.lp,spbs\cie_ood_n040_f010_m030_proc100.lp,cie_ood_n040_f010_m030_proc100.lp,hem,3,5,trainseed_5,auto,2026-07-26T14:31:14,timelimit,1200.0,1199.4952555999625,1,0.3380323000019416,0.019163131713867188,0.0009996891021728516,0.28244924545288086,0.0,1,0,75091,0.33082302313071543,40580.25437219449,4948.0,232633.36,10000.0,0.20709518379778022,126.0,3,True,D:\git\git\RDMCT-A3C\cie\results\ood\cie_ood_1200s_compact_final_v1\seed3\solutions\cie_ood__cie_ood_n040_f010_m030_proc100__hem__solverseed_3__trainseed_5__trainseed_5.sol,,,,D:\git\git\RDMCT-A3C\cie\models\hem\seed_5\itr_60.pkl,13,False,greedy,
cie_ood,dual_source_cluster_tool,40_to_64_wafers,test,1200.0,[],D:\git\git\RDMCT-A3C\cie\data\ood\spbs\cie_ood_n040_f010_m030_proc100.lp,spbs\cie_ood_n040_f010_m030_proc100.lp,cie_ood_n040_f010_m030_proc100.lp,rdmct_feature_only,3,5,trainseed_5,auto,2026-07-26T14:51:14,timelimit,1200.0,1200.0166533999727,1,0.04847400001017377,0.023162841796875,0.0009996891021728516,0.022247314453125,0.0,1,0,51511,0.826239224137931,55988.6708954123,6779.0,183432.0,8411.0,0.42056630316764676,136.0,1,True,D:\git\git\RDMCT-A3C\cie\results\ood\cie_ood_1200s_compact_final_v1\seed3\solutions\cie_ood__cie_ood_n040_f010_m030_proc100__rdmct_feature_only__solverseed_3__trainseed_5__trainseed_5.sol,,,,D:\git\git\RDMCT-A3C\cie\models\feature_only\seed_5\itr_60.pkl,23,False,greedy,
cie_ood,dual_source_cluster_tool,40_to_64_wafers,test,1200.0,[],D:\git\git\RDMCT-A3C\cie\data\ood\spbs\cie_ood_n040_f010_m030_proc100.lp,spbs\cie_ood_n040_f010_m030_proc100.lp,cie_ood_n040_f010_m030_proc100.lp,hem_beam,3,5,trainseed_5,auto,2026-07-26T15:11:14,timelimit,1200.0,1199.9997213000315,1,0.1737258000066504,0.019116640090942383,0.000997781753540039,0.11716079711914062,0.0,1,0,54801,0.3173491379310345,50827.39724684278,4890.0,231726.28,10000.0,0.21324633434792747,126.0,4,True,D:\git\git\RDMCT-A3C\cie\results\ood\cie_ood_1200s_compact_final_v1\seed3\solutions\cie_ood__cie_ood_n040_f010_m030_proc100__hem_beam__solverseed_3__trainseed_5__trainseed_5.sol,,,,D:\git\git\RDMCT-A3C\cie\models\hem\seed_5\itr_60.pkl,13,False,beam_search,
cie_ood,dual_source_cluster_tool,40_to_64_wafers,test,1200.0,[],D:\git\git\RDMCT-A3C\cie\data\ood\spbs\cie_ood_n040_f010_m030_proc100.lp,spbs\cie_ood_n040_f010_m030_proc100.lp,cie_ood_n040_f010_m030_proc100.lp,hem_structure,3,5,trainseed_5,auto,2026-07-26T15:31:14,timelimit,1200.0,1200.0076104000327,1,0.05794970004353672,0.04546356201171875,0.0,0.0049991607666015625,0.002999544143676758,1,0,74421,0.23168103448275862,42024.348986059165,4572.0,230719.0,10000.0,0.25898113656966215,237.0,14,True,D:\git\git\RDMCT-A3C\cie\results\ood\cie_ood_1200s_compact_final_v1\seed3\solutions\cie_ood__cie_ood_n040_f010_m030_proc100__hem_structure__solverseed_3__trainseed_5__trainseed_5.sol,,,,D:\git\git\RDMCT-A3C\cie\models\proposed\seed_5\itr_60.pkl,23,True,greedy,
cie_ood,dual_source_cluster_tool,40_to_64_wafers,test,1200.0,[],D:\git\git\RDMCT-A3C\cie\data\ood\spbs\cie_ood_n040_f010_m030_proc100.lp,spbs\cie_ood_n040_f010_m030_proc100.lp,cie_ood_n040_f010_m030_proc100.lp,proposed,3,5,trainseed_5,auto,2026-07-26T15:51:14,timelimit,1200.0,1200.005452100013,1,0.044317099964246154,0.023000717163085938,0.0,0.009999513626098633,0.0029993057250976562,1,0,74930,0.23168103448275862,41891.83471955353,4572.0,230719.0,10000.0,0.25898113656966215,237.0,14,True,D:\git\git\RDMCT-A3C\cie\results\ood\cie_ood_1200s_compact_final_v1\seed3\solutions\cie_ood__cie_ood_n040_f010_m030_proc100__proposed__solverseed_3__trainseed_5__trainseed_5.sol,,,,D:\git\git\RDMCT-A3C\cie\models\proposed\seed_5\itr_60.pkl,23,True,beam_search,
cie_ood,dual_source_cluster_tool,40_to_64_wafers,test,1200.0,[],D:\git\git\RDMCT-A3C\cie\data\ood\spbs\cie_ood_n040_f020_m020_proc100.lp,spbs\cie_ood_n040_f020_m020_proc100.lp,cie_ood_n040_f020_m020_proc100.lp,rdmct_feature_only,3,5,trainseed_5,auto,2026-07-26T16:11:14,timelimit,1200.0,1199.9564960999996,1,0.11085759999696165,0.04128575325012207,0.0009999275207519531,0.020143508911132812,0.0,1,0,65800,2.460689655172414,86542.09844559585,10036.0,195008.0,10000.0,0.6899849978632568,73.0,1,True,D:\git\git\RDMCT-A3C\cie\results\ood\cie_ood_1200s_compact_final_v1\seed3\solutions\cie_ood__cie_ood_n040_f020_m020_proc100__rdmct_feature_only__solverseed_3__trainseed_5__trainseed_5.sol,,,,D:\git\git\RDMCT-A3C\cie\models\feature_only\seed_5\itr_60.pkl,23,False,greedy,
cie_ood,dual_source_cluster_tool,40_to_64_wafers,test,1200.0,[],D:\git\git\RDMCT-A3C\cie\data\ood\spbs\cie_ood_n040_f020_m020_proc100.lp,spbs\cie_ood_n040_f020_m020_proc100.lp,cie_ood_n040_f020_m020_proc100.lp,hem_beam,3,5,trainseed_5,auto,2026-07-26T16:31:14,timelimit,1200.0,1199.9126430000179,1,0.10517249995609745,0.020136594772338867,0.0,0.039835214614868164,0.0,1,0,72912,2.5226395226395226,87113.790354723,10036.0,195008.0,10000.0,0.6899849978632568,73.0,1,True,D:\git\git\RDMCT-A3C\cie\results\ood\cie_ood_1200s_compact_final_v1\seed3\solutions\cie_ood__cie_ood_n040_f020_m020_proc100__hem_beam__solverseed_3__trainseed_5__trainseed_5.sol,,,,D:\git\git\RDMCT-A3C\cie\models\hem\seed_5\itr_60.pkl,13,False,beam_search,
cie_ood,dual_source_cluster_tool,40_to_64_wafers,test,1200.0,[],D:\git\git\RDMCT-A3C\cie\data\ood\spbs\cie_ood_n040_f020_m020_proc100.lp,spbs\cie_ood_n040_f020_m020_proc100.lp,cie_ood_n040_f020_m020_proc100.lp,hem_structure,3,5,trainseed_5,auto,2026-07-26T16:51:14,timelimit,1200.0,1200.002650999988,1,0.054460200015455484,0.029249906539916992,0.0,0.009963274002075195,0.0,1,0,94939,2.5177006659656502,86727.95934635312,10036.0,195008.0,10000.0,0.6899849978632568,73.0,1,True,D:\git\git\RDMCT-A3C\cie\results\ood\cie_ood_1200s_compact_final_v1\seed3\solutions\cie_ood__cie_ood_n040_f020_m020_proc100__hem_structure__solverseed_3__trainseed_5__trainseed_5.sol,,,,D:\git\git\RDMCT-A3C\cie\models\proposed\seed_5\itr_60.pkl,23,True,greedy,
cie_ood,dual_source_cluster_tool,40_to_64_wafers,test,1200.0,[],D:\git\git\RDMCT-A3C\cie\data\ood\spbs\cie_ood_n040_f020_m020_proc100.lp,spbs\cie_ood_n040_f020_m020_proc100.lp,cie_ood_n040_f020_m020_proc100.lp,proposed,3,5,trainseed_5,auto,2026-07-26T17:11:14,timelimit,1200.0,1200.0498517999658,1,0.14126089995261282,0.1180419921875,0.0,0.012135982513427734,0.0020003318786621094,1,0,94341,2.5177006659656502,86700.32881626145,10036.0,195008.0,10000.0,0.6899849978632568,73.0,1,True,D:\git\git\RDMCT-A3C\cie\results\ood\cie_ood_1200s_compact_final_v1\seed3\solutions\cie_ood__cie_ood_n040_f020_m020_proc100__proposed__solverseed_3__trainseed_5__trainseed_5.sol,,,,D:\git\git\RDMCT-A3C\cie\models\proposed\seed_5\itr_60.pkl,23,True,beam_search,
cie_ood,dual_source_cluster_tool,40_to_64_wafers,test,1200.0,[],D:\git\git\RDMCT-A3C\cie\data\ood\spbs\cie_ood_n040_f020_m020_proc100.lp,spbs\cie_ood_n040_f020_m020_proc100.lp,cie_ood_n040_f020_m020_proc100.lp,hem,3,5,trainseed_5,auto,2026-07-26T17:31:14,timelimit,1200.0,1199.9951952000265,1,0.057759499992243946,0.018999338150024414,0.003000497817993164,0.01999950408935547,0.00027751922607421875,1,0,67272,2.455922865013774,86478.67676365084,10036.0,195008.0,10000.0,0.6899849978632568,73.0,1,True,D:\git\git\RDMCT-A3C\cie\results\ood\cie_ood_1200s_compact_final_v1\seed3\solutions\cie_ood__cie_ood_n040_f020_m020_proc100__hem__solverseed_3__trainseed_5__trainseed_5.sol,,,,D:\git\git\RDMCT-A3C\cie\models\hem\seed_5\itr_60.pkl,13,False,greedy,
cie_ood,dual_source_cluster_tool,40_to_64_wafers,test,1200.0,[],D:\git\git\RDMCT-A3C\cie\data\ood\spbs\cie_ood_n040_f030_m010_proc100.lp,spbs\cie_ood_n040_f030_m010_proc100.lp,cie_ood_n040_f030_m010_proc100.lp,hem_beam,3,5,trainseed_5,auto,2026-07-26T17:51:14,timelimit,1200.0,1199.9860137000214,1,0.1127750999876298,0.02399587631225586,0.002003908157348633,0.04259037971496582,0.0,1,0,66040,2.7425149700598803,89519.95000000001,10000.0,136824.0,10000.0,1.9560940968126308,12386.0,1,True,D:\git\git\RDMCT-A3C\cie\results\ood\cie_ood_1200s_compact_final_v1\seed3\solutions\cie_ood__cie_ood_n040_f030_m010_proc100__hem_beam__solverseed_3__trainseed_5__trainseed_5.sol,,,,D:\git\git\RDMCT-A3C\cie\models\hem\seed_5\itr_60.pkl,13,False,beam_search,
cie_ood,dual_source_cluster_tool,40_to_64_wafers,test,1200.0,[],D:\git\git\RDMCT-A3C\cie\data\ood\spbs\cie_ood_n040_f030_m010_proc100.lp,spbs\cie_ood_n040_f030_m010_proc100.lp,cie_ood_n040_f030_m010_proc100.lp,hem_structure,3,5,trainseed_5,auto,2026-07-26T18:11:14,timelimit,1200.0,1200.0499988000374,1,0.07619930000510067,0.05749058723449707,0.0010073184967041016,0.00413823127746582,0.003919124603271484,1,0,50322,2.9093041438623923,90329.68,10000.0,136824.0,10000.0,1.9560940968126308,12386.0,1,True,D:\git\git\RDMCT-A3C\cie\results\ood\cie_ood_1200s_compact_final_v1\seed3\solutions\cie_ood__cie_ood_n040_f030_m010_proc100__hem_structure__solverseed_3__trainseed_5__trainseed_5.sol,,,,D:\git\git\RDMCT-A3C\cie\models\proposed\seed_5\itr_60.pkl,23,True,greedy,
cie_ood,dual_source_cluster_tool,40_to_64_wafers,test,1200.0,[],D:\git\git\RDMCT-A3C\cie\data\ood\spbs\cie_ood_n040_f030_m010_proc100.lp,spbs\cie_ood_n040_f030_m010_proc100.lp,cie_ood_n040_f030_m010_proc100.lp,proposed,3,5,trainseed_5,auto,2026-07-26T18:31:14,timelimit,1200.0,1199.8748347999644,1,0.06049110001185909,0.03799867630004883,0.0010004043579101562,0.009001731872558594,0.0025794506072998047,1,0,54886,2.9093041438623923,90355.26,10000.0,136824.0,10000.0,1.9560940968126308,12386.0,1,True,D:\git\git\RDMCT-A3C\cie\results\ood\cie_ood_1200s_compact_final_v1\seed3\solutions\cie_ood__cie_ood_n040_f030_m010_proc100__proposed__solverseed_3__trainseed_5__trainseed_5.sol,,,,D:\git\git\RDMCT-A3C\cie\models\proposed\seed_5\itr_60.pkl,23,True,beam_search,
cie_ood,dual_source_cluster_tool,40_to_64_wafers,test,1200.0,[],D:\git\git\RDMCT-A3C\cie\data\ood\spbs\cie_ood_n040_f030_m010_proc100.lp,spbs\cie_ood_n040_f030_m010_proc100.lp,cie_ood_n040_f030_m010_proc100.lp,hem,3,5,trainseed_5,auto,2026-07-26T18:51:14,timelimit,1200.0,1200.0653940999764,1,0.10430619999533519,0.01969289779663086,0.0,0.04472756385803223,0.0,1,0,79878,2.7425149700598803,89208.73999999999,10000.0,136824.0,10000.0,1.9560940968126308,12386.0,1,True,D:\git\git\RDMCT-A3C\cie\results\ood\cie_ood_1200s_compact_final_v1\seed3\solutions\cie_ood__cie_ood_n040_f030_m010_proc100__hem__solverseed_3__trainseed_5__trainseed_5.sol,,,,D:\git\git\RDMCT-A3C\cie\models\hem\seed_5\itr_60.pkl,13,False,greedy,
cie_ood,dual_source_cluster_tool,40_to_64_wafers,test,1200.0,[],D:\git\git\RDMCT-A3C\cie\data\ood\spbs\cie_ood_n040_f030_m010_proc100.lp,spbs\cie_ood_n040_f030_m010_proc100.lp,cie_ood_n040_f030_m010_proc100.lp,rdmct_feature_only,3,5,trainseed_5,auto,2026-07-26T19:11:14,timelimit,1200.0,1199.9718740999815,1,0.08563509996747598,0.03983306884765625,0.0,0.03435683250427246,0.0,1,0,75252,2.9093041438623923,90149.69,10000.0,136824.0,10000.0,1.9560940968126308,12386.0,1,True,D:\git\git\RDMCT-A3C\cie\results\ood\cie_ood_1200s_compact_final_v1\seed3\solutions\cie_ood__cie_ood_n040_f030_m010_proc100__rdmct_feature_only__solverseed_3__trainseed_5__trainseed_5.sol,,,,D:\git\git\RDMCT-A3C\cie\models\feature_only\seed_5\itr_60.pkl,23,False,greedy,
cie_ood,dual_source_cluster_tool,40_to_64_wafers,test,1200.0,[],D:\git\git\RDMCT-A3C\cie\data\ood\spbs\cie_ood_n048_f012_m036_proc100.lp,spbs\cie_ood_n048_f012_m036_proc100.lp,cie_ood_n048_f012_m036_proc100.lp,hem_structure,3,5,trainseed_5,auto,2026-07-26T19:31:14,timelimit,1200.0,1200.1297888999688,1,0.03054489998612553,0.02274179458618164,0.0009982585906982422,0.0059926509857177734,0.002000570297241211,1,0,86758,0.3636527778064751,33394.375810261925,5481.88416678204,193344.01142365608,6967.0,0.3566715886345073,856.483222249982,1,True,D:\git\git\RDMCT-A3C\cie\results\ood\cie_ood_1200s_compact_final_v1\seed3\solutions\cie_ood__cie_ood_n048_f012_m036_proc100__hem_structure__solverseed_3__trainseed_5__trainseed_5.sol,,,,D:\git\git\RDMCT-A3C\cie\models\proposed\seed_5\itr_60.pkl,23,True,greedy,
cie_ood,dual_source_cluster_tool,40_to_64_wafers,test,1200.0,[],D:\git\git\RDMCT-A3C\cie\data\ood\spbs\cie_ood_n048_f012_m036_proc100.lp,spbs\cie_ood_n048_f012_m036_proc100.lp,cie_ood_n048_f012_m036_proc100.lp,proposed,3,5,trainseed_5,auto,2026-07-26T19:51:14,timelimit,1200.0,1199.9620321999537,1,0.07535350002581254,0.027914047241210938,0.0010006427764892578,0.009000301361083984,0.0019996166229248047,1,0,90867,0.3636527778064751,33394.375810261925,5481.88416678204,193344.01142365608,6967.0,0.3566715886345073,856.483222249982,1,True,D:\git\git\RDMCT-A3C\cie\results\ood\cie_ood_1200s_compact_final_v1\seed3\solutions\cie_ood__cie_ood_n048_f012_m036_proc100__proposed__solverseed_3__trainseed_5__trainseed_5.sol,,,,D:\git\git\RDMCT-A3C\cie\models\proposed\seed_5\itr_60.pkl,23,True,beam_search,
cie_ood,dual_source_cluster_tool,40_to_64_wafers,test,1200.0,[],D:\git\git\RDMCT-A3C\cie\data\ood\spbs\cie_ood_n048_f012_m036_proc100.lp,spbs\cie_ood_n048_f012_m036_proc100.lp,cie_ood_n048_f012_m036_proc100.lp,hem,3,5,trainseed_5,auto,2026-07-26T20:11:14,timelimit,1200.0,1199.975932899979,1,0.05500429996754974,0.017982959747314453,0.0010001659393310547,0.03449583053588867,0.0,1,0,77993,0.36229725814662894,33359.27838861893,5481.88416678204,193344.01142365608,6967.0,0.3566715886345073,856.483222249982,1,True,D:\git\git\RDMCT-A3C\cie\results\ood\cie_ood_1200s_compact_final_v1\seed3\solutions\cie_ood__cie_ood_n048_f012_m036_proc100__hem__solverseed_3__trainseed_5__trainseed_5.sol,,,,D:\git\git\RDMCT-A3C\cie\models\hem\seed_5\itr_60.pkl,13,False,greedy,
cie_ood,dual_source_cluster_tool,40_to_64_wafers,test,1200.0,[],D:\git\git\RDMCT-A3C\cie\data\ood\spbs\cie_ood_n048_f012_m036_proc100.lp,spbs\cie_ood_n048_f012_m036_proc100.lp,cie_ood_n048_f012_m036_proc100.lp,rdmct_feature_only,3,5,trainseed_5,auto,2026-07-26T20:31:14,timelimit,1200.0,1199.9648006000207,1,0.06053890002658591,0.0168306827545166,0.00368499755859375,0.037926673889160156,0.0,1,0,83678,0.359594287396338,33145.191413357476,5481.88416678204,193344.01142365608,6967.0,0.3566715886345073,856.483222249982,1,True,D:\git\git\RDMCT-A3C\cie\results\ood\cie_ood_1200s_compact_final_v1\seed3\solutions\cie_ood__cie_ood_n048_f012_m036_proc100__rdmct_feature_only__solverseed_3__trainseed_5__trainseed_5.sol,,,,D:\git\git\RDMCT-A3C\cie\models\feature_only\seed_5\itr_60.pkl,23,False,greedy,
cie_ood,dual_source_cluster_tool,40_to_64_wafers,test,1200.0,[],D:\git\git\RDMCT-A3C\cie\data\ood\spbs\cie_ood_n048_f012_m036_proc100.lp,spbs\cie_ood_n048_f012_m036_proc100.lp,cie_ood_n048_f012_m036_proc100.lp,hem_beam,3,5,trainseed_5,auto,2026-07-26T20:51:14,timelimit,1200.0,1200.0596999999834,1,0.08544190000975505,0.016002416610717773,0.0010006427764892578,0.06600093841552734,0.0,1,0,68503,0.36229725814662894,33221.22366564869,5481.88416678204,193344.01142365608,6967.0,0.3566715886345073,856.483222249982,1,True,D:\git\git\RDMCT-A3C\cie\results\ood\cie_ood_1200s_compact_final_v1\seed3\solutions\cie_ood__cie_ood_n048_f012_m036_proc100__hem_beam__solverseed_3__trainseed_5__trainseed_5.sol,,,,D:\git\git\RDMCT-A3C\cie\models\hem\seed_5\itr_60.pkl,13,False,beam_search,
cie_ood,dual_source_cluster_tool,40_to_64_wafers,test,1200.0,[],D:\git\git\RDMCT-A3C\cie\data\ood\spbs\cie_ood_n048_f024_m024_proc100.lp,spbs\cie_ood_n048_f024_m024_proc100.lp,cie_ood_n048_f024_m024_proc100.lp,proposed,3,5,trainseed_5,auto,2026-07-26T21:11:14,timelimit,1200.0,1200.1467547999928,1,0.07443160004913807,0.06400036811828613,0.0010004043579101562,0.005999565124511719,0.0020008087158203125,1,0,39326,0.4879140479767123,43035.32525578794,5793.93730282132,177142.69756637537,7111.0,0.65446116785656,625.1293538239529,1,True,D:\git\git\RDMCT-A3C\cie\results\ood\cie_ood_1200s_compact_final_v1\seed3\solutions\cie_ood__cie_ood_n048_f024_m024_proc100__proposed__solverseed_3__trainseed_5__trainseed_5.sol,,,,D:\git\git\RDMCT-A3C\cie\models\proposed\seed_5\itr_60.pkl,23,True,beam_search,
cie_ood,dual_source_cluster_tool,40_to_64_wafers,test,1200.0,[],D:\git\git\RDMCT-A3C\cie\data\ood\spbs\cie_ood_n048_f024_m024_proc100.lp,spbs\cie_ood_n048_f024_m024_proc100.lp,cie_ood_n048_f024_m024_proc100.lp,hem,3,5,trainseed_5,auto,2026-07-26T21:31:14,timelimit,1200.0,1199.9493371999706,1,0.04307870002230629,0.030000686645507812,0.0,0.010999441146850586,0.0,1,0,33734,0.5143589395769246,46486.967714925646,5793.93730282132,177142.69756637537,7111.0,0.65446116785656,625.1293538239529,1,True,D:\git\git\RDMCT-A3C\cie\results\ood\cie_ood_1200s_compact_final_v1\seed3\solutions\cie_ood__cie_ood_n048_f024_m024_proc100__hem__solverseed_3__trainseed_5__trainseed_5.sol,,,,D:\git\git\RDMCT-A3C\cie\models\hem\seed_5\itr_60.pkl,13,False,greedy,
cie_ood,dual_source_cluster_tool,40_to_64_wafers,test,1200.0,[],D:\git\git\RDMCT-A3C\cie\data\ood\spbs\cie_ood_n048_f024_m024_proc100.lp,spbs\cie_ood_n048_f024_m024_proc100.lp,cie_ood_n048_f024_m024_proc100.lp,rdmct_feature_only,3,5,trainseed_5,auto,2026-07-26T21:51:14,timelimit,1200.0,1200.0674679999938,1,0.10591240000212565,0.03399991989135742,0.0,0.022000551223754883,0.0,1,0,29972,0.4963681050674894,45335.88518651232,5793.93730282132,177142.69756637537,7111.0,0.65446116785656,625.1293538239529,1,True,D:\git\git\RDMCT-A3C\cie\results\ood\cie_ood_1200s_compact_final_v1\seed3\solutions\cie_ood__cie_ood_n048_f024_m024_proc100__rdmct_feature_only__solverseed_3__trainseed_5__trainseed_5.sol,,,,D:\git\git\RDMCT-A3C\cie\models\feature_only\seed_5\itr_60.pkl,23,False,greedy,
cie_ood,dual_source_cluster_tool,40_to_64_wafers,test,1200.0,[],D:\git\git\RDMCT-A3C\cie\data\ood\spbs\cie_ood_n048_f024_m024_proc100.lp,spbs\cie_ood_n048_f024_m024_proc100.lp,cie_ood_n048_f024_m024_proc100.lp,hem_beam,3,5,trainseed_5,auto,2026-07-26T22:11:14,timelimit,1200.0,1199.7847043999936,1,0.04447919997619465,0.022922039031982422,0.0008819103240966797,0.01892542839050293,0.0,1,0,39395,0.4879140479767123,45280.17177728319,5793.93730282132,177142.69756637537,7111.0,0.65446116785656,625.1293538239529,1,True,D:\git\git\RDMCT-A3C\cie\results\ood\cie_ood_1200s_compact_final_v1\seed3\solutions\cie_ood__cie_ood_n048_f024_m024_proc100__hem_beam__solverseed_3__trainseed_5__trainseed_5.sol,,,,D:\git\git\RDMCT-A3C\cie\models\hem\seed_5\itr_60.pkl,13,False,beam_search,
cie_ood,dual_source_cluster_tool,40_to_64_wafers,test,1200.0,[],D:\git\git\RDMCT-A3C\cie\data\ood\spbs\cie_ood_n048_f024_m024_proc100.lp,spbs\cie_ood_n048_f024_m024_proc100.lp,cie_ood_n048_f024_m024_proc100.lp,hem_structure,3,5,trainseed_5,auto,2026-07-26T22:31:14,timelimit,1200.0,1197.530676000053,1,0.08907509996788576,0.0749971866607666,0.0,0.004003047943115234,0.0019991397857666016,1,0,42471,0.4879140479767123,42959.83255071724,5793.93730282132,177142.69756637537,7111.0,0.65446116785656,625.1293538239529,1,True,D:\git\git\RDMCT-A3C\cie\results\ood\cie_ood_1200s_compact_final_v1\seed3\solutions\cie_ood__cie_ood_n048_f024_m024_proc100__hem_structure__solverseed_3__trainseed_5__trainseed_5.sol,,,,D:\git\git\RDMCT-A3C\cie\models\proposed\seed_5\itr_60.pkl,23,True,greedy,
cie_ood,dual_source_cluster_tool,40_to_64_wafers,test,1200.0,[],D:\git\git\RDMCT-A3C\cie\data\ood\spbs\cie_ood_n048_f036_m012_proc100.lp,spbs\cie_ood_n048_f036_m012_proc100.lp,cie_ood_n048_f036_m012_proc100.lp,hem,3,5,trainseed_5,auto,2026-07-26T22:51:14,timelimit,1200.0,1199.989616100036,1,0.07559879997279495,0.02299952507019043,0.0009996891021728516,0.01600050926208496,0.0,1,0,53505,0.5545799571873682,46776.95519076334,4572.01965408805,132814.0786163522,10000.0,0.6269749087174397,1910.000000000001,1,True,D:\git\git\RDMCT-A3C\cie\results\ood\cie_ood_1200s_compact_final_v1\seed3\solutions\cie_ood__cie_ood_n048_f036_m012_proc100__hem__solverseed_3__trainseed_5__trainseed_5.sol,,,,D:\git\git\RDMCT-A3C\cie\models\hem\seed_5\itr_60.pkl,13,False,greedy,
cie_ood,dual_source_cluster_tool,40_to_64_wafers,test,1200.0,[],D:\git\git\RDMCT-A3C\cie\data\ood\spbs\cie_ood_n048_f036_m012_proc100.lp,spbs\cie_ood_n048_f036_m012_proc100.lp,cie_ood_n048_f036_m012_proc100.lp,rdmct_feature_only,3,5,trainseed_5,auto,2026-07-26T23:11:14,timelimit,1200.0,1200.0154268000042,1,0.07503770000766963,0.027000904083251953,0.0,0.015999317169189453,0.0,1,0,50228,0.5260412730600967,45444.50247600895,4572.01965408805,132814.0786163522,10000.0,0.6269749087174397,1910.000000000001,1,True,D:\git\git\RDMCT-A3C\cie\results\ood\cie_ood_1200s_compact_final_v1\seed3\solutions\cie_ood__cie_ood_n048_f036_m012_proc100__rdmct_feature_only__solverseed_3__trainseed_5__trainseed_5.sol,,,,D:\git\git\RDMCT-A3C\cie\models\feature_only\seed_5\itr_60.pkl,23,False,greedy,
cie_ood,dual_source_cluster_tool,40_to_64_wafers,test,1200.0,[],D:\git\git\RDMCT-A3C\cie\data\ood\spbs\cie_ood_n048_f036_m012_proc100.lp,spbs\cie_ood_n048_f036_m012_proc100.lp,cie_ood_n048_f036_m012_proc100.lp,hem_beam,3,5,trainseed_5,auto,2026-07-26T23:31:14,timelimit,1200.0,1200.077706000011,1,0.09202800004277378,0.024001121520996094,0.0,0.030995607376098633,0.0,1,0,56052,0.5716808711199896,47277.93728911279,4572.01965408805,132814.0786163522,10000.0,0.6269749087174397,1910.000000000001,1,True,D:\git\git\RDMCT-A3C\cie\results\ood\cie_ood_1200s_compact_final_v1\seed3\solutions\cie_ood__cie_ood_n048_f036_m012_proc100__hem_beam__solverseed_3__trainseed_5__trainseed_5.sol,,,,D:\git\git\RDMCT-A3C\cie\models\hem\seed_5\itr_60.pkl,13,False,beam_search,
cie_ood,dual_source_cluster_tool,40_to_64_wafers,test,1200.0,[],D:\git\git\RDMCT-A3C\cie\data\ood\spbs\cie_ood_n048_f036_m012_proc100.lp,spbs\cie_ood_n048_f036_m012_proc100.lp,cie_ood_n048_f036_m012_proc100.lp,hem_structure,3,5,trainseed_5,auto,2026-07-26T23:51:14,timelimit,1200.0,1199.9256444000057,1,0.09440499998163432,0.08199954032897949,0.0010001659393310547,0.008002996444702148,0.0020003318786621094,1,0,52129,0.5566971924031494,46280.106932911054,4572.01965408805,132814.0786163522,10000.0,0.6269749087174397,1910.000000000001,1,True,D:\git\git\RDMCT-A3C\cie\results\ood\cie_ood_1200s_compact_final_v1\seed3\solutions\cie_ood__cie_ood_n048_f036_m012_proc100__hem_structure__solverseed_3__trainseed_5__trainseed_5.sol,,,,D:\git\git\RDMCT-A3C\cie\models\proposed\seed_5\itr_60.pkl,23,True,greedy,
cie_ood,dual_source_cluster_tool,40_to_64_wafers,test,1200.0,[],D:\git\git\RDMCT-A3C\cie\data\ood\spbs\cie_ood_n048_f036_m012_proc100.lp,spbs\cie_ood_n048_f036_m012_proc100.lp,cie_ood_n048_f036_m012_proc100.lp,proposed,3,5,trainseed_5,auto,2026-07-27T00:11:14,timelimit,1200.0,1199.9681350999745,1,0.03889040002832189,0.02700042724609375,0.00099945068359375,0.00800013542175293,0.0020003318786621094,1,0,51750,0.5566971924031494,46352.02263425893,4572.01965408805,132814.0786163522,10000.0,0.6269749087174397,1910.000000000001,1,True,D:\git\git\RDMCT-A3C\cie\results\ood\cie_ood_1200s_compact_final_v1\seed3\solutions\cie_ood__cie_ood_n048_f036_m012_proc100__proposed__solverseed_3__trainseed_5__trainseed_5.sol,,,,D:\git\git\RDMCT-A3C\cie\models\proposed\seed_5\itr_60.pkl,23,True,beam_search,
cie_ood,dual_source_cluster_tool,40_to_64_wafers,test,1200.0,[],D:\git\git\RDMCT-A3C\cie\data\ood\spbs\cie_ood_n064_f016_m048_proc100.lp,spbs\cie_ood_n064_f016_m048_proc100.lp,cie_ood_n064_f016_m048_proc100.lp,rdmct_feature_only,3,5,trainseed_5,auto,2026-07-27T00:31:14,timelimit,1200.0,1200.1366386999725,1,0.09555319999344647,0.03699946403503418,0.0,0.02299952507019043,0.0,1,0,15242,0.44425800209090277,38485.0045229702,7663.23295909433,372846.9931427325,10000.0,0.521245559780668,1017.3445844004609,1,True,D:\git\git\RDMCT-A3C\cie\results\ood\cie_ood_1200s_compact_final_v1\seed3\solutions\cie_ood__cie_ood_n064_f016_m048_proc100__rdmct_feature_only__solverseed_3__trainseed_5__trainseed_5.sol,,,,D:\git\git\RDMCT-A3C\cie\models\feature_only\seed_5\itr_60.pkl,23,False,greedy,
cie_ood,dual_source_cluster_tool,40_to_64_wafers,test,1200.0,[],D:\git\git\RDMCT-A3C\cie\data\ood\spbs\cie_ood_n064_f016_m048_proc100.lp,spbs\cie_ood_n064_f016_m048_proc100.lp,cie_ood_n064_f016_m048_proc100.lp,hem_beam,3,5,trainseed_5,auto,2026-07-27T00:51:14,timelimit,1200.0,1199.9194061000017,1,0.09979810001095757,0.03200340270996094,0.0009996891021728516,0.026000022888183594,0.0,1,0,18298,0.43024131375407426,37703.01080935246,7663.23295909433,372846.9931427325,10000.0,0.521245559780668,1017.3445844004609,1,True,D:\git\git\RDMCT-A3C\cie\results\ood\cie_ood_1200s_compact_final_v1\seed3\solutions\cie_ood__cie_ood_n064_f016_m048_proc100__hem_beam__solverseed_3__trainseed_5__trainseed_5.sol,,,,D:\git\git\RDMCT-A3C\cie\models\hem\seed_5\itr_60.pkl,13,False,beam_search,
cie_ood,dual_source_cluster_tool,40_to_64_wafers,test,1200.0,[],D:\git\git\RDMCT-A3C\cie\data\ood\spbs\cie_ood_n064_f016_m048_proc100.lp,spbs\cie_ood_n064_f016_m048_proc100.lp,cie_ood_n064_f016_m048_proc100.lp,hem_structure,3,5,trainseed_5,auto,2026-07-27T01:11:14,timelimit,1200.0,1200.0304766000481,1,0.04130430001532659,0.03399944305419922,0.0,0.0040013790130615234,0.0009987354278564453,1,0,18976,0.42970764162207553,37782.885713752075,7663.23295909433,372846.9931427325,10000.0,0.521245559780668,1017.3445844004609,1,True,D:\git\git\RDMCT-A3C\cie\results\ood\cie_ood_1200s_compact_final_v1\seed3\solutions\cie_ood__cie_ood_n064_f016_m048_proc100__hem_structure__solverseed_3__trainseed_5__trainseed_5.sol,,,,D:\git\git\RDMCT-A3C\cie\models\proposed\seed_5\itr_60.pkl,23,True,greedy,
cie_ood,dual_source_cluster_tool,40_to_64_wafers,test,1200.0,[],D:\git\git\RDMCT-A3C\cie\data\ood\spbs\cie_ood_n064_f016_m048_proc100.lp,spbs\cie_ood_n064_f016_m048_proc100.lp,cie_ood_n064_f016_m048_proc100.lp,proposed,3,5,trainseed_5,auto,2026-07-27T01:31:14,timelimit,1200.0,1199.9732544000144,1,0.08353720000013709,0.03599882125854492,0.0010001659393310547,0.009000301361083984,0.0019986629486083984,1,0,18936,0.42970764162207553,37787.10064499225,7663.23295909433,372846.9931427325,10000.0,0.521245559780668,1017.3445844004609,1,True,D:\git\git\RDMCT-A3C\cie\results\ood\cie_ood_1200s_compact_final_v1\seed3\solutions\cie_ood__cie_ood_n064_f016_m048_proc100__proposed__solverseed_3__trainseed_5__trainseed_5.sol,,,,D:\git\git\RDMCT-A3C\cie\models\proposed\seed_5\itr_60.pkl,23,True,beam_search,
cie_ood,dual_source_cluster_tool,40_to_64_wafers,test,1200.0,[],D:\git\git\RDMCT-A3C\cie\data\ood\spbs\cie_ood_n064_f016_m048_proc100.lp,spbs\cie_ood_n064_f016_m048_proc100.lp,cie_ood_n064_f016_m048_proc100.lp,hem,3,5,trainseed_5,auto,2026-07-27T01:51:14,timelimit,1200.0,1199.898170200002,1,0.07348510000156239,0.031000375747680664,0.0010001659393310547,0.005998849868774414,0.0,1,0,18238,0.43024131375407426,37632.76630512384,7663.23295909433,372846.9931427325,10000.0,0.521245559780668,1017.3445844004609,1,True,D:\git\git\RDMCT-A3C\cie\results\ood\cie_ood_1200s_compact_final_v1\seed3\solutions\cie_ood__cie_ood_n064_f016_m048_proc100__hem__solverseed_3__trainseed_5__trainseed_5.sol,,,,D:\git\git\RDMCT-A3C\cie\models\hem\seed_5\itr_60.pkl,13,False,greedy,
cie_ood,dual_source_cluster_tool,40_to_64_wafers,test,1200.0,[],D:\git\git\RDMCT-A3C\cie\data\ood\spbs\cie_ood_n064_f032_m032_proc100.lp,spbs\cie_ood_n064_f032_m032_proc100.lp,cie_ood_n064_f032_m032_proc100.lp,hem_beam,3,5,trainseed_5,auto,2026-07-27T02:11:14,timelimit,1200.0,1200.2043959000148,1,0.0850868999841623,0.03400063514709473,0.003999948501586914,0.010998725891113281,0.0,1,0,12968,1.3269186181312311,82416.05221203667,10036.0,228592.0,10000.0,1.1819901313876666,2296.0,1,True,D:\git\git\RDMCT-A3C\cie\results\ood\cie_ood_1200s_compact_final_v1\seed3\solutions\cie_ood__cie_ood_n064_f032_m032_proc100__hem_beam__solverseed_3__trainseed_5__trainseed_5.sol,,,,D:\git\git\RDMCT-A3C\cie\models\hem\seed_5\itr_60.pkl,13,False,beam_search,
cie_ood,dual_source_cluster_tool,40_to_64_wafers,test,1200.0,[],D:\git\git\RDMCT-A3C\cie\data\ood\spbs\cie_ood_n064_f032_m032_proc100.lp,spbs\cie_ood_n064_f032_m032_proc100.lp,cie_ood_n064_f032_m032_proc100.lp,hem_structure,3,5,trainseed_5,auto,2026-07-27T02:31:14,timelimit,1200.0,1199.8724589999765,1,0.9672325000283308,0.9257104396820068,0.0010006427764892578,0.0039980411529541016,0.002000570297241211,1,0,12894,1.3269186181312311,82673.43563172579,10036.0,228592.0,10000.0,1.1819901313876666,2296.0,1,True,D:\git\git\RDMCT-A3C\cie\results\ood\cie_ood_1200s_compact_final_v1\seed3\solutions\cie_ood__cie_ood_n064_f032_m032_proc100__hem_structure__solverseed_3__trainseed_5__trainseed_5.sol,,,,D:\git\git\RDMCT-A3C\cie\models\proposed\seed_5\itr_60.pkl,23,True,greedy,
cie_ood,dual_source_cluster_tool,40_to_64_wafers,test,1200.0,[],D:\git\git\RDMCT-A3C\cie\data\ood\spbs\cie_ood_n064_f032_m032_proc100.lp,spbs\cie_ood_n064_f032_m032_proc100.lp,cie_ood_n064_f032_m032_proc100.lp,proposed,3,5,trainseed_5,auto,2026-07-27T02:51:14,timelimit,1200.0,1199.9810295000207,1,0.1126149000483565,0.03900265693664551,0.0009958744049072266,0.008001089096069336,0.0019998550415039062,1,0,12710,1.3350395532805956,82811.209645277,10036.0,228592.0,10000.0,1.1819901313876666,2296.0,1,True,D:\git\git\RDMCT-A3C\cie\results\ood\cie_ood_1200s_compact_final_v1\seed3\solutions\cie_ood__cie_ood_n064_f032_m032_proc100__proposed__solverseed_3__trainseed_5__trainseed_5.sol,,,,D:\git\git\RDMCT-A3C\cie\models\proposed\seed_5\itr_60.pkl,23,True,beam_search,
cie_ood,dual_source_cluster_tool,40_to_64_wafers,test,1200.0,[],D:\git\git\RDMCT-A3C\cie\data\ood\spbs\cie_ood_n064_f032_m032_proc100.lp,spbs\cie_ood_n064_f032_m032_proc100.lp,cie_ood_n064_f032_m032_proc100.lp,hem,3,5,trainseed_5,auto,2026-07-27T03:11:14,timelimit,1200.0,1200.0118411000003,1,0.0830829999758862,0.03400850296020508,0.0009999275207519531,0.011517524719238281,0.0,1,0,12737,1.3350395532805956,82853.45755280988,10036.0,228592.0,10000.0,1.1819901313876666,2296.0,1,True,D:\git\git\RDMCT-A3C\cie\results\ood\cie_ood_1200s_compact_final_v1\seed3\solutions\cie_ood__cie_ood_n064_f032_m032_proc100__hem__solverseed_3__trainseed_5__trainseed_5.sol,,,,D:\git\git\RDMCT-A3C\cie\models\hem\seed_5\itr_60.pkl,13,False,greedy,
cie_ood,dual_source_cluster_tool,40_to_64_wafers,test,1200.0,[],D:\git\git\RDMCT-A3C\cie\data\ood\spbs\cie_ood_n064_f032_m032_proc100.lp,spbs\cie_ood_n064_f032_m032_proc100.lp,cie_ood_n064_f032_m032_proc100.lp,rdmct_feature_only,3,5,trainseed_5,auto,2026-07-27T03:31:14,timelimit,1200.0,1200.2857798000332,1,0.10901539999758825,0.09086871147155762,0.0009999275207519531,0.016000032424926758,0.0,1,0,32816,1.312442396313364,82117.4870466321,10036.0,228592.0,10000.0,1.1819901313876666,2296.0,1,True,D:\git\git\RDMCT-A3C\cie\results\ood\cie_ood_1200s_compact_final_v1\seed3\solutions\cie_ood__cie_ood_n064_f032_m032_proc100__rdmct_feature_only__solverseed_3__trainseed_5__trainseed_5.sol,,,,D:\git\git\RDMCT-A3C\cie\models\feature_only\seed_5\itr_60.pkl,23,False,greedy,
cie_ood,dual_source_cluster_tool,40_to_64_wafers,test,1200.0,[],D:\git\git\RDMCT-A3C\cie\data\ood\spbs\cie_ood_n064_f048_m016_proc100.lp,spbs\cie_ood_n064_f048_m016_proc100.lp,cie_ood_n064_f048_m016_proc100.lp,hem_structure,3,5,trainseed_5,auto,2026-07-27T03:51:14,timelimit,1200.0,1200.9967419999884,1,0.08839529997203499,0.04599952697753906,0.0009970664978027344,0.004000186920166016,0.0020017623901367188,1,0,11587,1.4717912552891397,88664.98335710888,10515.0,177698.0,10000.0,1.007545954453836,4141.0,1,True,D:\git\git\RDMCT-A3C\cie\results\ood\cie_ood_1200s_compact_final_v1\seed3\solutions\cie_ood__cie_ood_n064_f048_m016_proc100__hem_structure__solverseed_3__trainseed_5__trainseed_5.sol,,,,D:\git\git\RDMCT-A3C\cie\models\proposed\seed_5\itr_60.pkl,23,True,greedy,
cie_ood,dual_source_cluster_tool,40_to_64_wafers,test,1200.0,[],D:\git\git\RDMCT-A3C\cie\data\ood\spbs\cie_ood_n064_f048_m016_proc100.lp,spbs\cie_ood_n064_f048_m016_proc100.lp,cie_ood_n064_f048_m016_proc100.lp,proposed,3,5,trainseed_5,auto,2026-07-27T04:11:15,timelimit,1200.0,1200.6583591999952,1,0.09344720002263784,0.04899883270263672,0.0010035037994384766,0.007997274398803711,0.0010001659393310547,1,0,12169,1.4717912552891397,87360.70375653828,10515.0,177698.0,10000.0,1.007545954453836,4141.0,1,True,D:\git\git\RDMCT-A3C\cie\results\ood\cie_ood_1200s_compact_final_v1\seed3\solutions\cie_ood__cie_ood_n064_f048_m016_proc100__proposed__solverseed_3__trainseed_5__trainseed_5.sol,,,,D:\git\git\RDMCT-A3C\cie\models\proposed\seed_5\itr_60.pkl,23,True,beam_search,
cie_ood,dual_source_cluster_tool,40_to_64_wafers,test,1200.0,[],D:\git\git\RDMCT-A3C\cie\data\ood\spbs\cie_ood_n064_f048_m016_proc100.lp,spbs\cie_ood_n064_f048_m016_proc100.lp,cie_ood_n064_f048_m016_proc100.lp,hem,3,5,trainseed_5,auto,2026-07-27T04:31:16,timelimit,1200.0,1201.168105699995,1,0.089413300040178,0.04700064659118652,0.0009982585906982422,0.006002902984619141,0.0,1,0,11921,1.4717912552891397,88017.29909652876,10515.0,177698.0,10000.0,1.007545954453836,4141.0,1,True,D:\git\git\RDMCT-A3C\cie\results\ood\cie_ood_1200s_compact_final_v1\seed3\solutions\cie_ood__cie_ood_n064_f048_m016_proc100__hem__solverseed_3__trainseed_5__trainseed_5.sol,,,,D:\git\git\RDMCT-A3C\cie\models\hem\seed_5\itr_60.pkl,13,False,greedy,
cie_ood,dual_source_cluster_tool,40_to_64_wafers,test,1200.0,[],D:\git\git\RDMCT-A3C\cie\data\ood\spbs\cie_ood_n064_f048_m016_proc100.lp,spbs\cie_ood_n064_f048_m016_proc100.lp,cie_ood_n064_f048_m016_proc100.lp,rdmct_feature_only,3,5,trainseed_5,auto,2026-07-27T04:51:17,timelimit,1200.0,1200.9045943000237,1,0.2144241000059992,0.1620011329650879,0.0,0.0169985294342041,0.0,1,0,17308,1.505360972122945,88905.82025677603,10515.0,177698.0,10000.0,1.007545954453836,4141.0,1,True,D:\git\git\RDMCT-A3C\cie\results\ood\cie_ood_1200s_compact_final_v1\seed3\solutions\cie_ood__cie_ood_n064_f048_m016_proc100__rdmct_feature_only__solverseed_3__trainseed_5__trainseed_5.sol,,,,D:\git\git\RDMCT-A3C\cie\models\feature_only\seed_5\itr_60.pkl,23,False,greedy,
cie_ood,dual_source_cluster_tool,40_to_64_wafers,test,1200.0,[],D:\git\git\RDMCT-A3C\cie\data\ood\spbs\cie_ood_n064_f048_m016_proc100.lp,spbs\cie_ood_n064_f048_m016_proc100.lp,cie_ood_n064_f048_m016_proc100.lp,hem_beam,3,5,trainseed_5,auto,2026-07-27T05:11:18,timelimit,1201.0,1201.9116181000136,1,0.09901269996771589,0.04799962043762207,0.0,0.023999691009521484,0.0,1,0,11536,1.4717912552891397,88806.40989063242,10515.0,177698.0,10000.0,1.007545954453836,4141.0,1,True,D:\git\git\RDMCT-A3C\cie\results\ood\cie_ood_1200s_compact_final_v1\seed3\solutions\cie_ood__cie_ood_n064_f048_m016_proc100__hem_beam__solverseed_3__trainseed_5__trainseed_5.sol,,,,D:\git\git\RDMCT-A3C\cie\models\hem\seed_5\itr_60.pkl,13,False,beam_search,
