train 1th process seed,train 2th process seed,evaluate 1th process seed,evaluate 2th process seed,training_highlevel_policy/Neg Reward Mean,training_highlevel_policy/Neg Reward Std,training_highlevel_policy/Neg Reward Max,training_highlevel_policy/Neg Reward Min,training_highlevel_policy/Neg Advantage,training_highlevel_policy/logprobs Mean,training_highlevel_policy/logprobs Std,training_highlevel_policy/logprobs Max,training_highlevel_policy/logprobs Min,training_highlevel_policy/cut_percent_actions Mean,training_highlevel_policy/cut_percent_actions Std,training_highlevel_policy/cut_percent_actions Max,training_highlevel_policy/cut_percent_actions Min,training_highlevel_policy/reinforce loss,training_highlevel_policy/Critic Value,training_highlevel_policypre_log_prob Mean,training_highlevel_policypre_log_prob Std,training_highlevel_policypre_log_prob Max,training_highlevel_policypre_log_prob Min,training_highlevel_policymean Mean,training_highlevel_policymean Std,training_highlevel_policymean Max,training_highlevel_policymean Min,training_highlevel_policystd Mean,training_highlevel_policystd Std,training_highlevel_policystd Max,training_highlevel_policystd Min,training_highlevel_policyentropy Mean,training_highlevel_policyentropy Std,training_highlevel_policyentropy Max,training_highlevel_policyentropy Min,pos_1_entropy,Epoch,training/Neg Reward Mean,training/Neg Reward Std,training/Neg Reward Max,training/Neg Reward Min,training/Neg Advantage,training/logprobs Mean,training/logprobs Std,training/logprobs Max,training/logprobs Min,training/raw_logprobs Mean,training/raw_logprobs Std,training/raw_logprobs Max,training/raw_logprobs Min,training/reinforce loss,training/Critic Value,training/len cuts Mean,training/len cuts Std,training/len cuts Max,training/len cuts Min,training/cut 1 th feature Mean,training/cut 1 th feature Std,training/cut 1 th feature Max,training/cut 1 th feature Min,training/cut 2 th feature Mean,training/cut 2 th feature Std,training/cut 2 th feature Max,training/cut 2 th feature Min,training/cut 3 th feature Mean,training/cut 3 th feature Std,training/cut 3 th feature Max,training/cut 3 th feature Min,training/cut 4 th feature Mean,training/cut 4 th feature Std,training/cut 4 th feature Max,training/cut 4 th feature Min,training/cut 5 th feature Mean,training/cut 5 th feature Std,training/cut 5 th feature Max,training/cut 5 th feature Min,training/cut 6 th feature Mean,training/cut 6 th feature Std,training/cut 6 th feature Max,training/cut 6 th feature Min,training/cut 7 th feature Mean,training/cut 7 th feature Std,training/cut 7 th feature Max,training/cut 7 th feature Min,training/cut 8 th feature Mean,training/cut 8 th feature Std,training/cut 8 th feature Max,training/cut 8 th feature Min,training/cut 9 th feature Mean,training/cut 9 th feature Std,training/cut 9 th feature Max,training/cut 9 th feature Min,training/cut 10 th feature Mean,training/cut 10 th feature Std,training/cut 10 th feature Max,training/cut 10 th feature Min,training/cut 11 th feature Mean,training/cut 11 th feature Std,training/cut 11 th feature Max,training/cut 11 th feature Min,training/cut 12 th feature Mean,training/cut 12 th feature Std,training/cut 12 th feature Max,training/cut 12 th feature Min,training/cut 13 th feature Mean,training/cut 13 th feature Std,training/cut 13 th feature Max,training/cut 13 th feature Min,training/sel cuts num Mean,training/sel cuts num Std,training/sel cuts num Max,training/sel cuts num Min,training/solving_time Mean,training/solving_time Std,training/solving_time Max,training/solving_time Min,training/ntotal_nodes Mean,training/ntotal_nodes Std,training/ntotal_nodes Max,training/ntotal_nodes Min,training/primal_dual_gap Mean,training/primal_dual_gap Std,training/primal_dual_gap Max,training/primal_dual_gap Min,training/primaldualintegral Mean,training/primaldualintegral Std,training/primaldualintegral Max,training/primaldualintegral Min,training/schedule_wait_penalty Mean,training/schedule_wait_penalty Std,training/schedule_wait_penalty Max,training/schedule_wait_penalty Min,time/evaluating (s),time/online_testing (s),time/sampling data (s),time/training (s),time/epoch (s),time/total (s)
717354021,1061650667,946286476,784077896,1486.0030506564358,1375.943242099944,3000.0,0.0,0.0,-0.56473315,0.35879797,-0.11229992,-0.93644553,-0.5171658352483064,0.3931138470467362,-0.02029077149927616,-0.9478480815887451,-202.7266082763672,1486.0030506564358,-1.477347120642662,0.5838979694290745,-0.9357224702835083,-2.3991591930389404,-0.06813798053190112,0.004964021842933234,-0.055176299065351486,-0.07123655080795288,1.0170130729675293,0.0012249848408011348,1.0200163125991821,1.015458106994629,1.435807779431343,0.0012033687396304264,1.4387571811676025,1.4342783689498901,4.859445095062256,1,1486.0030506564358,1375.943242099944,3000.0,0.0,0.0,-4.8046455,0.01376619,-4.792726,-4.837571,-70.23185,12.791386,-38.70057,-76.830734,-1.4434814453125,1486.0030506564358,128.0,0.0,128,128,0.00018607823944833372,0.002400618012333383,0.04993761694389223,0.0,1.6192496506519456,1.777094722721122,23.814669077491185,0.002029132165024828,0.022608030098060942,0.023028940162786744,0.1568596694182467,0.0030674799578528254,0.6985531343647359,0.2572517469177562,0.9523356030665205,0.0,0.957415245561684,0.7794423129295103,12.168405786051729,0.004510999320008622,-132.72815081896223,331.6799797532091,158.5,-2366.5,74.29099859684314,231.06385388748186,1241.0,-1.0,-423.90597557631924,821.6562568471218,-0.003144654088050314,-4768.0,173.66406713780376,343.65441480884994,2365.5,0.2938285613682267,0.0008061603192483827,0.00032685660598434256,0.0014619883040935672,0.0004520795660036166,1.0,0.0,1.0,1.0,0.0,0.0,0.0,0.0,0.027842906649841008,0.005493281244885946,0.038207995161906365,0.021257356140160482,14.625,2.6896793489187516,16,8,15.875,14.163663897452523,30.0,0.0,11684.375,12517.62240740529,32697,5,2.5e+19,4.330127018922194e+19,1e+20,0.0,1486.0030506564358,1375.943242099944,3000.0,0.0,33.016211225567375,49.50363349053321,155.7093584297007,0.0,2.099999989013668e-06,0.0036570999999980813,105.8102845,1.892410199999972,107.70635389999995,107.7068459999999
491263,550290313,224766667,1069620869,1486.0030506564358,1375.943242099944,3000.0,0.0,0.0,-0.56473315,0.35879797,-0.11229992,-0.93644553,-0.5171658352483064,0.3931138470467362,-0.02029077149927616,-0.9478480815887451,-202.7266082763672,1486.0030506564358,-1.477347120642662,0.5838979694290745,-0.9357224702835083,-2.3991591930389404,-0.06813798053190112,0.004964021842933234,-0.055176299065351486,-0.07123655080795288,1.0170130729675293,0.0012249848408011348,1.0200163125991821,1.015458106994629,1.435807779431343,0.0012033687396304264,1.4387571811676025,1.4342783689498901,4.859518527984619,2,1400.4901004886697,1250.894734773433,3000.0,105.11811023622047,-76.961669921875,-4.807844,0.011165744,-4.793487,-4.831242,-72.09426,12.641236,-38.649937,-77.10122,361.1619567871094,1477.451755639659,128.0,0.0,128,128,9.325885336799659e-06,7.317028865988837e-05,0.0006367305014519411,0.0,1.7735130826566046,1.7904039193753445,23.814669077491185,0.9960347823778244,0.015609959267194978,0.01119397274028361,0.051671575466335974,0.0030674799578528254,0.7231630360061998,0.2644538403359433,0.9523356030665205,0.0,0.9553256640446974,0.6264892879012475,11.918063601191362,0.1415702082849375,-115.98298806807327,217.54232145507328,92.47060185813221,-1232.75,99.61612806182404,294.79666683667097,1241.0,-1.0,-410.1162109375,690.4484327253053,-1.0,-4768.0,156.1422160288821,255.22879091195674,1563.5091491177786,0.2938285613682267,0.0006909084868126456,0.00015883552384611966,0.0008460236886632825,0.0004520795660036166,1.0,0.0,1.0,1.0,0.0,0.0,0.0,0.0,0.02609512045305731,0.0030741815320977106,0.02907417982646291,0.021257356140160482,15.0,2.6457513110645907,16,8,16.5,13.555441711725958,30.0,2.0,14256.125,10636.834755197384,26678,1084,2.5e+19,4.330127018922194e+19,1e+20,0.0,1400.4901004886697,1250.894734773433,3000.0,105.11811023622047,42.0663457203258,75.96787387934044,241.90841,0.0,2.4999999936881068e-06,0.00687220000003208,98.74615730000005,1.0718522000000235,99.8248842000001,207.53656530000003
630311759,1013994432,396591248,629559425,1294.014828528261,1330.1009421860008,3000.0,0.0,-172.78936767578125,-0.5865139,0.21916893,-0.29549003,-0.95555204,0.18079536594450474,0.7056321504707438,0.9125983715057373,-0.8658762574195862,56.465354919433594,1466.8042284436183,-1.5336533412337303,0.43803268219451114,-0.9960374236106873,-2.1868205070495605,-0.08138164132833481,0.007530105415805302,-0.06845319271087646,-0.08697021752595901,1.0370189249515533,0.0021356211611425584,1.0392169952392578,1.0337527990341187,1.4552865326404572,0.002060517646040251,1.4574060440063477,1.452134132385254,4.858615398406982,3,1294.014828528261,1330.1009421860008,3000.0,0.0,-165.09320068359375,-4.7982063,0.008816521,-4.7867794,-4.8137617,-72.55926,11.050444,-43.323856,-76.936295,795.6575927734375,1459.1080629285193,128.0,0.0,128,128,0.0003629846277468172,0.0033849723343199333,0.04993761694389223,0.0,1.4566949410137084,1.5523876445084013,23.814669077491185,0.002029132165024828,0.02972829693016958,0.028890113165224888,0.1568596694182467,0.0030674799578528254,0.675784335484213,0.2466499043282686,0.9523356030665205,0.0,0.9421872674128433,0.8406052694106386,12.168405786051729,0.004510999320008622,-152.51701617008843,412.9298831938251,158.5,-2366.5,65.15889684028897,172.70924298566104,954.0,-1.0,-455.39788865263847,926.0807515958788,-0.003144654088050314,-4732.0,199.17563391174994,410.5350067028591,2365.5,0.2938285613682267,0.0009074598651910544,0.0004161974496108498,0.0014619883040935672,0.0004520795660036166,1.0,0.0,1.0,1.0,0.0,0.0,0.0,0.0,0.029280908690042837,0.007006536073726641,0.038207995161906365,0.021257356140160482,15.125,2.315032397181517,16,9,15.0,15.0,30.0,0.0,7317.875,8230.571356799903,20159,5,2.5e+19,4.330127018922194e+19,1e+20,0.0,1294.014828528261,1330.1009421860008,3000.0,0.0,17.17214950204,23.76811156461298,73.36954,0.0,1.499999996212864e-06,0.007874200000003384,94.16021419999998,1.4829904000000056,95.65108029999999,303.19118560000004
799981516,592322119,410430189,729053692,1294.014828528261,1330.1009421860008,3000.0,0.0,-172.78936767578125,-0.5865139,0.21916893,-0.29549003,-0.95555204,0.18079536594450474,0.7056321504707438,0.9125983715057373,-0.8658762574195862,56.465354919433594,1466.8042284436183,-1.5336533412337303,0.43803268219451114,-0.9960374236106873,-2.1868205070495605,-0.08138164132833481,0.007530105415805302,-0.06845319271087646,-0.08697021752595901,1.0370189249515533,0.0021356211611425584,1.0392169952392578,1.0337527990341187,1.4552865326404572,0.002060517646040251,1.4574060440063477,1.452134132385254,4.858321189880371,4,955.4522975030186,1098.0503985286894,3000.0,0.0,-453.29010009765625,-4.803051,0.018248402,-4.7867565,-4.8459206,-69.57994,18.97288,-19.383682,-77.0017,2188.35205078125,1408.7424863859692,128.0,0.0,128,128,0.00028418696220277445,0.0031843239109377135,0.04993761694389223,0.0,1.5185142932269575,1.778052484918118,23.814669077491185,0.002029132165024828,0.027087332812006138,0.02908932678767651,0.1568596694182467,0.0033556990676190143,0.6867597645343109,0.2500327889473833,0.9473185621809378,0.0,0.9381823396760369,0.9147161490707022,12.168405786051729,0.004510999320008622,-72.69292975808038,205.8377363591374,158.5,-1232.75,93.30522672175152,248.46965973995123,1241.0,-1.0,-297.26116990263847,628.6383975799667,-0.003144654088050314,-4768.0,126.38278088990516,228.05411251607137,1563.5091491177786,0.29832746706144486,0.000894142656002675,0.0003498972990123079,0.0014619883040935672,0.0005636978579481398,1.0,0.0,1.0,1.0,0.0,0.0,0.0,0.0,0.029355677247705974,0.0056093627197795915,0.038207995161906365,0.023735629392815445,14.5,3.968626966596886,16,4,11.875,13.090430665184396,30.0,0.0,10313.375,11938.064907445218,27557,1,1.25e+19,3.3071891388307382e+19,1e+20,0.0,955.4522975030186,1098.0503985286894,3000.0,0.0,40.91018060858372,65.79532519018156,214.1159995982842,0.0,2.300000005561742e-06,0.008099500000014359,63.45391300000006,0.8797409000000016,64.34175570000008,367.5361614000001
630361478,796884249,166716594,413652244,610.6006360160504,973.2620217067107,2305.780674252375,0.0,-770.5831909179688,-0.558285,0.41223702,0.021545172,-0.972548,-0.43344237096607685,0.4994878868870775,0.4014231860637665,-0.9860023260116577,452.5066833496094,1381.1838692008614,-1.6259860545396805,0.8461985283576463,-0.9836201667785645,-3.5611586570739746,-0.08566101267933846,0.00702949382812746,-0.07863456755876541,-0.09313793480396271,1.0572464913129807,0.003223462076262405,1.0614590644836426,1.0540531873703003,1.4746017754077911,0.003048659914314165,1.4785829782485962,1.4715814590454102,4.858270168304443,5,610.6006360160504,973.2620217067107,2305.780674252375,0.0,-718.3276977539062,-4.8102756,0.023906145,-4.780612,-4.8650594,-56.447678,26.840101,-9.62389,-77.04663,3454.89404296875,1328.9283013489774,128.0,0.0,128,128,0.0005984137367335312,0.004556571134836229,0.04993761694389223,0.0,1.2003127813951564,1.4865168805782139,23.814669077491185,0.002029132165024828,0.0402793068599685,0.03544515625872636,0.1568596694182467,0.0033556990676190143,0.6435745760240681,0.22351359393695686,0.9473185621809378,0.0,0.9131371416788174,1.0765535752430633,12.168405786051729,0.004510999320008622,-67.75134356174856,321.0744793946525,158.5,-2366.5,82.8545115405273,171.4888411186247,1241.0,-1.0,-261.886597617777,739.8369514877648,-0.003144654088050314,-4768.0,134.1833097965407,316.8283592629683,2365.5,0.29832746706144486,0.0011216807942065906,0.0003812540639129357,0.0014619883040935672,0.0005636978579481398,1.0,0.0,1.0,1.0,0.0,0.0,0.0,0.0,0.03291250916562603,0.00608637923266617,0.038207995161906365,0.023735629392815445,11.75,5.606915373001451,16,2,7.875,12.790988038458952,30.0,0.0,7601.5,12847.351215328395,32406,1,0.09322628458498024,0.1621344679755698,0.40217391304347827,0.0,610.6006360160504,973.2620217067107,2305.780674252375,0.0,37.25291125,53.37591598091067,176.58353,0.03764000000000001,1.9999999949504854e-06,0.008765100000005077,62.78420259999996,0.8594298000000435,63.6523995,431.1929324
726684926,271757669,795511698,105433556,610.6006360160504,973.2620217067107,2305.780674252375,0.0,-770.5831909179688,-0.558285,0.41223702,0.021545172,-0.972548,-0.43344237096607685,0.4994878868870775,0.4014231860637665,-0.9860023260116577,452.5066833496094,1381.1838692008614,-1.6259860545396805,0.8461985283576463,-0.9836201667785645,-3.5611586570739746,-0.08566101267933846,0.00702949382812746,-0.07863456755876541,-0.09313793480396271,1.0572464913129807,0.003223462076262405,1.0614590644836426,1.0540531873703003,1.4746017754077911,0.003048659914314165,1.4785829782485962,1.4715814590454102,4.8576340675354,6,1205.547409242282,1145.367733464773,2926.0292164674634,0.0,-111.04278564453125,-4.7963996,0.017355694,-4.769393,-4.8239985,-76.74239,0.2776911,-76.31029,-77.183975,541.540771484375,1316.5902121383078,128.0,0.0,128,128,0.00018607823944833375,0.002400618012333383,0.04993761694389223,0.0,1.6192496506519456,1.777094722721122,23.814669077491185,0.002029132165024828,0.022608030098060942,0.023028940162786744,0.1568596694182467,0.0030674799578528254,0.6985531343647359,0.2572517469177562,0.9523356030665205,0.0,0.9574152455616839,0.7794423129295103,12.168405786051729,0.004510999320008622,-132.72815081896223,331.6799797532091,158.5,-2366.5,74.29099859684314,231.06385388748186,1241.0,-1.0,-423.90597557631924,821.6562568471218,-0.003144654088050314,-4768.0,173.66406713780373,343.65441480884994,2365.5,0.2938285613682267,0.0008061603192483827,0.00032685660598434256,0.0014619883040935672,0.0004520795660036166,1.0,0.0,1.0,1.0,0.0,0.0,0.0,0.0,0.027842906649841008,0.005493281244885946,0.038207995161906365,0.021257356140160482,16.0,0.0,16,16,15.0,13.647344063956181,30.0,0.0,14631.625,13990.711176862133,33234,8,0.09238272878060295,0.12887435477123754,0.3518850987432675,0.0,1205.547409242282,1145.367733464773,2926.0292164674634,0.0,32.18207406722105,42.575901564602844,143.54069488251585,0.03988,1.8999999156221747e-06,0.00884659999996984,98.08545700000002,0.8582269999999426,98.95253249999985,530.1482574999998
878115723,830873852,550260202,986026652,1334.7920780630889,1359.1234707029066,3000.0,0.0,-41.752593994140625,-0.67677635,0.36914128,0.12807131,-0.99701655,-0.22259480133652687,0.5502824464557758,0.6293579339981079,-0.9802807569503784,-7.780670166015625,1376.5446900870843,-1.4088256657123566,0.6647270480450551,-0.9975718259811401,-3.1148252487182617,-0.09789209812879562,0.003701612462671714,-0.09148998558521271,-0.10049571096897125,1.0766677260398865,0.0022081741051823305,1.0790797472000122,1.0735646486282349,1.4928072392940521,0.002051784521808428,1.4950470924377441,1.489923119544983,4.858149528503418,7,1334.7920780630889,1359.1234707029066,3000.0,0.0,16.381683349609375,-4.804517,0.025943378,-4.766245,-4.843219,-61.1515,24.803383,-9.686438,-77.14577,-60.142364501953125,1318.4103987307858,128.0,0.0,128,128,0.0003628305935598678,0.0033849810932660247,0.04993761694389223,0.0,1.4649862186472864,1.7501401942770807,23.814669077491185,0.002029132165024828,0.029606100928926907,0.0289380917412427,0.1568596694182467,0.0030674799578528254,0.673943232723272,0.24740613249966328,0.9523356030665205,0.0,0.9595048270786704,0.9069526326181347,12.168405786051729,0.004510999320008622,-149.4733135698512,414.8948726641587,158.5,-2366.5,48.96586913186224,136.35692136383784,954.0,-1.0,-437.69574021513847,934.4188864538366,-0.003144654088050314,-4732.0,191.1859182467254,412.8449435227231,2365.5,0.2938285613682267,0.0009214121516841197,0.00040233790320593204,0.0014619883040935672,0.0004520795660036166,1.0,0.0,1.0,1.0,0.0,0.0,0.0,0.0,0.029590692846624706,0.006692695450952888,0.038207995161906365,0.021257356140160482,12.75,5.190134873006674,16,2,15.0,15.0,30.0,0.0,12486.25,12644.92425590205,27267,7,2.5e+19,4.330127018922194e+19,1e+20,0.0,1334.7920780630889,1359.1234707029066,3000.0,0.0,18.37630079191159,28.024943521564005,88.09295209874149,0.0,1.500000053056283e-06,0.007586100000025908,65.37992660000009,0.9408419999999751,66.32835620000014,596.4820708999997
117628829,147806606,732152370,704211524,1334.7920780630889,1359.1234707029066,3000.0,0.0,-41.752593994140625,-0.67677635,0.36914128,0.12807131,-0.99701655,-0.22259480133652687,0.5502824464557758,0.6293579339981079,-0.9802807569503784,-7.780670166015625,1376.5446900870843,-1.4088256657123566,0.6647270480450551,-0.9975718259811401,-3.1148252487182617,-0.09789209812879562,0.003701612462671714,-0.09148998558521271,-0.10049571096897125,1.0766677260398865,0.0022081741051823305,1.0790797472000122,1.0735646486282349,1.4928072392940521,0.002051784521808428,1.4950470924377441,1.489923119544983,4.858199119567871,8,1046.4064287876677,1306.5560487261373,3000.0,0.0,-244.80352783203125,-4.804455,0.008193565,-4.7936535,-4.8184566,-67.83667,23.818857,-4.8184566,-76.99942,1177.661376953125,1291.2100017364742,128.0,0.0,128,128,0.0004610933505012579,0.00397495629072011,0.04993761694389223,0.0,1.3559595835887206,1.5429071167343573,23.814669077491185,0.002029132165024828,0.03420759964411478,0.03296525178954904,0.1568596694182467,0.0030674799578528254,0.663990965653788,0.23798543617231777,0.9523356030665205,0.0,0.9229543615271962,0.9670608960172217,12.168405786051729,0.004510999320008622,-92.48179510920653,324.41441242125535,158.5,-2366.5,84.17312496519735,196.27131625061693,1241.0,-1.0,-328.7530829789577,765.2903784812391,-0.003144654088050314,-4768.0,151.89434766385136,323.82364417833827,2365.5,0.2938285613682267,0.0009954422019453468,0.00041350701870066284,0.0014619883040935672,0.0004520795660036166,1.0,0.0,1.0,1.0,0.0,0.0,0.0,0.0,0.030793679287907803,0.006784513588083955,0.038207995161906365,0.021257356140160482,14.125,4.960783708246107,16,1,11.625,14.264794951207676,30.0,0.0,9845.125,12326.77918636393,27643,8,1.25e+19,3.3071891388307382e+19,1e+20,0.0,1046.4064287876677,1306.5560487261373,3000.0,0.0,57.083295055833055,118.52377736907383,370.05109999999996,0.0,1.6999999843392288e-06,0.007992800000010902,62.785343499999954,0.6886809000000085,63.48201889999996,659.9667935999996
718568663,889937879,252070889,776094449,2312.6209514520992,884.8587453050436,3000.0,139.82065981129128,842.4686279296875,-0.5157346,0.40863436,0.1234014,-0.9743928,-0.05784442462027073,0.7240024555215594,0.9453474283218384,-0.960286021232605,-308.6727294921875,1470.1523162235858,-1.6265651136636734,0.5469205423642254,-1.017411708831787,-2.4978957176208496,-0.10178183205425739,0.0009558072404866408,-0.1009637862443924,-0.10300350189208984,1.0968890935182571,0.0014776947691196847,1.0980721712112427,1.0949831008911133,1.5114156603813171,0.0013476423894846538,1.5124945640563965,1.5096774101257324,4.858187675476074,9,2312.6209514520992,884.8587453050436,3000.0,139.82065981129128,919.2698974609375,-4.801677,0.01809339,-4.7700324,-4.8280797,-76.826836,0.28949425,-76.32052,-77.249275,-4407.22119140625,1393.3510967080367,128.0,0.0,128,128,9.8327643541352e-06,7.53829458068293e-05,0.0006367305014519411,0.0,1.9506888051626259,1.996154671945472,23.814669077491185,0.9960347823778244,0.013489640605263437,0.009157280510178006,0.051671575466335974,0.0030674799578528254,0.7346104566079115,0.2741314463463011,0.9523356030665205,0.0,0.9801165696948155,0.70302224656531,11.918063601191362,0.1415702082849375,-131.45181982260527,203.82825965001226,92.47060185813221,-1232.75,72.40207688120006,235.27083993850306,1241.0,-1.0,-455.0478515625,648.2942135779599,-1.0,-4768.0,165.14042215079078,231.7347058519683,1563.5091491177786,0.2938285613682267,0.0005571317273083364,0.0001207988469554874,0.0008460236886632825,0.0004520795660036166,1.0,0.0,1.0,1.0,0.0,0.0,0.0,0.0,0.023473595727275767,0.0024077048859355485,0.02907417982646291,0.021257356140160482,16.0,0.0,16,16,26.625,8.929410674842993,30.0,3.0,22785.625,7628.313950957642,29050,3630,3.75e+19,4.841229182759272e+19,1e+20,0.0,2312.6209514520992,884.8587453050436,3000.0,139.82065981129128,79.10769158434479,90.88281432401244,238.97007267475837,0.0,2.499999936844688e-06,0.007540199999994002,124.10355489999995,1.0378067999999985,125.14890439999988,785.1187142999996
602957303,812297694,850839392,121930838,2312.6209514520992,884.8587453050436,3000.0,139.82065981129128,842.4686279296875,-0.5157346,0.40863436,0.1234014,-0.9743928,-0.05784442462027073,0.7240024555215594,0.9453474283218384,-0.960286021232605,-308.6727294921875,1470.1523162235858,-1.6265651136636734,0.5469205423642254,-1.017411708831787,-2.4978957176208496,-0.10178183205425739,0.0009558072404866408,-0.1009637862443924,-0.10300350189208984,1.0968890935182571,0.0014776947691196847,1.0980721712112427,1.0949831008911133,1.5114156603813171,0.0013476423894846538,1.5124945640563965,1.5096774101257324,4.858271598815918,10,2059.9118153686986,1188.0134640894555,3000.0,0.0,599.9046630859375,-4.807026,0.019213656,-4.7890263,-4.850363,-74.48723,6.156448,-58.204353,-77.13481,-2879.030517578125,1460.007168574103,128.0,0.0,128,128,0.00028484787540705936,0.003184326239304889,0.04993761694389223,0.0,1.687398738099401,1.8389288909887165,23.814669077491185,0.002029132165024828,0.025089210151317272,0.02918510430011621,0.1568596694182467,0.0030674799578528254,0.7000482878969637,0.26095803287707636,0.9523356030665205,0.0,0.945655685660328,0.9074587329367793,12.168405786051729,0.004510999320008622,-91.20546411284957,191.5106422811183,158.5,-1232.75,82.28420324955428,201.29984168143474,954.0,-1.0,-359.89495896513847,580.312179348829,-0.003144654088050314,-3538.0,143.3707026768384,200.2330014935065,1358.2903546370342,0.2938285613682267,0.0007464136100053004,0.0004159547770136241,0.0014619883040935672,0.0004520795660036166,1.0,0.0,1.0,1.0,0.0,0.0,0.0,0.0,0.026424368365342562,0.006887395359950076,0.038207995161906365,0.021257356140160482,15.5,1.3228756555322954,16,12,22.625,12.776320871048911,30.0,0.0,19517.25,12034.068978840864,30974,5,2.5e+19,4.330127018922194e+19,1e+20,0.0,2059.9118153686986,1188.0134640894555,3000.0,0.0,70.43166875776966,94.37408441633094,303.36942,0.0,1.500000053056283e-06,0.007805500000017673,124.96431240000004,0.8732076999999663,125.84532710000008,910.9665413000001
217946253,927586281,937426313,226591751,814.2358483287558,983.6427615243172,2385.3134673125205,0.0,-590.3248291015625,-0.5987303,0.3862517,0.051894665,-1.0033139,0.0784183070063591,0.6716647611379748,0.9501808285713196,-0.9443544745445251,641.0266723632812,1404.560669434103,-1.6055093258619308,0.6172886954497954,-1.0236501693725586,-2.5468320846557617,-0.09720176551491022,0.0023394845436169286,-0.09564599394798279,-0.10271847993135452,1.108394742012024,0.0011242186489291313,1.1093857288360596,1.1057955026626587,1.521850824356079,0.0010149562203797188,1.5227450132369995,1.5195034742355347,4.85900354385376,11,814.2358483287558,983.6427615243172,2385.3134673125205,0.0,-581.1942138671875,-4.79647,0.004661044,-4.788278,-4.803831,-74.944336,4.7524767,-62.37199,-76.8613,2789.180419921875,1395.4300365495683,128.0,0.0,128,128,0.0002644352961895198,0.00266392940293815,0.04993761694389223,0.0,1.444840668523734,1.4997455338542907,23.814669077491185,0.002029132165024828,0.026581075990016963,0.023220287600649165,0.1568596694182467,0.0030674799578528254,0.6787186897395361,0.24668523052916272,0.9523356030665205,0.0,0.9564379426422962,0.6973331596221634,12.168405786051729,0.004510999320008622,-200.21054766112414,485.21711546547493,158.5,-2366.5,53.49201769684542,187.38517082952686,1241.0,-1.0,-540.2868349513192,1075.1172004245025,-0.003144654088050314,-4768.0,235.13163896835968,487.9425152946688,2365.5,0.2938285613682267,0.0009179635591016783,0.0003416169743565231,0.0014619883040935672,0.0004520795660036166,1.0,0.0,1.0,1.0,0.0,0.0,0.0,0.0,0.02972234401375348,0.005795383177734132,0.038207995161906365,0.021257356140160482,15.625,0.9921567416492215,16,13,11.75,14.16642156650719,30.0,0.0,10458.875,13155.740177176463,30747,8,0.10744810358480088,0.15219274583407763,0.41899441340782123,0.0,814.2358483287558,983.6427615243172,2385.3134673125205,0.0,37.908617995113794,55.85113612581784,172.2252147996651,0.03988,1.3999999737279722e-06,0.007369400000015958,63.09497440000018,0.9808609000001525,64.08320610000033,975.0522489000006
272404799,398576445,826019350,77964601,814.2358483287558,983.6427615243172,2385.3134673125205,0.0,-590.3248291015625,-0.5987303,0.3862517,0.051894665,-1.0033139,0.0784183070063591,0.6716647611379748,0.9501808285713196,-0.9443544745445251,641.0266723632812,1404.560669434103,-1.6055093258619308,0.6172886954497954,-1.0236501693725586,-2.5468320846557617,-0.09720176551491022,0.0023394845436169286,-0.09564599394798279,-0.10271847993135452,1.108394742012024,0.0011242186489291313,1.1093857288360596,1.1057955026626587,1.521850824356079,0.0010149562203797188,1.5227450132369995,1.5195034742355347,4.858330249786377,12,1284.5923194275451,1262.4761994173093,3000.0,0.0,-99.75399780273438,-4.802186,0.01278803,-4.785832,-4.822706,-69.605896,13.273817,-38.58165,-77.0479,488.1142578125,1384.346264837366,128.0,0.0,128,128,0.00032392699845593397,0.0032864043386749146,0.04993761694389223,0.0,1.5033151081487066,1.3603787090825528,23.814669077491185,0.002029132165024828,0.028258088429503725,0.028998449685036176,0.1568596694182467,0.0030674799578528254,0.6862484580444492,0.24913851751876284,0.9523356030665205,0.0,0.915454021709748,0.7709613668819318,12.168405786051729,0.004510999320008622,-120.25594925690173,323.6466119785361,158.5,-2366.5,101.68476609829413,240.17764849685904,1241.0,-1.0,-413.32171677763847,775.2511455465765,-0.003144654088050314,-4768.0,177.59510119618653,327.35122281239353,2365.5,0.2938285613682267,0.0008552513231910375,0.0004178956269964806,0.0014619883040935672,0.0004520795660036166,1.0,0.0,1.0,1.0,0.0,0.0,0.0,0.0,0.0283650652536077,0.007054665461149216,0.038207995161906365,0.021257356140160482,14.5,2.7838821814150108,16,8,14.875,13.986042149228638,30.0,0.0,10865.625,10125.334166553468,22974,8,2.5e+19,4.330127018922194e+19,1e+20,0.0,1284.5923194275451,1262.4761994173093,3000.0,0.0,13.16521131128909,12.09273032833064,37.44281,0.0,1.6999999843392288e-06,0.007919099999980972,67.25713580000001,0.754761599999938,68.01981819999992,1043.0756478
542837249,494008192,621080892,339933393,813.3982252945126,1264.9100939208824,3000.0,0.0,-532.0462646484375,-0.7114496,0.27181488,-0.14773166,-1.0244958,-0.03149403026327491,0.6164400314350541,0.8894760608673096,-0.8970949649810791,259.09375,1345.444425020144,-1.3322473019361496,0.33043354966869254,-1.0271164178848267,-1.9627240896224976,-0.09715771675109863,0.0055028096876835,-0.09039010852575302,-0.10399367660284042,1.1101308017969131,0.0024236734036459976,1.1129937171936035,1.1069507598876953,1.5234139561653137,0.002183165404624349,1.5259919166564941,1.52054762840271,4.858930587768555,13,813.3982252945126,1264.9100939208824,3000.0,0.0,-513.853271484375,-4.803544,0.012362939,-4.7843237,-4.831234,-70.82698,11.345658,-43.481106,-76.900444,2460.43212890625,1327.2514608830809,128.0,0.0,128,128,0.0004611811144737283,0.003974942926927894,0.04993761694389223,0.0,1.2830822133640836,0.9820390519251522,7.280784013994536,0.002029132165024828,0.03511803253349642,0.03264099513387908,0.1568596694182467,0.0030674799578528254,0.6632436633881194,0.23205144372331954,0.9523356030665205,0.0,0.8858281268674452,0.8392367040380481,12.168405786051729,0.004510999320008622,-92.39835552475787,323.6222570755457,158.5,-2366.5,120.23285487278321,255.0198194213906,1241.0,-1.0,-343.27945016645776,763.0563154920021,-0.003144654088050314,-4768.0,162.21113839825597,326.3423463262536,2365.5,0.2938285613682267,0.0010167806442916742,0.0004045096247688911,0.0014619883040935672,0.0004520795660036166,1.0,0.0,1.0,1.0,0.0,0.0,0.0,0.0,0.031151213935531868,0.0067219821272644096,0.038207995161906365,0.021257356140160482,14.75,2.384848003542364,16,9,8.375,12.539313178958407,30.0,0.0,6300.75,9411.347216923834,25335,11,2.5e+19,4.330127018922194e+19,1e+20,0.0,813.3982252945126,1264.9100939208824,3000.0,0.0,10.23331988173328,7.918318072915283,16.689244417842623,0.0,1.6000001323845936e-06,0.008102299999791285,38.18308759999991,0.8345136999998886,39.02570519999972,1082.1038251000004
365262088,341893848,167739021,98998899,813.3982252945126,1264.9100939208824,3000.0,0.0,-532.0462646484375,-0.7114496,0.27181488,-0.14773166,-1.0244958,-0.03149403026327491,0.6164400314350541,0.8894760608673096,-0.8970949649810791,259.09375,1345.444425020144,-1.3322473019361496,0.33043354966869254,-1.0271164178848267,-1.9627240896224976,-0.09715771675109863,0.0055028096876835,-0.09039010852575302,-0.10399367660284042,1.1101308017969131,0.0024236734036459976,1.1129937171936035,1.1069507598876953,1.5234139561653137,0.002183165404624349,1.5259919166564941,1.52054762840271,4.858372211456299,14,542.443261477015,812.5372694152458,1953.696198907017,0.0,-706.327392578125,-4.8170085,0.042387903,-4.7811894,-4.890897,-59.96102,28.973633,-9.773766,-76.9622,3409.404296875,1248.7706409424743,128.0,0.0,128,128,0.0005000847095776621,0.00405550680430072,0.04993761694389223,0.0,1.2447533238626631,1.4696525447967628,23.814669077491185,0.002029132165024828,0.0364660450329196,0.03230236913948988,0.1568596694182467,0.0033556990676190143,0.6509384380669421,0.2289574363449326,0.9473185621809378,0.0,0.9298789322363674,0.9670108494987592,12.168405786051729,0.004510999320008622,-121.61571983770736,416.8331106359022,158.5,-2366.5,67.51395790635132,167.02899456715525,1241.0,-1.0,-367.6534736039577,926.1715181318046,-0.003144654088050314,-4768.0,175.80195544879484,412.55255734152644,2365.5,0.29832746706144486,0.0010829414727847562,0.00035985169501358044,0.0014619883040935672,0.0005636978579481398,1.0,0.0,1.0,1.0,0.0,0.0,0.0,0.0,0.032376841528548875,0.005777486472862354,0.038207995161906365,0.023735629392815445,12.5,6.06217782649107,16,2,7.875,11.994139193789607,30.0,0.0,8151.25,12657.904672081395,32871,7,0.03068181818181818,0.08117646068039085,0.24545454545454545,0.0,542.443261477015,812.5372694152458,1953.696198907017,0.0,14.168141337214623,8.742194287868136,24.319642526666687,0.03424000000000001,1.6000001323845936e-06,0.00785689999997885,61.950963799999954,0.6970134000000598,62.655835700000125,1144.7620971000001
729416111,254447594,550367865,732412360,914.8754392675539,1196.1957718097074,3000.0,0.0,-387.51214599609375,-0.78045,0.29738158,-0.12196541,-1.0343004,-0.049740719608962536,0.5351095604955514,0.9720550179481506,-0.6991517543792725,459.8407897949219,1302.387526444885,-1.3604736328125,0.6329445191929992,-1.0284794569015503,-3.0203890800476074,-0.0947862584143877,0.005421754246927355,-0.09041343629360199,-0.1038147583603859,1.116146132349968,0.001183213942694169,1.1172553300857544,1.1135411262512207,1.528819739818573,0.001060695552617027,1.5298136472702026,1.5264836549758911,4.859096050262451,15,914.8754392675539,1196.1957718097074,3000.0,0.0,-300.50567626953125,-4.8084793,0.012299054,-4.784022,-4.8228755,-70.304214,17.45901,-24.114376,-77.16505,1450.0833740234375,1215.3811207749823,128.0,0.0,128,128,0.0003627643233453889,0.0033849767039181113,0.04993761694389223,0.0,1.4004001260562273,1.5221282733092885,23.814669077491185,0.002029132165024828,0.030394337817065874,0.028766052156391605,0.1568596694182467,0.0030674799578528254,0.6713548276966621,0.24248620962822548,0.9523356030665205,0.0,0.9396961520847462,0.843220281781815,12.168405786051729,0.004510999320008622,-146.34617138516535,416.2229583951734,158.5,-2366.5,68.83257133102137,192.4919439887897,1241.0,-1.0,-434.51995896513847,939.1271538392261,-0.003144654088050314,-4768.0,193.5129933161055,416.1813751796703,2365.5,0.2938285613682267,0.0009567028805235126,0.0003812424961436382,0.0014619883040935672,0.0004520795660036166,1.0,0.0,1.0,1.0,0.0,0.0,0.0,0.0,0.03025801165083064,0.006332060108625125,0.038207995161906365,0.021257356140160482,14.625,3.637908052713812,16,5,10.375,13.152352451177698,30.0,0.0,9981.375,12357.179157654671,30067,7,1.25e+19,3.3071891388307382e+19,1e+20,0.0,914.8754392675539,1196.1957718097074,3000.0,0.0,18.461338466916104,21.86823615310907,70.62144365854283,0.0,2.1999999262334313e-06,0.008188099999870246,55.76159419999999,0.7317749000001186,56.501559399999906,1201.2662832
422396446,399713351,734901635,737248710,914.8754392675539,1196.1957718097074,3000.0,0.0,-387.51214599609375,-0.78045,0.29738158,-0.12196541,-1.0343004,-0.049740719608962536,0.5351095604955514,0.9720550179481506,-0.6991517543792725,459.8407897949219,1302.387526444885,-1.3604736328125,0.6329445191929992,-1.0284794569015503,-3.0203890800476074,-0.0947862584143877,0.005421754246927355,-0.09041343629360199,-0.1038147583603859,1.116146132349968,0.001183213942694169,1.1172553300857544,1.1135411262512207,1.528819739818573,0.001060695552617027,1.5298136472702026,1.5264836549758911,4.859001159667969,16,1675.6481577743452,1237.723672452566,3000.0,100.0,414.2403564453125,-4.803361,0.011691007,-4.786609,-4.819406,-76.853775,0.18705611,-76.58575,-77.1105,-1982.747802734375,1261.4078244749185,128.0,0.0,128,128,9.700223925177283e-06,7.436111461878103e-05,0.0006367305014519411,0.0,1.8215166199805077,1.6154060907652774,23.814669077491185,0.9960347823778244,0.015066114381541363,0.010657049862467816,0.051671575466335974,0.0030674799578528254,0.7294336465546919,0.2663499774856585,0.9523356030665205,0.0,0.9404992197069674,0.5215394604326204,11.918063601191362,0.1415702082849375,-125.19753545323354,208.58707957732597,92.47060185813221,-1232.75,112.13548127951836,299.36678634446525,1241.0,-1.0,-448.6962890625,661.9123459024646,-1.0,-4768.0,169.794572289551,243.85356660586547,1563.5091491177786,0.2938285613682267,0.000627713184987122,0.00017454077481693272,0.0008460236886632825,0.0004520795660036166,1.0,0.0,1.0,1.0,0.0,0.0,0.0,0.0,0.024808233335687636,0.0034409672222383194,0.02907417982646291,0.021257356140160482,16.0,0.0,16,16,19.5,13.564659966250536,30.0,1.0,15082.75,10459.220665876594,30181,1295,3.75e+19,4.841229182759272e+19,1e+20,0.0,1675.6481577743452,1237.723672452566,3000.0,100.0,13.682170260947426,11.152647223278647,30.362901968455944,0.0,1.8999999156221747e-06,0.008585500000208413,96.78331289999983,1.405154899999843,98.1970551999998,1299.4662875999998
892878741,694873649,142443833,848474627,1007.4967273676853,1275.3171392934964,3000.0,0.0,-265.4017028808594,-0.5795766,0.43972355,0.060142994,-1.0345788,-0.5279057435691357,0.37838490959393506,0.06515827775001526,-0.9972623586654663,442.4837646484375,1272.898446537165,-1.7882294207811356,1.3151639897389513,-1.0292143821716309,-5.148558139801025,-0.09814768563956022,0.00462320871472069,-0.09331215918064117,-0.10558019578456879,1.1155562102794647,0.0011910841723425678,1.1172635555267334,1.1136338710784912,1.52829110622406,0.001068059456674862,1.5298209190368652,1.526566982269287,4.859139442443848,17,1007.4967273676853,1275.3171392934964,3000.0,0.0,-228.52001953125,-4.8219132,0.02385428,-4.7952175,-4.860708,-55.331192,28.483397,-4.846532,-77.278404,1079.9613037109375,1236.016714764195,128.0,0.0,128,128,0.00032370669405450565,0.003286406221099726,0.04993761694389223,0.0,1.4470202931912255,1.3277222077959638,23.814669077491185,0.002029132165024828,0.028924129316400017,0.02890874677407736,0.1568596694182467,0.0030674799578528254,0.6818189502568982,0.24520621788793914,0.9523356030665205,0.0,0.9129629063816509,0.7737257024782404,12.168405786051729,0.004510999320008622,-114.08510447197867,327.2299436679271,158.5,-2366.5,105.35844058902654,254.2471246977911,1241.0,-1.0,-392.44378709013847,789.6782031670915,-0.003144654088050314,-4768.0,171.93246060054213,334.0394629283083,2365.5,0.2938285613682267,0.0009044943385234957,0.0003897487536021405,0.0014619883040935672,0.0004520795660036166,1.0,0.0,1.0,1.0,0.0,0.0,0.0,0.0,0.029342168214395503,0.006523916684190432,0.038207995161906365,0.021257356140160482,11.5,5.937171043518958,16,1,11.5,13.847382424126229,30.0,0.0,9842.25,12136.545346081808,28173,5,2.5e+19,4.330127018922194e+19,1e+20,0.0,1007.4967273676853,1275.3171392934964,3000.0,0.0,11.0697104771168,8.722542154698719,21.768619446105436,0.0,1.5999999050109182e-06,0.008092600000054517,63.01831519999996,0.7327963000000182,63.75920569999994,1363.2293926999994
824105924,170208024,281387505,610401323,1007.4967273676853,1275.3171392934964,3000.0,0.0,-265.4017028808594,-0.5795766,0.43972355,0.060142994,-1.0345788,-0.5279057435691357,0.37838490959393506,0.06515827775001526,-0.9972623586654663,442.4837646484375,1272.898446537165,-1.7882294207811356,1.3151639897389513,-1.0292143821716309,-5.148558139801025,-0.09814768563956022,0.00462320871472069,-0.09331215918064117,-0.10558019578456879,1.1155562102794647,0.0011910841723425678,1.1172635555267334,1.1136338710784912,1.52829110622406,0.001068059456674862,1.5298209190368652,1.526566982269287,4.8590617179870605,18,417.0848356707937,837.7693586649216,2621.324354657688,0.0,-737.0386962890625,-4.801174,0.011049037,-4.791507,-4.8223753,-76.81879,0.17678459,-76.66411,-77.158005,3531.810546875,1154.123526854855,128.0,0.0,128,128,0.0003232660852516491,0.00328640994164182,0.04993761694389223,0.0,1.3344306632762633,1.2523033505612606,23.814669077491185,0.002029132165024828,0.030256211090192595,0.02868213885145125,0.1568596694182467,0.0033556990676190143,0.6729599346817963,0.23689774759247673,0.9473185621809378,0.0,0.9079806757254569,0.7792010623991468,12.168405786051729,0.004510999320008622,-101.74341490213254,333.93947543861356,158.5,-2366.5,112.70578957049136,280.1307199696914,1241.0,-1.0,-350.68792771513847,816.1684805484973,-0.003144654088050314,-4768.0,160.60717940925332,346.7521438083213,2365.5,0.29832746706144486,0.0010029803691884122,0.0003031328344529946,0.0014619883040935672,0.0005636978579481398,1.0,0.0,1.0,1.0,0.0,0.0,0.0,0.0,0.03129637413597111,0.004734920906776552,0.038207995161906365,0.023735629392815445,16.0,0.0,16,16,5.0,9.526279441628825,30.0,0.0,4939.125,10749.489155740146,33301,8,0.07108274647887323,0.18806726969055076,0.5686619718309859,0.0,417.0848356707937,837.7693586649216,2621.324354657688,0.0,34.9539329449483,51.81419919547797,171.0836835595864,0.03988,1.8000000636675395e-06,0.004827199999908771,36.92711810000014,0.8334019000001263,37.76534900000024,1400.9972273999997
801015372,143084570,363464500,698099024,1769.9717105796221,1358.0258994092549,3000.0,0.0,447.3659973144531,-0.63536936,0.38007826,0.22824907,-1.0289171,-0.1166560910642147,0.6371076920068873,0.8685199022293091,-0.9766768217086792,46.309906005859375,1322.6057729414106,-1.4904767721891403,0.5959779624595701,-1.0330876111984253,-2.8486194610595703,-0.09918610006570816,0.003569488553791294,-0.09515222907066345,-0.10648137331008911,1.1105926036834717,0.001581602581062946,1.1128036975860596,1.109095811843872,1.5238312482833862,0.0014238310135617444,1.5258212089538574,1.5224835872650146,4.859085559844971,19,1769.9717105796221,1358.0258994092549,3000.0,0.0,554.2633056640625,-4.793995,0.018313289,-4.7682934,-4.8289194,-73.68584,7.776525,-53.11811,-76.95203,-2664.44580078125,1215.7083452273316,128.0,0.0,128,128,0.0002258182757014932,0.002536000638215447,0.04993761694389223,0.0,1.6040504655736945,1.3602527107885998,23.814669077491185,0.002029132165024828,0.02377878571555853,0.023141771190343236,0.1568596694182467,0.0030674799578528254,0.6980418278748741,0.25640617525313375,0.9523356030665205,0.0,0.9346869275953951,0.6050457654090274,12.168405786051729,0.004510999320008622,-180.29117031778358,408.26296908359313,158.5,-2366.5,82.67053797338575,222.83917192922715,954.0,-1.0,-539.9665224513192,922.7947644870245,-0.003144654088050314,-4732.0,224.8763874440851,410.3726756342931,2365.5,0.2938285613682267,0.0007672689864367451,0.0003901286651885036,0.0014619883040935672,0.0004520795660036166,1.0,0.0,1.0,1.0,0.0,0.0,0.0,0.0,0.026852294655742733,0.006744060800805831,0.038207995161906365,0.021257356140160482,15.375,1.653594569415369,16,11,18.875,14.36521406036123,30.0,0.0,17554.625,14226.30193459899,37642,8,2.5e+19,4.330127018922194e+19,1e+20,0.0,1769.9717105796221,1358.0258994092549,3000.0,0.0,78.58260190870573,112.3888215974183,283.41754269247997,0.0,1.500000053056283e-06,0.00795919999995931,124.03858809999997,0.9514126000001397,124.99796140000012,1525.997922
78547565,146764659,619817,532704722,1769.9717105796221,1358.0258994092549,3000.0,0.0,447.3659973144531,-0.63536936,0.38007826,0.22824907,-1.0289171,-0.1166560910642147,0.6371076920068873,0.8685199022293091,-0.9766768217086792,46.309906005859375,1322.6057729414106,-1.4904767721891403,0.5959779624595701,-1.0330876111984253,-2.8486194610595703,-0.09918610006570816,0.003569488553791294,-0.09515222907066345,-0.10648137331008911,1.1105926036834717,0.001581602581062946,1.1128036975860596,1.109095811843872,1.5238312482833862,0.0014238310135617444,1.5258212089538574,1.5224835872650146,4.858397483825684,20,325.03708593682313,781.9011866094437,2390.4129665643527,0.0,-801.6041259765625,-4.799056,0.0099096075,-4.786557,-4.8143954,-73.7814,7.908457,-52.861538,-77.03033,3842.595703125,1126.641219298281,128.0,0.0,128,128,0.000441055109872096,0.003572661720168723,0.04993761694389223,0.0,1.1614050513369567,0.7447946779389794,7.280784013994536,0.002029132165024828,0.035155620597160854,0.02751420138223705,0.1568596694182467,0.0030674799578528254,0.6489319780448525,0.2233147230743235,0.9523356030665205,0.0,0.9189101741714345,0.690914543573782,12.168405786051729,0.004510999320008622,-210.70142604264137,546.1995328871892,158.5,-2366.5,67.9002926301828,192.47277165500302,1241.0,-1.0,-547.7250370901385,1170.379193740201,-0.003144654088050314,-4768.0,257.3076402160416,541.5029341186506,2365.5,0.2938285613682267,0.001103796849216201,0.00030763356573947916,0.0014619883040935672,0.0004520795660036166,1.0,0.0,1.0,1.0,0.0,0.0,0.0,0.0,0.032804767818949046,0.00513137911929498,0.038207995161906365,0.021257356140160482,15.375,1.653594569415369,16,11,4.125,9.803538901845599,30.0,0.0,3626.75,8829.331369786729,26929,8,0.07550644567219153,0.19977127763102803,0.6040515653775322,0.0,325.03708593682313,781.9011866094437,2390.4129665643527,0.0,67.3043275,158.2324419564237,485.38004,0.03764000000000001,1.6999999843392288e-06,0.0075088000000960164,34.64139249999994,0.7539785999999822,35.4028816,1561.4035505000002
1025900559,689925184,1065863364,208285721,1588.2405540200948,1215.4566883381715,3000.0,0.0,239.07125854492188,-0.5682635,0.4567477,0.18292832,-1.0156884,-0.3856084877625108,0.5243603723673763,0.3487882912158966,-0.9705784916877747,-51.615203857421875,1349.169251049279,-1.483055293560028,0.5547138654725792,-1.0185507535934448,-2.6647567749023438,-0.10017430689185858,0.0033187198543480107,-0.09723328799009323,-0.10733817517757416,1.1029449999332428,0.0011954143903044195,1.1046350002288818,1.1010011434555054,1.516921803355217,0.0010842402497341145,1.5184534788131714,1.5151584148406982,4.857865333557129,21,1588.2405540200948,1215.4566883381715,3000.0,0.0,415.4394226074219,-4.8029675,0.01433675,-4.7797365,-4.825286,-76.247314,1.6141723,-72.019875,-77.204575,-1988.5208740234375,1172.8011527704623,128.0,0.0,128,128,0.00018629854384976202,0.0024006280654500435,0.04993761694389223,0.0,1.6755444656094265,1.796234501660847,23.814669077491185,0.002029132165024828,0.021941989211164654,0.02295894092633291,0.1568596694182467,0.0030674799578528254,0.7029826421522869,0.26071847750999305,0.9523356030665205,0.0,0.959906360889781,0.7765557378108237,12.168405786051729,0.004510999320008622,-138.8989956038853,327.7944717207855,158.5,-2366.5,70.61732410611073,214.95567835124578,1241.0,-1.0,-444.78390526381924,806.9869564076222,-0.003144654088050314,-4768.0,179.32670773344816,337.1278780670661,2365.5,0.2938285613682267,0.0007569173039159245,0.00034624179090085317,0.0014619883040935672,0.0004520795660036166,1.0,0.0,1.0,1.0,0.0,0.0,0.0,0.0,0.026865803689053204,0.005869675363633495,0.038207995161906365,0.021257356140160482,15.875,0.33071891388307384,16,15,19.375,13.792547806696195,30.0,0.0,17512.25,11851.93397456719,32201,7,1.25e+19,3.3071891388307382e+19,1e+20,0.0,1588.2405540200948,1215.4566883381715,3000.0,0.0,69.63656993084378,71.65753661320763,183.74576000000002,0.0,1.500000053056283e-06,0.007548499999984415,97.95583009999996,0.9779077999999117,98.9412878999999,1660.3475223000003
130755951,842391266,168703447,954017671,1588.2405540200948,1215.4566883381715,3000.0,0.0,239.07125854492188,-0.5682635,0.4567477,0.18292832,-1.0156884,-0.3856084877625108,0.5243603723673763,0.3487882912158966,-0.9705784916877747,-51.615203857421875,1349.169251049279,-1.483055293560028,0.5547138654725792,-1.0185507535934448,-2.6647567749023438,-0.10017430689185858,0.0033187198543480107,-0.09723328799009323,-0.10733817517757416,1.1029449999332428,0.0011954143903044195,1.1046350002288818,1.1010011434555054,1.516921803355217,0.0010842402497341145,1.5184534788131714,1.5151584148406982,4.85866117477417,22,1052.4266115572398,1233.7981054810293,3000.0,0.0,-108.3370361328125,-4.811533,0.022273125,-4.7759924,-4.845795,-54.013676,30.373983,-4.845795,-77.18302,512.5291748046875,1160.76369864914,128.0,0.0,128,128,0.00018616600342080412,0.0024006059387528538,0.04993761694389223,0.0,1.5463722804273083,1.3342712458669932,23.814669077491185,0.002029132165024828,0.023518462987442583,0.0230256396661973,0.1568596694182467,0.0030674799578528254,0.6978058320990672,0.25187481567269504,0.9523356030665205,0.0,0.9202890109019328,0.6157926548103776,12.168405786051729,0.004510999320008622,-132.64471123451358,330.91536612179766,158.5,-2366.5,110.35072850442901,283.9293519589257,1241.0,-1.0,-438.43234276381924,817.8876022526878,-0.003144654088050314,-4768.0,183.9808578722084,345.37913083172754,2365.5,0.2938285613682267,0.0008274987615947101,0.0003279530209859783,0.0014619883040935672,0.0004520795660036166,1.0,0.0,1.0,1.0,0.0,0.0,0.0,0.0,0.028200441297465073,0.005607277845668246,0.038207995161906365,0.021257356140160482,11.25,6.339361166552983,16,1,12.375,13.701619429833833,30.0,0.0,10599.5,11209.659026928517,25282,8,1.25e+19,3.3071891388307382e+19,1e+20,0.0,1052.4266115572398,1233.7981054810293,3000.0,0.0,50.94104197637233,97.99485975385437,309.2493563648732,0.0,1.8999999156221747e-06,0.007731499999863445,64.70351329999994,0.6691633000000365,65.38040999999976,1725.7305784
443352346,315096729,849946216,941622294,1527.0537647611332,1459.4214809437694,3000.0,0.0,160.0961151123047,-0.3633214,0.41110575,0.1673007,-0.9870477,-0.19551267474889755,0.7858995565181849,0.9910869002342224,-0.9924917221069336,149.0802459716797,1366.9577024204643,-2.3944257497787476,1.2626056089188151,-1.0342360734939575,-4.279539585113525,-0.09948298521339893,0.003204770786572606,-0.09541543573141098,-0.10565418750047684,1.0947084575891495,0.0016042182785353692,1.0970492362976074,1.0932300090789795,1.5094255059957504,0.0014650063894708937,1.5115625858306885,1.5080751180648804,4.858005046844482,23,1527.0537647611332,1459.4214809437694,3000.0,0.0,329.6610412597656,-4.815876,0.02109431,-4.78872,-4.849881,-66.16728,20.035652,-19.399525,-77.349,-1592.414306640625,1197.3927052603394,128.0,0.0,128,128,0.00022575200548701423,0.0025359911990497203,0.04993761694389223,0.0,1.5394643729826352,1.0593084775678998,7.280784013994536,0.002029132165024828,0.024567022603697496,0.023125760235846178,0.1568596694182467,0.0030674799578528254,0.6954534228482643,0.2519099998392537,0.9523356030665205,0.0,0.9148782526014709,0.503541979009538,12.168405786051729,0.004510999320008622,-177.16402813309773,409.8477660021205,158.5,-2366.5,102.5372401725449,258.41446129361935,1241.0,-1.0,-536.7907412013192,927.9121253364984,-0.003144654088050314,-4768.0,227.20346251346524,413.5395048354148,2365.5,0.2938285613682267,0.000802559715276138,0.00038281859568969646,0.0014619883040935672,0.0004520795660036166,1.0,0.0,1.0,1.0,0.0,0.0,0.0,0.0,0.027519613459948668,0.006666328683567892,0.038207995161906365,0.021257356140160482,13.75,4.175823272122517,16,4,15.625,14.456291882775473,30.0,0.0,11574.125,10032.1153357293,25002,8,3.75e+19,4.841229182759272e+19,1e+20,0.0,1527.0537647611332,1459.4214809437694,3000.0,0.0,39.44118250000001,92.2087407689923,282.71611000000007,0.0,1.5999999050109182e-06,0.010067799999887939,69.4983737,0.823433600000044,70.33187669999984,1796.0648715999998
681162505,413056707,187321319,658719870,1527.0537647611332,1459.4214809437694,3000.0,0.0,160.0961151123047,-0.3633214,0.41110575,0.1673007,-0.9870477,-0.19551267474889755,0.7858995565181849,0.9910869002342224,-0.9924917221069336,149.0802459716797,1366.9577024204643,-2.3944257497787476,1.2626056089188151,-1.0342360734939575,-4.279539585113525,-0.09948298521339893,0.003204770786572606,-0.09541543573141098,-0.10565418750047684,1.0947084575891495,0.0016042182785353692,1.0970492362976074,1.0932300090789795,1.5094255059957504,0.0014650063894708937,1.5115625858306885,1.5080751180648804,4.858669281005859,24,328.2263283926525,670.6888239224262,2093.43727654977,0.0,-782.249755859375,-4.8252707,0.05381795,-4.7725105,-4.9566197,-60.681934,22.606096,-9.9132395,-77.08811,3784.11474609375,1110.4760675735708,128.0,0.0,128,128,0.0005000184393631832,0.004055505383518645,0.04993761694389223,0.0,1.180167231271604,1.1769938058216731,23.814669077491185,0.002029132165024828,0.03725428192105856,0.031979698764635904,0.1568596694182467,0.0033556990676190143,0.6483500330403322,0.22336558299527148,0.9473185621809378,0.0,0.9100702572424434,0.9068592224810196,12.168405786051729,0.004510999320008622,-118.48857765302151,417.94665753128936,158.5,-2366.5,87.38066010551047,213.59223958463843,1241.0,-1.0,-364.4776923539577,930.6825231415312,-0.003144654088050314,-4768.0,178.12903051817497,415.9774050303516,2365.5,0.29832746706144486,0.001118232201624149,0.0003186884371493346,0.0014619883040935672,0.0005636978579481398,1.0,0.0,1.0,1.0,0.0,0.0,0.0,0.0,0.03304416033275481,0.004996365073793194,0.038207995161906365,0.023735629392815445,12.625,4.741769184597665,16,2,4.625,9.642840608451433,30.0,0.0,4484.75,9489.650741070505,29314,8,0.019966722129783693,0.052826981252537576,0.15973377703826955,0.0,328.2263283926525,670.6888239224262,2093.43727654977,0.0,14.803078867453028,9.83337183713609,32.096582186080006,0.03424000000000001,1.500000053056283e-06,0.005468399999926987,37.52545349999991,0.6999313000001166,38.23085470000001,1834.2981538
162243863,513207677,558468452,106512539,801.5748031496063,1270.9529621086942,3000.0,0.0,-508.84466552734375,-0.46813276,0.42272252,0.045508385,-1.0026859,-0.384698573499918,0.6225610168490631,0.9517027735710144,-0.9955745935440063,247.2847900390625,1310.4194124933786,-1.9668819904327393,1.185688975275684,-1.0318324565887451,-4.700541019439697,-0.09639530908316374,0.00415570524096555,-0.09236342459917068,-0.10313305258750916,1.0862469524145126,0.0012108510601401303,1.0881726741790771,1.0839993953704834,1.5016664862632751,0.0011149079300594763,1.5034383535385132,1.4995958805084229,4.858362197875977,25,801.5748031496063,1270.9529621086942,3000.0,0.0,-278.0111389160156,-4.8104115,0.021893106,-4.7897186,-4.855377,-61.844513,26.196741,-9.710754,-77.30967,1334.6962890625,1079.5859411311744,128.0,0.0,128,128,0.0003234863896530774,0.003286408088755355,0.04993761694389223,0.0,1.3907254782337444,1.2917910348202108,23.814669077491185,0.002029132165024828,0.02959017020329631,0.02880336742524816,0.1568596694182467,0.0030674799578528254,0.6773894424693472,0.24112846491421983,0.9523356030665205,0.0,0.910471791053554,0.7764722047924707,12.168405786051729,0.004510999320008622,-107.91425968705559,330.6593170771469,158.5,-2366.5,109.03211507975897,267.5273934164121,1241.0,-1.0,-371.56585740263847,803.3039365937782,-0.003144654088050314,-4768.0,166.26982000489772,340.5022342262458,2365.5,0.2938285613682267,0.0009537373538559539,0.0003525927930176638,0.0014619883040935672,0.0004520795660036166,1.0,0.0,1.0,1.0,0.0,0.0,0.0,0.0,0.030319271175183307,0.005783183607998649,0.038207995161906365,0.021257356140160482,12.875,5.464373248598599,16,2,8.375,12.529340565249234,30.0,0.0,7156.5,11100.013288280334,31154,5,2.5e+19,4.330127018922194e+19,1e+20,0.0,801.5748031496063,1270.9529621086942,3000.0,0.0,10.664400132995395,8.288859510517092,18.8036457626064,0.0,2.100000074278796e-06,0.00820690000000468,66.73650859999998,0.7925517999997282,67.53726939999979,1901.8379287999999
83180453,359158073,768092755,716663974,801.5748031496063,1270.9529621086942,3000.0,0.0,-508.84466552734375,-0.46813276,0.42272252,0.045508385,-1.0026859,-0.384698573499918,0.6225610168490631,0.9517027735710144,-0.9955745935440063,247.2847900390625,1310.4194124933786,-1.9668819904327393,1.185688975275684,-1.0318324565887451,-4.700541019439697,-0.09639530908316374,0.00415570524096555,-0.09236342459917068,-0.10313305258750916,1.0862469524145126,0.0012108510601401303,1.0881726741790771,1.0839993953704834,1.5016664862632751,0.0011149079300594763,1.5034383535385132,1.4995958805084229,4.858257293701172,26,948.2764832294088,1138.44506485203,3000.0,0.0,-118.178466796875,-4.803579,0.009983799,-4.787506,-4.819541,-67.86467,17.732395,-23.93753,-77.054825,569.9501953125,1066.4549953409978,128.0,0.0,128,128,0.00012689460555581825,0.001429216018989622,0.02499219116020307,0.0,1.5441926557598171,1.5056902944739496,23.814669077491185,0.9519626384322739,0.021175409661059526,0.01443311017417696,0.08333263889467588,0.0030674799578528254,0.694705571581705,0.253510479936461,0.9523356030665205,0.0,0.9637640471625781,0.5159318377772968,11.918063601191362,0.1130750627892556,-218.77015442365905,484.4215972967819,92.47060185813221,-2366.5,58.48430561224788,227.1680940756688,1241.0,-1.0,-586.275390625,1089.7831360114744,-1.0,-4768.0,247.18003624002597,494.2361599845748,2365.5,0.2938285613682267,0.0008409679821728927,0.00027281017397873795,0.001152073732718894,0.0004520795660036166,1.0,0.0,1.0,1.0,0.0,0.0,0.0,0.0,0.02858061709682305,0.004830595822423204,0.03392265406528907,0.021257356140160482,14.125,3.6890886408434267,16,5,11.875,14.057360171810354,30.0,0.0,11630.75,14551.228554232113,34101,13,1.25e+19,3.3071891388307382e+19,1e+20,0.0,948.2764832294088,1138.44506485203,3000.0,0.0,27.20536058877028,38.25445513632398,108.34882999999999,0.0,1.500000053056283e-06,0.007396299999982148,94.21111410000003,0.756016499999987,94.97452840000005,1996.8148968999997
908935816,689120544,66772386,210153226,1395.694801615161,1381.6604974506326,3000.0,0.0,76.74790954589844,-0.75385225,0.21568692,-0.35744917,-1.0045273,0.5204371232539415,0.3339438486007334,0.9076015949249268,-0.015587147325277328,-119.50706481933594,1318.9469514055568,-1.3741784244775772,0.3485941149274549,-0.9978920221328735,-2.0932424068450928,-0.09099045768380165,0.002163176261923653,-0.08902765810489655,-0.09458111971616745,1.081813782453537,0.0015667008289384327,1.0834925174713135,1.0792592763900757,1.4975765347480774,0.001448986098529193,1.4991281032562256,1.495213508605957,4.858460426330566,27,1395.694801615161,1381.6604974506326,3000.0,0.0,296.3157958984375,-4.797393,0.009881533,-4.780506,-4.81842,-67.16699,18.133518,-24.012676,-77.09472,-1425.069580078125,1099.3789759684141,128.0,0.0,128,128,8.790324647941403e-05,0.0011690586485044831,0.02499219116020307,0.0,1.6553989154858744,1.5560167014157245,23.814669077491185,0.9519626384322739,0.01891696427225471,0.01350974881074706,0.08333263889467588,0.0030674799578528254,0.707758099168551,0.2595006361743686,0.9523356030665205,0.0,0.9568394764534068,0.5164801395389459,11.918063601191362,0.1130750627892556,-189.63622969515825,414.51192113174017,92.47060185813221,-2366.5,75.14347267109389,250.05987381966818,1241.0,-1.0,-547.375,965.6665686845538,-1.0,-4768.0,223.27242845508243,427.01812621503706,2365.5,0.2938285613682267,0.0007534687113334831,0.00027124747953642463,0.001152073732718894,0.0004520795660036166,1.0,0.0,1.0,1.0,0.0,0.0,0.0,0.0,0.026997454856181977,0.004895390926962416,0.03392265406528907,0.021257356140160482,14.0,3.774917217635375,16,5,15.5,14.517231140957975,30.0,0.0,13214.625,12603.603938333472,29537,14,3.75e+19,4.841229182759272e+19,1e+20,0.0,1395.694801615161,1381.6604974506326,3000.0,0.0,13.94819125,23.486782338731203,72.03629,0.0,1.500000053056283e-06,0.007763600000089355,66.29219000000012,0.8518429000000651,67.15179800000033,2063.9691557
1037548823,362448527,229190383,283090007,1395.694801615161,1381.6604974506326,3000.0,0.0,76.74790954589844,-0.75385225,0.21568692,-0.35744917,-1.0045273,0.5204371232539415,0.3339438486007334,0.9076015949249268,-0.015587147325277328,-119.50706481933594,1318.9469514055568,-1.3741784244775772,0.3485941149274549,-0.9978920221328735,-2.0932424068450928,-0.09099045768380165,0.002163176261923653,-0.08902765810489655,-0.09458111971616745,1.081813782453537,0.0015667008289384327,1.0834925174713135,1.0792592763900757,1.4975765347480774,0.001448986098529193,1.4991281032562256,1.495213508605957,4.858335018157959,28,40.397631133671744,52.58067853324769,123.18104906937394,0.0,-953.0831909179688,-4.8073196,0.017452441,-4.7894363,-4.8459883,-67.2397,18.015823,-24.22994,-76.8892,4582.021484375,993.4808414849399,128.0,0.0,128,128,0.0006767045232602383,0.004693749741057348,0.04993761694389223,0.0,0.961317706675886,0.5932430263790629,7.280784013994536,0.002029132165024828,0.04504058964006349,0.03304200898057035,0.1568596694182467,0.006079008878392468,0.6211517263722585,0.19945527203717858,0.9411211105229104,0.0,0.8923511637655058,0.9613563092187994,12.168405786051729,0.004510999320008622,-132.1065982192246,488.15692176611964,158.5,-2366.5,81.92223283968872,171.54354161141706,1241.0,-1.0,-375.09167574277694,1036.4710836126233,-0.003144654088050314,-4768.0,197.97795669647675,477.4605033587197,2365.5,0.29832746706144486,0.0012687747628992792,0.00021473872266853907,0.0014619883040935672,0.0008460236886632825,1.0,0.0,1.0,1.0,0.0,0.0,0.0,0.0,0.03545926533374444,0.0031239978829065537,0.038207995161906365,0.02907417982646291,14.0,3.774917217635375,16,5,0.5,0.7071067811865476,2.0,0.0,269.75,666.601408264339,2033,5,0.0,0.0,0.0,0.0,40.397631133671744,52.58067853324769,123.18104906937394,0.0,10.214137783936643,7.884328603871301,16.84322227149315,0.03764000000000001,2.4000000848900527e-06,0.007471999999779655,6.12322660000018,0.578046500000255,6.7087475000003,2070.680484100001
318332697,489361351,630194419,887063900,1078.2590133498575,1310.0297249395342,3000.0,0.0,-216.61917114257812,-0.5661836,0.34766024,0.14074993,-0.9607736,-0.003740604966878891,0.7143650632860716,0.9319325685501099,-0.9864783883094788,-111.00068664550781,1294.878157599987,-1.677722156047821,0.7866201018488886,-1.0276087522506714,-3.4763145446777344,-0.09007543232291937,0.005553128983017113,-0.08474437147378922,-0.09888145327568054,1.0806970447301865,0.0018128331016958913,1.0830714702606201,1.0786367654800415,1.4965433776378632,0.0016772575318124902,1.49873948097229,1.4946365356445312,4.856450080871582,29,1078.2590133498575,1310.0297249395342,3000.0,0.0,76.3003158569336,-4.797646,0.028419333,-4.765525,-4.863203,-71.89913,12.472362,-38.905624,-76.92233,-349.9664306640625,1001.9586586714316,128.0,0.0,128,128,0.0003629183575323382,0.0033849679479763116,0.04993761694389223,0.0,1.3921088484226494,1.2894650740348728,23.814669077491185,0.002029132165024828,0.030516533818308548,0.028714431962823837,0.1568596694182467,0.0030674799578528254,0.6731959304576032,0.2417343041561306,0.9523356030665205,0.0,0.9223785924189192,0.7709659583496238,12.168405786051729,0.004510999320008622,-149.38987398540255,414.287243767275,158.5,-2366.5,85.02559903944812,218.2773854320862,1241.0,-1.0,-452.22210740263847,930.8915890129796,-0.003144654088050314,-4768.0,201.50270898113,413.8451353422033,2365.5,0.2938285613682267,0.0009427505940304471,0.00039708329389549307,0.0014619883040935672,0.0004520795660036166,1.0,0.0,1.0,1.0,0.0,0.0,0.0,0.0,0.02994822749424877,0.006693863619639497,0.038207995161906365,0.021257356140160482,15.0,2.6457513110645907,16,8,13.0,13.892443989449804,30.0,0.0,12674.0,13198.149946109872,33233,5,2.5e+19,4.330127018922194e+19,1e+20,0.0,1078.2590133498575,1310.0297249395342,3000.0,0.0,17.740428697738963,29.29778702611981,92.60845958191172,0.0,1.500000053056283e-06,0.00495150000006106,62.855399900000066,0.924079299999903,63.78443220000008,2134.467418200002
383564362,47154366,857955630,992203680,1078.2590133498575,1310.0297249395342,3000.0,0.0,-216.61917114257812,-0.5661836,0.34766024,0.14074993,-0.9607736,-0.003740604966878891,0.7143650632860716,0.9319325685501099,-0.9864783883094788,-111.00068664550781,1294.878157599987,-1.677722156047821,0.7866201018488886,-1.0276087522506714,-3.4763145446777344,-0.09007543232291937,0.005553128983017113,-0.08474437147378922,-0.09888145327568054,1.0806970447301865,0.0018128331016958913,1.0830714702606201,1.0786367654800415,1.4965433776378632,0.0016772575318124902,1.49873948097229,1.4946365356445312,4.8568549156188965,30,1740.5396896954271,1361.0856682188294,3000.0,0.0,664.722900390625,-4.8089094,0.0136272805,-4.7860165,-4.822636,-64.91768,18.941263,-24.11318,-77.06915,-3195.695556640625,1075.816761773831,128.0,0.0,128,128,0.0004220142274523833,0.0038923615345570354,0.04993761694389223,0.0,1.5400432135394149,1.9914424632828307,23.814669077491185,0.002029132165024828,0.031038721365928324,0.033693836352203466,0.1568596694182467,0.0030674799578528254,0.6777907955063026,0.25155607934936536,0.9523356030665205,0.0,0.9531560254777762,1.0788204919628828,12.168405786051729,0.004510999320008622,-63.43130996515439,188.57412957099194,158.5,-1232.75,64.7725621164575,143.8029263174611,954.0,-1.0,-275.3263251664577,558.9103634683063,-0.003144654088050314,-3538.0,117.66994914450319,189.834134646517,1358.2903546370342,0.2938285613682267,0.0008866044887596096,0.00044708588132328487,0.0014619883040935672,0.0004520795660036166,1.0,0.0,1.0,1.0,0.0,0.0,0.0,0.0,0.028852982399642665,0.007288617296905668,0.038207995161906365,0.021257356140160482,13.5,3.9370039370059056,16,5,18.75,14.523687548277813,30.0,0.0,16284.875,12856.13671984609,30409,5,1.25e+19,3.3071891388307382e+19,1e+20,0.0,1740.5396896954271,1361.0856682188294,3000.0,0.0,35.9942978387147,35.86027368604321,119.91016556350979,0.0,2.099999619531445e-06,0.007761800000025687,92.58700810000028,0.7479850999998234,93.34275709999974,2227.812595700001
439523032,143660183,704615095,858727745,1408.5090598245993,1413.777252534027,3000.0,0.0,102.26785278320312,-0.90026784,0.12983742,-0.637568,-1.0048829,0.14243215788155794,0.38108732274260704,0.7659938335418701,-0.3116154670715332,-194.38037109375,1306.241247822448,-1.125859335064888,0.19221361386931518,-1.001906394958496,-1.5212597846984863,-0.08807948511093855,0.006781302597800736,-0.08138412982225418,-0.09652560204267502,1.0827664583921432,0.0020130363016247765,1.0855470895767212,1.0807361602783203,1.4984561055898666,0.0018590251024068764,1.5010225772857666,1.496580958366394,4.857034683227539,31,1408.5090598245993,1413.777252534027,3000.0,0.0,299.4231262207031,-4.796983,0.012683634,-4.7710466,-4.8097143,-68.95619,20.624422,-14.391743,-76.95543,-1444.6763916015625,1109.0859915789079,128.0,0.0,128,128,0.0004611596207157369,0.003974958389249385,0.04993761694389223,0.0,1.4205456761797797,1.7698641394376677,23.814669077491185,0.002029132165024828,0.03341936275597582,0.03320612488353807,0.1568596694182467,0.0030674799578528254,0.6665793706803979,0.2430749301835951,0.9523356030665205,0.0,0.9427630365211204,1.0234318131592037,12.168405786051729,0.004510999320008622,-95.60893729389241,323.2302559801839,158.5,-2366.5,64.3064227660382,143.77768779345075,954.0,-1.0,-331.9288642289577,759.9473617315064,-0.003144654088050314,-4732.0,149.5672725944712,319.22102601385853,2365.5,0.2938285613682267,0.000960151473105954,0.00043617918311224376,0.0014619883040935672,0.0004520795660036166,1.0,0.0,1.0,1.0,0.0,0.0,0.0,0.0,0.030126360483701868,0.0071722893124100875,0.038207995161906365,0.021257356140160482,14.375,4.29934588047996,16,3,15.0,15.0,30.0,0.0,13259.875,13512.402862162415,30579,7,1.25e+19,3.3071891388307382e+19,1e+20,0.0,1408.5090598245993,1413.777252534027,3000.0,0.0,24.058462021585203,20.2625246771551,54.4681,0.0,1.8000000636675395e-06,0.008657200000016019,64.45966859999999,0.666146800000206,65.13447440000027,2292.9494776000015
834942321,1043933005,705144579,174377856,1408.5090598245993,1413.777252534027,3000.0,0.0,102.26785278320312,-0.90026784,0.12983742,-0.637568,-1.0048829,0.14243215788155794,0.38108732274260704,0.7659938335418701,-0.3116154670715332,-194.38037109375,1306.241247822448,-1.125859335064888,0.19221361386931518,-1.001906394958496,-1.5212597846984863,-0.08807948511093855,0.006781302597800736,-0.08138412982225418,-0.09652560204267502,1.0827664583921432,0.0020130363016247765,1.0855470895767212,1.0807361602783203,1.4984561055898666,0.0018590251024068764,1.5010225772857666,1.496580958366394,4.855950832366943,32,1251.9689962287016,1275.9592503327447,2933.6504161712246,0.0,128.5947265625,-4.8015385,0.028672293,-4.757714,-4.850559,-67.74165,18.839214,-19.402237,-77.113495,-607.6831665039062,1123.3742920438872,128.0,0.0,128,128,0.0004613136549026862,0.003974947119968197,0.04993761694389223,0.0,1.4122543985462017,1.574356641143928,23.814669077491185,0.002029132165024828,0.033541558757218495,0.033150268236654366,0.1568596694182467,0.0030674799578528254,0.668420473441339,0.24236113105021478,0.9523356030665205,0.0,0.9254454768552933,0.9648248356155203,12.168405786051729,0.004510999320008622,-98.6526398941296,321.21492141047156,158.5,-2366.5,80.49945047446494,177.23000901643493,954.0,-1.0,-349.63101266645776,752.1645415694579,-0.003144654088050314,-4732.0,157.55698825949577,317.27771758481015,2365.5,0.2938285613682267,0.0009461991866128886,0.0004501975263247711,0.0014619883040935672,0.0004520795660036166,1.0,0.0,1.0,1.0,0.0,0.0,0.0,0.0,0.02981657632712,0.0074881901704256645,0.038207995161906365,0.021257356140160482,14.125,3.950870157319777,16,4,15.0,15.0,30.0,0.0,13193.375,13263.572792968529,29449,5,0.20889832123297333,0.22252527488948204,0.507168458781362,0.0,1251.9689962287016,1275.9592503327447,2933.6504161712246,0.0,87.12037875000006,92.1114971791535,214.74846,0.03988,1.2999998943996616e-06,0.004893199999969511,94.27832880000005,0.7327085000001716,95.01593180000009,2387.967896000002
214548472,66508029,154173901,194758406,1448.7343600720524,1308.945161602313,3000.0,100.0,128.2437744140625,-0.7009097,0.1414012,-0.43786383,-0.9326738,-0.37865525856614113,0.4891680447633544,0.8757625818252563,-0.6878210306167603,-189.89041137695312,1320.4905590474086,-1.2455326914787292,0.25523990997425255,-1.0278853178024292,-1.8944051265716553,-0.08075399044901133,0.004949166045971188,-0.07693775743246078,-0.09261487424373627,1.0876977890729904,0.0021748745277936354,1.0896682739257812,1.0836015939712524,1.502999871969223,0.0020010117513743187,1.5048118829727173,1.499228835105896,4.855848789215088,33,1448.7343600720524,1308.945161602313,3000.0,100.0,292.8240966796875,-4.7935123,0.019096395,-4.767543,-4.8263035,-71.289474,14.232545,-33.64184,-77.220856,-1403.0911865234375,1155.9102988467037,128.0,0.0,128,128,0.00014702061015745056,0.002256449318292511,0.04993761694389223,0.0,1.6658698177869438,1.6073679825609941,23.814669077491185,0.002029132165024828,0.02113782159739509,0.022708301935858974,0.1568596694182467,0.0030674799578528254,0.709017256924972,0.25871949268362027,0.9523356030665205,0.0,0.9306819998585887,0.7043498534189228,12.168405786051729,0.004510999320008622,-100.46708390577555,207.29406687445447,158.5,-1232.75,110.81686785484831,283.86653358315215,1241.0,-1.0,-381.82980370131924,644.8702709199512,-0.003144654088050314,-4768.0,152.08353442224035,235.8327410752905,1563.5091491177786,0.2938285613682267,0.0007539517772483658,0.00031252883975394717,0.0014619883040935672,0.0004520795660036166,1.0,0.0,1.0,1.0,0.0,0.0,0.0,0.0,0.02692706321340587,0.005312148942896487,0.038207995161906365,0.021257356140160482,14.875,2.9764702249476644,16,7,15.875,14.137162904911296,30.0,1.0,13505.0,12053.241451991244,32426,16,2.5e+19,4.330127018922194e+19,1e+20,0.0,1448.7343600720524,1308.945161602313,3000.0,100.0,24.950528227095266,25.651958577869323,83.14849581676214,0.0,2.1999999262334313e-06,0.007610600000134582,94.08312860000024,0.8317317000000912,94.92247310000039,2482.893181200002
703492660,601149909,63948230,182121986,1448.7343600720524,1308.945161602313,3000.0,100.0,128.2437744140625,-0.7009097,0.1414012,-0.43786383,-0.9326738,-0.37865525856614113,0.4891680447633544,0.8757625818252563,-0.6878210306167603,-189.89041137695312,1320.4905590474086,-1.2455326914787292,0.25523990997425255,-1.0278853178024292,-1.8944051265716553,-0.08075399044901133,0.004949166045971188,-0.07693775743246078,-0.09261487424373627,1.0876977890729904,0.0021748745277936354,1.0896682739257812,1.0836015939712524,1.502999871969223,0.0020010117513743187,1.5048118829727173,1.499228835105896,4.857697010040283,34,1034.913987302213,1265.0666249713915,3000.0,0.0,-108.8967056274414,-4.7880836,0.017995268,-4.7529645,-4.812036,-70.07401,17.504307,-23.764822,-76.99258,523.9804077148438,1143.8106676922546,128.0,0.0,128,128,0.0004220357212103748,0.003892345960283134,0.04993761694389223,0.0,1.4025797507237188,1.3530254256928844,23.814669077491185,0.002029132165024828,0.032737391143448924,0.03325883775537919,0.1568596694182467,0.0030674799578528254,0.6744550882140241,0.24107614558690518,0.9523356030665205,0.0,0.8962211158241009,0.906610539797495,12.168405786051729,0.004510999320008622,-60.220728196019856,188.69857294044724,158.5,-1232.75,120.6989942232025,254.93180928727944,1241.0,-1.0,-286.67691110395776,564.2700473794852,-0.003144654088050314,-4768.0,130.31381494828793,203.5703150947565,1563.5091491177786,0.2938285613682267,0.0009432336599453299,0.0004261353676501264,0.0014619883040935672,0.0004520795660036166,1.0,0.0,1.0,1.0,0.0,0.0,0.0,0.0,0.029877835851472665,0.007034010498212819,0.038207995161906365,0.021257356140160482,14.625,3.637908052713812,16,5,11.875,14.07513321428966,30.0,0.0,10307.125,12119.475261304633,28620,5,1.25e+19,3.3071891388307382e+19,1e+20,0.0,1034.913987302213,1265.0666249713915,3000.0,0.0,46.349143982994725,73.08677886990452,236.87082999999998,0.0,1.4000002011016477e-06,0.004748000000290631,67.33335750000015,0.8082932999996046,68.14640020000024,2551.042434300002
835778124,127995867,371751061,571769547,862.5,1236.868525753647,3000.0,0.0,-412.1915283203125,-0.7765753,0.24852817,-0.33396566,-1.0081345,-0.08219210570678115,0.5328315764731313,0.8713406324386597,-0.841426432132721,207.38101196289062,1274.691503142668,-1.2326485514640808,0.28368745435645154,-1.0085738897323608,-1.8387596607208252,-0.07461207825690508,0.00536635667773902,-0.07033228129148483,-0.08752615004777908,1.0947067886590958,0.0030625249461242432,1.0978261232376099,1.0883524417877197,1.5094211399555206,0.0028010784877402777,1.512270450592041,1.5036035776138306,4.856217861175537,35,862.5,1236.868525753647,3000.0,0.0,-253.1795654296875,-4.801039,0.018110566,-4.779115,-4.8411994,-66.6437,19.605951,-19.11646,-77.45919,1216.8994140625,1115.679600923029,128.0,0.0,128,128,0.00022531139668415767,0.0025359790016285053,0.04993761694389223,0.0,1.4268747430676731,0.9738420615596151,7.280784013994536,0.002029132165024828,0.025899104377490073,0.023094550881300246,0.1568596694182467,0.0030674799578528254,0.6865944072731623,0.24432494255107184,0.9523356030665205,0.0,0.909896021945277,0.5119340221031041,12.168405786051729,0.004510999320008622,-164.8223385632516,417.0951084688979,158.5,-2366.5,109.88458915400972,283.9913913260895,1241.0,-1.0,-495.03488182631924,956.8776821852866,-0.003144654088050314,-4768.0,215.87818132217643,425.34871315019905,2365.5,0.2938285613682267,0.0009010457459410544,0.00032651764800210696,0.0014619883040935672,0.0004520795660036166,1.0,0.0,1.0,1.0,0.0,0.0,0.0,0.0,0.029473819381524276,0.0056054633881243935,0.038207995161906365,0.021257356140160482,13.875,4.075460096725276,16,4,8.625,12.36868525753647,30.0,0.0,5955.75,8429.262997884216,20441,11,2.5e+19,4.330127018922194e+19,1e+20,0.0,862.5,1236.868525753647,3000.0,0.0,8.69426125,8.703197784928593,18.90689,0.0,1.5999999050109182e-06,0.008016500000394444,38.02306090000002,0.9794569000000592,39.01053590000038,2590.0555125000014
658856199,175183949,590449352,850318411,862.5,1236.868525753647,3000.0,0.0,-412.1915283203125,-0.7765753,0.24852817,-0.33396566,-1.0081345,-0.08219210570678115,0.5328315764731313,0.8713406324386597,-0.841426432132721,207.38101196289062,1274.691503142668,-1.2326485514640808,0.28368745435645154,-1.0085738897323608,-1.8387596607208252,-0.07461207825690508,0.00536635667773902,-0.07033228129148483,-0.08752615004777908,1.0947067886590958,0.0030625249461242432,1.0978261232376099,1.0883524417877197,1.5094211399555206,0.0028010784877402777,1.512270450592041,1.5036035776138306,4.857599258422852,36,1348.2617991112763,1307.830268442984,3000.0,0.0,209.32394409179688,-4.7942376,0.019096294,-4.7745748,-4.8362374,-76.7078,0.3055407,-76.393196,-77.3798,-988.6751708984375,1138.9378207418538,128.0,0.0,128,128,0.00022544393711311557,0.0025359979013116767,0.04993761694389223,0.0,1.5560469282497913,1.5573755180820281,23.814669077491185,0.002029132165024828,0.024322630601212147,0.023190455025171787,0.1568596694182467,0.0030674799578528254,0.691771217326382,0.253661108826439,0.9523356030665205,0.0,0.949513371933125,0.6976662157199477,12.168405786051729,0.004510999320008622,-171.0766229326233,414.1377423039054,158.5,-2366.5,70.15118475569145,214.95147008644648,1241.0,-1.0,-501.38644432631924,947.1978079728887,-0.003144654088050314,-4768.0,211.2240311834162,419.0309055417928,2365.5,0.2938285613682267,0.0008304642882622688,0.000359619347331753,0.0014619883040935672,0.0004520795660036166,1.0,0.0,1.0,1.0,0.0,0.0,0.0,0.0,0.028139181773112407,0.006150751205580731,0.038207995161906365,0.021257356140160482,16.0,0.0,16,16,15.375,14.653817761934942,30.0,0.0,12241.75,11567.610705651361,28186,5,2.5e+19,4.330127018922194e+19,1e+20,0.0,1348.2617991112763,1307.830268442984,3000.0,0.0,17.68627444703183,25.754611536331804,80.9143255318717,0.0,1.5999999050109182e-06,0.008927400000175112,65.22729979999986,0.7824743999999555,66.01870319999989,2656.088345300001
598187340,610468907,246493716,547970590,91.45833333333333,97.94924103557129,231.66666666666666,0.0,-1064.9097900390625,-0.67096317,0.28258178,-0.052152157,-0.99191505,-0.077479999512434,0.6405795932418658,0.8203997611999512,-0.9302342534065247,732.1812133789062,1156.3681861617345,-1.3510564714670181,0.3228466774838536,-1.0546958446502686,-2.0571155548095703,-0.07554096076637506,0.007314173948917111,-0.06875452399253845,-0.08496584743261337,1.098388984799385,0.004819439295732158,1.1034777164459229,1.0922070741653442,1.5127733945846558,0.004392343195090112,1.5174052715301514,1.507138967514038,4.857631683349609,37,91.45833333333333,97.94924103557129,231.66666666666666,0.0,-942.7314453125,-4.791025,0.022056907,-4.762019,-4.8230796,-71.28337,14.310482,-33.43215,-77.16927,4517.5478515625,1034.1898720010017,128.0,0.0,128,128,0.00046074050567087167,0.003974961241528388,0.04993761694389223,0.0,1.1704925834491213,0.8560973453907025,7.280784013994536,0.002029132165024828,0.03645011430728899,0.032185127640074085,0.1568596694182467,0.006079008878392468,0.6543846478130174,0.2225156366330089,0.9411211105229104,0.0,0.8808458962112511,0.844127179347087,12.168405786051729,0.004510999320008622,-80.05666595491175,329.5939930450806,158.5,-2366.5,127.58020385424804,280.4427804848735,1241.0,-1.0,-301.52359079145776,787.837842717755,-0.003144654088050314,-4768.0,150.88585720696716,339.0189080758985,2365.5,0.29832746706144486,0.0011152666749565906,0.0002854753856525701,0.0014619883040935672,0.0008460236886632825,1.0,0.0,1.0,1.0,0.0,0.0,0.0,0.0,0.03310541985710748,0.004239402680701867,0.038207995161906365,0.02907417982646291,14.875,2.9764702249476644,16,7,1.0,1.118033988749895,3.0,0.0,801.25,991.795436317389,3036,4,0.0,0.0,0.0,0.0,91.45833333333333,97.94924103557129,231.66666666666666,0.0,15.80166,6.378653307401572,22.87368,0.03988,1.4000002011016477e-06,0.007028399999853718,9.592460599999868,0.708652699999675,10.308143099999597,2666.399137900001
634267172,165032807,710190855,654118701,91.45833333333333,97.94924103557129,231.66666666666666,0.0,-1064.9097900390625,-0.67096317,0.28258178,-0.052152157,-0.99191505,-0.077479999512434,0.6405795932418658,0.8203997611999512,-0.9302342534065247,732.1812133789062,1156.3681861617345,-1.3510564714670181,0.3228466774838536,-1.0546958446502686,-2.0571155548095703,-0.07554096076637506,0.007314173948917111,-0.06875452399253845,-0.08496584743261337,1.098388984799385,0.004819439295732158,1.1034777164459229,1.0922070741653442,1.5127733945846558,0.004392343195090112,1.5174052715301514,1.507138967514038,4.857666015625,38,1764.837660920591,1352.208310155078,3000.0,0.0,657.5830078125,-4.8057413,0.04846741,-4.765445,-4.9256487,-65.256,22.302639,-9.851297,-76.830086,-3163.33544921875,1107.2546508929606,128.0,0.0,128,128,0.00018645257803671136,0.0024006270420268943,0.04993761694389223,0.0,1.6672531879758488,1.6052621835457663,23.814669077491185,0.002029132165024828,0.022064185212407328,0.02293930036299586,0.1568596694182467,0.0030674799578528254,0.704823744913228,0.25979525851731805,0.9523356030665205,0.0,0.9425888012239538,0.6979304136132364,12.168405786051729,0.004510999320008622,-141.9426982041225,325.4027026936684,158.5,-2366.5,86.81035181453746,238.20161847403338,1241.0,-1.0,-462.48605370131924,797.1598957719303,-0.003144654088050314,-4768.0,187.3164233984727,334.5784720305003,2365.5,0.2938285613682267,0.0007429650174228591,0.000355861978844706,0.0014619883040935672,0.0004520795660036166,1.0,0.0,1.0,1.0,0.0,0.0,0.0,0.0,0.026556019532471335,0.006088038210192059,0.038207995161906365,0.021257356140160482,13.625,4.688749833377763,16,2,19.0,14.212670403551895,30.0,0.0,17994.875,13823.451779833249,33639,8,3.75e+19,4.841229182759271e+19,1e+20,0.0,1764.837660920591,1352.208310155078,3000.0,0.0,19.619355499703126,33.293134762198456,105.1121300830072,0.0,1.8999999156221747e-06,0.005498100000295381,124.65038030000005,0.7731392000000596,125.42901950000032,2791.8306784000015
762393540,477862457,419901168,304979452,1398.7758564964447,1393.0850622488347,3000.0,0.0,218.16683959960938,-0.61703265,0.28219107,-0.05703354,-0.93644124,-0.06621880829334259,0.6831153623721984,0.8482599854469299,-0.9288580417633057,-27.570266723632812,1180.6089531952055,-1.416355773806572,0.33360823725625977,-1.0428946018218994,-2.0431759357452393,-0.07571790926158428,0.00595937229491761,-0.06840145587921143,-0.08308611065149307,1.0986219495534897,0.0048642756057253505,1.1054000854492188,1.0927668809890747,1.5129853188991547,0.004428680330912641,1.5191458463668823,1.507651448249817,4.85594367980957,39,1398.7758564964447,1393.0850622488347,3000.0,0.0,262.3691101074219,-4.8173113,0.028746441,-4.7858024,-4.8756304,-65.53705,17.62439,-24.37815,-77.0772,-1255.80078125,1136.4067714533091,128.0,0.0,128,128,0.0004614676890896355,0.003974935844686023,0.04993761694389223,0.0,1.4039631209126235,1.350792768854998,23.814669077491185,0.002029132165024828,0.03366375475846117,0.03309386612074366,0.1568596694182467,0.0030674799578528254,0.6702615762022801,0.24163119559644286,0.9523356030665205,0.0,0.9081279171894663,0.9020872767693476,12.168405786051729,0.004510999320008622,-101.6963424943668,319.15783687921277,158.5,-2366.5,96.69247818289166,204.0208332302573,954.0,-1.0,-367.33316110395776,743.8792042176617,-0.003144654088050314,-4732.0,165.54670392452027,315.1199225525048,2365.5,0.2938285613682267,0.0009322469001198232,0.00046337243448510456,0.0014619883040935672,0.0004520795660036166,1.0,0.0,1.0,1.0,0.0,0.0,0.0,0.0,0.02950679217053813,0.007778966359913687,0.038207995161906365,0.021257356140160482,13.625,3.7059917700933984,16,5,15.125,14.878150926778503,30.0,0.0,13406.875,13695.021772869695,33661,7,2.5e+19,4.330127018922194e+19,1e+20,0.0,1398.7758564964447,1393.0850622488347,3000.0,0.0,57.970926803446744,109.28021622972717,341.051984969004,0.0,1.6999997569655534e-06,0.008231900000282621,92.44247200000018,0.7786995999999817,93.2294052000002,2885.062553400002
3487954,592003168,970653965,542518282,1398.7758564964447,1393.0850622488347,3000.0,0.0,218.16683959960938,-0.61703265,0.28219107,-0.05703354,-0.93644124,-0.06621880829334259,0.6831153623721984,0.8482599854469299,-0.9288580417633057,-27.570266723632812,1180.6089531952055,-1.416355773806572,0.33360823725625977,-1.0428946018218994,-2.0431759357452393,-0.07571790926158428,0.00595937229491761,-0.06840145587921143,-0.08308611065149307,1.0986219495534897,0.0048642756057253505,1.1054000854492188,1.0927668809890747,1.5129853188991547,0.004428680330912641,1.5191458463668823,1.507651448249817,4.855832576751709,40,1451.6728266173072,1359.48790231624,3000.0,0.0,283.739501953125,-4.7957983,0.015017099,-4.7721267,-4.814089,-70.715164,15.811932,-28.884533,-76.94521,-1353.6124267578125,1167.933376969709,128.0,0.0,128,128,0.0001863863078222324,0.0024006159838659783,0.04993761694389223,0.0,1.6026670953847897,1.3626730074099784,23.814669077491185,0.002029132165024828,0.022852422100546294,0.022982030731277785,0.1568596694182467,0.0030674799578528254,0.7022353398866181,0.25542749725794295,0.9523356030665205,0.0,0.9227801262300297,0.6122859298766318,12.168405786051729,0.004510999320008622,-138.81555601943666,327.0223479253247,158.5,-2366.5,106.67705401369659,271.47054979450826,1241.0,-1.0,-459.31027245131924,802.7717685426875,-0.003144654088050314,-4768.0,189.6434984678528,338.71337855244246,2365.5,0.2938285613682267,0.0007782557462622519,0.0003502896791966868,0.0014619883040935672,0.0004520795660036166,1.0,0.0,1.0,1.0,0.0,0.0,0.0,0.0,0.02722333833667727,0.006034667447598718,0.038207995161906365,0.021257356140160482,14.75,3.307189138830738,16,6,15.75,14.271912976192084,30.0,0.0,14851.875,13772.658353033194,31428,5,2.5e+19,4.330127018922194e+19,1e+20,0.0,1451.6728266173072,1359.48790231624,3000.0,0.0,55.211184802754566,111.88202324540171,349.4059688547811,0.0,1.499999598308932e-06,0.00779789999978675,67.98527899999999,0.8195969999997033,68.81267539999908,2953.888301800001
572545303,816922492,531168081,634578823,1128.2749396663176,1327.3800314160824,3000.0,0.0,-47.100677490234375,-0.6952576,0.2532823,-0.2344265,-1.012565,-0.10613452829420567,0.6155545091790684,0.9361827373504639,-0.8085536956787109,44.743072509765625,1175.3755518423166,-1.3393061310052872,0.3936190184552389,-1.034264087677002,-2.3254318237304688,-0.07340395543724298,0.003968393935531269,-0.07021202147006989,-0.0830264538526535,1.100841447710991,0.004039048659918923,1.1045652627944946,1.0911126136779785,1.5150066167116165,0.0036797593200728813,1.5183902978897095,1.506136417388916,4.8551435470581055,41,1128.2749396663176,1327.3800314160824,3000.0,0.0,-35.692596435546875,-4.788077,0.0142278075,-4.7655745,-4.8110456,-76.60923,0.22764492,-76.24919,-76.97673,163.07891845703125,1163.9675332393697,128.0,0.0,128,128,0.00018616600342080412,0.0024006059387528533,0.04993761694389223,0.0,1.5463722804273083,1.3342712458669932,23.814669077491185,0.002029132165024828,0.023518462987442583,0.0230256396661973,0.1568596694182467,0.0030674799578528254,0.6978058320990671,0.25187481567269504,0.9523356030665205,0.0,0.9202890109019328,0.6157926548103776,12.168405786051729,0.004510999320008622,-132.64471123451358,330.91536612179766,158.5,-2366.5,110.350728504429,283.92935195892574,1241.0,-1.0,-438.43234276381924,817.8876022526878,-0.003144654088050314,-4768.0,183.9808578722084,345.3791308317275,2365.5,0.2938285613682267,0.0008274987615947101,0.00032795302098597833,0.0014619883040935672,0.0004520795660036166,1.0,0.0,1.0,1.0,0.0,0.0,0.0,0.0,0.028200441297465073,0.005607277845668246,0.038207995161906365,0.021257356140160482,16.0,0.0,16,16,12.25,13.790848414800301,30.0,0.0,11409.125,12682.799931772755,30494,8,1.25e+19,3.3071891388307382e+19,1e+20,0.0,1128.2749396663176,1327.3800314160824,3000.0,0.0,33.29589883278855,43.251292729627366,139.62849,0.0,1.99999976757681e-06,0.010060100000373495,92.43225099999972,0.8881467000001066,93.33045979999997,3047.2212582
4047737,446415000,424765130,56835548,1128.2749396663176,1327.3800314160824,3000.0,0.0,-47.100677490234375,-0.6952576,0.2532823,-0.2344265,-1.012565,-0.10613452829420567,0.6155545091790684,0.9361827373504639,-0.8085536956787109,44.743072509765625,1175.3755518423166,-1.3393061310052872,0.3936190184552389,-1.034264087677002,-2.3254318237304688,-0.07340395543724298,0.003968393935531269,-0.07021202147006989,-0.0830264538526535,1.100841447710991,0.004039048659918923,1.1045652627944946,1.0911126136779785,1.5150066167116165,0.0036797593200728813,1.5183902978897095,1.506136417388916,4.857349872589111,42,1316.0348243854091,1279.7768771822514,3000.0,0.0,136.86053466796875,-4.8064613,0.01597529,-4.781377,-4.827494,-65.47487,18.285587,-24.13747,-77.073074,-660.8923950195312,1179.1742623539735,128.0,0.0,128,128,0.00018623227363528307,0.0024006170030416527,0.04993761694389223,0.0,1.6109583730183674,1.5835215295689242,23.814669077491185,0.002029132165024828,0.02273022609930362,0.023005821929242703,0.1568596694182467,0.0030674799578528254,0.700394237125677,0.2563478564045801,0.9523356030665205,0.0,0.9400976858958567,0.7010792304923016,12.168405786051729,0.004510999320008622,-135.77185341919943,329.3734607271195,158.5,-2366.5,90.48402630526986,252.59769622049197,1241.0,-1.0,-441.60812401381924,812.4617679939728,-0.003144654088050314,-4768.0,181.65378280282826,341.2863758933538,2365.5,0.2938285613682267,0.0007922080327553173,0.0003390629977040334,0.0014619883040935672,0.0004520795660036166,1.0,0.0,1.0,1.0,0.0,0.0,0.0,0.0,0.02753312249325914,0.005778636624925538,0.038207995161906365,0.021257356140160482,13.625,3.8058343369095824,16,5,15.625,14.386951553404216,30.0,0.0,14965.5,14095.114969378576,31939,8,2.5e+19,4.330127018922194e+19,1e+20,0.0,1316.0348243854091,1279.7768771822514,3000.0,0.0,20.751323960731813,28.519714269017623,92.73819197988746,0.0,1.7000002117129043e-06,0.00800230000004376,96.83370000000014,0.7374928999997792,97.57919690000017,3144.8028875000005
85589652,457550240,626576524,11975873,922.1834568673429,1166.7172141211597,3000.0,0.0,-227.87295532226562,-0.5524429,0.38686326,0.12054968,-0.99723923,-0.2395380912348628,0.6541416666645216,0.6979007720947266,-0.9691359400749207,-31.0589599609375,1150.056342344819,-1.517223745584488,0.515276830106034,-1.0035897493362427,-2.680002212524414,-0.08044386189430952,0.004795513726404975,-0.0746459811925888,-0.08510725200176239,1.094105139374733,0.005943822892635022,1.1010925769805908,1.0882717370986938,1.5088605880737305,0.005431190540271319,1.5152415037155151,1.50352942943573,4.855053901672363,43,922.1834568673429,1166.7172141211597,3000.0,0.0,-231.29177856445312,-4.7850776,0.0313432,-4.70819,-4.8182616,-62.862427,24.708195,-9.602401,-77.092186,1091.927001953125,1153.4751818053105,128.0,0.0,128,128,0.000559422377657127,0.004485883474304655,0.04993761694389223,0.0,1.3115190411212139,1.5621460679788965,23.814669077491185,0.002029132165024828,0.03802086147116369,0.036288399839469826,0.1568596694182467,0.0030674799578528254,0.656627103610914,0.2331654367011114,0.9523356030665205,0.0,0.9062125709696462,1.076490842738996,12.168405786051729,0.004510999320008622,-38.61741883324774,177.32774406400802,158.5,-1232.75,99.51367859937332,198.79900777747852,1241.0,-1.0,-222.98620699277697,516.7258960048346,-0.003144654088050314,-4768.0,110.27570201159716,181.80303814727867,1563.5091491177786,0.2938285613682267,0.0010341815233671809,0.00044003272391396114,0.0014619883040935672,0.0004520795660036166,1.0,0.0,1.0,1.0,0.0,0.0,0.0,0.0,0.031329346924984965,0.007168708698205442,0.038207995161906365,0.021257356140160482,13.125,5.134138194478212,16,2,11.75,14.16642156650719,30.0,0.0,10475.625,12375.947427747704,28122,5,1.25e+19,3.3071891388307382e+19,1e+20,0.0,922.1834568673429,1166.7172141211597,3000.0,0.0,30.504295,39.90843528556212,134.42107,0.0,1.500000053056283e-06,0.00917280000021492,68.25035290000005,0.7921693000002961,69.05169650000062,3213.857666500001
764895838,564108860,922730985,50118808,922.1834568673429,1166.7172141211597,3000.0,0.0,-227.87295532226562,-0.5524429,0.38686326,0.12054968,-0.99723923,-0.2395380912348628,0.6541416666645216,0.6979007720947266,-0.9691359400749207,-31.0589599609375,1150.056342344819,-1.517223745584488,0.515276830106034,-1.0035897493362427,-2.680002212524414,-0.08044386189430952,0.004795513726404975,-0.0746459811925888,-0.08510725200176239,1.094105139374733,0.005943822892635022,1.1010925769805908,1.0882717370986938,1.5088605880737305,0.005431190540271319,1.5152415037155151,1.50352942943573,4.856791019439697,44,1445.5036072686203,1267.8594097541677,3000.0,0.0,262.82562255859375,-4.7978888,0.03195416,-4.754645,-4.861826,-73.770485,7.9708433,-52.724907,-77.789215,-1272.067138671875,1182.6780243516414,128.0,0.0,128,128,0.00014702061015745056,0.0022564493182925106,0.04993761694389223,0.0,1.6658698177869438,1.6073679825609941,23.814669077491185,0.002029132165024828,0.021137821597395086,0.022708301935858974,0.1568596694182467,0.0030674799578528254,0.709017256924972,0.25871949268362027,0.9523356030665205,0.0,0.9306819998585887,0.7043498534189228,12.168405786051729,0.004510999320008622,-100.46708390577555,207.29406687445447,158.5,-1232.75,110.81686785484831,283.86653358315215,1241.0,-1.0,-381.82980370131924,644.8702709199512,-0.003144654088050314,-4768.0,152.08353442224035,235.8327410752905,1563.5091491177786,0.2938285613682267,0.0007539517772483658,0.00031252883975394717,0.0014619883040935672,0.0004520795660036166,1.0,0.0,1.0,1.0,0.0,0.0,0.0,0.0,0.02692706321340587,0.005312148942896487,0.038207995161906365,0.021257356140160482,15.375,1.653594569415369,16,11,16.125,13.905372163304367,30.0,0.0,13936.5,12139.261530257925,30204,8,2.5e+19,4.330127018922194e+19,1e+20,0.0,1445.5036072686203,1267.8594097541677,3000.0,0.0,33.994537285977906,40.19187411397698,108.5070519507745,0.0,1.3999997463542968e-06,0.00501380000014251,70.18255599999975,0.8078655999997864,70.99543679999942,3284.8555536
701975890,1065620339,522679137,316934274,1485.6228027275554,1415.1583956916581,3000.0,0.0,302.009765625,-0.68631923,0.20095657,-0.3507836,-0.9105121,0.06753787770867348,0.6570393666612241,0.7854526042938232,-0.8280736207962036,-118.95559692382812,1183.6129883830927,-1.311155065894127,0.14078898391622446,-1.1558817625045776,-1.5508215427398682,-0.0837709903717041,0.003137431757168296,-0.08007995039224625,-0.08863689750432968,1.095118835568428,0.005050409941676736,1.1001152992248535,1.0867589712142944,1.5097907334566116,0.004620977664507481,1.5143535137176514,1.502138376235962,4.8544816970825195,45,1485.6228027275554,1415.1583956916581,3000.0,0.0,272.6502685546875,-4.7994857,0.034004215,-4.7193794,-4.8341136,-74.37471,6.205869,-58.00936,-77.23153,-1275.718994140625,1212.9725021892327,128.0,0.0,128,128,0.00028471533497810146,0.0031843136601811136,0.04993761694389223,0.0,1.5582265529172827,1.3923158130489672,23.814669077491185,0.002029132165024828,0.0266656839275952,0.02906741137471256,0.1568596694182467,0.0030674799578528254,0.6948714778437441,0.2520625160329899,0.9523356030665205,0.0,0.9060383356724797,0.7736368552482931,12.168405786051729,0.004510999320008622,-84.95117974347784,195.28315886090112,158.5,-1232.75,122.01760764787255,272.03755228864355,1241.0,-1.0,-353.54339646513847,594.4712379175716,-0.003144654088050314,-4768.0,148.0248528155986,214.61472927789117,1563.5091491177786,0.2938285613682267,0.000816995067684086,0.00040270450057393244,0.0014619883040935672,0.0004520795660036166,1.0,0.0,1.0,1.0,0.0,0.0,0.0,0.0,0.02775900597375443,0.00675299956891374,0.038207995161906365,0.021257356140160482,15.5,1.3228756555322954,16,12,16.125,14.012828943507445,30.0,0.0,16139.125,13025.701444044194,33885,8,3.75e+19,4.841229182759271e+19,1e+20,0.0,1485.6228027275554,1415.1583956916581,3000.0,0.0,26.155998900842164,44.65211250917037,142.5091051605802,0.0,1.7000002117129043e-06,0.008100700000341021,99.18276360000027,0.8896844000000783,100.0805504000009,3384.9386853000005
492830188,158705372,856799847,275167074,1485.6228027275554,1415.1583956916581,3000.0,0.0,302.009765625,-0.68631923,0.20095657,-0.3507836,-0.9105121,0.06753787770867348,0.6570393666612241,0.7854526042938232,-0.8280736207962036,-118.95559692382812,1183.6129883830927,-1.311155065894127,0.14078898391622446,-1.1558817625045776,-1.5508215427398682,-0.0837709903717041,0.003137431757168296,-0.08007995039224625,-0.08863689750432968,1.095118835568428,0.005050409941676736,1.1001152992248535,1.0867589712142944,1.5097907334566116,0.004620977664507481,1.5143535137176514,1.502138376235962,4.856585502624512,46,296.2899832255718,626.0238955615587,1947.4719064279707,0.0,-825.0142211914062,-4.819729,0.054253306,-4.759563,-4.9363346,-51.06189,29.570024,-4.759563,-77.19758,3988.779296875,1121.3042502928668,128.0,0.0,128,128,0.00026414872157361257,0.002663918774632231,0.04993761694389223,0.0,1.3239597609751939,1.1827421069439314,23.814669077491185,0.002029132165024828,0.028035353765052215,0.02302200489554286,0.1568596694182467,0.0033556990676190143,0.6717007769253753,0.23755955754476493,0.9473185621809378,0.0,0.9341381523202752,0.6156175215831966,12.168405786051729,0.004510999320008622,-190.9125606915152,490.0380160414212,158.5,-2366.5,77.03239438673697,246.08478290743167,1241.0,-1.0,-516.2331240138192,1092.2893481792973,-0.003144654088050314,-4768.0,231.7960734420954,495.73265967583274,2365.5,0.29832746706144486,0.0010024973032735293,0.00026082758529269147,0.0014619883040935672,0.0005636978579481398,1.0,0.0,1.0,1.0,0.0,0.0,0.0,0.0,0.03136676577874722,0.004189304952187348,0.038207995161906365,0.023735629392815445,10.625,6.183395103015818,16,1,4.5,9.669539802906858,30.0,0.0,4479.5,9801.631522353817,30280,7,0.029772727272727274,0.07877123221578668,0.2381818181818182,0.0,296.2899832255718,626.0238955615587,1947.4719064279707,0.0,11.732382290546887,9.212499124823392,21.5638662,0.03424000000000001,2.100000074278796e-06,0.009661200000209647,38.95417610000004,0.5634559999998601,39.527295400000185,3424.4694080000004
858616074,452304566,336680800,823933417,778.335970464135,1210.287729087378,3000.0,0.0,-364.7493591308594,-0.6226579,0.34255502,-0.101987004,-1.0143415,-0.15415739548188867,0.6451046831675757,0.9930851459503174,-0.9142466187477112,140.70347595214844,1143.0852865911968,-1.6968954056501389,1.1064365201294275,-1.0043851137161255,-4.526339530944824,-0.08690856024622917,0.0033196251364762818,-0.08231235295534134,-0.09006916731595993,1.0916865170001984,0.006367602301444398,1.0994927883148193,1.0854116678237915,1.506645292043686,0.005831418358040081,1.5137875080108643,1.5008978843688965,4.854005336761475,47,778.335970464135,1210.287729087378,3000.0,0.0,-308.6714782714844,-4.8182287,0.03575443,-4.75471,-4.867553,-64.94884,16.934057,-29.205318,-77.45831,1513.757080078125,1087.0074223099934,128.0,0.0,128,128,0.0005595101416295974,0.004485869708846465,0.04993761694389223,0.0,1.2386416708965768,1.0087919739003055,7.280784013994536,0.002029132165024828,0.03893129436054533,0.03589751053658801,0.1568596694182467,0.0030674799578528254,0.6558798013452454,0.22708130595535853,0.9523356030665205,0.0,0.8690863363098951,0.9626530444610876,12.168405786051729,0.004510999320008622,-38.53397924879907,175.84878236862036,158.5,-1181.25,135.5734085069592,254.80850018576012,1241.0,-1.0,-237.512574180277,516.3952418177095,-0.003144654088050314,-4768.0,120.5924927460018,188.54352513956437,1563.5091491177786,0.2938285613682267,0.0010555199657135083,0.000429669066349566,0.0014619883040935672,0.0004520795660036166,1.0,0.0,1.0,1.0,0.0,0.0,0.0,0.0,0.03168688157260903,0.007082567614386799,0.038207995161906365,0.021257356140160482,13.5,3.570714214271425,16,6,8.125,12.673175411079892,30.0,0.0,6668.5,10063.616745484696,26562,5,1.25e+19,3.3071891388307382e+19,1e+20,0.0,778.335970464135,1210.287729087378,3000.0,0.0,31.091160305793146,44.985585438994505,149.23089000000002,0.0,1.500000053056283e-06,0.007833600000139995,37.16433980000011,0.7975878000002012,37.9697627000005,3462.4421128999998
679192402,557500886,1018023110,55491266,778.335970464135,1210.287729087378,3000.0,0.0,-364.7493591308594,-0.6226579,0.34255502,-0.101987004,-1.0143415,-0.15415739548188867,0.6451046831675757,0.9930851459503174,-0.9142466187477112,140.70347595214844,1143.0852865911968,-1.6968954056501389,1.1064365201294275,-1.0043851137161255,-4.526339530944824,-0.08690856024622917,0.0033196251364762818,-0.08231235295534134,-0.09006916731595993,1.0916865170001984,0.006367602301444398,1.0994927883148193,1.0854116678237915,1.506645292043686,0.005831418358040081,1.5137875080108643,1.5008978843688965,4.8529887199401855,48,1757.1991718092306,1379.8215006088287,3000.0,0.0,603.172607421875,-4.812375,0.03196946,-4.765899,-4.872635,-54.103287,29.943735,-9.550353,-77.293755,-2928.160888671875,1154.026597259917,128.0,0.0,128,128,0.0003238392344834636,0.003286416836941059,0.04993761694389223,0.0,1.5761924783733436,1.7985249275644926,23.814669077491185,0.002029132165024828,0.02734765554012209,0.029149482137609817,0.1568596694182467,0.0030674799578528254,0.6869957603101178,0.25460717416671996,0.9523356030665205,0.0,0.9525802563694992,0.9072321448105779,12.168405786051729,0.004510999320008622,-120.3393888413504,324.43154332625153,158.5,-2366.5,65.62503619070826,172.72795367134935,954.0,-1.0,-398.79534959013847,778.7577805851352,-0.003144654088050314,-4732.0,167.2783104617819,325.3285644539812,2365.5,0.2938285613682267,0.0008339128808447101,0.00041845334845801895,0.0014619883040935672,0.0004520795660036166,1.0,0.0,1.0,1.0,0.0,0.0,0.0,0.0,0.028007530605983634,0.006972847072891054,0.038207995161906365,0.021257356140160482,11.25,6.239991987174342,16,2,18.75,14.523687548277813,30.0,0.0,15671.875,12557.83109694405,29152,6,3.75e+19,4.841229182759272e+19,1e+20,0.0,1757.1991718092306,1379.8215006088287,3000.0,0.0,21.523977453994476,33.025843683234065,102.59240009090357,0.0,1.4000002011016477e-06,0.004918399999951362,92.61216949999971,0.6715782000001127,93.28866749999997,3555.733211300001
658760007,92749799,316450992,220591670,700.6051650475612,1114.5409401817988,2696.1669130507767,0.0,-398.23211669921875,-0.8105266,0.20375474,-0.45084262,-1.0163984,-0.01731816353276372,0.5215949189129363,0.858951985836029,-0.727684736251831,391.3948974609375,1098.8372744368332,-1.2129598557949066,0.2506803661290774,-1.018890142440796,-1.7894808053970337,-0.0835492080077529,0.0030375574572672247,-0.08166481554508209,-0.09096399694681168,1.1010555624961853,0.0058729337544991544,1.1046617031097412,1.0861120223999023,1.515193521976471,0.005362067911160491,1.5184776782989502,1.5015429258346558,4.854880332946777,49,700.6051650475612,1114.5409401817988,2696.1669130507767,0.0,-408.07928466796875,-4.7903824,0.015576035,-4.7704606,-4.813406,-76.64612,0.24921656,-76.32737,-77.014496,1958.6905517578125,1108.6844540386815,128.0,0.0,128,128,0.00026436902597504083,0.0026639213777405967,0.04993761694389223,0.0,1.3802545759326748,1.2249564083542055,23.814669077491185,0.002029132165024828,0.027369312878155926,0.023108942679951915,0.1568596694182467,0.0030674799578528254,0.6761302847129262,0.24180176189709507,0.9523356030665205,0.0,0.9366292676483723,0.6120534286071599,12.168405786051729,0.004510999320008622,-197.08340547643826,486.6793297058959,158.5,-2366.5,73.35871989600456,231.06990598576684,1241.0,-1.0,-537.1110537013192,1079.5136701845502,-0.003144654088050314,-4768.0,237.4587140377398,490.560249005211,2365.5,0.2938285613682267,0.0009532542879410712,0.00031688423180966323,0.0014619883040935672,0.0004520795660036166,1.0,0.0,1.0,1.0,0.0,0.0,0.0,0.0,0.030389662817959413,0.005358504679288665,0.038207995161906365,0.021257356140160482,16.0,0.0,16,16,8.25,12.597122687344122,30.0,0.0,7048.25,10538.855117492601,30042,5,0.11450615174299385,0.2109064796449526,0.6015037593984962,0.0,700.6051650475612,1114.5409401817988,2696.1669130507767,0.0,73.13102164733206,142.6957583929289,443.92661317865645,0.03424000000000001,1.600000359758269e-06,0.008301899999878515,38.33933160000015,0.870448000000124,39.21808310000051,3594.953884100001
12327951,97663877,503133585,656828586,700.6051650475612,1114.5409401817988,2696.1669130507767,0.0,-398.23211669921875,-0.8105266,0.20375474,-0.45084262,-1.0163984,-0.01731816353276372,0.5215949189129363,0.858951985836029,-0.727684736251831,391.3948974609375,1098.8372744368332,-1.2129598557949066,0.2506803661290774,-1.018890142440796,-1.7894808053970337,-0.0835492080077529,0.0030375574572672247,-0.08166481554508209,-0.09096399694681168,1.1010555624961853,0.0058729337544991544,1.1046617031097412,1.0861120223999023,1.515193521976471,0.005362067911160491,1.5184776782989502,1.5015429258346558,4.852437973022461,50,917.8494711525291,1165.4897916747163,3000.0,0.0,-171.75146484375,-4.8188343,0.03685113,-4.773381,-4.8876476,-56.448227,26.789915,-9.775295,-77.356476,843.7534790039062,1089.6009557500663,128.0,0.0,128,128,0.0004610933505012579,0.003974956290720111,0.04993761694389223,0.0,1.3559595835887206,1.5429071167343575,23.814669077491185,0.002029132165024828,0.03420759964411478,0.03296525178954904,0.1568596694182467,0.0030674799578528254,0.6639909656537881,0.23798543617231777,0.9523356030665205,0.0,0.9229543615271962,0.9670608960172217,12.168405786051729,0.004510999320008622,-92.48179510920654,324.4144124212554,158.5,-2366.5,84.17312496519736,196.27131625061693,1241.0,-1.0,-328.75308297895776,765.2903784812393,-0.003144654088050314,-4768.0,151.89434766385133,323.82364417833827,2365.5,0.2938285613682267,0.0009954422019453468,0.00041350701870066284,0.0014619883040935672,0.0004520795660036166,1.0,0.0,1.0,1.0,0.0,0.0,0.0,0.0,0.030793679287907803,0.006784513588083955,0.038207995161906365,0.021257356140160482,11.75,5.606915373001451,16,2,11.625,14.264794951207676,30.0,0.0,10194.875,12208.75370827731,28322,3,1.25e+19,3.3071891388307382e+19,1e+20,0.0,917.8494711525291,1165.4897916747163,3000.0,0.0,26.63758004529968,38.31427144108476,126.07328000000001,0.0,1.8000000636675395e-06,0.0057278999997834035,68.10519209999984,0.7399374999999964,68.85085929999968,3663.8071638000006
329187348,337730166,116213680,38689046,2123.8856103560975,1156.6916016890066,3000.0,100.0,922.54345703125,-0.7380308,0.28700343,-0.1920309,-1.0223104,0.04206706350669265,0.5855370997443062,0.8059555888175964,-0.8863158822059631,-554.6204833984375,1201.3421080287596,-1.2888473868370056,0.25935590479176385,-1.019798994064331,-1.7317321300506592,-0.08640344254672527,0.0026693303255653357,-0.08359486609697342,-0.09232356399297714,1.0991778820753098,0.00562409985979423,1.1035152673721313,1.0849710702896118,1.5134878754615784,0.005141332994466909,1.5174392461776733,1.5004918575286865,4.855056285858154,51,2123.8856103560975,1156.6916016890066,3000.0,100.0,930.856201171875,-4.795785,0.014885168,-4.7696075,-4.821204,-62.30008,25.334425,-9.642408,-77.020615,-4467.068359375,1193.0294212106694,128.0,0.0,128,128,0.00014746121896030715,0.002256478314143327,0.04993761694389223,0.0,1.778459447701906,1.6442570319504364,23.814669077491185,0.002029132165024828,0.019805739823602512,0.0224593999667075,0.1568596694182467,0.0030674799578528254,0.7178762725000738,0.265146106160907,0.9523356030665205,0.0,0.9356642305147826,0.6981258314778798,12.168405786051729,0.004510999320008622,-112.80877347562169,196.38278208626133,158.5,-1232.75,103.46951887338346,258.30375897532804,1241.0,-1.0,-423.58566307631924,608.8658560340112,-0.003144654088050314,-4768.0,163.40881561352916,217.15308119701234,1563.5091491177786,0.2938285613682267,0.0006554657465834494,0.0003296015415685538,0.0014619883040935672,0.0004520795660036166,1.0,0.0,1.0,1.0,0.0,0.0,0.0,0.0,0.024972857291830262,0.005593198793551049,0.038207995161906365,0.021257356140160482,13.0,5.291502622129181,16,2,22.875,12.34339398220765,30.0,1.0,17227.875,10228.481930832893,30799,5,3.75e+19,4.841229182759272e+19,1e+20,0.0,2123.8856103560975,1156.6916016890066,3000.0,100.0,100.23473681002243,141.7524707193427,425.48612448017934,0.0,1.5999999050109182e-06,0.0073671999998623505,95.27638139999999,0.8649970000001304,96.14874719999989,3759.958679100001
583866853,897830797,460720113,947645042,2123.8856103560975,1156.6916016890066,3000.0,100.0,922.54345703125,-0.7380308,0.28700343,-0.1920309,-1.0223104,0.04206706350669265,0.5855370997443062,0.8059555888175964,-0.8863158822059631,-554.6204833984375,1201.3421080287596,-1.2888473868370056,0.25935590479176385,-1.019798994064331,-1.7317321300506592,-0.08640344254672527,0.0026693303255653357,-0.08359486609697342,-0.09232356399297714,1.0991778820753098,0.00562409985979423,1.1035152673721313,1.0849710702896118,1.5134878754615784,0.005141332994466909,1.5174392461776733,1.5004918575286865,4.8550310134887695,52,740.0104651532735,1104.1592487100902,3000.0,0.0,-407.7170715332031,-4.7972956,0.025455896,-4.77015,-4.856136,-62.279377,21.404057,-19.230677,-76.679855,1958.146484375,1147.7275256049297,128.0,0.0,128,128,0.0003234863896530774,0.003286408088755355,0.04993761694389223,0.0,1.3907254782337444,1.2917910348202108,23.814669077491185,0.002029132165024828,0.029590170203296306,0.028803367425248156,0.1568596694182467,0.0030674799578528254,0.6773894424693472,0.24112846491421983,0.9523356030665205,0.0,0.910471791053554,0.7764722047924707,12.168405786051729,0.004510999320008622,-107.91425968705559,330.6593170771469,158.5,-2366.5,109.03211507975897,267.5273934164121,1241.0,-1.0,-371.56585740263847,803.3039365937781,-0.003144654088050314,-4768.0,166.26982000489772,340.50223422624583,2365.5,0.2938285613682267,0.0009537373538559539,0.0003525927930176638,0.0014619883040935672,0.0004520795660036166,1.0,0.0,1.0,1.0,0.0,0.0,0.0,0.0,0.030319271175183307,0.005783183607998649,0.038207995161906365,0.021257356140160482,13.0,4.5,16,4,9.375,12.267207302397722,30.0,0.0,9242.0,11307.067900211796,26561,5,1.25e+19,3.3071891388307382e+19,1e+20,0.0,740.0104651532735,1104.1592487100902,3000.0,0.0,19.557280559477565,18.663095611618168,64.05210447581975,0.0,1.99999976757681e-06,0.007812399999693298,45.281603800000084,0.673276199999691,45.962694399999236,3805.9243324000004
680903265,62674613,529827668,933694474,1332.0981999170713,1250.9413625604568,2940.347071583514,0.0,117.68048095703125,-0.6622734,0.29584932,-0.051715493,-1.0239834,0.052590787410736084,0.6587705373970314,0.8383037447929382,-0.9263243079185486,-91.00048065185547,1214.4177172175907,-1.384558692574501,0.30845328365875796,-1.0267817974090576,-2.0041773319244385,-0.08806739561259747,0.002723201892450076,-0.08635754883289337,-0.09472627937793732,1.102665975689888,0.006887352728774619,1.1070466041564941,1.0848345756530762,1.5166496634483337,0.006287335214849469,1.5206342935562134,1.500365972518921,4.852888107299805,53,1332.0981999170713,1250.9413625604568,2940.347071583514,0.0,165.93365478515625,-4.807249,0.044302143,-4.7592278,-4.897271,-65.98096,19.137928,-24.486355,-77.55915,-774.05712890625,1166.1645930361437,128.0,0.0,128,128,0.00018607823944833372,0.002400618012333383,0.04993761694389223,0.0,1.6192496506519456,1.777094722721122,23.814669077491185,0.002029132165024828,0.022608030098060942,0.023028940162786747,0.1568596694182467,0.0030674799578528254,0.6985531343647359,0.2572517469177562,0.9523356030665205,0.0,0.9574152455616839,0.7794423129295103,12.168405786051729,0.004510999320008622,-132.72815081896226,331.6799797532091,158.5,-2366.5,74.29099859684314,231.06385388748186,1241.0,-1.0,-423.90597557631924,821.6562568471218,-0.003144654088050314,-4768.0,173.66406713780373,343.65441480884994,2365.5,0.2938285613682267,0.0008061603192483827,0.00032685660598434256,0.0014619883040935672,0.0004520795660036166,1.0,0.0,1.0,1.0,0.0,0.0,0.0,0.0,0.027842906649841008,0.005493281244885946,0.038207995161906365,0.021257356140160482,13.75,4.02336923485777,16,5,15.625,14.404317929010038,30.0,0.0,12694.25,12028.857341306364,26771,8,0.22542353517218866,0.2508152073275902,0.6763636363636364,0.0,1332.0981999170713,1250.9413625604568,2940.347071583514,0.0,64.22537168108546,61.71119529718197,197.40993000000003,0.03764000000000001,1.5999999050109182e-06,0.009611999999833643,67.12033919999976,0.858504300000277,67.98845709999978,3873.9154606
67951712,81608887,770677053,350867000,1332.0981999170713,1250.9413625604568,2940.347071583514,0.0,117.68048095703125,-0.6622734,0.29584932,-0.051715493,-1.0239834,0.052590787410736084,0.6587705373970314,0.8383037447929382,-0.9263243079185486,-91.00048065185547,1214.4177172175907,-1.384558692574501,0.30845328365875796,-1.0267817974090576,-2.0041773319244385,-0.08806739561259747,0.002723201892450076,-0.08635754883289337,-0.09472627937793732,1.102665975689888,0.006887352728774619,1.1070466041564941,1.0848345756530762,1.5166496634483337,0.006287335214849469,1.5206342935562134,1.500365972518921,4.855709075927734,54,1098.7397979662833,1347.1411759595426,3000.0,0.0,-60.682342529296875,-4.7922826,0.02527383,-4.7525616,-4.839425,-68.88072,20.598656,-14.392244,-77.4308,301.3282470703125,1159.4221135291577,128.0,0.0,128,128,0.00016641433740754945,0.0016479192373304921,0.02499219116020307,0.0,1.4726986557240849,0.9338900269988047,7.280784013994536,0.9519626384322739,0.023012206165453405,0.014817536095560295,0.08333263889467588,0.0030674799578528254,0.6897647573042924,0.2489091695649765,0.9523356030665205,0.0,0.9385446138681921,0.1715278486660315,1.0969944637807532,0.1130750627892556,-260.1623291375573,535.9866026691979,92.47060185813221,-2366.5,70.53751947952291,235.26406353320434,1241.0,-1.0,-681.4580078125,1166.6252411613514,-1.0,-4768.0,292.7297159506629,541.1455569548676,2365.5,0.2938285613682267,0.0008513196646937134,0.00032404051720099936,0.001152073732718894,0.0004520795660036166,1.0,0.0,1.0,1.0,0.0,0.0,0.0,0.0,0.028567108063512578,0.005866025413602118,0.03392265406528907,0.021257356140160482,14.375,4.29934588047996,16,3,11.625,14.238482187368147,30.0,0.0,7400.875,9283.066269254734,20823,15,1.25e+19,3.3071891388307382e+19,1e+20,0.0,1098.7397979662833,1347.1411759595426,3000.0,0.0,41.76163127946087,68.19797370385434,178.09755023568695,0.0,2.2999997781880666e-06,0.008409200000187411,66.95592889999944,0.7534973000001628,67.71783769999956,3941.6357623999993
819896025,220438933,1062243559,300997728,1019.3767012899477,1315.3457304095646,3000.0,0.0,-175.53688049316406,-0.7020819,0.27551368,-0.29344392,-1.0075922,0.0709238052368164,0.623535866107831,0.936023473739624,-0.8348962664604187,-9.373138427734375,1194.9136156248264,-1.406249314546585,0.450072907938202,-1.0174367427825928,-2.3820388317108154,-0.0939887398853898,0.0029555493491672425,-0.09123509377241135,-0.09860248863697052,1.1010728925466537,0.009467784635628008,1.1087334156036377,1.0850095748901367,1.5151864141225815,0.008636877404284395,1.522156834602356,1.5005273818969727,4.855568885803223,55,1019.3767012899477,1315.3457304095646,3000.0,0.0,-126.04090881347656,-4.7865286,0.019467479,-4.758367,-4.824218,-76.58446,0.31147966,-76.13387,-77.187485,597.0553588867188,1145.4175723052367,128.0,0.0,128,128,0.0003629183575323382,0.0033849679479763116,0.04993761694389223,0.0,1.3921088484226494,1.289465074034873,23.814669077491185,0.002029132165024828,0.030516533818308544,0.028714431962823837,0.1568596694182467,0.0030674799578528254,0.6731959304576032,0.24173430415613062,0.9523356030665205,0.0,0.9223785924189192,0.7709659583496238,12.168405786051729,0.004510999320008622,-149.38987398540255,414.287243767275,158.5,-2366.5,85.02559903944811,218.2773854320862,1241.0,-1.0,-452.22210740263847,930.8915890129796,-0.003144654088050314,-4768.0,201.50270898113004,413.8451353422033,2365.5,0.2938285613682267,0.0009427505940304471,0.00039708329389549307,0.0014619883040935672,0.0004520795660036166,1.0,0.0,1.0,1.0,0.0,0.0,0.0,0.0,0.02994822749424877,0.006693863619639497,0.038207995161906365,0.021257356140160482,16.0,0.0,16,16,12.25,13.979896280015815,30.0,0.0,12674.625,12758.426646118047,29247,11,2.5e+19,4.330127018922194e+19,1e+20,0.0,1019.3767012899477,1315.3457304095646,3000.0,0.0,10.758487568050796,12.039302214222728,34.68910054440637,0.0,1.8000000636675395e-06,0.009136800000305811,62.61967319999985,1.1009530999999697,63.72976490000019,4005.3681393999987
740196857,955523027,588993561,1042666993,1019.3767012899477,1315.3457304095646,3000.0,0.0,-175.53688049316406,-0.7020819,0.27551368,-0.29344392,-1.0075922,0.0709238052368164,0.623535866107831,0.936023473739624,-0.8348962664604187,-9.373138427734375,1194.9136156248264,-1.406249314546585,0.450072907938202,-1.0174367427825928,-2.3820388317108154,-0.0939887398853898,0.0029555493491672425,-0.09123509377241135,-0.09860248863697052,1.1010728925466537,0.009467784635628008,1.1087334156036377,1.0850095748901367,1.5151864141225815,0.008636877404284395,1.522156834602356,1.5005273818969727,4.851276397705078,56,1384.4402956471572,1246.7328786498501,2947.5393700787404,0.0,215.1204833984375,-4.802869,0.015706358,-4.7861156,-4.830317,-62.362324,25.323431,-9.660634,-76.92324,-1048.186767578125,1169.3198446394288,128.0,0.0,128,128,0.0002844072666042028,0.0031843247023018383,0.04993761694389223,0.0,1.5748091081844389,1.8003347264241871,23.814669077491185,0.002029132165024828,0.02642129192510985,0.029136516845745513,0.1568596694182467,0.0030674799578528254,0.6911892723218618,0.25380413002689467,0.9523356030665205,0.0,0.9406734550041339,0.9123102273273352,12.168405786051729,0.004510999320008622,-78.86377454300344,201.3646356554792,158.5,-1232.75,89.6315522310191,233.86388148459932,1241.0,-1.0,-318.13909959013847,613.6638664645386,-0.003144654088050314,-4768.0,132.04542148554958,219.31940509158255,1563.5091491177786,0.2938285613682267,0.0008448996406702168,0.00037965943668278403,0.0014619883040935672,0.0004520795660036166,1.0,0.0,1.0,1.0,0.0,0.0,0.0,0.0,0.02837857428691817,0.006220784952191854,0.038207995161906365,0.021257356140160482,13.0,5.291502622129181,16,2,16.125,13.968155747986202,30.0,0.0,9396.0,8248.102402977305,21082,5,0.21507301237872362,0.2975996731124575,0.9061913696060038,0.0,1384.4402956471572,1246.7328786498501,2947.5393700787404,0.0,63.613289675216706,66.23772861601762,181.83395000000002,16.1882,1.3999997463542968e-06,0.007004199999755656,72.1447460999998,0.8720578000002206,73.02380949999952,4078.3946358999983
784241550,824445069,845327572,920460916,1470.5619347154502,1449.5308258250814,3000.0,0.0,248.08352661132812,-0.57362413,0.28995323,-0.22649562,-1.0094028,0.2087698122486472,0.6992685096206002,0.9467310905456543,-0.8716847896575928,-118.06617736816406,1222.4784475338888,-1.625453233718872,0.5384468816960896,-1.0162571668624878,-2.5297117233276367,-0.09820297546684742,0.0026050280702011627,-0.09431471675634384,-0.10057815164327621,1.097831904888153,0.010894979840588395,1.1105848550796509,1.0870240926742554,1.5122265219688416,0.009922111917341233,1.5238252878189087,1.5023822784423828,4.851035118103027,57,1470.5619347154502,1449.5308258250814,3000.0,0.0,271.1178283691406,-4.803921,0.029483913,-4.739155,-4.8407884,-76.86274,0.4717426,-75.82648,-77.452614,-1299.6259765625,1199.4440536470308,128.0,0.0,128,128,0.0005596426820585552,0.004485870519064582,0.04993761694389223,0.0,1.3678138560786948,1.5947853600331385,23.814669077491185,0.002029132165024828,0.0373548205842674,0.036526154986550576,0.1568596694182467,0.0030674799578528254,0.6610566113984649,0.23776712862454671,0.9523356030665205,0.0,0.9087036862977433,1.0745213505454203,12.168405786051729,0.004510999320008622,-44.7882636181708,173.33268871106978,158.5,-1232.75,95.8400041086409,180.33802817943044,954.0,-1.0,-243.86413668027697,501.5019168464318,-0.003144654088050314,-3538.0,115.93834260724157,171.251525807161,1358.2903546370342,0.2938285613682267,0.0009849385080347227,0.0004786792645465873,0.0014619883040935672,0.0004520795660036166,1.0,0.0,1.0,1.0,0.0,0.0,0.0,0.0,0.03035224396419716,0.00790446435058459,0.038207995161906365,0.021257356140160482,16.0,0.0,16,16,15.125,14.878150926778503,30.0,0.0,6386.875,7530.545638224033,20336,3,3.75e+19,4.841229182759272e+19,1e+20,0.0,1470.5619347154502,1449.5308258250814,3000.0,0.0,31.864152499999996,60.2978263447265,190.16042,0.0,7.600000571983401e-06,0.009058200000254146,95.54329450000023,1.295703699999649,96.8480640000007,4175.2452546
283468587,989400710,23463629,35422904,1470.5619347154502,1449.5308258250814,3000.0,0.0,248.08352661132812,-0.57362413,0.28995323,-0.22649562,-1.0094028,0.2087698122486472,0.6992685096206002,0.9467310905456543,-0.8716847896575928,-118.06617736816406,1222.4784475338888,-1.625453233718872,0.5384468816960896,-1.0162571668624878,-2.5297117233276367,-0.09820297546684742,0.0026050280702011627,-0.09431471675634384,-0.10057815164327621,1.097831904888153,0.010894979840588395,1.1105848550796509,1.0870240926742554,1.5122265219688416,0.009922111917341233,1.5238252878189087,1.5023822784423828,4.850716590881348,58,1043.5123394486777,1235.5573445332939,2868.269230769231,0.0,-140.3385009765625,-4.8197412,0.05210616,-4.7617626,-4.93097,-54.032562,23.667744,-14.569409,-76.97997,656.9354248046875,1183.8508822271956,128.0,0.0,128,128,0.000323398625680607,0.0032864205752407643,0.04993761694389223,0.0,1.4636028484583816,1.7519121647140754,23.814669077491185,0.002029132165024828,0.02867973731391467,0.028997271283786666,0.1568596694182467,0.0033556990676190143,0.678136744735016,0.24680151851726,0.9473185621809378,0.0,0.9475980257133051,0.9121226688869032,12.168405786051729,0.004510999320008622,-107.99769927150426,331.43074751853015,158.5,-2366.5,72.97238517217309,210.35787651002653,1241.0,-1.0,-357.03949021513847,805.9363714379971,-0.003144654088050314,-4768.0,155.95302927049306,338.21286518088925,2365.5,0.29832746706144486,0.0009323989115096265,0.0003591534552742985,0.0014619883040935672,0.0005636978579481398,1.0,0.0,1.0,1.0,0.0,0.0,0.0,0.0,0.029961736527559242,0.005804730556031752,0.038207995161906365,0.023735629392815445,11.25,4.993746088859544,16,3,12.625,13.628439932728911,30.0,0.0,9498.375,8506.37343316028,24464,3,0.16537074759193718,0.2159427259113477,0.5127272727272727,0.0,1043.5123394486777,1235.5573445332939,2868.269230769231,0.0,60.04869940827051,71.15891189302937,202.32524027348222,0.03424000000000001,2.70000055024866e-06,0.006898599999658472,70.8995373000007,0.7095006999998077,71.61593930000072,4246.865801700001
16648123,895794063,743134744,211760123,1218.1234167350094,1334.8144628433758,3000.0,0.0,-3.9195404052734375,-0.68316984,0.4283915,0.25246334,-1.0279173,-0.004653699230402708,0.5969533330113719,0.9407564401626587,-0.9918012022972107,72.03680419921875,1222.042944454001,-1.6129063665866852,0.9511178519445594,-1.0086604356765747,-3.8622045516967773,-0.09693774953484535,0.0017431234559022685,-0.095448337495327,-0.10048358142375946,1.1096935123205185,0.007673270536789843,1.1150861978530884,1.089828372001648,1.5229982286691666,0.006965126323803402,1.5278701782226562,1.5049587488174438,4.85259485244751,59,1218.1234167350094,1334.8144628433758,3000.0,0.0,30.845352172851562,-4.8146896,0.041820783,-4.772923,-4.9100676,-70.28369,17.28891,-24.550337,-77.47755,-136.18597412109375,1187.278135677977,128.0,0.0,128,128,0.0001861660034208041,0.0024006059387528533,0.04993761694389223,0.0,1.5463722804273083,1.3342712458669932,23.814669077491185,0.002029132165024828,0.02351846298744258,0.0230256396661973,0.1568596694182467,0.0030674799578528254,0.6978058320990672,0.25187481567269504,0.9523356030665205,0.0,0.9202890109019328,0.6157926548103776,12.168405786051729,0.004510999320008622,-132.64471123451358,330.91536612179766,158.5,-2366.5,110.35072850442901,283.9293519589257,1241.0,-1.0,-438.43234276381924,817.8876022526878,-0.003144654088050314,-4768.0,183.9808578722084,345.3791308317275,2365.5,0.2938285613682267,0.0008274987615947101,0.00032795302098597833,0.0014619883040935672,0.0004520795660036166,1.0,0.0,1.0,1.0,0.0,0.0,0.0,0.0,0.028200441297465073,0.005607277845668246,0.038207995161906365,0.021257356140160482,14.625,3.637908052713812,16,5,12.875,13.34576243606936,30.0,0.0,8677.875,8440.863499036992,23535,11,2.5e+19,4.330127018922194e+19,1e+20,0.0,1218.1234167350094,1334.8144628433758,3000.0,0.0,37.98815666923323,75.76455469149613,237.40769815816859,0.0,1.5999994502635673e-06,0.007106000000021595,67.86825270000008,1.0952496999998402,68.9706099999994,4315.840307299999
908491913,81011138,533739719,739929909,1218.1234167350094,1334.8144628433758,3000.0,0.0,-3.9195404052734375,-0.68316984,0.4283915,0.25246334,-1.0279173,-0.004653699230402708,0.5969533330113719,0.9407564401626587,-0.9918012022972107,72.03680419921875,1222.042944454001,-1.6129063665866852,0.9511178519445594,-1.0086604356765747,-3.8622045516967773,-0.09693774953484535,0.0017431234559022685,-0.095448337495327,-0.10048358142375946,1.1096935123205185,0.007673270536789843,1.1150861978530884,1.089828372001648,1.5229982286691666,0.006965126323803402,1.5278701782226562,1.5049587488174438,4.855751991271973,60,708.0869323305853,1152.7514791920719,3000.0,0.0,-431.2720642089844,-4.8127112,0.054406226,-4.755693,-4.909032,-61.121696,24.201904,-14.727095,-77.38923,2034.472412109375,1139.3590153432376,128.0,0.0,128,128,0.0005985677709204805,0.004556556664132443,0.04993761694389223,0.0,1.1920215037615787,1.2458973366779171,23.814669077491185,0.002029132165024828,0.04040150286121118,0.03536914108527409,0.1568596694182467,0.0030674799578528254,0.6454156787850092,0.22292718815054363,0.9523356030665205,0.0,0.8958195820129904,1.020497815382097,12.168405786051729,0.004510999320008622,-70.79504616198575,319.31117915792584,158.5,-2366.5,99.04753924895402,198.8622030100647,1241.0,-1.0,-279.58874605527694,733.5325602720884,-0.003144654088050314,-4768.0,142.1730254615652,315.2604048034959,2365.5,0.2938285613682267,0.0011077285077135252,0.00040284935262286373,0.0014619883040935672,0.0004520795660036166,1.0,0.0,1.0,1.0,0.0,0.0,0.0,0.0,0.03260272500904417,0.006587979937011097,0.038207995161906365,0.021257356140160482,12.75,5.09288719686584,16,3,7.875,12.790988038458952,30.0,0.0,7372.875,12417.658579997076,31312,7,1.25e+19,3.3071891388307382e+19,1e+20,0.0,708.0869323305853,1152.7514791920719,3000.0,0.0,14.461081593827046,9.648303797293547,31.67980787608879,0.0,2.099999619531445e-06,0.008946799999648647,68.6627168999994,0.8087389999991501,69.48040479999781,4385.325477699997
