suite,family,scale,split,time_limit,solver_seeds,path,relative_path,instance,method,seed,training_seed,run_label,stability_profile,lexicographic_schedule_stability,schedule_stability_mode,lexicographic_stability_time_limit,warm_start,started_at,status,primary_status,stability_status,solving_time,end_to_end_time,cutsel_callback_calls,cutsel_callback_time,cutsel_feature_time,cutsel_device_transfer_time,cutsel_policy_inference_time,cutsel_structure_rerank_time,cutsel_root_calls,cutsel_nonroot_calls,nodes,gap,primal_dual_integral,best_objective,schedule_total_wait,schedule_max_wait,schedule_cadence_cv,schedule_cadence_deviation_sum,n_solutions,has_incumbent,solution_file,solution_write_error,acs_weights,acs_weight_source,policy_model,feature_dim,structure_rerank,decode_type,error
cie_core_spbs,dual_source_cluster_tool,8_to_32_wafers_nonpure41,test,600.0,[],D:\git\git\RDMCT-A3C\cie\data\core\spbs\cie_core_n008_f000_m008_proc090.lp,cie_core_n008_f000_m008_proc090.lp,cie_core_n008_f000_m008_proc090.lp,scip_default,4,-1,spbs_auto,full,True,linear,60.0,auto,2026-08-12T12:43:53,optimal,optimal,optimal,0.3484862000004796,0.43611719999898924,0,0.0,0.0,0.0,0.0,0.0,0,0,1206.0,0.0,93.35680908156492,714.000001,32.00000000000068,3.410605131648481e-13,0.0,0.0,1,True,D:\git\git\RDMCT-A3C\cie\results\spbs\cie_spbs_600s_mem2048_repro_v1\s4to6_both\solutions\cie_core_spbs__cie_core_n008_f000_m008_proc090__scip_default__solverseed_4__trainseed_-1__spbs_auto.sol,,,,,,False,,
cie_core_spbs,dual_source_cluster_tool,8_to_32_wafers_nonpure41,test,600.0,[],D:\git\git\RDMCT-A3C\cie\data\core\spbs\cie_core_n008_f000_m008_proc090.lp,cie_core_n008_f000_m008_proc090.lp,cie_core_n008_f000_m008_proc090.lp,scip_default,5,-1,spbs_auto,full,True,linear,60.0,auto,2026-08-12T12:43:54,optimal,optimal,optimal,0.44356300000072224,0.5034769000012602,0,0.0,0.0,0.0,0.0,0.0,0,0,809.0,0.0,0.0,714.000001,32.00000000000034,3.410605131648481e-13,0.0,0.0,1,True,D:\git\git\RDMCT-A3C\cie\results\spbs\cie_spbs_600s_mem2048_repro_v1\s4to6_both\solutions\cie_core_spbs__cie_core_n008_f000_m008_proc090__scip_default__solverseed_5__trainseed_-1__spbs_auto.sol,,,,,,False,,
cie_core_spbs,dual_source_cluster_tool,8_to_32_wafers_nonpure41,test,600.0,[],D:\git\git\RDMCT-A3C\cie\data\core\spbs\cie_core_n008_f000_m008_proc090.lp,cie_core_n008_f000_m008_proc090.lp,cie_core_n008_f000_m008_proc090.lp,scip_default,6,-1,spbs_auto,full,True,linear,60.0,auto,2026-08-12T12:43:54,optimal,optimal,optimal,0.3653299000034167,0.3927458999969531,0,0.0,0.0,0.0,0.0,0.0,0,0,495.0,0.0,93.20452963357755,714.000001,32.000000000004206,1.4779288903810084e-12,0.0,0.0,1,True,D:\git\git\RDMCT-A3C\cie\results\spbs\cie_spbs_600s_mem2048_repro_v1\s4to6_both\solutions\cie_core_spbs__cie_core_n008_f000_m008_proc090__scip_default__solverseed_6__trainseed_-1__spbs_auto.sol,,,,,,False,,
cie_core_spbs,dual_source_cluster_tool,8_to_32_wafers_nonpure41,test,600.0,[],D:\git\git\RDMCT-A3C\cie\data\core\spbs\cie_core_n008_f000_m008_proc100.lp,cie_core_n008_f000_m008_proc100.lp,cie_core_n008_f000_m008_proc100.lp,scip_default,4,-1,spbs_auto,full,True,linear,60.0,auto,2026-08-12T12:43:55,optimal,optimal,optimal,0.2926159999988158,0.31776950000130455,0,0.0,0.0,0.0,0.0,0.0,0,0,617.0,0.0,0.0,768.000001,32.00000000000273,1.0231815394945443e-12,0.0,0.0,1,True,D:\git\git\RDMCT-A3C\cie\results\spbs\cie_spbs_600s_mem2048_repro_v1\s4to6_both\solutions\cie_core_spbs__cie_core_n008_f000_m008_proc100__scip_default__solverseed_4__trainseed_-1__spbs_auto.sol,,,,,,False,,
cie_core_spbs,dual_source_cluster_tool,8_to_32_wafers_nonpure41,test,600.0,[],D:\git\git\RDMCT-A3C\cie\data\core\spbs\cie_core_n008_f000_m008_proc100.lp,cie_core_n008_f000_m008_proc100.lp,cie_core_n008_f000_m008_proc100.lp,scip_default,5,-1,spbs_auto,full,True,linear,60.0,auto,2026-08-12T12:43:55,optimal,optimal,optimal,0.4363013000001956,0.4614973999996437,0,0.0,0.0,0.0,0.0,0.0,0,0,1177.0,0.0,18.64406779661017,768.000001,32.00000000000068,3.410605131648481e-13,0.0,0.0,1,True,D:\git\git\RDMCT-A3C\cie\results\spbs\cie_spbs_600s_mem2048_repro_v1\s4to6_both\solutions\cie_core_spbs__cie_core_n008_f000_m008_proc100__scip_default__solverseed_5__trainseed_-1__spbs_auto.sol,,,,,,False,,
cie_core_spbs,dual_source_cluster_tool,8_to_32_wafers_nonpure41,test,600.0,[],D:\git\git\RDMCT-A3C\cie\data\core\spbs\cie_core_n008_f000_m008_proc100.lp,cie_core_n008_f000_m008_proc100.lp,cie_core_n008_f000_m008_proc100.lp,scip_default,6,-1,spbs_auto,full,True,linear,60.0,auto,2026-08-12T12:43:56,optimal,optimal,optimal,0.3147848000044178,0.3496125000019674,0,0.0,0.0,0.0,0.0,0.0,0,0,559.0,0.0,0.0,768.000001,32.00000000000068,3.410605131648481e-13,0.0,0.0,1,True,D:\git\git\RDMCT-A3C\cie\results\spbs\cie_spbs_600s_mem2048_repro_v1\s4to6_both\solutions\cie_core_spbs__cie_core_n008_f000_m008_proc100__scip_default__solverseed_6__trainseed_-1__spbs_auto.sol,,,,,,False,,
cie_core_spbs,dual_source_cluster_tool,8_to_32_wafers_nonpure41,test,600.0,[],D:\git\git\RDMCT-A3C\cie\data\core\spbs\cie_core_n008_f000_m008_proc110.lp,cie_core_n008_f000_m008_proc110.lp,cie_core_n008_f000_m008_proc110.lp,scip_default,4,-1,spbs_auto,full,True,linear,60.0,auto,2026-08-12T12:43:56,optimal,optimal,optimal,0.2555640999962634,0.2810905999976967,0,0.0,0.0,0.0,0.0,0.0,0,0,510.0,0.0,0.0,822.000001,32.000000000002046,6.821210263296962e-13,0.0,0.0,1,True,D:\git\git\RDMCT-A3C\cie\results\spbs\cie_spbs_600s_mem2048_repro_v1\s4to6_both\solutions\cie_core_spbs__cie_core_n008_f000_m008_proc110__scip_default__solverseed_4__trainseed_-1__spbs_auto.sol,,,,,,False,,
cie_core_spbs,dual_source_cluster_tool,8_to_32_wafers_nonpure41,test,600.0,[],D:\git\git\RDMCT-A3C\cie\data\core\spbs\cie_core_n008_f000_m008_proc110.lp,cie_core_n008_f000_m008_proc110.lp,cie_core_n008_f000_m008_proc110.lp,scip_default,5,-1,spbs_auto,full,True,linear,60.0,auto,2026-08-12T12:43:56,optimal,optimal,optimal,0.4408852000015031,0.4902691999996023,0,0.0,0.0,0.0,0.0,0.0,0,0,882.0,0.0,92.0303344243833,822.000001,32.00000000000159,4.547473508864641e-13,0.0,0.0,1,True,D:\git\git\RDMCT-A3C\cie\results\spbs\cie_spbs_600s_mem2048_repro_v1\s4to6_both\solutions\cie_core_spbs__cie_core_n008_f000_m008_proc110__scip_default__solverseed_5__trainseed_-1__spbs_auto.sol,,,,,,False,,
cie_core_spbs,dual_source_cluster_tool,8_to_32_wafers_nonpure41,test,600.0,[],D:\git\git\RDMCT-A3C\cie\data\core\spbs\cie_core_n008_f000_m008_proc110.lp,cie_core_n008_f000_m008_proc110.lp,cie_core_n008_f000_m008_proc110.lp,scip_default,6,-1,spbs_auto,full,True,linear,60.0,auto,2026-08-12T12:43:57,optimal,optimal,optimal,0.4369396999973105,0.4980232000016258,0,0.0,0.0,0.0,0.0,0.0,0,0,633.0,0.0,0.0,822.000001,32.000000000001705,6.821210263296962e-13,0.0,0.0,1,True,D:\git\git\RDMCT-A3C\cie\results\spbs\cie_spbs_600s_mem2048_repro_v1\s4to6_both\solutions\cie_core_spbs__cie_core_n008_f000_m008_proc110__scip_default__solverseed_6__trainseed_-1__spbs_auto.sol,,,,,,False,,
cie_core_spbs,dual_source_cluster_tool,8_to_32_wafers_nonpure41,test,600.0,[],D:\git\git\RDMCT-A3C\cie\data\core\spbs\cie_core_n008_f002_m006_proc090.lp,cie_core_n008_f002_m006_proc090.lp,cie_core_n008_f002_m006_proc090.lp,scip_default,4,-1,spbs_auto,full,True,linear,60.0,auto,2026-08-12T12:43:57,optimal,optimal,optimal,0.640052900002047,0.6997495000032359,0,0.0,0.0,0.0,0.0,0.0,0,0,904.0,0.0,92.11953856666976,828.000001,382.0,76.0,0.1872477887462634,0.0,1,True,D:\git\git\RDMCT-A3C\cie\results\spbs\cie_spbs_600s_mem2048_repro_v1\s4to6_both\solutions\cie_core_spbs__cie_core_n008_f002_m006_proc090__scip_default__solverseed_4__trainseed_-1__spbs_auto.sol,,,,,,False,,
cie_core_spbs,dual_source_cluster_tool,8_to_32_wafers_nonpure41,test,600.0,[],D:\git\git\RDMCT-A3C\cie\data\core\spbs\cie_core_n008_f002_m006_proc090.lp,cie_core_n008_f002_m006_proc090.lp,cie_core_n008_f002_m006_proc090.lp,scip_default,5,-1,spbs_auto,full,True,linear,60.0,auto,2026-08-12T12:43:58,optimal,optimal,optimal,0.3593172000000777,0.3854537999977765,0,0.0,0.0,0.0,0.0,0.0,0,0,204.0,0.0,0.0,828.000001,113.99999999999932,16.999999999999318,0.0,0.0,1,True,D:\git\git\RDMCT-A3C\cie\results\spbs\cie_spbs_600s_mem2048_repro_v1\s4to6_both\solutions\cie_core_spbs__cie_core_n008_f002_m006_proc090__scip_default__solverseed_5__trainseed_-1__spbs_auto.sol,,,,,,False,,
cie_core_spbs,dual_source_cluster_tool,8_to_32_wafers_nonpure41,test,600.0,[],D:\git\git\RDMCT-A3C\cie\data\core\spbs\cie_core_n008_f002_m006_proc090.lp,cie_core_n008_f002_m006_proc090.lp,cie_core_n008_f002_m006_proc090.lp,scip_default,6,-1,spbs_auto,full,True,linear,60.0,auto,2026-08-12T12:43:58,optimal,optimal,optimal,0.46057700000164914,0.5201903999986826,0,0.0,0.0,0.0,0.0,0.0,0,0,573.0,0.0,92.17664335966491,828.000001,310.0,93.0,0.0,0.0,2,True,D:\git\git\RDMCT-A3C\cie\results\spbs\cie_spbs_600s_mem2048_repro_v1\s4to6_both\solutions\cie_core_spbs__cie_core_n008_f002_m006_proc090__scip_default__solverseed_6__trainseed_-1__spbs_auto.sol,,,,,,False,,
cie_core_spbs,dual_source_cluster_tool,8_to_32_wafers_nonpure41,test,600.0,[],D:\git\git\RDMCT-A3C\cie\data\core\spbs\cie_core_n008_f002_m006_proc100.lp,cie_core_n008_f002_m006_proc100.lp,cie_core_n008_f002_m006_proc100.lp,scip_default,4,-1,spbs_auto,full,True,linear,60.0,auto,2026-08-12T12:43:59,optimal,optimal,optimal,0.6498685000005935,0.676145199999155,0,0.0,0.0,0.0,0.0,0.0,0,0,992.0,0.0,0.0,900.000001,113.999999,16.999999000000003,2.5619810894284968e-09,9.999999974752427e-07,2,True,D:\git\git\RDMCT-A3C\cie\results\spbs\cie_spbs_600s_mem2048_repro_v1\s4to6_both\solutions\cie_core_spbs__cie_core_n008_f002_m006_proc100__scip_default__solverseed_4__trainseed_-1__spbs_auto.sol,,,,,,False,,
cie_core_spbs,dual_source_cluster_tool,8_to_32_wafers_nonpure41,test,600.0,[],D:\git\git\RDMCT-A3C\cie\data\core\spbs\cie_core_n008_f002_m006_proc100.lp,cie_core_n008_f002_m006_proc100.lp,cie_core_n008_f002_m006_proc100.lp,scip_default,5,-1,spbs_auto,full,True,linear,60.0,auto,2026-08-12T12:43:59,optimal,optimal,optimal,0.4180754999979399,0.48638340000252356,0,0.0,0.0,0.0,0.0,0.0,0,0,368.0,0.0,100.0,900.000001,648.000001,75.999999,0.17114686225682885,0.0,1,True,D:\git\git\RDMCT-A3C\cie\results\spbs\cie_spbs_600s_mem2048_repro_v1\s4to6_both\solutions\cie_core_spbs__cie_core_n008_f002_m006_proc100__scip_default__solverseed_5__trainseed_-1__spbs_auto.sol,,,,,,False,,
cie_core_spbs,dual_source_cluster_tool,8_to_32_wafers_nonpure41,test,600.0,[],D:\git\git\RDMCT-A3C\cie\data\core\spbs\cie_core_n008_f002_m006_proc100.lp,cie_core_n008_f002_m006_proc100.lp,cie_core_n008_f002_m006_proc100.lp,scip_default,6,-1,spbs_auto,full,True,linear,60.0,auto,2026-08-12T12:44:00,optimal,optimal,optimal,0.3791506000015943,0.44045510000069044,0,0.0,0.0,0.0,0.0,0.0,0,0,429.0,0.0,0.0,900.000001,346.0000000000017,92.99999999999966,8.737905857022754e-16,3.410605131648481e-13,2,True,D:\git\git\RDMCT-A3C\cie\results\spbs\cie_spbs_600s_mem2048_repro_v1\s4to6_both\solutions\cie_core_spbs__cie_core_n008_f002_m006_proc100__scip_default__solverseed_6__trainseed_-1__spbs_auto.sol,,,,,,False,,
cie_core_spbs,dual_source_cluster_tool,8_to_32_wafers_nonpure41,test,600.0,[],D:\git\git\RDMCT-A3C\cie\data\core\spbs\cie_core_n008_f002_m006_proc110.lp,cie_core_n008_f002_m006_proc110.lp,cie_core_n008_f002_m006_proc110.lp,scip_default,4,-1,spbs_auto,full,True,linear,60.0,auto,2026-08-12T12:44:00,optimal,optimal,optimal,0.6274559999983467,0.7217357000008633,0,0.0,0.0,0.0,0.0,0.0,0,0,974.0,0.0,90.82516325877977,972.000001,114.00000000000068,17.00000000000034,1.5918561165269147e-15,0.0,1,True,D:\git\git\RDMCT-A3C\cie\results\spbs\cie_spbs_600s_mem2048_repro_v1\s4to6_both\solutions\cie_core_spbs__cie_core_n008_f002_m006_proc110__scip_default__solverseed_4__trainseed_-1__spbs_auto.sol,,,,,,False,,
cie_core_spbs,dual_source_cluster_tool,8_to_32_wafers_nonpure41,test,600.0,[],D:\git\git\RDMCT-A3C\cie\data\core\spbs\cie_core_n008_f002_m006_proc110.lp,cie_core_n008_f002_m006_proc110.lp,cie_core_n008_f002_m006_proc110.lp,scip_default,5,-1,spbs_auto,full,True,linear,60.0,auto,2026-08-12T12:44:01,optimal,optimal,optimal,0.5426670000015292,0.5683261999984097,0,0.0,0.0,0.0,0.0,0.0,0,0,623.0,0.0,90.787093396783,972.000001,366.0,75.5,0.0,0.0,1,True,D:\git\git\RDMCT-A3C\cie\results\spbs\cie_spbs_600s_mem2048_repro_v1\s4to6_both\solutions\cie_core_spbs__cie_core_n008_f002_m006_proc110__scip_default__solverseed_5__trainseed_-1__spbs_auto.sol,,,,,,False,,
cie_core_spbs,dual_source_cluster_tool,8_to_32_wafers_nonpure41,test,600.0,[],D:\git\git\RDMCT-A3C\cie\data\core\spbs\cie_core_n008_f002_m006_proc110.lp,cie_core_n008_f002_m006_proc110.lp,cie_core_n008_f002_m006_proc110.lp,scip_default,6,-1,spbs_auto,full,True,linear,60.0,auto,2026-08-12T12:44:02,optimal,optimal,optimal,0.593257900000026,0.6248883000007481,0,0.0,0.0,0.0,0.0,0.0,0,0,739.0,0.0,0.0,972.000001,114.0,17.0,7.959280582634592e-16,3.410605131648481e-13,1,True,D:\git\git\RDMCT-A3C\cie\results\spbs\cie_spbs_600s_mem2048_repro_v1\s4to6_both\solutions\cie_core_spbs__cie_core_n008_f002_m006_proc110__scip_default__solverseed_6__trainseed_-1__spbs_auto.sol,,,,,,False,,
cie_core_spbs,dual_source_cluster_tool,8_to_32_wafers_nonpure41,test,600.0,[],D:\git\git\RDMCT-A3C\cie\data\core\spbs\cie_core_n008_f004_m004_proc090.lp,cie_core_n008_f004_m004_proc090.lp,cie_core_n008_f004_m004_proc090.lp,scip_default,4,-1,spbs_auto,full,True,linear,60.0,auto,2026-08-12T12:44:02,optimal,optimal,optimal,0.4081518999992113,0.4665372999988904,0,0.0,0.0,0.0,0.0,0.0,0,0,1394.0,0.0,92.78576115161314,780.0000009999673,241.999999000039,58.0,3.0119526562029382e-09,0.0,3,True,D:\git\git\RDMCT-A3C\cie\results\spbs\cie_spbs_600s_mem2048_repro_v1\s4to6_both\solutions\cie_core_spbs__cie_core_n008_f004_m004_proc090__scip_default__solverseed_4__trainseed_-1__spbs_auto.sol,,,,,,False,,
cie_core_spbs,dual_source_cluster_tool,8_to_32_wafers_nonpure41,test,600.0,[],D:\git\git\RDMCT-A3C\cie\data\core\spbs\cie_core_n008_f004_m004_proc090.lp,cie_core_n008_f004_m004_proc090.lp,cie_core_n008_f004_m004_proc090.lp,scip_default,5,-1,spbs_auto,full,True,linear,60.0,auto,2026-08-12T12:44:03,optimal,optimal,optimal,0.3147331000000122,0.3515053999981319,0,0.0,0.0,0.0,0.0,0.0,0,0,353.0,0.0,0.0,780.0000009999964,241.99999700000592,57.99999900000171,3.0120385880474625e-09,0.0,1,True,D:\git\git\RDMCT-A3C\cie\results\spbs\cie_spbs_600s_mem2048_repro_v1\s4to6_both\solutions\cie_core_spbs__cie_core_n008_f004_m004_proc090__scip_default__solverseed_5__trainseed_-1__spbs_auto.sol,,,,,,False,,
cie_core_spbs,dual_source_cluster_tool,8_to_32_wafers_nonpure41,test,600.0,[],D:\git\git\RDMCT-A3C\cie\data\core\spbs\cie_core_n008_f004_m004_proc090.lp,cie_core_n008_f004_m004_proc090.lp,cie_core_n008_f004_m004_proc090.lp,scip_default,6,-1,spbs_auto,full,True,linear,60.0,auto,2026-08-12T12:44:03,optimal,optimal,optimal,0.25160609999875305,0.2776040999997349,0,0.0,0.0,0.0,0.0,0.0,0,0,257.0,0.0,0.0,780.000001,242.0,58.0,0.0,0.0,1,True,D:\git\git\RDMCT-A3C\cie\results\spbs\cie_spbs_600s_mem2048_repro_v1\s4to6_both\solutions\cie_core_spbs__cie_core_n008_f004_m004_proc090__scip_default__solverseed_6__trainseed_-1__spbs_auto.sol,,,,,,False,,
cie_core_spbs,dual_source_cluster_tool,8_to_32_wafers_nonpure41,test,600.0,[],D:\git\git\RDMCT-A3C\cie\data\core\spbs\cie_core_n008_f004_m004_proc100.lp,cie_core_n008_f004_m004_proc100.lp,cie_core_n008_f004_m004_proc100.lp,scip_default,4,-1,spbs_auto,full,True,linear,60.0,auto,2026-08-12T12:44:03,optimal,optimal,optimal,0.25501190000068163,0.2795136000022467,0,0.0,0.0,0.0,0.0,0.0,0,0,273.0,0.0,100.0,834.0000009999964,241.9999990000132,58.0,9.267948727305662e-16,0.0,1,True,D:\git\git\RDMCT-A3C\cie\results\spbs\cie_spbs_600s_mem2048_repro_v1\s4to6_both\solutions\cie_core_spbs__cie_core_n008_f004_m004_proc100__scip_default__solverseed_4__trainseed_-1__spbs_auto.sol,,,,,,False,,
cie_core_spbs,dual_source_cluster_tool,8_to_32_wafers_nonpure41,test,600.0,[],D:\git\git\RDMCT-A3C\cie\data\core\spbs\cie_core_n008_f004_m004_proc100.lp,cie_core_n008_f004_m004_proc100.lp,cie_core_n008_f004_m004_proc100.lp,scip_default,5,-1,spbs_auto,full,True,linear,60.0,auto,2026-08-12T12:44:04,optimal,optimal,optimal,0.2631538999994518,0.2875776000000769,0,0.0,0.0,0.0,0.0,0.0,0,0,285.0,0.0,0.0,834.0000009999964,241.99999900000353,58.0,2.7173817279908846e-09,0.0,1,True,D:\git\git\RDMCT-A3C\cie\results\spbs\cie_spbs_600s_mem2048_repro_v1\s4to6_both\solutions\cie_core_spbs__cie_core_n008_f004_m004_proc100__scip_default__solverseed_5__trainseed_-1__spbs_auto.sol,,,,,,False,,
cie_core_spbs,dual_source_cluster_tool,8_to_32_wafers_nonpure41,test,600.0,[],D:\git\git\RDMCT-A3C\cie\data\core\spbs\cie_core_n008_f004_m004_proc100.lp,cie_core_n008_f004_m004_proc100.lp,cie_core_n008_f004_m004_proc100.lp,scip_default,6,-1,spbs_auto,full,True,linear,60.0,auto,2026-08-12T12:44:04,optimal,optimal,optimal,0.4682444999998552,0.526320000000851,0,0.0,0.0,0.0,0.0,0.0,0,0,738.0,0.0,0.0,834.000001,242.0,58.0,0.0,0.0,1,True,D:\git\git\RDMCT-A3C\cie\results\spbs\cie_spbs_600s_mem2048_repro_v1\s4to6_both\solutions\cie_core_spbs__cie_core_n008_f004_m004_proc100__scip_default__solverseed_6__trainseed_-1__spbs_auto.sol,,,,,,False,,
cie_core_spbs,dual_source_cluster_tool,8_to_32_wafers_nonpure41,test,600.0,[],D:\git\git\RDMCT-A3C\cie\data\core\spbs\cie_core_n008_f004_m004_proc110.lp,cie_core_n008_f004_m004_proc110.lp,cie_core_n008_f004_m004_proc110.lp,scip_default,4,-1,spbs_auto,full,True,linear,60.0,auto,2026-08-12T12:44:05,optimal,optimal,optimal,0.28881380000166246,0.31405110000196146,0,0.0,0.0,0.0,0.0,0.0,0,0,455.0,0.0,0.0,888.0000009999964,241.9999950000323,57.999999000006255,2.475231190998614e-09,0.0,3,True,D:\git\git\RDMCT-A3C\cie\results\spbs\cie_spbs_600s_mem2048_repro_v1\s4to6_both\solutions\cie_core_spbs__cie_core_n008_f004_m004_proc110__scip_default__solverseed_4__trainseed_-1__spbs_auto.sol,,,,,,False,,
cie_core_spbs,dual_source_cluster_tool,8_to_32_wafers_nonpure41,test,600.0,[],D:\git\git\RDMCT-A3C\cie\data\core\spbs\cie_core_n008_f004_m004_proc110.lp,cie_core_n008_f004_m004_proc110.lp,cie_core_n008_f004_m004_proc110.lp,scip_default,5,-1,spbs_auto,full,True,linear,60.0,auto,2026-08-12T12:44:05,optimal,optimal,optimal,0.3545957000023918,0.4305549999990035,0,0.0,0.0,0.0,0.0,0.0,0,0,734.0,0.0,0.0,888.000001,242.0,58.0,0.0,0.0,1,True,D:\git\git\RDMCT-A3C\cie\results\spbs\cie_spbs_600s_mem2048_repro_v1\s4to6_both\solutions\cie_core_spbs__cie_core_n008_f004_m004_proc110__scip_default__solverseed_5__trainseed_-1__spbs_auto.sol,,,,,,False,,
cie_core_spbs,dual_source_cluster_tool,8_to_32_wafers_nonpure41,test,600.0,[],D:\git\git\RDMCT-A3C\cie\data\core\spbs\cie_core_n008_f004_m004_proc110.lp,cie_core_n008_f004_m004_proc110.lp,cie_core_n008_f004_m004_proc110.lp,scip_default,6,-1,spbs_auto,full,True,linear,60.0,auto,2026-08-12T12:44:05,optimal,optimal,optimal,0.34906709999995655,0.45982879999792203,0,0.0,0.0,0.0,0.0,0.0,0,0,591.0,0.0,91.7578748777005,888.000001,242.0,58.0,0.0,0.0,1,True,D:\git\git\RDMCT-A3C\cie\results\spbs\cie_spbs_600s_mem2048_repro_v1\s4to6_both\solutions\cie_core_spbs__cie_core_n008_f004_m004_proc110__scip_default__solverseed_6__trainseed_-1__spbs_auto.sol,,,,,,False,,
cie_core_spbs,dual_source_cluster_tool,8_to_32_wafers_nonpure41,test,600.0,[],D:\git\git\RDMCT-A3C\cie\data\core\spbs\cie_core_n008_f006_m002_proc090.lp,cie_core_n008_f006_m002_proc090.lp,cie_core_n008_f006_m002_proc090.lp,scip_default,4,-1,spbs_auto,full,True,linear,60.0,auto,2026-08-12T12:44:06,optimal,optimal,optimal,0.369860200000403,0.44408670000120765,0,0.0,0.0,0.0,0.0,0.0,0,0,1019.0,0.0,0.0,780.000001,279.000000000001,58.0,0.0,0.0,1,True,D:\git\git\RDMCT-A3C\cie\results\spbs\cie_spbs_600s_mem2048_repro_v1\s4to6_both\solutions\cie_core_spbs__cie_core_n008_f006_m002_proc090__scip_default__solverseed_4__trainseed_-1__spbs_auto.sol,,,,,,False,,
cie_core_spbs,dual_source_cluster_tool,8_to_32_wafers_nonpure41,test,600.0,[],D:\git\git\RDMCT-A3C\cie\data\core\spbs\cie_core_n008_f006_m002_proc090.lp,cie_core_n008_f006_m002_proc090.lp,cie_core_n008_f006_m002_proc090.lp,scip_default,5,-1,spbs_auto,full,True,linear,60.0,auto,2026-08-12T12:44:06,optimal,optimal,optimal,0.3961742999999842,0.4256170000007842,0,0.0,0.0,0.0,0.0,0.0,0,0,522.0,0.0,92.78576115161314,780.000001,308.0,58.0,0.0,0.0,1,True,D:\git\git\RDMCT-A3C\cie\results\spbs\cie_spbs_600s_mem2048_repro_v1\s4to6_both\solutions\cie_core_spbs__cie_core_n008_f006_m002_proc090__scip_default__solverseed_5__trainseed_-1__spbs_auto.sol,,,,,,False,,
cie_core_spbs,dual_source_cluster_tool,8_to_32_wafers_nonpure41,test,600.0,[],D:\git\git\RDMCT-A3C\cie\data\core\spbs\cie_core_n008_f006_m002_proc090.lp,cie_core_n008_f006_m002_proc090.lp,cie_core_n008_f006_m002_proc090.lp,scip_default,6,-1,spbs_auto,full,True,linear,60.0,auto,2026-08-12T12:44:07,optimal,optimal,optimal,0.2753474000019196,0.30397720000109985,0,0.0,0.0,0.0,0.0,0.0,0,0,263.0,0.0,0.0,780.000001,345.0,58.0,0.0,0.0,1,True,D:\git\git\RDMCT-A3C\cie\results\spbs\cie_spbs_600s_mem2048_repro_v1\s4to6_both\solutions\cie_core_spbs__cie_core_n008_f006_m002_proc090__scip_default__solverseed_6__trainseed_-1__spbs_auto.sol,,,,,,False,,
cie_core_spbs,dual_source_cluster_tool,8_to_32_wafers_nonpure41,test,600.0,[],D:\git\git\RDMCT-A3C\cie\data\core\spbs\cie_core_n008_f006_m002_proc100.lp,cie_core_n008_f006_m002_proc100.lp,cie_core_n008_f006_m002_proc100.lp,scip_default,4,-1,spbs_auto,full,True,linear,60.0,auto,2026-08-12T12:44:07,optimal,optimal,optimal,0.3127587000017229,0.34203939999861177,0,0.0,0.0,0.0,0.0,0.0,0,0,388.0,0.0,0.0,834.000001,308.0,58.0,0.0,0.0,1,True,D:\git\git\RDMCT-A3C\cie\results\spbs\cie_spbs_600s_mem2048_repro_v1\s4to6_both\solutions\cie_core_spbs__cie_core_n008_f006_m002_proc100__scip_default__solverseed_4__trainseed_-1__spbs_auto.sol,,,,,,False,,
cie_core_spbs,dual_source_cluster_tool,8_to_32_wafers_nonpure41,test,600.0,[],D:\git\git\RDMCT-A3C\cie\data\core\spbs\cie_core_n008_f006_m002_proc100.lp,cie_core_n008_f006_m002_proc100.lp,cie_core_n008_f006_m002_proc100.lp,scip_default,5,-1,spbs_auto,full,True,linear,60.0,auto,2026-08-12T12:44:07,optimal,optimal,optimal,0.5296858000001521,0.5726302000002761,0,0.0,0.0,0.0,0.0,0.0,0,0,565.0,0.0,92.27181801465682,834.000001,308.0,58.0,0.0,0.0,1,True,D:\git\git\RDMCT-A3C\cie\results\spbs\cie_spbs_600s_mem2048_repro_v1\s4to6_both\solutions\cie_core_spbs__cie_core_n008_f006_m002_proc100__scip_default__solverseed_5__trainseed_-1__spbs_auto.sol,,,,,,False,,
cie_core_spbs,dual_source_cluster_tool,8_to_32_wafers_nonpure41,test,600.0,[],D:\git\git\RDMCT-A3C\cie\data\core\spbs\cie_core_n008_f006_m002_proc100.lp,cie_core_n008_f006_m002_proc100.lp,cie_core_n008_f006_m002_proc100.lp,scip_default,6,-1,spbs_auto,full,True,linear,60.0,auto,2026-08-12T12:44:08,optimal,optimal,optimal,0.2911147000013443,0.32237379999787663,0,0.0,0.0,0.0,0.0,0.0,0,0,228.0,0.0,0.0,834.0000009999964,308.0,58.0,0.0,0.0,1,True,D:\git\git\RDMCT-A3C\cie\results\spbs\cie_spbs_600s_mem2048_repro_v1\s4to6_both\solutions\cie_core_spbs__cie_core_n008_f006_m002_proc100__scip_default__solverseed_6__trainseed_-1__spbs_auto.sol,,,,,,False,,
cie_core_spbs,dual_source_cluster_tool,8_to_32_wafers_nonpure41,test,600.0,[],D:\git\git\RDMCT-A3C\cie\data\core\spbs\cie_core_n008_f006_m002_proc110.lp,cie_core_n008_f006_m002_proc110.lp,cie_core_n008_f006_m002_proc110.lp,scip_default,4,-1,spbs_auto,full,True,linear,60.0,auto,2026-08-12T12:44:08,optimal,optimal,optimal,0.4801005000008445,0.5490313999980572,0,0.0,0.0,0.0,0.0,0.0,0,0,682.0,0.0,91.7578748777005,888.000001,345.0,58.0,0.0,0.0,1,True,D:\git\git\RDMCT-A3C\cie\results\spbs\cie_spbs_600s_mem2048_repro_v1\s4to6_both\solutions\cie_core_spbs__cie_core_n008_f006_m002_proc110__scip_default__solverseed_4__trainseed_-1__spbs_auto.sol,,,,,,False,,
cie_core_spbs,dual_source_cluster_tool,8_to_32_wafers_nonpure41,test,600.0,[],D:\git\git\RDMCT-A3C\cie\data\core\spbs\cie_core_n008_f006_m002_proc110.lp,cie_core_n008_f006_m002_proc110.lp,cie_core_n008_f006_m002_proc110.lp,scip_default,5,-1,spbs_auto,full,True,linear,60.0,auto,2026-08-12T12:44:09,optimal,optimal,optimal,0.2456549000016821,0.27450170000156504,0,0.0,0.0,0.0,0.0,0.0,0,0,180.0,0.0,0.0,888.000001,261.99999600000103,57.999999,0.0,0.0,1,True,D:\git\git\RDMCT-A3C\cie\results\spbs\cie_spbs_600s_mem2048_repro_v1\s4to6_both\solutions\cie_core_spbs__cie_core_n008_f006_m002_proc110__scip_default__solverseed_5__trainseed_-1__spbs_auto.sol,,,,,,False,,
cie_core_spbs,dual_source_cluster_tool,8_to_32_wafers_nonpure41,test,600.0,[],D:\git\git\RDMCT-A3C\cie\data\core\spbs\cie_core_n008_f006_m002_proc110.lp,cie_core_n008_f006_m002_proc110.lp,cie_core_n008_f006_m002_proc110.lp,scip_default,6,-1,spbs_auto,full,True,linear,60.0,auto,2026-08-12T12:44:09,optimal,optimal,optimal,0.5105489999987185,0.5805117000018072,0,0.0,0.0,0.0,0.0,0.0,0,0,616.0,0.0,91.7578748777005,888.000001,308.0,58.0,0.0,0.0,1,True,D:\git\git\RDMCT-A3C\cie\results\spbs\cie_spbs_600s_mem2048_repro_v1\s4to6_both\solutions\cie_core_spbs__cie_core_n008_f006_m002_proc110__scip_default__solverseed_6__trainseed_-1__spbs_auto.sol,,,,,,False,,
cie_core_spbs,dual_source_cluster_tool,8_to_32_wafers_nonpure41,test,600.0,[],D:\git\git\RDMCT-A3C\cie\data\core\spbs\cie_core_n016_f000_m016_proc090.lp,cie_core_n016_f000_m016_proc090.lp,cie_core_n016_f000_m016_proc090.lp,scip_default,4,-1,spbs_auto,full,True,linear,60.0,auto,2026-08-12T12:44:10,optimal,optimal,optimal,44.66690199999721,44.75429020000229,0,0.0,0.0,0.0,0.0,0.0,0,0,65174.0,0.0,1462.0179419264934,1046.000001,191.0000010000001,15.499999499999944,0.0,0.0,1,True,D:\git\git\RDMCT-A3C\cie\results\spbs\cie_spbs_600s_mem2048_repro_v1\s4to6_both\solutions\cie_core_spbs__cie_core_n016_f000_m016_proc090__scip_default__solverseed_4__trainseed_-1__spbs_auto.sol,,,,,,False,,
cie_core_spbs,dual_source_cluster_tool,8_to_32_wafers_nonpure41,test,600.0,[],D:\git\git\RDMCT-A3C\cie\data\core\spbs\cie_core_n016_f000_m016_proc090.lp,cie_core_n016_f000_m016_proc090.lp,cie_core_n016_f000_m016_proc090.lp,scip_default,5,-1,spbs_auto,full,True,linear,60.0,auto,2026-08-12T12:44:54,optimal,optimal,optimal,63.90609400000176,63.990411999999196,0,0.0,0.0,0.0,0.0,0.0,0,0,102568.0,0.0,2142.7010322497786,1046.000001,191.00000100000034,15.49999949999983,0.0,0.0,1,True,D:\git\git\RDMCT-A3C\cie\results\spbs\cie_spbs_600s_mem2048_repro_v1\s4to6_both\solutions\cie_core_spbs__cie_core_n016_f000_m016_proc090__scip_default__solverseed_5__trainseed_-1__spbs_auto.sol,,,,,,False,,
cie_core_spbs,dual_source_cluster_tool,8_to_32_wafers_nonpure41,test,600.0,[],D:\git\git\RDMCT-A3C\cie\data\core\spbs\cie_core_n016_f000_m016_proc090.lp,cie_core_n016_f000_m016_proc090.lp,cie_core_n016_f000_m016_proc090.lp,scip_default,6,-1,spbs_auto,full,True,linear,60.0,auto,2026-08-12T12:45:58,optimal,optimal,optimal,23.087955999999394,23.14380159999928,0,0.0,0.0,0.0,0.0,0.0,0,0,15472.0,0.0,2080.9840839326143,1046.000001,191.0000010000001,15.49999949999983,4.529926204107726e-16,2.2737367544323206e-13,1,True,D:\git\git\RDMCT-A3C\cie\results\spbs\cie_spbs_600s_mem2048_repro_v1\s4to6_both\solutions\cie_core_spbs__cie_core_n016_f000_m016_proc090__scip_default__solverseed_6__trainseed_-1__spbs_auto.sol,,,,,,False,,
cie_core_spbs,dual_source_cluster_tool,8_to_32_wafers_nonpure41,test,600.0,[],D:\git\git\RDMCT-A3C\cie\data\core\spbs\cie_core_n016_f000_m016_proc100.lp,cie_core_n016_f000_m016_proc100.lp,cie_core_n016_f000_m016_proc100.lp,scip_default,4,-1,spbs_auto,full,True,linear,60.0,auto,2026-08-12T12:46:22,optimal,optimal,optimal,72.80725909999819,72.8963831000001,0,0.0,0.0,0.0,0.0,0.0,0,0,103919.0,0.0,2388.138230218422,1136.000001,214.00000200000113,24.499999499999717,0.0,0.0,1,True,D:\git\git\RDMCT-A3C\cie\results\spbs\cie_spbs_600s_mem2048_repro_v1\s4to6_both\solutions\cie_core_spbs__cie_core_n016_f000_m016_proc100__scip_default__solverseed_4__trainseed_-1__spbs_auto.sol,,,,,,False,,
cie_core_spbs,dual_source_cluster_tool,8_to_32_wafers_nonpure41,test,600.0,[],D:\git\git\RDMCT-A3C\cie\data\core\spbs\cie_core_n016_f000_m016_proc100.lp,cie_core_n016_f000_m016_proc100.lp,cie_core_n016_f000_m016_proc100.lp,scip_default,5,-1,spbs_auto,full,True,linear,60.0,auto,2026-08-12T12:47:34,optimal,optimal,optimal,54.59715370000049,54.65395189999981,0,0.0,0.0,0.0,0.0,0.0,0,0,84060.0,0.0,2333.2256061703993,1136.000001,214.00000099999966,24.499999500000058,1.797384668439242e-09,1.99999976757681e-06,1,True,D:\git\git\RDMCT-A3C\cie\results\spbs\cie_spbs_600s_mem2048_repro_v1\s4to6_both\solutions\cie_core_spbs__cie_core_n016_f000_m016_proc100__scip_default__solverseed_5__trainseed_-1__spbs_auto.sol,,,,,,False,,
cie_core_spbs,dual_source_cluster_tool,8_to_32_wafers_nonpure41,test,600.0,[],D:\git\git\RDMCT-A3C\cie\data\core\spbs\cie_core_n016_f000_m016_proc100.lp,cie_core_n016_f000_m016_proc100.lp,cie_core_n016_f000_m016_proc100.lp,scip_default,6,-1,spbs_auto,full,True,linear,60.0,auto,2026-08-12T12:48:29,optimal,optimal,optimal,21.100322800004506,21.153855200002,0,0.0,0.0,0.0,0.0,0.0,0,0,11743.0,0.0,1873.1797622232775,1136.000001,214.00000200000045,24.49999949999983,4.0867812493580576e-16,2.2737367544323206e-13,1,True,D:\git\git\RDMCT-A3C\cie\results\spbs\cie_spbs_600s_mem2048_repro_v1\s4to6_both\solutions\cie_core_spbs__cie_core_n016_f000_m016_proc100__scip_default__solverseed_6__trainseed_-1__spbs_auto.sol,,,,,,False,,
cie_core_spbs,dual_source_cluster_tool,8_to_32_wafers_nonpure41,test,600.0,[],D:\git\git\RDMCT-A3C\cie\data\core\spbs\cie_core_n016_f000_m016_proc110.lp,cie_core_n016_f000_m016_proc110.lp,cie_core_n016_f000_m016_proc110.lp,scip_default,4,-1,spbs_auto,full,True,linear,60.0,auto,2026-08-12T12:48:50,optimal,optimal,optimal,50.64829069999905,50.73658860000069,0,0.0,0.0,0.0,0.0,0.0,0,0,24131.0,0.0,4516.579364899585,1226.000001,250.00000200000113,33.49999949999972,0.0,0.0,1,True,D:\git\git\RDMCT-A3C\cie\results\spbs\cie_spbs_600s_mem2048_repro_v1\s4to6_both\solutions\cie_core_spbs__cie_core_n016_f000_m016_proc110__scip_default__solverseed_4__trainseed_-1__spbs_auto.sol,,,,,,False,,
cie_core_spbs,dual_source_cluster_tool,8_to_32_wafers_nonpure41,test,600.0,[],D:\git\git\RDMCT-A3C\cie\data\core\spbs\cie_core_n016_f000_m016_proc110.lp,cie_core_n016_f000_m016_proc110.lp,cie_core_n016_f000_m016_proc110.lp,scip_default,5,-1,spbs_auto,full,True,linear,60.0,auto,2026-08-12T12:49:41,optimal,optimal,optimal,28.44314800000211,28.531110400002945,0,0.0,0.0,0.0,0.0,0.0,0,0,10930.0,0.0,2473.5128635157484,1226.000001,250.00000200000068,33.49999949999983,4.874044036774183e-16,6.821210263296962e-13,1,True,D:\git\git\RDMCT-A3C\cie\results\spbs\cie_spbs_600s_mem2048_repro_v1\s4to6_both\solutions\cie_core_spbs__cie_core_n016_f000_m016_proc110__scip_default__solverseed_5__trainseed_-1__spbs_auto.sol,,,,,,False,,
cie_core_spbs,dual_source_cluster_tool,8_to_32_wafers_nonpure41,test,600.0,[],D:\git\git\RDMCT-A3C\cie\data\core\spbs\cie_core_n016_f000_m016_proc110.lp,cie_core_n016_f000_m016_proc110.lp,cie_core_n016_f000_m016_proc110.lp,scip_default,6,-1,spbs_auto,full,True,linear,60.0,auto,2026-08-12T12:50:10,optimal,optimal,optimal,54.65583379999953,54.747614500000054,0,0.0,0.0,0.0,0.0,0.0,0,0,24424.0,0.0,4769.905714091552,1226.000001,250.00000200000045,33.49999949999983,3.7226126231776364e-16,2.2737367544323206e-13,1,True,D:\git\git\RDMCT-A3C\cie\results\spbs\cie_spbs_600s_mem2048_repro_v1\s4to6_both\solutions\cie_core_spbs__cie_core_n016_f000_m016_proc110__scip_default__solverseed_6__trainseed_-1__spbs_auto.sol,,,,,,False,,
cie_core_spbs,dual_source_cluster_tool,8_to_32_wafers_nonpure41,test,600.0,[],D:\git\git\RDMCT-A3C\cie\data\core\spbs\cie_core_n016_f004_m012_proc090.lp,cie_core_n016_f004_m012_proc090.lp,cie_core_n016_f004_m012_proc090.lp,scip_default,4,-1,spbs_auto,full,True,linear,60.0,auto,2026-08-12T12:51:04,optimal,optimal,optimal,62.092575300001045,62.1764379999986,0,0.0,0.0,0.0,0.0,0.0,0,0,97250.0,0.0,1932.541428297071,1112.0000009999928,554.0000050000604,98.99999899999102,2.2450340268899473e-09,9.99994199446519e-07,2,True,D:\git\git\RDMCT-A3C\cie\results\spbs\cie_spbs_600s_mem2048_repro_v1\s4to6_both\solutions\cie_core_spbs__cie_core_n016_f004_m012_proc090__scip_default__solverseed_4__trainseed_-1__spbs_auto.sol,,,,,,False,,
cie_core_spbs,dual_source_cluster_tool,8_to_32_wafers_nonpure41,test,600.0,[],D:\git\git\RDMCT-A3C\cie\data\core\spbs\cie_core_n016_f004_m012_proc090.lp,cie_core_n016_f004_m012_proc090.lp,cie_core_n016_f004_m012_proc090.lp,scip_default,5,-1,spbs_auto,full,True,linear,60.0,auto,2026-08-12T12:52:06,optimal,optimal,optimal,24.48929169999974,24.539367299999867,0,0.0,0.0,0.0,0.0,0.0,0,0,17506.0,0.0,2169.252677751327,1112.000001,370.0,58.0,0.0,0.0,1,True,D:\git\git\RDMCT-A3C\cie\results\spbs\cie_spbs_600s_mem2048_repro_v1\s4to6_both\solutions\cie_core_spbs__cie_core_n016_f004_m012_proc090__scip_default__solverseed_5__trainseed_-1__spbs_auto.sol,,,,,,False,,
cie_core_spbs,dual_source_cluster_tool,8_to_32_wafers_nonpure41,test,600.0,[],D:\git\git\RDMCT-A3C\cie\data\core\spbs\cie_core_n016_f004_m012_proc090.lp,cie_core_n016_f004_m012_proc090.lp,cie_core_n016_f004_m012_proc090.lp,scip_default,6,-1,spbs_auto,full,True,linear,60.0,auto,2026-08-12T12:52:31,optimal,optimal,optimal,37.422182899998006,37.4715165000016,0,0.0,0.0,0.0,0.0,0.0,0,0,61430.0,0.0,1086.5938967053671,1112.000001,554.0000060000048,98.9999989999992,0.0,0.0,2,True,D:\git\git\RDMCT-A3C\cie\results\spbs\cie_spbs_600s_mem2048_repro_v1\s4to6_both\solutions\cie_core_spbs__cie_core_n016_f004_m012_proc090__scip_default__solverseed_6__trainseed_-1__spbs_auto.sol,,,,,,False,,
cie_core_spbs,dual_source_cluster_tool,8_to_32_wafers_nonpure41,test,600.0,[],D:\git\git\RDMCT-A3C\cie\data\core\spbs\cie_core_n016_f004_m012_proc100.lp,cie_core_n016_f004_m012_proc100.lp,cie_core_n016_f004_m012_proc100.lp,scip_default,4,-1,spbs_auto,full,True,linear,60.0,auto,2026-08-12T12:53:08,optimal,optimal,optimal,257.88652799999545,257.9729530000004,0,0.0,0.0,0.0,0.0,0.0,0,0,513620.0,0.0,5280.073674249714,1202.0000009999928,405.99999700001695,58.0,4.633974363652828e-16,2.2737367544323206e-13,1,True,D:\git\git\RDMCT-A3C\cie\results\spbs\cie_spbs_600s_mem2048_repro_v1\s4to6_both\solutions\cie_core_spbs__cie_core_n016_f004_m012_proc100__scip_default__solverseed_4__trainseed_-1__spbs_auto.sol,,,,,,False,,
cie_core_spbs,dual_source_cluster_tool,8_to_32_wafers_nonpure41,test,600.0,[],D:\git\git\RDMCT-A3C\cie\data\core\spbs\cie_core_n016_f004_m012_proc100.lp,cie_core_n016_f004_m012_proc100.lp,cie_core_n016_f004_m012_proc100.lp,scip_default,5,-1,spbs_auto,full,True,linear,60.0,auto,2026-08-12T12:57:26,optimal,optimal,optimal,18.128365600005054,18.212682699999277,0,0.0,0.0,0.0,0.0,0.0,0,0,10984.0,0.0,1526.4407107600014,1202.000001,405.9999970000015,58.0,1.280989815395109e-09,4.99999714520527e-07,1,True,D:\git\git\RDMCT-A3C\cie\results\spbs\cie_spbs_600s_mem2048_repro_v1\s4to6_both\solutions\cie_core_spbs__cie_core_n016_f004_m012_proc100__scip_default__solverseed_5__trainseed_-1__spbs_auto.sol,,,,,,False,,
cie_core_spbs,dual_source_cluster_tool,8_to_32_wafers_nonpure41,test,600.0,[],D:\git\git\RDMCT-A3C\cie\data\core\spbs\cie_core_n016_f004_m012_proc100.lp,cie_core_n016_f004_m012_proc100.lp,cie_core_n016_f004_m012_proc100.lp,scip_default,6,-1,spbs_auto,full,True,linear,60.0,auto,2026-08-12T12:57:45,optimal,optimal,optimal,16.65207400000145,16.704043800000363,0,0.0,0.0,0.0,0.0,0.0,0,0,8765.0,0.0,1420.6909499952394,1202.000000999971,789.9999980000537,201.0,0.0,0.0,2,True,D:\git\git\RDMCT-A3C\cie\results\spbs\cie_spbs_600s_mem2048_repro_v1\s4to6_both\solutions\cie_core_spbs__cie_core_n016_f004_m012_proc100__scip_default__solverseed_6__trainseed_-1__spbs_auto.sol,,,,,,False,,
cie_core_spbs,dual_source_cluster_tool,8_to_32_wafers_nonpure41,test,600.0,[],D:\git\git\RDMCT-A3C\cie\data\core\spbs\cie_core_n016_f004_m012_proc110.lp,cie_core_n016_f004_m012_proc110.lp,cie_core_n016_f004_m012_proc110.lp,scip_default,4,-1,spbs_auto,full,True,linear,60.0,auto,2026-08-12T12:58:01,optimal,optimal,optimal,35.75736560000223,35.840546899999026,0,0.0,0.0,0.0,0.0,0.0,0,0,49830.0,0.0,1076.3088365184683,1292.000001,441.9999969999926,58.0,1.1668454580281391e-09,5.000010787625797e-07,1,True,D:\git\git\RDMCT-A3C\cie\results\spbs\cie_spbs_600s_mem2048_repro_v1\s4to6_both\solutions\cie_core_spbs__cie_core_n016_f004_m012_proc110__scip_default__solverseed_4__trainseed_-1__spbs_auto.sol,,,,,,False,,
cie_core_spbs,dual_source_cluster_tool,8_to_32_wafers_nonpure41,test,600.0,[],D:\git\git\RDMCT-A3C\cie\data\core\spbs\cie_core_n016_f004_m012_proc110.lp,cie_core_n016_f004_m012_proc110.lp,cie_core_n016_f004_m012_proc110.lp,scip_default,5,-1,spbs_auto,full,True,linear,60.0,auto,2026-08-12T12:58:37,optimal,optimal,optimal,35.15596409999853,35.24045070000284,0,0.0,0.0,0.0,0.0,0.0,0,0,23941.0,0.0,2872.477549018746,1292.000001,862.0,219.0,0.0,0.0,3,True,D:\git\git\RDMCT-A3C\cie\results\spbs\cie_spbs_600s_mem2048_repro_v1\s4to6_both\solutions\cie_core_spbs__cie_core_n016_f004_m012_proc110__scip_default__solverseed_5__trainseed_-1__spbs_auto.sol,,,,,,False,,
cie_core_spbs,dual_source_cluster_tool,8_to_32_wafers_nonpure41,test,600.0,[],D:\git\git\RDMCT-A3C\cie\data\core\spbs\cie_core_n016_f004_m012_proc110.lp,cie_core_n016_f004_m012_proc110.lp,cie_core_n016_f004_m012_proc110.lp,scip_default,6,-1,spbs_auto,full,True,linear,60.0,auto,2026-08-12T12:59:13,optimal,optimal,optimal,42.8873745000019,42.969995700001164,0,0.0,0.0,0.0,0.0,0.0,0,0,59051.0,0.0,1478.32845228239,1292.000001,698.0000060000034,98.99999899999943,0.0,0.0,1,True,D:\git\git\RDMCT-A3C\cie\results\spbs\cie_spbs_600s_mem2048_repro_v1\s4to6_both\solutions\cie_core_spbs__cie_core_n016_f004_m012_proc110__scip_default__solverseed_6__trainseed_-1__spbs_auto.sol,,,,,,False,,
cie_core_spbs,dual_source_cluster_tool,8_to_32_wafers_nonpure41,test,600.0,[],D:\git\git\RDMCT-A3C\cie\data\core\spbs\cie_core_n016_f008_m008_proc090.lp,cie_core_n016_f008_m008_proc090.lp,cie_core_n016_f008_m008_proc090.lp,scip_default,4,-1,spbs_auto,full,True,linear,60.0,auto,2026-08-12T12:59:55,optimal,optimal,optimal,38.898548299999675,38.95610469999883,0,0.0,0.0,0.0,0.0,0.0,0,0,32633.0,0.0,2770.325355774434,1098.000001,878.0000040000025,98.99999899999943,6.848604682025057e-16,0.0,1,True,D:\git\git\RDMCT-A3C\cie\results\spbs\cie_spbs_600s_mem2048_repro_v1\s4to6_both\solutions\cie_core_spbs__cie_core_n016_f008_m008_proc090__scip_default__solverseed_4__trainseed_-1__spbs_auto.sol,,,,,,False,,
cie_core_spbs,dual_source_cluster_tool,8_to_32_wafers_nonpure41,test,600.0,[],D:\git\git\RDMCT-A3C\cie\data\core\spbs\cie_core_n016_f008_m008_proc090.lp,cie_core_n016_f008_m008_proc090.lp,cie_core_n016_f008_m008_proc090.lp,scip_default,5,-1,spbs_auto,full,True,linear,60.0,auto,2026-08-12T13:00:34,optimal,optimal,optimal,21.296431399994617,21.38812489999691,0,0.0,0.0,0.0,0.0,0.0,0,0,19897.0,0.0,1750.2730829491397,1098.000001,878.000004000005,98.99999899999875,0.0,0.0,2,True,D:\git\git\RDMCT-A3C\cie\results\spbs\cie_spbs_600s_mem2048_repro_v1\s4to6_both\solutions\cie_core_spbs__cie_core_n016_f008_m008_proc090__scip_default__solverseed_5__trainseed_-1__spbs_auto.sol,,,,,,False,,
cie_core_spbs,dual_source_cluster_tool,8_to_32_wafers_nonpure41,test,600.0,[],D:\git\git\RDMCT-A3C\cie\data\core\spbs\cie_core_n016_f008_m008_proc090.lp,cie_core_n016_f008_m008_proc090.lp,cie_core_n016_f008_m008_proc090.lp,scip_default,6,-1,spbs_auto,full,True,linear,60.0,auto,2026-08-12T13:00:56,optimal,optimal,optimal,28.19495409999945,28.292067399997904,0,0.0,0.0,0.0,0.0,0.0,0,0,30655.0,0.0,1899.7168066332463,1098.000001,1095.0000070000008,98.99999900000012,0.10236875903870041,6.999998999999889,4,True,D:\git\git\RDMCT-A3C\cie\results\spbs\cie_spbs_600s_mem2048_repro_v1\s4to6_both\solutions\cie_core_spbs__cie_core_n016_f008_m008_proc090__scip_default__solverseed_6__trainseed_-1__spbs_auto.sol,,,,,,False,,
cie_core_spbs,dual_source_cluster_tool,8_to_32_wafers_nonpure41,test,600.0,[],D:\git\git\RDMCT-A3C\cie\data\core\spbs\cie_core_n016_f008_m008_proc100.lp,cie_core_n016_f008_m008_proc100.lp,cie_core_n016_f008_m008_proc100.lp,scip_default,4,-1,spbs_auto,full,True,linear,60.0,auto,2026-08-12T13:01:24,optimal,optimal,optimal,19.164575600003445,19.256647000001976,0,0.0,0.0,0.0,0.0,0.0,0,0,18769.0,0.0,1268.5174883976715,1170.000001,1062.0000040000014,98.99999899999966,0.058823529411764705,0.0,2,True,D:\git\git\RDMCT-A3C\cie\results\spbs\cie_spbs_600s_mem2048_repro_v1\s4to6_both\solutions\cie_core_spbs__cie_core_n016_f008_m008_proc100__scip_default__solverseed_4__trainseed_-1__spbs_auto.sol,,,,,,False,,
cie_core_spbs,dual_source_cluster_tool,8_to_32_wafers_nonpure41,test,600.0,[],D:\git\git\RDMCT-A3C\cie\data\core\spbs\cie_core_n016_f008_m008_proc100.lp,cie_core_n016_f008_m008_proc100.lp,cie_core_n016_f008_m008_proc100.lp,scip_default,5,-1,spbs_auto,full,True,linear,60.0,auto,2026-08-12T13:01:43,optimal,optimal,optimal,27.935912399996596,28.03060969999933,0,0.0,0.0,0.0,0.0,0.0,0,0,17662.0,0.0,2438.846145067862,1170.0000009999746,1061.9999940001412,98.99999900002399,0.058823528358681924,9.99975782178808e-07,2,True,D:\git\git\RDMCT-A3C\cie\results\spbs\cie_spbs_600s_mem2048_repro_v1\s4to6_both\solutions\cie_core_spbs__cie_core_n016_f008_m008_proc100__scip_default__solverseed_5__trainseed_-1__spbs_auto.sol,,,,,,False,,
cie_core_spbs,dual_source_cluster_tool,8_to_32_wafers_nonpure41,test,600.0,[],D:\git\git\RDMCT-A3C\cie\data\core\spbs\cie_core_n016_f008_m008_proc100.lp,cie_core_n016_f008_m008_proc100.lp,cie_core_n016_f008_m008_proc100.lp,scip_default,6,-1,spbs_auto,full,True,linear,60.0,auto,2026-08-12T13:02:11,optimal,optimal,optimal,35.20512430000235,35.262463499999285,0,0.0,0.0,0.0,0.0,0.0,0,0,24858.0,0.0,3078.2066448251426,1170.000001,1061.999994000001,98.99999900000012,0.058823527004663485,0.0,2,True,D:\git\git\RDMCT-A3C\cie\results\spbs\cie_spbs_600s_mem2048_repro_v1\s4to6_both\solutions\cie_core_spbs__cie_core_n016_f008_m008_proc100__scip_default__solverseed_6__trainseed_-1__spbs_auto.sol,,,,,,False,,
cie_core_spbs,dual_source_cluster_tool,8_to_32_wafers_nonpure41,test,600.0,[],D:\git\git\RDMCT-A3C\cie\data\core\spbs\cie_core_n016_f008_m008_proc110.lp,cie_core_n016_f008_m008_proc110.lp,cie_core_n016_f008_m008_proc110.lp,scip_default,4,-1,spbs_auto,full,True,linear,60.0,auto,2026-08-12T13:02:47,optimal,optimal,optimal,22.11680669999987,22.208136500001274,0,0.0,0.0,0.0,0.0,0.0,0,0,12924.0,0.0,1780.020339476161,1242.000001,586.0,58.0,0.0,0.0,1,True,D:\git\git\RDMCT-A3C\cie\results\spbs\cie_spbs_600s_mem2048_repro_v1\s4to6_both\solutions\cie_core_spbs__cie_core_n016_f008_m008_proc110__scip_default__solverseed_4__trainseed_-1__spbs_auto.sol,,,,,,False,,
cie_core_spbs,dual_source_cluster_tool,8_to_32_wafers_nonpure41,test,600.0,[],D:\git\git\RDMCT-A3C\cie\data\core\spbs\cie_core_n016_f008_m008_proc110.lp,cie_core_n016_f008_m008_proc110.lp,cie_core_n016_f008_m008_proc110.lp,scip_default,5,-1,spbs_auto,full,True,linear,60.0,auto,2026-08-12T13:03:09,optimal,optimal,optimal,38.28698850000001,38.3770411000005,0,0.0,0.0,0.0,0.0,0.0,0,0,38155.0,0.0,2582.094466979302,1242.000001,755.9999939999989,65.0,0.012224937697645509,0.0,1,True,D:\git\git\RDMCT-A3C\cie\results\spbs\cie_spbs_600s_mem2048_repro_v1\s4to6_both\solutions\cie_core_spbs__cie_core_n016_f008_m008_proc110__scip_default__solverseed_5__trainseed_-1__spbs_auto.sol,,,,,,False,,
cie_core_spbs,dual_source_cluster_tool,8_to_32_wafers_nonpure41,test,600.0,[],D:\git\git\RDMCT-A3C\cie\data\core\spbs\cie_core_n016_f008_m008_proc110.lp,cie_core_n016_f008_m008_proc110.lp,cie_core_n016_f008_m008_proc110.lp,scip_default,6,-1,spbs_auto,full,True,linear,60.0,auto,2026-08-12T13:03:47,optimal,optimal,optimal,15.067381600001681,15.16561720000027,0,0.0,0.0,0.0,0.0,0.0,0,0,10810.0,0.0,1256.1127390113854,1242.000001,1008.0000040000014,98.99999899999966,0.012224938875305624,0.0,2,True,D:\git\git\RDMCT-A3C\cie\results\spbs\cie_spbs_600s_mem2048_repro_v1\s4to6_both\solutions\cie_core_spbs__cie_core_n016_f008_m008_proc110__scip_default__solverseed_6__trainseed_-1__spbs_auto.sol,,,,,,False,,
cie_core_spbs,dual_source_cluster_tool,8_to_32_wafers_nonpure41,test,600.0,[],D:\git\git\RDMCT-A3C\cie\data\core\spbs\cie_core_n016_f012_m004_proc090.lp,cie_core_n016_f012_m004_proc090.lp,cie_core_n016_f012_m004_proc090.lp,scip_default,4,-1,spbs_auto,full,True,linear,60.0,auto,2026-08-12T13:04:02,optimal,optimal,optimal,10.679919700000028,10.795859300000302,0,0.0,0.0,0.0,0.0,0.0,0,0,7962.0,0.0,999.0394573314303,1089.000001,942.0,65.0,0.31032899487810867,0.0,1,True,D:\git\git\RDMCT-A3C\cie\results\spbs\cie_spbs_600s_mem2048_repro_v1\s4to6_both\solutions\cie_core_spbs__cie_core_n016_f012_m004_proc090__scip_default__solverseed_4__trainseed_-1__spbs_auto.sol,,,,,,False,,
cie_core_spbs,dual_source_cluster_tool,8_to_32_wafers_nonpure41,test,600.0,[],D:\git\git\RDMCT-A3C\cie\data\core\spbs\cie_core_n016_f012_m004_proc090.lp,cie_core_n016_f012_m004_proc090.lp,cie_core_n016_f012_m004_proc090.lp,scip_default,5,-1,spbs_auto,full,True,linear,60.0,auto,2026-08-12T13:04:13,optimal,optimal,optimal,15.768161900003179,15.842287100000249,0,0.0,0.0,0.0,0.0,0.0,0,0,14344.0,0.0,1273.6323027915275,1089.000000999982,941.9999950000879,64.99999900001762,0.3103289932834098,0.0,1,True,D:\git\git\RDMCT-A3C\cie\results\spbs\cie_spbs_600s_mem2048_repro_v1\s4to6_both\solutions\cie_core_spbs__cie_core_n016_f012_m004_proc090__scip_default__solverseed_5__trainseed_-1__spbs_auto.sol,,,,,,False,,
cie_core_spbs,dual_source_cluster_tool,8_to_32_wafers_nonpure41,test,600.0,[],D:\git\git\RDMCT-A3C\cie\data\core\spbs\cie_core_n016_f012_m004_proc090.lp,cie_core_n016_f012_m004_proc090.lp,cie_core_n016_f012_m004_proc090.lp,scip_default,6,-1,spbs_auto,full,True,linear,60.0,auto,2026-08-12T13:04:29,optimal,optimal,optimal,12.748584799999662,12.85585809999975,0,0.0,0.0,0.0,0.0,0.0,0,0,19553.0,0.0,286.5688676038837,1089.000001,942.0,65.0,0.31032899487810867,0.0,1,True,D:\git\git\RDMCT-A3C\cie\results\spbs\cie_spbs_600s_mem2048_repro_v1\s4to6_both\solutions\cie_core_spbs__cie_core_n016_f012_m004_proc090__scip_default__solverseed_6__trainseed_-1__spbs_auto.sol,,,,,,False,,
cie_core_spbs,dual_source_cluster_tool,8_to_32_wafers_nonpure41,test,600.0,[],D:\git\git\RDMCT-A3C\cie\data\core\spbs\cie_core_n016_f012_m004_proc100.lp,cie_core_n016_f012_m004_proc100.lp,cie_core_n016_f012_m004_proc100.lp,scip_default,4,-1,spbs_auto,full,True,linear,60.0,auto,2026-08-12T13:04:42,optimal,optimal,optimal,16.69146240000191,16.765098200001376,0,0.0,0.0,0.0,0.0,0.0,0,0,10017.0,0.0,1527.5606104308115,1158.000001,818.0,68.0,0.2861125704223025,0.0,2,True,D:\git\git\RDMCT-A3C\cie\results\spbs\cie_spbs_600s_mem2048_repro_v1\s4to6_both\solutions\cie_core_spbs__cie_core_n016_f012_m004_proc100__scip_default__solverseed_4__trainseed_-1__spbs_auto.sol,,,,,,False,,
cie_core_spbs,dual_source_cluster_tool,8_to_32_wafers_nonpure41,test,600.0,[],D:\git\git\RDMCT-A3C\cie\data\core\spbs\cie_core_n016_f012_m004_proc100.lp,cie_core_n016_f012_m004_proc100.lp,cie_core_n016_f012_m004_proc100.lp,scip_default,5,-1,spbs_auto,full,True,linear,60.0,auto,2026-08-12T13:04:59,optimal,optimal,optimal,19.755467700000736,19.862702899998112,0,0.0,0.0,0.0,0.0,0.0,0,0,12849.0,0.0,1694.7693565573015,1158.0000009999746,818.0,68.0,0.2861125704223025,0.0,2,True,D:\git\git\RDMCT-A3C\cie\results\spbs\cie_spbs_600s_mem2048_repro_v1\s4to6_both\solutions\cie_core_spbs__cie_core_n016_f012_m004_proc100__scip_default__solverseed_5__trainseed_-1__spbs_auto.sol,,,,,,False,,
cie_core_spbs,dual_source_cluster_tool,8_to_32_wafers_nonpure41,test,600.0,[],D:\git\git\RDMCT-A3C\cie\data\core\spbs\cie_core_n016_f012_m004_proc100.lp,cie_core_n016_f012_m004_proc100.lp,cie_core_n016_f012_m004_proc100.lp,scip_default,6,-1,spbs_auto,full,True,linear,60.0,auto,2026-08-12T13:05:19,optimal,optimal,optimal,14.965703699999722,15.07816979999916,0,0.0,0.0,0.0,0.0,0.0,0,0,9065.0,0.0,1262.4005373200935,1158.000001,920.0,65.0,0.2861125704223025,0.0,2,True,D:\git\git\RDMCT-A3C\cie\results\spbs\cie_spbs_600s_mem2048_repro_v1\s4to6_both\solutions\cie_core_spbs__cie_core_n016_f012_m004_proc100__scip_default__solverseed_6__trainseed_-1__spbs_auto.sol,,,,,,False,,
cie_core_spbs,dual_source_cluster_tool,8_to_32_wafers_nonpure41,test,600.0,[],D:\git\git\RDMCT-A3C\cie\data\core\spbs\cie_core_n016_f012_m004_proc110.lp,cie_core_n016_f012_m004_proc110.lp,cie_core_n016_f012_m004_proc110.lp,scip_default,4,-1,spbs_auto,full,True,linear,60.0,auto,2026-08-12T13:05:34,optimal,optimal,optimal,11.742976699999417,11.849880400000984,0,0.0,0.0,0.0,0.0,0.0,0,0,7027.0,0.0,974.4440692656417,1230.000001,818.0,68.0,0.26540200902444144,0.0,1,True,D:\git\git\RDMCT-A3C\cie\results\spbs\cie_spbs_600s_mem2048_repro_v1\s4to6_both\solutions\cie_core_spbs__cie_core_n016_f012_m004_proc110__scip_default__solverseed_4__trainseed_-1__spbs_auto.sol,,,,,,False,,
cie_core_spbs,dual_source_cluster_tool,8_to_32_wafers_nonpure41,test,600.0,[],D:\git\git\RDMCT-A3C\cie\data\core\spbs\cie_core_n016_f012_m004_proc110.lp,cie_core_n016_f012_m004_proc110.lp,cie_core_n016_f012_m004_proc110.lp,scip_default,5,-1,spbs_auto,full,True,linear,60.0,auto,2026-08-12T13:05:46,optimal,optimal,optimal,29.239332599998306,29.31220140000005,0,0.0,0.0,0.0,0.0,0.0,0,0,21340.0,0.0,2566.91389916881,1230.0000009999783,919.999997000062,64.99999900002081,0.2654020061809079,0.0,1,True,D:\git\git\RDMCT-A3C\cie\results\spbs\cie_spbs_600s_mem2048_repro_v1\s4to6_both\solutions\cie_core_spbs__cie_core_n016_f012_m004_proc110__scip_default__solverseed_5__trainseed_-1__spbs_auto.sol,,,,,,False,,
cie_core_spbs,dual_source_cluster_tool,8_to_32_wafers_nonpure41,test,600.0,[],D:\git\git\RDMCT-A3C\cie\data\core\spbs\cie_core_n016_f012_m004_proc110.lp,cie_core_n016_f012_m004_proc110.lp,cie_core_n016_f012_m004_proc110.lp,scip_default,6,-1,spbs_auto,full,True,linear,60.0,auto,2026-08-12T13:06:15,optimal,optimal,optimal,14.402165499999683,14.47490259999904,0,0.0,0.0,0.0,0.0,0.0,0,0,12048.0,0.0,874.2109698453835,1230.000001,920.0,65.0,0.26540200902444144,0.0,2,True,D:\git\git\RDMCT-A3C\cie\results\spbs\cie_spbs_600s_mem2048_repro_v1\s4to6_both\solutions\cie_core_spbs__cie_core_n016_f012_m004_proc110__scip_default__solverseed_6__trainseed_-1__spbs_auto.sol,,,,,,False,,
cie_core_spbs,dual_source_cluster_tool,8_to_32_wafers_nonpure41,test,600.0,[],D:\git\git\RDMCT-A3C\cie\data\core\spbs\cie_core_n024_f000_m024_proc090.lp,cie_core_n024_f000_m024_proc090.lp,cie_core_n024_f000_m024_proc090.lp,scip_default,4,-1,spbs_auto,full,True,linear,60.0,auto,2026-08-12T13:06:29,timelimit,timelimit,incumbent_timelimit_optimal,539.2073710000004,539.3795709999977,0,0.0,0.0,0.0,0.0,0.0,0,0,135344.0,4.080753843955512,43430.70228370028,10506.9989503,128.0,0.0,0.0,0.0,1,True,D:\git\git\RDMCT-A3C\cie\results\spbs\cie_spbs_600s_mem2048_repro_v1\s4to6_both\solutions\cie_core_spbs__cie_core_n024_f000_m024_proc090__scip_default__solverseed_4__trainseed_-1__spbs_auto.sol,,,,,,False,,
cie_core_spbs,dual_source_cluster_tool,8_to_32_wafers_nonpure41,test,600.0,[],D:\git\git\RDMCT-A3C\cie\data\core\spbs\cie_core_n024_f000_m024_proc090.lp,cie_core_n024_f000_m024_proc090.lp,cie_core_n024_f000_m024_proc090.lp,scip_default,5,-1,spbs_auto,full,True,linear,60.0,auto,2026-08-12T13:15:29,timelimit,timelimit,incumbent_timelimit_optimal,539.822088900004,540.025992400002,0,0.0,0.0,0.0,0.0,0.0,0,0,146574.0,4.061174831069364,43391.642605291614,10506.9989503,128.0,0.0,0.0,0.0,1,True,D:\git\git\RDMCT-A3C\cie\results\spbs\cie_spbs_600s_mem2048_repro_v1\s4to6_both\solutions\cie_core_spbs__cie_core_n024_f000_m024_proc090__scip_default__solverseed_5__trainseed_-1__spbs_auto.sol,,,,,,False,,
cie_core_spbs,dual_source_cluster_tool,8_to_32_wafers_nonpure41,test,600.0,[],D:\git\git\RDMCT-A3C\cie\data\core\spbs\cie_core_n024_f000_m024_proc090.lp,cie_core_n024_f000_m024_proc090.lp,cie_core_n024_f000_m024_proc090.lp,scip_default,6,-1,spbs_auto,full,True,linear,60.0,auto,2026-08-12T13:24:29,timelimit,timelimit,incumbent_timelimit_optimal,539.7656910000005,540.0190159000012,0,0.0,0.0,0.0,0.0,0.0,0,0,150800.0,4.080753843955512,43430.70228370028,10506.9989503,128.0,0.0,0.0,0.0,1,True,D:\git\git\RDMCT-A3C\cie\results\spbs\cie_spbs_600s_mem2048_repro_v1\s4to6_both\solutions\cie_core_spbs__cie_core_n024_f000_m024_proc090__scip_default__solverseed_6__trainseed_-1__spbs_auto.sol,,,,,,False,,
cie_core_spbs,dual_source_cluster_tool,8_to_32_wafers_nonpure41,test,600.0,[],D:\git\git\RDMCT-A3C\cie\data\core\spbs\cie_core_n024_f000_m024_proc100.lp,cie_core_n024_f000_m024_proc100.lp,cie_core_n024_f000_m024_proc100.lp,scip_default,4,-1,spbs_auto,full,True,linear,60.0,auto,2026-08-12T13:33:29,timelimit,timelimit,incumbent_timelimit_optimal,539.7561171999987,539.9589511000013,0,0.0,0.0,0.0,0.0,0.0,0,0,97217.0,3.749999525,42694.73571157884,10506.9989503,128.0,0.0,0.0,0.0,1,True,D:\git\git\RDMCT-A3C\cie\results\spbs\cie_spbs_600s_mem2048_repro_v1\s4to6_both\solutions\cie_core_spbs__cie_core_n024_f000_m024_proc100__scip_default__solverseed_4__trainseed_-1__spbs_auto.sol,,,,,,False,,
cie_core_spbs,dual_source_cluster_tool,8_to_32_wafers_nonpure41,test,600.0,[],D:\git\git\RDMCT-A3C\cie\data\core\spbs\cie_core_n024_f000_m024_proc100.lp,cie_core_n024_f000_m024_proc100.lp,cie_core_n024_f000_m024_proc100.lp,scip_default,5,-1,spbs_auto,full,True,linear,60.0,auto,2026-08-12T13:42:29,timelimit,timelimit,incumbent_timelimit_optimal,539.7757468999989,539.9632582999984,0,0.0,0.0,0.0,0.0,0.0,0,0,97221.0,3.7499995250000073,42694.735711578855,10506.9989503,128.0,0.0,0.0,0.0,1,True,D:\git\git\RDMCT-A3C\cie\results\spbs\cie_spbs_600s_mem2048_repro_v1\s4to6_both\solutions\cie_core_spbs__cie_core_n024_f000_m024_proc100__scip_default__solverseed_5__trainseed_-1__spbs_auto.sol,,,,,,False,,
cie_core_spbs,dual_source_cluster_tool,8_to_32_wafers_nonpure41,test,600.0,[],D:\git\git\RDMCT-A3C\cie\data\core\spbs\cie_core_n024_f000_m024_proc100.lp,cie_core_n024_f000_m024_proc100.lp,cie_core_n024_f000_m024_proc100.lp,scip_default,6,-1,spbs_auto,full,True,linear,60.0,auto,2026-08-12T13:51:29,timelimit,timelimit,incumbent_timelimit_optimal,539.8094834000003,540.0355186999986,0,0.0,0.0,0.0,0.0,0.0,0,0,112364.0,3.741425518637184,42689.766778996505,10506.9989503,128.0,0.0,0.0,0.0,1,True,D:\git\git\RDMCT-A3C\cie\results\spbs\cie_spbs_600s_mem2048_repro_v1\s4to6_both\solutions\cie_core_spbs__cie_core_n024_f000_m024_proc100__scip_default__solverseed_6__trainseed_-1__spbs_auto.sol,,,,,,False,,
cie_core_spbs,dual_source_cluster_tool,8_to_32_wafers_nonpure41,test,600.0,[],D:\git\git\RDMCT-A3C\cie\data\core\spbs\cie_core_n024_f000_m024_proc110.lp,cie_core_n024_f000_m024_proc110.lp,cie_core_n024_f000_m024_proc110.lp,scip_default,4,-1,spbs_auto,full,True,linear,60.0,auto,2026-08-12T14:00:29,timelimit,timelimit,incumbent_timelimit_optimal,539.7671897999971,539.9137740999977,0,0.0,0.0,0.0,0.0,0.0,0,0,88159.0,3.4521181988559317,41940.07039105366,10506.9989503,128.0,0.0,0.0,0.0,1,True,D:\git\git\RDMCT-A3C\cie\results\spbs\cie_spbs_600s_mem2048_repro_v1\s4to6_both\solutions\cie_core_spbs__cie_core_n024_f000_m024_proc110__scip_default__solverseed_4__trainseed_-1__spbs_auto.sol,,,,,,False,,
cie_core_spbs,dual_source_cluster_tool,8_to_32_wafers_nonpure41,test,600.0,[],D:\git\git\RDMCT-A3C\cie\data\core\spbs\cie_core_n024_f000_m024_proc110.lp,cie_core_n024_f000_m024_proc110.lp,cie_core_n024_f000_m024_proc110.lp,scip_default,5,-1,spbs_auto,full,True,linear,60.0,auto,2026-08-12T14:09:29,timelimit,timelimit,incumbent_timelimit_optimal,539.8330954999947,540.0645393000013,0,0.0,0.0,0.0,0.0,0.0,0,0,162498.0,3.4596769733870967,41960.919783101264,10506.9989503,128.0,0.0,0.0,0.0,1,True,D:\git\git\RDMCT-A3C\cie\results\spbs\cie_spbs_600s_mem2048_repro_v1\s4to6_both\solutions\cie_core_spbs__cie_core_n024_f000_m024_proc110__scip_default__solverseed_5__trainseed_-1__spbs_auto.sol,,,,,,False,,
cie_core_spbs,dual_source_cluster_tool,8_to_32_wafers_nonpure41,test,600.0,[],D:\git\git\RDMCT-A3C\cie\data\core\spbs\cie_core_n024_f000_m024_proc110.lp,cie_core_n024_f000_m024_proc110.lp,cie_core_n024_f000_m024_proc110.lp,scip_default,6,-1,spbs_auto,full,True,linear,60.0,auto,2026-08-12T14:18:29,timelimit,timelimit,incumbent_timelimit_optimal,539.7540090000002,539.9741635999999,0,0.0,0.0,0.0,0.0,0.0,0,0,105491.0,3.4596769733870967,41958.769139457385,10506.9989503,128.0,0.0,0.0,0.0,1,True,D:\git\git\RDMCT-A3C\cie\results\spbs\cie_spbs_600s_mem2048_repro_v1\s4to6_both\solutions\cie_core_spbs__cie_core_n024_f000_m024_proc110__scip_default__solverseed_6__trainseed_-1__spbs_auto.sol,,,,,,False,,
cie_core_spbs,dual_source_cluster_tool,8_to_32_wafers_nonpure41,test,600.0,[],D:\git\git\RDMCT-A3C\cie\data\core\spbs\cie_core_n024_f006_m018_proc090.lp,cie_core_n024_f006_m018_proc090.lp,cie_core_n024_f006_m018_proc090.lp,scip_default,4,-1,spbs_auto,full,True,linear,60.0,auto,2026-08-12T14:27:29,timelimit,timelimit,incumbent_timelimit_optimal,539.7505845999985,540.0046327000018,0,0.0,0.0,0.0,0.0,0.0,0,0,221986.0,0.08050847457627118,6627.625485170869,2295.000001,971.5000035000116,126.0,0.2159187855011798,119.49999949999847,3,True,D:\git\git\RDMCT-A3C\cie\results\spbs\cie_spbs_600s_mem2048_repro_v1\s4to6_both\solutions\cie_core_spbs__cie_core_n024_f006_m018_proc090__scip_default__solverseed_4__trainseed_-1__spbs_auto.sol,,,,,,False,,
cie_core_spbs,dual_source_cluster_tool,8_to_32_wafers_nonpure41,test,600.0,[],D:\git\git\RDMCT-A3C\cie\data\core\spbs\cie_core_n024_f006_m018_proc090.lp,cie_core_n024_f006_m018_proc090.lp,cie_core_n024_f006_m018_proc090.lp,scip_default,5,-1,spbs_auto,full,True,linear,60.0,auto,2026-08-12T14:36:29,timelimit,timelimit,incumbent_timelimit_optimal,539.7478171999974,539.9377410999987,0,0.0,0.0,0.0,0.0,0.0,0,0,80537.0,3.9834118239336496,43249.22384170792,10514.9989495,1915.0,126.0,0.20857619453537055,99.0,1,True,D:\git\git\RDMCT-A3C\cie\results\spbs\cie_spbs_600s_mem2048_repro_v1\s4to6_both\solutions\cie_core_spbs__cie_core_n024_f006_m018_proc090__scip_default__solverseed_5__trainseed_-1__spbs_auto.sol,,,,,,False,,
cie_core_spbs,dual_source_cluster_tool,8_to_32_wafers_nonpure41,test,600.0,[],D:\git\git\RDMCT-A3C\cie\data\core\spbs\cie_core_n024_f006_m018_proc090.lp,cie_core_n024_f006_m018_proc090.lp,cie_core_n024_f006_m018_proc090.lp,scip_default,6,-1,spbs_auto,full,True,linear,60.0,auto,2026-08-12T14:45:29,timelimit,timelimit,incumbent_timelimit_optimal,539.7976162000014,540.011546400001,0,0.0,0.0,0.0,0.0,0.0,0,0,99628.0,3.988139918643264,43254.51152649727,10514.9989495,1915.0,126.0,0.21179203778215377,99.0,1,True,D:\git\git\RDMCT-A3C\cie\results\spbs\cie_spbs_600s_mem2048_repro_v1\s4to6_both\solutions\cie_core_spbs__cie_core_n024_f006_m018_proc090__scip_default__solverseed_6__trainseed_-1__spbs_auto.sol,,,,,,False,,
cie_core_spbs,dual_source_cluster_tool,8_to_32_wafers_nonpure41,test,600.0,[],D:\git\git\RDMCT-A3C\cie\data\core\spbs\cie_core_n024_f006_m018_proc100.lp,cie_core_n024_f006_m018_proc100.lp,cie_core_n024_f006_m018_proc100.lp,scip_default,4,-1,spbs_auto,full,True,linear,60.0,auto,2026-08-12T14:54:29,timelimit,timelimit,incumbent_timelimit_optimal,539.7880259000012,539.9438139000013,0,0.0,0.0,0.0,0.0,0.0,0,0,88452.0,3.6485406492042443,42481.102034035066,10514.9989495,3320.0,658.0,0.21465741571734478,0.0,1,True,D:\git\git\RDMCT-A3C\cie\results\spbs\cie_spbs_600s_mem2048_repro_v1\s4to6_both\solutions\cie_core_spbs__cie_core_n024_f006_m018_proc100__scip_default__solverseed_4__trainseed_-1__spbs_auto.sol,,,,,,False,,
cie_core_spbs,dual_source_cluster_tool,8_to_32_wafers_nonpure41,test,600.0,[],D:\git\git\RDMCT-A3C\cie\data\core\spbs\cie_core_n024_f006_m018_proc100.lp,cie_core_n024_f006_m018_proc100.lp,cie_core_n024_f006_m018_proc100.lp,scip_default,5,-1,spbs_auto,full,True,linear,60.0,auto,2026-08-12T15:03:29,timelimit,timelimit,incumbent_timelimit_optimal,536.3783088000018,536.5834388000003,0,0.0,0.0,0.0,0.0,0.0,0,0,94076.0,3.6609037892287235,42500.19856471315,10514.9989495,3320.0,658.0,0.21465741571734478,0.0,1,True,D:\git\git\RDMCT-A3C\cie\results\spbs\cie_spbs_600s_mem2048_repro_v1\s4to6_both\solutions\cie_core_spbs__cie_core_n024_f006_m018_proc100__scip_default__solverseed_5__trainseed_-1__spbs_auto.sol,,,,,,False,,
cie_core_spbs,dual_source_cluster_tool,8_to_32_wafers_nonpure41,test,600.0,[],D:\git\git\RDMCT-A3C\cie\data\core\spbs\cie_core_n024_f006_m018_proc100.lp,cie_core_n024_f006_m018_proc100.lp,cie_core_n024_f006_m018_proc100.lp,scip_default,6,-1,spbs_auto,full,True,linear,60.0,auto,2026-08-12T15:12:29,timelimit,timelimit,incumbent_timelimit_optimal,539.7420998999987,540.0132630999979,0,0.0,0.0,0.0,0.0,0.0,0,0,172186.0,0.4787985865724382,18692.17740946589,3348.000001,2177.0,518.0,0.09889605331280386,0.0,1,True,D:\git\git\RDMCT-A3C\cie\results\spbs\cie_spbs_600s_mem2048_repro_v1\s4to6_both\solutions\cie_core_spbs__cie_core_n024_f006_m018_proc100__scip_default__solverseed_6__trainseed_-1__spbs_auto.sol,,,,,,False,,
cie_core_spbs,dual_source_cluster_tool,8_to_32_wafers_nonpure41,test,600.0,[],D:\git\git\RDMCT-A3C\cie\data\core\spbs\cie_core_n024_f006_m018_proc110.lp,cie_core_n024_f006_m018_proc110.lp,cie_core_n024_f006_m018_proc110.lp,scip_default,4,-1,spbs_auto,full,True,linear,60.0,auto,2026-08-12T15:21:29,timelimit,timelimit,incumbent_timelimit_optimal,539.7503730999997,539.9835190000013,0,0.0,0.0,0.0,0.0,0.0,0,0,111843.0,3.3812495618750003,41766.57985131324,10514.9989495,3246.0,400.0,0.009304036594559837,6.0,1,True,D:\git\git\RDMCT-A3C\cie\results\spbs\cie_spbs_600s_mem2048_repro_v1\s4to6_both\solutions\cie_core_spbs__cie_core_n024_f006_m018_proc110__scip_default__solverseed_4__trainseed_-1__spbs_auto.sol,,,,,,False,,
cie_core_spbs,dual_source_cluster_tool,8_to_32_wafers_nonpure41,test,600.0,[],D:\git\git\RDMCT-A3C\cie\data\core\spbs\cie_core_n024_f006_m018_proc110.lp,cie_core_n024_f006_m018_proc110.lp,cie_core_n024_f006_m018_proc110.lp,scip_default,5,-1,spbs_auto,full,True,linear,60.0,auto,2026-08-12T15:30:29,timelimit,timelimit,incumbent_timelimit_optimal,539.7553894000011,539.9697443999976,0,0.0,0.0,0.0,0.0,0.0,0,0,91860.0,3.3849036482485406,41776.907955056464,10514.9989495,3246.0,400.0,0.009304036594559837,6.0,1,True,D:\git\git\RDMCT-A3C\cie\results\spbs\cie_spbs_600s_mem2048_repro_v1\s4to6_both\solutions\cie_core_spbs__cie_core_n024_f006_m018_proc110__scip_default__solverseed_5__trainseed_-1__spbs_auto.sol,,,,,,False,,
cie_core_spbs,dual_source_cluster_tool,8_to_32_wafers_nonpure41,test,600.0,[],D:\git\git\RDMCT-A3C\cie\data\core\spbs\cie_core_n024_f006_m018_proc110.lp,cie_core_n024_f006_m018_proc110.lp,cie_core_n024_f006_m018_proc110.lp,scip_default,6,-1,spbs_auto,full,True,linear,60.0,auto,2026-08-12T15:39:29,timelimit,timelimit,incumbent_timelimit_optimal,539.7694020999988,539.9978364999988,0,0.0,0.0,0.0,0.0,0.0,0,0,116786.0,3.373959629159734,41760.87371664847,10514.9989495,3246.0,400.0,0.009304036594559837,6.0,1,True,D:\git\git\RDMCT-A3C\cie\results\spbs\cie_spbs_600s_mem2048_repro_v1\s4to6_both\solutions\cie_core_spbs__cie_core_n024_f006_m018_proc110__scip_default__solverseed_6__trainseed_-1__spbs_auto.sol,,,,,,False,,
cie_core_spbs,dual_source_cluster_tool,8_to_32_wafers_nonpure41,test,600.0,[],D:\git\git\RDMCT-A3C\cie\data\core\spbs\cie_core_n024_f012_m012_proc090.lp,cie_core_n024_f012_m012_proc090.lp,cie_core_n024_f012_m012_proc090.lp,scip_default,4,-1,spbs_auto,full,True,linear,60.0,auto,2026-08-12T15:48:29,optimal,optimal,optimal,207.55427509999936,207.69152549999853,0,0.0,0.0,0.0,0.0,0.0,0,0,44745.0,0.0,16559.41399240091,2120.000001,2648.0,183.0,0.26338599384765354,0.0,1,True,D:\git\git\RDMCT-A3C\cie\results\spbs\cie_spbs_600s_mem2048_repro_v1\s4to6_both\solutions\cie_core_spbs__cie_core_n024_f012_m012_proc090__scip_default__solverseed_4__trainseed_-1__spbs_auto.sol,,,,,,False,,
cie_core_spbs,dual_source_cluster_tool,8_to_32_wafers_nonpure41,test,600.0,[],D:\git\git\RDMCT-A3C\cie\data\core\spbs\cie_core_n024_f012_m012_proc090.lp,cie_core_n024_f012_m012_proc090.lp,cie_core_n024_f012_m012_proc090.lp,scip_default,5,-1,spbs_auto,full,True,linear,60.0,auto,2026-08-12T15:51:56,timelimit,timelimit,incumbent_timelimit_optimal,540.0644561000008,540.2810408999976,0,0.0,0.0,0.0,0.0,0.0,0,0,103977.0,4.031099975358852,43327.60711155291,10514.9989495,5792.0,592.0,0.3371333808299439,0.0,1,True,D:\git\git\RDMCT-A3C\cie\results\spbs\cie_spbs_600s_mem2048_repro_v1\s4to6_both\solutions\cie_core_spbs__cie_core_n024_f012_m012_proc090__scip_default__solverseed_5__trainseed_-1__spbs_auto.sol,,,,,,False,,
cie_core_spbs,dual_source_cluster_tool,8_to_32_wafers_nonpure41,test,600.0,[],D:\git\git\RDMCT-A3C\cie\data\core\spbs\cie_core_n024_f012_m012_proc090.lp,cie_core_n024_f012_m012_proc090.lp,cie_core_n024_f012_m012_proc090.lp,scip_default,6,-1,spbs_auto,full,True,linear,60.0,auto,2026-08-12T16:00:57,timelimit,timelimit,incumbent_timelimit_optimal,539.7405949999993,539.9458348999979,0,0.0,0.0,0.0,0.0,0.0,0,0,100713.0,4.011915609389887,43285.978321148665,10514.9989495,5792.0,592.0,0.3371333808299439,0.0,1,True,D:\git\git\RDMCT-A3C\cie\results\spbs\cie_spbs_600s_mem2048_repro_v1\s4to6_both\solutions\cie_core_spbs__cie_core_n024_f012_m012_proc090__scip_default__solverseed_6__trainseed_-1__spbs_auto.sol,,,,,,False,,
cie_core_spbs,dual_source_cluster_tool,8_to_32_wafers_nonpure41,test,600.0,[],D:\git\git\RDMCT-A3C\cie\data\core\spbs\cie_core_n024_f012_m012_proc100.lp,cie_core_n024_f012_m012_proc100.lp,cie_core_n024_f012_m012_proc100.lp,scip_default,4,-1,spbs_auto,full,True,linear,60.0,auto,2026-08-12T16:09:57,timelimit,timelimit,incumbent_timelimit_optimal,539.7437262999993,540.0049400000025,0,0.0,0.0,0.0,0.0,0.0,0,0,95318.0,3.7622277846467393,42724.05806079534,10514.9989495,3754.0,317.0,0.24014605321403706,0.0,1,True,D:\git\git\RDMCT-A3C\cie\results\spbs\cie_spbs_600s_mem2048_repro_v1\s4to6_both\solutions\cie_core_spbs__cie_core_n024_f012_m012_proc100__scip_default__solverseed_4__trainseed_-1__spbs_auto.sol,,,,,,False,,
cie_core_spbs,dual_source_cluster_tool,8_to_32_wafers_nonpure41,test,600.0,[],D:\git\git\RDMCT-A3C\cie\data\core\spbs\cie_core_n024_f012_m012_proc100.lp,cie_core_n024_f012_m012_proc100.lp,cie_core_n024_f012_m012_proc100.lp,scip_default,5,-1,spbs_auto,full,True,linear,60.0,auto,2026-08-12T16:18:57,optimal,optimal,optimal,521.6636206000003,521.8312704999989,0,0.0,0.0,0.0,0.0,0.0,0,0,87206.0,0.0,41193.617549399794,2246.000001,3436.0,310.0,0.24014605321403706,0.0,1,True,D:\git\git\RDMCT-A3C\cie\results\spbs\cie_spbs_600s_mem2048_repro_v1\s4to6_both\solutions\cie_core_spbs__cie_core_n024_f012_m012_proc100__scip_default__solverseed_5__trainseed_-1__spbs_auto.sol,,,,,,False,,
cie_core_spbs,dual_source_cluster_tool,8_to_32_wafers_nonpure41,test,600.0,[],D:\git\git\RDMCT-A3C\cie\data\core\spbs\cie_core_n024_f012_m012_proc100.lp,cie_core_n024_f012_m012_proc100.lp,cie_core_n024_f012_m012_proc100.lp,scip_default,6,-1,spbs_auto,full,True,linear,60.0,auto,2026-08-12T16:27:39,timelimit,timelimit,incumbent_timelimit_optimal,539.9565249000007,540.1497172000018,0,0.0,0.0,0.0,0.0,0.0,0,0,96675.0,3.7536161611663657,42707.369293941876,10514.9989495,3754.0,317.0,0.24014605321403706,0.0,1,True,D:\git\git\RDMCT-A3C\cie\results\spbs\cie_spbs_600s_mem2048_repro_v1\s4to6_both\solutions\cie_core_spbs__cie_core_n024_f012_m012_proc100__scip_default__solverseed_6__trainseed_-1__spbs_auto.sol,,,,,,False,,
cie_core_spbs,dual_source_cluster_tool,8_to_32_wafers_nonpure41,test,600.0,[],D:\git\git\RDMCT-A3C\cie\data\core\spbs\cie_core_n024_f012_m012_proc110.lp,cie_core_n024_f012_m012_proc110.lp,cie_core_n024_f012_m012_proc110.lp,scip_default,4,-1,spbs_auto,full,True,linear,60.0,auto,2026-08-12T16:36:39,optimal,optimal,optimal,388.06094069999745,388.19535879999967,0,0.0,0.0,0.0,0.0,0.0,0,0,78521.0,0.0,28994.577868982637,2372.000001,3871.0,210.0,0.19161762082855996,0.0,1,True,D:\git\git\RDMCT-A3C\cie\results\spbs\cie_spbs_600s_mem2048_repro_v1\s4to6_both\solutions\cie_core_spbs__cie_core_n024_f012_m012_proc110__scip_default__solverseed_4__trainseed_-1__spbs_auto.sol,,,,,,False,,
cie_core_spbs,dual_source_cluster_tool,8_to_32_wafers_nonpure41,test,600.0,[],D:\git\git\RDMCT-A3C\cie\data\core\spbs\cie_core_n024_f012_m012_proc110.lp,cie_core_n024_f012_m012_proc110.lp,cie_core_n024_f012_m012_proc110.lp,scip_default,5,-1,spbs_auto,full,True,linear,60.0,auto,2026-08-12T16:43:07,timelimit,timelimit,incumbent_timelimit_optimal,539.5819189999966,539.7474664000001,0,0.0,0.0,0.0,0.0,0.0,0,0,101310.0,3.4935892942307696,42066.05681896897,10514.9989495,2313.0,295.0,0.2206747516020881,0.0,1,True,D:\git\git\RDMCT-A3C\cie\results\spbs\cie_spbs_600s_mem2048_repro_v1\s4to6_both\solutions\cie_core_spbs__cie_core_n024_f012_m012_proc110__scip_default__solverseed_5__trainseed_-1__spbs_auto.sol,,,,,,False,,
cie_core_spbs,dual_source_cluster_tool,8_to_32_wafers_nonpure41,test,600.0,[],D:\git\git\RDMCT-A3C\cie\data\core\spbs\cie_core_n024_f012_m012_proc110.lp,cie_core_n024_f012_m012_proc110.lp,cie_core_n024_f012_m012_proc110.lp,scip_default,6,-1,spbs_auto,full,True,linear,60.0,auto,2026-08-12T16:52:07,timelimit,timelimit,incumbent_timelimit_optimal,539.812516500002,540.0786634999968,0,0.0,0.0,0.0,0.0,0.0,0,0,109535.0,3.4744676376595747,41999.01755570578,10514.9989495,2313.0,295.0,0.2517876512251744,0.0,1,True,D:\git\git\RDMCT-A3C\cie\results\spbs\cie_spbs_600s_mem2048_repro_v1\s4to6_both\solutions\cie_core_spbs__cie_core_n024_f012_m012_proc110__scip_default__solverseed_6__trainseed_-1__spbs_auto.sol,,,,,,False,,
cie_core_spbs,dual_source_cluster_tool,8_to_32_wafers_nonpure41,test,600.0,[],D:\git\git\RDMCT-A3C\cie\data\core\spbs\cie_core_n024_f018_m006_proc090.lp,cie_core_n024_f018_m006_proc090.lp,cie_core_n024_f018_m006_proc090.lp,scip_default,4,-1,spbs_auto,full,True,linear,60.0,auto,2026-08-12T17:01:07,optimal,optimal,optimal,377.55915809999715,377.7920563000007,0,0.0,0.0,0.0,0.0,0.0,0,0,76286.0,0.0,28062.792996127027,2144.000001,2122.00000600001,207.0,0.5026766996124316,65.9999989999983,3,True,D:\git\git\RDMCT-A3C\cie\results\spbs\cie_spbs_600s_mem2048_repro_v1\s4to6_both\solutions\cie_core_spbs__cie_core_n024_f018_m006_proc090__scip_default__solverseed_4__trainseed_-1__spbs_auto.sol,,,,,,False,,
cie_core_spbs,dual_source_cluster_tool,8_to_32_wafers_nonpure41,test,600.0,[],D:\git\git\RDMCT-A3C\cie\data\core\spbs\cie_core_n024_f018_m006_proc090.lp,cie_core_n024_f018_m006_proc090.lp,cie_core_n024_f018_m006_proc090.lp,scip_default,5,-1,spbs_auto,full,True,linear,60.0,auto,2026-08-12T17:07:25,timelimit,timelimit,incumbent_timelimit_optimal,539.9436873999985,540.1777705000022,0,0.0,0.0,0.0,0.0,0.0,0,0,110494.0,0.1774500475737393,43026.976699212886,2475.000001,6052.000004000016,613.0,0.4055167242498325,240.99999899999602,1,True,D:\git\git\RDMCT-A3C\cie\results\spbs\cie_spbs_600s_mem2048_repro_v1\s4to6_both\solutions\cie_core_spbs__cie_core_n024_f018_m006_proc090__scip_default__solverseed_5__trainseed_-1__spbs_auto.sol,,,,,,False,,
cie_core_spbs,dual_source_cluster_tool,8_to_32_wafers_nonpure41,test,600.0,[],D:\git\git\RDMCT-A3C\cie\data\core\spbs\cie_core_n024_f018_m006_proc090.lp,cie_core_n024_f018_m006_proc090.lp,cie_core_n024_f018_m006_proc090.lp,scip_default,6,-1,spbs_auto,full,True,linear,60.0,auto,2026-08-12T17:16:25,timelimit,timelimit,incumbent_timelimit_optimal,539.7516098999986,539.9779689999996,0,0.0,0.0,0.0,0.0,0.0,0,0,420635.0,0.010367577756833177,3442.3912336036515,2144.000001,1282.0000010000008,65.0,0.2798588709279292,65.99999899999875,1,True,D:\git\git\RDMCT-A3C\cie\results\spbs\cie_spbs_600s_mem2048_repro_v1\s4to6_both\solutions\cie_core_spbs__cie_core_n024_f018_m006_proc090__scip_default__solverseed_6__trainseed_-1__spbs_auto.sol,,,,,,False,,
cie_core_spbs,dual_source_cluster_tool,8_to_32_wafers_nonpure41,test,600.0,[],D:\git\git\RDMCT-A3C\cie\data\core\spbs\cie_core_n024_f018_m006_proc100.lp,cie_core_n024_f018_m006_proc100.lp,cie_core_n024_f018_m006_proc100.lp,scip_default,4,-1,spbs_auto,full,True,linear,60.0,auto,2026-08-12T17:25:25,timelimit,timelimit,incumbent_timelimit_optimal,539.778665699996,540.0543561000013,0,0.0,0.0,0.0,0.0,0.0,0,0,55437.0,3.698390951072371,42611.50382712927,10514.9989495,3068.0,288.0,0.4685118867673158,0.0,1,True,D:\git\git\RDMCT-A3C\cie\results\spbs\cie_spbs_600s_mem2048_repro_v1\s4to6_both\solutions\cie_core_spbs__cie_core_n024_f018_m006_proc100__scip_default__solverseed_4__trainseed_-1__spbs_auto.sol,,,,,,False,,
cie_core_spbs,dual_source_cluster_tool,8_to_32_wafers_nonpure41,test,600.0,[],D:\git\git\RDMCT-A3C\cie\data\core\spbs\cie_core_n024_f018_m006_proc100.lp,cie_core_n024_f018_m006_proc100.lp,cie_core_n024_f018_m006_proc100.lp,scip_default,5,-1,spbs_auto,full,True,linear,60.0,auto,2026-08-12T17:34:25,timelimit,timelimit,incumbent_timelimit_optimal,539.6942200000049,539.9631245000055,0,0.0,0.0,0.0,0.0,0.0,0,0,237052.0,0.11476868327402136,7764.401610843172,2506.000001,2296.0000030000065,266.0,0.3483299681877158,143.99999899999784,1,True,D:\git\git\RDMCT-A3C\cie\results\spbs\cie_spbs_600s_mem2048_repro_v1\s4to6_both\solutions\cie_core_spbs__cie_core_n024_f018_m006_proc100__scip_default__solverseed_5__trainseed_-1__spbs_auto.sol,,,,,,False,,
cie_core_spbs,dual_source_cluster_tool,8_to_32_wafers_nonpure41,test,600.0,[],D:\git\git\RDMCT-A3C\cie\data\core\spbs\cie_core_n024_f018_m006_proc100.lp,cie_core_n024_f018_m006_proc100.lp,cie_core_n024_f018_m006_proc100.lp,scip_default,6,-1,spbs_auto,full,True,linear,60.0,auto,2026-08-12T17:43:25,timelimit,timelimit,incumbent_timelimit_optimal,539.7216985999985,540.0333456000008,0,0.0,0.0,0.0,0.0,0.0,0,0,87008.0,3.68582840842246,42625.56234329803,10514.9989495,3068.0,288.0,0.4709859469693692,0.0,1,True,D:\git\git\RDMCT-A3C\cie\results\spbs\cie_spbs_600s_mem2048_repro_v1\s4to6_both\solutions\cie_core_spbs__cie_core_n024_f018_m006_proc100__scip_default__solverseed_6__trainseed_-1__spbs_auto.sol,,,,,,False,,
cie_core_spbs,dual_source_cluster_tool,8_to_32_wafers_nonpure41,test,600.0,[],D:\git\git\RDMCT-A3C\cie\data\core\spbs\cie_core_n024_f018_m006_proc110.lp,cie_core_n024_f018_m006_proc110.lp,cie_core_n024_f018_m006_proc110.lp,scip_default,4,-1,spbs_auto,full,True,linear,60.0,auto,2026-08-12T17:52:25,optimal,optimal,optimal,120.28683509999973,120.52014919999783,0,0.0,0.0,0.0,0.0,0.0,0,0,25933.0,0.0,9055.003881483924,2396.000001,3824.000004000003,328.0,0.4778399140445705,65.9999989999992,1,True,D:\git\git\RDMCT-A3C\cie\results\spbs\cie_spbs_600s_mem2048_repro_v1\s4to6_both\solutions\cie_core_spbs__cie_core_n024_f018_m006_proc110__scip_default__solverseed_4__trainseed_-1__spbs_auto.sol,,,,,,False,,
cie_core_spbs,dual_source_cluster_tool,8_to_32_wafers_nonpure41,test,600.0,[],D:\git\git\RDMCT-A3C\cie\data\core\spbs\cie_core_n024_f018_m006_proc110.lp,cie_core_n024_f018_m006_proc110.lp,cie_core_n024_f018_m006_proc110.lp,scip_default,5,-1,spbs_auto,full,True,linear,60.0,auto,2026-08-12T17:54:25,optimal,optimal,optimal,465.6637661999994,465.8972066999995,0,0.0,0.0,0.0,0.0,0.0,0,0,112919.0,0.0,31270.371423337292,2396.0000009999962,4212.9999999999945,302.9999990000001,0.5044323814469837,65.99999900000148,1,True,D:\git\git\RDMCT-A3C\cie\results\spbs\cie_spbs_600s_mem2048_repro_v1\s4to6_both\solutions\cie_core_spbs__cie_core_n024_f018_m006_proc110__scip_default__solverseed_5__trainseed_-1__spbs_auto.sol,,,,,,False,,
cie_core_spbs,dual_source_cluster_tool,8_to_32_wafers_nonpure41,test,600.0,[],D:\git\git\RDMCT-A3C\cie\data\core\spbs\cie_core_n024_f018_m006_proc110.lp,cie_core_n024_f018_m006_proc110.lp,cie_core_n024_f018_m006_proc110.lp,scip_default,6,-1,spbs_auto,full,True,linear,60.0,auto,2026-08-12T18:02:11,timelimit,timelimit,incumbent_timelimit_optimal,539.2477207999982,539.4727119999952,0,0.0,0.0,0.0,0.0,0.0,0,0,71241.0,3.455508029025424,42009.52804489004,10514.9989495,3140.0,288.0,0.47293265751095787,0.0,1,True,D:\git\git\RDMCT-A3C\cie\results\spbs\cie_spbs_600s_mem2048_repro_v1\s4to6_both\solutions\cie_core_spbs__cie_core_n024_f018_m006_proc110__scip_default__solverseed_6__trainseed_-1__spbs_auto.sol,,,,,,False,,
cie_core_spbs,dual_source_cluster_tool,8_to_32_wafers_nonpure41,test,600.0,[],D:\git\git\RDMCT-A3C\cie\data\core\spbs\cie_core_n032_f000_m032_proc090.lp,cie_core_n032_f000_m032_proc090.lp,cie_core_n032_f000_m032_proc090.lp,scip_default,4,-1,spbs_auto,full,True,linear,60.0,auto,2026-08-12T18:11:11,timelimit,timelimit,incumbent_timelimit_optimal,539.8047918000011,540.0789722000045,0,0.0,0.0,0.0,0.0,0.0,0,0,66003.0,3.373959629159734,41868.11740131851,10514.9989495,2708.0,53.5,0.0,0.0,1,True,D:\git\git\RDMCT-A3C\cie\results\spbs\cie_spbs_600s_mem2048_repro_v1\s4to6_both\solutions\cie_core_spbs__cie_core_n032_f000_m032_proc090__scip_default__solverseed_4__trainseed_-1__spbs_auto.sol,,,,,,False,,
cie_core_spbs,dual_source_cluster_tool,8_to_32_wafers_nonpure41,test,600.0,[],D:\git\git\RDMCT-A3C\cie\data\core\spbs\cie_core_n032_f000_m032_proc090.lp,cie_core_n032_f000_m032_proc090.lp,cie_core_n032_f000_m032_proc090.lp,scip_default,5,-1,spbs_auto,full,True,linear,60.0,auto,2026-08-12T18:20:11,timelimit,timelimit,incumbent_timelimit_optimal,539.7130437000014,539.9480700000058,0,0.0,0.0,0.0,0.0,0.0,0,0,79671.0,3.373959629159734,41860.680164054436,10514.9989495,2708.0,53.5,0.0,0.0,1,True,D:\git\git\RDMCT-A3C\cie\results\spbs\cie_spbs_600s_mem2048_repro_v1\s4to6_both\solutions\cie_core_spbs__cie_core_n032_f000_m032_proc090__scip_default__solverseed_5__trainseed_-1__spbs_auto.sol,,,,,,False,,
cie_core_spbs,dual_source_cluster_tool,8_to_32_wafers_nonpure41,test,600.0,[],D:\git\git\RDMCT-A3C\cie\data\core\spbs\cie_core_n032_f000_m032_proc090.lp,cie_core_n032_f000_m032_proc090.lp,cie_core_n032_f000_m032_proc090.lp,scip_default,6,-1,spbs_auto,full,True,linear,60.0,auto,2026-08-12T18:29:11,timelimit,timelimit,incumbent_timelimit_optimal,539.7480553999922,540.0248664999963,0,0.0,0.0,0.0,0.0,0.0,0,0,65966.0,3.373959629159734,41866.51328974215,10514.9989495,2708.0,53.5,0.0,0.0,1,True,D:\git\git\RDMCT-A3C\cie\results\spbs\cie_spbs_600s_mem2048_repro_v1\s4to6_both\solutions\cie_core_spbs__cie_core_n032_f000_m032_proc090__scip_default__solverseed_6__trainseed_-1__spbs_auto.sol,,,,,,False,,
cie_core_spbs,dual_source_cluster_tool,8_to_32_wafers_nonpure41,test,600.0,[],D:\git\git\RDMCT-A3C\cie\data\core\spbs\cie_core_n032_f000_m032_proc100.lp,cie_core_n032_f000_m032_proc100.lp,cie_core_n032_f000_m032_proc100.lp,scip_default,4,-1,spbs_auto,full,True,linear,60.0,auto,2026-08-12T18:38:11,timelimit,timelimit,incumbent_timelimit_optimal,539.7324133000002,540.0040130999987,0,0.0,0.0,0.0,0.0,0.0,0,0,74719.0,3.069272038893189,40997.207715667566,10514.9989495,3629.0,494.0,0.16630408907046917,136.0,1,True,D:\git\git\RDMCT-A3C\cie\results\spbs\cie_spbs_600s_mem2048_repro_v1\s4to6_both\solutions\cie_core_spbs__cie_core_n032_f000_m032_proc100__scip_default__solverseed_4__trainseed_-1__spbs_auto.sol,,,,,,False,,
cie_core_spbs,dual_source_cluster_tool,8_to_32_wafers_nonpure41,test,600.0,[],D:\git\git\RDMCT-A3C\cie\data\core\spbs\cie_core_n032_f000_m032_proc100.lp,cie_core_n032_f000_m032_proc100.lp,cie_core_n032_f000_m032_proc100.lp,scip_default,5,-1,spbs_auto,full,True,linear,60.0,auto,2026-08-12T18:47:11,timelimit,timelimit,incumbent_timelimit_optimal,539.6976556000009,539.9269677000048,0,0.0,0.0,0.0,0.0,0.0,0,0,54450.0,3.1792523642686805,41296.53377054524,10514.9989495,3629.0,494.0,0.16630408907046917,136.0,1,True,D:\git\git\RDMCT-A3C\cie\results\spbs\cie_spbs_600s_mem2048_repro_v1\s4to6_both\solutions\cie_core_spbs__cie_core_n032_f000_m032_proc100__scip_default__solverseed_5__trainseed_-1__spbs_auto.sol,,,,,,False,,
cie_core_spbs,dual_source_cluster_tool,8_to_32_wafers_nonpure41,test,600.0,[],D:\git\git\RDMCT-A3C\cie\data\core\spbs\cie_core_n032_f000_m032_proc100.lp,cie_core_n032_f000_m032_proc100.lp,cie_core_n032_f000_m032_proc100.lp,scip_default,6,-1,spbs_auto,full,True,linear,60.0,auto,2026-08-12T18:56:11,timelimit,timelimit,incumbent_timelimit_optimal,539.762945800001,539.9832853000044,0,0.0,0.0,0.0,0.0,0.0,0,0,79113.0,3.069272038893189,40956.86022040945,10514.9989495,3629.0,494.0,0.16630408907046917,136.0,1,True,D:\git\git\RDMCT-A3C\cie\results\spbs\cie_spbs_600s_mem2048_repro_v1\s4to6_both\solutions\cie_core_spbs__cie_core_n032_f000_m032_proc100__scip_default__solverseed_6__trainseed_-1__spbs_auto.sol,,,,,,False,,
cie_core_spbs,dual_source_cluster_tool,8_to_32_wafers_nonpure41,test,600.0,[],D:\git\git\RDMCT-A3C\cie\data\core\spbs\cie_core_n032_f000_m032_proc110.lp,cie_core_n032_f000_m032_proc110.lp,cie_core_n032_f000_m032_proc110.lp,scip_default,4,-1,spbs_auto,full,True,linear,60.0,auto,2026-08-12T19:05:11,timelimit,timelimit,incumbent_timelimit_optimal,539.7599264000019,540.027737299999,0,0.0,0.0,0.0,0.0,0.0,0,0,68428.0,2.88580892405765,40317.87785194946,10514.9989495,6501.0,1049.0,0.014876510003659069,0.0,1,True,D:\git\git\RDMCT-A3C\cie\results\spbs\cie_spbs_600s_mem2048_repro_v1\s4to6_both\solutions\cie_core_spbs__cie_core_n032_f000_m032_proc110__scip_default__solverseed_4__trainseed_-1__spbs_auto.sol,,,,,,False,,
cie_core_spbs,dual_source_cluster_tool,8_to_32_wafers_nonpure41,test,600.0,[],D:\git\git\RDMCT-A3C\cie\data\core\spbs\cie_core_n032_f000_m032_proc110.lp,cie_core_n032_f000_m032_proc110.lp,cie_core_n032_f000_m032_proc110.lp,scip_default,5,-1,spbs_auto,full,True,linear,60.0,auto,2026-08-12T19:14:11,timelimit,timelimit,incumbent_timelimit_optimal,539.7252474999987,539.9410365000003,0,0.0,0.0,0.0,0.0,0.0,0,0,53802.0,2.804268794681621,40024.496938160584,10514.9989495,6501.0,1049.0,0.014876510003659069,0.0,1,True,D:\git\git\RDMCT-A3C\cie\results\spbs\cie_spbs_600s_mem2048_repro_v1\s4to6_both\solutions\cie_core_spbs__cie_core_n032_f000_m032_proc110__scip_default__solverseed_5__trainseed_-1__spbs_auto.sol,,,,,,False,,
cie_core_spbs,dual_source_cluster_tool,8_to_32_wafers_nonpure41,test,600.0,[],D:\git\git\RDMCT-A3C\cie\data\core\spbs\cie_core_n032_f000_m032_proc110.lp,cie_core_n032_f000_m032_proc110.lp,cie_core_n032_f000_m032_proc110.lp,scip_default,6,-1,spbs_auto,full,True,linear,60.0,auto,2026-08-12T19:23:11,timelimit,timelimit,incumbent_timelimit_optimal,539.7502322,540.0277515999987,0,0.0,0.0,0.0,0.0,0.0,0,0,61114.0,2.804268794681621,40023.46983392093,10514.9989495,6501.0,1049.0,0.014876510003659069,0.0,1,True,D:\git\git\RDMCT-A3C\cie\results\spbs\cie_spbs_600s_mem2048_repro_v1\s4to6_both\solutions\cie_core_spbs__cie_core_n032_f000_m032_proc110__scip_default__solverseed_6__trainseed_-1__spbs_auto.sol,,,,,,False,,
cie_core_spbs,dual_source_cluster_tool,8_to_32_wafers_nonpure41,test,600.0,[],D:\git\git\RDMCT-A3C\cie\data\core\spbs\cie_core_n032_f008_m024_proc090.lp,cie_core_n032_f008_m024_proc090.lp,cie_core_n032_f008_m024_proc090.lp,scip_default,4,-1,spbs_auto,full,True,linear,60.0,auto,2026-08-12T19:32:11,timelimit,timelimit,incumbent_timelimit_optimal,539.7411601999993,540.023440500001,0,0.0,0.0,0.0,0.0,0.0,0,0,87627.0,3.4668644641036535,42140.54820425315,10514.9989495,4080.0,238.5,0.0,0.0,1,True,D:\git\git\RDMCT-A3C\cie\results\spbs\cie_spbs_600s_mem2048_repro_v1\s4to6_both\solutions\cie_core_spbs__cie_core_n032_f008_m024_proc090__scip_default__solverseed_4__trainseed_-1__spbs_auto.sol,,,,,,False,,
cie_core_spbs,dual_source_cluster_tool,8_to_32_wafers_nonpure41,test,600.0,[],D:\git\git\RDMCT-A3C\cie\data\core\spbs\cie_core_n032_f008_m024_proc090.lp,cie_core_n032_f008_m024_proc090.lp,cie_core_n032_f008_m024_proc090.lp,scip_default,5,-1,spbs_auto,full,True,linear,60.0,auto,2026-08-12T19:41:11,timelimit,timelimit,incumbent_timelimit_optimal,539.6950873999958,539.9182388000045,0,0.0,0.0,0.0,0.0,0.0,0,0,48276.0,3.323601541324013,41792.52374358904,10514.9989495,4080.0,238.5,0.0,0.0,1,True,D:\git\git\RDMCT-A3C\cie\results\spbs\cie_spbs_600s_mem2048_repro_v1\s4to6_both\solutions\cie_core_spbs__cie_core_n032_f008_m024_proc090__scip_default__solverseed_5__trainseed_-1__spbs_auto.sol,,,,,,False,,
cie_core_spbs,dual_source_cluster_tool,8_to_32_wafers_nonpure41,test,600.0,[],D:\git\git\RDMCT-A3C\cie\data\core\spbs\cie_core_n032_f008_m024_proc090.lp,cie_core_n032_f008_m024_proc090.lp,cie_core_n032_f008_m024_proc090.lp,scip_default,6,-1,spbs_auto,full,True,linear,60.0,auto,2026-08-12T19:50:11,timelimit,timelimit,incumbent_timelimit_optimal,539.8650940000007,540.0915695000003,0,0.0,0.0,0.0,0.0,0.0,0,0,53758.0,3.3342947025968677,41779.76102238885,10514.9989495,4080.0,238.5,0.0,0.0,1,True,D:\git\git\RDMCT-A3C\cie\results\spbs\cie_spbs_600s_mem2048_repro_v1\s4to6_both\solutions\cie_core_spbs__cie_core_n032_f008_m024_proc090__scip_default__solverseed_6__trainseed_-1__spbs_auto.sol,,,,,,False,,
cie_core_spbs,dual_source_cluster_tool,8_to_32_wafers_nonpure41,test,600.0,[],D:\git\git\RDMCT-A3C\cie\data\core\spbs\cie_core_n032_f008_m024_proc100.lp,cie_core_n032_f008_m024_proc100.lp,cie_core_n032_f008_m024_proc100.lp,scip_default,4,-1,spbs_auto,full,True,linear,60.0,auto,2026-08-12T19:59:11,timelimit,timelimit,incumbent_timelimit_optimal,539.6683988000004,539.8872804999992,0,0.0,0.0,0.0,0.0,0.0,0,0,60573.0,3.185907224721338,41362.35727166131,10514.9989495,10396.0,2029.0,0.0,0.0,1,True,D:\git\git\RDMCT-A3C\cie\results\spbs\cie_spbs_600s_mem2048_repro_v1\s4to6_both\solutions\cie_core_spbs__cie_core_n032_f008_m024_proc100__scip_default__solverseed_4__trainseed_-1__spbs_auto.sol,,,,,,False,,
cie_core_spbs,dual_source_cluster_tool,8_to_32_wafers_nonpure41,test,600.0,[],D:\git\git\RDMCT-A3C\cie\data\core\spbs\cie_core_n032_f008_m024_proc100.lp,cie_core_n032_f008_m024_proc100.lp,cie_core_n032_f008_m024_proc100.lp,scip_default,5,-1,spbs_auto,full,True,linear,60.0,auto,2026-08-12T20:08:11,timelimit,timelimit,incumbent_timelimit_optimal,539.7617728999976,539.9882460000008,0,0.0,0.0,0.0,0.0,0.0,0,0,58629.0,3.172618630357143,41302.82326665893,10514.9989495,10396.0,2029.0,0.0,0.0,1,True,D:\git\git\RDMCT-A3C\cie\results\spbs\cie_spbs_600s_mem2048_repro_v1\s4to6_both\solutions\cie_core_spbs__cie_core_n032_f008_m024_proc100__scip_default__solverseed_5__trainseed_-1__spbs_auto.sol,,,,,,False,,
cie_core_spbs,dual_source_cluster_tool,8_to_32_wafers_nonpure41,test,600.0,[],D:\git\git\RDMCT-A3C\cie\data\core\spbs\cie_core_n032_f008_m024_proc100.lp,cie_core_n032_f008_m024_proc100.lp,cie_core_n032_f008_m024_proc100.lp,scip_default,6,-1,spbs_auto,full,True,linear,60.0,auto,2026-08-12T20:17:11,timelimit,timelimit,incumbent_timelimit_optimal,539.7051734000052,539.9485255999971,0,0.0,0.0,0.0,0.0,0.0,0,0,54641.0,3.15941414102057,41290.40291353863,10514.9989495,10396.0,2029.0,0.0,0.0,1,True,D:\git\git\RDMCT-A3C\cie\results\spbs\cie_spbs_600s_mem2048_repro_v1\s4to6_both\solutions\cie_core_spbs__cie_core_n032_f008_m024_proc100__scip_default__solverseed_6__trainseed_-1__spbs_auto.sol,,,,,,False,,
cie_core_spbs,dual_source_cluster_tool,8_to_32_wafers_nonpure41,test,600.0,[],D:\git\git\RDMCT-A3C\cie\data\core\spbs\cie_core_n032_f008_m024_proc110.lp,cie_core_n032_f008_m024_proc110.lp,cie_core_n032_f008_m024_proc110.lp,scip_default,4,-1,spbs_auto,full,True,linear,60.0,auto,2026-08-12T20:26:11,timelimit,timelimit,incumbent_timelimit_optimal,539.8157843999943,540.0313195999988,0,0.0,0.0,0.0,0.0,0.0,0,0,53288.0,2.812544941443075,40161.387108768286,10514.9989495,5822.0,400.0,0.060011318302864325,0.0,1,True,D:\git\git\RDMCT-A3C\cie\results\spbs\cie_spbs_600s_mem2048_repro_v1\s4to6_both\solutions\cie_core_spbs__cie_core_n032_f008_m024_proc110__scip_default__solverseed_4__trainseed_-1__spbs_auto.sol,,,,,,False,,
cie_core_spbs,dual_source_cluster_tool,8_to_32_wafers_nonpure41,test,600.0,[],D:\git\git\RDMCT-A3C\cie\data\core\spbs\cie_core_n032_f008_m024_proc110.lp,cie_core_n032_f008_m024_proc110.lp,cie_core_n032_f008_m024_proc110.lp,scip_default,5,-1,spbs_auto,full,True,linear,60.0,auto,2026-08-12T20:35:11,timelimit,timelimit,incumbent_timelimit_optimal,539.7443363000057,540.0024771000026,0,0.0,0.0,0.0,0.0,0.0,0,0,57669.0,2.9264372473861093,40532.647250506765,10514.9989495,5822.0,399.9999999999998,0.060011318302864027,1.1368683772161603e-13,1,True,D:\git\git\RDMCT-A3C\cie\results\spbs\cie_spbs_600s_mem2048_repro_v1\s4to6_both\solutions\cie_core_spbs__cie_core_n032_f008_m024_proc110__scip_default__solverseed_5__trainseed_-1__spbs_auto.sol,,,,,,False,,
cie_core_spbs,dual_source_cluster_tool,8_to_32_wafers_nonpure41,test,600.0,[],D:\git\git\RDMCT-A3C\cie\data\core\spbs\cie_core_n032_f008_m024_proc110.lp,cie_core_n032_f008_m024_proc110.lp,cie_core_n032_f008_m024_proc110.lp,scip_default,6,-1,spbs_auto,full,True,linear,60.0,auto,2026-08-12T20:44:11,timelimit,timelimit,incumbent_timelimit_optimal,539.7255621999939,539.9539956000008,0,0.0,0.0,0.0,0.0,0.0,0,0,66117.0,2.8886830430843196,40479.35875647172,10514.9989495,5822.0,400.0,0.060011318302864325,0.0,1,True,D:\git\git\RDMCT-A3C\cie\results\spbs\cie_spbs_600s_mem2048_repro_v1\s4to6_both\solutions\cie_core_spbs__cie_core_n032_f008_m024_proc110__scip_default__solverseed_6__trainseed_-1__spbs_auto.sol,,,,,,False,,
cie_core_spbs,dual_source_cluster_tool,8_to_32_wafers_nonpure41,test,600.0,[],D:\git\git\RDMCT-A3C\cie\data\core\spbs\cie_core_n032_f016_m016_proc090.lp,cie_core_n032_f016_m016_proc090.lp,cie_core_n032_f016_m016_proc090.lp,scip_default,4,-1,spbs_auto,full,True,linear,60.0,auto,2026-08-12T20:53:11,timelimit,timelimit,incumbent_timelimit_optimal,539.789926700003,540.0589598000006,0,0.0,0.0,0.0,0.0,0.0,0,0,43872.0,3.5167521256443233,42313.83478746164,10514.9989495,5719.0,381.0,0.8578211073664354,0.0,1,True,D:\git\git\RDMCT-A3C\cie\results\spbs\cie_spbs_600s_mem2048_repro_v1\s4to6_both\solutions\cie_core_spbs__cie_core_n032_f016_m016_proc090__scip_default__solverseed_4__trainseed_-1__spbs_auto.sol,,,,,,False,,
cie_core_spbs,dual_source_cluster_tool,8_to_32_wafers_nonpure41,test,600.0,[],D:\git\git\RDMCT-A3C\cie\data\core\spbs\cie_core_n032_f016_m016_proc090.lp,cie_core_n032_f016_m016_proc090.lp,cie_core_n032_f016_m016_proc090.lp,scip_default,5,-1,spbs_auto,full,True,linear,60.0,auto,2026-08-12T21:02:11,timelimit,timelimit,incumbent_timelimit_optimal,539.7293248999995,540.0517829000019,0,0.0,0.0,0.0,0.0,0.0,0,0,63818.0,3.4993577015404296,42299.9383331324,10514.9989495,5719.0,381.0,0.8626712076985685,0.0,1,True,D:\git\git\RDMCT-A3C\cie\results\spbs\cie_spbs_600s_mem2048_repro_v1\s4to6_both\solutions\cie_core_spbs__cie_core_n032_f016_m016_proc090__scip_default__solverseed_5__trainseed_-1__spbs_auto.sol,,,,,,False,,
cie_core_spbs,dual_source_cluster_tool,8_to_32_wafers_nonpure41,test,600.0,[],D:\git\git\RDMCT-A3C\cie\data\core\spbs\cie_core_n032_f016_m016_proc090.lp,cie_core_n032_f016_m016_proc090.lp,cie_core_n032_f016_m016_proc090.lp,scip_default,6,-1,spbs_auto,full,True,linear,60.0,auto,2026-08-12T21:11:11,timelimit,timelimit,incumbent_timelimit_optimal,539.5960398000025,539.9109774999961,0,0.0,0.0,0.0,0.0,0.0,0,0,52038.0,3.512875085193133,42311.05922102509,10514.9989495,5719.0,381.0,0.8626712076985685,0.0,1,True,D:\git\git\RDMCT-A3C\cie\results\spbs\cie_spbs_600s_mem2048_repro_v1\s4to6_both\solutions\cie_core_spbs__cie_core_n032_f016_m016_proc090__scip_default__solverseed_6__trainseed_-1__spbs_auto.sol,,,,,,False,,
cie_core_spbs,dual_source_cluster_tool,8_to_32_wafers_nonpure41,test,600.0,[],D:\git\git\RDMCT-A3C\cie\data\core\spbs\cie_core_n032_f016_m016_proc100.lp,cie_core_n032_f016_m016_proc100.lp,cie_core_n032_f016_m016_proc100.lp,scip_default,4,-1,spbs_auto,full,True,linear,60.0,auto,2026-08-12T21:20:11,timelimit,timelimit,incumbent_timelimit_optimal,539.7144050999996,540.0134222999986,0,0.0,0.0,0.0,0.0,0.0,0,0,69729.0,3.1267656783751905,41219.80230984535,10514.9989495,4681.0,390.0,0.49188079175186156,262.0,1,True,D:\git\git\RDMCT-A3C\cie\results\spbs\cie_spbs_600s_mem2048_repro_v1\s4to6_both\solutions\cie_core_spbs__cie_core_n032_f016_m016_proc100__scip_default__solverseed_4__trainseed_-1__spbs_auto.sol,,,,,,False,,
cie_core_spbs,dual_source_cluster_tool,8_to_32_wafers_nonpure41,test,600.0,[],D:\git\git\RDMCT-A3C\cie\data\core\spbs\cie_core_n032_f016_m016_proc100.lp,cie_core_n032_f016_m016_proc100.lp,cie_core_n032_f016_m016_proc100.lp,scip_default,5,-1,spbs_auto,full,True,linear,60.0,auto,2026-08-12T21:29:11,timelimit,timelimit,incumbent_timelimit_optimal,539.7176715000023,540.0138204000032,0,0.0,0.0,0.0,0.0,0.0,0,0,44222.0,3.2450540769075435,41602.711407038834,10514.9989495,4681.0,390.0,0.49188079175186156,262.0,1,True,D:\git\git\RDMCT-A3C\cie\results\spbs\cie_spbs_600s_mem2048_repro_v1\s4to6_both\solutions\cie_core_spbs__cie_core_n032_f016_m016_proc100__scip_default__solverseed_5__trainseed_-1__spbs_auto.sol,,,,,,False,,
cie_core_spbs,dual_source_cluster_tool,8_to_32_wafers_nonpure41,test,600.0,[],D:\git\git\RDMCT-A3C\cie\data\core\spbs\cie_core_n032_f016_m016_proc100.lp,cie_core_n032_f016_m016_proc100.lp,cie_core_n032_f016_m016_proc100.lp,scip_default,6,-1,spbs_auto,full,True,linear,60.0,auto,2026-08-12T21:38:11,timelimit,timelimit,incumbent_timelimit_optimal,539.6874585000041,540.0002271999983,0,0.0,0.0,0.0,0.0,0.0,0,0,48104.0,3.1267656783751963,41367.12775394165,10514.9989495,4681.0,390.0,0.49188079175186156,262.0,1,True,D:\git\git\RDMCT-A3C\cie\results\spbs\cie_spbs_600s_mem2048_repro_v1\s4to6_both\solutions\cie_core_spbs__cie_core_n032_f016_m016_proc100__scip_default__solverseed_6__trainseed_-1__spbs_auto.sol,,,,,,False,,
cie_core_spbs,dual_source_cluster_tool,8_to_32_wafers_nonpure41,test,600.0,[],D:\git\git\RDMCT-A3C\cie\data\core\spbs\cie_core_n032_f016_m016_proc110.lp,cie_core_n032_f016_m016_proc110.lp,cie_core_n032_f016_m016_proc110.lp,scip_default,4,-1,spbs_auto,full,True,linear,60.0,auto,2026-08-12T21:47:11,timelimit,timelimit,incumbent_timelimit_optimal,539.6680545999989,539.9720562999937,0,0.0,0.0,0.0,0.0,0.0,0,0,42387.0,3.00266423620099,40857.760563726195,10514.9989495,5321.5,378.5,0.33309109907122186,0.0,1,True,D:\git\git\RDMCT-A3C\cie\results\spbs\cie_spbs_600s_mem2048_repro_v1\s4to6_both\solutions\cie_core_spbs__cie_core_n032_f016_m016_proc110__scip_default__solverseed_4__trainseed_-1__spbs_auto.sol,,,,,,False,,
cie_core_spbs,dual_source_cluster_tool,8_to_32_wafers_nonpure41,test,600.0,[],D:\git\git\RDMCT-A3C\cie\data\core\spbs\cie_core_n032_f016_m016_proc110.lp,cie_core_n032_f016_m016_proc110.lp,cie_core_n032_f016_m016_proc110.lp,scip_default,5,-1,spbs_auto,full,True,linear,60.0,auto,2026-08-12T21:56:11,timelimit,timelimit,incumbent_timelimit_optimal,539.7111200999934,540.0306525000051,0,0.0,0.0,0.0,0.0,0.0,0,0,58458.0,3.0011411523972606,40858.800676663595,10514.9989495,5321.5,378.5,0.33309109907122186,0.0,1,True,D:\git\git\RDMCT-A3C\cie\results\spbs\cie_spbs_600s_mem2048_repro_v1\s4to6_both\solutions\cie_core_spbs__cie_core_n032_f016_m016_proc110__scip_default__solverseed_5__trainseed_-1__spbs_auto.sol,,,,,,False,,
cie_core_spbs,dual_source_cluster_tool,8_to_32_wafers_nonpure41,test,600.0,[],D:\git\git\RDMCT-A3C\cie\data\core\spbs\cie_core_n032_f016_m016_proc110.lp,cie_core_n032_f016_m016_proc110.lp,cie_core_n032_f016_m016_proc110.lp,scip_default,6,-1,spbs_auto,full,True,linear,60.0,auto,2026-08-12T22:05:11,timelimit,timelimit,incumbent_timelimit_optimal,539.6371225999974,539.9931857999982,0,0.0,0.0,0.0,0.0,0.0,0,0,46352.0,3.008768184712162,40846.36570616886,10514.9989495,5321.5,378.5,0.33309109907122186,0.0,1,True,D:\git\git\RDMCT-A3C\cie\results\spbs\cie_spbs_600s_mem2048_repro_v1\s4to6_both\solutions\cie_core_spbs__cie_core_n032_f016_m016_proc110__scip_default__solverseed_6__trainseed_-1__spbs_auto.sol,,,,,,False,,
cie_core_spbs,dual_source_cluster_tool,8_to_32_wafers_nonpure41,test,600.0,[],D:\git\git\RDMCT-A3C\cie\data\core\spbs\cie_core_n032_f024_m008_proc090.lp,cie_core_n032_f024_m008_proc090.lp,cie_core_n032_f024_m008_proc090.lp,scip_default,4,-1,spbs_auto,full,True,linear,60.0,auto,2026-08-12T22:14:11,timelimit,timelimit,incumbent_timelimit_optimal,539.7251829000015,540.1408886999998,0,0.0,0.0,0.0,0.0,0.0,0,0,47395.0,3.67125675188805,42910.72406346512,10514.9989495,2864.0,124.5,0.37358490566037733,0.0,1,True,D:\git\git\RDMCT-A3C\cie\results\spbs\cie_spbs_600s_mem2048_repro_v1\s4to6_both\solutions\cie_core_spbs__cie_core_n032_f024_m008_proc090__scip_default__solverseed_4__trainseed_-1__spbs_auto.sol,,,,,,False,,
cie_core_spbs,dual_source_cluster_tool,8_to_32_wafers_nonpure41,test,600.0,[],D:\git\git\RDMCT-A3C\cie\data\core\spbs\cie_core_n032_f024_m008_proc090.lp,cie_core_n032_f024_m008_proc090.lp,cie_core_n032_f024_m008_proc090.lp,scip_default,5,-1,spbs_auto,full,True,linear,60.0,auto,2026-08-12T22:23:11,timelimit,timelimit,incumbent_timelimit_optimal,539.5307479999974,539.9052883999975,0,0.0,0.0,0.0,0.0,0.0,0,0,55142.0,3.563801626953125,42679.29473394274,10514.9989495,2864.0,124.5,0.37358490566037733,0.0,1,True,D:\git\git\RDMCT-A3C\cie\results\spbs\cie_spbs_600s_mem2048_repro_v1\s4to6_both\solutions\cie_core_spbs__cie_core_n032_f024_m008_proc090__scip_default__solverseed_5__trainseed_-1__spbs_auto.sol,,,,,,False,,
cie_core_spbs,dual_source_cluster_tool,8_to_32_wafers_nonpure41,test,600.0,[],D:\git\git\RDMCT-A3C\cie\data\core\spbs\cie_core_n032_f024_m008_proc090.lp,cie_core_n032_f024_m008_proc090.lp,cie_core_n032_f024_m008_proc090.lp,scip_default,6,-1,spbs_auto,full,True,linear,60.0,auto,2026-08-12T22:32:11,timelimit,timelimit,incumbent_timelimit_optimal,539.6729511999947,540.0746999999974,0,0.0,0.0,0.0,0.0,0.0,0,0,56565.0,3.4106539213506712,42243.000919876955,10514.9989495,2864.0,124.5,0.37358490566037733,0.0,1,True,D:\git\git\RDMCT-A3C\cie\results\spbs\cie_spbs_600s_mem2048_repro_v1\s4to6_both\solutions\cie_core_spbs__cie_core_n032_f024_m008_proc090__scip_default__solverseed_6__trainseed_-1__spbs_auto.sol,,,,,,False,,
cie_core_spbs,dual_source_cluster_tool,8_to_32_wafers_nonpure41,test,600.0,[],D:\git\git\RDMCT-A3C\cie\data\core\spbs\cie_core_n032_f024_m008_proc100.lp,cie_core_n032_f024_m008_proc100.lp,cie_core_n032_f024_m008_proc100.lp,scip_default,4,-1,spbs_auto,full,True,linear,60.0,auto,2026-08-12T22:41:11,timelimit,timelimit,incumbent_timelimit_optimal,539.537762999993,539.9738278999939,0,0.0,0.0,0.0,0.0,0.0,0,0,40550.0,3.3236015413240003,41900.66343094048,10514.9989495,6092.0,357.5,0.7361933563101336,0.0,1,True,D:\git\git\RDMCT-A3C\cie\results\spbs\cie_spbs_600s_mem2048_repro_v1\s4to6_both\solutions\cie_core_spbs__cie_core_n032_f024_m008_proc100__scip_default__solverseed_4__trainseed_-1__spbs_auto.sol,,,,,,False,,
cie_core_spbs,dual_source_cluster_tool,8_to_32_wafers_nonpure41,test,600.0,[],D:\git\git\RDMCT-A3C\cie\data\core\spbs\cie_core_n032_f024_m008_proc100.lp,cie_core_n032_f024_m008_proc100.lp,cie_core_n032_f024_m008_proc100.lp,scip_default,5,-1,spbs_auto,full,True,linear,60.0,auto,2026-08-12T22:50:11,timelimit,timelimit,incumbent_timelimit_optimal,539.5843129000059,540.0147016999981,0,0.0,0.0,0.0,0.0,0.0,0,0,59890.0,3.320048869556286,41909.777839171635,10514.9989495,6092.0,357.5,0.7361933563101336,0.0,1,True,D:\git\git\RDMCT-A3C\cie\results\spbs\cie_spbs_600s_mem2048_repro_v1\s4to6_both\solutions\cie_core_spbs__cie_core_n032_f024_m008_proc100__scip_default__solverseed_5__trainseed_-1__spbs_auto.sol,,,,,,False,,
cie_core_spbs,dual_source_cluster_tool,8_to_32_wafers_nonpure41,test,600.0,[],D:\git\git\RDMCT-A3C\cie\data\core\spbs\cie_core_n032_f024_m008_proc100.lp,cie_core_n032_f024_m008_proc100.lp,cie_core_n032_f024_m008_proc100.lp,scip_default,6,-1,spbs_auto,full,True,linear,60.0,auto,2026-08-12T22:59:11,timelimit,timelimit,incumbent_timelimit_optimal,539.4433893999885,539.9694668999946,0,0.0,0.0,0.0,0.0,0.0,0,0,54362.0,3.323601541324013,41958.81952816916,10514.9989495,6092.0,357.5,0.7361933563101336,0.0,1,True,D:\git\git\RDMCT-A3C\cie\results\spbs\cie_spbs_600s_mem2048_repro_v1\s4to6_both\solutions\cie_core_spbs__cie_core_n032_f024_m008_proc100__scip_default__solverseed_6__trainseed_-1__spbs_auto.sol,,,,,,False,,
cie_core_spbs,dual_source_cluster_tool,8_to_32_wafers_nonpure41,test,600.0,[],D:\git\git\RDMCT-A3C\cie\data\core\spbs\cie_core_n032_f024_m008_proc110.lp,cie_core_n032_f024_m008_proc110.lp,cie_core_n032_f024_m008_proc110.lp,scip_default,4,-1,spbs_auto,full,True,linear,60.0,auto,2026-08-12T23:08:11,timelimit,timelimit,incumbent_timelimit_optimal,539.5255841000035,539.9279821000018,0,0.0,0.0,0.0,0.0,0.0,0,0,51764.0,3.1170708490602976,41309.0123562286,10514.9989495,13074.0,1678.0,1.1738227511478865,0.0,1,True,D:\git\git\RDMCT-A3C\cie\results\spbs\cie_spbs_600s_mem2048_repro_v1\s4to6_both\solutions\cie_core_spbs__cie_core_n032_f024_m008_proc110__scip_default__solverseed_4__trainseed_-1__spbs_auto.sol,,,,,,False,,
cie_core_spbs,dual_source_cluster_tool,8_to_32_wafers_nonpure41,test,600.0,[],D:\git\git\RDMCT-A3C\cie\data\core\spbs\cie_core_n032_f024_m008_proc110.lp,cie_core_n032_f024_m008_proc110.lp,cie_core_n032_f024_m008_proc110.lp,scip_default,5,-1,spbs_auto,full,True,linear,60.0,auto,2026-08-12T23:17:11,timelimit,timelimit,incumbent_timelimit_optimal,539.6393158999999,539.9722266000026,0,0.0,0.0,0.0,0.0,0.0,0,0,42589.0,3.1170708490602976,41259.45382599481,10514.9989495,13074.0,1678.0,1.1738227511478865,0.0,1,True,D:\git\git\RDMCT-A3C\cie\results\spbs\cie_spbs_600s_mem2048_repro_v1\s4to6_both\solutions\cie_core_spbs__cie_core_n032_f024_m008_proc110__scip_default__solverseed_5__trainseed_-1__spbs_auto.sol,,,,,,False,,
cie_core_spbs,dual_source_cluster_tool,8_to_32_wafers_nonpure41,test,600.0,[],D:\git\git\RDMCT-A3C\cie\data\core\spbs\cie_core_n032_f024_m008_proc110.lp,cie_core_n032_f024_m008_proc110.lp,cie_core_n032_f024_m008_proc110.lp,scip_default,6,-1,spbs_auto,full,True,linear,60.0,auto,2026-08-12T23:26:11,timelimit,timelimit,incumbent_timelimit_optimal,539.5882293000031,539.9640195000029,0,0.0,0.0,0.0,0.0,0.0,0,0,52991.0,3.107421464257807,41263.87889757191,10514.9989495,13074.0,1678.0,1.1738227511478865,0.0,1,True,D:\git\git\RDMCT-A3C\cie\results\spbs\cie_spbs_600s_mem2048_repro_v1\s4to6_both\solutions\cie_core_spbs__cie_core_n032_f024_m008_proc110__scip_default__solverseed_6__trainseed_-1__spbs_auto.sol,,,,,,False,,
