train 1th process seed,train 2th process seed,evaluate 1th process seed,evaluate 2th process seed,training_highlevel_policy/Neg Reward Mean,training_highlevel_policy/Neg Reward Std,training_highlevel_policy/Neg Reward Max,training_highlevel_policy/Neg Reward Min,training_highlevel_policy/Neg Advantage,training_highlevel_policy/logprobs Mean,training_highlevel_policy/logprobs Std,training_highlevel_policy/logprobs Max,training_highlevel_policy/logprobs Min,training_highlevel_policy/cut_percent_actions Mean,training_highlevel_policy/cut_percent_actions Std,training_highlevel_policy/cut_percent_actions Max,training_highlevel_policy/cut_percent_actions Min,training_highlevel_policy/reinforce loss,training_highlevel_policy/Critic Value,training_highlevel_policypre_log_prob Mean,training_highlevel_policypre_log_prob Std,training_highlevel_policypre_log_prob Max,training_highlevel_policypre_log_prob Min,training_highlevel_policymean Mean,training_highlevel_policymean Std,training_highlevel_policymean Max,training_highlevel_policymean Min,training_highlevel_policystd Mean,training_highlevel_policystd Std,training_highlevel_policystd Max,training_highlevel_policystd Min,training_highlevel_policyentropy Mean,training_highlevel_policyentropy Std,training_highlevel_policyentropy Max,training_highlevel_policyentropy Min,pos_1_entropy,Epoch,training/Neg Reward Mean,training/Neg Reward Std,training/Neg Reward Max,training/Neg Reward Min,training/Neg Advantage,training/logprobs Mean,training/logprobs Std,training/logprobs Max,training/logprobs Min,training/raw_logprobs Mean,training/raw_logprobs Std,training/raw_logprobs Max,training/raw_logprobs Min,training/reinforce loss,training/Critic Value,training/len cuts Mean,training/len cuts Std,training/len cuts Max,training/len cuts Min,training/cut 1 th feature Mean,training/cut 1 th feature Std,training/cut 1 th feature Max,training/cut 1 th feature Min,training/cut 2 th feature Mean,training/cut 2 th feature Std,training/cut 2 th feature Max,training/cut 2 th feature Min,training/cut 3 th feature Mean,training/cut 3 th feature Std,training/cut 3 th feature Max,training/cut 3 th feature Min,training/cut 4 th feature Mean,training/cut 4 th feature Std,training/cut 4 th feature Max,training/cut 4 th feature Min,training/cut 5 th feature Mean,training/cut 5 th feature Std,training/cut 5 th feature Max,training/cut 5 th feature Min,training/cut 6 th feature Mean,training/cut 6 th feature Std,training/cut 6 th feature Max,training/cut 6 th feature Min,training/cut 7 th feature Mean,training/cut 7 th feature Std,training/cut 7 th feature Max,training/cut 7 th feature Min,training/cut 8 th feature Mean,training/cut 8 th feature Std,training/cut 8 th feature Max,training/cut 8 th feature Min,training/cut 9 th feature Mean,training/cut 9 th feature Std,training/cut 9 th feature Max,training/cut 9 th feature Min,training/cut 10 th feature Mean,training/cut 10 th feature Std,training/cut 10 th feature Max,training/cut 10 th feature Min,training/cut 11 th feature Mean,training/cut 11 th feature Std,training/cut 11 th feature Max,training/cut 11 th feature Min,training/cut 12 th feature Mean,training/cut 12 th feature Std,training/cut 12 th feature Max,training/cut 12 th feature Min,training/cut 13 th feature Mean,training/cut 13 th feature Std,training/cut 13 th feature Max,training/cut 13 th feature Min,training/cut 14 th feature Mean,training/cut 14 th feature Std,training/cut 14 th feature Max,training/cut 14 th feature Min,training/cut 15 th feature Mean,training/cut 15 th feature Std,training/cut 15 th feature Max,training/cut 15 th feature Min,training/cut 16 th feature Mean,training/cut 16 th feature Std,training/cut 16 th feature Max,training/cut 16 th feature Min,training/cut 17 th feature Mean,training/cut 17 th feature Std,training/cut 17 th feature Max,training/cut 17 th feature Min,training/cut 18 th feature Mean,training/cut 18 th feature Std,training/cut 18 th feature Max,training/cut 18 th feature Min,training/cut 19 th feature Mean,training/cut 19 th feature Std,training/cut 19 th feature Max,training/cut 19 th feature Min,training/cut 20 th feature Mean,training/cut 20 th feature Std,training/cut 20 th feature Max,training/cut 20 th feature Min,training/cut 21 th feature Mean,training/cut 21 th feature Std,training/cut 21 th feature Max,training/cut 21 th feature Min,training/cut 22 th feature Mean,training/cut 22 th feature Std,training/cut 22 th feature Max,training/cut 22 th feature Min,training/cut 23 th feature Mean,training/cut 23 th feature Std,training/cut 23 th feature Max,training/cut 23 th feature Min,training/sel cuts num Mean,training/sel cuts num Std,training/sel cuts num Max,training/sel cuts num Min,training/solving_time Mean,training/solving_time Std,training/solving_time Max,training/solving_time Min,training/ntotal_nodes Mean,training/ntotal_nodes Std,training/ntotal_nodes Max,training/ntotal_nodes Min,training/primal_dual_gap Mean,training/primal_dual_gap Std,training/primal_dual_gap Max,training/primal_dual_gap Min,training/primaldualintegral Mean,training/primaldualintegral Std,training/primaldualintegral Max,training/primaldualintegral Min,training/schedule_wait_penalty Mean,training/schedule_wait_penalty Std,training/schedule_wait_penalty Max,training/schedule_wait_penalty Min,time/evaluating (s),time/online_testing (s),time/sampling data (s),time/training (s),time/epoch (s),time/total (s)
717354021,1061650667,946286476,784077896,276.74566993273874,256.0362023304561,611.9667013527576,0.0,-4.359654212748865e-06,-0.6141388,0.2992234,-0.26797485,-0.95400125,-0.5181401489036424,0.43643639713871796,0.08588414639234543,-0.9399515390396118,-62.316715240478516,276.74566993273874,-1.573708917413439,0.5860172808655334,-0.9544651508331299,-2.4179067611694336,0.03345194671835218,0.0019684499575946452,0.03497076779603958,0.03041844069957733,1.0371626956122262,0.0015265052487451974,1.0395466089248657,1.0360370874404907,1.4554261990955897,0.0014708634127201191,1.4577231407165527,1.4543414115905762,4.856905460357666,1,276.74566993273874,256.0362023304561,611.9667013527576,0.0,-4.359654212748865e-06,-4.798585,0.015213311,-4.765011,-4.811901,-69.22672,13.506002,-38.45901,-76.99042,-2.000950813293457,276.74566993273874,128.0,0.0,128,128,0.00030344937682581314,0.003868991907940475,0.07669649888473704,0.0,2.767341498570553,4.8226305374245095,22.49861128968944,0.720338306457416,0.012631183099693497,0.009543658299738828,0.04938241121968383,0.002777773919758445,0.5973429923485983,0.319412761866854,0.9499525023748812,0.0,0.8771968494277161,0.23462675934633653,1.114397281380257,0.01800202686870187,-118.29964485565738,215.70484186689328,93.59879365619958,-1345.5,11.421676091763526,35.29084679338672,283.0,-1.0,-333.36607142857144,572.7225256947188,-1.0,-2690.0,127.9769745550219,215.4460213529501,1344.5,0.24348557933784382,0.0006531604993620287,0.00021714613394526502,0.0010976948408342481,0.0004086636697997548,1.0,0.0,1.0,1.0,0.0,0.0,0.0,0.0,0.02522532972277446,0.004045920001424379,0.0331132889769448,0.020211300398656703,0.8360584962462596,0.367467236038746,0.9998646453703548,0.0,0.0,0.0,0.0,0.0,0.00028288249437014804,0.0036271657263684236,0.07142857142856633,0.0,0.16365862125902053,0.367575288153896,0.9999999999999948,0.0,0.0,0.0,0.0,0.0,0.9951851256089613,0.021496400426322074,0.9999999999999998,0.8888888866665693,0.15918426643534314,0.3454226999299355,0.9947145203371446,0.0,0.008130070153629045,0.03262018846916279,0.2653061224489417,0.0,0.9978888533891074,0.008612324432070982,0.9999999999999948,0.9285714285713622,0.006495029552983698,0.021141484086045482,0.15988106068330293,0.0,14.428571428571429,2.821202522590214,16,8,3.2857142857142856,2.864276807966203,7.0,0.0,1588.4285714285713,1785.883843378627,5423,31,0.0,0.0,0.0,0.0,276.74566993273874,256.0362023304561,611.9667013527576,0.0,18.46737142612277,9.957958349984676,37.217200000000005,0.03424013183895499,1.700012944638729e-06,0.0006864000024506822,20.240307299987762,1.3513913999922806,21.592386799995438,21.592521400001715
491263,550290313,224766667,1069620869,276.74566993273874,256.0362023304561,611.9667013527576,0.0,-4.359654212748865e-06,-0.6141388,0.2992234,-0.26797485,-0.95400125,-0.5181401489036424,0.43643639713871796,0.08588414639234543,-0.9399515390396118,-62.316715240478516,276.74566993273874,-1.573708917413439,0.5860172808655334,-0.9544651508331299,-2.4179067611694336,0.03345194671835218,0.0019684499575946452,0.03497076779603958,0.03041844069957733,1.0371626956122262,0.0015265052487451974,1.0395466089248657,1.0360370874404907,1.4554261990955897,0.0014708634127201191,1.4577231407165527,1.4543414115905762,4.857027053833008,2,262.5,193.24531042175383,600.0,100.0,-12.82110595703125,-4.792259,0.014921883,-4.767982,-4.811819,-71.908165,12.763099,-38.143856,-76.989105,60.629615783691406,275.3211029394649,128.0,0.0,128,128,0.0004358306506793732,0.005016383320173248,0.07669649888473704,0.0,2.975549524489288,5.037936353029064,22.49861128968944,0.9934445512079338,0.01119460723080085,0.009031707537748417,0.041558333614717884,0.002777773919758445,0.5836975388491445,0.32299499991519626,0.9499525023748812,0.0,0.8429133255132362,0.2725400940273442,1.1071123296147096,0.01800202686870187,-129.85170955027797,192.91312661874457,93.59879365619958,-585.5,13.752392593076284,38.75672480222965,283.0,-1.0,-361.8291015625,526.1177954231463,-1.0,-2379.0,138.287556168666,184.28098962257891,714.082628272107,0.24348557933784382,0.0006224149437637543,0.00013444748607079906,0.0007524454477050414,0.0004086636697997548,1.0,0.0,1.0,1.0,0.0,0.0,0.0,0.0,0.024788106658555825,0.002749406401222546,0.0274204170929851,0.020211300398656703,0.8268109471248078,0.37425061201854115,0.9998646453703548,0.0,0.0,0.0,0.0,0.0,0.0004055370868814155,0.004693338836829486,0.07142857142856633,0.0,0.17278351578802392,0.37440836274810446,0.9999999999999948,0.0,0.0,0.0,0.0,0.0,0.9953331729869552,0.021037419679651455,0.9999999999999998,0.8888888866668218,0.16167872379337908,0.35524271857346584,0.9947145203371446,0.0,0.012524336971424676,0.0423947755468385,0.2653061224489417,0.0,0.9967328221247986,0.011199070532436555,0.9999999999999948,0.9285714285713622,0.00936377239448991,0.027333707865855424,0.15988106068330293,0.0,15.0,2.6457513110645907,16,8,2.625,1.9324531042175384,6.0,1.0,888.125,800.097718641292,2702,260,0.0,0.0,0.0,0.0,262.5,193.24531042175383,600.0,100.0,21.2919319593364,6.151273712931496,37.499924145942316,18.582300000000004,2.1000014385208488e-06,0.007132099999580532,16.437701899994863,0.84518420000677,17.290020300002652,38.88599309998972
630311759,1013994432,396591248,629559425,367.312661498708,236.07182676193074,600.0,0.0,81.51029968261719,-0.6087207,0.27176678,-0.16356015,-0.91778266,0.29323550562063855,0.613878354079056,0.9329817891120911,-0.6979477405548096,-36.71023178100586,285.8023690893357,-1.4224398930867512,0.40977511626164687,-1.0143358707427979,-2.207279682159424,0.02037380573650201,0.0006909647406045795,0.02127227932214737,0.019591841846704483,1.0579442977905273,0.00037508252787915136,1.0584081411361694,1.0574895143508911,1.4752661387125652,0.0003545413383336819,1.475704550743103,1.4748362302780151,4.855201721191406,3,367.312661498708,236.07182676193074,600.0,0.0,82.79240417480469,-4.7954264,0.01810284,-4.7699575,-4.829654,-76.72682,0.28964543,-76.31932,-77.27447,-395.6373291015625,284.52025879538917,128.0,0.0,128,128,0.00013439297363315066,0.0011495126816365433,0.016126934718260072,0.0,2.735586558728386,4.8646765014916165,22.49861128968944,0.720338306457416,0.014802106181644938,0.00992111628090468,0.04938241121968383,0.002777773919758445,0.607810246599271,0.3203689224493509,0.9499525023748812,0.0,0.9184287587421127,0.16356097405094297,1.114397281380257,0.11520204147878298,-105.9306531623903,242.1287503556594,88.5,-1345.5,10.419615159715763,33.74369559507097,283.0,-1.0,-308.2135416666667,625.3283855836254,-1.0,-2690.0,118.00823750825369,248.60672670701487,1344.5,0.24348557933784382,0.0006755499579324582,0.00030196016525533615,0.0010976948408342481,0.0004086636697997548,1.0,0.0,1.0,1.0,0.0,0.0,0.0,0.0,0.025376183624961562,0.0055724065606905845,0.0331132889769448,0.020211300398656703,0.8405619955760257,0.36528857437636403,0.9998646453703548,0.0,0.0,0.0,0.0,0.0,0.00012478648642085053,0.001131858897900692,0.01587301587301562,0.0,0.1593132179371403,0.36534119833591433,0.9999999999999944,0.0,0.0,0.0,0.0,0.0,0.9952043965011609,0.021421918791624344,0.9999999999999998,0.8888888866665693,0.16433410725544628,0.3406433200345544,0.9944134078212236,0.0,0.002327138395819758,0.005175281271897417,0.062484252960441446,0.0,0.999416162242683,0.0013085455369131398,0.9999999999999944,0.9841269841269685,0.002735141772879168,0.00466425873157214,0.05064526585376031,0.0,16.0,0.0,16,16,3.8333333333333335,2.4776781245530843,6.0,0.0,2239.5,1671.3858271905185,3976,14,0.0,0.0,0.0,0.0,367.312661498708,236.07182676193074,600.0,0.0,18.831646677939634,15.137388753992132,37.2662825,0.03424013183895499,1.6999983927235007e-06,0.009311100002378225,20.372337399996468,0.6868156000127783,21.068465800010017,59.95763520001492
799981516,592322119,410430189,729053692,367.312661498708,236.07182676193074,600.0,0.0,81.51029968261719,-0.6087207,0.27176678,-0.16356015,-0.91778266,0.29323550562063855,0.613878354079056,0.9329817891120911,-0.6979477405548096,-36.71023178100586,285.8023690893357,-1.4224398930867512,0.40977511626164687,-1.0143358707427979,-2.207279682159424,0.02037380573650201,0.0006909647406045795,0.02127227932214737,0.019591841846704483,1.0579442977905273,0.00037508252787915136,1.0584081411361694,1.0574895143508911,1.4752661387125652,0.0003545413383336819,1.475704550743103,1.4748362302780151,4.85488224029541,4,324.7272583201268,239.4161480795524,700.0,100.0,36.18630599975586,-4.807553,0.022270637,-4.7633524,-4.838471,-67.3066,21.50413,-19.228504,-77.415535,-171.26763916015625,288.54095874786293,128.0,0.0,128,128,0.00043024167922031,0.005016709706472587,0.07669649888473704,0.0,2.7911577034521784,4.790715779920802,22.49861128968944,0.9934445512079338,0.011002990788229916,0.008909846933615578,0.041558333614717884,0.0029112039138225417,0.5894925516605939,0.3184680673863466,0.9374414099118804,0.0,0.8462729174419187,0.2721057089611892,1.1071123296147096,0.01800202686870187,-127.5763886256077,193.01415014251725,93.59879365619958,-585.5,12.173221790799348,36.38998637137714,188.19758731239915,-1.0,-352.23046875,529.0674483021095,-1.0,-2379.0,135.45352734009802,186.40096606822266,714.082628272107,0.33449400781347277,0.0006363684054342065,0.0001160770422708349,0.0007524454477050414,0.0005202913631633715,1.0,0.0,1.0,1.0,0.0,0.0,0.0,0.0,0.025112189296134135,0.002308227796850965,0.0274204170929851,0.02280396149928317,0.8326808717489351,0.36905673050234405,0.999859609714668,0.0,0.0,0.0,0.0,0.0,0.00040145450033212115,0.004693606939922155,0.07142857142856633,0.0,0.16691767375043068,0.3692084236385716,0.9999999999999948,0.0,0.0,0.0,0.0,0.0,0.9951706724398116,0.02155208142615442,0.9999999999999998,0.8888888866668218,0.15532188582026582,0.3489144029766586,0.9947145203371446,0.0,0.01248226897198601,0.04240105444573505,0.2653061224489417,0.0,0.9967433717489257,0.011200686595490415,0.9999999999999948,0.9285714285713622,0.009314945388062096,0.02733702867610989,0.15988106068330293,0.0,14.0,4.47213595499958,16,4,3.5,2.565800719723442,7.0,1.0,1461.5,1216.4327286510065,3308,228,0.0,0.0,0.0,0.0,324.7272583201268,239.4161480795524,700.0,100.0,19.025913066406904,0.6053007454556123,20.33241,18.582300000000004,1.5999976312741637e-06,0.009367999999085441,15.772454200006905,0.6051172000006773,16.3869410000043,76.34776080001029
630361478,796884249,166716594,413652244,331.640625,258.8199421435139,726.5625,100.0,41.254425048828125,-0.72274387,0.32809654,-0.16061997,-0.96003175,-0.10554652288556099,0.5556811621466075,0.48018187284469604,-0.9831862449645996,-24.82601547241211,290.3861946804021,-1.6595982015132904,1.0988504229398084,-0.9854989051818848,-3.561443328857422,0.012185258092358708,0.0033422271537631126,0.014344984665513039,0.006418298929929733,1.0555467307567596,0.0015089055067549506,1.058019757270813,1.0543239116668701,1.4729963541030884,0.001428643203687595,1.4753375053405762,1.4718382358551025,4.854862689971924,5,331.640625,258.8199421435139,726.5625,100.0,38.789703369140625,-4.791592,0.028636385,-4.751459,-4.830347,-68.28316,11.921684,-47.831535,-76.82253,-187.4492645263672,292.8509253730766,128.0,0.0,128,128,0.00030225164850254443,0.0036857499925094803,0.07669649888473704,0.0,2.3598378157558093,4.256772609019664,22.49861128968944,0.720338306457416,0.013868703828086443,0.010149603556884714,0.04938241121968383,0.0029112039138225417,0.6106642871197147,0.3042224642051651,0.9374414099118804,0.0,0.8796280336389999,0.22962088105182507,1.114397281380257,0.01800202686870187,-118.36244051626474,235.41916106121752,93.59879365619958,-1345.5,8.45955797176672,30.23516998343836,188.19758731239915,-1.0,-324.111328125,606.1308978598794,-1.0,-2690.0,128.54108149863382,241.18036450289532,1344.5,0.33449400781347277,0.0007226807537165081,0.00023634954694367566,0.0010976948408342481,0.0005202913631633715,1.0,0.0,1.0,1.0,0.0,0.0,0.0,0.0,0.02653540726712406,0.004239668183270365,0.0331132889769448,0.02280396149928317,0.853503731473389,0.35091243396802385,0.999859609714668,0.0,0.0,0.0,0.0,0.0,0.00028517732860965664,0.003461926908785729,0.07142857142856633,0.0,0.14621109119761072,0.3510141639397113,0.9999999999999948,0.0,0.0,0.0,0.0,0.0,0.9950925701025894,0.021955294328908068,0.9999999999999998,0.8888888866665693,0.1461077406880999,0.32617259574741825,0.9947145203371446,0.0,0.007582302082586238,0.03068314713958079,0.2653061224489417,0.0,0.9980349814733794,0.008098253377959868,0.9999999999999948,0.9285714285713622,0.006188709469017809,0.019942436757932332,0.15988106068330293,0.0,14.25,2.48746859276655,16,10,3.5,2.8722813232690143,8.0,1.0,1843.0,2360.554489945106,5876,77,0.0,0.0,0.0,0.0,331.640625,258.8199421435139,726.5625,100.0,14.700169634797131,8.113226919047449,20.332530121994584,0.6898000000000001,1.600012183189392e-06,0.010134600001038052,14.432273299986264,0.4785688999982085,14.920978399997693,91.27187050000066
726684926,271757669,795511698,105433556,331.640625,258.8199421435139,726.5625,100.0,41.254425048828125,-0.72274387,0.32809654,-0.16061997,-0.96003175,-0.10554652288556099,0.5556811621466075,0.48018187284469604,-0.9831862449645996,-24.82601547241211,290.3861946804021,-1.6595982015132904,1.0988504229398084,-0.9854989051818848,-3.561443328857422,0.012185258092358708,0.0033422271537631126,0.014344984665513039,0.006418298929929733,1.0555467307567596,0.0015089055067549506,1.058019757270813,1.0543239116668701,1.4729963541030884,0.001428643203687595,1.4753375053405762,1.4718382358551025,4.854825973510742,6,271.42857142857144,205.03857277724748,600.0,0.0,-19.280109405517578,-4.8011575,0.025599252,-4.7645764,-4.8382773,-76.81852,0.40958804,-76.23322,-77.41244,92.56376647949219,290.7086899786261,128.0,0.0,128,128,0.00030344937682581314,0.003868991907940475,0.07669649888473704,0.0,2.767341498570553,4.8226305374245095,22.49861128968944,0.720338306457416,0.012631183099693497,0.009543658299738826,0.04938241121968383,0.002777773919758445,0.5973429923485983,0.319412761866854,0.9499525023748812,0.0,0.8771968494277161,0.23462675934633653,1.114397281380257,0.01800202686870187,-118.29964485565738,215.70484186689328,93.59879365619958,-1345.5,11.421676091763526,35.29084679338672,283.0,-1.0,-333.36607142857144,572.7225256947187,-1.0,-2690.0,127.97697455502187,215.4460213529501,1344.5,0.24348557933784382,0.0006531604993620285,0.00021714613394526497,0.0010976948408342481,0.0004086636697997548,1.0,0.0,1.0,1.0,0.0,0.0,0.0,0.0,0.02522532972277446,0.004045920001424379,0.0331132889769448,0.020211300398656703,0.8360584962462597,0.367467236038746,0.9998646453703548,0.0,0.0,0.0,0.0,0.0,0.00028288249437014804,0.0036271657263684236,0.07142857142856633,0.0,0.16365862125902053,0.367575288153896,0.9999999999999948,0.0,0.0,0.0,0.0,0.0,0.9951851256089613,0.021496400426322074,0.9999999999999998,0.8888888866665693,0.15918426643534314,0.3454226999299355,0.9947145203371446,0.0,0.008130070153629045,0.03262018846916279,0.2653061224489417,0.0,0.9978888533891074,0.008612324432070982,0.9999999999999948,0.9285714285713622,0.006495029552983698,0.021141484086045482,0.15988106068330293,0.0,16.0,0.0,16,16,2.7142857142857144,2.0503857277724746,6.0,0.0,1097.142857142857,978.0671067499011,3033,31,0.0,0.0,0.0,0.0,271.42857142857144,205.03857277724748,600.0,0.0,19.076007778981516,10.075319962697971,37.66805770575384,0.03424013183895499,1.7999991541728377e-06,0.009826900000916794,19.6895605000027,0.7810147999989567,20.480404000001727,111.75562459997309
878115723,830873852,550260202,986026652,339.1469967612131,247.5678437149409,611.5124153498871,0.0,43.884727478027344,-0.6532223,0.25384134,-0.16345143,-0.8942185,-0.1537352353334427,0.6349608968711211,0.6829817295074463,-0.9728395938873291,1.7217864990234375,295.2622748884832,-1.5050857663154602,0.7271072184936044,-1.0151801109313965,-3.0899534225463867,0.018270206016798813,0.0009926459863493638,0.018733486533164978,0.016051115468144417,1.0471915404001872,0.00040034026127093415,1.0477337837219238,1.0468389987945557,1.4650503198305767,0.00038225882974904867,1.4655680656433105,1.4647136926651,4.854917049407959,7,339.1469967612131,247.5678437149409,611.5124153498871,0.0,43.594478607177734,-4.7816696,0.025201363,-4.7487082,-4.8162723,-68.494026,17.7349,-28.845661,-77.060356,-205.307373046875,295.55252065688484,128.0,0.0,128,128,0.00012694101168773305,0.0011494516679346283,0.016126934718260072,0.0,2.4897307973455733,4.50468426130981,22.49861128968944,0.720338306457416,0.01454661759155036,0.009866124926896862,0.04938241121968383,0.002777773919758445,0.61553693034787,0.3136508969530847,0.9499525023748812,0.0,0.9229082146470224,0.16048424140830184,1.114397281380257,0.11520204147878298,-102.89689192949659,241.93154593708468,88.5,-1345.5,8.31405409001318,29.77175003825916,283.0,-1.0,-295.4153645833333,627.5126975170937,-1.0,-2690.0,114.2295324034964,250.39220927884827,1344.5,0.24348557933784382,0.000694154573493061,0.00028806243494008135,0.0010976948408342481,0.0004086636697997548,1.0,0.0,1.0,1.0,0.0,0.0,0.0,0.0,0.025808293808399305,0.005246114148021775,0.0331132889769448,0.020211300398656703,0.8483885617415288,0.3578514330204226,0.9998646453703548,0.0,0.0,0.0,0.0,0.0,0.00011934303768845805,0.001131987726478367,0.01587301587301562,0.0,0.15149209522034926,0.35790014015963656,0.9999999999999944,0.0,0.0,0.0,0.0,0.0,0.9949877291049694,0.022092004161886458,0.9999999999999998,0.8888888866665693,0.15585832329129523,0.3318484895384744,0.9944134078212236,0.0,0.0022710477299015363,0.005133099808416707,0.062484252960441446,0.0,0.9994302284081856,0.001298082909039182,0.9999999999999944,0.9841269841269685,0.0026700390976420844,0.004597089834042067,0.05064526585376031,0.0,14.333333333333334,3.726779962499649,16,6,3.6666666666666665,2.748737083745107,7.0,0.0,1361.8333333333333,1088.9495575502517,2992,15,0.0,0.0,0.0,0.0,339.1469967612131,247.5678437149409,611.5124153498871,0.0,16.46084476172771,13.707998209983435,40.1042980070885,0.040720000000000006,1.1999945854768157e-06,0.009070000000065193,14.906250300002284,0.670942600001581,15.586264099998516,127.34497720000218
117628829,147806606,732152370,704211524,339.1469967612131,247.5678437149409,611.5124153498871,0.0,43.884727478027344,-0.6532223,0.25384134,-0.16345143,-0.8942185,-0.1537352353334427,0.6349608968711211,0.6829817295074463,-0.9728395938873291,1.7217864990234375,295.2622748884832,-1.5050857663154602,0.7271072184936044,-1.0151801109313965,-3.0899534225463867,0.018270206016798813,0.0009926459863493638,0.018733486533164978,0.016051115468144417,1.0471915404001872,0.00040034026127093415,1.0477337837219238,1.0468389987945557,1.4650503198305767,0.00038225882974904867,1.4655680656433105,1.4647136926651,4.855212211608887,8,424.9475524475524,406.8169256594212,1200.0,100.0,116.45552062988281,-4.779008,0.08021463,-4.6192446,-4.8313556,-62.606384,28.993807,-4.6192446,-77.30169,-564.2578735351562,308.4920238359516,128.0,0.0,128,128,0.0002527324558680144,0.0032986034172564414,0.07669649888473704,0.0,2.757815016617903,4.835304613837883,22.49861128968944,0.720338306457416,0.01328246002427893,0.009709545024001827,0.04938241121968383,0.002777773919758445,0.6004831686238001,0.31973589252415924,0.9499525023748812,0.0,0.8895664222220351,0.21660441773727007,1.114397281380257,0.01800202686870187,-114.58894734767728,224.031321467936,93.59879365619958,-1345.5,11.121057812149195,34.83694405919199,283.0,-1.0,-325.8203125,589.1105986144727,-1.0,-2690.0,124.98635344099141,225.95210101215832,1344.5,0.24348557933784382,0.0006598773369331575,0.0002458982783816056,0.0010976948408342481,0.0004086636697997548,1.0,0.0,1.0,1.0,0.0,0.0,0.0,0.0,0.025270585893430585,0.004558390228227,0.0331132889769448,0.020211300398656703,0.8374095460451896,0.36682080172837594,0.9998646453703548,0.0,0.0,0.0,0.0,0.0,0.00023545369198535882,0.0030982272394111977,0.07142857142856633,0.0,0.16235500026245644,0.3669118932587994,0.9999999999999948,0.0,0.0,0.0,0.0,0.0,0.9951909068766212,0.021474084876980448,0.9999999999999998,0.8888888866665693,0.16072921868137408,0.3440039534144466,0.9947145203371446,0.0,0.006389190626286259,0.027567377304970147,0.2653061224489417,0.0,0.9983470460451802,0.007274891140292726,0.9999999999999948,0.9285714285713622,0.00536706321895234,0.017954636064032595,0.15988106068330293,0.0,13.0,6.0,16,1,4.4,4.079215610874228,12.0,1.0,1965.8,2510.69212768113,6887,50,0.0,0.0,0.0,0.0,424.9475524475524,406.8169256594212,1200.0,100.0,19.109186409765194,11.750683191617275,37.13036,0.037520000000000005,1.4999968698248267e-06,0.009699000002001412,18.503626400008216,0.43227099999785423,18.94559790000494,146.29375269998854
718568663,889937879,252070889,776094449,402.29181715575623,192.90887082734656,700.0,100.0,96.32657623291016,-0.56342775,0.26378855,-0.15035605,-0.9545617,-0.001228533685207367,0.7206923209686892,0.9481947422027588,-0.9376761317253113,-50.265045166015625,305.96522911521055,-1.5708706453442574,0.5469836017696391,-0.9602416157722473,-2.4437062740325928,0.024795749690383673,0.0035761495323655378,0.027436206117272377,0.01624758541584015,1.037465661764145,0.000894399073140736,1.0398228168487549,1.0370559692382812,1.4557190239429474,0.0008612753068508573,1.4579888582229614,1.455324411392212,4.85311222076416,9,402.29181715575623,192.90887082734656,700.0,100.0,84.41980743408203,-4.813917,0.029765049,-4.7636976,-4.850306,-70.35351,17.430027,-24.25153,-77.57045,-410.0426025390625,317.8720031679321,128.0,0.0,128,128,0.0001317852694253084,0.002515988347675345,0.07669649888473704,0.0,3.406906827801425,5.54332173499369,22.49861128968944,0.9934445512079338,0.01037901197613134,0.007219737760399852,0.041558333614717884,0.002777773919758445,0.5845771973296028,0.348338513106836,0.9499525023748812,0.0,0.918636987562159,0.18434890461567693,1.1071123296147096,0.01800202686870187,-99.68936538738657,175.95816711799066,93.59879365619958,-585.5,14.63108592112835,39.43736876023298,283.0,-1.0,-308.75390625,525.9759418366882,-1.0,-2379.0,108.43687625713699,165.85316519559458,714.082628272107,0.24348557933784382,0.000507450238719724,0.00010604161266373673,0.0007524454477050414,0.0004086636697997548,1.0,0.0,1.0,1.0,0.0,0.0,0.0,0.0,0.022408770535760986,0.0022424297596449383,0.0274204170929851,0.020211300398656703,0.8055545950589093,0.39444221246804984,0.9998646453703548,0.0,0.0,0.0,0.0,0.0,0.00011553522455127267,0.0023531878165244983,0.07142857142856633,0.0,0.19432986971620736,0.3944920676245688,0.9999999999999948,0.0,0.0,0.0,0.0,0.0,0.9949933569480832,0.021561761235501516,0.9999999999999998,0.8888888866668218,0.18417130552657984,0.37493048885226193,0.9947145203371446,0.0,0.004206921845495263,0.021800217290894004,0.2653061224489417,0.0,0.9989139700588994,0.0057549994232795635,0.9999999999999948,0.9285714285713622,0.0037426139917499344,0.014185300152591796,0.15988106068330293,0.0,14.625,3.637908052713812,16,5,4.25,1.984313483298443,7.0,1.0,1623.125,771.1307342954241,2631,295,0.0,0.0,0.0,0.0,402.29181715575623,192.90887082734656,700.0,100.0,26.18385946611444,8.731922230819382,37.73872,18.582300000000004,1.6999983927235007e-06,0.009595100011210889,21.459330300000147,1.0864906000060728,22.555417700015823,168.8528717999434
602957303,812297694,850839392,121930838,402.29181715575623,192.90887082734656,700.0,100.0,96.32657623291016,-0.56342775,0.26378855,-0.15035605,-0.9545617,-0.001228533685207367,0.7206923209686892,0.9481947422027588,-0.9376761317253113,-50.265045166015625,305.96522911521055,-1.5708706453442574,0.5469836017696391,-0.9602416157722473,-2.4437062740325928,0.024795749690383673,0.0035761495323655378,0.027436206117272377,0.01624758541584015,1.037465661764145,0.000894399073140736,1.0398228168487549,1.0370559692382812,1.4557190239429474,0.0008612753068508573,1.4579888582229614,1.455324411392212,4.852468967437744,10,540.5471230077081,198.22975565920714,900.0,300.0,200.4075927734375,-4.7812295,0.028959984,-4.7497263,-4.8398347,-68.5568,17.877407,-28.594358,-77.437355,-962.2025756835938,340.13951515190973,128.0,0.0,128,128,3.2299799493641216e-05,0.00010746298402376153,0.0007145765259000703,0.0,3.6121565359178405,5.7578114023313045,22.49861128968944,1.010809938970694,0.010171019038765146,0.006547110003438777,0.027777739197584448,0.002777773919758445,0.5829387458859392,0.35772650383196936,0.9499525023748812,0.0,0.9427583442689057,0.13529533065389332,1.0548142744057427,0.16361343296583433,-90.39369097464619,168.87246607366225,88.5,-581.0,15.45037396457135,40.36887545306756,283.0,-1.0,-294.26171875,524.1406041412417,-1.0,-2379.0,99.43132589614999,157.3854824126321,714.082628272107,0.24348557933784382,0.0004644775164815633,5.5813846681808366e-05,0.0005202913631633715,0.0004086636697997548,1.0,0.0,1.0,1.0,0.0,0.0,0.0,0.0,0.02150763094896994,0.0012963305503132345,0.02280396149928317,0.020211300398656703,0.7965125028289006,0.4021420364311301,0.9998646453703548,0.0,0.0,0.0,0.0,0.0,2.0228799290989843e-05,6.0623748155332695e-05,0.00024950099800399194,0.0,0.20346726837146623,0.40215221037932436,0.9999999999999944,0.0,0.0,0.0,0.0,0.0,0.9949342517841737,0.02156466288060712,0.9999999999999998,0.8888888866668222,0.19378777876201783,0.38272727739630796,0.9944134078212236,0.0,0.00144847280333168,0.001986620597231215,0.008911949621931743,0.0,0.9996375028288907,0.0004975597807899512,0.9999999999999944,0.9977670264228143,0.0018851701929792142,0.0023221150740167346,0.010253260956108677,0.0,14.333333333333334,3.7267799624996494,16,6,5.833333333333333,2.1147629234082532,9.0,3.0,2826.6666666666665,1488.6803626777048,4916,1260,0.0,0.0,0.0,0.0,540.5471230077081,198.22975565920714,900.0,300.0,28.780187538270805,8.462703064578331,38.38741241508058,20.33241,1.4999968698248267e-06,0.00912949998746626,26.773717800009763,0.6678766999975778,27.450725499991677,196.3068016999605
217946253,927586281,937426313,226591751,317.17188003869717,542.595912540654,1620.2031602708803,0.0,10.085955619812012,-0.61934775,0.3506306,-0.16990852,-0.9456423,0.022528366052678654,0.6390037248791159,0.9486852884292603,-0.9309856295585632,72.28523254394531,307.0858942075592,-1.567873239517212,0.6831729349108963,-0.9458939433097839,-2.4725215435028076,0.026075124740600586,0.004215894084812526,0.028778385370969772,0.01641932502388954,1.026790704045977,0.0006226769822701689,1.0282975435256958,1.0263924598693848,1.4453764472688948,0.0006060522562329929,1.4468430280685425,1.44498872756958,4.857554912567139,11,317.17188003869717,542.595912540654,1620.2031602708803,0.0,-20.670881271362305,-4.7883997,0.01692644,-4.768551,-4.8166037,-56.087463,20.088327,-23.863869,-76.87228,103.55319213867188,337.84275164058846,128.0,0.0,128,128,0.00027726013188063015,0.0029802075121304708,0.07669649888473704,0.0,2.250566898826924,4.167287779794241,22.49861128968944,0.720338306457416,0.016362980150886244,0.010685059473834661,0.04938241121968383,0.002777773919758445,0.6167889055958385,0.2957627976797817,0.9499525023748812,0.0,0.8839101837838896,0.21224579740878158,1.114397281380257,0.01800202686870187,-120.9934131163062,263.61702488046757,93.59879365619958,-1345.5,8.04592630867931,29.86418320866294,283.0,-1.0,-328.7622767857143,652.5107726643527,-1.0,-2690.0,133.60798409569705,273.6479558328297,1344.5,0.24348557933784382,0.000784968052333469,0.00028689578507186663,0.0010976948408342481,0.0004086636697997548,1.0,0.0,1.0,1.0,0.0,0.0,0.0,0.0,0.02751135820300608,0.0052339982923844276,0.0331132889769448,0.020211300398656703,0.8634813846237857,0.3412456714843604,0.9998646453703548,0.0,0.0,0.0,0.0,0.0,0.0002635817401839911,0.002817030975620638,0.07142857142856633,0.0,0.13625503363560842,0.34133925635597917,0.9999999999999948,0.0,0.0,0.0,0.0,0.0,0.995349129464768,0.021375877118022746,0.9999999999999998,0.8888888866665693,0.14492851741306811,0.31531367962337803,0.9947145203371446,0.0,0.005730698899003303,0.02373376012974146,0.2653061224489417,0.0,0.9985260274809196,0.00625501390253642,0.9999999999999948,0.9285714285713622,0.005100783708588551,0.015645077627304646,0.15988106068330293,0.0,11.714285714285714,4.199125273342591,16,5,3.4285714285714284,6.044055943230337,18.0,0.0,2405.5714285714284,5001.65240858724,14613,4,0.0,0.0,0.0,0.0,317.17188003869717,542.595912540654,1620.2031602708803,0.0,13.59177534494813,13.400209211466928,38.55847680672001,0.03424000000000001,1.4999968698248267e-06,0.009188299998641014,24.32838589999301,0.7373428999999305,25.07491859998845,221.38522689997626
272404799,398576445,826019350,77964601,317.17188003869717,542.595912540654,1620.2031602708803,0.0,10.085955619812012,-0.61934775,0.3506306,-0.16990852,-0.9456423,0.022528366052678654,0.6390037248791159,0.9486852884292603,-0.9309856295585632,72.28523254394531,307.0858942075592,-1.567873239517212,0.6831729349108963,-0.9458939433097839,-2.4725215435028076,0.026075124740600586,0.004215894084812526,0.028778385370969772,0.01641932502388954,1.026790704045977,0.0006226769822701689,1.0282975435256958,1.0263924598693848,1.4453764472688948,0.0006060522562329929,1.4468430280685425,1.44498872756958,4.853555202484131,12,483.3333333333333,338.70669054835963,800.0,0.0,130.9415283203125,-4.781358,0.02831187,-4.751871,-4.8209395,-73.30836,7.0926356,-57.480515,-77.13503,-621.7276000976562,352.39180980986293,128.0,0.0,128,128,0.0002271716227237453,0.003012336589178864,0.07669649888473704,0.0,3.268988911908778,5.460907307767514,22.49861128968944,0.720338306457416,0.013147119411835162,0.009486888761636874,0.04938241121968383,0.002777773919758445,0.5859690725445913,0.3353965796927691,0.9499525023748812,0.0,0.8917125587058153,0.209029176244169,1.114397281380257,0.01800202686870187,-115.10704646817932,216.16173004263794,93.59879365619958,-1345.5,15.000952108773427,40.476669736669606,283.0,-1.0,-339.7578125,574.405599648641,-1.0,-2690.0,126.39523984065376,212.94028055495642,1344.5,0.24348557933784382,0.0005994037768503208,0.000254007833467329,0.0010976948408342481,0.0004086636697997548,1.0,0.0,1.0,1.0,0.0,0.0,0.0,0.0,0.023995261460863865,0.004817405879509962,0.0331132889769448,0.020211300398656703,0.8188535229275535,0.38330139903566196,0.9998646453703548,0.0,0.0,0.0,0.0,0.0,0.00020774804963488605,0.0028292141605212756,0.07142857142856633,0.0,0.18093872902247798,0.38338895645915233,0.9999999999999948,0.0,0.0,0.0,0.0,0.0,0.995473132122167,0.020443059031030247,0.9999999999999998,0.8888888866665693,0.17895265464104126,0.3629526059618365,0.9947145203371446,0.0,0.005649873654671162,0.025247650662790774,0.2653061224489417,0.0,0.9985410229275447,0.006661834909108923,0.9999999999999948,0.9285714285713622,0.004884401727479111,0.01648453375829381,0.15988106068330293,0.0,15.333333333333334,1.4907119849998596,16,12,4.833333333333333,3.387066905483596,8.0,0.0,2394.1666666666665,1788.019147610624,4583,10,0.0,0.0,0.0,0.0,483.3333333333333,338.70669054835963,800.0,0.0,26.06061416817397,14.712400874790584,42.74008,0.03424000000000001,1.6999983927235007e-06,0.011593899995204993,21.95364229999541,0.5987852000107523,22.56402309999976,243.95259259999148
542837249,494008192,621080892,339933393,280.0,231.5167380558045,600.0,0.0,-24.3773193359375,-0.64096415,0.1354606,-0.46464705,-0.8552532,-0.1460569143295288,0.6625642232602016,0.6977842450141907,-0.8408739566802979,10.771624565124512,304.3773047868033,-1.3250480890274048,0.23882457055950665,-1.025480031967163,-1.6924619674682617,0.0190581027418375,0.004988280343127006,0.026346256956458092,0.013427579775452614,1.015779399871826,0.00051366987900364,1.0163942575454712,1.0152702331542969,1.4345946073532105,0.0005056523995918245,1.4351998567581177,1.4340933561325073,4.852157115936279,13,280.0,231.5167380558045,600.0,0.0,-65.15261840820312,-4.816039,0.021877538,-4.785551,-4.8471713,-58.67681,22.288847,-28.964722,-77.1533,310.62841796875,345.15262882887663,128.0,0.0,128,128,0.0004297939164276842,0.004571750535493986,0.07669649888473704,0.0,3.0194693109503876,5.182979063983098,22.49861128968944,0.720338306457416,0.014228421340291824,0.010512522742486277,0.04938241121968383,0.002777773919758445,0.5845606499370242,0.31794906576946314,0.9499525023748812,0.0,0.8402215573194564,0.2609966985243646,1.114397281380257,0.01800202686870187,-136.74305336700678,230.45191375713082,93.59879365619958,-1345.5,14.863543509926595,40.72012336789689,283.0,-1.0,-379.7234375,581.4287817099215,-1.0,-2690.0,148.46412626998807,227.98393251100308,1344.5,0.24348557933784382,0.0006839826151687682,0.0002577336485215216,0.0010976948408342481,0.0004086636697997548,1.0,0.0,1.0,1.0,0.0,0.0,0.0,0.0,0.025675344792045685,0.004921892535083181,0.0331132889769448,0.020211300398656703,0.8330931348159961,0.3692081145711312,0.9998646453703548,0.0,0.0,0.0,0.0,0.0,0.00040100824935955325,0.0042861338317752035,0.07142857142856633,0.0,0.16650585693434072,0.3693640005934956,0.9999999999999948,0.0,0.0,0.0,0.0,0.0,0.9958054768897359,0.01975949163600583,0.9999999999999998,0.8888888866665693,0.16568474301863576,0.3495169214234273,0.9947145203371446,0.0,0.010937326691951724,0.03823433264692365,0.2653061224489417,0.0,0.9971556348159879,0.01009668744791038,0.9999999999999948,0.9285714285713622,0.008495219717554493,0.02472644714907181,0.15988106068330293,0.0,12.2,4.664761515876241,16,6,2.8,2.3151673805580453,6.0,0.0,1223.4,1252.0270923586277,3158,12,0.0,0.0,0.0,0.0,280.0,231.5167380558045,600.0,0.0,22.437335984139914,14.032688879128315,37.74047910158158,0.041800000000000004,1.4999968698248267e-06,0.009496399987256154,10.984158799998113,0.5085378999938257,11.502194599976065,255.45815949999087
365262088,341893848,167739021,98998899,280.0,231.5167380558045,600.0,0.0,-24.3773193359375,-0.64096415,0.1354606,-0.46464705,-0.8552532,-0.1460569143295288,0.6625642232602016,0.6977842450141907,-0.8408739566802979,10.771624565124512,304.3773047868033,-1.3250480890274048,0.23882457055950665,-1.025480031967163,-1.6924619674682617,0.0190581027418375,0.004988280343127006,0.026346256956458092,0.013427579775452614,1.015779399871826,0.00051366987900364,1.0163942575454712,1.0152702331542969,1.4345946073532105,0.0005056523995918245,1.4351998567581177,1.4340933561325073,4.857110023498535,14,280.0,263.81811916545837,600.0,0.0,-58.637359619140625,-4.7960634,0.014437716,-4.77561,-4.809572,-72.89247,7.615261,-57.668186,-76.953156,281.7659606933594,338.63736594598896,128.0,0.0,128,128,0.0003095171831844695,0.0034122887135071877,0.07669649888473704,0.0,2.0843595734745426,3.849114598772286,22.49861128968944,0.720338306457416,0.015907819155950055,0.010733985029689903,0.04938241121968383,0.0029112039138225417,0.6200420793009587,0.28990508021493205,0.9374414099118804,0.0,0.877656344448905,0.22408752688976963,1.114397281380257,0.01800202686870187,-122.09086792058751,260.52314349550403,93.59879365619958,-1345.5,6.839265887414294,27.254124480944277,188.19758731239915,-1.0,-326.5125,646.8672317166406,-1.0,-2690.0,133.86527734539928,270.94048711421624,1344.5,0.33449400781347277,0.0007976835711400561,0.00025921145259857805,0.0010976948408342481,0.0005202913631633715,1.0,0.0,1.0,1.0,0.0,0.0,0.0,0.0,0.02785098360908821,0.004615494934406397,0.0331132889769448,0.02280396149928317,0.8685351813927664,0.33535225685811276,0.999859609714668,0.0,0.0,0.0,0.0,0.0,0.00029492223502383967,0.00321596083023664,0.07142857142856633,0.0,0.13116989637178628,0.335452177199975,0.9999999999999948,0.0,0.0,0.0,0.0,0.0,0.9952229932690985,0.021792973983148126,0.9999999999999998,0.8888888866665693,0.13797154539894052,0.30881268318413024,0.9947145203371446,0.0,0.006882735582228174,0.027725204799675177,0.2653061224489417,0.0,0.9982226813927572,0.007312718361242039,0.9999999999999948,0.9285714285713622,0.005837984561750062,0.018129589494411867,0.15988106068330293,0.0,15.2,1.5999999999999999,16,12,2.8,2.6381811916545836,6.0,0.0,1357.0,1586.823367612161,3827,12,0.0,0.0,0.0,0.0,280.0,263.81811916545837,600.0,0.0,11.683424221060388,9.524551001056672,20.333395630106164,0.03424013183895499,1.5999976312741637e-06,0.009677599999122322,16.46997459999693,0.566429500002414,17.0460832999961,272.50780320000194
729416111,254447594,550367865,732412360,223.03378273611588,165.1046101200573,438.2026964166952,0.0,-73.20916748046875,-0.7366354,0.24950273,-0.20166612,-0.92910147,-0.061573278779784836,0.5349101722009552,0.9665516018867493,-0.5921076536178589,60.50570297241211,296.2429525817346,-1.3491245408852894,0.7095601173842864,-0.9292428493499756,-2.9231204986572266,0.017665092057238024,0.0038938557870585324,0.020579930394887924,0.009531979449093342,1.0103630423545837,0.0002908641827979816,1.0107338428497314,1.0099893808364868,1.4292481938997905,0.00028787308641870993,1.4296151399612427,1.4288783073425293,4.856987476348877,15,223.03378273611588,165.1046101200573,438.2026964166952,0.0,-104.043212890625,-4.796244,0.024367562,-4.758883,-4.8344226,-76.73991,0.38988099,-76.14213,-77.35076,500.95782470703125,327.07700762500167,128.0,0.0,128,128,0.0002670402668753736,0.0031168511743418733,0.07669649888473704,0.0,2.461920281239832,4.464819199944257,22.49861128968944,0.720338306457416,0.015079430098133196,0.01040131324632606,0.04938241121968383,0.002777773919758445,0.6099948485241559,0.30608551460795386,0.9499525023748812,0.0,0.8862669497997836,0.21409083577499635,1.114397281380257,0.01800202686870187,-118.32488571271081,247.91250961579414,93.59879365619958,-1345.5,9.327231101791762,32.06598755314888,283.0,-1.0,-327.5364583333333,626.87544551659,-1.0,-2690.0,130.01563798956968,254.89719971141042,1344.5,0.24348557933784382,0.0007328469209166725,0.00027750874525469345,0.0010976948408342481,0.0004086636697997548,1.0,0.0,1.0,1.0,0.0,0.0,0.0,0.0,0.02657770307401629,0.005085129743960103,0.0331132889769448,0.020211300398656703,0.8526181185493705,0.352362306237915,0.9998646453703548,0.0,0.0,0.0,0.0,0.0,0.00025186172010122765,0.0029375019487570737,0.07142857142856633,0.0,0.14713001973012843,0.3524551933698209,0.9999999999999948,0.0,0.0,0.0,0.0,0.0,0.9952832033863733,0.021416993800554174,0.9999999999999998,0.8888888866665693,0.15151214294152893,0.32766608982175577,0.9947145203371446,0.0,0.006005070452037869,0.02540358528900789,0.2653061224489417,0.0,0.9984514518826947,0.006699440471011398,0.9999999999999948,0.9285714285713622,0.0052117335045734625,0.01664689852072418,0.15988106068330293,0.0,16.0,0.0,16,16,2.5,2.0615528128088303,6.0,0.0,972.1666666666666,875.3775217330838,2440,13,0.0,0.0,0.0,0.0,223.03378273611588,165.1046101200573,438.2026964166952,0.0,15.592523329578874,12.776265977718857,37.151160000000004,0.03424013183895499,2.1000014385208488e-06,0.00951350000104867,14.34242760000052,0.7094844999955967,15.061427699998603,287.572511499995
422396446,399713351,734901635,737248710,223.03378273611588,165.1046101200573,438.2026964166952,0.0,-73.20916748046875,-0.7366354,0.24950273,-0.20166612,-0.92910147,-0.061573278779784836,0.5349101722009552,0.9665516018867493,-0.5921076536178589,60.50570297241211,296.2429525817346,-1.3491245408852894,0.7095601173842864,-0.9292428493499756,-2.9231204986572266,0.017665092057238024,0.0038938557870585324,0.020579930394887924,0.009531979449093342,1.0103630423545837,0.0002908641827979816,1.0107338428497314,1.0099893808364868,1.4292481938997905,0.00028787308641870993,1.4296151399612427,1.4288783073425293,4.851504325866699,16,476.8008474576271,470.05277165507755,1614.406779661017,100.0,134.75148010253906,-4.7955055,0.033090983,-4.745511,-4.847985,-76.72809,0.5294557,-75.92818,-77.56776,-636.405517578125,342.0493916082642,128.0,0.0,128,128,0.0003419341522067692,0.004347841262405405,0.07669649888473704,0.0,3.3651910536428122,5.50163634716955,22.49861128968944,0.9934445512079338,0.01117823073600559,0.008651225225328433,0.041558333614717884,0.002777773919758445,0.5762640745940314,0.3372967910155759,0.9499525023748812,0.0,0.8636750902913005,0.25025509737253265,1.1071123296147096,0.01800202686870187,-122.8313560622079,187.95165784526966,93.59879365619958,-585.5,16.150851438796224,41.81077649139031,283.0,-1.0,-356.935546875,522.8694676693168,-1.0,-2379.0,132.11603463624692,176.0942586589099,714.082628272107,0.24348557933784382,0.0005654887598551413,0.00015113170801633655,0.0007524454477050414,0.0004086636697997548,1.0,0.0,1.0,1.0,0.0,0.0,0.0,0.0,0.023562884434186467,0.0031522402614052236,0.0274204170929851,0.020211300398656703,0.811898930270672,0.3876429649994481,0.9998646453703548,0.0,0.0,0.0,0.0,0.0,0.00031431324817042706,0.0040678148983414155,0.07142857142856633,0.0,0.18778675648087614,0.3877738193469591,0.9999999999999948,0.0,0.0,0.0,0.0,0.0,0.9954365683701893,0.020513057877510576,0.9999999999999998,0.8888888866668218,0.1776520350019304,0.36985177315316775,0.9947145203371446,0.0,0.00980795592869976,0.0370350730213638,0.2653061224489417,0.0,0.997445805270663,0.009781709266049932,0.9999999999999948,0.9285714285713622,0.007555155602147002,0.02392024462401876,0.15988106068330293,0.0,16.0,0.0,16,16,4.875,4.960783708246107,17.0,1.0,3303.0,5468.619524157811,17590,295,0.0,0.0,0.0,0.0,476.8008474576271,470.05277165507755,1614.406779661017,100.0,25.82962640486396,8.8522426384238,37.73872,18.582300000000004,1.2999953469261527e-06,0.008903200010536239,24.61227470000449,0.7940896000072826,25.415268800017657,312.991076300008
892878741,694873649,142443833,848474627,317.0805116629044,248.2423360183113,700.0,100.0,18.753795623779297,-0.7744858,0.15496126,-0.48686552,-0.92267287,-0.4176929332315922,0.4101098049500198,0.1475551575422287,-0.9935787320137024,13.441874504089355,298.32670848985157,-1.762031614780426,1.4860551756755151,-0.9230553507804871,-5.044431209564209,0.00991214175398151,0.003848462380111467,0.013961207121610641,0.004694079980254173,1.0029006997744243,0.000576051080378533,1.0035713911056519,1.0021450519561768,1.4218348662058513,0.0005744189418764649,1.4225035905838013,1.421081304550171,4.856975078582764,17,317.0805116629044,248.2423360183113,700.0,100.0,-22.471975326538086,-4.781405,0.057818566,-4.6679506,-4.855709,-56.75062,27.834871,-4.6679506,-76.97119,101.34559631347656,339.5525036137282,128.0,0.0,128,128,0.0003598189159659682,0.00417647457683077,0.07669649888473704,0.0,2.995322634420224,5.136437493131969,22.49861128968944,0.720338306457416,0.01342444332832342,0.010033830883073415,0.04938241121968383,0.002777773919758445,0.5881536744694761,0.321929169217126,0.9499525023748812,0.0,0.8595507497634863,0.2470979716816676,1.114397281380257,0.01800202686870187,-127.50127901849982,222.109669994406,93.59879365619958,-1345.5,13.90856805084943,39.216839714739514,283.0,-1.0,-359.0807291666667,575.0304101953813,-1.0,-2690.0,138.40264032196978,219.7940598557661,1344.5,0.24348557933784382,0.0006567007398345353,0.00024305767132982197,0.0010976948408342481,0.0004086636697997548,1.0,0.0,1.0,1.0,0.0,0.0,0.0,0.0,0.025196780909918597,0.004618726958676566,0.0331132889769448,0.020211300398656703,0.8309096459008983,0.3717080236176083,0.9998646453703548,0.0,0.0,0.0,0.0,0.0,0.0003348232833152631,0.003915505226688495,0.07142857142856633,0.0,0.16875553081546613,0.3718393468185352,0.9999999999999948,0.0,0.0,0.0,0.0,0.0,0.9955519390073798,0.020436861912968455,0.9999999999999998,0.8888888866665693,0.1661306903271239,0.3513355463018253,0.9947145203371446,0.0,0.009327805710889273,0.035093601756406446,0.2653061224489417,0.0,0.9975763125675563,0.009266161213316873,0.9999999999999948,0.9285714285713622,0.007360993459173405,0.022725714404764542,0.15988106068330293,0.0,11.833333333333334,5.814254514170803,16,1,3.3333333333333335,2.6874192494328497,7.0,1.0,1444.1666666666667,1438.489649675041,3904,31,0.0,0.0,0.0,0.0,317.0805116629044,248.2423360183113,700.0,100.0,22.799360064348765,13.76913684591956,41.9744474026168,0.03424013183895499,2.0000006770715117e-06,0.009517300000879914,14.07405569999537,0.6515500999958022,14.735125099992729,327.7297635999712
824105924,170208024,281387505,610401323,317.0805116629044,248.2423360183113,700.0,100.0,18.753795623779297,-0.7744858,0.15496126,-0.48686552,-0.92267287,-0.4176929332315922,0.4101098049500198,0.1475551575422287,-0.9935787320137024,13.441874504089355,298.32670848985157,-1.762031614780426,1.4860551756755151,-0.9230553507804871,-5.044431209564209,0.00991214175398151,0.003848462380111467,0.013961207121610641,0.004694079980254173,1.0029006997744243,0.000576051080378533,1.0035713911056519,1.0021450519561768,1.4218348662058513,0.0005744189418764649,1.4225035905838013,1.421081304550171,4.851683139801025,18,100.0,81.64965809277261,200.0,0.0,-215.59725952148438,-4.803717,0.018991543,-4.7866297,-4.843294,-76.859474,0.3038647,-76.586075,-77.49271,1036.869384765625,315.5972532523554,128.0,0.0,128,128,0.0006251135024504141,0.005837371359893324,0.07669649888473704,0.0,2.447990079443116,4.365385862199529,22.49861128968944,0.720338306457416,0.013979091161299936,0.011025865883959917,0.04938241121968383,0.0029112039138225417,0.5925228783192459,0.29309521273103306,0.9374414099118804,0.0,0.7952271318788281,0.29929840971561084,1.114397281380257,0.01800202686870187,-152.2897441191408,231.56991912152736,93.59879365619958,-1345.5,11.723799935001429,36.469167088265415,188.19758731239915,-1.0,-397.7265625,574.3309860019165,-1.0,-2690.0,162.4174412846018,231.03266885893203,1344.5,0.33449400781347277,0.0007712946658029641,0.00016880013047390692,0.0010976948408342481,0.0005202913631633715,1.0,0.0,1.0,1.0,0.0,0.0,0.0,0.0,0.027599819808028062,0.002986841713549949,0.0331132889769448,0.02280396149928317,0.8550218918475881,0.3461048090576658,0.999859609714668,0.0,0.0,0.0,0.0,0.0,0.0005889737506760173,0.005466968933366733,0.07142857142856633,0.0,0.1443891344014424,0.34630728226002,0.9999999999999948,0.0,0.0,0.0,0.0,0.0,0.995709552777805,0.020423549796886577,0.9999999999999998,0.8888888866665693,0.14048676169928923,0.32535272140159766,0.9947145203371446,0.0,0.016683669823325493,0.04835940259629126,0.2653061224489417,0.0,0.9956468918475796,0.012776585839302947,0.9999999999999948,0.9285714285713622,0.012314176922561993,0.031130267257624557,0.15988106068330293,0.0,16.0,0.0,16,16,1.0,0.816496580927726,2.0,0.0,308.1666666666667,143.14260566147158,456,31,0.0,0.0,0.0,0.0,100.0,81.64965809277261,200.0,0.0,15.168601490266497,6.80738219132675,18.630562500000003,0.03424013183895499,1.7999991541728377e-06,0.010230200001387857,7.791048099999898,0.5085968999919714,8.309876999992412,336.04295149995596
801015372,143084570,363464500,698099024,289.17556557506725,240.44449359759747,800.0,0.0,-8.23602294921875,-0.6472406,0.23653163,-0.29753304,-0.90902257,-0.0849839299917221,0.6358141775273244,0.8584558367729187,-0.9554985761642456,46.2100944519043,297.4115941983731,-1.4429123401641846,0.6125018844586512,-0.9210240840911865,-2.7391104698181152,0.009153831617108412,0.0010247987786315643,0.010475839488208294,0.008268133737146854,0.9943817939077105,0.00041469400270349407,0.9949142336845398,0.994023323059082,1.413304431097848,0.0004170081276216714,1.4138398170471191,1.412943959236145,4.856940746307373,19,289.17556557506725,240.44449359759747,800.0,0.0,-23.779516220092773,-4.7961545,0.025641061,-4.739677,-4.826036,-73.29131,8.256512,-53.086395,-77.05018,110.08183288574219,312.9550844846266,128.0,0.0,128,128,0.00012938932840018624,0.0010657549379691636,0.016126934718260072,0.0,3.1769111058190664,5.403172737193617,22.49861128968944,0.720338306457416,0.014469007634212282,0.009734415379607729,0.04938241121968383,0.002777773919758445,0.5943228673920247,0.33400767595237796,0.9499525023748812,0.0,0.9161451133681988,0.1639537469934191,1.114397281380257,0.11520204147878298,-107.61163729214736,233.38313491206364,88.5,-1345.5,13.84544493574131,38.97845736205812,283.0,-1.0,-322.6752232142857,608.6946316213757,-1.0,-2690.0,120.21272812692679,235.3617301117672,1344.5,0.24348557933784382,0.0006214765320044122,0.0003035418189597703,0.0010976948408342481,0.0004086636697997548,1.0,0.0,1.0,1.0,0.0,0.0,0.0,0.0,0.024267963006828513,0.0056625200033135125,0.0331132889769448,0.020211300398656703,0.8242064829707897,0.37989699073800165,0.9998646453703548,0.0,0.0,0.0,0.0,0.0,0.00011684839377251793,0.0010486659777779407,0.01587301587301562,0.0,0.17567666863506107,0.37994950572276454,0.9999999999999944,0.0,0.0,0.0,0.0,0.0,0.995444376765266,0.020546988887884785,0.9999999999999998,0.8888888866665693,0.17943921113886496,0.3574835221862077,0.9944134078212236,0.0,0.0022737313102163177,0.0049176802574016,0.062484252960441446,0.0,0.9994296972564951,0.0012428476797394126,0.9999999999999944,0.9841269841269685,0.002697420701055426,0.004507091126678958,0.05064526585376031,0.0,15.285714285714286,1.7496355305594127,16,11,3.142857142857143,2.3560603574958066,8.0,0.0,1130.5714285714287,976.3845637485931,2951,31,0.0,0.0,0.0,0.0,289.17556557506725,240.44449359759747,800.0,0.0,24.921978152915898,16.98493150092741,42.44904,0.03424013183895499,2.0000006770715117e-06,0.007052599990856834,18.709027299992158,0.8792040999978781,19.59528599998157,355.6413331999356
78547565,146764659,619817,532704722,289.17556557506725,240.44449359759747,800.0,0.0,-8.23602294921875,-0.6472406,0.23653163,-0.29753304,-0.90902257,-0.0849839299917221,0.6358141775273244,0.8584558367729187,-0.9554985761642456,46.2100944519043,297.4115941983731,-1.4429123401641846,0.6125018844586512,-0.9210240840911865,-2.7391104698181152,0.009153831617108412,0.0010247987786315643,0.010475839488208294,0.008268133737146854,0.9943817939077105,0.00041469400270349407,0.9949142336845398,0.994023323059082,1.413304431097848,0.0004170081276216714,1.4138398170471191,1.412943959236145,4.849308490753174,20,138.96174863387978,225.75902742387967,633.7704918032787,0.0,-156.593994140625,-4.7959166,0.030758409,-4.7331543,-4.825867,-76.734665,0.49213454,-75.73047,-77.213875,752.4658203125,295.55575089955187,128.0,0.0,128,128,0.0003765854029603006,0.00331258089822244,0.07669649888473704,0.0,1.8312060654331894,3.4997660139040923,22.49861128968944,0.720338306457416,0.019966005831107563,0.010804543012858953,0.04938241121968383,0.002777773919758445,0.6271396654888884,0.26752299219635234,0.9499525023748812,0.0,0.8574579083680808,0.2280004282730171,1.114397281380257,0.01800202686870187,-136.89560913334864,301.01275854233523,93.59879365619958,-1345.5,6.402033366638758,27.291184561933566,283.0,-1.0,-354.2864583333333,710.2398609829803,-1.0,-2690.0,152.37125470643068,315.78588230780014,1344.5,0.24348557933784382,0.0009253147468069647,0.0002632083196545151,0.0010976948408342481,0.0004086636697997548,1.0,0.0,1.0,1.0,0.0,0.0,0.0,0.0,0.030014145566570172,0.004851837457655336,0.0331132889769448,0.020211300398656703,0.8888410451309925,0.31155687272692956,0.9998646453703548,0.0,0.0,0.0,0.0,0.0,0.00036186285596348077,0.0031392732193415147,0.07142857142856633,0.0,0.11079709201259356,0.31166969825546803,0.9999999999999948,0.0,0.0,0.0,0.0,0.0,0.9957700154995521,0.02056598800410417,0.9999999999999998,0.8888888866665693,0.13053425539910843,0.2844641200917652,0.9947145203371446,0.0,0.0069398267104441675,0.02569219598084115,0.2653061224489417,0.0,0.9982160451309846,0.0067687292736184615,0.9999999999999948,0.9285714285713622,0.006126807759710501,0.016970792981604057,0.15988106068330293,0.0,16.0,0.0,16,16,1.5,2.5,7.0,0.0,493.6666666666667,920.8759718635052,2540,23,0.0,0.0,0.0,0.0,138.96174863387978,225.75902742387967,633.7704918032787,0.0,9.327871248875708,14.201525541771215,37.240407097737375,0.03424013183895499,1.5999976312741637e-06,0.009906899998895824,10.265338299999712,0.5073193999996874,10.782566199995927,366.42749769994407
1025900559,689925184,1065863364,208285721,278.49478221477443,164.31872856174178,527.5077559462254,0.0,-17.025146484375,-0.7195864,0.1842008,-0.37476957,-0.90317947,-0.2257979746375765,0.5042401946624173,0.39556682109832764,-0.8900295495986938,-3.7702572345733643,295.5199130000133,-1.2013377291815621,0.3509740404143806,-0.9060145616531372,-1.9457157850265503,0.004176366275974682,0.002321566073908251,0.005691226571798325,-0.0012853648513555527,0.9854382531983512,0.0008356756039448436,0.9859886169433594,0.9835310578346252,1.4042693376541138,0.0008485900983007357,1.4048280715942383,1.4023324251174927,4.852236747741699,21,278.49478221477443,164.31872856174178,527.5077559462254,0.0,-15.354859352111816,-4.797718,0.028306207,-4.744741,-4.83822,-76.07869,1.7630963,-71.9044,-77.41152,76.29166412353516,293.8496540310741,128.0,0.0,128,128,0.00018975169690390778,0.00279019800084778,0.07669649888473704,0.0,3.0019125935607422,5.130418408255332,22.49861128968944,0.720338306457416,0.012393476885560707,0.00903118181260303,0.04938241121968383,0.002777773919758445,0.5954704764129827,0.3311304084678936,0.9499525023748812,0.0,0.9047641142354266,0.19829235060325345,1.114397281380257,0.01800202686870187,-107.67601695538268,210.04158948870824,93.59879365619958,-1345.5,12.358005284269812,36.555498415737034,283.0,-1.0,-316.80357142857144,571.4800347919569,-1.0,-2690.0,117.68491699960815,208.9925090777996,1344.5,0.24348557933784382,0.0006040488168041306,0.00022775444219110802,0.0010976948408342481,0.0004086636697997548,1.0,0.0,1.0,1.0,0.0,0.0,0.0,0.0,0.024195455909298974,0.004267550009815897,0.0331132889769448,0.020211300398656703,0.8257246765548213,0.37770232438027107,0.9998646453703548,0.0,0.0,0.0,0.0,0.0,0.00017396086550125342,0.002620484811953043,0.07142857142856633,0.0,0.17410136257931638,0.37777337985398396,0.9999999999999948,0.0,0.0,0.0,0.0,0.0,0.9951175768502075,0.021500315876253718,0.9999999999999998,0.8888888866665693,0.17017452156155802,0.3558119844833679,0.9947145203371446,0.0,0.004977556962584951,0.023429429595447627,0.2653061224489417,0.0,0.9987157479833831,0.0061817046490092,0.9999999999999948,0.9285714285713622,0.004372236640102876,0.01530615476778631,0.15988106068330293,0.0,15.857142857142858,0.34992710611188255,16,15,3.142857142857143,2.099562636671296,7.0,0.0,1287.0,1377.8966372181706,4483,30,0.0,0.0,0.0,0.0,278.49478221477443,164.31872856174178,527.5077559462254,0.0,21.874769362435075,11.864875028040966,37.73872,0.03736528251608081,1.3999961083754897e-06,0.0063402999949175864,16.407691200001864,0.8760574000043562,17.290090299997246,383.7206581999344
130755951,842391266,168703447,954017671,278.49478221477443,164.31872856174178,527.5077559462254,0.0,-17.025146484375,-0.7195864,0.1842008,-0.37476957,-0.90317947,-0.2257979746375765,0.5042401946624173,0.39556682109832764,-0.8900295495986938,-3.7702572345733643,295.5199130000133,-1.2013377291815621,0.3509740404143806,-0.9060145616531372,-1.9457157850265503,0.004176366275974682,0.002321566073908251,0.005691226571798325,-0.0012853648513555527,0.9854382531983512,0.0008356756039448436,0.9859886169433594,0.9835310578346252,1.4042693376541138,0.0008485900983007357,1.4048280715942383,1.4023324251174927,4.851909637451172,22,273.52099954839684,246.98877063340504,714.6469968387777,0.0,-18.295806884765625,-4.7629733,0.044608302,-4.689669,-4.8466835,-50.366512,30.970867,-4.689669,-76.638565,87.67999267578125,291.8167885828064,128.0,0.0,128,128,0.00042992184865414863,0.0047031792839433454,0.07669649888473704,0.0,2.9542374230937574,5.075047378276854,22.49861128968944,0.720338306457416,0.013306869753988421,0.010185412678547367,0.04938241121968383,0.002777773919758445,0.5859697647151868,0.3181052409156389,0.9499525023748812,0.0,0.8419505173544456,0.2642325084630359,1.114397281380257,0.01800202686870187,-134.1240062980356,220.44415772131262,93.59879365619958,-1345.5,14.094880161604525,39.5500482394598,283.0,-1.0,-371.86830357142856,567.0980861830512,-1.0,-2690.0,144.7468122900195,216.9976399228772,1344.5,0.24348557933784382,0.0006703785552446076,0.00022750813492460916,0.0010976948408342481,0.0004086636697997548,1.0,0.0,1.0,1.0,0.0,0.0,0.0,0.0,0.025514443221785237,0.0043463289070336366,0.0331132889769448,0.020211300398656703,0.8329753453682643,0.3691649152934232,0.9998646453703548,0.0,0.0,0.0,0.0,0.0,0.00040113574963742977,0.004406401327563869,0.07142857142856633,0.0,0.16662351888179502,0.36931960357998866,0.9999999999999948,0.0,0.0,0.0,0.0,0.0,0.9956241041897574,0.020289855512938014,0.9999999999999998,0.8888888866665693,0.16272392667624436,0.3493762453288107,0.9947145203371446,0.0,0.01137873877196152,0.039475905095794205,0.2653061224489417,0.0,0.9970378453682558,0.010425717164230413,0.9999999999999948,0.9285714285713622,0.008729427051985237,0.025502302824807765,0.15988106068330293,0.0,10.571428571428571,6.499607523472758,16,1,2.857142857142857,2.6954231805876008,8.0,0.0,1382.4285714285713,1822.3696392446884,5425,13,0.0,0.0,0.0,0.0,273.52099954839684,246.98877063340504,714.6469968387777,0.0,21.619251338155173,11.992062622022504,37.72855706965741,0.03424013183895499,1.4999968698248267e-06,0.009095500005059876,16.351360599990585,0.6370206999999937,16.99747829999251,400.7216651999479
443352346,315096729,849946216,941622294,295.70813222151344,203.4370652698689,521.0166177908113,0.0,0.1694074422121048,-0.51988083,0.14546594,-0.31474257,-0.718624,-0.2738339219774519,0.8050028872986853,0.9865214228630066,-0.9841409921646118,0.2456294596195221,295.5387349221633,-2.5035488435200284,1.2031725874851091,-1.1232259273529053,-4.166949272155762,-0.0022954714617558886,0.001779337169689758,-0.0014779269695281982,-0.006651466712355614,0.9804605415889195,0.0006336848097410049,0.9808332920074463,0.978919506072998,1.3992054121834892,0.0006467422518135258,1.3995857238769531,1.3976325988769531,4.8496198654174805,23,295.70813222151344,203.4370652698689,521.0166177908113,0.0,3.502197504043579,-4.8017535,0.036678255,-4.7459307,-4.868389,-69.87321,16.605217,-29.210335,-77.308014,-15.58538818359375,292.2059229466771,128.0,0.0,128,128,0.00024947440427530666,0.002886537111998835,0.07669649888473704,0.0,3.153073520585574,5.377791681194085,22.49861128968944,0.720338306457416,0.014925704068426138,0.010205970442920027,0.04938241121968383,0.002777773919758445,0.5895725115431266,0.3276348406630334,0.9499525023748812,0.0,0.8847383149277085,0.20935993108411366,1.114397281380257,0.01800202686870187,-120.83563196347382,238.5022915788334,93.59879365619958,-1345.5,14.713882374408668,40.39110980164809,283.0,-1.0,-350.2075892857143,607.0002219165068,-1.0,-2690.0,133.74367577213246,239.19631398930971,1344.5,0.24348557933784382,0.0006546414012246509,0.00030335705262363253,0.0010976948408342481,0.0004086636697997548,1.0,0.0,1.0,1.0,0.0,0.0,0.0,0.0,0.024927456663071643,0.005722125887269712,0.0331132889769448,0.020211300398656703,0.8278318173775112,0.3757096205327896,0.9998646453703548,0.0,0.0,0.0,0.0,0.0,0.00023043583584060615,0.0027203479490742104,0.07142857142856633,0.0,0.1719377467863004,0.3758051461317601,0.9999999999999948,0.0,0.0,0.0,0.0,0.0,0.9956976404350409,0.01991945503100815,0.9999999999999998,0.8888888866665693,0.17571391369620817,0.35441242948506235,0.9947145203371446,0.0,0.005474322214904602,0.02358896981254026,0.2653061224489417,0.0,0.9985907459489314,0.006219927653469344,0.9999999999999948,0.9285714285713622,0.004876015906996607,0.015504908166229445,0.15988106068330293,0.0,14.571428571428571,3.499271061118826,16,6,3.4285714285714284,2.4411439272335804,6.0,0.0,1193.7142857142858,992.6804570434126,2450,4,0.0,0.0,0.0,0.0,295.70813222151344,203.4370652698689,521.0166177908113,0.0,24.935759955107848,17.07761318249975,42.44904,0.03424000000000001,2.5000044843181968e-06,0.009819699989748187,16.52820509999583,0.7494910999957938,17.287518399985856,418.01276799992775
681162505,413056707,187321319,658719870,295.70813222151344,203.4370652698689,521.0166177908113,0.0,0.1694074422121048,-0.51988083,0.14546594,-0.31474257,-0.718624,-0.2738339219774519,0.8050028872986853,0.9865214228630066,-0.9841409921646118,0.2456294596195221,295.5387349221633,-2.5035488435200284,1.2031725874851091,-1.1232259273529053,-4.166949272155762,-0.0022954714617558886,0.001779337169689758,-0.0014779269695281982,-0.006651466712355614,0.9804605415889195,0.0006336848097410049,0.9808332920074463,0.978919506072998,1.3992054121834892,0.0006467422518135258,1.3995857238769531,1.3976325988769531,4.856970310211182,24,143.07999999999998,191.45638041078703,515.4,0.0,-134.2133331298828,-4.7760777,0.023361001,-4.753719,-4.811921,-68.79573,13.120004,-42.881996,-76.99074,642.09765625,277.2933306520094,128.0,0.0,128,128,0.0004776362894096381,0.004652938967337719,0.07669649888473704,0.0,2.050986954147653,3.7893742499740117,22.49861128968944,0.720338306457416,0.016547194163849456,0.011243929033286328,0.04938241121968383,0.0029112039138225417,0.6133915811125016,0.28012721305741173,0.9374414099118804,0.0,0.8336868266322185,0.26459256829919636,1.114397281380257,0.01800202686870187,-140.60446046044456,265.74456021264393,93.59879365619958,-1345.5,8.055078301548594,30.271630532508386,188.19758731239915,-1.0,-365.0578125,644.0753532935528,-1.0,-2690.0,152.80860404868722,274.47512704689353,1344.5,0.33449400781347277,0.0008441143880483901,0.00022372922596888847,0.0010976948408342481,0.0005202913631633715,1.0,0.0,1.0,1.0,0.0,0.0,0.0,0.0,0.0287742747278286,0.003923380948770064,0.0331132889769448,0.02280396149928317,0.8736106495621765,0.3279850481670717,0.999859609714668,0.0,0.0,0.0,0.0,0.0,0.00045394465391916325,0.004370282954141517,0.07142857142856633,0.0,0.12593540578352128,0.32813019890107153,0.9999999999999948,0.0,0.0,0.0,0.0,0.0,0.9955775624067833,0.02096432917293878,0.9999999999999998,0.8888888866665693,0.13275612897922096,0.3030909790297514,0.9947145203371446,0.0,0.01136356284879177,0.03829888306390376,0.2653061224489417,0.0,0.997048149562168,0.01011169146305194,0.9999999999999948,0.9285714285713622,0.008888017850067716,0.024798993547806524,0.15988106068330293,0.0,14.4,2.727636339397171,16,9,1.6,2.244994432064365,6.0,0.0,973.6,1672.2541194447692,4310,4,0.0,0.0,0.0,0.0,143.07999999999998,191.45638041078703,515.4,0.0,11.222347952367583,9.1325746593972,18.871099483510854,0.03424013183895499,1.3999961083754897e-06,0.009207200011587702,12.056429699994624,0.4731652999907965,12.538803599993116,430.5547459999507
162243863,513207677,558468452,106512539,233.33333333333334,188.56180831641268,500.0,100.0,-55.98487091064453,-0.59553325,0.2361434,-0.33920002,-0.86504453,-0.3111710374553998,0.6144986263901623,0.9398449659347534,-0.9152523875236511,32.102291107177734,289.3181947632803,-1.5594979226589203,0.6277247369990188,-0.9266802072525024,-2.4874138832092285,-0.007271202281117439,0.002369178544839468,-0.004209345206618309,-0.009595545008778572,0.9754888415336609,0.000758902986792822,0.9764601588249207,0.9747689366340637,1.3941216667493184,0.000777862206937223,1.395117163658142,1.3933837413787842,4.851916790008545,25,233.33333333333334,188.56180831641268,500.0,100.0,-39.56400680541992,-4.7859936,0.019932842,-4.7545133,-4.817867,-76.5759,0.31892547,-76.07221,-77.08587,191.06398010253906,272.89733092014177,128.0,0.0,128,128,0.000492466209208191,0.005077057951856842,0.07669649888473704,0.0,2.72165635693167,4.774377986168054,22.49861128968944,0.720338306457416,0.01370176724481168,0.010545171828626165,0.04938241121968383,0.002777773919758445,0.5903382763943611,0.3078577095752345,0.9499525023748812,0.0,0.8273889408211573,0.27632020336592616,1.114397281380257,0.01800202686870187,-139.89551156882033,227.2273827556854,93.59879365619958,-1345.5,12.81618399292543,37.8836856125655,283.0,-1.0,-378.4036458333333,575.0055670810569,-1.0,-2690.0,150.4100408032858,225.802876598814,1344.5,0.24348557933784382,0.0007139977028187498,0.0002169520679490203,0.0010976948408342481,0.0004086636697997548,1.0,0.0,1.0,1.0,0.0,0.0,0.0,0.0,0.026398300358973333,0.004070697735863058,0.0331132889769448,0.020211300398656703,0.8429657688742432,0.3593369545961343,0.9998646453703548,0.0,0.0,0.0,0.0,0.0,0.00046189851699564023,0.004756638872599629,0.07142857142856633,0.0,0.15657233260845427,0.3595066718614961,0.9999999999999948,0.0,0.0,0.0,0.0,0.0,0.9956307458925924,0.020430358932309045,0.9999999999999998,0.8888888866665693,0.15330872601320658,0.3388361439961522,0.9947145203371446,0.0,0.013005737767107381,0.04241018198574341,0.2653061224489417,0.0,0.996611602207568,0.011201879786392822,0.9999999999999948,0.9285714285713622,0.0098375851908677,0.02736620770173543,0.15988106068330293,0.0,16.0,0.0,16,16,2.3333333333333335,1.8856180831641267,5.0,1.0,991.1666666666666,1152.7019586847052,3191,31,0.0,0.0,0.0,0.0,233.33333333333334,188.56180831641268,500.0,100.0,18.92260843103436,10.763279618204633,37.28736269454829,0.03424013183895499,2.5000044843181968e-06,0.010877599997911602,16.28399460000219,0.7238031000015326,17.018677800006117,447.57657379997545
83180453,359158073,768092755,716663974,233.33333333333334,188.56180831641268,500.0,100.0,-55.98487091064453,-0.59553325,0.2361434,-0.33920002,-0.86504453,-0.3111710374553998,0.6144986263901623,0.9398449659347534,-0.9152523875236511,32.102291107177734,289.3181947632803,-1.5594979226589203,0.6277247369990188,-0.9266802072525024,-2.4874138832092285,-0.007271202281117439,0.002369178544839468,-0.004209345206618309,-0.009595545008778572,0.9754888415336609,0.000758902986792822,0.9764601588249207,0.9747689366340637,1.3941216667493184,0.000777862206937223,1.395117163658142,1.3933837413787842,4.85190486907959,26,237.5,286.9560070812249,800.0,0.0,-31.85760498046875,-4.8068557,0.019970663,-4.777343,-4.830899,-69.66341,17.260511,-24.154493,-77.20285,156.6058349609375,269.3575978281276,128.0,0.0,128,128,0.0003489200459934553,0.0037489039787566747,0.07669649888473704,0.0,2.3077118058654276,4.2377881477868975,22.49861128968944,0.720338306457416,0.01589278617052276,0.010800030919681763,0.04938241121968383,0.002777773919758445,0.6112985806700401,0.2958723173872189,0.9499525023748812,0.0,0.8654650511734288,0.2355226776306597,1.114397281380257,0.01800202686870187,-127.6017827236742,257.69024849867105,93.59879365619958,-1345.5,8.941779623361281,31.63908232414059,283.0,-1.0,-343.7412109375,637.7039581982056,-1.0,-2690.0,139.75846659602465,265.60535535893035,1344.5,0.24348557933784382,0.0007809027267549156,0.00026858188818295215,0.0010976948408342481,0.0004086636697997548,1.0,0.0,1.0,1.0,0.0,0.0,0.0,0.0,0.027499990564253455,0.004896049470907477,0.0331132889769448,0.020211300398656703,0.8612174043173699,0.34282395029826107,0.9998646453703548,0.0,0.0,0.0,0.0,0.0,0.00033051034110729595,0.003527451740485408,0.07142857142856633,0.0,0.1384520853411284,0.34293924528518055,0.9999999999999948,0.0,0.0,0.0,0.0,0.0,0.995437625192175,0.021137858221354295,0.9999999999999998,0.8888888866665693,0.14459787083280545,0.31806131752257755,0.9947145203371446,0.0,0.007974903678927267,0.030756055585383073,0.2653061224489417,0.0,0.9979361543173613,0.008115436125754338,0.9999999999999948,0.9285714285713622,0.006580689321122012,0.02003496901047551,0.15988106068330293,0.0,14.5,3.605551275463989,16,5,2.375,2.8695600708122493,8.0,0.0,1399.375,2174.002756294251,6596,14,0.0,0.0,0.0,0.0,237.5,286.9560070812249,800.0,0.0,14.070735160302716,12.382752682674557,37.489402696670055,0.03424013183895499,1.8999999156221747e-06,0.00750129998777993,21.246185399999376,0.7822795000101905,22.035968099997262,469.61562719999347
908935816,689120544,66772386,210153226,275.0,227.76083947860747,700.0,0.0,-12.886383056640625,-0.67495537,0.16849223,-0.39509475,-0.88885915,0.5376903600990772,0.2977972450821898,0.8923661112785339,0.06588075309991837,-5.469673156738281,287.8863752869523,-1.2677102237939835,0.3482872968242966,-0.893207848072052,-1.9862816333770752,-0.006663456559181213,0.0019973164288812485,-0.004838667809963226,-0.009884024038910866,0.9725537598133087,0.0007753710594171811,0.9735838770866394,0.9716430306434631,1.3911082744598389,0.0007971968582509952,1.3921672105789185,1.390171766281128,4.856804847717285,27,275.0,227.76083947860747,700.0,0.0,5.078155517578125,-4.7839336,0.022342099,-4.765173,-4.838689,-66.98658,18.082918,-23.875929,-77.41902,-23.775270462036133,269.9218380453148,128.0,0.0,128,128,0.00031342959142067084,0.003685241177506135,0.07669649888473704,0.0,2.7286214578300276,4.819743750669318,22.49861128968944,0.720338306457416,0.014251936713228306,0.010252672091763164,0.04938241121968383,0.002777773919758445,0.599074261496816,0.3142970336224065,0.9499525023748812,0.0,0.872908849781635,0.231569828825152,1.114397281380257,0.01800202686870187,-122.9130823656053,235.40966529231167,93.59879365619958,-1345.5,11.617899576320596,35.89347015189998,283.0,-1.0,-343.30859375,601.7185045153152,-1.0,-2690.0,134.20913915576972,238.03065146390347,1344.5,0.24348557933784382,0.0006947738303756039,0.00026361644081108343,0.0010976948408342481,0.0004086636697997548,1.0,0.0,1.0,1.0,0.0,0.0,0.0,0.0,0.025887241991967444,0.00490635589023878,0.0331132889769448,0.020211300398656703,0.8417638822251344,0.3623269784127145,0.9998646453703548,0.0,0.0,0.0,0.0,0.0,0.0002933425017082454,0.0034614693548883236,0.07142857142856633,0.0,0.1579427752727973,0.3624382668404675,0.9999999999999948,0.0,0.0,0.0,0.0,0.0,0.9954175711968767,0.020933096494782075,0.9999999999999998,0.8888888866665693,0.15882141663432642,0.33978565558165746,0.9947145203371446,0.0,0.00766643808146357,0.03067917302155779,0.2653061224489417,0.0,0.9980138822251255,0.00809713469896154,0.9999999999999948,0.9285714285713622,0.006286363481873435,0.019948521057241746,0.15988106068330293,0.0,14.0,3.774917217635375,16,5,2.75,2.277608394786075,7.0,0.0,1053.625,1253.515649832502,3926,13,0.0,0.0,0.0,0.0,275.0,227.76083947860747,700.0,0.0,19.05433860709253,13.182078081187077,37.2662825,0.03424013183895499,1.6999983927235007e-06,0.010059899999760091,17.48602949999622,0.8123401000048034,18.308431199999177,487.9275583000126
1037548823,362448527,229190383,283090007,275.0,227.76083947860747,700.0,0.0,-12.886383056640625,-0.67495537,0.16849223,-0.39509475,-0.88885915,0.5376903600990772,0.2977972450821898,0.8923661112785339,0.06588075309991837,-5.469673156738281,287.8863752869523,-1.2677102237939835,0.3482872968242966,-0.893207848072052,-1.9862816333770752,-0.006663456559181213,0.0019973164288812485,-0.004838667809963226,-0.009884024038910866,0.9725537598133087,0.0007753710594171811,0.9735838770866394,0.9716430306434631,1.3911082744598389,0.0007971968582509952,1.3921672105789185,1.390171766281128,4.856752872467041,28,50.0,50.0,100.0,0.0,-197.92965698242188,-4.8077717,0.008315546,-4.7974935,-4.819779,-70.92748,10.48224,-52.772427,-77.11646,951.9680786132812,247.92965424078335,128.0,0.0,128,128,0.00046656935262993503,0.003930881280868869,0.07669649888473704,0.0,1.4137664920458457,2.4696630615773176,22.498611289689432,0.720338306457416,0.02119856742754799,0.01075549399612093,0.04938241121968383,0.0051947917018397355,0.6363815125668136,0.24313932345517014,0.9374414099118804,0.0,0.8364144714914454,0.2464821695912454,1.114397281380257,0.01800202686870187,-146.21852564722147,314.4575295342455,93.59879365619958,-1345.5,4.0717613690372145,21.794617838194124,188.19758731239915,-1.0,-364.236328125,730.9819519460739,-1.0,-2690.0,162.07450657392528,331.68395114652134,1344.5,0.33449400781347277,0.0010113824925519462,0.00014949737254552683,0.0010976948408342481,0.0007524454477050414,1.0,0.0,1.0,1.0,0.0,0.0,0.0,0.0,0.031690071005954876,0.002465085835999638,0.0331132889769448,0.0274204170929851,0.9078381213458221,0.2853453305367081,0.9998305371963896,0.0,0.0,0.0,0.0,0.0,0.0004501790324030364,0.0037153797168133058,0.07142857142856633,0.0,0.09171169962130839,0.2854658056282664,0.9999999999999948,0.0,0.0,0.0,0.0,0.0,0.9958227882723574,0.02070130372747002,0.9999999999999998,0.8888888866665693,0.11464090937446911,0.25700300263797976,0.9947145203371446,0.0,0.008984436470195688,0.030959609060878593,0.2653061224489417,0.0,0.9976818713458143,0.00816368885450846,0.9999999999999948,0.9285714285713622,0.007561320851723366,0.0202663174408605,0.15988106068330293,0.0,14.75,2.165063509461097,16,11,0.5,0.5,1.0,0.0,83.75,98.97316555511398,254,13,0.0,0.0,0.0,0.0,50.0,50.0,100.0,0.0,4.672036386548499,8.03109454306606,18.582300000000004,0.03424013183895499,1.5999976312741637e-06,0.009129199999733828,5.344265599997016,0.32050190000154544,5.673898299995926,493.60464719997253
318332697,489361351,630194419,887063900,386.77298311444656,315.6029569154702,900.0,0.0,88.99795532226562,-0.6298829,0.1723167,-0.3887272,-0.8633662,-0.02498965710401535,0.6833497034599577,0.8142316341400146,-0.9742612242698669,-51.76884078979492,297.7750360697017,-1.578551431496938,0.8337357489140925,-0.9203065633773804,-3.3682703971862793,-0.005350997671484947,0.0016644284002988285,-0.0038557201623916626,-0.008432410657405853,0.9715778827667236,0.0010019952036169162,0.9728734493255615,0.9706006646156311,1.3901041746139526,0.0010311389541426549,1.391437292098999,1.3890984058380127,4.852148056030273,29,386.77298311444656,315.6029569154702,900.0,0.0,124.9590072631836,-4.799025,0.03483023,-4.725415,-4.8296576,-73.56464,6.999223,-57.95589,-77.15231,-593.5269165039062,261.8139871281497,128.0,0.0,128,128,0.0002744922288207912,0.003116538702260149,0.07669649888473704,0.0,2.707776042622644,4.829201011501439,22.49861128968944,0.720338306457416,0.015334918688227771,0.010440459252452024,0.04938241121968383,0.002777773919758445,0.6022681647755567,0.3128291222657798,0.9499525023748812,0.0,0.8817874938948739,0.21564698141769786,1.114397281380257,0.01800202686870187,-121.3586469456045,247.91623898890745,93.59879365619958,-1345.5,11.432792171494343,35.72451312034202,283.0,-1.0,-340.3346354166667,624.0304844887157,-1.0,-2690.0,133.794343094327,252.90774294518505,1344.5,0.24348557933784382,0.0007142423053560698,0.00029436506444916794,0.0010976948408342481,0.0004086636697997548,1.0,0.0,1.0,1.0,0.0,0.0,0.0,0.0,0.02614559289057855,0.005482105881344312,0.0331132889769448,0.020211300398656703,0.8447915523838675,0.36000485430735973,0.9998646453703548,0.0,0.0,0.0,0.0,0.0,0.0002573051688336201,0.002937206722977344,0.07142857142856633,0.0,0.15495114244691952,0.3601035640812377,0.9999999999999948,0.0,0.0,0.0,0.0,0.0,0.9954998707825649,0.020722006200962515,0.9999999999999998,0.8888888866665693,0.15998792690567995,0.3366796585267716,0.9947145203371446,0.0,0.006061161117956089,0.025403898923076866,0.2653061224489417,0.0,0.9984373857171921,0.006699420836375772,0.9999999999999948,0.9285714285713622,0.005276836179810546,0.0166556405677185,0.15988106068330293,0.0,15.333333333333334,1.4907119849998596,16,12,4.0,3.265986323710904,9.0,0.0,1725.1666666666667,1851.2584383482376,4465,31,0.0,0.0,0.0,0.0,386.77298311444656,315.6029569154702,900.0,0.0,19.299194579783286,15.943791744152264,39.96677198254432,0.03424013183895499,1.300009898841381e-06,0.006331800002953969,16.016479999991134,0.8101575999899069,16.832970699993894,510.44063509997795
383564362,47154366,857955630,992203680,386.77298311444656,315.6029569154702,900.0,0.0,88.99795532226562,-0.6298829,0.1723167,-0.3887272,-0.8633662,-0.02498965710401535,0.6833497034599577,0.8142316341400146,-0.9742612242698669,-51.76884078979492,297.7750360697017,-1.578551431496938,0.8337357489140925,-0.9203065633773804,-3.3682703971862793,-0.005350997671484947,0.0016644284002988285,-0.0038557201623916626,-0.008432410657405853,0.9715778827667236,0.0010019952036169162,0.9728734493255615,0.9706006646156311,1.3901041746139526,0.0010311389541426549,1.391437292098999,1.3890984058380127,4.849883556365967,30,520.0,193.90719429665316,900.0,400.0,232.36741638183594,-4.7648535,0.053749964,-4.6928086,-4.827628,-59.29563,22.30338,-23.464043,-77.24205,-1113.2000732421875,287.6325884153347,128.0,0.0,128,128,1.888626799188952e-05,9.207053944346585e-05,0.0007145765259000703,0.0,3.1696161654287787,5.269722152432014,22.49861128968944,1.010809938970694,0.009711139576594908,0.0060458697942289445,0.027777739197584448,0.002777773919758445,0.5968467766334177,0.34771720982954823,0.9499525023748812,0.0,0.9508213648977435,0.1268423878468632,1.0548142744057427,0.16361343296583433,-84.93292075543752,167.8187802537857,88.5,-581.0,11.6603640391067,34.7461001169777,283.0,-1.0,-271.225,527.987286186893,-1.0,-2379.0,92.6296567075869,161.55691840446718,714.082628272107,0.24348557933784382,0.0004979658244906483,4.465107734544669e-05,0.0005202913631633715,0.0004086636697997548,1.0,0.0,1.0,1.0,0.0,0.0,0.0,0.0,0.02228542927915788,0.0010370644402505874,0.02280396149928317,0.020211300398656703,0.8106003219268061,0.39139565993688125,0.9998646453703548,0.0,0.0,0.0,0.0,0.0,1.0430591572683362e-05,4.5919285561223314e-05,0.00024950099800399194,0.0,0.18938924748124236,0.3914006812502576,0.9999999999999944,0.0,0.0,0.0,0.0,0.0,0.9945442504710289,0.02274292964468805,0.9999999999999998,0.8888888866668222,0.17853136762654595,0.3696341743073288,0.9944134078212236,0.0,0.0013475096046788812,0.001726853921218339,0.008911949621931743,0.0,0.9996628219267955,0.00043241485084741574,0.9999999999999944,0.9977670264228143,0.001767985377552463,0.0020167234377931474,0.010253260956108677,0.0,12.4,4.586937976471886,16,5,5.2,1.9390719429665317,9.0,4.0,2512.2,1499.2138473213217,5342,1182,0.0,0.0,0.0,0.0,520.0,193.90719429665316,900.0,400.0,22.960288993529268,7.304622721546553,37.5313556268801,18.9156170534804,3.9000005926936865e-06,0.012585399992531165,17.683952200008207,0.4664018000039505,18.16294330000528,528.6068409999862
439523032,143660183,704615095,858727745,506.96795476940923,332.5831312749914,906.5462753950338,0.0,188.2736053466797,-0.76451886,0.1394306,-0.5628357,-0.8838147,0.24899486154317857,0.4048243559216082,0.7571934461593628,-0.21719014644622803,-141.3756561279297,318.6943279396724,-1.0805967330932618,0.22093252426598234,-0.8980652689933777,-1.4146056175231934,-0.005930707231163979,0.0009734138620341239,-0.005323706194758415,-0.007873499765992165,0.9714410662651062,0.0008995641310378608,0.9729158282279968,0.9700745940208435,1.389963412284851,0.0009259215797521322,1.391480803489685,1.3885562419891357,4.8530120849609375,31,506.96795476940923,332.5831312749914,906.5462753950338,0.0,197.4018096923828,-4.7976227,0.017309552,-4.7688146,-4.817352,-76.76196,0.27695283,-76.30103,-77.07763,-947.0079345703125,309.56612505074213,128.0,0.0,128,128,8.461334964284575e-05,0.0008938884001548248,0.016126934718260072,0.0,2.7911876359447927,4.8774295780668115,22.49861128968944,0.720338306457416,0.01264308501637953,0.008882172045878848,0.04938241121968383,0.002777773919758445,0.6071336668122573,0.3285976806903516,0.9499525023748812,0.0,0.9335359400387218,0.1490284152232679,1.114397281380257,0.11520204147878298,-96.07535480782022,215.5896305341864,88.5,-1345.5,9.905245398014896,32.36485237739118,283.0,-1.0,-287.275,589.6020766160852,-1.0,-2690.0,106.04302673770349,219.25421814944482,1344.5,0.24348557933784382,0.0006134465200248236,0.00024595369552120805,0.0010976948408342481,0.0004086636697997548,1.0,0.0,1.0,1.0,0.0,0.0,0.0,0.0,0.024347294774690206,0.004496548379134327,0.0331132889769448,0.020211300398656703,0.8323340778757793,0.3729302479581481,0.9998646453703548,0.0,0.0,0.0,0.0,0.0,7.643127309003527e-05,0.0008789499797138662,0.01587301587301562,0.0,0.16758949085072142,0.37296353323488135,0.9999999999999944,0.0,0.0,0.0,0.0,0.0,0.9948363377389363,0.022277628833131637,0.9999999999999998,0.8888888866665693,0.16594463510109367,0.3486374464515419,0.9944134078212236,0.0,0.001908363359722661,0.0041550238673997795,0.062484252960441446,0.0,0.9995215778757693,0.0010499505522274495,0.9999999999999944,0.9841269841269685,0.0023170299306346856,0.0038187475408153434,0.05064526585376031,0.0,16.0,0.0,16,16,5.6,3.7202150475476548,10.0,0.0,2984.4,2492.7360550206677,6380,31,0.0,0.0,0.0,0.0,506.96795476940923,332.5831312749914,906.5462753950338,0.0,19.213459965328802,11.817913694367006,37.282870850383766,0.03424013183895499,1.400010660290718e-06,0.009090200008358806,17.985877999992226,0.5890641000005417,18.584033700011787,547.1939668999548
834942321,1043933005,705144579,174377856,506.96795476940923,332.5831312749914,906.5462753950338,0.0,188.2736053466797,-0.76451886,0.1394306,-0.5628357,-0.8838147,0.24899486154317857,0.4048243559216082,0.7571934461593628,-0.21719014644622803,-141.3756561279297,318.6943279396724,-1.0805967330932618,0.22093252426598234,-0.8980652689933777,-1.4146056175231934,-0.005930707231163979,0.0009734138620341239,-0.005323706194758415,-0.007873499765992165,0.9714410662651062,0.0008995641310378608,0.9729158282279968,0.9700745940208435,1.389963412284851,0.0009259215797521322,1.391480803489685,1.3885562419891357,4.853237628936768,32,420.0,248.19347291981714,700.0,0.0,99.39046478271484,-4.7949195,0.009728351,-4.7806764,-4.809213,-65.1766,22.970116,-19.236853,-76.81336,-477.9230651855469,320.60951254566794,128.0,0.0,128,128,9.355570397734688e-05,0.0008943983923339027,0.016126934718260072,0.0,3.0862145496041675,5.2577954808459175,22.49861128968944,0.720338306457416,0.012949671324493022,0.00901943795723312,0.04938241121968383,0.002777773919758445,0.5978616463139383,0.33603200810608574,0.9499525023748812,0.0,0.9281605929528297,0.1533470209487351,1.114397281380257,0.11520204147878298,-99.71586828729266,215.9650395202002,88.5,-1345.5,12.431918681657995,36.62123271795245,283.0,-1.0,-302.6328125,586.9901360847896,-1.0,-2690.0,110.57747286341221,216.9656266851944,1344.5,0.24348557933784382,0.0005911209813521002,0.000258159673773415,0.0010976948408342481,0.0004086636697997548,1.0,0.0,1.0,1.0,0.0,0.0,0.0,0.0,0.02382876255456491,0.004784870535187751,0.0331132889769448,0.020211300398656703,0.8229421984771758,0.3810700964424359,0.9998646453703548,0.0,0.0,0.0,0.0,0.0,8.296341156890626e-05,0.0008790657476977755,0.01587301587301562,0.0,0.17697483811087067,0.3811075623585097,0.9999999999999944,0.0,0.0,0.0,0.0,0.0,0.9950963386143659,0.021479537975734268,0.9999999999999998,0.8888888866665693,0.17611557585807489,0.3583615422159953,0.9944134078212236,0.0,0.001975672158824527,0.004223041448826899,0.062484252960441446,0.0,0.9995046984771662,0.0010668454174404633,0.9999999999999944,0.9841269841269685,0.0023951531409191866,0.003922175605529602,0.05064526585376031,0.0,13.6,4.8,16,4,4.2,2.4819347291981715,7.0,0.0,1822.0,1460.2318993913261,3843,50,0.0,0.0,0.0,0.0,420.0,248.19347291981714,700.0,0.0,22.557137578811794,13.847958662482208,37.2678423548421,0.037520000000000005,2.0000006770715117e-06,0.00955919999978505,19.76387049999903,0.5642071000038413,20.337638800003333,567.5351115999802
214548472,66508029,154173901,194758406,371.42857142857144,243.27694808466288,700.0,100.0,47.46083068847656,-0.7632679,0.05973388,-0.6879124,-0.86760193,-0.4670910792691367,0.12916153362799934,-0.21429941058158875,-0.6021809577941895,-42.273101806640625,323.96775228856234,-1.0402643765722002,0.07545475354655409,-0.9146130681037903,-1.1383030414581299,-0.010320161868418967,0.002137086142686591,-0.008286761119961739,-0.012782471254467964,0.9724154216902596,0.0005711980765593592,0.9729729890823364,0.9715412259101868,1.3909661769866943,0.0005875129010631517,1.3915395736694336,1.3900669813156128,4.853470325469971,33,371.42857142857144,243.27694808466288,700.0,100.0,45.73716735839844,-4.7837634,0.029323429,-4.743929,-4.8322344,-70.37228,15.02704,-33.581,-77.31575,-214.37399291992188,325.69141843395835,128.0,0.0,128,128,0.00038297393318917995,0.004646344229575184,0.07669649888473704,0.0,3.224543515582318,5.342331737824778,22.49861128968944,0.9934445512079338,0.01121262301128512,0.00883368930633096,0.041558333614717884,0.002777773919758445,0.5786219860160157,0.33187019527597716,0.9499525023748812,0.0,0.8542972493966042,0.260325924890923,1.1071123296147096,0.01800202686870187,-126.16512483204797,190.11559126642211,93.59879365619958,-585.5,15.348536333812955,40.84701562757248,283.0,-1.0,-360.40401785714283,523.838406433974,-1.0,-2379.0,135.16583369707908,179.36613275597475,714.082628272107,0.24348557933784382,0.0005878923441487681,0.00014862166365265961,0.0007524454477050414,0.0004086636697997548,1.0,0.0,1.0,1.0,0.0,0.0,0.0,0.0,0.024041682153547867,0.0030857993404190586,0.0274204170929851,0.020211300398656703,0.8174512339761406,0.3827272943102188,0.9998646453703548,0.0,0.0,0.0,0.0,0.0,0.0003539924056964642,0.00434713232799559,0.07142857142856633,0.0,0.18219477361788136,0.38287106121021586,0.9999999999999948,0.0,0.0,0.0,0.0,0.0,0.9954154704269665,0.02066367071929725,0.9999999999999998,0.8888888866668218,0.1717144499087103,0.36459072923635677,0.9947145203371446,0.0,0.010978128946930248,0.03944359971750536,0.2653061224489417,0.0,0.9971387339761316,0.010418586448999104,0.9999999999999948,0.9285714285713622,0.00833725237121222,0.025454809842035013,0.15988106068330293,0.0,14.714285714285714,3.1493439550069438,16,7,3.7142857142857144,2.4327694808466287,7.0,1.0,1558.5714285714287,1204.9797694973802,3456,244,0.0,0.0,0.0,0.0,371.42857142857144,243.27694808466288,700.0,100.0,24.4995895070536,9.076879900684501,40.32834241816689,18.582300000000004,1.4999968698248267e-06,0.008969300004537217,21.200453199999174,0.7653545000066515,21.974778500007233,589.5134512999939
703492660,601149909,63948230,182121986,371.42857142857144,243.27694808466288,700.0,100.0,47.46083068847656,-0.7632679,0.05973388,-0.6879124,-0.86760193,-0.4670910792691367,0.12916153362799934,-0.21429941058158875,-0.6021809577941895,-42.273101806640625,323.96775228856234,-1.0402643765722002,0.07545475354655409,-0.9146130681037903,-1.1383030414581299,-0.010320161868418967,0.002137086142686591,-0.008286761119961739,-0.012782471254467964,0.9724154216902596,0.0005711980765593592,0.9729729890823364,0.9715412259101868,1.3909661769866943,0.0005875129010631517,1.3915395736694336,1.3900669813156128,4.8540940284729,34,360.80357142857144,250.89641583647986,704.0178571428571,100.0,31.600940704345703,-4.7867794,0.028367769,-4.7472467,-4.8251724,-76.58847,0.4538843,-75.95595,-77.20276,-154.32957458496094,329.2026337334197,128.0,0.0,128,128,0.0003640668347767279,0.004489512099737163,0.07669649888473704,0.0,3.3978978404343736,5.538153812901715,22.49861128968944,0.9934445512079338,0.011296475900507202,0.008801643877044142,0.041558333614717884,0.002777773919758445,0.5742737597581845,0.33698370641477743,0.9499525023748812,0.0,0.8575069821784783,0.25539137995021116,1.1071123296147096,0.01800202686870187,-125.6006193146241,188.94076602163258,93.59879365619958,-585.5,16.6186621510184,42.43266958531886,283.0,-1.0,-363.6734375,521.6962609310455,-1.0,-2379.0,135.0507562398715,176.47356459659,714.082628272107,0.24348557933784382,0.0005685019196345929,0.00015562212761288208,0.0007524454477050414,0.0004086636697997548,1.0,0.0,1.0,1.0,0.0,0.0,0.0,0.0,0.023613479296513355,0.0032493233862601278,0.0274204170929851,0.020211300398656703,0.8113593788670228,0.3878933087294116,0.9998646453703548,0.0,0.0,0.0,0.0,0.0,0.0003350075678422014,0.004200397997941706,0.07142857142856633,0.0,0.18830561356486167,0.3880331261707671,0.9999999999999948,0.0,0.0,0.0,0.0,0.0,0.9955133896218287,0.020296594751913307,0.9999999999999998,0.8888888866668218,0.17827147554408806,0.3704726366321459,0.9947145203371446,0.0,0.010376472936907943,0.03817996660632698,0.2653061224489417,0.0,0.997296878867014,0.010084445181883965,0.9999999999999948,0.9285714285713622,0.007946175164472272,0.024650876904498454,0.15988106068330293,0.0,16.0,0.0,16,16,3.8,2.785677655436824,8.0,1.0,1889.2,1762.9312408599492,4493,278,0.0,0.0,0.0,0.0,360.80357142857144,250.89641583647986,704.0178571428571,100.0,26.457899705800696,8.795051119551864,37.24713602900348,18.582300000000004,2.1000014385208488e-06,0.008149099987349473,14.536470599996392,0.6148094000091078,15.159431199994287,604.6761184999923
835778124,127995867,371751061,571769547,214.28571428571428,216.65358411575858,600.0,0.0,-98.71383666992188,-0.7837409,0.13742018,-0.46716356,-0.8932041,0.07188413398606437,0.44075663694088413,0.8456601500511169,-0.46687576174736023,71.36610412597656,312.9995484882776,-1.0711276020322527,0.27096383488710246,-0.8998774290084839,-1.722921371459961,-0.013873454981616564,0.0019765192213835334,-0.010864702984690666,-0.015593243762850761,0.9765261837414333,0.0014154365510757458,0.9785760641098022,0.9748830795288086,1.3951837846211024,0.0014490158131133814,1.3972817659378052,1.393500804901123,4.85198974609375,35,214.28571428571428,216.65358411575858,600.0,0.0,-103.42522430419922,-4.787923,0.02903084,-4.7435026,-4.8297386,-73.156944,8.185768,-53.127125,-77.02604,499.6409606933594,317.71094178864917,128.0,0.0,128,128,0.0004768697641191174,0.004758872538804548,0.07669649888473704,0.0,2.6839313306051955,4.777611601968787,22.49861128968944,0.720338306457416,0.01540111649669172,0.010985420213409876,0.04938241121968383,0.002777773919758445,0.593317543414358,0.30353926003048465,0.9499525023748812,0.0,0.8296037853122872,0.2675129273563812,1.114397281380257,0.01800202686870187,-142.08288776402324,246.82104390824813,93.59879365619958,-1345.5,12.841223989396097,38.16792682622166,283.0,-1.0,-383.3325892857143,607.067494563657,-1.0,-2690.0,154.32779088295996,248.6365853666081,1344.5,0.24348557933784382,0.0007528647663404469,0.0002604295566270642,0.0010976948408342481,0.0004086636697997548,1.0,0.0,1.0,1.0,0.0,0.0,0.0,0.0,0.026987204290022614,0.004890904010371735,0.0331132889769448,0.020211300398656703,0.8484994567603881,0.3544055466385221,0.9998646453703548,0.0,0.0,0.0,0.0,0.0,0.0004482790935783955,0.00446438583147257,0.07142857142856633,0.0,0.1510522641457086,0.3545684161295403,0.9999999999999948,0.0,0.0,0.0,0.0,0.0,0.9958327379525483,0.01990683625748469,0.9999999999999998,0.8888888866665693,0.15373340344377842,0.33322584344409617,0.9947145203371446,0.0,0.011779348596992792,0.03950412169794046,0.2653061224489417,0.0,0.99693695676038,0.010431867338084364,0.9999999999999948,0.9285714285713622,0.009121601732758253,0.025543687139521473,0.15988106068330293,0.0,15.285714285714286,1.7496355305594127,16,11,2.142857142857143,2.166535841157586,6.0,0.0,736.1428571428571,866.3165750251262,2230,23,0.0,0.0,0.0,0.0,214.28571428571428,216.65358411575858,600.0,0.0,18.60459836448329,14.050588504296442,37.28644527988309,0.03424013183895499,1.400010660290718e-06,0.008835200002067722,12.219308699990506,0.7754793999920366,13.003624699995271,617.6830223999714
658856199,175183949,590449352,850318411,214.28571428571428,216.65358411575858,600.0,0.0,-98.71383666992188,-0.7837409,0.13742018,-0.46716356,-0.8932041,0.07188413398606437,0.44075663694088413,0.8456601500511169,-0.46687576174736023,71.36610412597656,312.9995484882776,-1.0711276020322527,0.27096383488710246,-0.8998774290084839,-1.722921371459961,-0.013873454981616564,0.0019765192213835334,-0.010864702984690666,-0.015593243762850761,0.9765261837414333,0.0014154365510757458,0.9785760641098022,0.9748830795288086,1.3951837846211024,0.0014490158131133814,1.3972817659378052,1.393500804901123,4.8546929359436035,36,329.4731846226863,270.9663038492853,800.0,0.0,10.586008071899414,-4.7944016,0.024470922,-4.7456784,-4.821326,-76.71043,0.39153475,-75.930855,-77.14121,-45.204078674316406,318.8871660720529,128.0,0.0,128,128,0.00023669961236887646,0.002886992955234274,0.07669649888473704,0.0,2.7316065010721813,4.839052959965667,22.49861128968944,0.720338306457416,0.014487723628264004,0.010115572689877665,0.04938241121968383,0.002777773919758445,0.6028182551121538,0.3169430031407721,0.9499525023748812,0.0,0.8924173821932682,0.20643470972795,1.114397281380257,0.01800202686870187,-115.63489842137031,238.46061138440703,93.59879365619958,-1345.5,11.104349112061382,34.99334078179044,283.0,-1.0,-328.26785714285717,612.1949766318451,-1.0,-2690.0,127.26589559254856,242.75214433702897,1344.5,0.24348557933784382,0.00068653502789997,0.00028085274800105454,0.0010976948408342481,0.0004086636697997548,1.0,0.0,1.0,1.0,0.0,0.0,0.0,0.0,0.02566821697753635,0.0052084024886227265,0.0331132889769448,0.020211300398656703,0.841248787946945,0.36359967413002925,0.9998646453703548,0.0,0.0,0.0,0.0,0.0,0.000221104209442219,0.0027207955472192576,0.07142857142856633,0.0,0.15853010784323,0.3636858499757928,0.9999999999999948,0.0,0.0,0.0,0.0,0.0,0.9953262106129984,0.021144238771701077,0.9999999999999998,0.8888888866665693,0.16118399832909208,0.3401644304359122,0.9947145203371446,0.0,0.005378166787616222,0.023585916810903742,0.2653061224489417,0.0,0.9986148593755073,0.006219349858017893,0.9999999999999948,0.9285714285713622,0.0047644113208758915,0.015485749468678575,0.15988106068330293,0.0,16.0,0.0,16,16,3.4285714285714284,2.718042512920064,8.0,0.0,1439.5714285714287,1637.309278502198,4821,23,0.0,0.0,0.0,0.0,329.4731846226863,270.9663038492853,800.0,0.0,18.979382258118324,14.17217601626674,37.739563688142916,0.03424013183895499,1.4999968698248267e-06,0.009152799990260974,18.072788599994965,0.7032069000124466,18.785149799994542,636.4718935999699
598187340,610468907,246493716,547970590,100.0,0.0,100.0,100.0,-191.6995849609375,-0.64007854,0.18938513,-0.3571154,-0.86352086,-0.16730022430419922,0.6238337381261184,0.7998623847961426,-0.8910576701164246,122.7027816772461,291.69959363944986,-1.3231526851654052,0.3773609159422009,-0.9431881904602051,-1.9369107484817505,-0.01698381081223488,0.0003648027777671814,-0.016254205256700516,-0.01716621220111847,0.9774255633354187,0.000926351547241211,0.9792782664299011,0.9769623875617981,1.3961049556732177,0.0009470462799072265,1.3979990482330322,1.3956314325332642,4.855162620544434,37,100.0,0.0,100.0,100.0,-196.9984588623047,-4.7822256,0.027913539,-4.7302756,-4.811265,-68.001114,17.445358,-33.111927,-76.98024,942.0909423828125,296.9984494648476,128.0,0.0,128,128,0.0007481474202090192,0.006387316752461863,0.07669649888473704,0.0,2.3626702449778585,4.246341699715227,22.498611289689432,0.720338306457416,0.01489399873986364,0.011594801877174417,0.04938241121968383,0.0051947917018397355,0.5898036945567477,0.2825675142210062,0.9374414099118804,0.0,0.7630332158578668,0.3136380874354694,1.114397281380257,0.01800202686870187,-166.489211487776,239.91895297364678,93.59879365619958,-1345.5,12.241821770908993,37.58241334995425,188.19758731239915,-1.0,-426.0984375,578.6378033775175,-1.0,-2690.0,177.28188742514652,239.4543011188663,1344.5,0.33449400781347277,0.0008214953263308827,0.0001380997572516827,0.0010976948408342481,0.0007524454477050414,1.0,0.0,1.0,1.0,0.0,0.0,0.0,0.0,0.02855899146977704,0.00227714875358388,0.0331132889769448,0.0274204170929851,0.8620278299520236,0.3376310996239037,0.9998305371963896,0.0,0.0,0.0,0.0,0.0,0.0007059888101924583,0.005981885366935274,0.07142857142856633,0.0,0.13726618123751227,0.3378650515277817,0.9999999999999948,0.0,0.0,0.0,0.0,0.0,0.9959946134142463,0.019740387909279556,0.9999999999999998,0.8888888866665693,0.13491202866523416,0.31761309538302146,0.9947145203371446,0.0,0.01976436362687519,0.052430416898005205,0.2653061224489417,0.0,0.9948403299520159,0.013854852795681551,0.9999999999999948,0.9285714285713622,0.014439039873620801,0.033692555285573175,0.15988106068330293,0.0,14.2,3.6,16,7,1.0,0.0,1.0,1.0,231.8,108.34278933090101,323,31,0.0,0.0,0.0,0.0,100.0,0.0,100.0,100.0,14.882340555665413,7.424073742807099,18.630562500000003,0.03424013183895499,1.4999968698248267e-06,0.009725099997012876,6.228564199991524,0.44548130000475794,6.683772099990165,643.158821999983
634267172,165032807,710190855,654118701,100.0,0.0,100.0,100.0,-191.6995849609375,-0.64007854,0.18938513,-0.3571154,-0.86352086,-0.16730022430419922,0.6238337381261184,0.7998623847961426,-0.8910576701164246,122.7027816772461,291.69959363944986,-1.3231526851654052,0.3773609159422009,-0.9431881904602051,-1.9369107484817505,-0.01698381081223488,0.0003648027777671814,-0.016254205256700516,-0.01716621220111847,0.9774255633354187,0.000926351547241211,0.9792782664299011,0.9769623875617981,1.3961049556732177,0.0009470462799072265,1.3979990482330322,1.3956314325332642,4.858005046844482,38,374.976289415481,249.42463779040403,804.4018058690745,0.0,70.1800537109375,-4.812283,0.017466031,-4.7885494,-4.8346853,-63.874153,23.58956,-9.669371,-77.10912,-337.96112060546875,304.796233459911,128.0,0.0,128,128,0.00019613909285712288,0.0027900769739022686,0.07669649888473704,0.0,3.2126461033174385,5.385515895550397,22.49861128968944,0.720338306457416,0.012612467105641774,0.009134875569910045,0.04938241121968383,0.002777773919758445,0.5888476046284692,0.33621383647693154,0.9499525023748812,0.0,0.9009245806026467,0.20009386645692898,1.114397281380257,0.01800202686870187,-110.27638372643443,210.17983537282936,93.59879365619958,-1345.5,14.162771915443455,39.22359569611071,283.0,-1.0,-327.7734375,569.0295084456812,-1.0,-2690.0,120.92380708940011,207.1076030854532,1344.5,0.24348557933784382,0.000588102003466471,0.0002367894001623244,0.0010976948408342481,0.0004086636697997548,1.0,0.0,1.0,1.0,0.0,0.0,0.0,0.0,0.023825075752066625,0.004479490561241046,0.0331132889769448,0.020211300398656703,0.8190161912701043,0.38336961412992127,0.9998646453703548,0.0,0.0,0.0,0.0,0.0,0.00017862667870044692,0.002620340554335309,0.07142857142856633,0.0,0.18080518205085155,0.38344484499555703,0.9999999999999948,0.0,0.0,0.0,0.0,0.0,0.9953032917612289,0.02091000940595372,0.9999999999999998,0.8888888866665693,0.17743947924511602,0.362591342409496,0.9947145203371446,0.0,0.005025634676229141,0.023431837656200168,0.2653061224489417,0.0,0.9987036912700952,0.006182203828808813,0.9999999999999948,0.9285714285713622,0.004428038933163232,0.015317379883078503,0.15988106068330293,0.0,13.285714285714286,4.919764387920733,16,2,4.0,2.7255405754769875,9.0,0.0,2044.857142857143,2266.268955704913,7076,33,0.0,0.0,0.0,0.0,374.976289415481,249.42463779040403,804.4018058690745,0.0,24.036349544779597,13.00987787741336,37.48561142960557,0.03424013183895499,1.5999976312741637e-06,0.006726599996909499,28.320072700007586,0.7814473000034923,29.10824820000562,672.2701344999659
762393540,477862457,419901168,304979452,442.0833333333333,225.09411611837194,600.0,0.0,135.34536743164062,-0.58204615,0.16477458,-0.36168385,-0.86136943,-0.07162297368049622,0.713312290915305,0.8201537728309631,-0.8886473774909973,-50.0589599609375,306.7379676088382,-1.4259920239448547,0.3310892966921696,-0.9277971386909485,-1.9208717346191406,-0.016616059467196465,0.0015696618503664107,-0.015666497871279716,-0.01970723830163479,0.9765976190567016,0.0014224605776528706,0.9791758060455322,0.9755648970603943,1.3952569007873534,0.0014554767576823815,1.3978943824768066,1.3941999673843384,4.853625297546387,39,442.0833333333333,225.09411611837194,600.0,0.0,123.55840301513672,-4.798796,0.020867571,-4.7806244,-4.8317175,-71.99876,9.7033205,-52.60174,-77.30748,-595.5718383789062,318.5249434472532,128.0,0.0,128,128,0.00010249805831184799,0.0008948187330881603,0.016126934718260072,0.0,3.3812414632635424,5.596912147625669,22.49861128968944,0.720338306457416,0.013256257632606513,0.009144372671075813,0.04938241121968383,0.002777773919758445,0.5885896258156192,0.34305487091760734,0.9499525023748812,0.0,0.922785245866938,0.1573637836706948,1.114397281380257,0.11520204147878298,-103.35638176676511,216.2785267179057,88.5,-1345.5,14.958591965301096,40.27378237004797,283.0,-1.0,-317.990625,583.9627609378097,-1.0,-2690.0,115.11191898912094,214.55682637972626,1344.5,0.24348557933784382,0.0005687954426793769,0.000267960360185977,0.0010976948408342481,0.0004086636697997548,1.0,0.0,1.0,1.0,0.0,0.0,0.0,0.0,0.02331023033443962,0.005003326236065778,0.0331132889769448,0.020211300398656703,0.813550319078572,0.3888128755145502,0.9998646453703548,0.0,0.0,0.0,0.0,0.0,8.949555004777725e-05,0.0008791329666470697,0.01587301587301562,0.0,0.18636018537101992,0.38885470495322166,0.9999999999999944,0.0,0.0,0.0,0.0,0.0,0.9953563394897957,0.02064735227492365,0.9999999999999998,0.8888888866665693,0.18628651661505616,0.3675473095246887,0.9944134078212236,0.0,0.0020429809579263925,0.004288924558614326,0.062484252960441446,0.0,0.9994878190785629,0.0010832138750543686,0.9999999999999944,0.9841269841269685,0.002473276351203687,0.004021428068332125,0.05064526585376031,0.0,15.0,2.0,16,11,4.6,2.33238075793812,6.0,0.0,2328.6,1291.3996437973801,3533,31,0.0,0.0,0.0,0.0,442.0833333333333,225.09411611837194,600.0,0.0,26.351813076041275,14.678987094178606,37.13036300782204,0.03424013183895499,1.5999976312741637e-06,0.010330899996915832,21.091601600011927,0.5898663999978453,21.69180050000432,693.965178799961
3487954,592003168,970653965,542518282,442.0833333333333,225.09411611837194,600.0,0.0,135.34536743164062,-0.58204615,0.16477458,-0.36168385,-0.86136943,-0.07162297368049622,0.713312290915305,0.8201537728309631,-0.8886473774909973,-50.0589599609375,306.7379676088382,-1.4259920239448547,0.3310892966921696,-0.9277971386909485,-1.9208717346191406,-0.016616059467196465,0.0015696618503664107,-0.015666497871279716,-0.01970723830163479,0.9765976190567016,0.0014224605776528706,0.9791758060455322,0.9755648970603943,1.3952569007873534,0.0014554767576823815,1.3978943824768066,1.3941999673843384,4.853609085083008,40,400.9017560512577,293.3937066786619,700.0,0.0,74.13912963867188,-4.786884,0.025042564,-4.7480707,-4.815517,-67.77229,21.854952,-14.244211,-77.04827,-352.9541015625,326.76262470765363,128.0,0.0,128,128,0.00031622416873224333,0.0038684313526779353,0.07669649888473704,0.0,3.1888085180839454,5.360210151821597,22.49861128968944,0.720338306457416,0.013069163539855629,0.0097234095077548,0.04938241121968383,0.002777773919758445,0.5840972487795713,0.329804769775595,0.9499525023748812,0.0,0.8695177821621561,0.2367113190673334,1.114397281380257,0.01800202686870187,-123.5003783977609,215.68667422682174,93.59879365619958,-1345.5,15.03120935411081,40.62094182507366,283.0,-1.0,-355.30580357142856,566.9691036731102,-1.0,-2690.0,134.45475473460579,211.40967039434142,1344.5,0.24348557933784382,0.0006212668726867096,0.0002411862543695654,0.0010976948408342481,0.0004086636697997548,1.0,0.0,1.0,1.0,0.0,0.0,0.0,0.0,0.024484569408309755,0.0046182886700570115,0.0331132889769448,0.020211300398656703,0.8226415256768258,0.3792702064668341,0.9998646453703548,0.0,0.0,0.0,0.0,0.0,0.00029221412076853515,0.0036266710323734834,0.07142857142856633,0.0,0.17706626020209087,0.37938922010981174,0.9999999999999948,0.0,0.0,0.0,0.0,0.0,0.9955565554310039,0.02029546484174022,0.9999999999999998,0.8888888866665693,0.17371418180245923,0.35954316004750836,0.9947145203371446,0.0,0.008226225580917425,0.03261428367880759,0.2653061224489417,0.0,0.9978647399625314,0.008610708826636677,0.9999999999999948,0.9285714285713622,0.006606634139104415,0.021146389765962163,0.15988106068330293,0.0,14.142857142857142,4.549052379454475,16,3,4.142857142857143,3.0438965360946453,7.0,0.0,1760.2857142857142,1386.9856023854356,3535,14,0.0,0.0,0.0,0.0,400.9017560512577,293.3937066786619,700.0,0.0,24.091387558470426,13.137107120236367,37.73872,0.03424013183895499,1.7999991541728377e-06,0.010475599992787465,19.97839489999751,0.6938800000061747,20.682752299995627,714.6510248999839
572545303,816922492,531168081,634578823,247.21567317914375,250.11288784104556,804.7404063205418,0.0,-53.570064544677734,-0.6941761,0.163307,-0.38770008,-0.8813093,-0.002551581178392683,0.5866502357643727,0.9150691032409668,-0.7412247657775879,25.47995948791504,300.78573816586874,-1.2412699716431754,0.4153540455862591,-0.9126899242401123,-2.203857421875,-0.022040011627333506,0.002305249730021393,-0.019162964075803757,-0.02421199157834053,0.9746935963630676,0.00113455925694652,0.9772094488143921,0.9736828207969666,1.3933057614735194,0.0011630840552343848,1.3958842754364014,1.3922688961029053,4.85539436340332,41,247.21567317914375,250.11288784104556,804.7404063205418,0.0,-71.59225463867188,-4.7985916,0.02435667,-4.765812,-4.8481126,-76.777466,0.38970673,-76.25299,-77.5698,342.9632568359375,318.8079295548026,128.0,0.0,128,128,0.00042992184865414863,0.0047031792839433454,0.07669649888473704,0.0,2.954237423093757,5.075047378276854,22.49861128968944,0.720338306457416,0.013306869753988418,0.010185412678547367,0.04938241121968383,0.002777773919758445,0.5859697647151868,0.3181052409156389,0.9499525023748812,0.0,0.8419505173544456,0.264232508463036,1.114397281380257,0.01800202686870187,-134.1240062980356,220.44415772131265,93.59879365619958,-1345.5,14.094880161604525,39.5500482394598,283.0,-1.0,-371.86830357142856,567.0980861830511,-1.0,-2690.0,144.7468122900195,216.99763992287717,1344.5,0.24348557933784382,0.0006703785552446075,0.00022750813492460916,0.0010976948408342481,0.0004086636697997548,1.0,0.0,1.0,1.0,0.0,0.0,0.0,0.0,0.025514443221785237,0.0043463289070336366,0.0331132889769448,0.020211300398656703,0.8329753453682643,0.3691649152934232,0.9998646453703548,0.0,0.0,0.0,0.0,0.0,0.00040113574963742977,0.004406401327563868,0.07142857142856633,0.0,0.166623518881795,0.36931960357998866,0.9999999999999948,0.0,0.0,0.0,0.0,0.0,0.9956241041897576,0.020289855512938014,0.9999999999999998,0.8888888866665693,0.16272392667624436,0.34937624532881073,0.9947145203371446,0.0,0.01137873877196152,0.03947590509579421,0.2653061224489417,0.0,0.9970378453682558,0.010425717164230413,0.9999999999999948,0.9285714285713622,0.008729427051985237,0.02550230282480776,0.15988106068330293,0.0,16.0,0.0,16,16,2.857142857142857,2.799416848895061,9.0,0.0,1242.2857142857142,1695.8801940741748,5232,38,0.0,0.0,0.0,0.0,247.21567317914375,250.11288784104556,804.7404063205418,0.0,21.568947623294047,11.9262736981568,37.73872,0.03424013183895499,1.7999991541728377e-06,0.010772299996460788,19.05522199999541,0.7945420000032755,19.8605380999943,734.5146662999759
4047737,446415000,424765130,56835548,247.21567317914375,250.11288784104556,804.7404063205418,0.0,-53.570064544677734,-0.6941761,0.163307,-0.38770008,-0.8813093,-0.002551581178392683,0.5866502357643727,0.9150691032409668,-0.7412247657775879,25.47995948791504,300.78573816586874,-1.2412699716431754,0.4153540455862591,-0.9126899242401123,-2.203857421875,-0.022040011627333506,0.002305249730021393,-0.019162964075803757,-0.02421199157834053,0.9746935963630676,0.00113455925694652,0.9772094488143921,0.9736828207969666,1.3933057614735194,0.0011630840552343848,1.3958842754364014,1.3922688961029053,4.858138084411621,42,343.75889890840057,255.7617236164648,700.0,0.0,22.455860137939453,-4.7987876,0.02130267,-4.7651057,-4.8381915,-67.811165,18.123693,-24.190958,-76.93915,-109.62554168701172,321.3030264901624,128.0,0.0,128,128,0.00030983677277902823,0.003868716913379981,0.07669649888473704,0.0,2.978075008327249,5.102863676234134,22.49861128968944,0.720338306457416,0.012850173319774564,0.009636441761113189,0.04938241121968383,0.002777773919758445,0.5907201205640848,0.3247178956197926,0.9499525023748812,0.0,0.8733573157949363,0.235702618582182,1.114397281380257,0.01800202686870187,-120.90001162670913,215.71143231008475,93.59879365619958,-1345.5,13.226442722937167,38.092119574370685,283.0,-1.0,-344.3359375,569.9586528342551,-1.0,-2690.0,131.21586464481382,213.46196109739017,1344.5,0.24348557933784382,0.0006372136860243691,0.00023003462184576471,0.0010976948408342481,0.0004086636697997548,1.0,0.0,1.0,1.0,0.0,0.0,0.0,0.0,0.024854949565542104,0.004357316939335818,0.0331132889769448,0.020211300398656703,0.8293500109615428,0.3734756127413013,0.9998646453703548,0.0,0.0,0.0,0.0,0.0,0.00028754830756934157,0.003626921388948507,0.07142857142856633,0.0,0.1703624407305557,0.3735891160004295,0.9999999999999948,0.0,0.0,0.0,0.0,0.0,0.9953708405199826,0.02090538333166178,0.9999999999999998,0.8888888866665693,0.16644922411890115,0.35262847643385403,0.9947145203371446,0.0,0.008178147867273234,0.03261727164079282,0.2653061224489417,0.0,0.9978767966758194,0.008611525107349922,0.9999999999999948,0.9285714285713622,0.006550831846044055,0.021144010703817825,0.15988106068330293,0.0,14.142857142857142,3.7958086444532633,16,5,3.5714285714285716,2.610809554642438,7.0,0.0,1697.7142857142858,1373.3354302870193,3359,4,0.0,0.0,0.0,0.0,343.75889890840057,255.7617236164648,700.0,0.0,22.433265003048287,12.700109200667216,40.136339060260134,0.03424000000000001,1.700012944638729e-06,0.009701200004201382,22.237865200004308,0.7509775000071386,22.998545600028592,757.5163349000213
85589652,457550240,626576524,11975873,450.0,335.4101966249685,1000.0,100.0,134.2928466796875,-0.72762096,0.18782482,-0.42291045,-0.8912972,-0.2982086120173335,0.41771543905927244,0.22622135281562805,-0.8406805992126465,-93.53794860839844,315.70716434928187,-1.1349473744630814,0.30460166165446245,-0.8925738334655762,-1.649616003036499,-0.025969467125833035,0.00206511397703208,-0.02428295649588108,-0.029505563899874687,0.9731359332799911,0.0007852592264674821,0.973921000957489,0.9723263382911682,1.3917066752910614,0.0008069160372204578,1.392513394355774,1.3908747434616089,4.855376720428467,43,450.0,335.4101966249685,1000.0,100.0,115.8272705078125,-4.800839,0.033134673,-4.753744,-4.8437767,-76.81342,0.53015476,-76.059906,-77.50043,-561.6670532226562,334.17272384114614,128.0,0.0,128,128,0.0002312707393569756,0.0035537377113239355,0.07669649888473704,0.0,3.2016571196850094,5.312267377036549,22.49861128968944,0.9934445512079338,0.010587004913497532,0.007829307449370626,0.041558333614717884,0.002777773919758445,0.5862156487732665,0.33868247494792564,0.9499525023748812,0.0,0.8945156308554122,0.22022836118562325,1.1071123296147096,0.01800202686870187,-108.98503980012696,182.2959797353466,93.59879365619958,-585.5,13.811797877685349,38.46587498445424,283.0,-1.0,-323.24609375,527.4068286203415,-1.0,-2379.0,117.442426618124,173.44207927123367,714.082628272107,0.24348557933784382,0.0005504229609578848,0.00012522440671895908,0.0007524454477050414,0.0004086636697997548,1.0,0.0,1.0,1.0,0.0,0.0,0.0,0.0,0.023309910122552034,0.0025985389064709444,0.0274204170929851,0.020211300398656703,0.8145966872889179,0.3863775117998096,0.9998646453703548,0.0,0.0,0.0,0.0,0.0,0.0002108416498115555,0.003324626886049994,0.07142857142856633,0.0,0.18519247106094844,0.38646422656705,0.9999999999999948,0.0,0.0,0.0,0.0,0.0,0.9950524621119927,0.021558697158189213,0.9999999999999998,0.8888888866668218,0.17455483229114183,0.3667159949658944,0.9947145203371446,0.0,0.006965370887658845,0.03051776866395409,0.2653061224489417,0.0,0.9981904372889081,0.00805887533406083,0.9999999999999948,0.9285714285713622,0.005600057790520656,0.019752292714773197,0.15988106068330293,0.0,16.0,0.0,16,16,4.5,3.3541019662496847,10.0,1.0,2389.25,2850.1555549653776,7297,310,0.0,0.0,0.0,0.0,450.0,335.4101966249685,1000.0,100.0,25.186455970639784,9.443853983317055,41.49675909414625,18.582300000000004,1.5999976312741637e-06,0.009866499996860512,19.08118999999715,0.578220199997304,19.669278299988946,777.1887740000093
764895838,564108860,922730985,50118808,450.0,335.4101966249685,1000.0,100.0,134.2928466796875,-0.72762096,0.18782482,-0.42291045,-0.8912972,-0.2982086120173335,0.41771543905927244,0.22622135281562805,-0.8406805992126465,-93.53794860839844,315.70716434928187,-1.1349473744630814,0.30460166165446245,-0.8925738334655762,-1.649616003036499,-0.025969467125833035,0.00206511397703208,-0.02428295649588108,-0.029505563899874687,0.9731359332799911,0.0007852592264674821,0.973921000957489,0.9723263382911682,1.3917066752910614,0.0008069160372204578,1.392513394355774,1.3908747434616089,4.855571746826172,44,314.6404385682038,229.90544967525963,602.4830699774267,0.0,-17.57904052734375,-4.769379,0.029699884,-4.7196684,-4.8240695,-72.89091,8.274117,-52.655064,-77.18511,86.73545837402344,332.2194953138519,128.0,0.0,128,128,0.0003829739331891799,0.004646344229575183,0.07669649888473704,0.0,3.224543515582318,5.342331737824777,22.49861128968944,0.9934445512079338,0.01121262301128512,0.00883368930633096,0.041558333614717884,0.002777773919758445,0.5786219860160157,0.33187019527597716,0.9499525023748812,0.0,0.854297249396604,0.260325924890923,1.1071123296147096,0.01800202686870187,-126.165124832048,190.11559126642211,93.59879365619958,-585.5,15.348536333812955,40.84701562757249,283.0,-1.0,-360.40401785714283,523.8384064339741,-1.0,-2379.0,135.16583369707908,179.36613275597475,714.082628272107,0.24348557933784382,0.0005878923441487681,0.00014862166365265961,0.0007524454477050414,0.0004086636697997548,1.0,0.0,1.0,1.0,0.0,0.0,0.0,0.0,0.02404168215354786,0.003085799340419058,0.0274204170929851,0.020211300398656703,0.8174512339761406,0.3827272943102188,0.9998646453703548,0.0,0.0,0.0,0.0,0.0,0.0003539924056964642,0.00434713232799559,0.07142857142856633,0.0,0.18219477361788136,0.3828710612102159,0.9999999999999948,0.0,0.0,0.0,0.0,0.0,0.9954154704269668,0.02066367071929725,0.9999999999999998,0.8888888866668218,0.17171444990871026,0.36459072923635677,0.9947145203371446,0.0,0.010978128946930248,0.03944359971750536,0.2653061224489417,0.0,0.9971387339761316,0.010418586448999104,0.9999999999999948,0.9285714285713622,0.008337252371212222,0.02545480984203501,0.15988106068330293,0.0,15.285714285714286,1.7496355305594127,16,11,3.2857142857142856,2.4907993963089563,7.0,0.0,1666.142857142857,1558.5062838290687,4169,221,0.0,0.0,0.0,0.0,314.6404385682038,229.90544967525963,602.4830699774267,0.0,24.21045088157144,8.338811989822226,37.63210367100007,18.582300000000004,1.5999976312741637e-06,0.009638000003178604,19.911833100006334,0.7332153000024846,20.654688000009628,797.846584199986
701975890,1065620339,522679137,316934274,418.02268571953874,363.4549567011657,1103.8374717832958,0.0,92.08397674560547,-0.68291575,0.10486017,-0.5133642,-0.8051938,-0.10043426851431529,0.6007418484219265,0.552807629108429,-0.7657533288002014,-72.66120910644531,325.93871648630756,-1.1709310412406921,0.12197856155285455,-1.032322645187378,-1.396164894104004,-0.029060548171401024,0.002474799861887917,-0.02708638459444046,-0.0325271300971508,0.9720575412114462,0.0007317287381514153,0.973670244216919,0.9715692400932312,1.3905979990959167,0.0007522602662849151,1.3922559022903442,1.390095829963684,4.853573322296143,45,418.02268571953874,363.4549567011657,1103.8374717832958,0.0,77.22289276123047,-4.8135495,0.025828432,-4.780442,-4.8572526,-77.01679,0.41325492,-76.487076,-77.71604,-371.15869140625,340.79981435442056,128.0,0.0,128,128,0.00031249830986892227,0.004100289447811953,0.07669649888473704,0.0,3.5565355037063573,5.706186698638733,22.49861128968944,0.9934445512079338,0.011236644051930816,0.008562485500352658,0.041558333614717884,0.002777773919758445,0.5718545822385107,0.34323037331546724,0.9499525023748812,0.0,0.8694758145744279,0.24225685911718128,1.1071123296147096,0.01800202686870187,-121.24967854107463,186.20671322174255,93.59879365619958,-585.5,17.476727988128516,43.386778445566954,283.0,-1.0,-358.50390625,520.7776361739316,-1.0,-2379.0,131.00353706829657,172.5075648286119,714.082628272107,0.24348557933784382,0.0005418622113287866,0.00015404623481948213,0.0007524454477050414,0.0004086636697997548,1.0,0.0,1.0,1.0,0.0,0.0,0.0,0.0,0.023046449480203915,0.0032258383075825553,0.0274204170929851,0.020211300398656703,0.8049716164445843,0.39339952160750125,0.9998646453703548,0.0,0.0,0.0,0.0,0.0,0.000285266164116529,0.0038361613315519676,0.07142857142856633,0.0,0.19474311739102465,0.3935219554707998,0.9999999999999948,0.0,0.0,0.0,0.0,0.0,0.9955252003469819,0.020154037582389314,0.9999999999999998,0.8888888866668218,0.18509541806248522,0.3762779240565753,0.9947145203371446,0.0,0.008916518247604343,0.03501904806915559,0.2653061224489417,0.0,0.9976799497779089,0.00924867703419304,0.9999999999999948,0.9285714285713622,0.006968559006841971,0.022636770440043325,0.15988106068330293,0.0,16.0,0.0,16,16,4.5,3.905124837953327,12.0,0.0,2214.3333333333335,2350.973888034961,6707,230,0.0,0.0,0.0,0.0,418.02268571953874,363.4549567011657,1103.8374717832958,0.0,27.945580591517057,9.267166949451987,37.2662825,18.582300000000004,1.5999976312741637e-06,0.009874099996523,25.374650500001735,0.7490972999949008,26.13362349999079,823.9836907999997
492830188,158705372,856799847,275167074,418.02268571953874,363.4549567011657,1103.8374717832958,0.0,92.08397674560547,-0.68291575,0.10486017,-0.5133642,-0.8051938,-0.10043426851431529,0.6007418484219265,0.552807629108429,-0.7657533288002014,-72.66120910644531,325.93871648630756,-1.1709310412406921,0.12197856155285455,-1.032322645187378,-1.396164894104004,-0.029060548171401024,0.002474799861887917,-0.02708638459444046,-0.0325271300971508,0.9720575412114462,0.0007317287381514153,0.973670244216919,0.9715692400932312,1.3905979990959167,0.0007522602662849151,1.3922559022903442,1.390095829963684,4.858068943023682,46,114.25839943837529,164.06617120280427,499.8087960686271,0.0,-203.88726806640625,-4.809364,0.01368104,-4.7825665,-4.8245287,-70.75061,9.76415,-53.012005,-77.10625,982.2233276367188,318.145672862816,128.0,0.0,128,128,0.0005110428876776561,0.004814465003700932,0.07669649888473704,0.0,1.9921582186032418,3.6907170895565944,22.49861128968944,0.720338306457416,0.01705738279923289,0.011369188332128426,0.04938241121968383,0.0029112039138225417,0.6139110656825562,0.2752955759418178,0.9374414099118804,0.0,0.8249361205356885,0.2698568609919633,1.114397281380257,0.01800202686870187,-144.84103568790738,270.92959959919756,93.59879365619958,-1345.5,7.978034554840378,30.277957797378242,188.19758731239915,-1.0,-372.85714285714283,650.760140790627,-1.0,-2690.0,157.43098929631645,280.13080833462465,1344.5,0.33449400781347277,0.0008672446041116057,0.00021355328045646586,0.0010976948408342481,0.0005202913631633715,1.0,0.0,1.0,1.0,0.0,0.0,0.0,0.0,0.029200725672724696,0.003710054728831936,0.0331132889769448,0.02280396149928317,0.8774405387219456,0.3232919562566174,0.999859609714668,0.0,0.0,0.0,0.0,0.0,0.000486090811120974,0.004521951460693083,0.07142857142856633,0.0,0.12207337046655188,0.3234438405141659,0.9999999999999948,0.0,0.0,0.0,0.0,0.0,0.9956699418932967,0.020768930047878137,0.9999999999999998,0.8888888866665693,0.1302129648441964,0.2984244665431491,0.9947145203371446,0.0,0.012083802994735684,0.039542745785779904,0.2653061224489417,0.0,0.9968601815790802,0.010440747681000022,0.9999999999999948,0.9285714285713622,0.009402171827410554,0.025587620133221068,0.15988106068330293,0.0,14.714285714285714,2.0503857277724746,16,11,1.7142857142857142,3.0101867865293537,9.0,0.0,1555.4285714285713,3384.618478484386,9840,31,0.0,0.0,0.0,0.0,114.25839943837529,164.06617120280427,499.8087960686271,0.0,10.684132327563193,9.222737164138238,18.912986029255418,0.03424013183895499,1.2999953469261527e-06,0.009524900000542402,15.817296299996087,0.6621422000025632,16.48896469999454,840.4757911999768
858616074,452304566,336680800,823933417,325.0,227.76083947860747,600.0,100.0,-0.8448486328125,-0.7888051,0.11764235,-0.6018925,-0.8921533,0.0063478704541921616,0.43676984417588677,0.5194556713104248,-0.6854119896888733,14.262031555175781,325.8448448376768,-1.032007321715355,0.14082936821623135,-0.8941066265106201,-1.2363719940185547,-0.034069678746163845,0.002896399237215519,-0.031173279508948326,-0.036966077983379364,0.9724465012550354,0.00036841630935668945,0.9728149175643921,0.9720780849456787,1.3909982442855835,0.0003788471221923828,1.3913770914077759,1.3906193971633911,4.853769779205322,47,325.0,227.76083947860747,600.0,100.0,6.16888427734375,-4.7936077,0.015841035,-4.7761345,-4.8110547,-76.69772,0.25345656,-76.41815,-76.976875,-26.071014404296875,318.8311055765344,128.0,0.0,128,128,0.0004525975650565628,0.005015366664898693,0.07669649888473704,0.0,3.528724987600616,5.67999415604946,22.49861128968944,0.9934445512079338,0.011769456558513648,0.009364306953295954,0.041558333614717884,0.002777773919758445,0.5663125004147964,0.3356104348268515,0.9499525023748812,0.0,0.832834549727189,0.27359170047132836,1.1071123296147096,0.01800202686870187,-136.67767232428884,192.4483987926156,93.59879365619958,-585.5,18.489904999907097,44.785222788134476,283.0,-1.0,-390.625,516.0978967817056,-1.0,-1622.0,146.78964265436986,177.49814494465622,584.5,0.24348557933784382,0.0005805545587523979,0.0001718908889526433,0.0007524454477050414,0.0004086636697997548,1.0,0.0,1.0,1.0,0.0,0.0,0.0,0.0,0.0238158587458209,0.003604558347164199,0.0274204170929851,0.020211300398656703,0.809201173252426,0.38888558628040687,0.9998646453703548,0.0,0.0,0.0,0.0,0.0,0.00041778484652929863,0.004692513124068637,0.07142857142856633,0.0,0.1903810419008038,0.3890617057641473,0.9999999999999948,0.0,0.0,0.0,0.0,0.0,0.9958206746283861,0.019403571541819566,0.9999999999999998,0.8888888866668218,0.18074923771271892,0.3729354661546624,0.9947145203371446,0.0,0.012650540969740675,0.04237568269347151,0.2653061224489417,0.0,0.9967011732524178,0.011194161290419592,0.9999999999999948,0.9285714285713622,0.009510253413773349,0.02732321949093229,0.15988106068330293,0.0,16.0,0.0,16,16,3.25,2.277608394786075,6.0,1.0,1224.25,939.2410167257391,2219,263,0.0,0.0,0.0,0.0,325.0,227.76083947860747,600.0,100.0,27.76102289902959,9.179712496451018,37.13036300782204,18.582300000000004,1.5999976312741637e-06,0.00964090001070872,10.73260279999522,0.4164879000018118,11.158733200005372,851.6377420999779
679192402,557500886,1018023110,55491266,325.0,227.76083947860747,600.0,100.0,-0.8448486328125,-0.7888051,0.11764235,-0.6018925,-0.8921533,0.0063478704541921616,0.43676984417588677,0.5194556713104248,-0.6854119896888733,14.262031555175781,325.8448448376768,-1.032007321715355,0.14082936821623135,-0.8941066265106201,-1.2363719940185547,-0.034069678746163845,0.002896399237215519,-0.031173279508948326,-0.036966077983379364,0.9724465012550354,0.00036841630935668945,0.9728149175643921,0.9720780849456787,1.3909982442855835,0.0003788471221923828,1.3913770914077759,1.3906193971633911,4.855720043182373,48,535.9,274.6222557137956,1000.0,100.0,195.36203002929688,-4.8018937,0.041728552,-4.745143,-4.865006,-55.001923,30.346672,-9.675024,-77.09231,-935.416015625,340.53799501888096,128.0,0.0,128,128,7.962040559068713e-05,0.0008176997949662741,0.016126934718260072,0.0,3.050943666631707,5.199735195575514,22.49861128968944,0.720338306457416,0.012358818315157753,0.008653843129437688,0.04938241121968383,0.002777773919758445,0.5992378381169047,0.33680592150259586,0.9499525023748812,0.0,0.9328332794579642,0.14875656634271175,1.114397281380257,0.11520204147878298,-96.64529145207139,208.71864762685507,88.5,-1345.5,11.882214027292264,35.64734728112228,283.0,-1.0,-294.8385416666667,578.1419479263202,-1.0,-2690.0,106.8304291498232,209.25575499817978,1344.5,0.24348557933784382,0.000579316044987312,0.00023714017707229668,0.0010976948408342481,0.0004086636697997548,1.0,0.0,1.0,1.0,0.0,0.0,0.0,0.0,0.023657962378684626,0.004384634367024646,0.0331132889769448,0.020211300398656703,0.8224505322852146,0.38152419865842035,0.9998646453703548,0.0,0.0,0.0,0.0,0.0,6.978591848972394e-05,0.0008031137117073205,0.01587301587301562,0.0,0.17747968179590776,0.3815557757073716,0.9999999999999944,0.0,0.0,0.0,0.0,0.0,0.9949609904445715,0.021829942315028716,0.9999999999999998,0.8888888866665693,0.17482305102665655,0.35869409715543843,0.9944134078212236,0.0,0.0018597602666166081,0.003913674091912972,0.062484252960441446,0.0,0.9995338656185382,0.0009884498765589075,0.9999999999999944,0.9841269841269685,0.002277604645310649,0.0036628856764839117,0.05064526585376031,0.0,11.5,6.370504951205464,16,2,5.5,2.753785273643051,10.0,1.0,2906.6666666666665,2338.6362597795232,7355,4,0.0,0.0,0.0,0.0,535.9,274.6222557137956,1000.0,100.0,22.531616913273524,12.849543780849293,37.74047961915136,0.03424000000000001,1.4999968698248267e-06,0.01078620000043884,22.129423499995028,0.5599108000023989,22.700121999994735,874.3409821999812
658760007,92749799,316450992,220591670,157.14285714285714,191.66296949998198,600.0,0.0,-151.831787109375,-0.75093955,0.13527974,-0.51518345,-0.895428,0.05263684104595866,0.5049990022709386,0.8267561793327332,-0.6499220132827759,126.93775177001953,308.9746460681949,-1.1162848898342677,0.25954083318489624,-0.8955267071723938,-1.665693759918213,-0.03686881384679249,0.0023137236742147896,-0.03274381160736084,-0.03872941434383392,0.9743977785110474,0.002075444801461774,0.9764572978019714,0.9716213941574097,1.3930006197520666,0.0021306596811615144,1.3951143026351929,1.390149474143982,4.85842227935791,49,157.14285714285714,191.66296949998198,600.0,0.0,-165.05563354492188,-4.80079,0.012936199,-4.776507,-4.8207345,-76.81264,0.20697919,-76.42411,-77.13175,790.9389038085938,322.1984812312786,128.0,0.0,128,128,0.0003973452077557506,0.004005294692427572,0.07669649888473704,0.0,2.226729313593431,4.128981903570286,22.49861128968944,0.720338306457416,0.016819676585100096,0.011038276354063143,0.04938241121968383,0.002777773919758445,0.6120385497469406,0.28891614192446946,0.9499525023748812,0.0,0.8525033853433993,0.2448963785678683,1.114397281380257,0.01800202686870187,-134.21740778763265,267.4989162023246,93.59879365619958,-1345.5,8.914363747346666,31.844372966154843,283.0,-1.0,-356.29464285714283,650.672914228483,-1.0,-2690.0,147.13893174090273,276.29772952729695,1344.5,0.24348557933784382,0.0008181329215537075,0.0002671192752880852,0.0010976948408342481,0.0004086636697997548,1.0,0.0,1.0,1.0,0.0,0.0,0.0,0.0,0.028170851859249214,0.004878046011814826,0.0331132889769448,0.020211300398656703,0.8671067190305072,0.3361544799513299,0.9998646453703548,0.0,0.0,0.0,0.0,0.0,0.0003771691822520794,0.0037686764278350464,0.07142857142856633,0.0,0.13251611178684777,0.33628199485694554,0.9999999999999948,0.0,0.0,0.0,0.0,0.0,0.9956023931345429,0.020774559063913338,0.9999999999999998,0.8888888866665693,0.14120321997041127,0.311414985025319,0.9947145203371446,0.0,0.008931289803691586,0.03276306776774812,0.2653061224489417,0.0,0.9976870761733558,0.00864590994058076,0.9999999999999948,0.9285714285713622,0.007279378914529731,0.021316304804789986,0.15988106068330293,0.0,16.0,0.0,16,16,1.5714285714285714,1.9166296949998198,6.0,0.0,637.1428571428571,1018.9767176046803,3073,24,0.0,0.0,0.0,0.0,157.14285714285714,191.66296949998198,600.0,0.0,13.613870404072717,13.159262619335106,37.489402696670055,0.03424013183895499,1.3999961083754897e-06,0.009840600003371947,10.309766299993498,0.65691639999568,10.976524699988659,885.3206767999509
12327951,97663877,503133585,656828586,157.14285714285714,191.66296949998198,600.0,0.0,-151.831787109375,-0.75093955,0.13527974,-0.51518345,-0.895428,0.05263684104595866,0.5049990022709386,0.8267561793327332,-0.6499220132827759,126.93775177001953,308.9746460681949,-1.1162848898342677,0.25954083318489624,-0.8955267071723938,-1.665693759918213,-0.03686881384679249,0.0023137236742147896,-0.03274381160736084,-0.03872941434383392,0.9743977785110474,0.002075444801461774,0.9764572978019714,0.9716213941574097,1.3930006197520666,0.0021306596811615144,1.3951143026351929,1.390149474143982,4.856311321258545,50,360.0,287.0540018881465,800.0,0.0,34.0213623046875,-4.8087015,0.008249406,-4.7932477,-4.817669,-75.01573,3.848874,-67.32251,-77.0827,-163.0357666015625,325.97863310815075,128.0,0.0,128,128,0.0002527324558680144,0.0032986034172564414,0.07669649888473704,0.0,2.757815016617903,4.8353046138378835,22.49861128968944,0.720338306457416,0.01328246002427893,0.009709545024001828,0.04938241121968383,0.002777773919758445,0.6004831686238001,0.31973589252415924,0.9499525023748812,0.0,0.8895664222220349,0.2166044177372701,1.114397281380257,0.01800202686870187,-114.58894734767728,224.031321467936,93.59879365619958,-1345.5,11.121057812149196,34.83694405919199,283.0,-1.0,-325.8203125,589.1105986144727,-1.0,-2690.0,124.98635344099144,225.95210101215832,1344.5,0.24348557933784382,0.0006598773369331575,0.0002458982783816056,0.0010976948408342481,0.0004086636697997548,1.0,0.0,1.0,1.0,0.0,0.0,0.0,0.0,0.02527058589343059,0.004558390228227,0.0331132889769448,0.020211300398656703,0.8374095460451894,0.366820801728376,0.9998646453703548,0.0,0.0,0.0,0.0,0.0,0.00023545369198535877,0.003098227239411198,0.07142857142856633,0.0,0.16235500026245644,0.3669118932587994,0.9999999999999948,0.0,0.0,0.0,0.0,0.0,0.9951909068766212,0.021474084876980448,0.9999999999999998,0.8888888866665693,0.16072921868137408,0.3440039534144466,0.9947145203371446,0.0,0.006389190626286259,0.027567377304970147,0.2653061224489417,0.0,0.9983470460451802,0.007274891140292725,0.9999999999999948,0.9285714285713622,0.005367063218952339,0.017954636064032595,0.15988106068330293,0.0,15.6,0.7999999999999999,16,14,3.6,2.870540018881465,8.0,0.0,2209.8,2397.4312419754606,6739,31,0.0,0.0,0.0,0.0,360.0,287.0540018881465,800.0,0.0,18.35994623003654,11.776865146028607,37.151160000000004,0.03424013183895499,1.3999961083754897e-06,0.006633800003328361,15.274083299998892,0.5353680999978678,15.816086599996197,901.1399417999492
329187348,337730166,116213680,38689046,476.29245651792405,325.92856359157906,1200.0,100.0,150.58604431152344,-0.73638713,0.16614947,-0.4255209,-0.892125,-0.03839177744729178,0.5147485907423837,0.6202242374420166,-0.8327656388282776,-112.65585327148438,325.7064271131678,-1.1198513763291496,0.24381148610615888,-0.8913540244102478,-1.6080505847930908,-0.03397348416703088,0.0020488177404645778,-0.032800331711769104,-0.03885815292596817,0.9719956602369036,0.0012105662776490068,0.973608136177063,0.9698071479797363,1.3905338048934937,0.0012455672101352702,1.3921921253204346,1.3882805109024048,4.856456279754639,51,476.29245651792405,325.92856359157906,1200.0,100.0,135.28245544433594,-4.792663,0.025295444,-4.755765,-4.838235,-67.171074,23.541656,-9.51153,-77.41176,-649.03173828125,341.0100154491281,128.0,0.0,128,128,0.0001555785733453692,0.0026890593904822595,0.07669649888473704,0.0,3.6936857055626957,5.841945838095639,22.49861128968944,0.9934445512079338,0.010737210583019538,0.0075851116313476515,0.041558333614717884,0.002777773919758445,0.5748769541447845,0.3538873581908624,0.9499525023748812,0.0,0.9094317790120252,0.1931711069423961,1.1071123296147096,0.01800202686870187,-104.91786903149854,177.28574633456134,93.59879365619958,-585.5,17.221194718825526,42.822180228298706,283.0,-1.0,-327.27901785714283,522.3083233579906,-1.0,-2379.0,114.58171858625164,163.6400646486488,714.082628272107,0.24348557933784382,0.000489668979032972,0.00011782212610741372,0.0007524454477050414,0.0004086636697997548,1.0,0.0,1.0,1.0,0.0,0.0,0.0,0.0,0.02198193452659689,0.0024919622266301963,0.0274204170929851,0.020211300398656703,0.7967835945932639,0.4009379282866562,0.9998646453703548,0.0,0.0,0.0,0.0,0.0,0.00013614914795867487,0.0025151604621543684,0.07142857142856633,0.0,0.20308025625847312,0.400998931386118,0.9999999999999948,0.0,0.0,0.0,0.0,0.0,0.9952803729094593,0.020673100951040364,0.9999999999999998,0.8888888866668218,0.19369496016114002,0.38302041998727654,0.9947145203371446,0.0,0.00467310256484206,0.023271398804176995,0.2653061224489417,0.0,0.998792523164683,0.0061435489331865345,0.9999999999999948,0.9285714285713622,0.004091666545450574,0.015139667221969126,0.15988106068330293,0.0,14.0,4.898979485566356,16,2,5.0,3.2071349029490928,12.0,1.0,2390.714285714286,2125.1161792970765,7125,292,0.0,0.0,0.0,0.0,476.29245651792405,325.92856359157906,1200.0,100.0,30.078892842011523,8.98698640259979,39.34354380017341,18.582300000009017,1.8999999156221747e-06,0.010075500002130866,26.072583700006362,0.8207860999973491,26.903447200005758,928.0465658999601
583866853,897830797,460720113,947645042,476.29245651792405,325.92856359157906,1200.0,100.0,150.58604431152344,-0.73638713,0.16614947,-0.4255209,-0.892125,-0.03839177744729178,0.5147485907423837,0.6202242374420166,-0.8327656388282776,-112.65585327148438,325.7064271131678,-1.1198513763291496,0.24381148610615888,-0.8913540244102478,-1.6080505847930908,-0.03397348416703088,0.0020488177404645778,-0.032800331711769104,-0.03885815292596817,0.9719956602369036,0.0012105662776490068,0.973608136177063,0.9698071479797363,1.3905338048934937,0.0012455672101352702,1.3921921253204346,1.3882805109024048,4.856492042541504,52,216.66666666666666,211.47629234082535,600.0,0.0,-111.90901947021484,-4.802692,0.029155578,-4.769826,-4.8437123,-57.47437,26.945105,-19.36256,-76.77391,532.17919921875,328.575680570882,128.0,0.0,128,128,0.0004924662092081911,0.005077057951856841,0.07669649888473704,0.0,2.72165635693167,4.774377986168053,22.49861128968944,0.720338306457416,0.01370176724481168,0.010545171828626165,0.04938241121968383,0.002777773919758445,0.5903382763943611,0.30785770957523456,0.9499525023748812,0.0,0.8273889408211573,0.27632020336592616,1.114397281380257,0.01800202686870187,-139.89551156882033,227.2273827556854,93.59879365619958,-1345.5,12.81618399292543,37.88368561256551,283.0,-1.0,-378.4036458333333,575.0055670810569,-1.0,-2690.0,150.4100408032858,225.802876598814,1344.5,0.24348557933784382,0.0007139977028187498,0.0002169520679490203,0.0010976948408342481,0.0004086636697997548,1.0,0.0,1.0,1.0,0.0,0.0,0.0,0.0,0.026398300358973326,0.004070697735863058,0.0331132889769448,0.020211300398656703,0.8429657688742432,0.3593369545961343,0.9998646453703548,0.0,0.0,0.0,0.0,0.0,0.00046189851699564023,0.004756638872599629,0.07142857142856633,0.0,0.15657233260845427,0.3595066718614961,0.9999999999999948,0.0,0.0,0.0,0.0,0.0,0.9956307458925924,0.020430358932309045,0.9999999999999998,0.8888888866665693,0.15330872601320658,0.3388361439961522,0.9947145203371446,0.0,0.013005737767107383,0.04241018198574341,0.2653061224489417,0.0,0.996611602207568,0.011201879786392822,0.9999999999999948,0.9285714285713622,0.0098375851908677,0.02736620770173543,0.15988106068330293,0.0,12.0,5.656854249492381,16,4,2.1666666666666665,2.1147629234082532,6.0,0.0,900.0,1052.6420727547104,3091,31,0.0,0.0,0.0,0.0,216.66666666666666,211.47629234082535,600.0,0.0,18.76406208139884,10.786055209246644,37.38392326766321,0.03424013183895499,2.0000006770715117e-06,0.010200299991993234,11.023263499999302,0.454908699990483,11.488374499982456,939.538032199911
680903265,62674613,529827668,933694474,333.33333333333337,263.67367999823097,800.0,0.0,6.8642144203186035,-0.734518,0.17597413,-0.3392409,-0.8938524,0.07346052570002419,0.5217925437358345,0.6667672395706177,-0.8884474635124207,9.082010269165039,326.46911773518434,-1.157288440636226,0.3247142472931805,-0.8966138362884521,-1.8967406749725342,-0.03591836776052203,0.0025866832908998734,-0.03291310369968414,-0.03912997990846634,0.9729970608438764,0.001995556053033946,0.9753656983375549,0.9701084494590759,1.3915621893746513,0.0020520374972302553,1.393995761871338,1.3885910511016846,4.855020999908447,53,333.33333333333337,263.67367999823097,800.0,0.0,4.2818779945373535,-4.812678,0.027758544,-4.778972,-4.8598666,-64.53391,20.047455,-24.299334,-77.33192,-18.442203521728516,329.0514458471271,128.0,0.0,128,128,0.00030344937682581314,0.003868991907940475,0.07669649888473704,0.0,2.767341498570553,4.8226305374245095,22.49861128968944,0.720338306457416,0.012631183099693497,0.009543658299738828,0.04938241121968383,0.002777773919758445,0.5973429923485983,0.319412761866854,0.9499525023748812,0.0,0.8771968494277161,0.23462675934633653,1.114397281380257,0.01800202686870187,-118.29964485565738,215.70484186689328,93.59879365619958,-1345.5,11.421676091763526,35.29084679338672,283.0,-1.0,-333.36607142857144,572.7225256947188,-1.0,-2690.0,127.9769745550219,215.4460213529501,1344.5,0.24348557933784382,0.0006531604993620287,0.00021714613394526502,0.0010976948408342481,0.0004086636697997548,1.0,0.0,1.0,1.0,0.0,0.0,0.0,0.0,0.02522532972277446,0.004045920001424379,0.0331132889769448,0.020211300398656703,0.8360584962462596,0.367467236038746,0.9998646453703548,0.0,0.0,0.0,0.0,0.0,0.00028288249437014804,0.0036271657263684236,0.07142857142856633,0.0,0.16365862125902053,0.367575288153896,0.9999999999999948,0.0,0.0,0.0,0.0,0.0,0.9951851256089613,0.021496400426322074,0.9999999999999998,0.8888888866665693,0.15918426643534314,0.3454226999299355,0.9947145203371446,0.0,0.008130070153629045,0.03262018846916279,0.2653061224489417,0.0,0.9978888533891074,0.008612324432070982,0.9999999999999948,0.9285714285713622,0.006495029552983698,0.021141484086045482,0.15988106068330293,0.0,13.428571428571429,4.203982562732046,16,5,3.4285714285714284,2.718042512920064,8.0,0.0,1255.142857142857,1098.1764662477558,3421,50,0.0,0.0,0.0,0.0,333.33333333333337,263.67367999823097,800.0,0.0,19.009135712047602,10.08871394353165,37.728423430584044,0.037520000000000005,2.0000006770715117e-06,0.00971199999912642,15.97447000000102,0.8239809999940917,16.808164999994915,956.3497910998994
67951712,81608887,770677053,350867000,333.33333333333337,263.67367999823097,800.0,0.0,6.8642144203186035,-0.734518,0.17597413,-0.3392409,-0.8938524,0.07346052570002419,0.5217925437358345,0.6667672395706177,-0.8884474635124207,9.082010269165039,326.46911773518434,-1.157288440636226,0.3247142472931805,-0.8966138362884521,-1.8967406749725342,-0.03591836776052203,0.0025866832908998734,-0.03291310369968414,-0.03912997990846634,0.9729970608438764,0.001995556053033946,0.9753656983375549,0.9701084494590759,1.3915621893746513,0.0020520374972302553,1.393995761871338,1.3885910511016846,4.858569622039795,54,200.0,212.13203435596427,500.0,0.0,-116.14630126953125,-4.8055735,0.020874213,-4.7669,-4.8337,-69.0418,20.621815,-14.487461,-77.3392,558.0143432617188,316.1463012624144,128.0,0.0,128,128,0.000296102973552699,0.002872854554397337,0.07669649888473704,0.0,2.4608355040914613,4.548487922700926,22.49861128968944,0.720338306457416,0.01770887557559289,0.010767949787474706,0.04938241121968383,0.002777773919758445,0.6102944227767018,0.2987422262343211,0.9499525023748812,0.0,0.8754234254146045,0.21303441330857809,1.114397281380257,0.01800202686870187,-127.54545051834329,274.70520672610064,93.59879365619958,-1345.5,10.243289318398842,34.20971698590674,283.0,-1.0,-348.87890625,666.9505777993814,-1.0,-2690.0,141.97030133242845,284.08075146363524,1344.5,0.24348557933784382,0.0007961519775551622,0.0003193869557979759,0.0010976948408342481,0.0004086636697997548,1.0,0.0,1.0,1.0,0.0,0.0,0.0,0.0,0.027563434274591805,0.005972704793183852,0.0331132889769448,0.020211300398656703,0.8598889849313424,0.3450763023831284,0.9998646453703548,0.0,0.0,0.0,0.0,0.0,0.0002805369283446524,0.002722606084357742,0.07142857142856633,0.0,0.139830478139905,0.3451791746625581,0.9999999999999948,0.0,0.0,0.0,0.0,0.0,0.9957235751178511,0.02028702711145618,0.9999999999999998,0.8888888866665693,0.15270447421294905,0.3203596918578562,0.9947145203371446,0.0,0.005609056233104712,0.02239992906566515,0.2653061224489417,0.0,0.9985608599313343,0.005899566581085239,0.9999999999999948,0.9285714285713622,0.005115225374455492,0.014864745412528314,0.15988106068330293,0.0,14.375,4.29934588047996,16,3,2.0,2.1213203435596424,5.0,0.0,877.625,1046.8152818788042,2524,23,0.0,0.0,0.0,0.0,200.0,212.13203435596427,500.0,0.0,16.266075984198054,17.19435979624465,37.136556953134544,0.03424013183895499,1.600012183189392e-06,0.009141700007603504,15.549446700009867,0.7905558000056772,16.34914580003533,972.7023218999238
819896025,220438933,1062243559,300997728,283.3333333333333,260.87459737497545,600.0,0.0,-38.82221603393555,-0.75215703,0.16781975,-0.41194415,-0.89005023,0.1310239185889562,0.48475789199058367,0.9187994599342346,-0.48372653126716614,40.7830810546875,322.15553929499924,-1.1973041594028473,0.4935962696925004,-0.8902942538261414,-2.271071434020996,-0.03586699068546295,0.0027024911547732073,-0.032844409346580505,-0.03903547674417496,0.9717753728230795,0.001949820417795577,0.9737191796302795,0.9681878089904785,1.3903058966000874,0.0020078577744143803,1.3923062086105347,1.3866093158721924,4.855107307434082,55,283.3333333333333,260.87459737497545,600.0,0.0,-29.531658172607422,-4.7914486,0.010889774,-4.7709613,-4.804482,-76.66318,0.17423639,-76.33538,-76.87171,141.33197021484375,312.8650044695063,128.0,0.0,128,128,0.0002744922288207912,0.003116538702260149,0.07669649888473704,0.0,2.707776042622644,4.829201011501439,22.49861128968944,0.720338306457416,0.01533491868822777,0.010440459252452024,0.04938241121968383,0.002777773919758445,0.6022681647755567,0.31282912226577975,0.9499525023748812,0.0,0.8817874938948737,0.2156469814176979,1.114397281380257,0.01800202686870187,-121.35864694560452,247.91623898890745,93.59879365619958,-1345.5,11.432792171494347,35.72451312034202,283.0,-1.0,-340.3346354166667,624.0304844887157,-1.0,-2690.0,133.79434309432696,252.90774294518505,1344.5,0.24348557933784382,0.0007142423053560698,0.00029436506444916794,0.0010976948408342481,0.0004086636697997548,1.0,0.0,1.0,1.0,0.0,0.0,0.0,0.0,0.02614559289057855,0.005482105881344311,0.0331132889769448,0.020211300398656703,0.8447915523838675,0.3600048543073597,0.9998646453703548,0.0,0.0,0.0,0.0,0.0,0.0002573051688336201,0.0029372067229773446,0.07142857142856633,0.0,0.15495114244691952,0.3601035640812377,0.9999999999999948,0.0,0.0,0.0,0.0,0.0,0.9954998707825649,0.020722006200962515,0.9999999999999998,0.8888888866665693,0.15998792690567995,0.3366796585267716,0.9947145203371446,0.0,0.006061161117956089,0.025403898923076866,0.2653061224489417,0.0,0.9984373857171921,0.006699420836375772,0.9999999999999948,0.9285714285713622,0.005276836179810546,0.0166556405677185,0.15988106068330293,0.0,16.0,0.0,16,16,2.8333333333333335,2.608745973749755,6.0,0.0,896.1666666666666,781.370039666795,1870,31,0.0,0.0,0.0,0.0,283.3333333333333,260.87459737497545,600.0,0.0,19.14527850455383,15.785180503582211,39.665780232891095,0.03424013183895499,1.5999976312741637e-06,0.009802599990507588,12.781903199997032,0.8184696999960579,13.610177099981229,986.3156363999005
740196857,955523027,588993561,1042666993,283.3333333333333,260.87459737497545,600.0,0.0,-38.82221603393555,-0.75215703,0.16781975,-0.41194415,-0.89005023,0.1310239185889562,0.48475789199058367,0.9187994599342346,-0.48372653126716614,40.7830810546875,322.15553929499924,-1.1973041594028473,0.4935962696925004,-0.8902942538261414,-2.271071434020996,-0.03586699068546295,0.0027024911547732073,-0.032844409346580505,-0.03903547674417496,0.9717753728230795,0.001949820417795577,0.9737191796302795,0.9681878089904785,1.3903058966000874,0.0020078577744143803,1.3923062086105347,1.3866093158721924,4.856376647949219,56,433.3333333333333,274.87370837451067,900.0,100.0,108.42149353027344,-4.7890854,0.028742958,-4.733198,-4.8213005,-72.646935,9.014218,-52.51535,-77.14081,-522.76953125,324.91183735588896,128.0,0.0,128,128,0.0002975943859780871,0.004100889036838832,0.07669649888473704,0.0,3.0648239809407323,5.147933789440426,22.49861128968944,0.9934445512079338,0.01072566687174166,0.008207655887157718,0.041558333614717884,0.002777773919758445,0.587307949735709,0.3320846811416502,0.9499525023748812,0.0,0.8784347263842477,0.23985700734809087,1.1071123296147096,0.01800202686870187,-115.1821560752872,186.14379397958731,93.59879365619958,-585.5,13.265605848723348,37.79447992826178,283.0,-1.0,-332.9075520833333,528.1377198125499,-1.0,-2379.0,123.44612685878201,178.06917791924067,714.082628272107,0.24348557933784382,0.0005790714424499921,0.00012879000578383068,0.0007524454477050414,0.0004086636697997548,1.0,0.0,1.0,1.0,0.0,0.0,0.0,0.0,0.023910669847079402,0.0026456377894392537,0.0274204170929851,0.020211300398656703,0.8206247487755904,0.38078693024228416,0.9998646453703548,0.0,0.0,0.0,0.0,0.0,0.00027437926665174403,0.0038366850336325827,0.07142857142856633,0.0,0.1791008719574425,0.38089661869315766,0.9999999999999948,0.0,0.0,0.0,0.0,0.0,0.995091865554599,0.021556564165812364,0.9999999999999998,0.8888888866668218,0.16814385013418312,0.3609935856703971,0.9947145203371446,0.0,0.0088043369157679,0.035027649092674674,0.2653061224489417,0.0,0.997708082108914,0.00925098774236694,0.9999999999999948,0.9285714285713622,0.006838353656367802,0.022633452614267403,0.15988106068330293,0.0,15.166666666666666,1.863389981249825,16,11,4.333333333333333,2.748737083745107,9.0,1.0,2161.1666666666665,1442.0829167869956,4448,327,0.0,0.0,0.0,0.0,433.3333333333333,274.87370837451067,900.0,100.0,22.140539177808957,6.842372554484225,37.38305908932791,18.582300000000004,1.5999976312741637e-06,0.009630899992771447,19.157946999999695,0.6896639000042342,19.85724339999433,1006.176243899914
784241550,824445069,845327572,920460916,500.0,0.0,500.0,500.0,160.06002807617188,-0.54420245,0.1274965,-0.42243862,-0.75066864,0.10565527528524399,0.7618827654490204,0.9136647582054138,-0.8084865212440491,-87.10505676269531,339.93998536549935,-1.5839959383010864,0.42798613526022616,-1.0183191299438477,-2.2229299545288086,-0.03409527987241745,0.0005313493311405182,-0.03356393054127693,-0.03462662920355797,0.9690908789634705,0.0008848905563354492,0.9699757695198059,0.968205988407135,1.3875412344932556,0.000913083553314209,1.3884543180465698,1.3866281509399414,4.856186866760254,57,500.0,0.0,500.0,500.0,157.579345703125,-4.7952623,0.017563406,-4.76904,-4.817488,-76.7242,0.2810145,-76.30464,-77.07981,-755.63427734375,342.4206536203001,128.0,0.0,128,128,3.229979949364121e-05,0.00010746298402376154,0.0007145765259000703,0.0,3.61215653591784,5.7578114023313045,22.49861128968944,1.010809938970694,0.010171019038765147,0.006547110003438778,0.027777739197584448,0.002777773919758445,0.5829387458859392,0.35772650383196936,0.9499525023748812,0.0,0.9427583442689057,0.13529533065389332,1.0548142744057427,0.16361343296583433,-90.3936909746462,168.87246607366225,88.5,-581.0,15.45037396457135,40.36887545306755,283.0,-1.0,-294.26171875,524.1406041412417,-1.0,-2379.0,99.43132589614999,157.38548241263206,714.082628272107,0.24348557933784382,0.0004644775164815632,5.5813846681808366e-05,0.0005202913631633715,0.0004086636697997548,1.0,0.0,1.0,1.0,0.0,0.0,0.0,0.0,0.021507630948969937,0.001296330550313234,0.02280396149928317,0.020211300398656703,0.7965125028289006,0.40214203643113006,0.9998646453703548,0.0,0.0,0.0,0.0,0.0,2.0228799290989843e-05,6.0623748155332695e-05,0.00024950099800399194,0.0,0.20346726837146625,0.40215221037932436,0.9999999999999944,0.0,0.0,0.0,0.0,0.0,0.9949342517841737,0.02156466288060712,0.9999999999999998,0.8888888866668222,0.19378777876201786,0.3827272773963079,0.9944134078212236,0.0,0.0014484728033316795,0.001986620597231215,0.008911949621931743,0.0,0.9996375028288906,0.0004975597807899512,0.9999999999999944,0.9977670264228143,0.0018851701929792142,0.0023221150740167346,0.010253260956108677,0.0,16.0,0.0,16,16,5.0,0.0,5.0,5.0,2154.0,680.864156789003,2842,1022,0.0,0.0,0.0,0.0,500.0,0.0,500.0,500.0,28.188453080925527,8.985359731454594,37.21104569930103,18.874425176241704,6.699992809444666e-06,0.011733799998182803,18.213031799998134,0.5193506999930833,18.74412299998221,1024.923491499896
283468587,989400710,23463629,35422904,500.0,0.0,500.0,500.0,160.06002807617188,-0.54420245,0.1274965,-0.42243862,-0.75066864,0.10565527528524399,0.7618827654490204,0.9136647582054138,-0.8084865212440491,-87.10505676269531,339.93998536549935,-1.5839959383010864,0.42798613526022616,-1.0183191299438477,-2.2229299545288086,-0.03409527987241745,0.0005313493311405182,-0.03356393054127693,-0.03462662920355797,0.9690908789634705,0.0008848905563354492,0.9699757695198059,0.968205988407135,1.3875412344932556,0.000913083553314209,1.3884543180465698,1.3866281509399414,4.855959892272949,58,216.66666666666666,157.2330188676101,400.0,0.0,-113.17858123779297,-4.8055787,0.030747103,-4.7614827,-4.856735,-60.738235,22.575207,-24.283676,-76.83567,546.2546997070312,329.84525492493674,128.0,0.0,128,128,0.00034491499207513297,0.004177232068363464,0.07669649888473704,0.0,2.503611111654599,4.446542039887623,22.49861128968944,0.720338306457416,0.012913466148134267,0.009846981792331344,0.04938241121968383,0.0029112039138225417,0.6036070419666745,0.30920508493760857,0.9374414099118804,0.0,0.868509661573306,0.24510863174223477,1.114397281380257,0.01800202686870187,-121.4337565527124,222.22767817259518,93.59879365619958,-1345.5,9.697445911444262,32.46411513898092,188.19758731239915,-1.0,-333.484375,581.7298398111384,-1.0,-2690.0,130.84523011245523,224.43492835687957,1344.5,0.33449400781347277,0.000693909970955741,0.00020829677871353833,0.0010976948408342481,0.0005202913631633715,1.0,0.0,1.0,1.0,0.0,0.0,0.0,0.0,0.026061001276794084,0.003769520501451581,0.0331132889769448,0.02280396149928317,0.8465627782319043,0.3571978928396266,0.999859609714668,0.0,0.0,0.0,0.0,0.0,0.0003239363858504782,0.003916156088868438,0.07142857142856633,0.0,0.15311328538188404,0.3573152615294662,0.9999999999999948,0.0,0.0,0.0,0.0,0.0,0.9951186042149968,0.021821748926148646,0.9999999999999998,0.8888888866665693,0.14917912239882183,0.3339535822792609,0.9947145203371446,0.0,0.00921562437905283,0.03510349890079015,0.2653061224489417,0.0,0.9976044448985615,0.009268782124443523,0.9999999999999948,0.9285714285713622,0.007230788108699236,0.022724658206996193,0.15988106068330293,0.0,12.666666666666666,4.749268949591669,16,5,2.1666666666666665,1.5723301886761005,4.0,0.0,598.5,430.16653751773856,1120,4,0.0,0.0,0.0,0.0,216.66666666666666,157.2330188676101,400.0,0.0,16.018897640059123,7.174707975473779,20.4862,0.041800000000000004,1.4999968698248267e-06,0.009972400002880022,11.031403000000864,0.46746149999671616,11.50883839999733,1036.4356185998913
16648123,895794063,743134744,211760123,257.14285714285717,198.97697538834458,600.0,100.0,-74.51742553710938,-0.67943954,0.21482544,-0.28755164,-0.8841756,-0.28261674142309595,0.5365353762889439,0.5671032071113586,-0.9812207221984863,40.01039505004883,331.6602725432351,-1.5679815326418196,1.001597100743797,-0.8864415884017944,-3.7151851654052734,-0.038902015558310916,0.00280017661576709,-0.03536149859428406,-0.041476354002952576,0.9632803968020848,0.002463377004763439,0.9662461280822754,0.9605428576469421,1.3815245458057948,0.0025575065213089515,1.3846018314361572,1.3786818981170654,4.856035232543945,59,257.14285714285717,198.97697538834458,600.0,100.0,-65.43215942382812,-4.8064246,0.01964847,-4.7845764,-4.837722,-71.37398,13.340509,-38.701775,-77.208405,314.932373046875,322.5750151467288,128.0,0.0,128,128,0.00042992184865414863,0.0047031792839433454,0.07669649888473704,0.0,2.954237423093756,5.075047378276854,22.49861128968944,0.720338306457416,0.013306869753988421,0.010185412678547367,0.04938241121968383,0.002777773919758445,0.5859697647151868,0.3181052409156389,0.9499525023748812,0.0,0.8419505173544456,0.264232508463036,1.114397281380257,0.01800202686870187,-134.1240062980356,220.44415772131265,93.59879365619958,-1345.5,14.094880161604525,39.5500482394598,283.0,-1.0,-371.86830357142856,567.0980861830511,-1.0,-2690.0,144.7468122900195,216.9976399228772,1344.5,0.24348557933784382,0.0006703785552446075,0.00022750813492460916,0.0010976948408342481,0.0004086636697997548,1.0,0.0,1.0,1.0,0.0,0.0,0.0,0.0,0.025514443221785244,0.0043463289070336366,0.0331132889769448,0.020211300398656703,0.8329753453682643,0.3691649152934232,0.9998646453703548,0.0,0.0,0.0,0.0,0.0,0.00040113574963742977,0.004406401327563869,0.07142857142856633,0.0,0.16662351888179502,0.36931960357998866,0.9999999999999948,0.0,0.0,0.0,0.0,0.0,0.9956241041897576,0.020289855512938014,0.9999999999999998,0.8888888866665693,0.16272392667624436,0.34937624532881073,0.9947145203371446,0.0,0.011378738771961518,0.03947590509579421,0.2653061224489417,0.0,0.9970378453682558,0.010425717164230412,0.9999999999999948,0.9285714285713622,0.008729427051985237,0.025502302824807765,0.15988106068330293,0.0,14.857142857142858,2.7994168488950613,16,8,2.5714285714285716,1.9897697538834456,6.0,1.0,955.7142857142857,964.4968657707668,3000,53,0.0,0.0,0.0,0.0,257.14285714285717,198.97697538834458,600.0,100.0,21.6896343543531,11.82058359149602,37.2662825,0.037520000000000005,1.5999976312741637e-06,0.012678300001425669,16.955956899997545,0.7895455999969272,17.75818239999353,1054.1969977998815
908491913,81011138,533739719,739929909,257.14285714285717,198.97697538834458,600.0,100.0,-74.51742553710938,-0.67943954,0.21482544,-0.28755164,-0.8841756,-0.28261674142309595,0.5365353762889439,0.5671032071113586,-0.9812207221984863,40.01039505004883,331.6602725432351,-1.5679815326418196,1.001597100743797,-0.8864415884017944,-3.7151851654052734,-0.038902015558310916,0.00280017661576709,-0.03536149859428406,-0.041476354002952576,0.9632803968020848,0.002463377004763439,0.9662461280822754,0.9605428576469421,1.3815245458057948,0.0025575065213089515,1.3846018314361572,1.3786818981170654,4.858280658721924,60,400.0,393.70039370059055,1000.0,0.0,69.6824951171875,-4.8153276,0.03304287,-4.7849913,-4.8708477,-56.407383,25.342878,-14.612543,-76.76584,-346.48272705078125,330.3175136320559,128.0,0.0,128,128,0.0003134295914206709,0.003685241177506135,0.07669649888473704,0.0,2.7286214578300276,4.819743750669318,22.49861128968944,0.720338306457416,0.014251936713228306,0.010252672091763164,0.04938241121968383,0.002777773919758445,0.599074261496816,0.3142970336224065,0.9499525023748812,0.0,0.872908849781635,0.231569828825152,1.114397281380257,0.01800202686870187,-122.9130823656053,235.40966529231167,93.59879365619958,-1345.5,11.617899576320596,35.89347015189998,283.0,-1.0,-343.30859375,601.7185045153152,-1.0,-2690.0,134.20913915576972,238.03065146390344,1344.5,0.24348557933784382,0.0006947738303756039,0.00026361644081108343,0.0010976948408342481,0.0004086636697997548,1.0,0.0,1.0,1.0,0.0,0.0,0.0,0.0,0.025887241991967444,0.00490635589023878,0.0331132889769448,0.020211300398656703,0.8417638822251344,0.3623269784127145,0.9998646453703548,0.0,0.0,0.0,0.0,0.0,0.0002933425017082454,0.0034614693548883236,0.07142857142856633,0.0,0.1579427752727973,0.3624382668404675,0.9999999999999948,0.0,0.0,0.0,0.0,0.0,0.9954175711968767,0.020933096494782075,0.9999999999999998,0.8888888866665693,0.15882141663432642,0.3397856555816574,0.9947145203371446,0.0,0.00766643808146357,0.03067917302155779,0.2653061224489417,0.0,0.9980138822251255,0.00809713469896154,0.9999999999999948,0.9285714285713622,0.006286363481873434,0.019948521057241746,0.15988106068330293,0.0,11.75,5.3091901453988255,16,3,4.0,3.9370039370059056,10.0,0.0,2065.0,2175.5005171224393,5453,14,0.0,0.0,0.0,0.0,400.0,393.70039370059055,1000.0,0.0,18.654499903837454,13.116055127911993,37.13036,0.03424013183895499,2.2000021999701858e-06,0.010501700002350844,20.63692119999905,0.462254900005064,21.109680000008666,1075.31040699991
