train 1th process seed,evaluate 1th process seed,training_highlevel_policy/Neg Reward Mean,training_highlevel_policy/Neg Reward Std,training_highlevel_policy/Neg Reward Max,training_highlevel_policy/Neg Reward Min,training_highlevel_policy/Neg Advantage,training_highlevel_policy/logprobs Mean,training_highlevel_policy/logprobs Std,training_highlevel_policy/logprobs Max,training_highlevel_policy/logprobs Min,training_highlevel_policy/cut_percent_actions Mean,training_highlevel_policy/cut_percent_actions Std,training_highlevel_policy/cut_percent_actions Max,training_highlevel_policy/cut_percent_actions Min,training_highlevel_policy/reinforce loss,training_highlevel_policy/Critic Value,training_highlevel_policypre_log_prob Mean,training_highlevel_policypre_log_prob Std,training_highlevel_policypre_log_prob Max,training_highlevel_policypre_log_prob Min,training_highlevel_policymean Mean,training_highlevel_policymean Std,training_highlevel_policymean Max,training_highlevel_policymean Min,training_highlevel_policystd Mean,training_highlevel_policystd Std,training_highlevel_policystd Max,training_highlevel_policystd Min,training_highlevel_policyentropy Mean,training_highlevel_policyentropy Std,training_highlevel_policyentropy Max,training_highlevel_policyentropy Min,pos_1_entropy,Epoch,training/Neg Reward Mean,training/Neg Reward Std,training/Neg Reward Max,training/Neg Reward Min,training/Neg Advantage,training/logprobs Mean,training/logprobs Std,training/logprobs Max,training/logprobs Min,training/reinforce loss,training/Critic Value,training/len cuts Mean,training/len cuts Std,training/len cuts Max,training/len cuts Min,training/cut 1 th feature Mean,training/cut 1 th feature Std,training/cut 1 th feature Max,training/cut 1 th feature Min,training/cut 2 th feature Mean,training/cut 2 th feature Std,training/cut 2 th feature Max,training/cut 2 th feature Min,training/cut 3 th feature Mean,training/cut 3 th feature Std,training/cut 3 th feature Max,training/cut 3 th feature Min,training/cut 4 th feature Mean,training/cut 4 th feature Std,training/cut 4 th feature Max,training/cut 4 th feature Min,training/cut 5 th feature Mean,training/cut 5 th feature Std,training/cut 5 th feature Max,training/cut 5 th feature Min,training/cut 6 th feature Mean,training/cut 6 th feature Std,training/cut 6 th feature Max,training/cut 6 th feature Min,training/cut 7 th feature Mean,training/cut 7 th feature Std,training/cut 7 th feature Max,training/cut 7 th feature Min,training/cut 8 th feature Mean,training/cut 8 th feature Std,training/cut 8 th feature Max,training/cut 8 th feature Min,training/cut 9 th feature Mean,training/cut 9 th feature Std,training/cut 9 th feature Max,training/cut 9 th feature Min,training/cut 10 th feature Mean,training/cut 10 th feature Std,training/cut 10 th feature Max,training/cut 10 th feature Min,training/cut 11 th feature Mean,training/cut 11 th feature Std,training/cut 11 th feature Max,training/cut 11 th feature Min,training/cut 12 th feature Mean,training/cut 12 th feature Std,training/cut 12 th feature Max,training/cut 12 th feature Min,training/cut 13 th feature Mean,training/cut 13 th feature Std,training/cut 13 th feature Max,training/cut 13 th feature Min,training/cut 14 th feature Mean,training/cut 14 th feature Std,training/cut 14 th feature Max,training/cut 14 th feature Min,training/cut 15 th feature Mean,training/cut 15 th feature Std,training/cut 15 th feature Max,training/cut 15 th feature Min,training/cut 16 th feature Mean,training/cut 16 th feature Std,training/cut 16 th feature Max,training/cut 16 th feature Min,training/cut 17 th feature Mean,training/cut 17 th feature Std,training/cut 17 th feature Max,training/cut 17 th feature Min,training/cut 18 th feature Mean,training/cut 18 th feature Std,training/cut 18 th feature Max,training/cut 18 th feature Min,training/cut 19 th feature Mean,training/cut 19 th feature Std,training/cut 19 th feature Max,training/cut 19 th feature Min,training/cut 20 th feature Mean,training/cut 20 th feature Std,training/cut 20 th feature Max,training/cut 20 th feature Min,training/cut 21 th feature Mean,training/cut 21 th feature Std,training/cut 21 th feature Max,training/cut 21 th feature Min,training/cut 22 th feature Mean,training/cut 22 th feature Std,training/cut 22 th feature Max,training/cut 22 th feature Min,training/cut 23 th feature Mean,training/cut 23 th feature Std,training/cut 23 th feature Max,training/cut 23 th feature Min,training/sel cuts num Mean,training/sel cuts num Std,training/sel cuts num Max,training/sel cuts num Min,training/solving_time Mean,training/solving_time Std,training/solving_time Max,training/solving_time Min,training/ntotal_nodes Mean,training/ntotal_nodes Std,training/ntotal_nodes Max,training/ntotal_nodes Min,training/primal_dual_gap Mean,training/primal_dual_gap Std,training/primal_dual_gap Max,training/primal_dual_gap Min,training/primaldualintegral Mean,training/primaldualintegral Std,training/primaldualintegral Max,training/primaldualintegral Min,time/evaluating (s),time/online_testing (s),time/sampling data (s),time/training (s),time/epoch (s),time/total (s)
717354021,1061650667,15.0,13.038404810405298,29.0,1.0,0.0,-0.44525838,0.14645737,-0.26861048,-0.6545822,0.4061666429042816,0.7076490346747513,0.9046108722686768,-0.8094135522842407,0.34467077255249023,15.0,-1.6275021731853485,0.26746795287894604,-1.238674521446228,-1.9741177558898926,0.01925676316022873,0.0,0.01925676316022873,0.01925676316022873,1.033544898033142,0.0,1.033544898033142,1.033544898033142,1.4519330263137817,0.0,1.4519330263137817,1.4519330263137817,4.563389778137207,1,15.0,13.038404810405298,29.0,1.0,0.0,-257.4994,125.61884,-40.654625,-340.09634,817.713623046875,15.0,95.0,0.0,95,95,0.0,0.0,0.0,0.0,0.07742630184058645,0.03552493677950279,0.12771609425284192,0.01202731888127659,0.013289440460609377,0.012519759128343796,0.03499991250021875,0.00499998750003125,0.9996290457016002,0.00019430659878264008,0.9999285765302479,0.9995002498750625,0.0843491331251279,0.05754689149127929,0.16271876813125183,0.0035809343462260244,-0.24260651629072677,0.36847223972591936,0.0,-0.8461538461538461,1.0,0.0,1.0,1.0,-1.0,0.0,-1.0,-1.0,0.8763180594622308,0.19348629270568984,1.0,0.5329387100211931,0.0009727626459143969,0.0,0.0009727626459143969,0.0009727626459143969,1.0,0.0,1.0,1.0,0.0,0.0,0.0,0.0,0.031173969569965102,6.938893903907228e-18,0.03117396956996511,0.03117396956996511,0.0,0.0,0.0,0.0,0.0,0.0,0.0,0.0,0.0,0.0,0.0,0.0,0.0,0.0,0.0,0.0,0.0,0.0,0.0,0.0,0.9999999999996287,1.9443094211688347e-13,0.9999999999999286,0.9999999999995,0.9999999999996287,1.9443094211688347e-13,0.9999999999999286,0.9999999999995,0.0,0.0,0.0,0.0,0.9999999999996287,1.9443094211688347e-13,0.9999999999999286,0.9999999999995,0.0,0.0,0.0,0.0,66.5,33.455193916640205,90,9,15.0,13.038404810405298,29.0,1.0,43826.5,42266.01425199684,88369,527,0.0,0.0,0.0,0.0,179.86902748553211,147.3259873269914,368.8,15.53927797294267,1.7000002117129043e-06,0.0007393000005322392,59.55992630000037,0.829206699999304,60.38987400000042,60.39008020000074
712789579,547502149,15.0,13.038404810405298,29.0,1.0,0.0,-0.44525838,0.14645737,-0.26861048,-0.6545822,0.4061666429042816,0.7076490346747513,0.9046108722686768,-0.8094135522842407,0.34467077255249023,15.0,-1.6275021731853485,0.26746795287894604,-1.238674521446228,-1.9741177558898926,0.01925676316022873,0.0,0.01925676316022873,0.01925676316022873,1.033544898033142,0.0,1.033544898033142,1.033544898033142,1.4519330263137817,0.0,1.4519330263137817,1.4519330263137817,4.563565254211426,2,8.25,11.431863365173676,28.0,1.0,-6.074999809265137,-161.51079,137.2769,-22.697773,-318.2702,-9.83538818359375,14.325,95.0,0.0,95,95,0.0,0.0,0.0,0.0,0.07742630184058645,0.03552493677950279,0.12771609425284192,0.01202731888127659,0.013289440460609377,0.012519759128343796,0.03499991250021875,0.00499998750003125,0.9996290457016002,0.00019430659878264008,0.9999285765302479,0.9995002498750625,0.0843491331251279,0.05754689149127929,0.16271876813125183,0.0035809343462260244,-0.24260651629072677,0.36847223972591936,0.0,-0.8461538461538461,1.0,0.0,1.0,1.0,-1.0,0.0,-1.0,-1.0,0.8763180594622308,0.19348629270568984,1.0,0.5329387100211931,0.0009727626459143969,0.0,0.0009727626459143969,0.0009727626459143969,1.0,0.0,1.0,1.0,0.0,0.0,0.0,0.0,0.031173969569965102,6.938893903907228e-18,0.03117396956996511,0.03117396956996511,0.0,0.0,0.0,0.0,0.0,0.0,0.0,0.0,0.0,0.0,0.0,0.0,0.0,0.0,0.0,0.0,0.0,0.0,0.0,0.0,0.9999999999996287,1.9443094211688347e-13,0.9999999999999286,0.9999999999995,0.9999999999996287,1.9443094211688347e-13,0.9999999999999286,0.9999999999995,0.0,0.0,0.0,0.0,0.9999999999996287,1.9443094211688347e-13,0.9999999999999286,0.9999999999995,0.0,0.0,0.0,0.0,40.0,34.806608567914225,81,5,8.25,11.431863365173676,28.0,1.0,23562.0,36295.38357009056,86333,998,0.0,0.0,0.0,0.0,153.54886363636365,122.68412740656522,359.2,35.79545454545455,1.600000359758269e-06,0.0010020999998232583,33.61405500000001,0.3644256999996287,33.97948439999982,94.3888391999999
65968473,399065700,7.25,9.093266739736606,23.0,2.0,-6.975000381469727,-0.81569725,0.20137893,-0.46740735,-0.9457954,-0.33873351383954287,0.3074146012348154,-0.0379355289041996,-0.8499411940574646,5.006473541259766,14.225,-1.165689542889595,0.337205740082954,-0.9472345113754272,-1.748977780342102,0.04508412629365921,0.0,0.04508412629365921,0.04508412629365921,1.0253322124481201,0.0,1.0253322124481201,1.0253322124481201,1.4439551830291748,0.0,1.4439551830291748,1.4439551830291748,4.563581466674805,3,7.25,9.093266739736606,23.0,2.0,-6.367500305175781,-134.73148,61.545216,-31.74623,-193.17183,551.0910034179688,13.6175,95.0,0.0,95,95,0.0,0.0,0.0,0.0,0.07742630184058645,0.03552493677950279,0.12771609425284192,0.01202731888127659,0.013289440460609377,0.012519759128343796,0.03499991250021875,0.00499998750003125,0.9996290457016002,0.00019430659878264008,0.9999285765302479,0.9995002498750625,0.0843491331251279,0.05754689149127929,0.16271876813125183,0.0035809343462260244,-0.24260651629072677,0.36847223972591936,0.0,-0.8461538461538461,1.0,0.0,1.0,1.0,-1.0,0.0,-1.0,-1.0,0.8763180594622308,0.19348629270568984,1.0,0.5329387100211931,0.0009727626459143969,0.0,0.0009727626459143969,0.0009727626459143969,1.0,0.0,1.0,1.0,0.0,0.0,0.0,0.0,0.031173969569965102,6.938893903907228e-18,0.03117396956996511,0.03117396956996511,0.0,0.0,0.0,0.0,0.0,0.0,0.0,0.0,0.0,0.0,0.0,0.0,0.0,0.0,0.0,0.0,0.0,0.0,0.0,0.0,0.9999999999996287,1.9443094211688347e-13,0.9999999999999286,0.9999999999995,0.9999999999996287,1.9443094211688347e-13,0.9999999999999286,0.9999999999995,0.0,0.0,0.0,0.0,0.9999999999996287,1.9443094211688347e-13,0.9999999999999286,0.9999999999995,0.0,0.0,0.0,0.0,31.0,14.404860290887934,45,7,7.25,9.093266739736606,23.0,2.0,19805.25,30256.609289335447,72176,724,0.0,0.0,0.0,0.0,128.75887808027235,74.01450187061216,246.99545454545148,42.76841598459316,1.7999991541728377e-06,0.0011721000000761705,28.71004559999983,0.40563960000054067,29.1168590999996,123.52400089999992
785794700,1041226708,7.25,9.093266739736606,23.0,2.0,-6.975000381469727,-0.81569725,0.20137893,-0.46740735,-0.9457954,-0.33873351383954287,0.3074146012348154,-0.0379355289041996,-0.8499411940574646,5.006473541259766,14.225,-1.165689542889595,0.337205740082954,-0.9472345113754272,-1.748977780342102,0.04508412629365921,0.0,0.04508412629365921,0.04508412629365921,1.0253322124481201,0.0,1.0253322124481201,1.0253322124481201,1.4439551830291748,0.0,1.4439551830291748,1.4439551830291748,4.563642501831055,4,9.75,14.00669482783144,34.0,1.0,-3.480750322341919,-110.2758,125.007744,-9.142447,-323.83136,709.6515502929688,13.23075,95.0,0.0,95,95,0.0,0.0,0.0,0.0,0.07742630184058645,0.03552493677950279,0.12771609425284192,0.01202731888127659,0.013289440460609377,0.012519759128343796,0.03499991250021875,0.00499998750003125,0.9996290457016002,0.00019430659878264008,0.9999285765302479,0.9995002498750625,0.0843491331251279,0.05754689149127929,0.16271876813125183,0.0035809343462260244,-0.24260651629072677,0.36847223972591936,0.0,-0.8461538461538461,1.0,0.0,1.0,1.0,-1.0,0.0,-1.0,-1.0,0.8763180594622308,0.19348629270568984,1.0,0.5329387100211931,0.0009727626459143969,0.0,0.0009727626459143969,0.0009727626459143969,1.0,0.0,1.0,1.0,0.0,0.0,0.0,0.0,0.031173969569965102,6.938893903907228e-18,0.03117396956996511,0.03117396956996511,0.0,0.0,0.0,0.0,0.0,0.0,0.0,0.0,0.0,0.0,0.0,0.0,0.0,0.0,0.0,0.0,0.0,0.0,0.0,0.0,0.9999999999996287,1.9443094211688347e-13,0.9999999999999286,0.9999999999995,0.9999999999996287,1.9443094211688347e-13,0.9999999999999286,0.9999999999995,0.0,0.0,0.0,0.0,0.9999999999996287,1.9443094211688347e-13,0.9999999999999286,0.9999999999995,0.0,0.0,0.0,0.0,27.25,32.51441987795569,83,2,9.75,14.00669482783144,34.0,1.0,30385.5,50283.470179075746,117475,873,0.0,0.0,0.0,0.0,188.37419354838704,142.03754864022855,434.29677419354834,100.0,1.7999991541728377e-06,0.0011530000001584995,38.55310999999983,0.4061197999999422,38.96038459999909,162.50292379999883
643531643,992617984,8.75,12.295832627357937,30.0,1.0,-4.927499771118164,-0.684635,0.24630432,-0.3870772,-0.9342207,-0.05487665627151728,0.597667201587705,0.8380187749862671,-0.835659921169281,1.8046716451644897,13.6775,-1.2974025905132294,0.3507390719358085,-0.9347242116928101,-1.694100260734558,0.04444614052772522,0.0,0.04444614052772522,0.04444614052772522,1.0137003660202026,0.0,1.0137003660202026,1.0137003660202026,1.4325459003448486,0.0,1.4325459003448486,1.4325459003448486,4.563722133636475,5,8.75,12.295832627357937,30.0,1.0,-4.032674789428711,-181.78983,107.23996,-31.725449,-333.34213,778.843017578125,12.782675000000001,95.0,0.0,95,95,0.0,0.0,0.0,0.0,0.07742630184058645,0.03552493677950279,0.12771609425284192,0.01202731888127659,0.013289440460609377,0.012519759128343796,0.03499991250021875,0.00499998750003125,0.9996290457016002,0.00019430659878264008,0.9999285765302479,0.9995002498750625,0.0843491331251279,0.05754689149127929,0.16271876813125183,0.0035809343462260244,-0.24260651629072677,0.36847223972591936,0.0,-0.8461538461538461,1.0,0.0,1.0,1.0,-1.0,0.0,-1.0,-1.0,0.8763180594622308,0.19348629270568984,1.0,0.5329387100211931,0.0009727626459143969,0.0,0.0009727626459143969,0.0009727626459143969,1.0,0.0,1.0,1.0,0.0,0.0,0.0,0.0,0.031173969569965102,6.938893903907228e-18,0.03117396956996511,0.03117396956996511,0.0,0.0,0.0,0.0,0.0,0.0,0.0,0.0,0.0,0.0,0.0,0.0,0.0,0.0,0.0,0.0,0.0,0.0,0.0,0.0,0.9999999999996287,1.9443094211688347e-13,0.9999999999999286,0.9999999999995,0.9999999999996287,1.9443094211688347e-13,0.9999999999999286,0.9999999999995,0.0,0.0,0.0,0.0,0.9999999999996287,1.9443094211688347e-13,0.9999999999999286,0.9999999999995,0.0,0.0,0.0,0.0,44.5,28.53506614676055,87,7,8.75,12.295832627357937,30.0,1.0,25788.25,40361.89565279981,95601,713,0.0,0.0,0.0,0.0,174.39999999999998,118.0399932226362,378.4,100.0,1.5000005078036338e-06,0.0008576000000175554,35.528436699999475,0.4746175000000221,36.00391330000002,198.52606019999803
900271817,458998904,8.75,12.295832627357937,30.0,1.0,-4.927499771118164,-0.684635,0.24630432,-0.3870772,-0.9342207,-0.05487665627151728,0.597667201587705,0.8380187749862671,-0.835659921169281,1.8046716451644897,13.6775,-1.2974025905132294,0.3507390719358085,-0.9347242116928101,-1.694100260734558,0.04444614052772522,0.0,0.04444614052772522,0.04444614052772522,1.0137003660202026,0.0,1.0137003660202026,1.0137003660202026,1.4325459003448486,0.0,1.4325459003448486,1.4325459003448486,4.563794136047363,6,1.25,0.4330127018922193,2.0,1.0,-10.37940788269043,-160.86612,128.71397,-9.14437,-321.03696,1647.326416015625,11.629407500000001,95.0,0.0,95,95,0.0,0.0,0.0,0.0,0.07742630184058645,0.03552493677950279,0.12771609425284192,0.01202731888127659,0.013289440460609377,0.012519759128343796,0.03499991250021875,0.00499998750003125,0.9996290457016002,0.00019430659878264008,0.9999285765302479,0.9995002498750625,0.0843491331251279,0.05754689149127929,0.16271876813125183,0.0035809343462260244,-0.24260651629072677,0.36847223972591936,0.0,-0.8461538461538461,1.0,0.0,1.0,1.0,-1.0,0.0,-1.0,-1.0,0.8763180594622308,0.19348629270568984,1.0,0.5329387100211931,0.0009727626459143969,0.0,0.0009727626459143969,0.0009727626459143969,1.0,0.0,1.0,1.0,0.0,0.0,0.0,0.0,0.031173969569965102,6.938893903907228e-18,0.03117396956996511,0.03117396956996511,0.0,0.0,0.0,0.0,0.0,0.0,0.0,0.0,0.0,0.0,0.0,0.0,0.0,0.0,0.0,0.0,0.0,0.0,0.0,0.0,0.9999999999996287,1.9443094211688347e-13,0.9999999999999286,0.9999999999995,0.9999999999996287,1.9443094211688347e-13,0.9999999999999286,0.9999999999995,0.0,0.0,0.0,0.0,0.9999999999996287,1.9443094211688347e-13,0.9999999999999286,0.9999999999995,0.0,0.0,0.0,0.0,39.5,32.72231654391235,82,2,1.25,0.4330127018922193,2.0,1.0,1036.5,639.8197011658831,1928,279,0.0,0.0,0.0,0.0,79.8,34.98742631289132,100.0,19.2,4.300000000512227e-06,0.0011759999997593695,5.603757799999585,0.37003919999915524,5.9749772999985,204.51956779999728
517330807,1025836499,20.0,32.334192428449484,76.0,1.0,5.690250396728516,-0.7352296,0.14890452,-0.5151696,-0.9234303,-0.3087962940335274,0.49722805985790486,0.46539437770843506,-0.8191846013069153,-0.04985690116882324,14.309750000000001,-1.2287715673446655,0.25492760509413864,-0.9747101068496704,-1.6270568370819092,0.04274967312812805,0.0,0.04274967312812805,0.04274967312812805,1.0209767818450928,0.0,1.0209767818450928,1.0209767818450928,1.439698338508606,0.0,1.439698338508606,1.439698338508606,4.563867568969727,7,20.0,32.334192428449484,76.0,1.0,7.533531665802002,-136.68106,94.494,-36.15924,-281.5509,871.3035278320312,12.46646675,95.0,0.0,95,95,0.0,0.0,0.0,0.0,0.07742630184058645,0.03552493677950279,0.12771609425284192,0.01202731888127659,0.013289440460609377,0.012519759128343796,0.03499991250021875,0.00499998750003125,0.9996290457016002,0.00019430659878264008,0.9999285765302479,0.9995002498750625,0.0843491331251279,0.05754689149127929,0.16271876813125183,0.0035809343462260244,-0.24260651629072677,0.36847223972591936,0.0,-0.8461538461538461,1.0,0.0,1.0,1.0,-1.0,0.0,-1.0,-1.0,0.8763180594622308,0.19348629270568984,1.0,0.5329387100211931,0.0009727626459143969,0.0,0.0009727626459143969,0.0009727626459143969,1.0,0.0,1.0,1.0,0.0,0.0,0.0,0.0,0.031173969569965102,6.938893903907228e-18,0.03117396956996511,0.03117396956996511,0.0,0.0,0.0,0.0,0.0,0.0,0.0,0.0,0.0,0.0,0.0,0.0,0.0,0.0,0.0,0.0,0.0,0.0,0.0,0.0,0.9999999999996287,1.9443094211688347e-13,0.9999999999999286,0.9999999999995,0.9999999999996287,1.9443094211688347e-13,0.9999999999999286,0.9999999999995,0.0,0.0,0.0,0.0,0.9999999999996287,1.9443094211688347e-13,0.9999999999999286,0.9999999999995,0.0,0.0,0.0,0.0,32.25,23.54118731075389,69,8,20.0,32.334192428449484,76.0,1.0,68843.75,117214.55998803007,271864,486,0.0,0.0,0.0,0.0,265.69210399614826,321.77048784138503,820.0,27.096774193548388,2.1999994714860804e-06,0.0009223000006386428,80.21688510000058,0.39503180000065186,80.61284140000134,285.1508475999981
343334551,237469282,20.0,32.334192428449484,76.0,1.0,5.690250396728516,-0.7352296,0.14890452,-0.5151696,-0.9234303,-0.3087962940335274,0.49722805985790486,0.46539437770843506,-0.8191846013069153,-0.04985690116882324,14.309750000000001,-1.2287715673446655,0.25492760509413864,-0.9747101068496704,-1.6270568370819092,0.04274967312812805,0.0,0.04274967312812805,0.04274967312812805,1.0209767818450928,0.0,1.0209767818450928,1.0209767818450928,1.439698338508606,0.0,1.439698338508606,1.439698338508606,4.563936710357666,8,9.0,12.186057606953941,30.0,1.0,-3.1198196411132812,-234.87106,92.70485,-132.09818,-333.40137,185.7735595703125,12.119820075000002,95.0,0.0,95,95,0.0,0.0,0.0,0.0,0.07742630184058645,0.03552493677950279,0.12771609425284192,0.01202731888127659,0.013289440460609377,0.012519759128343796,0.03499991250021875,0.00499998750003125,0.9996290457016002,0.00019430659878264008,0.9999285765302479,0.9995002498750625,0.0843491331251279,0.05754689149127929,0.16271876813125183,0.0035809343462260244,-0.24260651629072677,0.36847223972591936,0.0,-0.8461538461538461,1.0,0.0,1.0,1.0,-1.0,0.0,-1.0,-1.0,0.8763180594622308,0.19348629270568984,1.0,0.5329387100211931,0.0009727626459143969,0.0,0.0009727626459143969,0.0009727626459143969,1.0,0.0,1.0,1.0,0.0,0.0,0.0,0.0,0.031173969569965102,6.938893903907228e-18,0.03117396956996511,0.03117396956996511,0.0,0.0,0.0,0.0,0.0,0.0,0.0,0.0,0.0,0.0,0.0,0.0,0.0,0.0,0.0,0.0,0.0,0.0,0.0,0.0,0.9999999999996287,1.9443094211688347e-13,0.9999999999999286,0.9999999999995,0.9999999999996287,1.9443094211688347e-13,0.9999999999999286,0.9999999999995,0.0,0.0,0.0,0.0,0.9999999999996287,1.9443094211688347e-13,0.9999999999999286,0.9999999999995,0.0,0.0,0.0,0.0,58.5,26.119915773217954,87,30,9.0,12.186057606953941,30.0,1.0,27030.25,41640.82046126733,98957,381,0.0,0.0,0.0,0.0,92.43855083651925,114.95847688756943,288.0,9.6,2.599999788799323e-06,0.0009506000005785609,37.74774400000024,0.6783285000001342,38.42702570000074,323.59764149999774
541285605,322171146,2.25,1.6393596310755,5.0,1.0,-10.853775024414062,-0.8120557,0.08349397,-0.68291897,-0.9134644,-0.27450359612703323,0.40577837482647405,0.38039180636405945,-0.6848936676979065,8.713106155395508,13.103775,-1.10811185836792,0.1318743230875684,-0.989979088306427,-1.3160598278045654,0.04776352643966675,0.0,0.04776352643966675,0.04776352643966675,1.0201340913772583,0.0,1.0201340913772583,1.0201340913772583,1.4388725757598877,0.0,1.4388725757598877,1.4388725757598877,4.563999652862549,9,2.25,1.6393596310755,5.0,1.0,-8.882838249206543,-144.4268,77.5757,-62.978836,-267.96567,1290.17529296875,11.132838067500002,95.0,0.0,95,95,0.0,0.0,0.0,0.0,0.07742630184058645,0.03552493677950279,0.12771609425284192,0.01202731888127659,0.013289440460609377,0.012519759128343796,0.03499991250021875,0.00499998750003125,0.9996290457016002,0.00019430659878264008,0.9999285765302479,0.9995002498750625,0.0843491331251279,0.05754689149127929,0.16271876813125183,0.0035809343462260244,-0.24260651629072677,0.36847223972591936,0.0,-0.8461538461538461,1.0,0.0,1.0,1.0,-1.0,0.0,-1.0,-1.0,0.8763180594622308,0.19348629270568984,1.0,0.5329387100211931,0.0009727626459143969,0.0,0.0009727626459143969,0.0009727626459143969,1.0,0.0,1.0,1.0,0.0,0.0,0.0,0.0,0.031173969569965102,6.938893903907228e-18,0.03117396956996511,0.03117396956996511,0.0,0.0,0.0,0.0,0.0,0.0,0.0,0.0,0.0,0.0,0.0,0.0,0.0,0.0,0.0,0.0,0.0,0.0,0.0,0.0,0.9999999999996287,1.9443094211688347e-13,0.9999999999999286,0.9999999999995,0.9999999999996287,1.9443094211688347e-13,0.9999999999999286,0.9999999999995,0.0,0.0,0.0,0.0,0.9999999999996287,1.9443094211688347e-13,0.9999999999999286,0.9999999999995,0.0,0.0,0.0,0.0,33.75,19.395553614166314,65,14,2.25,1.6393596310755,5.0,1.0,3018.25,3024.5138762287074,7830,330,0.0,0.0,0.0,0.0,87.54387938331695,23.537180843380057,109.6,48.1651376146789,1.5000005078036338e-06,0.001051000000188651,8.606827900000098,0.3738896000004388,8.981770000001234,332.597368499999
420352513,16031672,2.25,1.6393596310755,5.0,1.0,-10.853775024414062,-0.8120557,0.08349397,-0.68291897,-0.9134644,-0.27450359612703323,0.40577837482647405,0.38039180636405945,-0.6848936676979065,8.713106155395508,13.103775,-1.10811185836792,0.1318743230875684,-0.989979088306427,-1.3160598278045654,0.04776352643966675,0.0,0.04776352643966675,0.04776352643966675,1.0201340913772583,0.0,1.0201340913772583,1.0201340913772583,1.4388725757598877,0.0,1.4388725757598877,1.4388725757598877,4.564061164855957,10,8.0,11.554220008291344,28.0,1.0,-2.819554328918457,-129.57811,97.142204,-9.08128,-267.8436,-537.8154907226562,10.819554260750003,95.0,0.0,95,95,0.0,0.0,0.0,0.0,0.07742630184058645,0.03552493677950279,0.12771609425284192,0.01202731888127659,0.013289440460609377,0.012519759128343796,0.03499991250021875,0.00499998750003125,0.9996290457016002,0.00019430659878264008,0.9999285765302479,0.9995002498750625,0.0843491331251279,0.05754689149127929,0.16271876813125183,0.0035809343462260244,-0.24260651629072677,0.36847223972591936,0.0,-0.8461538461538461,1.0,0.0,1.0,1.0,-1.0,0.0,-1.0,-1.0,0.8763180594622308,0.19348629270568984,1.0,0.5329387100211931,0.0009727626459143969,0.0,0.0009727626459143969,0.0009727626459143969,1.0,0.0,1.0,1.0,0.0,0.0,0.0,0.0,0.031173969569965102,6.938893903907228e-18,0.03117396956996511,0.03117396956996511,0.0,0.0,0.0,0.0,0.0,0.0,0.0,0.0,0.0,0.0,0.0,0.0,0.0,0.0,0.0,0.0,0.0,0.0,0.0,0.0,0.9999999999996287,1.9443094211688347e-13,0.9999999999999286,0.9999999999995,0.9999999999996287,1.9443094211688347e-13,0.9999999999999286,0.9999999999995,0.0,0.0,0.0,0.0,0.9999999999996287,1.9443094211688347e-13,0.9999999999999286,0.9999999999995,0.0,0.0,0.0,0.0,30.5,23.66960075708925,65,2,8.0,11.554220008291344,28.0,1.0,21957.5,35758.104189819685,83889,750,0.0,0.0,0.0,0.0,171.57419354838575,118.49240916690125,376.696774193543,100.0,1.5000005078036338e-06,0.0009182999992844998,32.2993749999996,0.31706819999999425,32.617362999999386,365.2329203999989
425083540,1064678910,1.5,0.5,2.0,1.0,-10.443397521972656,-0.6640886,0.19320083,-0.33002543,-0.78546107,-0.6636936366558075,0.16364000845858528,-0.5552340149879456,-0.9457370638847351,6.988925933837891,11.943397500000001,-1.5211934447288513,0.6105420234033375,-1.1540405750274658,-2.578289031982422,0.0490027517080307,0.0,0.0490027517080307,0.0490027517080307,1.0134320259094238,0.0,1.0134320259094238,1.0134320259094238,1.4322811365127563,0.0,1.4322811365127563,1.4322811365127563,4.564097881317139,11,1.5,0.5,2.0,1.0,-8.387598991394043,-70.2473,35.47139,-9.112587,-93.549416,598.6885986328125,9.887598834675003,95.0,0.0,95,95,0.0,0.0,0.0,0.0,0.07742630184058645,0.03552493677950279,0.12771609425284192,0.01202731888127659,0.013289440460609377,0.012519759128343796,0.03499991250021875,0.00499998750003125,0.9996290457016002,0.00019430659878264008,0.9999285765302479,0.9995002498750625,0.0843491331251279,0.05754689149127929,0.16271876813125183,0.0035809343462260244,-0.24260651629072677,0.36847223972591936,0.0,-0.8461538461538461,1.0,0.0,1.0,1.0,-1.0,0.0,-1.0,-1.0,0.8763180594622308,0.19348629270568984,1.0,0.5329387100211931,0.0009727626459143969,0.0,0.0009727626459143969,0.0009727626459143969,1.0,0.0,1.0,1.0,0.0,0.0,0.0,0.0,0.031173969569965102,6.938893903907228e-18,0.03117396956996511,0.03117396956996511,0.0,0.0,0.0,0.0,0.0,0.0,0.0,0.0,0.0,0.0,0.0,0.0,0.0,0.0,0.0,0.0,0.0,0.0,0.0,0.0,0.9999999999996287,1.9443094211688347e-13,0.9999999999999286,0.9999999999995,0.9999999999996287,1.9443094211688347e-13,0.9999999999999286,0.9999999999995,0.0,0.0,0.0,0.0,0.9999999999996287,1.9443094211688347e-13,0.9999999999999286,0.9999999999995,0.0,0.0,0.0,0.0,15.75,7.980444849756184,21,2,1.5,0.5,2.0,1.0,1530.25,1038.1152091651486,3316,794,0.0,0.0,0.0,0.0,55.6470049003041,35.85334111919454,109.59999999999978,9.6,1.5999994502635673e-06,0.0009030000001075678,6.431615399999828,0.22532940000019153,6.657849399999577,371.90935499999796
838218517,477346205,1.5,0.5,2.0,1.0,-10.443397521972656,-0.6640886,0.19320083,-0.33002543,-0.78546107,-0.6636936366558075,0.16364000845858528,-0.5552340149879456,-0.9457370638847351,6.988925933837891,11.943397500000001,-1.5211934447288513,0.6105420234033375,-1.1540405750274658,-2.578289031982422,0.0490027517080307,0.0,0.0490027517080307,0.0490027517080307,1.0134320259094238,0.0,1.0134320259094238,1.0134320259094238,1.4322811365127563,0.0,1.4322811365127563,1.4322811365127563,4.5641326904296875,12,2.25,1.0897247358851685,4.0,1.0,-6.873839378356934,-239.68657,95.34174,-80.550354,-333.13538,1587.0924072265625,9.123838951207503,95.0,0.0,95,95,0.0,0.0,0.0,0.0,0.07742630184058645,0.03552493677950279,0.12771609425284192,0.01202731888127659,0.013289440460609377,0.012519759128343796,0.03499991250021875,0.00499998750003125,0.9996290457016002,0.00019430659878264008,0.9999285765302479,0.9995002498750625,0.0843491331251279,0.05754689149127929,0.16271876813125183,0.0035809343462260244,-0.24260651629072677,0.36847223972591936,0.0,-0.8461538461538461,1.0,0.0,1.0,1.0,-1.0,0.0,-1.0,-1.0,0.8763180594622308,0.19348629270568984,1.0,0.5329387100211931,0.0009727626459143969,0.0,0.0009727626459143969,0.0009727626459143969,1.0,0.0,1.0,1.0,0.0,0.0,0.0,0.0,0.031173969569965102,6.938893903907228e-18,0.03117396956996511,0.03117396956996511,0.0,0.0,0.0,0.0,0.0,0.0,0.0,0.0,0.0,0.0,0.0,0.0,0.0,0.0,0.0,0.0,0.0,0.0,0.0,0.0,0.9999999999996287,1.9443094211688347e-13,0.9999999999999286,0.9999999999995,0.9999999999996287,1.9443094211688347e-13,0.9999999999999286,0.9999999999995,0.0,0.0,0.0,0.0,0.9999999999996287,1.9443094211688347e-13,0.9999999999999286,0.9999999999995,0.0,0.0,0.0,0.0,59.5,25.441108466417102,87,18,2.25,1.0897247358851685,4.0,1.0,2551.25,1532.1696014149347,4554,474,0.0,0.0,0.0,0.0,74.80911190753173,59.56704748697304,154.76480583908221,15.671641791044776,2.099999619531445e-06,0.0008901000001060311,8.318978600000264,0.6417794999997568,8.961650299999746,380.88871059999656
314970675,568673934,2.25,1.0897247358851685,4.0,1.0,-8.724058151245117,-0.52619916,0.21961066,-0.15513945,-0.70596313,0.038703322410583496,0.7673300897227223,0.9692768454551697,-0.7804147601127625,4.530641555786133,10.974057750000002,-1.723290503025055,0.7257858530571689,-1.1554100513458252,-2.9601950645446777,0.04512053355574608,0.0,0.04512053355574608,0.04512053355574608,1.0095616579055786,0.0,1.0095616579055786,1.0095616579055786,1.4284547567367554,0.0,1.4284547567367554,1.4284547567367554,4.564170837402344,13,2.25,1.0897247358851685,4.0,1.0,-6.186454772949219,-191.21335,133.82832,-45.167862,-344.31876,1090.259033203125,8.436455056086754,95.0,0.0,95,95,0.0,0.0,0.0,0.0,0.07742630184058645,0.03552493677950279,0.12771609425284192,0.01202731888127659,0.013289440460609377,0.012519759128343796,0.03499991250021875,0.00499998750003125,0.9996290457016002,0.00019430659878264008,0.9999285765302479,0.9995002498750625,0.0843491331251279,0.05754689149127929,0.16271876813125183,0.0035809343462260244,-0.24260651629072677,0.36847223972591936,0.0,-0.8461538461538461,1.0,0.0,1.0,1.0,-1.0,0.0,-1.0,-1.0,0.8763180594622308,0.19348629270568984,1.0,0.5329387100211931,0.0009727626459143969,0.0,0.0009727626459143969,0.0009727626459143969,1.0,0.0,1.0,1.0,0.0,0.0,0.0,0.0,0.031173969569965102,6.938893903907228e-18,0.03117396956996511,0.03117396956996511,0.0,0.0,0.0,0.0,0.0,0.0,0.0,0.0,0.0,0.0,0.0,0.0,0.0,0.0,0.0,0.0,0.0,0.0,0.0,0.0,0.9999999999996287,1.9443094211688347e-13,0.9999999999999286,0.9999999999995,0.9999999999996287,1.9443094211688347e-13,0.9999999999999286,0.9999999999995,0.0,0.0,0.0,0.0,0.9999999999996287,1.9443094211688347e-13,0.9999999999999286,0.9999999999995,0.0,0.0,0.0,0.0,48.75,36.31373707015019,93,10,2.25,1.0897247358851685,4.0,1.0,2183.25,1036.5330132224444,3855,1240,0.0,0.0,0.0,0.0,130.03770740207588,41.128866185180186,200.9508296083035,100.0,1.600000359758269e-06,0.0011343999995006016,8.781897200000458,0.6338522999994893,9.416885499999808,390.3244700999976
245202462,211347547,2.25,1.0897247358851685,4.0,1.0,-8.724058151245117,-0.52619916,0.21961066,-0.15513945,-0.70596313,0.038703322410583496,0.7673300897227223,0.9692768454551697,-0.7804147601127625,4.530641555786133,10.974057750000002,-1.723290503025055,0.7257858530571689,-1.1554100513458252,-2.9601950645446777,0.04512053355574608,0.0,0.04512053355574608,0.04512053355574608,1.0095616579055786,0.0,1.0095616579055786,1.0095616579055786,1.4284547567367554,0.0,1.4284547567367554,1.4284547567367554,4.564206123352051,14,1.75,0.82915619758885,3.0,1.0,-6.0178093910217285,-205.77812,109.191055,-18.201334,-290.72205,1261.2823486328125,7.767809550478078,95.0,0.0,95,95,0.0,0.0,0.0,0.0,0.07742630184058645,0.03552493677950279,0.12771609425284192,0.01202731888127659,0.013289440460609377,0.012519759128343796,0.03499991250021875,0.00499998750003125,0.9996290457016002,0.00019430659878264008,0.9999285765302479,0.9995002498750625,0.0843491331251279,0.05754689149127929,0.16271876813125183,0.0035809343462260244,-0.24260651629072677,0.36847223972591936,0.0,-0.8461538461538461,1.0,0.0,1.0,1.0,-1.0,0.0,-1.0,-1.0,0.8763180594622308,0.19348629270568984,1.0,0.5329387100211931,0.0009727626459143969,0.0,0.0009727626459143969,0.0009727626459143969,1.0,0.0,1.0,1.0,0.0,0.0,0.0,0.0,0.031173969569965102,6.938893903907228e-18,0.03117396956996511,0.03117396956996511,0.0,0.0,0.0,0.0,0.0,0.0,0.0,0.0,0.0,0.0,0.0,0.0,0.0,0.0,0.0,0.0,0.0,0.0,0.0,0.0,0.9999999999996287,1.9443094211688347e-13,0.9999999999999286,0.9999999999995,0.9999999999996287,1.9443094211688347e-13,0.9999999999999286,0.9999999999995,0.0,0.0,0.0,0.0,0.9999999999996287,1.9443094211688347e-13,0.9999999999999286,0.9999999999995,0.0,0.0,0.0,0.0,50.0,26.879360111431225,72,4,1.75,0.82915619758885,3.0,1.0,1873.0,1218.2961462632966,3197,578,0.0,0.0,0.0,0.0,54.01563772048836,34.97434227329891,109.6,15.671641791044776,1.8999999156221747e-06,0.00128350000068167,7.151030300000457,0.5475016999998843,7.6998174000009385,398.0420653999963
323337219,734642340,1.25,0.4330127018922193,2.0,1.0,-8.751651763916016,-0.51697,0.18051037,-0.31165814,-0.7392075,0.7289992272853851,0.14067600540547995,0.879169762134552,0.5410776734352112,4.491703510284424,10.001651975000001,-1.42890664935112,0.2986286227629491,-1.085598349571228,-1.7941923141479492,0.04243338108062744,0.0,0.04243338108062744,0.04243338108062744,1.011777639389038,0.0,1.011777639389038,1.011777639389038,1.430647373199463,0.0,1.430647373199463,1.430647373199463,4.564239025115967,15,1.25,0.4330127018922193,2.0,1.0,-5.866028785705566,-318.3906,17.654179,-294.061,-337.28424,1869.982666015625,7.11602859543027,95.0,0.0,95,95,0.0,0.0,0.0,0.0,0.07742630184058645,0.03552493677950279,0.12771609425284192,0.01202731888127659,0.013289440460609377,0.012519759128343796,0.03499991250021875,0.00499998750003125,0.9996290457016002,0.00019430659878264008,0.9999285765302479,0.9995002498750625,0.0843491331251279,0.05754689149127929,0.16271876813125183,0.0035809343462260244,-0.24260651629072677,0.36847223972591936,0.0,-0.8461538461538461,1.0,0.0,1.0,1.0,-1.0,0.0,-1.0,-1.0,0.8763180594622308,0.19348629270568984,1.0,0.5329387100211931,0.0009727626459143969,0.0,0.0009727626459143969,0.0009727626459143969,1.0,0.0,1.0,1.0,0.0,0.0,0.0,0.0,0.031173969569965102,6.938893903907228e-18,0.03117396956996511,0.03117396956996511,0.0,0.0,0.0,0.0,0.0,0.0,0.0,0.0,0.0,0.0,0.0,0.0,0.0,0.0,0.0,0.0,0.0,0.0,0.0,0.0,0.9999999999996287,1.9443094211688347e-13,0.9999999999999286,0.9999999999995,0.9999999999996287,1.9443094211688347e-13,0.9999999999999286,0.9999999999995,0.0,0.0,0.0,0.0,0.9999999999996287,1.9443094211688347e-13,0.9999999999999286,0.9999999999995,0.0,0.0,0.0,0.0,81.75,6.53356717268599,89,73,1.25,0.4330127018922193,2.0,1.0,1225.25,233.7524064047256,1459,838,0.0,0.0,0.0,0.0,33.1645013568521,10.833284140232776,45.39545454545455,15.671641791044776,1.6999993022182025e-06,0.0009577000000717817,5.946526200000335,0.8765594000005876,6.824045000000297,404.88251469999796
67413080,272269478,1.25,0.4330127018922193,2.0,1.0,-8.751651763916016,-0.51697,0.18051037,-0.31165814,-0.7392075,0.7289992272853851,0.14067600540547995,0.879169762134552,0.5410776734352112,4.491703510284424,10.001651975000001,-1.42890664935112,0.2986286227629491,-1.085598349571228,-1.7941923141479492,0.04243338108062744,0.0,0.04243338108062744,0.04243338108062744,1.011777639389038,0.0,1.011777639389038,1.011777639389038,1.430647373199463,0.0,1.430647373199463,1.430647373199463,4.564265727996826,16,1.5,0.5,2.0,1.0,-5.0544257164001465,-229.85324,82.19793,-144.39537,-328.10797,1158.576904296875,6.554425735887244,95.0,0.0,95,95,0.0,0.0,0.0,0.0,0.07742630184058645,0.03552493677950279,0.12771609425284192,0.01202731888127659,0.013289440460609377,0.012519759128343796,0.03499991250021875,0.00499998750003125,0.9996290457016002,0.00019430659878264008,0.9999285765302479,0.9995002498750625,0.0843491331251279,0.05754689149127929,0.16271876813125183,0.0035809343462260244,-0.24260651629072677,0.36847223972591936,0.0,-0.8461538461538461,1.0,0.0,1.0,1.0,-1.0,0.0,-1.0,-1.0,0.8763180594622308,0.19348629270568984,1.0,0.5329387100211931,0.0009727626459143969,0.0,0.0009727626459143969,0.0009727626459143969,1.0,0.0,1.0,1.0,0.0,0.0,0.0,0.0,0.031173969569965102,6.938893903907228e-18,0.03117396956996511,0.03117396956996511,0.0,0.0,0.0,0.0,0.0,0.0,0.0,0.0,0.0,0.0,0.0,0.0,0.0,0.0,0.0,0.0,0.0,0.0,0.0,0.0,0.9999999999996287,1.9443094211688347e-13,0.9999999999999286,0.9999999999995,0.9999999999996287,1.9443094211688347e-13,0.9999999999999286,0.9999999999995,0.0,0.0,0.0,0.0,0.9999999999996287,1.9443094211688347e-13,0.9999999999999286,0.9999999999995,0.0,0.0,0.0,0.0,56.5,22.907422377910613,85,33,1.5,0.5,2.0,1.0,2217.25,1194.0679157820127,3442,255,0.0,0.0,0.0,0.0,82.2,42.0984560286954,109.6,9.6,2.4000000848900527e-06,0.0011728999998013023,6.865557199999785,0.6631673000001683,7.529899799999839,412.4292560999984
339905540,1014708198,5.75,7.660776723022281,19.0,1.0,-3.826486587524414,-0.5268347,0.13416646,-0.31451964,-0.6756817,-0.4806457757949829,0.6377891471532046,0.616895318031311,-0.9601422548294067,1.7074415683746338,9.576486777500001,-1.7770552039146423,0.6500200500906822,-1.1546192169189453,-2.8639283180236816,0.044121235609054565,0.0,0.044121235609054565,0.044121235609054565,1.0133613348007202,0.0,1.0133613348007202,1.0133613348007202,1.4322113990783691,0.0,1.4322113990783691,1.4322113990783691,4.5642900466918945,17,5.75,7.660776723022281,19.0,1.0,-0.7239834070205688,-99.5792,118.54886,-9.125002,-303.35077,312.6972351074219,6.47398316229852,95.0,0.0,95,95,0.0,0.0,0.0,0.0,0.07742630184058645,0.03552493677950279,0.12771609425284192,0.01202731888127659,0.013289440460609377,0.012519759128343796,0.03499991250021875,0.00499998750003125,0.9996290457016002,0.00019430659878264008,0.9999285765302479,0.9995002498750625,0.0843491331251279,0.05754689149127929,0.16271876813125183,0.0035809343462260244,-0.24260651629072677,0.36847223972591936,0.0,-0.8461538461538461,1.0,0.0,1.0,1.0,-1.0,0.0,-1.0,-1.0,0.8763180594622308,0.19348629270568984,1.0,0.5329387100211931,0.0009727626459143969,0.0,0.0009727626459143969,0.0009727626459143969,1.0,0.0,1.0,1.0,0.0,0.0,0.0,0.0,0.031173969569965102,6.938893903907228e-18,0.03117396956996511,0.03117396956996511,0.0,0.0,0.0,0.0,0.0,0.0,0.0,0.0,0.0,0.0,0.0,0.0,0.0,0.0,0.0,0.0,0.0,0.0,0.0,0.0,0.9999999999996287,1.9443094211688347e-13,0.9999999999999286,0.9999999999995,0.9999999999996287,1.9443094211688347e-13,0.9999999999999286,0.9999999999995,0.0,0.0,0.0,0.0,0.9999999999996287,1.9443094211688347e-13,0.9999999999999286,0.9999999999995,0.0,0.0,0.0,0.0,24.25,30.053078045351693,76,2,5.75,7.660776723022281,19.0,1.0,12264.75,18664.166045861788,44563,208,0.0,0.0,0.0,0.0,131.72855906783568,159.1239862697964,398.11423627134275,9.6,1.6999993022182025e-06,0.0009122999999817694,22.661339100000077,0.41376390000004903,23.07601699999941,435.52425619999667
35236479,134483826,5.75,7.660776723022281,19.0,1.0,-3.826486587524414,-0.5268347,0.13416646,-0.31451964,-0.6756817,-0.4806457757949829,0.6377891471532046,0.616895318031311,-0.9601422548294067,1.7074415683746338,9.576486777500001,-1.7770552039146423,0.6500200500906822,-1.1546192169189453,-2.8639283180236816,0.044121235609054565,0.0,0.044121235609054565,0.044121235609054565,1.0133613348007202,0.0,1.0133613348007202,1.0133613348007202,1.4322113990783691,0.0,1.4322113990783691,1.4322113990783691,4.564306735992432,18,1.5,0.5,2.0,1.0,-4.4765849113464355,-235.16652,131.8561,-9.123057,-332.84235,1088.63623046875,5.976584846068668,95.0,0.0,95,95,0.0,0.0,0.0,0.0,0.07742630184058645,0.03552493677950279,0.12771609425284192,0.01202731888127659,0.013289440460609377,0.012519759128343796,0.03499991250021875,0.00499998750003125,0.9996290457016002,0.00019430659878264008,0.9999285765302479,0.9995002498750625,0.0843491331251279,0.05754689149127929,0.16271876813125183,0.0035809343462260244,-0.24260651629072677,0.36847223972591936,0.0,-0.8461538461538461,1.0,0.0,1.0,1.0,-1.0,0.0,-1.0,-1.0,0.8763180594622308,0.19348629270568984,1.0,0.5329387100211931,0.0009727626459143969,0.0,0.0009727626459143969,0.0009727626459143969,1.0,0.0,1.0,1.0,0.0,0.0,0.0,0.0,0.031173969569965102,6.938893903907228e-18,0.03117396956996511,0.03117396956996511,0.0,0.0,0.0,0.0,0.0,0.0,0.0,0.0,0.0,0.0,0.0,0.0,0.0,0.0,0.0,0.0,0.0,0.0,0.0,0.0,0.9999999999996287,1.9443094211688347e-13,0.9999999999999286,0.9999999999995,0.9999999999996287,1.9443094211688347e-13,0.9999999999999286,0.9999999999995,0.0,0.0,0.0,0.0,0.9999999999996287,1.9443094211688347e-13,0.9999999999999286,0.9999999999995,0.0,0.0,0.0,0.0,59.75,33.96597562267276,87,2,1.5,0.5,2.0,1.0,1370.75,1061.60029554442,2997,321,0.0,0.0,0.0,0.0,77.30805848779431,29.4213584934554,109.59999999999978,35.79545454545455,1.8000000636675395e-06,0.0010908000003837515,6.156213899999784,0.5268838000001779,6.6841903000004095,442.22532299999784
984542964,294891956,9.25,13.141061600951424,32.0,1.0,-0.2938385009765625,-0.85804075,0.057658333,-0.7808975,-0.9157205,-0.1312337964773178,0.3698788777996945,0.48812684416770935,-0.49176597595214844,-0.13466835021972656,9.543838099750001,-1.030517816543579,0.04946061259721368,-0.9812551140785217,-1.1008602380752563,0.0438891276717186,0.0,0.0438891276717186,0.0438891276717186,1.0187592506408691,0.0,1.0187592506408691,1.0187592506408691,1.4375239610671997,0.0,1.4375239610671997,1.4375239610671997,4.5643181800842285,19,9.25,13.141061600951424,32.0,1.0,2.946073532104492,-172.93405,66.69469,-106.428085,-284.12357,-331.746826171875,6.3039263614618015,95.0,0.0,95,95,0.0,0.0,0.0,0.0,0.07742630184058645,0.03552493677950279,0.12771609425284192,0.01202731888127659,0.013289440460609377,0.012519759128343796,0.03499991250021875,0.00499998750003125,0.9996290457016002,0.00019430659878264008,0.9999285765302479,0.9995002498750625,0.0843491331251279,0.05754689149127929,0.16271876813125183,0.0035809343462260244,-0.24260651629072677,0.36847223972591936,0.0,-0.8461538461538461,1.0,0.0,1.0,1.0,-1.0,0.0,-1.0,-1.0,0.8763180594622308,0.19348629270568984,1.0,0.5329387100211931,0.0009727626459143969,0.0,0.0009727626459143969,0.0009727626459143969,1.0,0.0,1.0,1.0,0.0,0.0,0.0,0.0,0.031173969569965102,6.938893903907228e-18,0.03117396956996511,0.03117396956996511,0.0,0.0,0.0,0.0,0.0,0.0,0.0,0.0,0.0,0.0,0.0,0.0,0.0,0.0,0.0,0.0,0.0,0.0,0.0,0.0,0.9999999999996287,1.9443094211688347e-13,0.9999999999999286,0.9999999999995,0.9999999999996287,1.9443094211688347e-13,0.9999999999999286,0.9999999999995,0.0,0.0,0.0,0.0,0.9999999999996287,1.9443094211688347e-13,0.9999999999999286,0.9999999999995,0.0,0.0,0.0,0.0,40.75,17.426631917843448,70,24,9.25,13.141061600951424,32.0,1.0,28515.25,46996.11051126997,109910,561,0.0,0.0,0.0,0.0,97.05989847715736,122.35105189796504,307.2,9.6,3.5000002753804438e-06,0.0009673000004113419,37.24663390000023,0.5189167999997153,37.766521500000636,480.00953949999985
534589667,509286582,9.25,13.141061600951424,32.0,1.0,-0.2938385009765625,-0.85804075,0.057658333,-0.7808975,-0.9157205,-0.1312337964773178,0.3698788777996945,0.48812684416770935,-0.49176597595214844,-0.13466835021972656,9.543838099750001,-1.030517816543579,0.04946061259721368,-0.9812551140785217,-1.1008602380752563,0.0438891276717186,0.0,0.0438891276717186,0.0438891276717186,1.0187592506408691,0.0,1.0187592506408691,1.0187592506408691,1.4375239610671997,0.0,1.4375239610671997,1.4375239610671997,4.56432580947876,20,20.0,31.184932259025352,74.0,1.0,12.32646656036377,-242.87878,51.227764,-200.86365,-330.43057,-2209.0205078125,7.673533725315622,95.0,0.0,95,95,0.0,0.0,0.0,0.0,0.07742630184058645,0.03552493677950279,0.12771609425284192,0.01202731888127659,0.013289440460609377,0.012519759128343796,0.03499991250021875,0.00499998750003125,0.9996290457016002,0.00019430659878264008,0.9999285765302479,0.9995002498750625,0.0843491331251279,0.05754689149127929,0.16271876813125183,0.0035809343462260244,-0.24260651629072677,0.36847223972591936,0.0,-0.8461538461538461,1.0,0.0,1.0,1.0,-1.0,0.0,-1.0,-1.0,0.8763180594622308,0.19348629270568984,1.0,0.5329387100211931,0.0009727626459143969,0.0,0.0009727626459143969,0.0009727626459143969,1.0,0.0,1.0,1.0,0.0,0.0,0.0,0.0,0.031173969569965102,6.938893903907228e-18,0.03117396956996511,0.03117396956996511,0.0,0.0,0.0,0.0,0.0,0.0,0.0,0.0,0.0,0.0,0.0,0.0,0.0,0.0,0.0,0.0,0.0,0.0,0.0,0.0,0.9999999999996287,1.9443094211688347e-13,0.9999999999999286,0.9999999999995,0.9999999999996287,1.9443094211688347e-13,0.9999999999999286,0.9999999999995,0.0,0.0,0.0,0.0,0.9999999999996287,1.9443094211688347e-13,0.9999999999999286,0.9999999999995,0.0,0.0,0.0,0.0,59.25,15.594470173750693,86,47,20.0,31.184932259025352,74.0,1.0,68931.25,116476.32316349748,270660,484,0.0,0.0,0.0,0.0,243.74886363635966,270.2086165930742,710.3999999999841,54.99545454545455,2.499999936844688e-06,0.0009331000001111533,79.97474570000031,0.6455577000006087,80.62123900000097,560.6497788999995
547485728,432556000,2.25,1.0897247358851685,4.0,1.0,-6.564454078674316,-0.65933144,0.29354352,-0.19384956,-0.92266446,0.15011529624462128,0.5923029000597207,0.9245697855949402,-0.7403017282485962,4.256313323974609,8.814454289775002,-1.3635945618152618,0.4772273273161497,-0.9498212337493896,-2.123687744140625,0.045524924993515015,0.0,0.045524924993515015,0.045524924993515015,1.0243533849716187,0.0,1.0243533849716187,1.0243533849716187,1.443000078201294,0.0,1.443000078201294,1.443000078201294,4.564328670501709,21,2.25,1.0897247358851685,4.0,1.0,-4.881180286407471,-217.98856,103.53879,-54.05402,-340.65744,1064.3819580078125,7.131180352784059,95.0,0.0,95,95,0.0,0.0,0.0,0.0,0.07742630184058645,0.03552493677950279,0.12771609425284192,0.01202731888127659,0.013289440460609377,0.012519759128343796,0.03499991250021875,0.00499998750003125,0.9996290457016002,0.00019430659878264008,0.9999285765302479,0.9995002498750625,0.0843491331251279,0.05754689149127929,0.16271876813125183,0.0035809343462260244,-0.24260651629072677,0.36847223972591936,0.0,-0.8461538461538461,1.0,0.0,1.0,1.0,-1.0,0.0,-1.0,-1.0,0.8763180594622308,0.19348629270568984,1.0,0.5329387100211931,0.0009727626459143969,0.0,0.0009727626459143969,0.0009727626459143969,1.0,0.0,1.0,1.0,0.0,0.0,0.0,0.0,0.031173969569965102,6.938893903907228e-18,0.03117396956996511,0.03117396956996511,0.0,0.0,0.0,0.0,0.0,0.0,0.0,0.0,0.0,0.0,0.0,0.0,0.0,0.0,0.0,0.0,0.0,0.0,0.0,0.0,0.9999999999996287,1.9443094211688347e-13,0.9999999999999286,0.9999999999995,0.9999999999996287,1.9443094211688347e-13,0.9999999999999286,0.9999999999995,0.0,0.0,0.0,0.0,0.9999999999996287,1.9443094211688347e-13,0.9999999999999286,0.9999999999995,0.0,0.0,0.0,0.0,54.25,28.101378969723175,91,12,2.25,1.0897247358851685,4.0,1.0,2737.25,2664.8331444013525,7206,427,0.0,0.0,0.0,0.0,118.07164179104478,17.619780192817867,147.01492537313433,100.0,1.99999976757681e-06,0.0013668999999936204,8.79640979999931,0.5930984999995417,9.390877199998613,570.0583237999981
137927620,172137995,2.25,1.0897247358851685,4.0,1.0,-6.564454078674316,-0.65933144,0.29354352,-0.19384956,-0.92266446,0.15011529624462128,0.5923029000597207,0.9245697855949402,-0.7403017282485962,4.256313323974609,8.814454289775002,-1.3635945618152618,0.4772273273161497,-0.9498212337493896,-2.123687744140625,0.045524924993515015,0.0,0.045524924993515015,0.045524924993515015,1.0243533849716187,0.0,1.0243533849716187,1.0243533849716187,1.443000078201294,0.0,1.443000078201294,1.443000078201294,4.564327716827393,22,8.5,12.419742348374221,30.0,1.0,1.2319375276565552,-206.38234,109.00458,-40.67867,-332.51938,915.567138671875,7.268062317505653,95.0,0.0,95,95,0.0,0.0,0.0,0.0,0.07742630184058645,0.03552493677950279,0.12771609425284192,0.01202731888127659,0.013289440460609377,0.012519759128343796,0.03499991250021875,0.00499998750003125,0.9996290457016002,0.00019430659878264008,0.9999285765302479,0.9995002498750625,0.0843491331251279,0.05754689149127929,0.16271876813125183,0.0035809343462260244,-0.24260651629072677,0.36847223972591936,0.0,-0.8461538461538461,1.0,0.0,1.0,1.0,-1.0,0.0,-1.0,-1.0,0.8763180594622308,0.19348629270568984,1.0,0.5329387100211931,0.0009727626459143969,0.0,0.0009727626459143969,0.0009727626459143969,1.0,0.0,1.0,1.0,0.0,0.0,0.0,0.0,0.031173969569965102,6.938893903907228e-18,0.03117396956996511,0.03117396956996511,0.0,0.0,0.0,0.0,0.0,0.0,0.0,0.0,0.0,0.0,0.0,0.0,0.0,0.0,0.0,0.0,0.0,0.0,0.0,0.0,0.9999999999996287,1.9443094211688347e-13,0.9999999999999286,0.9999999999995,0.9999999999996287,1.9443094211688347e-13,0.9999999999999286,0.9999999999995,0.0,0.0,0.0,0.0,0.9999999999996287,1.9443094211688347e-13,0.9999999999999286,0.9999999999995,0.0,0.0,0.0,0.0,51.0,28.809720581775867,87,9,8.5,12.419742348374221,30.0,1.0,25238.0,42083.270333946246,98128,830,0.0,0.0,0.0,0.0,135.5483870967742,103.176079151386,305.4967741935484,27.096774193548388,2.4000000848900527e-06,0.0013090000002193847,34.79684460000044,0.44180490000053396,35.23996090000128,605.3157799999999
688656506,514373429,1.25,0.4330127018922193,2.0,1.0,-6.808009147644043,-0.71027714,0.3114312,-0.17443478,-0.9471956,0.008876625215634704,0.5585833104855077,0.9286619424819946,-0.44614818692207336,4.797369956970215,8.058008860797502,-1.3133549243211746,0.4903553146938022,-0.9474174380302429,-2.157926321029663,0.04951518401503563,0.0,0.04951518401503563,0.04951518401503563,1.0268641710281372,0.0,1.0268641710281372,1.0268641710281372,1.4454481601715088,0.0,1.4454481601715088,1.4454481601715088,4.564321517944336,23,1.25,0.4330127018922193,2.0,1.0,-5.416255950927734,-191.8234,92.16194,-114.892006,-340.55054,1058.185791015625,6.666256085755088,95.0,0.0,95,95,0.0,0.0,0.0,0.0,0.07742630184058645,0.03552493677950279,0.12771609425284192,0.01202731888127659,0.013289440460609377,0.012519759128343796,0.03499991250021875,0.00499998750003125,0.9996290457016002,0.00019430659878264008,0.9999285765302479,0.9995002498750625,0.0843491331251279,0.05754689149127929,0.16271876813125183,0.0035809343462260244,-0.24260651629072677,0.36847223972591936,0.0,-0.8461538461538461,1.0,0.0,1.0,1.0,-1.0,0.0,-1.0,-1.0,0.8763180594622308,0.19348629270568984,1.0,0.5329387100211931,0.0009727626459143969,0.0,0.0009727626459143969,0.0009727626459143969,1.0,0.0,1.0,1.0,0.0,0.0,0.0,0.0,0.031173969569965102,6.938893903907228e-18,0.03117396956996511,0.03117396956996511,0.0,0.0,0.0,0.0,0.0,0.0,0.0,0.0,0.0,0.0,0.0,0.0,0.0,0.0,0.0,0.0,0.0,0.0,0.0,0.0,0.9999999999996287,1.9443094211688347e-13,0.9999999999999286,0.9999999999995,0.9999999999996287,1.9443094211688347e-13,0.9999999999999286,0.9999999999995,0.0,0.0,0.0,0.0,0.9999999999996287,1.9443094211688347e-13,0.9999999999999286,0.9999999999995,0.0,0.0,0.0,0.0,47.25,26.54595072699413,91,26,1.25,0.4330127018922193,2.0,1.0,670.75,243.49371141776948,937,377,0.0,0.0,0.0,0.0,65.26677408412479,40.31149874772016,109.6,15.671641791044776,2.1999994714860804e-06,0.001507599999968079,4.74304949999987,0.5069682000003013,5.251527499999611,610.5870952999994
674274799,199131034,1.25,0.4330127018922193,2.0,1.0,-6.808009147644043,-0.71027714,0.3114312,-0.17443478,-0.9471956,0.008876625215634704,0.5585833104855077,0.9286619424819946,-0.44614818692207336,4.797369956970215,8.058008860797502,-1.3133549243211746,0.4903553146938022,-0.9474174380302429,-2.157926321029663,0.04951518401503563,0.0,0.04951518401503563,0.04951518401503563,1.0268641710281372,0.0,1.0268641710281372,1.0268641710281372,1.4454481601715088,0.0,1.4454481601715088,1.4454481601715088,4.564314365386963,24,6.25,8.525696452489967,21.0,1.0,-0.374630331993103,-149.63824,138.5267,-9.114712,-342.1481,-261.0318908691406,6.624630477179579,95.0,0.0,95,95,0.0,0.0,0.0,0.0,0.07742630184058645,0.03552493677950279,0.12771609425284192,0.01202731888127659,0.013289440460609377,0.012519759128343796,0.03499991250021875,0.00499998750003125,0.9996290457016002,0.00019430659878264008,0.9999285765302479,0.9995002498750625,0.0843491331251279,0.05754689149127929,0.16271876813125183,0.0035809343462260244,-0.24260651629072677,0.36847223972591936,0.0,-0.8461538461538461,1.0,0.0,1.0,1.0,-1.0,0.0,-1.0,-1.0,0.8763180594622308,0.19348629270568984,1.0,0.5329387100211931,0.0009727626459143969,0.0,0.0009727626459143969,0.0009727626459143969,1.0,0.0,1.0,1.0,0.0,0.0,0.0,0.0,0.031173969569965102,6.938893903907228e-18,0.03117396956996511,0.03117396956996511,0.0,0.0,0.0,0.0,0.0,0.0,0.0,0.0,0.0,0.0,0.0,0.0,0.0,0.0,0.0,0.0,0.0,0.0,0.0,0.0,0.9999999999996287,1.9443094211688347e-13,0.9999999999999286,0.9999999999995,0.9999999999996287,1.9443094211688347e-13,0.9999999999999286,0.9999999999995,0.0,0.0,0.0,0.0,0.9999999999996287,1.9443094211688347e-13,0.9999999999999286,0.9999999999995,0.0,0.0,0.0,0.0,38.0,36.851051545376556,92,2,6.25,8.525696452489967,21.0,1.0,18483.5,30300.060862150094,70958,578,0.0,0.0,0.0,0.0,106.7179104477612,65.85110233527095,201.6,15.671641791044776,2.499999936844688e-06,0.0010062000001198612,25.418245099999695,0.37631280000005063,25.795566599999802,636.3985046999987
705819387,904493799,1.25,0.4330127018922193,2.0,1.0,-6.1272077560424805,-0.4705671,0.2478364,-0.1177156,-0.7708789,-0.11210121214389801,0.8540400953803651,0.9501966834068298,-0.9930832386016846,2.84627103805542,7.377207974717752,-2.634074628353119,1.4064201918446164,-1.0627238750457764,-4.902586936950684,0.054245784878730774,0.0,0.054245784878730774,0.054245784878730774,1.0256595611572266,0.0,1.0256595611572266,1.0256595611572266,1.4442744255065918,0.0,1.4442744255065918,1.4442744255065918,4.564303874969482,25,1.25,0.4330127018922193,2.0,1.0,-4.837167263031006,-164.1926,151.80524,-9.123014,-342.04877,832.9944458007812,6.087167429461622,95.0,0.0,95,95,0.0,0.0,0.0,0.0,0.07742630184058645,0.03552493677950279,0.12771609425284192,0.01202731888127659,0.013289440460609377,0.012519759128343796,0.03499991250021875,0.00499998750003125,0.9996290457016002,0.00019430659878264008,0.9999285765302479,0.9995002498750625,0.0843491331251279,0.05754689149127929,0.16271876813125183,0.0035809343462260244,-0.24260651629072677,0.36847223972591936,0.0,-0.8461538461538461,1.0,0.0,1.0,1.0,-1.0,0.0,-1.0,-1.0,0.8763180594622308,0.19348629270568984,1.0,0.5329387100211931,0.0009727626459143969,0.0,0.0009727626459143969,0.0009727626459143969,1.0,0.0,1.0,1.0,0.0,0.0,0.0,0.0,0.031173969569965102,6.938893903907228e-18,0.03117396956996511,0.03117396956996511,0.0,0.0,0.0,0.0,0.0,0.0,0.0,0.0,0.0,0.0,0.0,0.0,0.0,0.0,0.0,0.0,0.0,0.0,0.0,0.0,0.9999999999996287,1.9443094211688347e-13,0.9999999999999286,0.9999999999995,0.9999999999996287,1.9443094211688347e-13,0.9999999999999286,0.9999999999995,0.0,0.0,0.0,0.0,0.9999999999996287,1.9443094211688347e-13,0.9999999999999286,0.9999999999995,0.0,0.0,0.0,0.0,42.25,39.95231532714969,92,2,1.25,0.4330127018922193,2.0,1.0,641.5,138.9685216155083,873,505,0.0,0.0,0.0,0.0,88.05989847715736,26.514675603634036,109.6,42.63959390862944,2.9000002541579306e-06,0.0011469000000943197,4.909005700000307,0.5429905000000872,5.453146000000743,641.869186099997
247896938,210555276,1.25,0.4330127018922193,2.0,1.0,-6.1272077560424805,-0.4705671,0.2478364,-0.1177156,-0.7708789,-0.11210121214389801,0.8540400953803651,0.9501966834068298,-0.9930832386016846,2.84627103805542,7.377207974717752,-2.634074628353119,1.4064201918446164,-1.0627238750457764,-4.902586936950684,0.054245784878730774,0.0,0.054245784878730774,0.054245784878730774,1.0256595611572266,0.0,1.0256595611572266,1.0256595611572266,1.4442744255065918,0.0,1.4442744255065918,1.4442744255065918,4.564289093017578,26,2.0,1.224744871391589,4.0,1.0,-3.678450584411621,-167.273,109.20253,-49.602547,-336.69836,559.6216430664062,5.67845068651546,95.0,0.0,95,95,0.0,0.0,0.0,0.0,0.07742630184058645,0.03552493677950279,0.12771609425284192,0.01202731888127659,0.013289440460609377,0.012519759128343796,0.03499991250021875,0.00499998750003125,0.9996290457016002,0.00019430659878264008,0.9999285765302479,0.9995002498750625,0.0843491331251279,0.05754689149127929,0.16271876813125183,0.0035809343462260244,-0.24260651629072677,0.36847223972591936,0.0,-0.8461538461538461,1.0,0.0,1.0,1.0,-1.0,0.0,-1.0,-1.0,0.8763180594622308,0.19348629270568984,1.0,0.5329387100211931,0.0009727626459143969,0.0,0.0009727626459143969,0.0009727626459143969,1.0,0.0,1.0,1.0,0.0,0.0,0.0,0.0,0.031173969569965102,6.938893903907228e-18,0.03117396956996511,0.03117396956996511,0.0,0.0,0.0,0.0,0.0,0.0,0.0,0.0,0.0,0.0,0.0,0.0,0.0,0.0,0.0,0.0,0.0,0.0,0.0,0.0,0.9999999999996287,1.9443094211688347e-13,0.9999999999999286,0.9999999999995,0.9999999999996287,1.9443094211688347e-13,0.9999999999999286,0.9999999999995,0.0,0.0,0.0,0.0,0.9999999999996287,1.9443094211688347e-13,0.9999999999999286,0.9999999999995,0.0,0.0,0.0,0.0,41.25,29.8695078633713,89,11,2.0,1.224744871391589,4.0,1.0,2899.25,2958.5022709979453,7908,542,0.0,0.0,0.0,0.0,88.5179104477611,43.31719772871772,128.79999999999964,15.671641791044776,2.499999936844688e-06,0.001142000000072585,7.536999499999183,0.38538789999984147,7.923531899999034,649.8115197999941
441144958,973540688,2.0,0.7071067811865476,3.0,1.0,-4.839487075805664,-0.7383712,0.094125494,-0.656723,-0.89278895,0.18679340928792953,0.534522833804435,0.6352074146270752,-0.7094154953956604,3.5930938720703125,6.839487177245977,-1.1514357328414917,0.14454396852063803,-0.9697972536087036,-1.367933750152588,0.05771820992231369,0.0,0.05771820992231369,0.05771820992231369,1.0280166864395142,0.0,1.0280166864395142,1.0280166864395142,1.4465699195861816,0.0,1.4465699195861816,1.4465699195861816,4.564269065856934,27,2.0,0.7071067811865476,3.0,1.0,-3.310605525970459,-226.90007,99.4689,-58.5028,-305.9899,748.0888671875,5.3106056178639145,95.0,0.0,95,95,0.0,0.0,0.0,0.0,0.07742630184058645,0.03552493677950279,0.12771609425284192,0.01202731888127659,0.013289440460609377,0.012519759128343796,0.03499991250021875,0.00499998750003125,0.9996290457016002,0.00019430659878264008,0.9999285765302479,0.9995002498750625,0.0843491331251279,0.05754689149127929,0.16271876813125183,0.0035809343462260244,-0.24260651629072677,0.36847223972591936,0.0,-0.8461538461538461,1.0,0.0,1.0,1.0,-1.0,0.0,-1.0,-1.0,0.8763180594622308,0.19348629270568984,1.0,0.5329387100211931,0.0009727626459143969,0.0,0.0009727626459143969,0.0009727626459143969,1.0,0.0,1.0,1.0,0.0,0.0,0.0,0.0,0.031173969569965102,6.938893903907228e-18,0.03117396956996511,0.03117396956996511,0.0,0.0,0.0,0.0,0.0,0.0,0.0,0.0,0.0,0.0,0.0,0.0,0.0,0.0,0.0,0.0,0.0,0.0,0.0,0.0,0.9999999999996287,1.9443094211688347e-13,0.9999999999999286,0.9999999999995,0.9999999999996287,1.9443094211688347e-13,0.9999999999999286,0.9999999999995,0.0,0.0,0.0,0.0,0.9999999999996287,1.9443094211688347e-13,0.9999999999999286,0.9999999999995,0.0,0.0,0.0,0.0,55.75,25.469344318219107,77,13,2.0,0.7071067811865476,3.0,1.0,2629.0,1272.7865099850799,4730,1369,0.0,0.0,0.0,0.0,93.54886363636365,33.57348289757807,119.2,35.79545454545455,1.7000002117129043e-06,0.0011411999994379585,7.633581400000367,0.6718655000004219,8.306589800000438,658.1357377999957
924531010,717004643,2.0,0.7071067811865476,3.0,1.0,-4.839487075805664,-0.7383712,0.094125494,-0.656723,-0.89278895,0.18679340928792953,0.534522833804435,0.6352074146270752,-0.7094154953956604,3.5930938720703125,6.839487177245977,-1.1514357328414917,0.14454396852063803,-0.9697972536087036,-1.367933750152588,0.05771820992231369,0.0,0.05771820992231369,0.05771820992231369,1.0280166864395142,0.0,1.0280166864395142,1.0280166864395142,1.4465699195861816,0.0,1.4465699195861816,1.4465699195861816,4.5642476081848145,28,2.0,0.7071067811865476,3.0,1.0,-2.9795451164245605,-179.51279,148.43025,-18.175201,-340.30252,528.3914184570312,4.979545056077523,95.0,0.0,95,95,0.0,0.0,0.0,0.0,0.07742630184058645,0.03552493677950279,0.12771609425284192,0.01202731888127659,0.013289440460609377,0.012519759128343796,0.03499991250021875,0.00499998750003125,0.9996290457016002,0.00019430659878264008,0.9999285765302479,0.9995002498750625,0.0843491331251279,0.05754689149127929,0.16271876813125183,0.0035809343462260244,-0.24260651629072677,0.36847223972591936,0.0,-0.8461538461538461,1.0,0.0,1.0,1.0,-1.0,0.0,-1.0,-1.0,0.8763180594622308,0.19348629270568984,1.0,0.5329387100211931,0.0009727626459143969,0.0,0.0009727626459143969,0.0009727626459143969,1.0,0.0,1.0,1.0,0.0,0.0,0.0,0.0,0.031173969569965102,6.938893903907228e-18,0.03117396956996511,0.03117396956996511,0.0,0.0,0.0,0.0,0.0,0.0,0.0,0.0,0.0,0.0,0.0,0.0,0.0,0.0,0.0,0.0,0.0,0.0,0.0,0.0,0.9999999999996287,1.9443094211688347e-13,0.9999999999999286,0.9999999999995,0.9999999999996287,1.9443094211688347e-13,0.9999999999999286,0.9999999999995,0.0,0.0,0.0,0.0,0.9999999999996287,1.9443094211688347e-13,0.9999999999999286,0.9999999999995,0.0,0.0,0.0,0.0,46.25,39.49920885283653,91,4,2.0,0.7071067811865476,3.0,1.0,1786.0,972.8671543432844,3365,754,0.0,0.0,0.0,0.0,94.01752422704195,49.61505580803031,135.79545454545445,9.6,1.4000006558489986e-06,0.0008290000005217735,8.582276000000093,0.5818205999994461,9.164927000000716,667.3206003999958
679272593,1039963949,1.75,0.4330127018922193,2.0,1.0,-4.580538272857666,-0.80202657,0.10392652,-0.67182845,-0.93355304,-0.1708598956465721,0.47841956913366523,0.6170405149459839,-0.6430574655532837,3.6568222045898438,6.330538459521379,-1.1201337426900864,0.10370333309979658,-0.9850074648857117,-1.2680822610855103,0.06157192587852478,0.0,0.06157192587852478,0.06157192587852478,1.026697039604187,0.0,1.026697039604187,1.026697039604187,1.445285439491272,0.0,1.445285439491272,1.445285439491272,4.564221382141113,29,1.75,0.4330127018922193,2.0,1.0,-2.906590461730957,-161.5412,86.96303,-71.67655,-302.87787,447.06793212890625,4.656590550469771,95.0,0.0,95,95,0.0,0.0,0.0,0.0,0.07742630184058645,0.03552493677950279,0.12771609425284192,0.01202731888127659,0.013289440460609377,0.012519759128343796,0.03499991250021875,0.00499998750003125,0.9996290457016002,0.00019430659878264008,0.9999285765302479,0.9995002498750625,0.0843491331251279,0.05754689149127929,0.16271876813125183,0.0035809343462260244,-0.24260651629072677,0.36847223972591936,0.0,-0.8461538461538461,1.0,0.0,1.0,1.0,-1.0,0.0,-1.0,-1.0,0.8763180594622308,0.19348629270568984,1.0,0.5329387100211931,0.0009727626459143969,0.0,0.0009727626459143969,0.0009727626459143969,1.0,0.0,1.0,1.0,0.0,0.0,0.0,0.0,0.031173969569965102,6.938893903907228e-18,0.03117396956996511,0.03117396956996511,0.0,0.0,0.0,0.0,0.0,0.0,0.0,0.0,0.0,0.0,0.0,0.0,0.0,0.0,0.0,0.0,0.0,0.0,0.0,0.0,0.9999999999996287,1.9443094211688347e-13,0.9999999999999286,0.9999999999995,0.9999999999996287,1.9443094211688347e-13,0.9999999999999286,0.9999999999995,0.0,0.0,0.0,0.0,0.9999999999996287,1.9443094211688347e-13,0.9999999999999286,0.9999999999995,0.0,0.0,0.0,0.0,38.5,22.776083947860748,76,16,1.75,0.4330127018922193,2.0,1.0,1703.5,1061.2102760527716,3393,731,0.0,0.0,0.0,0.0,76.15200247330566,35.22160366075667,109.6,27.096774193548388,1.8000000636675395e-06,0.0011929000002055545,7.10391989999971,0.43203540000013163,7.537150000000111,674.8769793999954
141914101,620615717,1.75,0.4330127018922193,2.0,1.0,-4.580538272857666,-0.80202657,0.10392652,-0.67182845,-0.93355304,-0.1708598956465721,0.47841956913366523,0.6170405149459839,-0.6430574655532837,3.6568222045898438,6.330538459521379,-1.1201337426900864,0.10370333309979658,-0.9850074648857117,-1.2680822610855103,0.06157192587852478,0.0,0.06157192587852478,0.06157192587852478,1.026697039604187,0.0,1.026697039604187,1.026697039604187,1.445285439491272,0.0,1.445285439491272,1.445285439491272,4.56419038772583,30,1.5,0.5,2.0,1.0,-2.8409314155578613,-221.6702,52.149384,-140.11964,-270.4451,619.861328125,4.340931495422794,95.0,0.0,95,95,0.0,0.0,0.0,0.0,0.07742630184058645,0.03552493677950279,0.12771609425284192,0.01202731888127659,0.013289440460609377,0.012519759128343796,0.03499991250021875,0.00499998750003125,0.9996290457016002,0.00019430659878264008,0.9999285765302479,0.9995002498750625,0.0843491331251279,0.05754689149127929,0.16271876813125183,0.0035809343462260244,-0.24260651629072677,0.36847223972591936,0.0,-0.8461538461538461,1.0,0.0,1.0,1.0,-1.0,0.0,-1.0,-1.0,0.8763180594622308,0.19348629270568984,1.0,0.5329387100211931,0.0009727626459143969,0.0,0.0009727626459143969,0.0009727626459143969,1.0,0.0,1.0,1.0,0.0,0.0,0.0,0.0,0.031173969569965102,6.938893903907228e-18,0.03117396956996511,0.03117396956996511,0.0,0.0,0.0,0.0,0.0,0.0,0.0,0.0,0.0,0.0,0.0,0.0,0.0,0.0,0.0,0.0,0.0,0.0,0.0,0.0,0.9999999999996287,1.9443094211688347e-13,0.9999999999999286,0.9999999999995,0.9999999999996287,1.9443094211688347e-13,0.9999999999999286,0.9999999999995,0.0,0.0,0.0,0.0,0.9999999999996287,1.9443094211688347e-13,0.9999999999999286,0.9999999999995,0.0,0.0,0.0,0.0,53.0,13.601470508735444,66,32,1.5,0.5,2.0,1.0,1277.0,269.46984989048406,1541,839,0.0,0.0,0.0,0.0,93.12305718475073,34.49438163956599,127.09677419354838,35.79545454545455,1.3999997463542968e-06,0.0008798999997452484,6.047819999999774,0.5860206000006656,6.634721899999931,681.5292678999949
6020500,322224497,3.5,3.774917217635375,10.0,1.0,-2.5474843978881836,-0.68679726,0.23743506,-0.35690236,-0.94397306,0.2574193738400936,0.5289112148843665,0.8407573699951172,-0.40761250257492065,1.951662302017212,6.047484613569241,-1.2148101031780243,0.23945303120937544,-0.9561101198196411,-1.5840480327606201,0.06425066292285919,0.0,0.06425066292285919,0.06425066292285919,1.0228716135025024,0.0,1.0228716135025024,1.0228716135025024,1.4415525197982788,0.0,1.4415525197982788,1.4415525197982788,4.564155101776123,31,3.5,3.774917217635375,10.0,1.0,-0.756838321685791,-238.4081,88.79121,-123.34245,-332.20947,17.689727783203125,4.256838345880515,95.0,0.0,95,95,0.0,0.0,0.0,0.0,0.07742630184058645,0.03552493677950279,0.12771609425284192,0.01202731888127659,0.013289440460609377,0.012519759128343796,0.03499991250021875,0.00499998750003125,0.9996290457016002,0.00019430659878264008,0.9999285765302479,0.9995002498750625,0.0843491331251279,0.05754689149127929,0.16271876813125183,0.0035809343462260244,-0.24260651629072677,0.36847223972591936,0.0,-0.8461538461538461,1.0,0.0,1.0,1.0,-1.0,0.0,-1.0,-1.0,0.8763180594622308,0.19348629270568984,1.0,0.5329387100211931,0.0009727626459143969,0.0,0.0009727626459143969,0.0009727626459143969,1.0,0.0,1.0,1.0,0.0,0.0,0.0,0.0,0.031173969569965102,6.938893903907228e-18,0.03117396956996511,0.03117396956996511,0.0,0.0,0.0,0.0,0.0,0.0,0.0,0.0,0.0,0.0,0.0,0.0,0.0,0.0,0.0,0.0,0.0,0.0,0.0,0.0,0.9999999999996287,1.9443094211688347e-13,0.9999999999999286,0.9999999999995,0.9999999999996287,1.9443094211688347e-13,0.9999999999999286,0.9999999999995,0.0,0.0,0.0,0.0,0.9999999999996287,1.9443094211688347e-13,0.9999999999999286,0.9999999999995,0.0,0.0,0.0,0.0,59.5,25.084855989221865,87,28,3.5,3.774917217635375,10.0,1.0,7265.75,11049.696814279567,26401,549,0.0,0.0,0.0,0.0,85.34886363636359,29.03343103235179,109.59999999999978,35.79545454545455,1.5999994502635673e-06,0.0008606999999756226,13.926451199999974,0.6965238999991925,14.623837399998592,696.1715134999931
333397300,959986694,3.5,3.774917217635375,10.0,1.0,-2.5474843978881836,-0.68679726,0.23743506,-0.35690236,-0.94397306,0.2574193738400936,0.5289112148843665,0.8407573699951172,-0.40761250257492065,1.951662302017212,6.047484613569241,-1.2148101031780243,0.23945303120937544,-0.9561101198196411,-1.5840480327606201,0.06425066292285919,0.0,0.06425066292285919,0.06425066292285919,1.0228716135025024,0.0,1.0228716135025024,1.0228716135025024,1.4415525197982788,0.0,1.4415525197982788,1.4415525197982788,4.5641255378723145,32,9.75,14.02453207775575,34.0,1.0,4.943845272064209,-154.47284,134.25912,-18.19352,-299.71835,250.6219940185547,4.806154511292463,95.0,0.0,95,95,0.0,0.0,0.0,0.0,0.07742630184058645,0.03552493677950279,0.12771609425284192,0.01202731888127659,0.013289440460609377,0.012519759128343796,0.03499991250021875,0.00499998750003125,0.9996290457016002,0.00019430659878264008,0.9999285765302479,0.9995002498750625,0.0843491331251279,0.05754689149127929,0.16271876813125183,0.0035809343462260244,-0.24260651629072677,0.36847223972591936,0.0,-0.8461538461538461,1.0,0.0,1.0,1.0,-1.0,0.0,-1.0,-1.0,0.8763180594622308,0.19348629270568984,1.0,0.5329387100211931,0.0009727626459143969,0.0,0.0009727626459143969,0.0009727626459143969,1.0,0.0,1.0,1.0,0.0,0.0,0.0,0.0,0.031173969569965102,6.938893903907228e-18,0.03117396956996511,0.03117396956996511,0.0,0.0,0.0,0.0,0.0,0.0,0.0,0.0,0.0,0.0,0.0,0.0,0.0,0.0,0.0,0.0,0.0,0.0,0.0,0.0,0.9999999999996287,1.9443094211688347e-13,0.9999999999999286,0.9999999999995,0.9999999999996287,1.9443094211688347e-13,0.9999999999999286,0.9999999999995,0.0,0.0,0.0,0.0,0.9999999999996287,1.9443094211688347e-13,0.9999999999999286,0.9999999999995,0.0,0.0,0.0,0.0,38.0,33.59315406448165,75,4,9.75,14.02453207775575,34.0,1.0,28127.25,47295.50820307886,110044,467,0.0,0.0,0.0,0.0,132.39014804003335,125.19152129881488,326.4,9.6,1.8999999156221747e-06,0.0011568999998416984,39.683354200000394,0.5095601000002716,40.19407310000042,736.3864966999936
612563845,637775939,6.0,6.96419413859206,18.0,1.0,-0.042736053466796875,-0.50932384,0.14642759,-0.35282922,-0.7300358,-0.16634607315063477,0.7986744720782879,0.7182468175888062,-0.9797330498695374,-0.9102901816368103,6.042736152212316,-2.1410458981990814,1.0337541055806365,-1.0767914056777954,-3.620542049407959,0.06637519598007202,0.0,0.06637519598007202,0.06637519598007202,1.0173075199127197,0.0,1.0173075199127197,1.0173075199127197,1.4360979795455933,0.0,1.4360979795455933,1.4360979795455933,4.564091205596924,33,6.0,6.96419413859206,18.0,1.0,1.0744609832763672,-157.24277,148.36177,-9.115173,-317.19244,-791.1799926757812,4.925539060163216,95.0,0.0,95,95,0.0,0.0,0.0,0.0,0.07742630184058645,0.03552493677950279,0.12771609425284192,0.01202731888127659,0.013289440460609377,0.012519759128343796,0.03499991250021875,0.00499998750003125,0.9996290457016002,0.00019430659878264008,0.9999285765302479,0.9995002498750625,0.0843491331251279,0.05754689149127929,0.16271876813125183,0.0035809343462260244,-0.24260651629072677,0.36847223972591936,0.0,-0.8461538461538461,1.0,0.0,1.0,1.0,-1.0,0.0,-1.0,-1.0,0.8763180594622308,0.19348629270568984,1.0,0.5329387100211931,0.0009727626459143969,0.0,0.0009727626459143969,0.0009727626459143969,1.0,0.0,1.0,1.0,0.0,0.0,0.0,0.0,0.031173969569965102,6.938893903907228e-18,0.03117396956996511,0.03117396956996511,0.0,0.0,0.0,0.0,0.0,0.0,0.0,0.0,0.0,0.0,0.0,0.0,0.0,0.0,0.0,0.0,0.0,0.0,0.0,0.0,0.9999999999996287,1.9443094211688347e-13,0.9999999999999286,0.9999999999995,0.9999999999996287,1.9443094211688347e-13,0.9999999999999286,0.9999999999995,0.0,0.0,0.0,0.0,0.9999999999996287,1.9443094211688347e-13,0.9999999999999286,0.9999999999995,0.0,0.0,0.0,0.0,39.5,37.606515392947536,81,2,6.0,6.96419413859206,18.0,1.0,10965.0,15259.178254414619,37346,856,0.0,0.0,0.0,0.0,159.46437608909386,123.07058046061347,366.41791044774595,42.63959390862944,2.8000004022032954e-06,0.0012229000003571855,23.660468300000502,0.41329359999963344,24.074987600000895,760.4795090999951
489590319,1043056739,6.0,6.96419413859206,18.0,1.0,-0.042736053466796875,-0.50932384,0.14642759,-0.35282922,-0.7300358,-0.16634607315063477,0.7986744720782879,0.7182468175888062,-0.9797330498695374,-0.9102901816368103,6.042736152212316,-2.1410458981990814,1.0337541055806365,-1.0767914056777954,-3.620542049407959,0.06637519598007202,0.0,0.06637519598007202,0.06637519598007202,1.0173075199127197,0.0,1.0173075199127197,1.0173075199127197,1.4360979795455933,0.0,1.4360979795455933,1.4360979795455933,4.564064979553223,34,1.75,0.82915619758885,3.0,1.0,-2.857985019683838,-162.54855,117.41253,-31.703108,-343.976,453.72198486328125,4.607985154146895,95.0,0.0,95,95,0.0,0.0,0.0,0.0,0.07742630184058645,0.03552493677950279,0.12771609425284192,0.01202731888127659,0.013289440460609377,0.012519759128343796,0.03499991250021875,0.00499998750003125,0.9996290457016002,0.00019430659878264008,0.9999285765302479,0.9995002498750625,0.0843491331251279,0.05754689149127929,0.16271876813125183,0.0035809343462260244,-0.24260651629072677,0.36847223972591936,0.0,-0.8461538461538461,1.0,0.0,1.0,1.0,-1.0,0.0,-1.0,-1.0,0.8763180594622308,0.19348629270568984,1.0,0.5329387100211931,0.0009727626459143969,0.0,0.0009727626459143969,0.0009727626459143969,1.0,0.0,1.0,1.0,0.0,0.0,0.0,0.0,0.031173969569965102,6.938893903907228e-18,0.03117396956996511,0.03117396956996511,0.0,0.0,0.0,0.0,0.0,0.0,0.0,0.0,0.0,0.0,0.0,0.0,0.0,0.0,0.0,0.0,0.0,0.0,0.0,0.0,0.9999999999996287,1.9443094211688347e-13,0.9999999999999286,0.9999999999995,0.9999999999996287,1.9443094211688347e-13,0.9999999999999286,0.9999999999995,0.0,0.0,0.0,0.0,0.9999999999996287,1.9443094211688347e-13,0.9999999999999286,0.9999999999995,0.0,0.0,0.0,0.0,41.0,33.03785707336358,94,7,1.75,0.82915619758885,3.0,1.0,1786.0,1750.5720493598658,4767,494,0.0,0.0,0.0,0.0,108.7179104477612,8.806709177185398,119.2,100.0,1.8000000636675395e-06,0.0008994999998321873,6.860326300000452,0.4344942000006995,7.295721800001047,767.7925094999955
9878317,473887744,2.25,1.0897247358851685,4.0,1.0,-3.4134626388549805,-0.8269961,0.09971686,-0.6650627,-0.9375189,-0.09894864819943905,0.4365403934109187,0.613970160484314,-0.46108028292655945,2.818519115447998,5.6634625369910845,-1.0639298260211945,0.07074282444681404,-0.9474066495895386,-1.138204574584961,0.06652981042861938,0.0,0.06652981042861938,0.06652981042861938,1.0152056217193604,0.0,1.0152056217193604,1.0152056217193604,1.4340296983718872,0.0,1.4340296983718872,1.4340296983718872,4.564034461975098,35,2.25,1.0897247358851685,4.0,1.0,-2.1221866607666016,-177.26569,77.5224,-110.58873,-302.55444,393.9526672363281,4.372186638732205,95.0,0.0,95,95,0.0,0.0,0.0,0.0,0.07742630184058645,0.03552493677950279,0.12771609425284192,0.01202731888127659,0.013289440460609377,0.012519759128343796,0.03499991250021875,0.00499998750003125,0.9996290457016002,0.00019430659878264008,0.9999285765302479,0.9995002498750625,0.0843491331251279,0.05754689149127929,0.16271876813125183,0.0035809343462260244,-0.24260651629072677,0.36847223972591936,0.0,-0.8461538461538461,1.0,0.0,1.0,1.0,-1.0,0.0,-1.0,-1.0,0.8763180594622308,0.19348629270568984,1.0,0.5329387100211931,0.0009727626459143969,0.0,0.0009727626459143969,0.0009727626459143969,1.0,0.0,1.0,1.0,0.0,0.0,0.0,0.0,0.031173969569965102,6.938893903907228e-18,0.03117396956996511,0.03117396956996511,0.0,0.0,0.0,0.0,0.0,0.0,0.0,0.0,0.0,0.0,0.0,0.0,0.0,0.0,0.0,0.0,0.0,0.0,0.0,0.0,0.9999999999996287,1.9443094211688347e-13,0.9999999999999286,0.9999999999995,0.9999999999996287,1.9443094211688347e-13,0.9999999999999286,0.9999999999995,0.0,0.0,0.0,0.0,0.9999999999996287,1.9443094211688347e-13,0.9999999999999286,0.9999999999995,0.0,0.0,0.0,0.0,42.25,20.620075169601105,76,25,2.25,1.0897247358851685,4.0,1.0,2077.25,1187.5294470033155,3985,838,0.0,0.0,0.0,0.0,85.81468464130958,51.3504545620826,163.79354838709676,36.696774193548386,1.499999598308932e-06,0.0008989999996629194,9.241073499999402,0.44442419999995764,9.68639819999862,777.4960346999942
762410127,257249094,2.25,1.0897247358851685,4.0,1.0,-3.4134626388549805,-0.8269961,0.09971686,-0.6650627,-0.9375189,-0.09894864819943905,0.4365403934109187,0.613970160484314,-0.46108028292655945,2.818519115447998,5.6634625369910845,-1.0639298260211945,0.07074282444681404,-0.9474066495895386,-1.138204574584961,0.06652981042861938,0.0,0.06652981042861938,0.06652981042861938,1.0152056217193604,0.0,1.0152056217193604,1.0152056217193604,1.4340296983718872,0.0,1.4340296983718872,1.4340296983718872,4.563998699188232,36,1.75,0.4330127018922193,2.0,1.0,-2.3599681854248047,-243.28795,55.27848,-148.43906,-287.08392,550.4395751953125,4.109967974858985,95.0,0.0,95,95,0.0,0.0,0.0,0.0,0.07742630184058645,0.03552493677950279,0.12771609425284192,0.01202731888127659,0.013289440460609377,0.012519759128343796,0.03499991250021875,0.00499998750003125,0.9996290457016002,0.00019430659878264008,0.9999285765302479,0.9995002498750625,0.0843491331251279,0.05754689149127929,0.16271876813125183,0.0035809343462260244,-0.24260651629072677,0.36847223972591936,0.0,-0.8461538461538461,1.0,0.0,1.0,1.0,-1.0,0.0,-1.0,-1.0,0.8763180594622308,0.19348629270568984,1.0,0.5329387100211931,0.0009727626459143969,0.0,0.0009727626459143969,0.0009727626459143969,1.0,0.0,1.0,1.0,0.0,0.0,0.0,0.0,0.031173969569965102,6.938893903907228e-18,0.03117396956996511,0.03117396956996511,0.0,0.0,0.0,0.0,0.0,0.0,0.0,0.0,0.0,0.0,0.0,0.0,0.0,0.0,0.0,0.0,0.0,0.0,0.0,0.0,0.9999999999996287,1.9443094211688347e-13,0.9999999999999286,0.9999999999995,0.9999999999996287,1.9443094211688347e-13,0.9999999999999286,0.9999999999995,0.0,0.0,0.0,0.0,0.9999999999996287,1.9443094211688347e-13,0.9999999999999286,0.9999999999995,0.0,0.0,0.0,0.0,59.0,14.611639196202457,71,34,1.75,0.4330127018922193,2.0,1.0,1700.0,199.55826216922216,2020,1471,0.0,0.0,0.0,0.0,87.63582089552239,45.12213706470262,115.67164179104478,9.6,1.5999994502635673e-06,0.000866899999891757,7.074254799999835,0.6558106000002226,7.7309338999994,785.2440594999916
461618228,939860099,6.0,8.093207028119323,20.0,1.0,0.302883505821228,-0.5600455,0.3356635,-0.10830951,-0.93240327,-0.12074856599792838,0.7094845951009944,0.9673554301261902,-0.9422643184661865,-1.3326135873794556,5.697116283291976,-1.8646899908781052,0.8504129485748444,-0.9325029253959656,-2.8536806106567383,0.06664740294218063,0.0,0.06664740294218063,0.06664740294218063,1.0107438564300537,0.0,1.0107438564300537,1.0107438564300537,1.4296250343322754,0.0,1.4296250343322754,1.4296250343322754,4.563963890075684,37,6.0,8.093207028119323,20.0,1.0,1.701028823852539,-163.65488,123.64581,-9.161575,-342.8895,-30.426406860351562,4.298971177373086,95.0,0.0,95,95,0.0,0.0,0.0,0.0,0.07742630184058645,0.03552493677950279,0.12771609425284192,0.01202731888127659,0.013289440460609377,0.012519759128343796,0.03499991250021875,0.00499998750003125,0.9996290457016002,0.00019430659878264008,0.9999285765302479,0.9995002498750625,0.0843491331251279,0.05754689149127929,0.16271876813125183,0.0035809343462260244,-0.24260651629072677,0.36847223972591936,0.0,-0.8461538461538461,1.0,0.0,1.0,1.0,-1.0,0.0,-1.0,-1.0,0.8763180594622308,0.19348629270568984,1.0,0.5329387100211931,0.0009727626459143969,0.0,0.0009727626459143969,0.0009727626459143969,1.0,0.0,1.0,1.0,0.0,0.0,0.0,0.0,0.031173969569965102,6.938893903907228e-18,0.03117396956996511,0.03117396956996511,0.0,0.0,0.0,0.0,0.0,0.0,0.0,0.0,0.0,0.0,0.0,0.0,0.0,0.0,0.0,0.0,0.0,0.0,0.0,0.0,0.9999999999996287,1.9443094211688347e-13,0.9999999999999286,0.9999999999995,0.9999999999996287,1.9443094211688347e-13,0.9999999999999286,0.9999999999995,0.0,0.0,0.0,0.0,0.9999999999996287,1.9443094211688347e-13,0.9999999999999286,0.9999999999995,0.0,0.0,0.0,0.0,41.25,33.855391003501936,93,2,6.0,8.093207028119323,20.0,1.0,14855.5,23301.661276612875,55213,1010,0.0,0.0,0.0,0.0,115.89772727272727,100.7415212118339,282.4,35.79545454545455,2.8000004022032954e-06,0.001456799999687064,24.309105199999976,0.38580520000050456,24.69637000000057,809.9615076999935
36424153,297316600,6.0,8.093207028119323,20.0,1.0,0.302883505821228,-0.5600455,0.3356635,-0.10830951,-0.93240327,-0.12074856599792838,0.7094845951009944,0.9673554301261902,-0.9422643184661865,-1.3326135873794556,5.697116283291976,-1.8646899908781052,0.8504129485748444,-0.9325029253959656,-2.8536806106567383,0.06664740294218063,0.0,0.06664740294218063,0.06664740294218063,1.0107438564300537,0.0,1.0107438564300537,1.0107438564300537,1.4296250343322754,0.0,1.4296250343322754,1.4296250343322754,4.563929080963135,38,7.0,8.154753215150045,21.0,1.0,2.4309253692626953,-219.91664,81.4569,-135.89366,-322.36002,-998.0970458984375,4.569074059635778,95.0,0.0,95,95,0.0,0.0,0.0,0.0,0.07742630184058645,0.03552493677950279,0.12771609425284192,0.01202731888127659,0.013289440460609377,0.012519759128343796,0.03499991250021875,0.00499998750003125,0.9996290457016002,0.00019430659878264008,0.9999285765302479,0.9995002498750625,0.0843491331251279,0.05754689149127929,0.16271876813125183,0.0035809343462260244,-0.24260651629072677,0.36847223972591936,0.0,-0.8461538461538461,1.0,0.0,1.0,1.0,-1.0,0.0,-1.0,-1.0,0.8763180594622308,0.19348629270568984,1.0,0.5329387100211931,0.0009727626459143969,0.0,0.0009727626459143969,0.0009727626459143969,1.0,0.0,1.0,1.0,0.0,0.0,0.0,0.0,0.031173969569965102,6.938893903907228e-18,0.03117396956996511,0.03117396956996511,0.0,0.0,0.0,0.0,0.0,0.0,0.0,0.0,0.0,0.0,0.0,0.0,0.0,0.0,0.0,0.0,0.0,0.0,0.0,0.0,0.9999999999996287,1.9443094211688347e-13,0.9999999999999286,0.9999999999995,0.9999999999996287,1.9443094211688347e-13,0.9999999999999286,0.9999999999995,0.0,0.0,0.0,0.0,0.9999999999996287,1.9443094211688347e-13,0.9999999999999286,0.9999999999995,0.0,0.0,0.0,0.0,53.75,22.398381637966615,83,31,7.0,8.154753215150045,21.0,1.0,19778.5,28702.504746972867,69225,789,0.0,0.0,0.0,0.0,149.80876211352103,50.78120636827923,234.63959390862945,100.0,1.8999999156221747e-06,0.0008581000001868233,28.07374620000064,0.6069496000000072,28.68155580000075,838.6597987999949
346418164,371446523,8.25,9.67923034130297,25.0,2.0,2.297595977783203,-0.52715087,0.27841026,-0.1386137,-0.8976556,0.1693582907319069,0.7193444888870933,0.944563090801239,-0.7428773641586304,-3.3460898399353027,5.952404654962779,-1.5652029812335968,0.49553524445536973,-1.0072462558746338,-2.366076946258545,0.06714530289173126,0.0,0.06714530289173126,0.06714530289173126,1.0093449354171753,0.0,1.0093449354171753,1.0093449354171753,1.4282400608062744,0.0,1.4282400608062744,1.4282400608062744,4.563900947570801,39,8.25,9.67923034130297,25.0,2.0,3.312833786010742,-215.63925,122.54216,-53.99877,-341.35028,-267.4248962402344,4.9371666536722,95.0,0.0,95,95,0.0,0.0,0.0,0.0,0.07742630184058645,0.03552493677950279,0.12771609425284192,0.01202731888127659,0.013289440460609377,0.012519759128343796,0.03499991250021875,0.00499998750003125,0.9996290457016002,0.00019430659878264008,0.9999285765302479,0.9995002498750625,0.0843491331251279,0.05754689149127929,0.16271876813125183,0.0035809343462260244,-0.24260651629072677,0.36847223972591936,0.0,-0.8461538461538461,1.0,0.0,1.0,1.0,-1.0,0.0,-1.0,-1.0,0.8763180594622308,0.19348629270568984,1.0,0.5329387100211931,0.0009727626459143969,0.0,0.0009727626459143969,0.0009727626459143969,1.0,0.0,1.0,1.0,0.0,0.0,0.0,0.0,0.031173969569965102,6.938893903907228e-18,0.03117396956996511,0.03117396956996511,0.0,0.0,0.0,0.0,0.0,0.0,0.0,0.0,0.0,0.0,0.0,0.0,0.0,0.0,0.0,0.0,0.0,0.0,0.0,0.0,0.9999999999996287,1.9443094211688347e-13,0.9999999999999286,0.9999999999995,0.9999999999996287,1.9443094211688347e-13,0.9999999999999286,0.9999999999995,0.0,0.0,0.0,0.0,0.9999999999996287,1.9443094211688347e-13,0.9999999999999286,0.9999999999995,0.0,0.0,0.0,0.0,55.25,34.08353708170559,92,12,8.25,9.67923034130297,25.0,2.0,23503.25,34282.908616211374,82869,2857,0.0,0.0,0.0,0.0,125.91791044776109,78.18085371576312,240.0,19.2,1.5000005078036338e-06,0.0008553999996365746,33.287839699999495,0.6862805999999182,33.97497719999956,872.6539374999938
35527133,1059314960,8.25,9.67923034130297,25.0,2.0,2.297595977783203,-0.52715087,0.27841026,-0.1386137,-0.8976556,0.1693582907319069,0.7193444888870933,0.944563090801239,-0.7428773641586304,-3.3460898399353027,5.952404654962779,-1.5652029812335968,0.49553524445536973,-1.0072462558746338,-2.366076946258545,0.06714530289173126,0.0,0.06714530289173126,0.06714530289173126,1.0093449354171753,0.0,1.0093449354171753,1.0093449354171753,1.4282400608062744,0.0,1.4282400608062744,1.4282400608062744,4.563869476318359,40,1.75,0.4330127018922193,2.0,1.0,-2.868450164794922,-230.25711,110.915146,-40.655193,-322.57254,613.08056640625,4.61844998830498,95.0,0.0,95,95,0.0,0.0,0.0,0.0,0.07742630184058645,0.03552493677950279,0.12771609425284192,0.01202731888127659,0.013289440460609377,0.012519759128343796,0.03499991250021875,0.00499998750003125,0.9996290457016002,0.00019430659878264008,0.9999285765302479,0.9995002498750625,0.0843491331251279,0.05754689149127929,0.16271876813125183,0.0035809343462260244,-0.24260651629072677,0.36847223972591936,0.0,-0.8461538461538461,1.0,0.0,1.0,1.0,-1.0,0.0,-1.0,-1.0,0.8763180594622308,0.19348629270568984,1.0,0.5329387100211931,0.0009727626459143969,0.0,0.0009727626459143969,0.0009727626459143969,1.0,0.0,1.0,1.0,0.0,0.0,0.0,0.0,0.031173969569965102,6.938893903907228e-18,0.03117396956996511,0.03117396956996511,0.0,0.0,0.0,0.0,0.0,0.0,0.0,0.0,0.0,0.0,0.0,0.0,0.0,0.0,0.0,0.0,0.0,0.0,0.0,0.0,0.9999999999996287,1.9443094211688347e-13,0.9999999999999286,0.9999999999995,0.9999999999996287,1.9443094211688347e-13,0.9999999999999286,0.9999999999995,0.0,0.0,0.0,0.0,0.9999999999996287,1.9443094211688347e-13,0.9999999999999286,0.9999999999995,0.0,0.0,0.0,0.0,57.25,28.481353549296074,83,9,1.75,0.4330127018922193,2.0,1.0,1794.5,611.1928909926881,2162,736,0.0,0.0,0.0,0.0,111.57419354838706,9.781453707323408,127.09677419354824,100.0,1.8999999156221747e-06,0.0008577999997214647,6.921617799999694,0.5143846999999369,7.436862199999268,880.1086811999958
407788156,1071751096,1.25,0.4330127018922193,2.0,1.0,-4.23216438293457,-0.48086572,0.22916165,-0.24507809,-0.8604883,-0.3419019877910614,0.7407564344137587,0.894878089427948,-0.9163636565208435,1.9401969909667969,5.482164189466501,-1.8441833853721619,0.472912622930774,-1.0673848390579224,-2.237931728363037,0.06857145577669144,0.0,0.06857145577669144,0.06857145577669144,1.0101829767227173,0.0,1.0101829767227173,1.0101829767227173,1.429069995880127,0.0,1.429069995880127,1.429069995880127,4.563837051391602,41,1.25,0.4330127018922193,2.0,1.0,-3.031604766845703,-121.21895,131.61316,-13.630814,-338.1478,369.0659484863281,4.2816049894744825,95.0,0.0,95,95,0.0,0.0,0.0,0.0,0.07742630184058645,0.03552493677950279,0.12771609425284192,0.01202731888127659,0.013289440460609377,0.012519759128343796,0.03499991250021875,0.00499998750003125,0.9996290457016002,0.00019430659878264008,0.9999285765302479,0.9995002498750625,0.0843491331251279,0.05754689149127929,0.16271876813125183,0.0035809343462260244,-0.24260651629072677,0.36847223972591936,0.0,-0.8461538461538461,1.0,0.0,1.0,1.0,-1.0,0.0,-1.0,-1.0,0.8763180594622308,0.19348629270568984,1.0,0.5329387100211931,0.0009727626459143969,0.0,0.0009727626459143969,0.0009727626459143969,1.0,0.0,1.0,1.0,0.0,0.0,0.0,0.0,0.031173969569965102,6.938893903907228e-18,0.03117396956996511,0.03117396956996511,0.0,0.0,0.0,0.0,0.0,0.0,0.0,0.0,0.0,0.0,0.0,0.0,0.0,0.0,0.0,0.0,0.0,0.0,0.0,0.0,0.9999999999996287,1.9443094211688347e-13,0.9999999999999286,0.9999999999995,0.9999999999996287,1.9443094211688347e-13,0.9999999999999286,0.9999999999995,0.0,0.0,0.0,0.0,0.9999999999996287,1.9443094211688347e-13,0.9999999999999286,0.9999999999995,0.0,0.0,0.0,0.0,30.75,35.42156828826189,90,3,1.25,0.4330127018922193,2.0,1.0,985.25,287.0482320098837,1421,704,0.0,0.0,0.0,0.0,57.199999999999996,47.72085497976749,109.6,9.6,1.8999999156221747e-06,0.0011120999997729086,5.330075599999873,0.30608070000016596,5.637270299999727,885.7644288999936
319581959,905198501,1.25,0.4330127018922193,2.0,1.0,-4.23216438293457,-0.48086572,0.22916165,-0.24507809,-0.8604883,-0.3419019877910614,0.7407564344137587,0.894878089427948,-0.9163636565208435,1.9401969909667969,5.482164189466501,-1.8441833853721619,0.472912622930774,-1.0673848390579224,-2.237931728363037,0.06857145577669144,0.0,0.06857145577669144,0.06857145577669144,1.0101829767227173,0.0,1.0101829767227173,1.0101829767227173,1.429069995880127,0.0,1.429069995880127,1.429069995880127,4.563801288604736,42,18.0,27.13853349022382,65.0,2.0,12.3465576171875,-188.1322,92.01953,-110.711105,-338.12265,-2315.5517578125,5.653444490527034,95.0,0.0,95,95,0.0,0.0,0.0,0.0,0.07742630184058645,0.03552493677950279,0.12771609425284192,0.01202731888127659,0.013289440460609377,0.012519759128343796,0.03499991250021875,0.00499998750003125,0.9996290457016002,0.00019430659878264008,0.9999285765302479,0.9995002498750625,0.0843491331251279,0.05754689149127929,0.16271876813125183,0.0035809343462260244,-0.24260651629072677,0.36847223972591936,0.0,-0.8461538461538461,1.0,0.0,1.0,1.0,-1.0,0.0,-1.0,-1.0,0.8763180594622308,0.19348629270568984,1.0,0.5329387100211931,0.0009727626459143969,0.0,0.0009727626459143969,0.0009727626459143969,1.0,0.0,1.0,1.0,0.0,0.0,0.0,0.0,0.031173969569965102,6.938893903907228e-18,0.03117396956996511,0.03117396956996511,0.0,0.0,0.0,0.0,0.0,0.0,0.0,0.0,0.0,0.0,0.0,0.0,0.0,0.0,0.0,0.0,0.0,0.0,0.0,0.0,0.9999999999996287,1.9443094211688347e-13,0.9999999999999286,0.9999999999995,0.9999999999996287,1.9443094211688347e-13,0.9999999999999286,0.9999999999995,0.0,0.0,0.0,0.0,0.9999999999996287,1.9443094211688347e-13,0.9999999999999286,0.9999999999995,0.0,0.0,0.0,0.0,46.25,26.366408553308887,90,25,18.0,27.13853349022382,65.0,2.0,57856.25,95778.77549952024,223749,2220,0.0,0.0,0.0,0.0,227.77780892491856,282.53822321017566,714.4,25.271641791044775,2.099999619531445e-06,0.0009621999997762032,71.30532540000058,0.4869693000000552,71.79325900000003,957.5759980999946
412538977,252744216,15.5,23.96351393264352,57.0,1.0,9.01605224609375,-0.7265066,0.27880916,-0.25339878,-0.9362067,0.0851917676627636,0.5234642970009944,0.890196681022644,-0.5629836916923523,0.004178285598754883,6.483947770519851,-1.2188355773687363,0.3635350179656102,-0.9322585463523865,-1.8257776498794556,0.0683581531047821,0.0,0.0683581531047821,0.0683581531047821,1.013048768043518,0.0,1.013048768043518,1.013048768043518,1.4319028854370117,0.0,1.4319028854370117,1.4319028854370117,4.5637736320495605,43,15.5,23.96351393264352,57.0,1.0,8.861900329589844,-207.44461,88.33742,-89.04934,-336.04022,-3603.460693359375,6.63810004147433,95.0,0.0,95,95,0.0,0.0,0.0,0.0,0.07742630184058645,0.03552493677950279,0.12771609425284192,0.01202731888127659,0.013289440460609377,0.012519759128343796,0.03499991250021875,0.00499998750003125,0.9996290457016002,0.00019430659878264008,0.9999285765302479,0.9995002498750625,0.0843491331251279,0.05754689149127929,0.16271876813125183,0.0035809343462260244,-0.24260651629072677,0.36847223972591936,0.0,-0.8461538461538461,1.0,0.0,1.0,1.0,-1.0,0.0,-1.0,-1.0,0.8763180594622308,0.19348629270568984,1.0,0.5329387100211931,0.0009727626459143969,0.0,0.0009727626459143969,0.0009727626459143969,1.0,0.0,1.0,1.0,0.0,0.0,0.0,0.0,0.031173969569965102,6.938893903907228e-18,0.03117396956996511,0.03117396956996511,0.0,0.0,0.0,0.0,0.0,0.0,0.0,0.0,0.0,0.0,0.0,0.0,0.0,0.0,0.0,0.0,0.0,0.0,0.0,0.0,0.9999999999996287,1.9443094211688347e-13,0.9999999999999286,0.9999999999995,0.9999999999996287,1.9443094211688347e-13,0.9999999999999286,0.9999999999995,0.0,0.0,0.0,0.0,0.9999999999996287,1.9443094211688347e-13,0.9999999999999286,0.9999999999995,0.0,0.0,0.0,0.0,51.0,24.849547279578356,89,20,15.5,23.96351393264352,57.0,1.0,51169.75,86315.17143403876,200667,529,0.0,0.0,0.0,0.0,240.7179104477612,229.20809271996174,637.6,100.0,1.600000359758269e-06,0.0008682000006956514,61.71685179999986,0.6655389000006835,62.3832605000016,1019.9768567999972
645762532,748002202,15.5,23.96351393264352,57.0,1.0,9.01605224609375,-0.7265066,0.27880916,-0.25339878,-0.9362067,0.0851917676627636,0.5234642970009944,0.890196681022644,-0.5629836916923523,0.004178285598754883,6.483947770519851,-1.2188355773687363,0.3635350179656102,-0.9322585463523865,-1.8257776498794556,0.0683581531047821,0.0,0.0683581531047821,0.0683581531047821,1.013048768043518,0.0,1.013048768043518,1.013048768043518,1.4319028854370117,0.0,1.4319028854370117,1.4319028854370117,4.563754081726074,44,1.25,0.4330127018922193,2.0,1.0,-4.849289894104004,-190.25177,62.976677,-123.47177,-260.16272,939.281005859375,6.099290037326897,95.0,0.0,95,95,0.0,0.0,0.0,0.0,0.07742630184058645,0.03552493677950279,0.12771609425284192,0.01202731888127659,0.013289440460609377,0.012519759128343796,0.03499991250021875,0.00499998750003125,0.9996290457016002,0.00019430659878264008,0.9999285765302479,0.9995002498750625,0.0843491331251279,0.05754689149127929,0.16271876813125183,0.0035809343462260244,-0.24260651629072677,0.36847223972591936,0.0,-0.8461538461538461,1.0,0.0,1.0,1.0,-1.0,0.0,-1.0,-1.0,0.8763180594622308,0.19348629270568984,1.0,0.5329387100211931,0.0009727626459143969,0.0,0.0009727626459143969,0.0009727626459143969,1.0,0.0,1.0,1.0,0.0,0.0,0.0,0.0,0.031173969569965102,6.938893903907228e-18,0.03117396956996511,0.03117396956996511,0.0,0.0,0.0,0.0,0.0,0.0,0.0,0.0,0.0,0.0,0.0,0.0,0.0,0.0,0.0,0.0,0.0,0.0,0.0,0.0,0.9999999999996287,1.9443094211688347e-13,0.9999999999999286,0.9999999999995,0.9999999999996287,1.9443094211688347e-13,0.9999999999999286,0.9999999999995,0.0,0.0,0.0,0.0,0.9999999999996287,1.9443094211688347e-13,0.9999999999999286,0.9999999999995,0.0,0.0,0.0,0.0,45.0,16.077935190813527,63,28,1.25,0.4330127018922193,2.0,1.0,639.5,236.47251425905716,962,387,0.0,0.0,0.0,0.0,72.00876211352099,33.05511401554192,109.6,35.79545454545455,1.7000002117129043e-06,0.0011629999999058782,4.93672400000014,0.4668205999996644,5.404709299999922,1025.3990492999965
732828657,190938533,1.25,0.4330127018922193,2.0,1.0,-4.710553169250488,-0.87609327,0.05083763,-0.81424797,-0.93415296,-0.0030919010750949383,0.3280296617421414,0.36584192514419556,-0.5278708934783936,4.142344951629639,5.960552993467866,-0.9982010573148727,0.08459264579302411,-0.934429943561554,-1.1408741474151611,0.0665241926908493,0.0,0.0665241926908493,0.0665241926908493,1.0143864154815674,0.0,1.0143864154815674,1.0143864154815674,1.4332224130630493,0.0,1.4332224130630493,1.4332224130630493,4.563732624053955,45,1.25,0.4330127018922193,2.0,1.0,-4.364360809326172,-197.2514,61.34797,-97.64166,-263.50357,885.7786865234375,5.614361033594207,95.0,0.0,95,95,0.0,0.0,0.0,0.0,0.07742630184058645,0.03552493677950279,0.12771609425284192,0.01202731888127659,0.013289440460609377,0.012519759128343796,0.03499991250021875,0.00499998750003125,0.9996290457016002,0.00019430659878264008,0.9999285765302479,0.9995002498750625,0.0843491331251279,0.05754689149127929,0.16271876813125183,0.0035809343462260244,-0.24260651629072677,0.36847223972591936,0.0,-0.8461538461538461,1.0,0.0,1.0,1.0,-1.0,0.0,-1.0,-1.0,0.8763180594622308,0.19348629270568984,1.0,0.5329387100211931,0.0009727626459143969,0.0,0.0009727626459143969,0.0009727626459143969,1.0,0.0,1.0,1.0,0.0,0.0,0.0,0.0,0.031173969569965102,6.938893903907228e-18,0.03117396956996511,0.03117396956996511,0.0,0.0,0.0,0.0,0.0,0.0,0.0,0.0,0.0,0.0,0.0,0.0,0.0,0.0,0.0,0.0,0.0,0.0,0.0,0.0,0.9999999999996287,1.9443094211688347e-13,0.9999999999999286,0.9999999999995,0.9999999999996287,1.9443094211688347e-13,0.9999999999999286,0.9999999999995,0.0,0.0,0.0,0.0,0.9999999999996287,1.9443094211688347e-13,0.9999999999999286,0.9999999999995,0.0,0.0,0.0,0.0,46.75,15.417117110536587,64,22,1.25,0.4330127018922193,2.0,1.0,770.75,395.141351290902,1374,267,0.0,0.0,0.0,0.0,52.07192082111437,33.40316059868414,109.6,27.096774193548388,1.5999994502635673e-06,0.0008600999999544001,5.032020599999669,0.5273580000002767,5.56024029999935,1030.9782242999954
493407055,494508119,1.25,0.4330127018922193,2.0,1.0,-4.710553169250488,-0.87609327,0.05083763,-0.81424797,-0.93415296,-0.0030919010750949383,0.3280296617421414,0.36584192514419556,-0.5278708934783936,4.142344951629639,5.960552993467866,-0.9982010573148727,0.08459264579302411,-0.934429943561554,-1.1408741474151611,0.0665241926908493,0.0,0.0665241926908493,0.0665241926908493,1.0143864154815674,0.0,1.0143864154815674,1.0143864154815674,1.4332224130630493,0.0,1.4332224130630493,1.4332224130630493,4.5637030601501465,46,2.0,1.224744871391589,4.0,1.0,-3.252924919128418,-132.22168,79.42393,-9.099986,-231.11668,396.28558349609375,5.252924930234787,95.0,0.0,95,95,0.0,0.0,0.0,0.0,0.07742630184058645,0.03552493677950279,0.12771609425284192,0.01202731888127659,0.013289440460609377,0.012519759128343796,0.03499991250021875,0.00499998750003125,0.9996290457016002,0.00019430659878264008,0.9999285765302479,0.9995002498750625,0.0843491331251279,0.05754689149127929,0.16271876813125183,0.0035809343462260244,-0.24260651629072677,0.36847223972591936,0.0,-0.8461538461538461,1.0,0.0,1.0,1.0,-1.0,0.0,-1.0,-1.0,0.8763180594622308,0.19348629270568984,1.0,0.5329387100211931,0.0009727626459143969,0.0,0.0009727626459143969,0.0009727626459143969,1.0,0.0,1.0,1.0,0.0,0.0,0.0,0.0,0.031173969569965102,6.938893903907228e-18,0.03117396956996511,0.03117396956996511,0.0,0.0,0.0,0.0,0.0,0.0,0.0,0.0,0.0,0.0,0.0,0.0,0.0,0.0,0.0,0.0,0.0,0.0,0.0,0.0,0.9999999999996287,1.9443094211688347e-13,0.9999999999999286,0.9999999999995,0.9999999999996287,1.9443094211688347e-13,0.9999999999999286,0.9999999999995,0.0,0.0,0.0,0.0,0.9999999999996287,1.9443094211688347e-13,0.9999999999999286,0.9999999999995,0.0,0.0,0.0,0.0,30.75,18.872930350107268,55,2,2.0,1.224744871391589,4.0,1.0,2987.25,3597.8262447622456,9058,300,0.0,0.0,0.0,0.0,87.0,45.87417574191389,128.8,9.6,1.6999993022182025e-06,0.0008699999998498242,7.064226899999994,0.3444331000000602,7.4095316999992065,1038.404186199994
932661499,457072317,1.25,0.4330127018922193,2.0,1.0,-4.239497661590576,-0.89734125,0.0265753,-0.86625326,-0.93424517,0.04053514823317528,0.2513453538898862,0.30173859000205994,-0.28491801023483276,3.8011317253112793,5.48949769412108,-0.9648412317037582,0.017727439702888894,-0.9494636058807373,-0.9945826530456543,0.06503754109144211,0.0,0.06503754109144211,0.06503754109144211,1.013298749923706,0.0,1.013298749923706,1.013298749923706,1.4321496486663818,0.0,1.4321496486663818,1.4321496486663818,4.563676357269287,47,1.25,0.4330127018922193,2.0,1.0,-3.602632522583008,-205.74335,46.703568,-144.24733,-252.89827,756.5916748046875,4.852632437211309,95.0,0.0,95,95,0.0,0.0,0.0,0.0,0.07742630184058645,0.03552493677950279,0.12771609425284192,0.01202731888127659,0.013289440460609377,0.012519759128343796,0.03499991250021875,0.00499998750003125,0.9996290457016002,0.00019430659878264008,0.9999285765302479,0.9995002498750625,0.0843491331251279,0.05754689149127929,0.16271876813125183,0.0035809343462260244,-0.24260651629072677,0.36847223972591936,0.0,-0.8461538461538461,1.0,0.0,1.0,1.0,-1.0,0.0,-1.0,-1.0,0.8763180594622308,0.19348629270568984,1.0,0.5329387100211931,0.0009727626459143969,0.0,0.0009727626459143969,0.0009727626459143969,1.0,0.0,1.0,1.0,0.0,0.0,0.0,0.0,0.031173969569965102,6.938893903907228e-18,0.03117396956996511,0.03117396956996511,0.0,0.0,0.0,0.0,0.0,0.0,0.0,0.0,0.0,0.0,0.0,0.0,0.0,0.0,0.0,0.0,0.0,0.0,0.0,0.0,0.9999999999996287,1.9443094211688347e-13,0.9999999999999286,0.9999999999995,0.9999999999996287,1.9443094211688347e-13,0.9999999999999286,0.9999999999995,0.0,0.0,0.0,0.0,0.9999999999996287,1.9443094211688347e-13,0.9999999999999286,0.9999999999995,0.0,0.0,0.0,0.0,48.75,12.090802289343747,61,33,1.25,0.4330127018922193,2.0,1.0,906.0,130.42814113526268,1058,704,0.0,0.0,0.0,0.0,85.69210399614829,41.91253874941803,127.09677419354838,15.671641791044776,1.8000000636675395e-06,0.0009435000001758453,5.157306800000697,0.565991400000712,5.7242435000016485,1044.144929899997
173740496,559322272,1.25,0.4330127018922193,2.0,1.0,-4.239497661590576,-0.89734125,0.0265753,-0.86625326,-0.93424517,0.04053514823317528,0.2513453538898862,0.30173859000205994,-0.28491801023483276,3.8011317253112793,5.48949769412108,-0.9648412317037582,0.017727439702888894,-0.9494636058807373,-0.9945826530456543,0.06503754109144211,0.0,0.06503754109144211,0.06503754109144211,1.013298749923706,0.0,1.013298749923706,1.013298749923706,1.4321496486663818,0.0,1.4321496486663818,1.4321496486663818,4.563644886016846,48,1.5,0.5,2.0,1.0,-3.017369270324707,-122.99848,128.12639,-18.16538,-339.8226,343.13409423828125,4.517369193490178,95.0,0.0,95,95,0.0,0.0,0.0,0.0,0.07742630184058645,0.03552493677950279,0.12771609425284192,0.01202731888127659,0.013289440460609377,0.012519759128343796,0.03499991250021875,0.00499998750003125,0.9996290457016002,0.00019430659878264008,0.9999285765302479,0.9995002498750625,0.0843491331251279,0.05754689149127929,0.16271876813125183,0.0035809343462260244,-0.24260651629072677,0.36847223972591936,0.0,-0.8461538461538461,1.0,0.0,1.0,1.0,-1.0,0.0,-1.0,-1.0,0.8763180594622308,0.19348629270568984,1.0,0.5329387100211931,0.0009727626459143969,0.0,0.0009727626459143969,0.0009727626459143969,1.0,0.0,1.0,1.0,0.0,0.0,0.0,0.0,0.031173969569965102,6.938893903907228e-18,0.03117396956996511,0.03117396956996511,0.0,0.0,0.0,0.0,0.0,0.0,0.0,0.0,0.0,0.0,0.0,0.0,0.0,0.0,0.0,0.0,0.0,0.0,0.0,0.0,0.9999999999996287,1.9443094211688347e-13,0.9999999999999286,0.9999999999995,0.9999999999996287,1.9443094211688347e-13,0.9999999999999286,0.9999999999995,0.0,0.0,0.0,0.0,0.9999999999996287,1.9443094211688347e-13,0.9999999999999286,0.9999999999995,0.0,0.0,0.0,0.0,31.25,35.04550613131447,91,4,1.5,0.5,2.0,1.0,1436.75,824.8028173448488,2626,314,0.0,0.0,0.0,0.0,67.66677408412473,38.740606571165294,109.59999999999957,15.671641791044776,2.599999788799323e-06,0.001232200000231387,6.399789000000055,0.3187840000000506,6.719807800000126,1050.882850899996
894780635,285726959,3.5,2.692582403567252,8.0,1.0,-1.7905478477478027,-0.7055254,0.17581932,-0.516219,-0.9164114,-0.20714809000492096,0.5761530239762761,0.719414472579956,-0.8394967317581177,0.9591968059539795,5.290547924708972,-1.2695349007844925,0.2900704323754575,-0.9756947159767151,-1.7361645698547363,0.06395695358514786,0.0,0.06395695358514786,0.06395695358514786,1.0101265907287598,0.0,1.0101265907287598,1.0101265907287598,1.4290142059326172,0.0,1.4290142059326172,1.4290142059326172,4.5636067390441895,49,3.5,2.692582403567252,8.0,1.0,-0.9156322479248047,-153.94867,104.12339,-31.672482,-316.8525,174.61285400390625,4.41563227414116,95.0,0.0,95,95,0.0,0.0,0.0,0.0,0.07742630184058645,0.03552493677950279,0.12771609425284192,0.01202731888127659,0.013289440460609377,0.012519759128343796,0.03499991250021875,0.00499998750003125,0.9996290457016002,0.00019430659878264008,0.9999285765302479,0.9995002498750625,0.0843491331251279,0.05754689149127929,0.16271876813125183,0.0035809343462260244,-0.24260651629072677,0.36847223972591936,0.0,-0.8461538461538461,1.0,0.0,1.0,1.0,-1.0,0.0,-1.0,-1.0,0.8763180594622308,0.19348629270568984,1.0,0.5329387100211931,0.0009727626459143969,0.0,0.0009727626459143969,0.0009727626459143969,1.0,0.0,1.0,1.0,0.0,0.0,0.0,0.0,0.031173969569965102,6.938893903907228e-18,0.03117396956996511,0.03117396956996511,0.0,0.0,0.0,0.0,0.0,0.0,0.0,0.0,0.0,0.0,0.0,0.0,0.0,0.0,0.0,0.0,0.0,0.0,0.0,0.0,0.9999999999996287,1.9443094211688347e-13,0.9999999999999286,0.9999999999995,0.9999999999996287,1.9443094211688347e-13,0.9999999999999286,0.9999999999995,0.0,0.0,0.0,0.0,0.9999999999996287,1.9443094211688347e-13,0.9999999999999286,0.9999999999995,0.0,0.0,0.0,0.0,37.25,27.2981226460722,81,7,3.5,2.692582403567252,8.0,1.0,7251.75,9639.191417722754,23878,442,0.0,0.0,0.0,0.0,110.09886685670638,13.38616856217075,126.89869323327713,94.29677419354839,2.499999936844688e-06,0.0010289000001648674,14.02949289999924,0.3636099999994258,14.394134299998768,1065.294251299997
1030828979,947203843,3.5,2.692582403567252,8.0,1.0,-1.7905478477478027,-0.7055254,0.17581932,-0.516219,-0.9164114,-0.20714809000492096,0.5761530239762761,0.719414472579956,-0.8394967317581177,0.9591968059539795,5.290547924708972,-1.2695349007844925,0.2900704323754575,-0.9756947159767151,-1.7361645698547363,0.06395695358514786,0.0,0.06395695358514786,0.06395695358514786,1.0101265907287598,0.0,1.0101265907287598,1.0101265907287598,1.4290142059326172,0.0,1.4290142059326172,1.4290142059326172,4.563564300537109,50,1.75,0.82915619758885,3.0,1.0,-2.399068832397461,-197.53879,125.56551,-36.15854,-333.87225,527.6705932617188,4.149069046727044,95.0,0.0,95,95,0.0,0.0,0.0,0.0,0.07742630184058645,0.03552493677950279,0.12771609425284192,0.01202731888127659,0.013289440460609377,0.012519759128343796,0.03499991250021875,0.00499998750003125,0.9996290457016002,0.00019430659878264008,0.9999285765302479,0.9995002498750625,0.0843491331251279,0.05754689149127929,0.16271876813125183,0.0035809343462260244,-0.24260651629072677,0.36847223972591936,0.0,-0.8461538461538461,1.0,0.0,1.0,1.0,-1.0,0.0,-1.0,-1.0,0.8763180594622308,0.19348629270568984,1.0,0.5329387100211931,0.0009727626459143969,0.0,0.0009727626459143969,0.0009727626459143969,1.0,0.0,1.0,1.0,0.0,0.0,0.0,0.0,0.031173969569965102,6.938893903907228e-18,0.03117396956996511,0.03117396956996511,0.0,0.0,0.0,0.0,0.0,0.0,0.0,0.0,0.0,0.0,0.0,0.0,0.0,0.0,0.0,0.0,0.0,0.0,0.0,0.0,0.9999999999996287,1.9443094211688347e-13,0.9999999999999286,0.9999999999995,0.9999999999996287,1.9443094211688347e-13,0.9999999999999286,0.9999999999995,0.0,0.0,0.0,0.0,0.9999999999996287,1.9443094211688347e-13,0.9999999999999286,0.9999999999995,0.0,0.0,0.0,0.0,49.75,33.58850249713434,88,8,1.75,0.82915619758885,3.0,1.0,2094.0,1665.8867008293212,4895,510,0.0,0.0,0.0,0.0,45.9488636363636,37.979870616627785,109.6,9.6,2.099999619531445e-06,0.0014943000005587237,6.781917999999678,0.6102799999998751,7.393694399999731,1072.7058666999937
