train 1th process seed,evaluate 1th process seed,training_highlevel_policy/Neg Reward Mean,training_highlevel_policy/Neg Reward Std,training_highlevel_policy/Neg Reward Max,training_highlevel_policy/Neg Reward Min,training_highlevel_policy/Neg Advantage,training_highlevel_policy/logprobs Mean,training_highlevel_policy/logprobs Std,training_highlevel_policy/logprobs Max,training_highlevel_policy/logprobs Min,training_highlevel_policy/cut_percent_actions Mean,training_highlevel_policy/cut_percent_actions Std,training_highlevel_policy/cut_percent_actions Max,training_highlevel_policy/cut_percent_actions Min,training_highlevel_policy/reinforce loss,training_highlevel_policy/Critic Value,training_highlevel_policypre_log_prob Mean,training_highlevel_policypre_log_prob Std,training_highlevel_policypre_log_prob Max,training_highlevel_policypre_log_prob Min,training_highlevel_policymean Mean,training_highlevel_policymean Std,training_highlevel_policymean Max,training_highlevel_policymean Min,training_highlevel_policystd Mean,training_highlevel_policystd Std,training_highlevel_policystd Max,training_highlevel_policystd Min,training_highlevel_policyentropy Mean,training_highlevel_policyentropy Std,training_highlevel_policyentropy Max,training_highlevel_policyentropy Min,pos_1_entropy,Epoch,training/Neg Reward Mean,training/Neg Reward Std,training/Neg Reward Max,training/Neg Reward Min,training/Neg Advantage,training/logprobs Mean,training/logprobs Std,training/logprobs Max,training/logprobs Min,training/raw_logprobs Mean,training/raw_logprobs Std,training/raw_logprobs Max,training/raw_logprobs Min,training/reinforce loss,training/Critic Value,training/len cuts Mean,training/len cuts Std,training/len cuts Max,training/len cuts Min,training/cut 1 th feature Mean,training/cut 1 th feature Std,training/cut 1 th feature Max,training/cut 1 th feature Min,training/cut 2 th feature Mean,training/cut 2 th feature Std,training/cut 2 th feature Max,training/cut 2 th feature Min,training/cut 3 th feature Mean,training/cut 3 th feature Std,training/cut 3 th feature Max,training/cut 3 th feature Min,training/cut 4 th feature Mean,training/cut 4 th feature Std,training/cut 4 th feature Max,training/cut 4 th feature Min,training/cut 5 th feature Mean,training/cut 5 th feature Std,training/cut 5 th feature Max,training/cut 5 th feature Min,training/cut 6 th feature Mean,training/cut 6 th feature Std,training/cut 6 th feature Max,training/cut 6 th feature Min,training/cut 7 th feature Mean,training/cut 7 th feature Std,training/cut 7 th feature Max,training/cut 7 th feature Min,training/cut 8 th feature Mean,training/cut 8 th feature Std,training/cut 8 th feature Max,training/cut 8 th feature Min,training/cut 9 th feature Mean,training/cut 9 th feature Std,training/cut 9 th feature Max,training/cut 9 th feature Min,training/cut 10 th feature Mean,training/cut 10 th feature Std,training/cut 10 th feature Max,training/cut 10 th feature Min,training/cut 11 th feature Mean,training/cut 11 th feature Std,training/cut 11 th feature Max,training/cut 11 th feature Min,training/cut 12 th feature Mean,training/cut 12 th feature Std,training/cut 12 th feature Max,training/cut 12 th feature Min,training/cut 13 th feature Mean,training/cut 13 th feature Std,training/cut 13 th feature Max,training/cut 13 th feature Min,training/cut 14 th feature Mean,training/cut 14 th feature Std,training/cut 14 th feature Max,training/cut 14 th feature Min,training/cut 15 th feature Mean,training/cut 15 th feature Std,training/cut 15 th feature Max,training/cut 15 th feature Min,training/cut 16 th feature Mean,training/cut 16 th feature Std,training/cut 16 th feature Max,training/cut 16 th feature Min,training/cut 17 th feature Mean,training/cut 17 th feature Std,training/cut 17 th feature Max,training/cut 17 th feature Min,training/cut 18 th feature Mean,training/cut 18 th feature Std,training/cut 18 th feature Max,training/cut 18 th feature Min,training/cut 19 th feature Mean,training/cut 19 th feature Std,training/cut 19 th feature Max,training/cut 19 th feature Min,training/cut 20 th feature Mean,training/cut 20 th feature Std,training/cut 20 th feature Max,training/cut 20 th feature Min,training/cut 21 th feature Mean,training/cut 21 th feature Std,training/cut 21 th feature Max,training/cut 21 th feature Min,training/cut 22 th feature Mean,training/cut 22 th feature Std,training/cut 22 th feature Max,training/cut 22 th feature Min,training/cut 23 th feature Mean,training/cut 23 th feature Std,training/cut 23 th feature Max,training/cut 23 th feature Min,training/sel cuts num Mean,training/sel cuts num Std,training/sel cuts num Max,training/sel cuts num Min,training/solving_time Mean,training/solving_time Std,training/solving_time Max,training/solving_time Min,training/ntotal_nodes Mean,training/ntotal_nodes Std,training/ntotal_nodes Max,training/ntotal_nodes Min,training/primal_dual_gap Mean,training/primal_dual_gap Std,training/primal_dual_gap Max,training/primal_dual_gap Min,training/primaldualintegral Mean,training/primaldualintegral Std,training/primaldualintegral Max,training/primaldualintegral Min,training/schedule_wait_penalty Mean,training/schedule_wait_penalty Std,training/schedule_wait_penalty Max,training/schedule_wait_penalty Min,time/evaluating (s),time/online_testing (s),time/sampling data (s),time/training (s),time/epoch (s),time/total (s)
717354021,1061650667,636.8494000714406,1487.312518490049,4903.611693901377,0.03988,-6.103515625e-05,-0.61774,0.36526787,0.018327951,-1.0759735,-0.24558089720085263,0.6325312592604849,0.9479511976242065,-0.9204967021942139,-250.9542694091797,636.8494000714406,-1.4666657447814941,0.36513272891506277,-1.0578057765960693,-2.2704577445983887,-0.011208993731997907,0.003962690475569337,-0.00714762881398201,-0.01750982739031315,1.1709149852395058,0.013730578116675923,1.1810855865478516,1.1474370956420898,1.5766546800732613,0.011801338996015119,1.5853725671768188,1.5564693212509155,4.854516983032227,63,636.8494000714406,1487.312518490049,4903.611693901377,0.03988,573.1644287109375,-4.797757,0.026022824,-4.7213554,-4.826719,-70.75464,14.223385,-24.09354,-77.2275,-2764.057861328125,63.684940338134766,128.0,0.0,128,128,0.0003727191811402392,0.0034693217584872865,0.04993761694389223,0.0,1.240412441138674,0.8410152073967304,7.280784013176501,0.0020282940947281215,0.0320960881244422,0.023726719556098314,0.13725221074096586,0.003072191901394929,0.6641925197593884,0.2291572463414801,0.9523356030665205,0.0,6.328438233039794,115.44673811503132,2614.519850902108,0.004510999320008622,-159.18269860170022,454.3867710550183,163.5,-2366.5,104.85398860007993,243.34281868903295,1038.0,-1.0,-498.9466926150819,1081.9277252959496,-0.0030487804878048764,-4732.0,224.9578714066367,471.32272373570066,2365.5,0.25908400405079257,0.001046412465955774,0.00032150778836801086,0.0014619883040935672,0.0004520795660036166,1.0,0.0,1.0,1.0,0.0,0.0,0.0,0.0,0.031895678899169146,0.00528013136294742,0.038207995161906365,0.021257356140160482,0.9298119708692969,0.2462958114741864,0.9998897828718855,0.0,0.0,0.0,0.0,0.0,0.00035462705832978506,0.003330908659117194,0.047619047619045354,0.0,0.06983340207203684,0.24637382382821155,0.9999999999999962,0.0,0.0,0.0,0.0,0.0,0.9970745736639325,0.017639344947370066,0.9999999999999998,0.8888888866665697,0.24327372068748787,0.39281002251388436,0.9983792544565518,0.0,0.01840017178956855,0.04457878863416703,0.18140589569159274,0.0,0.9952416583692913,0.011647182831305315,0.9999999999999962,0.9523809523809071,0.014038225893725519,0.029913294633480476,0.1189508961350471,0.0,14.75,2.968585521759479,16,5,8.125,19.62420380550508,60.0,0.0,7955.125,19420.171503732272,65201,5,0.052526595744680854,0.14246301502580924,0.5088652482269503,0.0,598.6597356798106,1423.4387731296933,4813.954373901377,0.0,38.189664391630004,83.21357881011404,350.40255026607997,0.03988,1.9999999949504854e-06,0.005777100000045721,133.37786849999986,2.5719025999999303,135.95555019999983,135.95574139999985
946286476,784077896,636.8494000714406,1487.312518490049,4903.611693901377,0.03988,-6.103515625e-05,-0.61774,0.36526787,0.018327951,-1.0759735,-0.24558089720085263,0.6325312592604849,0.9479511976242065,-0.9204967021942139,-250.9542694091797,636.8494000714406,-1.4666657447814941,0.36513272891506277,-1.0578057765960693,-2.2704577445983887,-0.011208993731997907,0.003962690475569337,-0.00714762881398201,-0.01750982739031315,1.1709149852395058,0.013730578116675923,1.1810855865478516,1.1474370956420898,1.5766546800732613,0.011801338996015119,1.5853725671768188,1.5564693212509155,4.844719886779785,64,1180.7868570903515,1647.842959648204,4650.690393947185,0.03988,1005.3917236328125,-4.7687097,0.12767124,-4.300918,-4.868964,-66.00095,22.087349,-4.300918,-77.90343,-4837.0380859375,175.39512634277344,128.0,0.0,128,128,0.0003741987443959966,0.0036498413043259143,0.04993761694389223,0.0,1.3012698403153038,0.9439090809617136,7.280784013176501,0.0020282940947281215,0.030543637966858696,0.025973049391301784,0.13725221074096586,0.003072191901394929,0.6717393178091489,0.23666581324437352,0.9523356030665205,0.0,7.680148176405373,129.03793364804588,2614.519850902108,0.004510999320008622,-102.97951201165235,330.4469685800032,163.5,-2366.5,106.40819640217211,236.0668038495022,1038.0,-1.0,-375.20143217510235,846.9679969294136,-0.0030487804878048764,-4732.0,168.9936660792226,348.95634253356025,2365.5,0.25908400405079257,0.0009745897779006504,0.00038482423220204505,0.0014619883040935672,0.0004520795660036166,1.0,0.0,1.0,1.0,0.0,0.0,0.0,0.0,0.030556475231545553,0.006308223553403504,0.038207995161906365,0.021257356140160482,0.9250069575806903,0.253716610513236,0.9998897828718855,0.0,0.0,0.0,0.0,0.0,0.00035363621698102814,0.003497072972781658,0.047619047619045354,0.0,0.07463940620202869,0.2537965310686925,0.9999999999999962,0.0,0.0,0.0,0.0,0.0,0.9971159364041811,0.017477340874998883,0.9999999999999998,0.8888888866665697,0.28672442155563055,0.41721820963678447,0.9983792544565518,0.0,0.019987870229544864,0.046095792276058416,0.18140589569159274,0.0,0.9948311763306846,0.012047380358610155,0.9999999999999962,0.9523809523809071,0.015242433218725917,0.030852470559235973,0.1189508961350471,0.0,13.75,4.562071897723665,16,1,16.3125,23.16440898771216,60.0,0.0,17684.75,25173.375897215297,63552,6,0.06116419619869756,0.16539790017393355,0.5860215053763441,0.0,1127.0251542688989,1572.2040283481535,4299.210943947185,0.0,53.761702821452545,102.02483807229002,351.47945,0.03988,1.6999999843392288e-06,0.008888299999853189,263.55709980000006,1.4253400000000056,264.9913297999999,400.95095509999965
491263,550290313,1702.7570640136187,1950.5908058615435,5446.8605195991095,0.039560000000000005,959.3168334960938,-0.5111289,0.49337256,0.24168444,-1.1061171,-0.4191108741797507,0.5797409765528377,0.9611335396766663,-0.9711384177207947,-629.5659790039062,743.4401664656584,-1.638407938182354,0.5224751280224353,-1.1066268682479858,-2.6249303817749023,-0.008288105484098196,0.0015950762137717548,-0.0066070836037397385,-0.01061362773180008,1.2065816074609756,0.002462916818464488,1.2094650268554688,1.2029078006744385,1.6067276820540428,0.0020419103708007313,1.6091166734695435,1.6036803722381592,4.851707458496094,65,1702.7570640136187,1950.5908058615435,5446.8605195991095,0.039560000000000005,1374.625732421875,-4.795074,0.026916323,-4.7501826,-4.861362,-71.950195,8.6610565,-47.70929,-77.78179,-6585.2939453125,328.1313171386719,128.0,0.0,128,128,0.00011410886990038892,0.0014346340635824106,0.027767067240353285,0.0,1.5033050200571165,0.9644440465531173,7.280784013176501,0.9612787609284225,0.020564658681127113,0.01418549911103271,0.07499937500520829,0.003072191901394929,0.7016807484463565,0.2558687066347291,0.9523356030665205,0.0,0.9319108964304827,0.18743461150906596,1.0714966648383728,0.10293766840213878,-203.41387839311855,450.83012871600846,92.74632289611941,-2366.5,99.40243215451953,282.2057006341179,1038.0,-1.0,-615.275390625,1097.172696576582,-1.0,-4732.0,253.26447144837005,478.8484012130566,2365.5,0.25908400405079257,0.0007902422035066552,0.00028267024440272115,0.001152073732718894,0.0004520795660036166,1.0,0.0,1.0,1.0,0.0,0.0,0.0,0.0,0.027634143898211578,0.005088409310611453,0.03392265406528907,0.021257356140160482,0.9076974107457659,0.2869597966556983,0.9998897828718855,0.0,0.0,0.0,0.0,0.0,0.00010783418966836955,0.0013982597785695194,0.027027027027026296,0.0,0.09219475506418727,0.2869910327907471,0.9999999999999947,0.0,0.0,0.0,0.0,0.0,0.9958610186812538,0.020864275488102428,0.9999999999999998,0.8888888866665697,0.10596455043166948,0.2629838019206368,0.9946664574721021,0.0,0.005747585496592696,0.02519137637387165,0.18140589569159274,0.0,0.9985177232457578,0.006571395235367673,0.9999999999999947,0.9523809523809071,0.004727147371467089,0.017115589408365856,0.1189508961350471,0.0,15.0,1.7677669529663689,16,10,24.5625,27.096975730697327,60.0,0.0,27235.3125,29661.876653203246,77486,15,0.11557851482670915,0.1922790205169314,0.5809859154929577,0.0,1643.7067820346242,1879.5893843279266,5185.968819599109,0.0,59.05028197899473,95.91292640855289,325.90687,0.039560000000000005,1.6999999843392288e-06,0.009472700000060286,396.8345125000001,1.5842322999999396,398.42821920000006,799.3831101999995
224766667,1069620869,1702.7570640136187,1950.5908058615435,5446.8605195991095,0.039560000000000005,959.3168334960938,-0.5111289,0.49337256,0.24168444,-1.1061171,-0.4191108741797507,0.5797409765528377,0.9611335396766663,-0.9711384177207947,-629.5659790039062,743.4401664656584,-1.638407938182354,0.5224751280224353,-1.1066268682479858,-2.6249303817749023,-0.008288105484098196,0.0015950762137717548,-0.0066070836037397385,-0.01061362773180008,1.2065816074609756,0.002462916818464488,1.2094650268554688,1.2029078006744385,1.6067276820540428,0.0020419103708007313,1.6091166734695435,1.6036803722381592,4.840944290161133,66,1771.814008406941,2194.2165335215223,5610.26176,0.040720000000000006,1299.314453125,-4.7990427,0.04881647,-4.6972666,-4.9256954,-65.04591,20.687666,-9.851391,-77.59927,-6228.96875,472.49957275390625,128.0,0.0,128,128,0.0002885514561923059,0.003230937773099524,0.04993761694389223,0.0,1.4077406747893515,1.0307760528923533,7.280784013176501,0.0020282940947281215,0.02721184799436846,0.0242884972514332,0.13725221074096586,0.003072191901394929,0.6845411647902038,0.24449535629077365,0.9523356030665205,0.0,6.315462309910121,115.44734826592565,2614.519850902108,0.004510999320008622,-91.66734768698356,267.1540944299611,163.5,-2366.5,156.38794672151653,310.22127065263686,1038.0,-1.0,-392.1664191775819,769.1850726511826,-0.0030487804878048764,-4732.0,170.3487119358042,303.78368411443034,2365.5,0.25908400405079257,0.0008783900675234873,0.0003913296782450718,0.0014619883040935672,0.0004520795660036166,1.0,0.0,1.0,1.0,0.0,0.0,0.0,0.0,0.028884246496177934,0.006570058130924002,0.038207995161906365,0.021257356140160482,0.9210986603993122,0.2610556510769053,0.9998897828718855,0.0,0.0,0.0,0.0,0.0,0.00027107357720217607,0.0030942550695652166,0.047619047619045354,0.0,0.0786302660232216,0.2611189530621419,0.9999999999999962,0.0,0.0,0.0,0.0,0.0,0.9971530185484503,0.017313298860012347,0.9999999999999998,0.8888888866665697,0.2623868936687983,0.3948779723661712,0.9983792544565518,0.0,0.01810346100183876,0.044431491745889576,0.18140589569159274,0.0,0.9953174103993065,0.011610241367064515,0.9999999999999962,0.9523809523809071,0.013798305574379223,0.029795724626391407,0.1189508961350471,0.0,13.5625,4.300708517209693,16,2,23.0625,28.12576387851537,60.0,0.0,22264.5,27016.05150415212,67334,5,0.11667680658899139,0.17932727733219103,0.5,0.0,1725.3611040459518,2147.5501443702215,5400.0,0.0,46.45290436098936,59.646842510951046,210.26176,0.040720000000000006,1.8000000636675395e-06,0.0067787000000407716,370.86708099999987,1.3775003999999171,372.2513618999999,1171.6376076999995
630311759,1013994432,2519.517571398797,2216.0186409203216,6000.0,0.03764000000000001,1598.4697265625,-0.7875054,0.34626576,0.15879512,-1.1301605,-0.16758801881223917,0.559792943902679,0.9587386250495911,-0.7962862253189087,-836.6651611328125,921.0479069589722,-1.3586737364530563,0.3042879818825966,-1.1249113082885742,-2.356720209121704,0.002493506297469139,0.0036707369588821616,0.0055340491235256195,-0.006190236657857895,1.2267422378063202,0.013756487621472075,1.2363040447235107,1.1912552118301392,1.6232367604970932,0.011345135340691079,1.6310648918151855,1.593946099281311,4.848754405975342,67,2519.517571398797,2216.0186409203216,6000.0,0.03764000000000001,1842.316162109375,-4.80433,0.04298222,-4.7495914,-4.883192,-73.53434,9.315817,-39.065536,-78.00028,-8867.49609375,677.2013549804688,128.0,0.0,128,128,0.00022210383061068085,0.0025807531694355744,0.04993761694389223,0.0,1.4644684073842678,1.00632909742477,7.280784008679197,0.0020282940947281215,0.023559572173378278,0.02035941283352805,0.13725221074096586,0.003072191901394929,0.6949304299405373,0.2547936812251291,0.9523356030665205,0.0,3.645161267727092,81.67728285673438,2614.519850902108,0.004510999320008622,-166.08625269067005,410.50436617505596,163.5,-2366.5,120.30967593044252,301.75255117802067,1038.0,-1.0,-544.089557245041,994.2070520594258,-0.0030487804878048764,-4732.0,229.17463724913273,432.23683996731785,2365.5,0.25908400405079257,0.0007812212729298105,0.0003804836570780972,0.0014619883040935672,0.0004520795660036166,1.0,0.0,1.0,1.0,0.0,0.0,0.0,0.0,0.027162078812324603,0.006533580414466147,0.038207995161906365,0.021257356140160482,0.9112179298694854,0.2812201094088058,0.9998897828718855,0.0,0.0,0.0,0.0,0.0,0.0002103244602404726,0.002481186675085668,0.047619047619045354,0.0,0.08857174566993115,0.28127540058079126,0.9999999999999962,0.0,0.0,0.0,0.0,0.0,0.9962367191990362,0.019902709105840303,0.9999999999999998,0.8888888866665697,0.18663961131525217,0.3482196556490409,0.9983792544565518,0.0,0.007260256870474853,0.026943927293135127,0.18140589569159274,0.0,0.998131992369478,0.007032350961996053,0.9999999999999962,0.9523809523809071,0.006076957519925799,0.018301198808207075,0.1189508961350471,0.0,15.3125,1.9595519258238603,16,8,32.3125,26.73648899444353,60.0,0.0,31469.8125,26229.03264089897,65730,7,6.25e+18,2.420614591379636e+19,1e+20,0.0,2436.049046450411,2136.182365702553,6000.0,0.0,83.4685249483861,137.91645393580012,473.52412000000004,0.0,1.5999999050109182e-06,0.009528700000373647,519.6557198,1.741074099999878,521.4063242000002,1693.0474341999998
396591248,629559425,2519.517571398797,2216.0186409203216,6000.0,0.03764000000000001,1598.4697265625,-0.7875054,0.34626576,0.15879512,-1.1301605,-0.16758801881223917,0.559792943902679,0.9587386250495911,-0.7962862253189087,-836.6651611328125,921.0479069589722,-1.3586737364530563,0.3042879818825966,-1.1249113082885742,-2.356720209121704,0.002493506297469139,0.0036707369588821616,0.0055340491235256195,-0.006190236657857895,1.2267422378063202,0.013756487621472075,1.2363040447235107,1.1912552118301392,1.6232367604970932,0.011345135340691079,1.6310648918151855,1.593946099281311,4.8476386070251465,68,2475.6331471535427,1913.770464868714,5857.146818516828,0.03764000000000001,1618.588623046875,-4.782115,0.034364715,-4.716046,-4.836345,-73.49963,11.5181,-28.93635,-77.38152,-7739.38916015625,857.0444946289062,128.0,0.0,128,128,0.00013649102263047478,0.0019369770620296758,0.04993761694389223,0.0,1.5544922625010988,1.04210785395147,7.280784013176501,0.0020282940947281215,0.019796232194503077,0.016952501107523693,0.13725221074096586,0.003072191901394929,0.7074024181967664,0.2614967277466207,0.9523356030665205,0.0,2.289628208896208,57.770592998515035,2614.519850902108,0.004510999320008622,-161.12539911543962,371.6850524497281,163.5,-2366.5,119.85050847289749,307.42847083383504,1038.0,-1.0,-537.8426301850204,938.2093743896847,-0.0030487804878048764,-4732.0,219.2082009094966,399.6341611449607,2365.5,0.25908400405079257,0.0007059499922922455,0.0003236677746291633,0.0014619883040935672,0.0004520795660036166,1.0,0.0,1.0,1.0,0.0,0.0,0.0,0.0,0.025954526311829786,0.005631112678754527,0.038207995161906365,0.021257356140160482,0.9043914641405096,0.2917791586801187,0.9998897828718855,0.0,0.0,0.0,0.0,0.0,0.0001277378141003742,0.0018648093153242344,0.047619047619045354,0.0,0.09548079804504837,0.29181499743629746,0.9999999999999962,0.0,0.0,0.0,0.0,0.0,0.9959564656896116,0.020594502748376226,0.9999999999999998,0.8888888866665697,0.15317805547585606,0.31659770981817376,0.9983792544565518,0.0,0.0053298651595337365,0.022966574932937717,0.18140589569159274,0.0,0.9986297453905018,0.005992555513175867,0.9999999999999962,0.9523809523809071,0.004579745522960782,0.015633894019998235,0.1189508961350471,0.0,15.375,2.4206145913796355,16,6,36.8125,26.06055148591449,60.0,0.0,38353.375,27527.21009037013,88512,11,0.16684827790864762,0.23396334817064324,0.7298387096774194,0.0,2420.74458133388,1868.6663089535234,5682.7649185168275,0.0,54.888565819663214,64.99058690243463,217.67949000000002,0.03764000000000001,1.5999999050109182e-06,0.009354699999676086,591.5627826999998,1.836615200000324,593.4087541999997,2286.459763099999
799981516,592322119,1571.7033321394474,2117.8649171244697,5480.231868064299,0.03764000000000001,585.5899047851562,-0.4682272,0.58649343,0.35650754,-1.1311853,0.10369130969047546,0.7136233034125615,0.9692447185516357,-0.9773630499839783,170.39222717285156,986.1134494770197,-1.7093702778220177,0.5688575322266529,-1.1669421195983887,-2.749877452850342,0.015940067009069026,0.004189542903784175,0.018647752702236176,0.0053107962012290955,1.2563700079917908,0.016441072844815774,1.2662420272827148,1.2137035131454468,1.6470778957009315,0.01327050741923933,1.6549919843673706,1.6126149892807007,4.837926864624023,69,1571.7033321394474,2117.8649171244697,5480.231868064299,0.03764000000000001,643.1929931640625,-4.7837567,0.054743465,-4.663323,-4.8408833,-63.847404,23.314417,-13.989968,-77.45413,-3108.01220703125,928.5103759765625,128.0,0.0,128,128,0.00024333322435196857,0.002657790086511558,0.04993761694389223,0.0,1.3846728585498256,0.9229786629940089,7.280784013176501,0.0020282940947281215,0.02570590550222577,0.020495653053084036,0.13725221074096586,0.003072191901394929,0.6851563809483197,0.24644647894990349,0.9523356030665205,0.0,3.6385396612426875,81.67755408031559,2614.519850902108,0.004510999320008622,-183.4417168254156,452.9953190551054,163.5,-2366.5,91.28447294067192,251.60667666483147,1038.0,-1.0,-555.865924432541,1084.1582191039647,-0.0030487804878048764,-4732.0,237.5193861082281,473.36817212324263,2365.5,0.25908400405079257,0.00089185928810167,0.0003444418552930789,0.0014619883040935672,0.0004520795660036166,1.0,0.0,1.0,1.0,0.0,0.0,0.0,0.0,0.02926442229553591,0.005876973934667363,0.038207995161906365,0.021257356140160482,0.9162390042304487,0.2722580563992355,0.9998897828718855,0.0,0.0,0.0,0.0,0.0,0.0002312186912498649,0.002557394868779873,0.047619047619045354,0.0,0.0835297770779341,0.2723169769585817,0.9999999999999962,0.0,0.0,0.0,0.0,0.0,0.9963048995276076,0.019761302753518457,0.9999999999999998,0.8888888866665697,0.17475218940821965,0.3439274359242198,0.9983792544565518,0.0,0.010482568330380762,0.03390287980952356,0.18140589569159274,0.0,0.9972936917304416,0.008851106266801424,0.9999999999999962,0.9523809523809071,0.008287499200163745,0.02292069347091592,0.1189508961350471,0.0,13.3125,4.818178468052008,16,3,20.5625,26.659821712644668,60.0,0.0,18731.8125,23859.60492448154,57528,7,0.11056040364970934,0.19832164439992275,0.5319148936170213,0.0,1526.519601176557,2061.6036342465886,5228.288478064299,0.0,45.18373096289051,77.94880278134292,251.94339000000002,0.03764000000000001,1.3999997463542968e-06,0.008733199999824137,332.8710185,1.558230099999946,334.4379831999995,2620.9008403
410430189,729053692,1571.7033321394474,2117.8649171244697,5480.231868064299,0.03764000000000001,585.5899047851562,-0.4682272,0.58649343,0.35650754,-1.1311853,0.10369130969047546,0.7136233034125615,0.9692447185516357,-0.9773630499839783,170.39222717285156,986.1134494770197,-1.7093702778220177,0.5688575322266529,-1.1669421195983887,-2.749877452850342,0.015940067009069026,0.004189542903784175,0.018647752702236176,0.0053107962012290955,1.2563700079917908,0.016441072844815774,1.2662420272827148,1.2137035131454468,1.6470778957009315,0.01327050741923933,1.6549919843673706,1.6126149892807007,4.846343517303467,70,2334.284252873772,2366.3597401597776,5946.8660740983605,0.03424000000000001,1265.196533203125,-4.803315,0.04009728,-4.715004,-4.8777614,-66.092575,21.28828,-14.145012,-78.04418,-6097.76953125,1069.0877685546875,128.0,0.0,128,128,0.00024320250264518487,0.00265777336921563,0.04993761694389223,0.0,1.4127230153905435,0.9582758899785664,7.280784013176501,0.0020282940947281215,0.02516098163907056,0.020483331828667257,0.13725221074096586,0.003072191901394929,0.6883359492254666,0.24979131745860012,0.9523356030665205,0.0,3.643591251476508,81.67735245073672,2614.519850902108,0.004510999320008622,-182.06541409646496,448.55547089409436,163.5,-2366.5,110.45210154309447,286.3587748288392,1038.0,-1.0,-569.680377557541,1067.3827855363422,-0.0030487804878048764,-4732.0,242.94466048000623,468.73298910338104,2365.5,0.25908400405079257,0.0008426162727692118,0.0003743373877170182,0.0014619883040935672,0.0004520795660036166,1.0,0.0,1.0,1.0,0.0,0.0,0.0,0.0,0.028287319334748106,0.00644931833298832,0.038207995161906365,0.021257356140160482,0.9148302011594035,0.27535074931221376,0.9998897828718855,0.0,0.0,0.0,0.0,0.0,0.00023121878515841256,0.0025573948683412654,0.047619047619045354,0.0,0.08493858005508062,0.27541019100876557,0.9999999999999962,0.0,0.0,0.0,0.0,0.0,0.9962992611034227,0.019761068998606045,0.9999999999999998,0.8888888866665697,0.1810122798414502,0.34520881906551815,0.9983792544565518,0.0,0.008391476235604291,0.02953849794261366,0.18140589569159274,0.0,0.9978380136593964,0.007709934915958131,0.9999999999999962,0.9523809523809071,0.006862638858665884,0.020029564835802576,0.1189508961350471,0.0,13.75,4.422951503238533,16,3,29.9375,29.585614642085773,60.0,0.0,26816.0625,26891.93759165735,68581,8,0.15927027379260816,0.21517220069626516,0.6024518388791593,0.0,2256.959134196973,2292.169083565269,5813.11475409836,0.0,77.32511867679875,108.96767000207157,371.8928326028801,0.03424000000000001,1.8000000636675395e-06,0.007669900000109919,483.4207427000001,1.7122818000002553,485.14069620000055,3106.0473598
630361478,796884249,766.8854604437225,1304.6784025720879,4292.449831036692,0.039560000000000005,-197.30520629882812,-0.3770243,0.6169225,0.43575835,-1.1518371,-0.18651908915489912,0.7335492054000702,0.9706942439079285,-0.9920198917388916,2.0977020263671875,964.1906505736899,-1.892224445939064,0.7702900687110137,-1.164066195487976,-3.7068915367126465,0.026359678828157485,0.006377752415501213,0.03103330358862877,0.015448997728526592,1.2585738822817802,0.02278315080985317,1.2752918004989624,1.2195148468017578,1.6487516835331917,0.018285151758309588,1.6621135473251343,1.617391586303711,4.834901809692383,71,766.8854604437225,1304.6784025720879,4292.449831036692,0.039560000000000005,-271.9820861816406,-4.7949905,0.07322959,-4.6474285,-4.9197464,-54.170692,28.641848,-9.354092,-77.86355,1332.7215576171875,1038.8675537109375,128.0,0.0,128,128,0.0003726114462491119,0.0034693150394683736,0.04993761694389223,0.0,1.2574979450745811,0.8560965489299758,7.280784013176501,0.0020282940947281215,0.031263464257030346,0.024056169308378665,0.13725221074096586,0.003072191901394929,0.6671521822199847,0.23340939851553594,0.9523356030665205,0.0,6.33959169504986,115.44618843083343,2614.519850902108,0.004510999320008622,-162.0406030390418,454.3154068166304,163.5,-2366.5,90.3956720179095,225.9861727085794,1038.0,-1.0,-497.2865363650818,1072.4542138207426,-0.0030487804878048764,-4732.0,222.83549098093636,468.6428486017797,2365.5,0.25908400405079257,0.0010111217371163812,0.0003552872623373544,0.0014619883040935672,0.0004520795660036166,1.0,0.0,1.0,1.0,0.0,0.0,0.0,0.0,0.03122836009496321,0.005895987337981808,0.038207995161906365,0.021257356140160482,0.9264577220998533,0.2531090774440316,0.9998897828718855,0.0,0.0,0.0,0.0,0.0,0.00035461114799750185,0.0033309093251721053,0.047619047619045354,0.0,0.07318766675179957,0.25318968402226416,0.9999999999999962,0.0,0.0,0.0,0.0,0.0,0.9968573781372851,0.01827411186143269,0.9999999999999998,0.8888888866665697,0.24345112581900918,0.3958939961120588,0.9983792544565518,0.0,0.016278424705968738,0.041764223176744227,0.18140589569159274,0.0,0.9957936595998473,0.010910587690369481,0.9999999999999962,0.9523809523809071,0.01257797598381544,0.02806448066572945,0.1189508961350471,0.0,11.3125,5.976189735107145,16,2,11.1875,20.26147437256233,60.0,0.0,10923.9375,20068.59917716216,58526,3,0.04943696678277551,0.1313116034482466,0.4283154121863799,0.0,744.5071015253875,1281.741854190168,4233.620061036691,0.0,22.378358918334982,31.650464322176326,131.81559,0.03764000000000001,1.2999998943996616e-06,0.0072324000002481625,183.36426689999962,1.357904899999994,184.72940549999976,3290.7823498999996
166716594,413652244,766.8854604437225,1304.6784025720879,4292.449831036692,0.039560000000000005,-197.30520629882812,-0.3770243,0.6169225,0.43575835,-1.1518371,-0.18651908915489912,0.7335492054000702,0.9706942439079285,-0.9920198917388916,2.0977020263671875,964.1906505736899,-1.892224445939064,0.7702900687110137,-1.164066195487976,-3.7068915367126465,0.026359678828157485,0.006377752415501213,0.03103330358862877,0.015448997728526592,1.2585738822817802,0.02278315080985317,1.2752918004989624,1.2195148468017578,1.6487516835331917,0.018285151758309588,1.6621135473251343,1.617391586303711,4.8465447425842285,72,1096.2996177587365,1539.4033207779216,4250.6701354151255,0.03424000000000001,51.688880920410156,-4.773382,0.04885888,-4.690447,-4.8506117,-70.7014,15.039943,-29.103668,-77.35676,-290.277099609375,1044.6107177734375,128.0,0.0,128,128,0.00022241914146981195,0.00258079738518164,0.04993761694389223,0.0,1.3998253417348783,0.9348677271934026,7.280784013176501,0.0020282940947281215,0.02506573183339462,0.02040150756021418,0.13725221074096586,0.003072191901394929,0.6870914621559455,0.2464668981136887,0.9523356030665205,0.0,3.629481356254418,81.67789000207976,2614.519850902108,0.004510999320008622,-167.4099059299005,420.30632544028555,163.5,-2366.5,89.20357701668263,240.6901359892208,1038.0,-1.0,-517.290729120041,1033.9301696831994,-0.0030487804878048764,-4732.0,219.3852787184267,443.25479448551835,2365.5,0.25908400405079257,0.0008973526680144234,0.0003202386097187553,0.0014619883040935672,0.0004520795660036166,1.0,0.0,1.0,1.0,0.0,0.0,0.0,0.0,0.02944994413600318,0.0053986724129889635,0.038207995161906365,0.021257356140160482,0.9157126603962976,0.27213444349333427,0.9998897828718855,0.0,0.0,0.0,0.0,0.0,0.00021033222758951882,0.0024811866899546136,0.047619047619045354,0.0,0.08407700737575674,0.27218810953205863,0.9999999999999962,0.0,0.0,0.0,0.0,0.0,0.9963565938107297,0.01961844706592498,0.9999999999999998,0.8888888866665697,0.17403072788303037,0.3439838706359148,0.9983792544565518,0.0,0.012503314601827705,0.037594571877456455,0.18140589569159274,0.0,0.9967673478962905,0.00981699614306749,0.9999999999999962,0.9523809523809071,0.00965680315787656,0.025360614385464365,0.1189508961350471,0.0,14.8125,3.1467989687935263,16,6,19.25,27.100507375324174,60.0,0.0,21643.125,30643.726427433317,82279,9,0.050963984401714346,0.11691350091502423,0.44884488448844884,0.0,1063.2479277229445,1498.4447285889921,3954.763215415125,0.0,33.05169003579198,68.63775322202541,295.90692,0.03424000000000001,2.3000002329354174e-06,0.009213300000737945,310.81646759999967,1.4458494000000428,312.2715326000007,3603.057803399999
726684926,271757669,1909.3460546943509,1928.402745984777,4675.533468942326,0.03988,850.6399536132812,-0.518113,0.45202228,0.22477722,-1.1656783,0.014987270697019994,0.7398145053888547,0.9541362524032593,-0.9613382816314697,-746.9474487304688,1058.7061909857562,-1.612200878560543,0.40349199479621617,-1.16592276096344,-2.3855834007263184,0.0401634038425982,0.006454264598774479,0.04447895288467407,0.026882652193307877,1.2741108760237694,0.021190877294902957,1.289224624633789,1.2306666374206543,1.6610464304685593,0.016843041379058902,1.672979474067688,1.6264945268630981,4.842827796936035,73,1909.3460546943509,1928.402745984777,4675.533468942326,0.03988,778.2618408203125,-4.8054905,0.117902875,-4.4179497,-4.9828396,-61.562645,24.00871,-4.4179497,-79.20418,-3762.3984375,1131.084228515625,128.0,0.0,128,128,0.0002868140491165585,0.0030254587779458986,0.04993761694389223,0.0,1.3841147090000838,0.9604710886001772,7.280784013176501,0.0020282940947281215,0.026538888481294008,0.022688764820156953,0.13725221074096586,0.003072191901394929,0.6842835699836588,0.2475058385842902,0.9523356030665205,0.0,4.994686957457828,100.00647509902477,2614.519850902108,0.004510999320008622,-157.13239895353155,414.61131295222884,163.5,-2366.5,101.87497487170182,263.2256953659925,1038.0,-1.0,-504.0239843050614,998.4318808120807,-0.0030487804878048764,-4732.0,217.23313880022818,432.4426965131376,2365.5,0.25908400405079257,0.0008689620767266615,0.000390839194216234,0.0014619883040935672,0.0004520795660036166,1.0,0.0,1.0,1.0,0.0,0.0,0.0,0.0,0.02871004523157762,0.006617214607438968,0.038207995161906365,0.021257356140160482,0.9165453289151106,0.27146081138730077,0.9998897828718855,0.0,0.0,0.0,0.0,0.0,0.00027201664059980956,0.00290517066627013,0.047619047619045354,0.0,0.08318265444394468,0.27152860981669,0.9999999999999962,0.0,0.0,0.0,0.0,0.0,0.9964628884403518,0.019328772729105298,0.9999999999999998,0.8888888866665697,0.21633836297860431,0.37573139771721875,0.9983792544565518,0.0,0.011196067358451241,0.03444447131716426,0.18140589569159274,0.0,0.9971117351651038,0.008994771880501011,0.9999999999999962,0.9523809523809071,0.008925778690397523,0.023257056655267387,0.1189508961350471,0.0,12.75,4.943429983321297,16,1,27.75,27.86462811522881,60.0,0.0,26648.4375,27067.232664627794,68551,7,0.11033364692747478,0.1922219156133847,0.6397849462365591,0.0,1872.1436155394172,1892.9862679318326,4537.377049180328,0.0,37.202439154933714,47.90914045561829,155.23881,0.03988,1.499999598308932e-06,0.007251400000313879,446.4221252999996,1.4772148000001835,447.9065929999997,4050.9692707999993
795511698,105433556,1909.3460546943509,1928.402745984777,4675.533468942326,0.03988,850.6399536132812,-0.518113,0.45202228,0.22477722,-1.1656783,0.014987270697019994,0.7398145053888547,0.9541362524032593,-0.9613382816314697,-746.9474487304688,1058.7061909857562,-1.612200878560543,0.40349199479621617,-1.16592276096344,-2.3855834007263184,0.0401634038425982,0.006454264598774479,0.04447895288467407,0.026882652193307877,1.2741108760237694,0.021190877294902957,1.289224624633789,1.2306666374206543,1.6610464304685593,0.016843041379058902,1.672979474067688,1.6264945268630981,4.847663402557373,74,1396.0486296786826,1800.4113687806994,4817.08188017029,0.03424000000000001,238.4680938720703,-4.8062496,0.07108719,-4.5968204,-4.918994,-59.776966,26.743532,-9.816074,-77.86832,-1119.1802978515625,1157.58056640625,128.0,0.0,128,128,0.00017876522096070291,0.0021366378611219297,0.04993761694389223,0.0,1.431494073640886,0.9251765671615064,7.280784013176501,0.0020282940947281215,0.023127663055336922,0.01789614441567298,0.13725221074096586,0.003072191901394929,0.6925137197197762,0.2507150872183734,0.9523356030665205,0.0,2.287013317166253,57.77072416757825,2614.519850902108,0.004510999320008622,-195.88897687465084,455.1634449265678,163.5,-2366.5,73.7385728046936,229.64385803136187,1038.0,-1.0,-574.3797395600204,1099.014651172523,-0.0030487804878048764,-4732.0,240.2617827866153,478.35707649861206,2365.5,0.25908400405079257,0.0008603376428838099,0.00030348834085304244,0.0014619883040935672,0.0004520795660036166,1.0,0.0,1.0,1.0,0.0,0.0,0.0,0.0,0.02884845091536163,0.005222282703472105,0.038207995161906365,0.021257356140160482,0.9113476854066695,0.2804236992472364,0.9998897828718855,0.0,0.0,0.0,0.0,0.0,0.00016951841486156487,0.0020619177146606964,0.047619047619045354,0.0,0.08848279617808215,0.2804696029236735,0.9999999999999962,0.0,0.0,0.0,0.0,0.0,0.9959785901592456,0.020595320723195778,0.9999999999999998,0.8888888866665697,0.1357520046607823,0.30839066395363274,0.9983792544565518,0.0,0.008622522442769176,0.03111399420566656,0.18140589569159274,0.0,0.9977734666566618,0.008120670017329952,0.9999999999999962,0.9523809523809071,0.006845843586983774,0.021073501228713442,0.1189508961350471,0.0,12.4375,5.5561761806119865,16,2,19.875,24.76861673570004,60.0,0.0,21509.0625,26978.84502825489,63567,3,0.05166084187034081,0.1397437742834016,0.49557522123893805,0.0,1375.6293901459344,1783.3277367165576,4759.96858017029,0.0,20.419239532748193,21.158508488596645,80.95493975099265,0.03424000000000001,1.499999598308932e-06,0.007131200000003446,320.9192887999998,1.2845330000000104,322.2109544999994,4373.184446599998
878115723,830873852,1593.1213728272533,1892.483603767448,5161.689089674698,0.037520000000000005,480.9736633300781,-0.5888902,0.62949526,0.7135956,-1.1822836,0.05783365806564689,0.6607417290022375,0.9885410070419312,-0.9875380396842957,-518.2340087890625,1112.1477091699057,-1.6600161716341972,0.6816905153439274,-1.1478465795516968,-3.2652502059936523,0.048253246350213885,0.007918871691801017,0.05495630204677582,0.03657965362071991,1.2874018549919128,0.026884306151961284,1.3112328052520752,1.2478777170181274,1.6713442355394363,0.021051821082638544,1.689906358718872,1.6403827667236328,4.8271613121032715,75,1593.1213728272533,1892.483603767448,5161.689089674698,0.037520000000000005,391.98675537109375,-4.7589016,0.055145033,-4.666549,-4.8582025,-60.474445,19.53845,-9.361595,-77.73124,-1886.2598876953125,1201.1346435546875,128.0,0.0,128,128,0.0003950474664247614,0.0037038225253389926,0.04993761694389223,0.0,1.30014243555061,0.9497643452685313,7.280784013176501,0.0020282940947281215,0.03091134970411223,0.025966185263411944,0.13725221074096586,0.003072191901394929,0.6713940207400964,0.23837467406963664,0.9523356030665205,0.0,7.691732276510553,129.03729358847306,2614.519850902108,0.004510999320008622,-118.32317154269208,371.1048992182579,163.5,-2366.5,118.07290662737267,264.83939255015304,1038.0,-1.0,-420.68385405010235,904.8030503763918,-0.0030487804878048764,-4732.0,189.84041065491311,386.39111977624555,2365.5,0.25908400405079257,0.0009444748903216679,0.00042447550070365503,0.0014619883040935672,0.0004520795660036166,1.0,0.0,1.0,1.0,0.0,0.0,0.0,0.0,0.029882401910684385,0.007102445642231129,0.038207995161906365,0.021257356140160482,0.9248288998793188,0.25551910173086884,0.9998897828718855,0.0,0.0,0.0,0.0,0.0,0.0003745227275956481,0.0035507061635259045,0.047619047619045354,0.0,0.07479657739277931,0.2556040485927879,0.9999999999999962,0.0,0.0,0.0,0.0,0.0,0.9970614229089666,0.01763976311660602,0.9999999999999998,0.8888888866665697,0.2905759282974351,0.41667187606922473,0.9983792544565518,0.0,0.016921577910709685,0.04206455905331968,0.18140589569159274,0.0,0.995629681129313,0.010992029188101639,0.9999999999999962,0.9523809523809071,0.01316069909026417,0.028209008421981277,0.1189508961350471,0.0,12.6875,4.057689459532358,16,2,24.125,27.298981208096393,60.0,0.0,25089.875,28436.362168170792,62490,5,0.0932933934481209,0.16920294893854051,0.47833935018050544,0.0,1546.1767405854948,1842.971072041487,4924.198299674698,0.0,46.944632241758214,68.60166441689321,237.49078999999998,0.037520000000000005,1.499999598308932e-06,0.006945099999938975,388.6017028999995,1.4308975000003556,390.0395469999994,4763.228658399998
550260202,986026652,1593.1213728272533,1892.483603767448,5161.689089674698,0.037520000000000005,480.9736633300781,-0.5888902,0.62949526,0.7135956,-1.1822836,0.05783365806564689,0.6607417290022375,0.9885410070419312,-0.9875380396842957,-518.2340087890625,1112.1477091699057,-1.6600161716341972,0.6816905153439274,-1.1478465795516968,-3.2652502059936523,0.048253246350213885,0.007918871691801017,0.05495630204677582,0.03657965362071991,1.2874018549919128,0.026884306151961284,1.3112328052520752,1.2478777170181274,1.6713442355394363,0.021051821082638544,1.689906358718872,1.6403827667236328,4.842068672180176,76,1039.7062497029062,1450.2225257139257,4184.240797116052,0.03764000000000001,-145.28543090820312,-4.7565236,0.08388111,-4.4631577,-4.850212,-68.91685,18.67611,-4.4631577,-77.60339,717.557861328125,1184.99169921875,128.0,0.0,128,128,0.00017883058181409475,0.002136650230647692,0.04993761694389223,0.0,1.4174689952205273,0.9074543403893292,7.280784013176501,0.0020282940947281215,0.023400124986914524,0.017936183537837852,0.13725221074096586,0.003072191901394929,0.6909239355812027,0.24908622650320872,0.9523356030665205,0.0,2.284487522049343,57.770807445808735,2614.519850902108,0.004510999320008622,-196.57712823912615,457.3364014059593,163.5,-2366.5,64.15475850348233,206.8253506100496,1038.0,-1.0,-567.4725129975204,1107.245387880405,-0.0030487804878048764,-4732.0,237.54914560072626,480.62636355277414,2365.5,0.25908400405079257,0.000884959150550039,0.00028477112545111354,0.0014619883040935672,0.0004520795660036166,1.0,0.0,1.0,1.0,0.0,0.0,0.0,0.0,0.029337002395755533,0.0048409909821688505,0.038207995161906365,0.021257356140160482,0.9120520869421921,0.27891945167675386,0.9998897828718855,0.0,0.0,0.0,0.0,0.0,0.00016951836790729104,0.002061917713527651,0.047619047619045354,0.0,0.0877783946895089,0.27896517481942784,0.9999999999999962,0.0,0.0,0.0,0.0,0.0,0.9959814093713381,0.020595476954718358,0.9999999999999998,0.8888888866665697,0.13262195944416702,0.3072291353233868,0.9983792544565518,0.0,0.009668068490157413,0.03327359106568955,0.18140589569159274,0.0,0.9975013056921844,0.00868525829442399,0.9999999999999962,0.9523809523809071,0.007558273757732705,0.022510248833350538,0.1189508961350471,0.0,14.4375,3.904624661859319,16,1,17.5625,25.03489751826438,60.0,0.0,19451.4375,27969.922262514312,72881,11,0.02543225045732043,0.06374211891407129,0.2508650519031142,0.0,1018.7025870381004,1429.5863392696294,4055.3584790457435,0.0,21.003662664805844,29.532947601865786,128.88231807030857,0.03764000000000001,1.5000005078036338e-06,0.0091019999999844,284.2234153999998,1.3759783999994397,285.6084972999997,5048.840889299998
117628829,147806606,1318.6624651188254,1582.122874928292,5323.325308411143,16.1882,185.86325073242188,-0.75039446,0.45599142,0.35065746,-1.1733716,-0.13408395741134882,0.6099528159223477,0.8567713499069214,-0.9723604917526245,-228.833251953125,1132.7991847647977,-1.4818992391228676,0.4118241498680774,-1.181157112121582,-2.5586023330688477,0.053804013412445784,0.008432904393232524,0.06054753065109253,0.04292759299278259,1.3090784773230553,0.031201883061900144,1.334964632987976,1.2688521146774292,1.6879755109548569,0.023985194151940357,1.70784330368042,1.6570512056350708,4.823834419250488,77,1318.6624651188254,1582.122874928292,5323.325308411143,16.1882,120.3036880493164,-4.734979,0.14338431,-4.2532277,-4.9063845,-67.5854,22.980024,-4.2532277,-78.50215,-598.4957275390625,1198.3587646484375,128.0,0.0,128,128,0.0003967231122406944,0.0038734295477342805,0.04993761694389223,0.0,1.318924599466163,0.9868600809869019,7.280784013176501,0.0020282940947281215,0.03017628534126154,0.027854593511476216,0.13725221074096586,0.003072191901394929,0.6741714663741367,0.24005103570961006,0.9523356030665205,0.0,9.0358648345254,141.3149241209219,2614.519850902108,0.004510999320008622,-64.18443904607015,205.79548645155327,163.5,-1301.0,90.87567152583104,197.02670221911302,1038.0,-1.0,-276.2169139226228,623.5218673221955,-0.0030487804878048764,-4668.0,125.73829376983186,223.0377497908358,1658.7105433639308,0.25908400405079257,0.0009465167252652316,0.00041445235388080546,0.0014619883040935672,0.0004520795660036166,1.0,0.0,1.0,1.0,0.0,0.0,0.0,0.0,0.030008852684242505,0.006702075885561027,0.038207995161906365,0.021257356140160482,0.9221370911972802,0.2576602367692932,0.9998897828718855,0.0,0.0,0.0,0.0,0.0,0.00037353174538406965,0.0037070366347853574,0.047619047619045354,0.0,0.07748937705705136,0.2577458922581507,0.9999999999999962,0.0,0.0,0.0,0.0,0.0,0.9971112432854925,0.017477800969897456,0.9999999999999998,0.8888888866668233,0.324636493515732,0.4368018233716112,0.9983792544565518,0.0,0.021645914492850707,0.04754206835103316,0.18140589569159274,0.0,0.9944027161972744,0.012428821072839285,0.9999999999999962,0.9523809523809071,0.01650219692751136,0.03174274263624929,0.1189508961350471,0.0,14.1875,4.798681459526148,16,1,21.875,24.944626174789633,60.0,0.0,25192.9375,30441.070290539945,97082,5,0.03884971071209063,0.13417456894096066,0.5557768924302788,0.0,1296.2043785443634,1571.3256846282427,5245.598118411143,0.0,22.458086574461653,14.505629086403994,77.72719000000001,16.1882,1.600000359758269e-06,0.006298799999967741,353.0912366999992,1.4418021999999837,354.5393392999995,5403.384094699998
732152370,704211524,1318.6624651188254,1582.122874928292,5323.325308411143,16.1882,185.86325073242188,-0.75039446,0.45599142,0.35065746,-1.1733716,-0.13408395741134882,0.6099528159223477,0.8567713499069214,-0.9723604917526245,-228.833251953125,1132.7991847647977,-1.4818992391228676,0.4118241498680774,-1.181157112121582,-2.5586023330688477,0.053804013412445784,0.008432904393232524,0.06054753065109253,0.04292759299278259,1.3090784773230553,0.031201883061900144,1.334964632987976,1.2688521146774292,1.6879755109548569,0.023985194151940357,1.70784330368042,1.6570512056350708,4.844249248504639,78,1040.1830996104811,1338.8276202634602,4838.0474002692745,0.03988,-142.3580322265625,-4.7827024,0.066538945,-4.6792717,-4.9370575,-66.36448,20.499397,-18.999538,-77.76413,660.720458984375,1182.5411376953125,128.0,0.0,128,128,0.0001158383831618856,0.0018287489024330548,0.04993761694389223,0.0,1.513544432004716,0.9930545901367155,7.280784013176501,0.0020282940947281215,0.02024590625198235,0.017013977138817932,0.13725221074096586,0.003072191901394929,0.7029783628500985,0.25540501421104983,0.9523356030665205,0.0,2.2704667234402987,57.77118774934386,2614.519850902108,0.004510999320008622,-147.8461936778258,342.18727456998135,163.5,-2366.5,79.4343553440631,227.35953332872086,1038.0,-1.0,-471.6385286225205,916.7182777165284,-0.0030487804878048764,-4732.0,190.22354477613897,373.10434648102586,2365.5,0.25908400405079257,0.0008099294028699154,0.00026215837915122996,0.0014619883040935672,0.0004520795660036166,1.0,0.0,1.0,1.0,0.0,0.0,0.0,0.0,0.028094254073872664,0.004462911409518715,0.038207995161906365,0.021257356140160482,0.9066827264484489,0.2858775281531945,0.9998897828718855,0.0,0.0,0.0,0.0,0.0,0.00010685116262293279,0.0017576148374078414,0.047619047619045354,0.0,0.09321042238857796,0.28590696219949135,0.9999999999999962,0.0,0.0,0.0,0.0,0.0,0.9960194368211034,0.020458957089992732,0.9999999999999998,0.8888888866665697,0.13993641308420565,0.31254165289785446,0.9983792544565518,0.0,0.011532795620533626,0.03695890139829198,0.18140589569159274,0.0,0.9970147576984412,0.009650477940314988,0.9999999999999962,0.9523809523809071,0.008798770163669319,0.024937346231645376,0.1189508961350471,0.0,13.875,4.284784125250653,16,4,17.25,21.23528902558192,60.0,0.0,20567.75,25831.042104171873,85740,7,0.02134413309982487,0.0826654720348562,0.3415061295971979,0.0,1016.4283280690902,1318.0913243080201,4709.495000269275,0.0,23.75477154139088,27.851843923309094,128.5524,0.03988,1.7000002117129043e-06,0.006088899999667774,278.81679410000015,1.3771964999996271,280.20008119999966,5683.587818499997
718568663,889937879,1512.7730685933639,2004.1034683270145,6000.0,0.03764000000000001,341.9764404296875,-0.31673074,0.6132875,0.77475595,-1.1403764,0.22066068276762962,0.7658330285066524,0.992526650428772,-0.8948632478713989,252.7148895263672,1170.7965731476543,-1.810883179306984,0.5729470087604589,-1.2128750085830688,-3.432185173034668,0.06285225693136454,0.006182310997851742,0.06668749451637268,0.046708784997463226,1.3593135550618172,0.02560872673495327,1.3759329319000244,1.2927008867263794,1.7257359847426414,0.019229149004133028,1.7380704879760742,1.6756722927093506,4.837164402008057,79,1512.7730685933639,2004.1034683270145,6000.0,0.03764000000000001,297.208740234375,-4.7843704,0.06676831,-4.697115,-4.922462,-72.9572,9.678156,-43.09669,-78.75939,-1419.8765869140625,1215.5643310546875,128.0,0.0,128,128,0.00020137433688087155,0.0025012412013818842,0.04993761694389223,0.0,1.443027981760649,0.9799538140711013,7.280784013176501,0.0020282940947281215,0.02388063430140827,0.020239844066348232,0.13725221074096586,0.003072191901394929,0.6922061116407182,0.24976735588505836,0.9523356030665205,0.0,3.6254746414999697,81.67802441042144,2614.519850902108,0.004510999320008622,-150.00179230543483,378.82055156242313,163.5,-2366.5,106.29030969511591,267.21503450794705,1038.0,-1.0,-492.52998693254096,962.1260852108494,-0.0030487804878048764,-4732.0,206.67644570040335,405.2668581498456,2365.5,0.25908400405079257,0.0008536030325947185,0.00033011409954117137,0.0014619883040935672,0.0004520795660036166,1.0,0.0,1.0,1.0,0.0,0.0,0.0,0.0,0.028658363015682642,0.005609246687399387,0.038207995161906365,0.021257356140160482,0.9137775134911011,0.27509984938957904,0.9998897828718855,0.0,0.0,0.0,0.0,0.0,0.00018944585783772048,0.0024023808571556776,0.047619047619045354,0.0,0.08603304065072591,0.27514860110919426,0.9999999999999962,0.0,0.0,0.0,0.0,0.0,0.996402649669667,0.019474199002567666,0.9999999999999998,0.8888888866665697,0.17956935679107167,0.3453459100050658,0.9983792544565518,0.0,0.012432968778498176,0.037538666018842815,0.18140589569159274,0.0,0.9967853259910942,0.009802942668545388,0.9999999999999962,0.9523809523809071,0.009601246774091514,0.025314874957516102,0.1189508961350471,0.0,15.25,2.0155644370746373,16,9,20.25,25.44479318053106,60.0,0.0,20721.3125,25151.355156628117,64781,5,6.25e+18,2.420614591379636e+19,1e+20,0.0,1455.4863927392357,1934.3706506580675,6000.0,0.0,57.28667585412872,135.8023738506029,562.831614277979,0.0,1.3999997463542968e-06,0.008979000000181259,327.34675030000017,2.085292400000071,329.44102310000017,6013.032682299996
252070889,776094449,1512.7730685933639,2004.1034683270145,6000.0,0.03764000000000001,341.9764404296875,-0.31673074,0.6132875,0.77475595,-1.1403764,0.22066068276762962,0.7658330285066524,0.992526650428772,-0.8948632478713989,252.7148895263672,1170.7965731476543,-1.810883179306984,0.5729470087604589,-1.2128750085830688,-3.432185173034668,0.06285225693136454,0.006182310997851742,0.06668749451637268,0.046708784997463226,1.3593135550618172,0.02560872673495327,1.3759329319000244,1.2927008867263794,1.7257359847426414,0.019229149004133028,1.7380704879760742,1.6756722927093506,4.819964408874512,80,1916.152202515036,1784.4397327268828,4345.503048463117,0.03764000000000001,630.5291748046875,-4.7829027,0.07432055,-4.616023,-4.9429336,-63.593716,18.41083,-24.714666,-77.96138,-3051.73828125,1285.623046875,128.0,0.0,128,128,0.00026579223134327455,0.002958346988176358,0.04993761694389223,0.0,1.4163526961210438,0.9822302056109141,7.280784013176501,0.0020282940947281215,0.02506609094505101,0.022746827741270962,0.13725221074096586,0.003072191901394929,0.689178313651881,0.2512152600228619,0.9523356030665205,0.0,4.996782114479625,100.00638750065224,2614.519850902108,0.004510999320008622,-143.9584924953581,377.558104109154,163.5,-2366.5,85.33576236554211,235.93509972530057,1038.0,-1.0,-463.7886327425614,930.5688372659398,-0.0030487804878048764,-4732.0,196.9766509847264,395.0184442434134,2365.5,0.25908400405079257,0.0008391647278000222,0.0003842450023055061,0.0014619883040935672,0.0004520795660036166,1.0,0.0,1.0,1.0,0.0,0.0,0.0,0.0,0.028228248267838957,0.00644041038033202,0.038207995161906365,0.021257356140160482,0.9126647363115159,0.2773698771821357,0.9998897828718855,0.0,0.0,0.0,0.0,0.0,0.00025111426660718027,0.0028386160130022538,0.047619047619045354,0.0,0.08708414942153005,0.277434184911268,0.9999999999999962,0.0,0.0,0.0,0.0,0.0,0.9962973871968265,0.019761399718286703,0.9999999999999998,0.8888888866665697,0.21579430658493634,0.37909770013643956,0.9983792544565518,0.0,0.011095066546298368,0.03438707562352423,0.18140589569159274,0.0,0.9971373925615087,0.008980327400667619,0.9999999999999962,0.9523809523809071,0.008834832738200259,0.02321256749814534,0.1189508961350471,0.0,13.3125,3.8684420313609458,16,5,31.75,28.219009550301372,60.0,0.0,32847.75,29362.357261253735,70555,5,0.08716917480807482,0.13338493175861052,0.4256055363321796,0.0,1881.806416673744,1759.100285296413,4326.8501788932335,0.0,34.34578584129183,41.25280781938175,169.14704,0.03764000000000001,1.2999998943996616e-06,0.009557800000038696,511.2014585000006,1.361090499999591,512.5721081000002,6525.608714799998
602957303,812297694,1515.5104155197087,1735.219251607548,4538.536486015366,0.040720000000000006,310.242431640625,-0.50357723,0.79083097,1.1178865,-1.2515807,0.09424687782302499,0.6650031854905795,0.9947471618652344,-0.9960113167762756,225.1814727783203,1205.2679573848598,-1.7637555375695229,0.8034989477803006,-1.187581181526184,-3.8681864738464355,0.05744209559634328,0.008762822162857481,0.06602215021848679,0.046182237565517426,1.3543006926774979,0.03827073703630392,1.3933637142181396,1.305148720741272,1.721820630133152,0.02846203136494592,1.7506592273712158,1.685255527496338,4.818353652954102,81,1515.5104155197087,1735.219251607548,4538.536486015366,0.040720000000000006,206.898681640625,-4.7799783,0.08181015,-4.525889,-4.901651,-68.53267,17.82669,-19.128397,-78.426414,-984.1695556640625,1308.6116943359375,128.0,0.0,128,128,0.0004176795691605865,0.003924221443594224,0.04993761694389223,0.0,1.300711690765562,0.9805541036079745,7.280784013176501,0.0020282940947281215,0.031376620945926935,0.02759072402229326,0.13725221074096586,0.003072191901394929,0.6708665068444879,0.23771949685603264,0.9523356030665205,0.0,9.036295472620514,141.31489131873565,2614.519850902108,0.004510999320008622,-76.6701941397683,267.69230347473956,163.5,-2366.5,116.998698333202,247.768131916237,1038.0,-1.0,-323.3594920476228,721.172634542069,-0.0030487804878048764,-4732.0,148.70741877122268,286.2158782732343,2365.5,0.25908400405079257,0.0009516925665256419,0.000431269485092466,0.0014619883040935672,0.0004520795660036166,1.0,0.0,1.0,1.0,0.0,0.0,0.0,0.0,0.03000209816758727,0.007104573172129781,0.038207995161906365,0.021257356140160482,0.9253132822653523,0.2528502909114348,0.9998897828718855,0.0,0.0,0.0,0.0,0.0,0.0003944341663309728,0.003757562866303916,0.047619047619045354,0.0,0.07429228356803927,0.2529382475896324,0.9999999999999962,0.0,0.0,0.0,0.0,0.0,0.9972739253169254,0.016979209142049128,0.9999999999999998,0.8888888866665697,0.32831059512601524,0.4331813051591204,0.9983792544565518,0.0,0.020701369257615343,0.04634948072162554,0.18140589569159274,0.0,0.9946492197653468,0.01211639677678985,0.9999999999999962,0.9523809523809071,0.015880712708959695,0.03096012033579968,0.1189508961350471,0.0,14.3125,3.669447335771424,16,4,24.25,27.983253920872034,60.0,0.0,24933.1875,29484.36322277189,75499,1,0.10788759900124043,0.23348114583840773,0.7924187725631769,0.0,1444.8064991589413,1647.7818180978857,4105.639476334341,0.0,70.70391636076747,136.3202481809519,432.89700968102454,0.040720000000000006,1.2999998943996616e-06,0.009712000000035914,391.5307917,1.5614804999995613,393.1019854999995,6918.714639999996
850839392,121930838,1515.5104155197087,1735.219251607548,4538.536486015366,0.040720000000000006,310.242431640625,-0.50357723,0.79083097,1.1178865,-1.2515807,0.09424687782302499,0.6650031854905795,0.9947471618652344,-0.9960113167762756,225.1814727783203,1205.2679573848598,-1.7637555375695229,0.8034989477803006,-1.187581181526184,-3.8681864738464355,0.05744209559634328,0.008762822162857481,0.06602215021848679,0.046182237565517426,1.3543006926774979,0.03827073703630392,1.3933637142181396,1.305148720741272,1.721820630133152,0.02846203136494592,1.7506592273712158,1.685255527496338,4.840875148773193,82,2179.7877769801607,2211.9597857439508,5900.393234781608,0.03988,784.0585327148438,-4.7153177,0.12961446,-4.313041,-4.8486114,-64.53299,24.662962,-4.313041,-77.57778,-3764.88818359375,1395.729248046875,128.0,0.0,128,128,0.00013665262496716574,0.0019370148106290282,0.04993761694389223,0.0,1.5288640065972383,1.030825229195476,7.280784013176501,0.0020282940947281215,0.02104516799562086,0.017085020599868297,0.13725221074096586,0.003072191901394929,0.7029629245058719,0.2564780587326524,0.9523356030665205,0.0,2.27289801588111,57.771067032281245,2614.519850902108,0.004510999320008622,-156.83854245942723,371.797093941618,163.5,-2366.5,141.5379833461531,324.4947552233906,1038.0,-1.0,-540.3328645600204,954.2783230164099,-0.0030487804878048764,-4732.0,222.39177154804713,404.358337856961,2365.5,0.25908400405079257,0.0007588860855513347,0.0003191289400354633,0.0014619883040935672,0.0004520795660036166,1.0,0.0,1.0,1.0,0.0,0.0,0.0,0.0,0.02695550451813869,0.005622198000135534,0.038207995161906365,0.021257356140160482,0.9094228372946751,0.28327516455741436,0.9998897828718855,0.0,0.0,0.0,0.0,0.0,0.00012776167959879897,0.0018648104342038848,0.047619047619045354,0.0,0.09044940102540427,0.2833098181451635,0.9999999999999962,0.0,0.0,0.0,0.0,0.0,0.9962822589795827,0.01976082423035837,0.9999999999999998,0.8888888866665697,0.1529119477785741,0.3107048888971674,0.9983792544565518,0.0,0.008512485784933459,0.030956493935784007,0.18140589569159274,0.0,0.9978017435446678,0.00808100719797482,0.9999999999999962,0.9523809523809071,0.006770120387825899,0.020943801517326464,0.1189508961350471,0.0,13.5625,5.123094157830793,16,1,28.5625,28.383465146983024,60.0,0.0,27611.9375,27344.908395962742,67028,8,0.13097071784664188,0.16984082750983046,0.3785211267605634,0.0,2104.9906317166956,2141.4300163791813,5711.102504781608,0.0,74.79714526346547,83.91547208743798,255.07161000000002,0.03988,1.5000005078036338e-06,0.006591100000150618,459.93598550000024,1.3370844000000943,461.279662500001,7379.997453399998
217946253,927586281,1454.1272852084876,1816.936848489078,4725.740350066931,0.03764000000000001,223.97337341308594,-0.5360594,0.74871993,0.8084667,-1.2477118,0.08344168309122324,0.6689734937400857,0.9859243631362915,-0.9803179502487183,387.5262756347656,1230.1538901672225,-1.6772463247179985,0.5592229672916628,-1.1870213747024536,-2.7687230110168457,0.059305318631231785,0.008337674846851101,0.06539935618638992,0.045014455914497375,1.3694132268428802,0.0369195409805798,1.3975317478179932,1.30628502368927,1.732950136065483,0.027364162840337877,1.7536461353302002,1.6861257553100586,4.840329647064209,83,1454.1272852084876,1816.936848489078,4725.740350066931,0.03764000000000001,52.55833435058594,-4.7459106,0.08634948,-4.5225816,-4.8669624,-66.30527,19.59156,-4.5225816,-77.8714,-205.1940155029297,1401.5689697265625,128.0,0.0,128,128,0.00037243835050459274,0.0034693043478154044,0.04993761694389223,0.0,1.288608527430847,0.8912903324575868,7.280784008679197,0.0020282940947281215,0.03015837845804089,0.024401871389822895,0.13725221074096586,0.003072191901394929,0.6717016288191544,0.23939426071966502,0.9523356030665205,0.0,6.353270952176835,115.44550702843864,2614.519850902108,0.004510999320008622,-164.2103561119081,451.9899146782281,163.5,-2366.5,85.52116973695038,228.5594423803761,1038.0,-1.0,-502.5336066775818,1054.7873416127386,-0.0030487804878048764,-4732.0,223.42574774112506,463.6952141094288,2365.5,0.25908400405079257,0.0009512095006107592,0.0004025982264235638,0.0014619883040935672,0.0004520795660036166,1.0,0.0,1.0,1.0,0.0,0.0,0.0,0.0,0.030072489810363374,0.006766681045414977,0.038207995161906365,0.021257356140160482,0.9223990717948871,0.26134506165742166,0.9998897828718855,0.0,0.0,0.0,0.0,0.0,0.0003545952846194925,0.0033309099892433313,0.047619047619045354,0.0,0.07724633292013555,0.2614286294666081,0.9999999999999962,0.0,0.0,0.0,0.0,0.0,0.9966373633985453,0.018884987948747444,0.9999999999999998,0.8888888866665697,0.24675857616714578,0.39897930325835657,0.9983792544565518,0.0,0.013111131574980686,0.03691291814185052,0.18140589569159274,0.0,0.9966178217948807,0.009641378615395846,0.9999999999999962,0.9523809523809071,0.010405295903156432,0.024871935360683176,0.1189508961350471,0.0,13.9375,4.115044805345381,16,1,22.5,27.062427829003074,60.0,0.0,25336.125,30601.073208049012,81940,4,0.07924536290014086,0.1633273630557048,0.5197132616487455,0.0,1398.248211024731,1742.4218937160845,4233.620061036691,0.0,55.879074183756806,136.80918983841119,578.8238,0.03764000000000001,2.0000006770715117e-06,0.01068669999949634,362.2796550000003,1.5827264999988984,363.87307019999935,7743.874173399997
937426313,226591751,1454.1272852084876,1816.936848489078,4725.740350066931,0.03764000000000001,223.97337341308594,-0.5360594,0.74871993,0.8084667,-1.2477118,0.08344168309122324,0.6689734937400857,0.9859243631362915,-0.9803179502487183,387.5262756347656,1230.1538901672225,-1.6772463247179985,0.5592229672916628,-1.1870213747024536,-2.7687230110168457,0.059305318631231785,0.008337674846851101,0.06539935618638992,0.045014455914497375,1.3694132268428802,0.0369195409805798,1.3975317478179932,1.30628502368927,1.732950136065483,0.027364162840337877,1.7536461353302002,1.6861257553100586,4.815072536468506,84,1488.0209808084524,2054.9187105686556,5726.8337269228905,0.04072000000000013,77.806884765625,-4.7054768,0.15488213,-4.2066765,-4.9389873,-56.307037,27.512487,-4.2066765,-77.40197,-370.1204833984375,1410.214111328125,128.0,0.0,128,128,0.00037412189013477653,0.0036498369902281907,0.04993761694389223,0.0,1.3207772451880682,0.9749610715997902,7.280784013176501,0.0020282940947281215,0.030415026037409414,0.025936887274329554,0.13725221074096586,0.003072191901394929,0.6734390548559975,0.23832244591359153,0.9523356030665205,0.0,7.67962303563416,129.03795196864093,2614.519850902108,0.004510999320008622,-100.17425706403091,323.7788006507571,163.5,-2366.5,132.80498329567988,278.3159998031254,1038.0,-1.0,-389.84596342510235,834.6487483902434,-0.0030487804878048764,-4732.0,175.4801306638509,345.70310817241574,2365.5,0.25908400405079257,0.0009429921269878884,0.0004118656398205257,0.0014619883040935672,0.0004520795660036166,1.0,0.0,1.0,1.0,0.0,0.0,0.0,0.0,0.029913031672860718,0.00686613396821631,0.038207995161906365,0.021257356140160482,0.9252752788943669,0.25377455396847537,0.9998897828718855,0.0,0.0,0.0,0.0,0.0,0.00035364426605571746,0.003497072654196565,0.047619047619045354,0.0,0.07437107683929384,0.253854084843196,0.9999999999999962,0.0,0.0,0.0,0.0,0.0,0.9972188957433199,0.01714689111157116,0.9999999999999998,0.8888888866665697,0.29289580942310045,0.41514430454137663,0.9983792544565518,0.0,0.0189576516765683,0.04479836308922739,0.18140589569159274,0.0,0.9950994976443615,0.011707882510328295,0.9999999999999962,0.9523809523809071,0.014547697832183093,0.029997297525745432,0.1189508961350471,0.0,11.875,5.786568499551353,16,1,19.0625,25.594112482170583,60.0,0.0,16580.125,22648.429892806587,66421,1,0.12330732393198358,0.22098417875739643,0.6347517730496454,0.0,1413.1005485662236,1962.688109488045,5549.41037735849,0.0,74.9204322422288,113.08953417425403,403.86162,0.03988,1.7000002117129043e-06,0.010415699998702621,307.69895689999976,1.1905991000003269,308.899973399999,8052.7773716
272404799,398576445,2199.767112502709,2015.1613397956726,5533.705088601824,0.040719589865654715,872.65185546875,-0.057163797,0.5889403,1.0524244,-1.2442806,-0.1522055115783587,0.8600822009487907,0.9833196401596069,-0.9981817603111267,189.70834350585938,1327.1152124007713,-2.211873583495617,1.0127268525919972,-1.2442861795425415,-4.881667613983154,0.054935555905103683,0.008581063540616071,0.0626760944724083,0.04228876531124115,1.354530043900013,0.03734879612324309,1.3900514841079712,1.2995153665542603,1.7220073565840721,0.027875840946994305,1.748279333114624,1.6809298992156982,4.814757347106934,85,2199.767112502709,2015.1613397956726,5533.705088601824,0.040719589865654715,710.5977783203125,-4.764439,0.105022006,-4.4598165,-4.9676104,-55.109104,28.31144,-4.4598165,-77.62174,-3335.042236328125,1489.1693115234375,128.0,0.0,128,128,0.0003529808440625371,0.003594904918593539,0.04993761694389223,0.0,1.3755830626973404,1.0207337448842546,7.280784013176501,0.0020282940947281215,0.02825345463588288,0.026335425093703915,0.13725221074096586,0.003072191901394929,0.6814034138930911,0.2460628746416398,0.9523356030665205,0.0,7.6898207187779,129.0373931855337,2614.519850902108,0.004510999320008622,-87.74115146005292,268.37252387619446,163.5,-2366.5,118.62042679964625,264.77175221991087,1038.0,-1.0,-355.68776030010235,728.6649704993496,-0.0030487804878048764,-4732.0,156.875089821388,289.3471985131858,2365.5,0.25908400405079257,0.0008709279059753236,0.0004330208140707471,0.0014619883040935672,0.0004520795660036166,1.0,0.0,1.0,1.0,0.0,0.0,0.0,0.0,0.028609023826625182,0.0071767429395297976,0.038207995161906365,0.021257356140160482,0.9190131603705277,0.26502908070099546,0.9998897828718855,0.0,0.0,0.0,0.0,0.0,0.0003327339838512204,0.0034424781335446555,0.047619047619045354,0.0,0.08065410564533383,0.26510796972900036,0.9999999999999962,0.0,0.0,0.0,0.0,0.0,0.9969419775243785,0.017960570868379436,0.9999999999999998,0.8888888866665697,0.2955705008118084,0.419393769493131,0.9983792544565518,0.0,0.016750231275227286,0.04198857071865493,0.18140589569159274,0.0,0.9956733166205216,0.010972938135173601,0.9999999999999962,0.9523809523809071,0.01301419675428186,0.028151597004466174,0.1189508961350471,0.0,11.5625,5.957859829670382,16,1,31.4375,27.885858311158366,60.0,0.0,31982.625,28415.31490647913,65925,3,0.11960051805552033,0.2093962265134395,0.7376760563380281,0.0,2115.256552109357,1924.385333783627,4964.133738601824,0.0,84.51056039335177,145.07573886112024,569.57135,0.040719589865654715,1.3999997463542968e-06,0.006169000000227243,506.06390960000135,1.3264202999998815,507.3965003000012,8560.179481300001
826019350,77964601,2199.767112502709,2015.1613397956726,5533.705088601824,0.040719589865654715,872.65185546875,-0.057163797,0.5889403,1.0524244,-1.2442806,-0.1522055115783587,0.8600822009487907,0.9833196401596069,-0.9981817603111267,189.70834350585938,1327.1152124007713,-2.211873583495617,1.0127268525919972,-1.2442861795425415,-4.881667613983154,0.054935555905103683,0.008581063540616071,0.0626760944724083,0.04228876531124115,1.354530043900013,0.03734879612324309,1.3900514841079712,1.2995153665542603,1.7220073565840721,0.027875840946994305,1.748279333114624,1.6809298992156982,4.839663505554199,86,877.51154182856,1771.7452860521207,5721.175350197071,0.039560000000000005,-550.4918823242188,-4.7606373,0.057089474,-4.6354027,-4.862414,-73.84684,8.431532,-41.718624,-77.79862,2614.6474609375,1428.00341796875,128.0,0.0,128,128,0.0004162653667582209,0.0037569291105160165,0.04993761694389223,0.0,1.2258292131685735,0.8601783620368069,7.280784013176501,0.0020282940947281215,0.03320153303508805,0.02535967907898796,0.13725221074096586,0.003072191901394929,0.6617299246561541,0.22823845128543493,0.9523356030665205,0.0,7.682059734138025,129.0378341946908,2614.519850902108,0.004510999320008622,-133.56153209429152,417.0829581737876,163.5,-2366.5,105.86067622989856,236.114349558576,1038.0,-1.0,-440.19752592510235,1001.2662401514593,-0.0030487804878048764,-4732.0,201.95898691274772,431.9118424402615,2365.5,0.25908400405079257,0.0010481367622469945,0.0003542796618850849,0.0014619883040935672,0.0004520795660036166,1.0,0.0,1.0,1.0,0.0,0.0,0.0,0.0,0.031829853315604756,0.0058114624151654,0.038207995161906365,0.021257356140160482,0.9308226970894814,0.24362265792814677,0.9998897828718855,0.0,0.0,0.0,0.0,0.0,0.0003954249607254558,0.0036034193456493248,0.047619047619045354,0.0,0.06878187794947416,0.24370763361424266,0.9999999999999962,0.0,0.0,0.0,0.0,0.0,0.9972353817887691,0.017146283089410363,0.9999999999999998,0.8888888866665697,0.28172984904125725,0.41437541927736,0.9983792544565518,0.0,0.020159216865027266,0.04615300213235105,0.18140589569159274,0.0,0.9947875408394761,0.012061725143955563,0.9999999999999962,0.9523809523809071,0.015388935554708225,0.03089430041550933,0.1189508961350471,0.0,15.5,1.695582495781317,16,9,10.4375,20.484655080083726,60.0,0.0,10557.375,20676.37431005192,64036,5,0.06470281737318098,0.17841459014746547,0.6597938144329897,0.0,806.3262954483638,1618.9897318247176,4917.8782301970705,0.0,71.18524638019616,192.52867357111415,803.2971200000001,0.039560000000000005,1.3999997463542968e-06,0.006395899999915855,169.8488574999992,1.4653078999999707,171.32056269999885,8731.5042199
542837249,494008192,1482.8760324173945,1933.290902864725,5296.375651763299,0.040719591325968515,140.18475341796875,-0.5359223,0.6767465,0.6192298,-1.2326497,-0.33549916674382985,0.6121462938103162,0.9650054574012756,-0.9860963225364685,-284.3717041015625,1342.6912944024336,-1.7257445380091667,0.5563328410214471,-1.2258986234664917,-2.9701642990112305,0.0537454541772604,0.008073774253929486,0.06017588824033737,0.03987044841051102,1.3461627811193466,0.03329311187633905,1.3735525608062744,1.2890585660934448,1.715885117650032,0.025076720782330517,1.7363389730453491,1.6728506088256836,4.834133148193359,87,1482.8760324173945,1933.290902864725,5296.375651763299,0.040719591325968515,49.38543701171875,-4.780161,0.15007828,-4.466041,-5.265711,-59.385433,26.977808,-10.531422,-77.770164,-239.945556640625,1433.4906005859375,128.0,0.0,128,128,0.0003095423933356826,0.0032923497886122523,0.04993761694389223,0.0,1.373080786731534,0.9919012261872979,7.280784013176501,0.0020282940947281215,0.02798063359264889,0.02436329302536932,0.13725221074096586,0.003072191901394929,0.6809063465357292,0.2429039446217736,0.9523356030665205,0.0,6.325045755669603,115.44688554158095,2614.519850902108,0.004510999320008622,-110.50441353012006,326.59992582797827,163.5,-2366.5,132.07205575199805,284.52492785088185,1038.0,-1.0,-416.0970832400819,854.1665900519308,-0.0030487804878048764,-4732.0,181.99635474097732,352.2700412588509,2365.5,0.25908400405079257,0.0009044943385234957,0.0003897487536021406,0.0014619883040935672,0.0004520795660036166,1.0,0.0,1.0,1.0,0.0,0.0,0.0,0.0,0.029342168214395503,0.006523916684190432,0.038207995161906365,0.021257356140160482,0.9213566829197868,0.26111360063716854,0.9998897828718855,0.0,0.0,0.0,0.0,0.0,0.00029195199178783283,0.0031552907078793314,0.047619047619045354,0.0,0.0783513650881338,0.2611821320640239,0.9999999999999962,0.0,0.0,0.0,0.0,0.0,0.9969983649261893,0.017801001066542636,0.9999999999999998,0.8888888866665697,0.2569369673265177,0.396384763616895,0.9983792544565518,0.0,0.017112933283368385,0.04308939765480629,0.18140589569159274,0.0,0.9955754329197808,0.01125863958204373,0.9999999999999962,0.9523809523809071,0.01312373700320923,0.028918947624693023,0.1189508961350471,0.0,12.4375,5.64544894140404,16,2,21.375,27.15896491032013,60.0,0.0,21188.5625,26480.18055539074,68591,1,0.14721778225269339,0.2730807880593011,0.8308823529411765,0.0,1429.2574803231298,1876.6413486556537,5188.838351763299,0.0,53.61855209426479,81.76472212150829,268.97029,0.040719591325968515,1.7000002117129043e-06,0.009446300000490737,344.7935159000008,1.4148411999995005,346.217805100001,9077.7252198
621080892,339933393,1482.8760324173945,1933.290902864725,5296.375651763299,0.040719591325968515,140.18475341796875,-0.5359223,0.6767465,0.6192298,-1.2326497,-0.33549916674382985,0.6121462938103162,0.9650054574012756,-0.9860963225364685,-284.3717041015625,1342.6912944024336,-1.7257445380091667,0.5563328410214471,-1.2258986234664917,-2.9701642990112305,0.0537454541772604,0.008073774253929486,0.06017588824033737,0.03987044841051102,1.3461627811193466,0.03329311187633905,1.3735525608062744,1.2890585660934448,1.715885117650032,0.025076720782330517,1.7363389730453491,1.6728506088256836,4.828858852386475,88,2128.1262820950647,2074.7841390935637,5341.572549988645,0.040720000000000006,625.1722412109375,-4.788318,0.07269095,-4.6340365,-4.907255,-66.883896,21.144926,-9.81451,-77.751816,-2956.88232421875,1502.9541015625,128.0,0.0,128,128,3.0137227512631245e-05,0.000646238312582569,0.027767067240353285,0.0,1.628558018446717,1.0577688146800865,7.280784013176501,0.9612787609284225,0.01649780434578619,0.011471309321936294,0.07499937500520829,0.003072191901394929,0.7172600410614516,0.26273963929602306,0.9523356030665205,0.0,0.9113575879500797,0.20989809567222373,1.0714966648383728,0.10293766840213878,-137.9629815718278,283.40371517218574,92.74632289611941,-2366.5,122.18494737232228,302.0475460335929,1038.0,-1.0,-487.7734375,837.3588940349493,-1.0,-4732.0,190.51740041987034,329.1414644115002,2365.5,0.25908400405079257,0.0006960843280730559,0.00020517630005490155,0.001152073732718894,0.0004520795660036166,1.0,0.0,1.0,1.0,0.0,0.0,0.0,0.0,0.026088365936402076,0.0038671514239216023,0.03392265406528907,0.021257356140160482,0.9010973048823491,0.29491367178048294,0.9998897828718855,0.0,0.0,0.0,0.0,0.0,2.4280567677939078e-05,0.000627177396747101,0.027027027027026296,0.0,0.09887841454965224,0.29492114544093406,0.9999999999999947,0.0,0.0,0.0,0.0,0.0,0.9959479212020488,0.020594468512213058,0.9999999999999998,0.8888888866665697,0.1156875877631341,0.27135544610086915,0.9946664574721021,0.0,0.008587512851027615,0.032318377013880385,0.18140589569159274,0.0,0.997776992382341,0.00843727691339311,0.9999999999999947,0.9523809523809071,0.0066245175643675856,0.021825418200259124,0.1189508961350471,0.0,14.0,4.430011286667337,16,2,30.25,28.300839210171844,60.0,0.0,29037.75,27213.142869071555,66437,37,0.1391756103483733,0.21660158789523723,0.608058608058608,0.0,2072.7748728873544,2020.394992638193,5020.241289988645,0.0,55.35140920771056,82.79906862811532,321.33126,0.040720000000000006,1.4000015653437003e-06,0.009224299999914365,487.0898608000007,1.4269585000001825,488.52604500000234,9566.254681400003
365262088,341893848,765.9378088061441,1492.5443561756795,4600.996765893648,0.03764000000000001,-519.0781860351562,-0.38511533,0.7570362,0.81687117,-1.169855,-0.26422432909021154,0.6717034966568363,0.9768174290657043,-0.9935457706451416,367.2220764160156,1285.0159458428045,-1.8776881620287895,0.7781913787081041,-1.1698251962661743,-3.536156177520752,0.054641088005155325,0.009182206362349466,0.06207134574651718,0.041097402572631836,1.3352458700537682,0.03422052988553708,1.3631744384765625,1.2848201990127563,1.7077210769057274,0.025890467073724735,1.7287546396255493,1.6695573329925537,4.81382942199707,89,765.9378088061441,1492.5443561756795,4600.996765893648,0.03764000000000001,-663.3145751953125,-4.775695,0.08874408,-4.6268578,-4.9787397,-58.289692,24.646065,-9.7343445,-78.062996,3159.509765625,1429.25244140625,128.0,0.0,128,128,0.00041626536675822093,0.0037569291105160165,0.04993761694389223,0.0,1.2258292131685733,0.8601783620368069,7.280784013176501,0.0020282940947281215,0.03320153303508805,0.02535967907898796,0.13725221074096586,0.003072191901394929,0.6617299246561541,0.22823845128543493,0.9523356030665205,0.0,7.682059734138025,129.0378341946908,2614.519850902108,0.004510999320008622,-133.56153209429152,417.0829581737875,163.5,-2366.5,105.86067622989853,236.11434955857598,1038.0,-1.0,-440.19752592510235,1001.2662401514593,-0.0030487804878048764,-4732.0,201.95898691274772,431.9118424402615,2365.5,0.25908400405079257,0.0010481367622469945,0.0003542796618850849,0.0014619883040935672,0.0004520795660036166,1.0,0.0,1.0,1.0,0.0,0.0,0.0,0.0,0.031829853315604756,0.0058114624151654,0.038207995161906365,0.021257356140160482,0.9308226970894814,0.24362265792814677,0.9998897828718855,0.0,0.0,0.0,0.0,0.0,0.0003954249607254558,0.0036034193456493248,0.047619047619045354,0.0,0.06878187794947414,0.24370763361424266,0.9999999999999962,0.0,0.0,0.0,0.0,0.0,0.9972353817887691,0.017146283089410363,0.9999999999999998,0.8888888866665697,0.28172984904125725,0.41437541927736,0.9983792544565518,0.0,0.020159216865027266,0.04615300213235105,0.18140589569159274,0.0,0.9947875408394762,0.012061725143955563,0.9999999999999962,0.9523809523809071,0.015388935554708227,0.03089430041550933,0.1189508961350471,0.0,12.25,5.202163011671203,16,2,11.8125,23.165758000764836,60.0,0.0,9915.75,19701.471060240656,58072,1,0.06429537630118624,0.16577709107967586,0.5451327433628319,0.0,724.751816931144,1424.218741880705,4258.269355893648,0.0,41.185991875,83.8776133523782,342.72741,0.03764000000000001,2.099999619531445e-06,0.013539800000216928,192.4952013000002,1.9075919999995676,194.4163351999996,9760.677507900002
167739021,98998899,765.9378088061441,1492.5443561756795,4600.996765893648,0.03764000000000001,-519.0781860351562,-0.38511533,0.7570362,0.81687117,-1.169855,-0.26422432909021154,0.6717034966568363,0.9768174290657043,-0.9935457706451416,367.2220764160156,1285.0159458428045,-1.8776881620287895,0.7781913787081041,-1.1698251962661743,-3.536156177520752,0.054641088005155325,0.009182206362349466,0.06207134574651718,0.041097402572631836,1.3352458700537682,0.03422052988553708,1.3631744384765625,1.2848201990127563,1.7077210769057274,0.025890467073724735,1.7287546396255493,1.6695573329925537,4.813129901885986,90,1129.0462313125345,1768.771184630725,5608.157812255831,0.039560000000000005,-270.185546875,-4.7683167,0.09601485,-4.639605,-5.0354342,-72.83121,12.350552,-25.17717,-77.89589,1303.7991943359375,1399.2318115234375,128.0,0.0,128,128,0.00041615763186709365,0.003756924154610782,0.04993761694389223,0.0,1.2429147171044803,0.875214179576254,7.280784013176501,0.0020282940947281215,0.032368909167676194,0.025704011817658485,0.13725221074096586,0.003072191901394929,0.6646895871167504,0.2325387522765049,0.9523356030665205,0.0,7.693213196148091,129.03722540542864,2614.519850902108,0.004510999320008622,-136.4194365316331,417.18076519783955,163.5,-2366.5,91.40235964772813,218.25012928362787,1038.0,-1.0,-438.53736967510235,990.9235369352742,-0.0030487804878048764,-4732.0,199.83660648704736,428.8720374558905,2365.5,0.25908400405079257,0.0010128460334076017,0.0003853538153035429,0.0014619883040935672,0.0004520795660036166,1.0,0.0,1.0,1.0,0.0,0.0,0.0,0.0,0.03116253451139882,0.006369310919017865,0.038207995161906365,0.021257356140160482,0.9274684483200379,0.2505221711649016,0.9998897828718855,0.0,0.0,0.0,0.0,0.0,0.00039540905039317265,0.0036034201414701524,0.047619047619045354,0.0,0.07213614262923687,0.25061009534705847,0.9999999999999962,0.0,0.0,0.0,0.0,0.0,0.9970181862621218,0.017800605370176907,0.9999999999999998,0.8888888866665697,0.28190725417277857,0.4172836994689435,0.9983792544565518,0.0,0.01803746978142745,0.04352638331878163,0.18140589569159274,0.0,0.9953395420700322,0.01137412045664493,0.9999999999999962,0.9523809523809071,0.013928685644798149,0.029175544976794515,0.1189508961350471,0.0,15.3125,2.6626760505175993,16,5,15.625,23.60845981846338,60.0,0.0,15323.8125,23449.813579266334,63180,8,0.08475098991133954,0.22676015063399094,0.8781362007168458,0.0,1084.2893806982117,1701.1987850231458,5461.830882255831,0.0,44.75685061432272,93.74547654009801,384.35016,0.039560000000000005,1.7000002117129043e-06,0.007270299998708651,252.63618379999934,1.7232984999991459,254.3667542999974,10015.048541000004
729416111,254447594,2028.1327151486612,2117.7243157575244,5637.6499643070765,0.03988,668.80517578125,-0.52544504,0.61148155,0.8259773,-1.2224555,-0.16446244611870497,0.6906803974465865,0.8940507769584656,-0.9948040246963501,-680.0380859375,1359.3276227733902,-1.7160658985376358,0.64421952854568,-1.2177119255065918,-3.7432518005371094,0.05713957757689059,0.00477698640745713,0.0600128173828125,0.03916405886411667,1.3439536541700363,0.017111108557343584,1.3550699949264526,1.2799673080444336,1.71447092294693,0.013000462751836753,1.7227916717529297,1.6657730340957642,4.839227676391602,91,2028.1327151486612,2117.7243157575244,5637.6499643070765,0.03988,566.0109252929688,-4.7862577,0.06885215,-4.6526966,-4.9302316,-67.28594,17.776459,-14.262577,-78.238235,-2617.529052734375,1462.121826171875,128.0,0.0,128,128,0.00013666411837499393,0.0019370172965403438,0.04993761694389223,0.0,1.523381680144833,1.0203113344950092,7.280784013176501,0.0020282940947281215,0.020901317993492537,0.01713293231277965,0.13725221074096586,0.003072191901394929,0.7028529715975966,0.25666264149989354,0.9523356030665205,0.0,2.2759489517692324,57.77099246443996,2614.519850902108,0.004510999320008622,-158.95564604257333,374.4916513419759,163.5,-2366.5,124.72501075385661,304.97199765475057,1038.0,-1.0,-532.5955598725204,958.221828579427,-0.0030487804878048764,-4732.0,218.6179441493079,405.3583005694843,2365.5,0.25908400405079257,0.0007658622287978676,0.0003135165490503339,0.0014619883040935672,0.0004520795660036166,1.0,0.0,1.0,1.0,0.0,0.0,0.0,0.0,0.027110396596429623,0.0054957972671976305,0.038207995161906365,0.021257356140160482,0.908450114445476,0.28468265566507817,0.9998897828718855,0.0,0.0,0.0,0.0,0.0,0.00012775367747838354,0.0018648100589736063,0.047619047619045354,0.0,0.09142213187671239,0.28471757187193686,0.9999999999999962,0.0,0.0,0.0,0.0,0.0,0.9961764804283514,0.02004329197052655,0.9999999999999998,0.8888888866665697,0.1498706051277195,0.311709248723366,0.9983792544565518,0.0,0.008497158290521788,0.03095870603394548,0.18140589569159274,0.0,0.9978055831954684,0.008081569553987469,0.9999999999999962,0.9523809523809071,0.006752425603619789,0.020945993965899294,0.1189508961350471,0.0,14.0625,3.732772930409778,16,3,29.0,28.35268946678604,60.0,0.0,28631.375,27377.887438759313,69430,9,0.1650088520058294,0.24067354396225274,0.6866791744840526,0.0,1940.2784264745874,2008.3963704594487,5197.222222222223,0.0,87.85428867407373,130.28272176448473,460.31865999999997,0.03764000000000001,1.7000002117129043e-06,0.012243600000147126,466.56917749999957,1.649867300000551,468.2312901000005,10483.283771800001
550367865,732412360,2028.1327151486612,2117.7243157575244,5637.6499643070765,0.03988,668.80517578125,-0.52544504,0.61148155,0.8259773,-1.2224555,-0.16446244611870497,0.6906803974465865,0.8940507769584656,-0.9948040246963501,-680.0380859375,1359.3276227733902,-1.7160658985376358,0.64421952854568,-1.2177119255065918,-3.7432518005371094,0.05713957757689059,0.00477698640745713,0.0600128173828125,0.03916405886411667,1.3439536541700363,0.017111108557343584,1.3550699949264526,1.2799673080444336,1.71447092294693,0.013000462751836753,1.7227916717529297,1.6657730340957642,4.832592964172363,92,2568.165553098747,2193.4823946986835,5987.592462568945,0.03764000000000001,995.4393920898438,-4.775368,0.08797268,-4.5183253,-4.8907666,-68.246956,20.795612,-4.5183253,-78.252266,-4713.11376953125,1572.7261962890625,128.0,0.0,128,128,0.00013655638348386665,0.0019369921330587832,0.04993761694389223,0.0,1.54046718408074,1.0280858900027152,7.280784013176501,0.0020282940947281215,0.02006869412608068,0.017048089773681226,0.13725221074096586,0.003072191901394929,0.705812634058193,0.2600264823633295,0.9523356030665205,0.0,2.287102413779298,57.770676391260444,2614.519850902108,0.004510999320008622,-161.8135504799149,374.40679197235096,163.5,-2366.5,110.2666941716862,292.29530488822223,1038.0,-1.0,-530.9354036225204,947.5712297756119,-0.0030487804878048764,-4732.0,216.49556372360757,402.2057309406577,2365.5,0.25908400405079257,0.0007305714999584746,0.0003183594864859203,0.0014619883040935672,0.0004520795660036166,1.0,0.0,1.0,1.0,0.0,0.0,0.0,0.0,0.02644307779222369,0.005540762524571311,0.038207995161906365,0.021257356140160482,0.9050958656760324,0.29035062736305056,0.9998897828718855,0.0,0.0,0.0,0.0,0.0,0.00012773776714610036,0.0018648093130194275,0.047619047619045354,0.0,0.0947763965564751,0.2903863325511057,0.9999999999999962,0.0,0.0,0.0,0.0,0.0,0.995959284901704,0.020594662014732316,0.9999999999999998,0.8888888866665697,0.1500480102592408,0.3156392537278951,0.9983792544565518,0.0,0.006375411206921973,0.025949952615419315,0.18140589569159274,0.0,0.9983575844260244,0.006772388277492681,0.9999999999999962,0.9523809523809071,0.005292175693709712,0.017614379466580146,0.1189508961350471,0.0,14.25,4.337337893224368,16,1,33.625,26.63849423297045,60.0,0.0,31599.125,24766.665434296458,70238,5,0.18085024552898915,0.27783298096948733,0.8458781362007168,0.0,2470.3343196860897,2081.876503911494,5404.077669902913,0.0,97.83123341265706,158.2569375218828,583.5147926660318,0.03764000000000001,1.5000005078036338e-06,0.008955000001151348,543.0498545999999,1.6794568000004801,544.738267900002,11028.025295500003
422396446,399713351,1528.2567140737813,1927.3151679388611,5397.8209104563,0.07599594388556671,152.0361328125,-0.44472098,0.7296546,1.1057773,-1.2123605,0.24050944112241268,0.674700344303634,0.99806147813797,-0.9706664681434631,707.7501220703125,1376.2205319034292,-1.8105253279209137,0.8211159035565707,-1.2185912132263184,-4.447616100311279,0.052304498152807355,0.007371770388872327,0.05754072964191437,0.03705839440226555,1.335109531879425,0.026560184996526306,1.3547195196151733,1.280281662940979,1.707749791443348,0.020207522067254492,1.7225329875946045,1.6660186052322388,4.834944248199463,93,1528.2567140737813,1927.3151679388611,5397.8209104563,0.07599594388556671,-40.02247619628906,-4.8065543,0.059386656,-4.718675,-4.924226,-70.00483,14.921372,-33.13745,-78.78761,228.57998657226562,1568.2791748046875,128.0,0.0,128,128,0.00022398345280104023,0.0028188954221743502,0.04993761694389223,0.0,1.454561889880412,1.0316982179529135,7.280784013176501,0.0020282940947281215,0.024633605547479613,0.022313598080962647,0.13725221074096586,0.003072191901394929,0.6918985035616602,0.24881563441080137,0.9523356030665205,0.0,4.963935965833686,100.0077987703905,2614.519850902108,0.004510999320008622,-104.11460773621882,274.99998465330435,163.5,-2366.5,138.8420465855382,296.5673897337193,1038.0,-1.0,-410.6802343050614,793.814361286118,-0.0030487804878048764,-4732.0,173.0911086141914,312.09134922103516,2365.5,0.25908400405079257,0.0008468684223056272,0.00035461916818825865,0.0014619883040935672,0.0004520795660036166,1.0,0.0,1.0,1.0,0.0,0.0,0.0,0.0,0.028468275116003652,0.005965131460915956,0.038207995161906365,0.021257356140160482,0.9162073415755329,0.2696490219522294,0.9998897828718855,0.0,0.0,0.0,0.0,0.0,0.00020937330081387604,0.002700105312327163,0.047619047619045354,0.0,0.08358328512336965,0.2697003978792806,0.9999999999999962,0.0,0.0,0.0,0.0,0.0,0.9968267091800883,0.018274626260341414,0.9999999999999998,0.8888888866665697,0.22338670892136098,0.3736079131994824,0.9983792544565518,0.0,0.016243415114227173,0.04267532372417643,0.18140589569159274,0.0,0.9957971853255265,0.011148867406392335,0.9999999999999962,0.9523809523809071,0.012356649961199253,0.028677671466590827,0.1189508961350471,0.0,14.5625,3.1017887984193897,16,7,21.6875,26.79953066286796,60.0,0.0,20979.1875,24753.21187547878,65615,6,0.10057093485030164,0.17584081343399124,0.5904936014625228,0.0,1476.611731111019,1865.5894689834943,5238.048780487805,0.0,51.644982962762455,83.07485573976851,341.91461000000004,0.07599594388556671,1.5999994502635673e-06,0.012476300000344054,350.26910750000025,1.8018285000016476,352.0834139000017,11380.113559400004
734901635,737248710,1528.2567140737813,1927.3151679388611,5397.8209104563,0.07599594388556671,152.0361328125,-0.44472098,0.7296546,1.1057773,-1.2123605,0.24050944112241268,0.674700344303634,0.99806147813797,-0.9706664681434631,707.7501220703125,1376.2205319034292,-1.8105253279209137,0.8211159035565707,-1.2185912132263184,-4.447616100311279,0.052304498152807355,0.007371770388872327,0.05754072964191437,0.03705839440226555,1.335109531879425,0.026560184996526306,1.3547195196151733,1.280281662940979,1.707749791443348,0.020207522067254492,1.7225329875946045,1.6660186052322388,4.813481330871582,94,2155.8338167228812,2398.037391509694,5281.125623119463,0.03764000000000001,528.7991943359375,-4.7791033,0.110128134,-4.41222,-4.9207788,-59.077583,26.166534,-4.41222,-78.09004,-2547.37451171875,1627.0345458984375,128.0,0.0,128,128,0.0002432333832750921,0.0026577776762656572,0.04993761694389223,0.0,1.4151449163274006,0.9766806835778155,7.280784013176501,0.0020282940947281215,0.025864993577033132,0.020271640711859395,0.13725221074096586,0.003072191901394929,0.687076023811719,0.24757769418512546,0.9523356030665205,0.0,3.6319126486952293,81.67776416471149,2614.519850902108,0.004510999320008622,-176.40225471150194,444.34953352383377,163.5,-2366.5,151.3072050187726,332.14879514652984,1038.0,-1.0,-585.985065057541,1064.4314058059626,-0.0030487804878048764,-4732.0,251.55350549033483,467.8647906444497,2365.5,0.25908400405079257,0.0008463093506958428,0.00038025488647899666,0.0014619883040935672,0.0004520795660036166,1.0,0.0,1.0,1.0,0.0,0.0,0.0,0.0,0.028311194580269206,0.006627577146907605,0.038207995161906365,0.021257356140160482,0.9184527712425236,0.26930749534235776,0.9998897828718855,0.0,0.0,0.0,0.0,0.0,0.00023124274456538503,0.0025573947180902857,0.047619047619045354,0.0,0.08131598601258305,0.2693651682864767,0.9999999999999962,0.0,0.0,0.0,0.0,0.0,0.996619415969209,0.01888458338634812,0.9999999999999998,0.8888888866665697,0.1870062625773988,0.34102105875889566,0.9983792544565518,0.0,0.00948300476622754,0.03180500738761872,0.18140589569159274,0.0,0.9975543337425171,0.008302637060310245,0.9999999999999962,0.9523809523809071,0.00762815338203314,0.02152704447459428,0.1189508961350471,0.0,12.3125,5.4625858116829615,16,1,26.5625,29.4956961902919,60.0,0.0,23582.25,26647.80993229087,63540,5,0.24915392349168947,0.3006332178145114,0.7616487455197133,0.0,2049.7179634407807,2288.6409769621628,5115.068653119463,0.0,106.11585328210073,141.43782641621522,471.651,0.03764000000000001,2.6999987312592566e-06,0.01006280000001425,427.2009323000002,1.4337410999996791,428.64473889999863,11808.7651343
892878741,694873649,1326.4653156883792,1744.0493532585115,5021.521340397282,0.03764000000000001,-44.77967834472656,-0.75581896,0.47804964,0.30445218,-1.212649,-0.10268925415584818,0.6027405895800636,0.9363792538642883,-0.9676822423934937,367.6525573730469,1371.2450102819241,-1.4696155041456223,0.35124500850256113,-1.1720963716506958,-2.4508144855499268,0.048049879958853126,0.008112640579859744,0.05398556590080261,0.0340801440179348,1.3251978680491447,0.028812297967879756,1.3472956418991089,1.275680422782898,1.7002600356936455,0.022010432414921323,1.7170379161834717,1.662418246269226,4.8407440185546875,95,1326.4653156883792,1744.0493532585115,5021.521340397282,0.03764000000000001,-270.5121765136719,-4.75043,0.12829842,-4.4107213,-4.8964076,-59.58185,26.669401,-4.4107213,-77.964676,1267.177490234375,1596.9775390625,128.0,0.0,128,128,0.00033053333047905936,0.003352505649305406,0.04993761694389223,0.0,1.338420898673717,0.9501758774706025,7.280784013176501,0.0020282940947281215,0.028749419190929312,0.02441366282954882,0.13725221074096586,0.003072191901394929,0.6772715282812547,0.2412472788870309,0.9523356030665205,0.0,6.334629201429085,115.44642201984,2614.519850902108,0.004510999320008622,-129.34147937325653,375.83778792430104,163.5,-2366.5,107.75616478247957,253.94705602640772,1038.0,-1.0,-440.02774730258193,930.8115264475065,-0.0030487804878048764,-4732.0,193.6439975461505,394.50285428252,2365.5,0.25908400405079257,0.0009305986095235042,0.0003864018618803084,0.0014619883040935672,0.0004520795660036166,1.0,0.0,1.0,1.0,0.0,0.0,0.0,0.0,0.029800089932613072,0.006444992580349902,0.038207995161906365,0.021257356140160482,0.9216147054402614,0.2611712824278053,0.9998897828718855,0.0,0.0,0.0,0.0,0.0,0.0003128304063734896,0.003215032293856167,0.047619047619045354,0.0,0.078072464153046,0.2612449980368738,0.9999999999999962,0.0,0.0,0.0,0.0,0.0,0.9968437113039283,0.018274384395657293,0.9999999999999998,0.8888888866665697,0.25148704098423713,0.39781119290556943,0.9983792544565518,0.0,0.016122405564898006,0.04168060257986779,0.18140589569159274,0.0,0.9958334554402553,0.010889585604286494,0.9999999999999962,0.9523809523809071,0.012449168432039238,0.02799849588662414,0.1189508961350471,0.0,12.4375,5.544916027317276,16,1,22.375,27.57688116883416,60.0,0.0,24716.875,28501.883823431304,70906,7,0.07970766108780813,0.1615892903201229,0.5770609318996416,0.0,1287.8409609297892,1693.4299704510406,4708.464860397282,0.0,38.624354758590094,73.18158074814535,313.05648,0.03764000000000001,1.8999999156221747e-06,0.010092500000610016,360.98052579999967,1.492379900000742,362.48300010000094,12171.251528099996
142443833,848474627,1326.4653156883792,1744.0493532585115,5021.521340397282,0.03764000000000001,-44.77967834472656,-0.75581896,0.47804964,0.30445218,-1.212649,-0.10268925415584818,0.6027405895800636,0.9363792538642883,-0.9676822423934937,367.6525573730469,1371.2450102819241,-1.4696155041456223,0.35124500850256113,-1.1720963716506958,-2.4508144855499268,0.048049879958853126,0.008112640579859744,0.05398556590080261,0.0340801440179348,1.3251978680491447,0.028812297967879756,1.3472956418991089,1.275680422782898,1.7002600356936455,0.022010432414921323,1.7170379161834717,1.662418246269226,4.834662437438965,96,1497.2365355395618,1909.9781955069977,4944.316037698348,0.037520000000000005,-89.76692962646484,-4.766921,0.09012303,-4.550163,-4.964369,-60.6182,25.049042,-9.400982,-77.87652,439.5443420410156,1587.00341796875,128.0,0.0,128,128,0.00033053333047905936,0.0033525056493054063,0.04993761694389223,0.0,1.338420898673717,0.9501758774706026,7.280784013176501,0.0020282940947281215,0.028749419190929316,0.02441366282954882,0.13725221074096586,0.003072191901394929,0.6772715282812547,0.2412472788870309,0.9523356030665205,0.0,6.334629201429085,115.44642201984,2614.519850902108,0.004510999320008622,-129.34147937325656,375.8377879243011,163.5,-2366.5,107.75616478247957,253.94705602640772,1038.0,-1.0,-440.0277473025819,930.8115264475065,-0.0030487804878048764,-4732.0,193.6439975461505,394.50285428252,2365.5,0.25908400405079257,0.0009305986095235042,0.0003864018618803084,0.0014619883040935672,0.0004520795660036166,1.0,0.0,1.0,1.0,0.0,0.0,0.0,0.0,0.029800089932613072,0.006444992580349902,0.038207995161906365,0.021257356140160482,0.9216147054402614,0.2611712824278053,0.9998897828718855,0.0,0.0,0.0,0.0,0.0,0.0003128304063734897,0.0032150322938561664,0.047619047619045354,0.0,0.078072464153046,0.2612449980368738,0.9999999999999962,0.0,0.0,0.0,0.0,0.0,0.9968437113039283,0.018274384395657293,0.9999999999999998,0.8888888866665697,0.25148704098423713,0.3978111929055694,0.9983792544565518,0.0,0.016122405564898006,0.04168060257986779,0.18140589569159274,0.0,0.9958334554402553,0.010889585604286496,0.9999999999999962,0.9523809523809071,0.012449168432039238,0.02799849588662414,0.1189508961350471,0.0,12.6875,5.20479046168047,16,2,22.9375,28.590795612399457,60.0,0.0,24623.5625,31458.05512895058,81656,5,0.11326299566666269,0.22493969689809817,0.6985559566787004,0.0,1424.9370340348132,1814.7846258230309,4726.142401700318,0.0,72.29950150474887,141.87775995434842,565.8335799999999,0.037520000000000005,1.2999989849049598e-06,0.009169099999780883,370.07779279999886,1.3106855000005453,371.3976486999982,12542.652402099995
824105924,170208024,739.3217739524154,1327.978271103232,4988.598596440408,0.03988,-568.73095703125,-0.22728354,0.74381423,1.0509391,-1.2072004,0.07465037307702005,0.788600510674463,0.9970648288726807,-0.9970505833625793,340.17730712890625,1308.0526866489733,-2.126385822892189,1.039433930318625,-1.2090493440628052,-4.3123064041137695,0.05074677336961031,0.004691343946391708,0.05271633341908455,0.03279293328523636,1.329852856695652,0.016082536634975667,1.3372341394424438,1.2687042951583862,1.7039316073060036,0.012349985339079439,1.709541916847229,1.6569346189498901,4.8373003005981445,97,739.3217739524154,1327.978271103232,4988.598596440408,0.03988,-762.913330078125,-4.7748775,0.062240064,-4.682213,-4.9158545,-60.314316,27.344015,-9.390094,-77.79968,3613.1142578125,1502.235107421875,128.0,0.0,128,128,0.0001998638929952069,0.0022294668610146695,0.04993761694389223,0.0,1.379748681647162,0.870708659520878,7.280784013176501,0.0020282940947281215,0.024729072521029204,0.018075300924847427,0.13725221074096586,0.003072191901394929,0.6859192390047053,0.2455647844184455,0.9523356030665205,0.0,2.285443300915669,57.770785650885664,2614.519850902108,0.004510999320008622,-211.86813828044575,488.78368665241135,163.5,-2366.5,63.88099841734554,206.79673857155558,1038.0,-1.0,-599.9705598725204,1164.9640555659985,-0.0030487804878048764,-4732.0,254.0318060174888,511.2749567326041,2365.5,0.25908400405079257,0.000921732642723211,0.0002788389150240169,0.0014619883040935672,0.0004520795660036166,1.0,0.0,1.0,1.0,0.0,0.0,0.0,0.0,0.02997369143778513,0.004731080437961705,0.038207995161906365,0.021257356140160482,0.9149599566965876,0.2745356058619683,0.9998897828718855,0.0,0.0,0.0,0.0,0.0,0.00019041273977950487,0.002153413821718594,0.047619047619045354,0.0,0.08484963056323162,0.2745860050463111,0.9999999999999962,0.0,0.0,0.0,0.0,0.0,0.996041132063632,0.020459265423536585,0.9999999999999998,0.8888888866665697,0.13012467318698037,0.3040465078453116,0.9983792544565518,0.0,0.009753741807898612,0.03333985956429083,0.18140589569159274,0.0,0.99747948794658,0.008701931971281749,0.9999999999999962,0.9523809523809071,0.007631524925723859,0.022563994434977072,0.1189508961350471,0.0,12.625,5.721396245672904,16,2,10.9375,18.13308009550501,60.0,0.0,12310.625,19711.093440227385,60177,2,0.03313386524822695,0.12832690830186366,0.5301418439716312,0.0,716.155193929359,1287.5406629038519,4789.5552027655285,0.0,23.166580023056483,46.33425621757857,199.04339367488,0.03764000000000001,1.5999994502635673e-06,0.009587000000465196,180.15847159999976,1.5569543000001431,181.72501449999982,12724.380608899995
281387505,610401323,739.3217739524154,1327.978271103232,4988.598596440408,0.03988,-568.73095703125,-0.22728354,0.74381423,1.0509391,-1.2072004,0.07465037307702005,0.788600510674463,0.9970648288726807,-0.9970505833625793,340.17730712890625,1308.0526866489733,-2.126385822892189,1.039433930318625,-1.2090493440628052,-4.3123064041137695,0.05074677336961031,0.004691343946391708,0.05271633341908455,0.03279293328523636,1.329852856695652,0.016082536634975667,1.3372341394424438,1.2687042951583862,1.7039316073060036,0.012349985339079439,1.709541916847229,1.6569346189498901,4.841782569885254,98,1509.1658029535733,2156.511714782384,6021.765931333511,0.03941466472633908,6.2376251220703125,-4.7968855,0.0710054,-4.695671,-4.948371,-72.42034,16.171345,-9.896742,-77.891785,-20.488677978515625,1502.92822265625,128.0,0.0,128,128,0.00011421660479151622,0.001434669723914424,0.027767067240353285,0.0,1.4862195161212095,0.9554878714084645,7.280784013176501,0.9612787609284225,0.02139728254853897,0.014258418070741949,0.07499937500520829,0.003072191901394929,0.6987210859857603,0.2524010243103451,0.9523356030665205,0.0,0.9207574344204171,0.20352199395622908,1.0714966648383728,0.10293766840213878,-200.55597395577695,451.1642001881151,92.74632289611941,-2366.5,113.86074873668994,295.8472400472505,1038.0,-1.0,-616.935546875,1106.2575325247144,-1.0,-4732.0,255.3868518740704,481.3373224292016,2365.5,0.25908400405079257,0.0008255329323460482,0.0002695008083965546,0.001152073732718894,0.0004520795660036166,1.0,0.0,1.0,1.0,0.0,0.0,0.0,0.0,0.028301462702417512,0.004879139877232903,0.03392265406528907,0.021257356140160482,0.9110516595152095,0.2811924608953564,0.9998897828718855,0.0,0.0,0.0,0.0,0.0,0.00010785010000065273,0.00139826099989791,0.027027027027026296,0.0,0.08884049038442454,0.2812230564600333,0.9999999999999947,0.0,0.0,0.0,0.0,0.0,0.9960782142079012,0.020321272773257886,0.9999999999999998,0.8888888866665697,0.10578714530014818,0.2582234614717226,0.9946664574721021,0.0,0.007869332580192512,0.03036957452621955,0.18140589569159274,0.0,0.997965722015202,0.007925058514947085,0.9999999999999947,0.9523809523809071,0.006187397281377167,0.020568467739135985,0.1189508961350471,0.0,15.125,3.3888604279314896,16,2,19.8125,27.118302744640935,60.0,0.0,18667.25,24591.579301917558,65831,10,0.12926245741549802,0.20735214221831128,0.6144366197183099,0.0,1469.6396858401758,2111.0408676019215,5929.411764705882,0.0,39.526117113397575,56.84960625835926,217.89234000000002,0.03941466472633908,2.599999788799323e-06,0.009301699999923585,319.339278200001,1.5847334999998566,320.93331600000056,13045.317578599996
801015372,143084570,1546.6337163375556,2045.0715587284512,6142.281726630234,0.03988,214.7230224609375,-0.75728554,0.51012355,0.65774155,-1.1956326,-0.024274683790281415,0.6024652408870589,0.9926236271858215,-0.7925020456314087,-145.35293579101562,1331.9107896178316,-1.5098919942975044,0.5747578995205378,-1.153032898902893,-3.5622119903564453,0.0470069688744843,0.008427711993341523,0.05288146808743477,0.03249936178326607,1.3048307076096535,0.026305657111372345,1.324190616607666,1.2596877813339233,1.6848055198788643,0.020388649942343667,1.699739933013916,1.6498024463653564,4.8420233726501465,99,1546.6337163375556,2045.0715587284512,6142.281726630234,0.03988,39.335052490234375,-4.785614,0.06551832,-4.6666617,-4.9274054,-71.40019,10.226268,-47.992813,-77.899475,-227.76443481445312,1507.2987060546875,128.0,0.0,128,128,0.0003724922179501564,0.0034693077104426683,0.04993761694389223,0.0,1.2800657754628935,0.8844238883658749,7.280784013176501,0.0020282940947281215,0.030574690391746814,0.02426259947560357,0.13725221074096586,0.003072191901394929,0.6702217975888562,0.23736430841643805,0.9523356030665205,0.0,6.347694221171802,115.44578266797298,2614.519850902108,0.004510999320008622,-162.78140389323733,452.0348993624637,163.5,-2366.5,92.75032802803558,237.5608240093692,1038.0,-1.0,-503.36368480258193,1059.6098787340031,-0.0030487804878048764,-4732.0,224.48693795397526,465.05120163836517,2365.5,0.25908400405079257,0.0009688548650304556,0.0003912545806743269,0.0014619883040935672,0.0004520795660036166,1.0,0.0,1.0,1.0,0.0,0.0,0.0,0.0,0.030406149212466337,0.006574891269313582,0.038207995161906365,0.021257356140160482,0.9240761961796089,0.25810148886493073,0.9998897828718855,0.0,0.0,0.0,0.0,0.0,0.0003546032397856341,0.003330909656263343,0.047619047619045354,0.0,0.0755692005802542,0.25818380546515746,0.9999999999999962,0.0,0.0,0.0,0.0,0.0,0.996745961161869,0.018582357558707754,0.9999999999999998,0.8888888866665697,0.24666987360138512,0.3974530259920342,0.9983792544565518,0.0,0.014172005116780594,0.03862535699056576,0.18140589569159274,0.0,0.9963418211796027,0.010089364131063362,0.9999999999999962,0.9523809523809071,0.01113542085811147,0.025998345472819054,0.1189508961350471,0.0,14.9375,2.2211694554896075,16,10,20.5625,26.30819442208074,60.0,0.0,21062.125,27095.88945503312,59778,5,0.08284932631425983,0.19096713665838425,0.6829268292682927,0.0,1496.4611509695972,1965.5872272021488,5703.295126630233,0.0,50.172565367958555,108.56392320005422,438.98660000000007,0.039560000000000005,1.3999997463542968e-06,0.009149599998636404,331.4218431999998,1.9357588999992004,333.36675309999737,13378.687499199996
363464500,698099024,1546.6337163375556,2045.0715587284512,6142.281726630234,0.03988,214.7230224609375,-0.75728554,0.51012355,0.65774155,-1.1956326,-0.024274683790281415,0.6024652408870589,0.9926236271858215,-0.7925020456314087,-145.35293579101562,1331.9107896178316,-1.5098919942975044,0.5747578995205378,-1.153032898902893,-3.5622119903564453,0.0470069688744843,0.008427711993341523,0.05288146808743477,0.03249936178326607,1.3048307076096535,0.026305657111372345,1.324190616607666,1.2596877813339233,1.6848055198788643,0.020388649942343667,1.699739933013916,1.6498024463653564,4.841956615447998,100,1045.027288935411,1816.9561295511228,5445.374800430361,0.037520000000000005,-416.0442199707031,-4.770569,0.05479085,-4.619455,-4.842238,-69.54637,16.777176,-18.47782,-77.47581,1980.7984619140625,1461.071533203125,128.0,0.0,128,128,0.0003516205091057352,0.0034114786183117736,0.04993761694389223,0.0,1.2921578331323982,0.9052870851286667,7.280784013176501,0.0020282940947281215,0.03049467865874992,0.024085429607108695,0.13725221074096586,0.003072191901394929,0.6707870004744592,0.23527768280348815,0.9523356030665205,0.0,6.330008249290378,115.44665236545826,2614.519850902108,0.004510999320008622,-143.2035371959053,415.9902266652185,163.5,-2366.5,114.71156298742798,261.49445358940744,1038.0,-1.0,-473.3558723025819,1008.0123948774803,-0.0030487804878048764,-4732.0,211.18784817576324,434.4741921610578,2365.5,0.25908400405079257,0.0009850174661163729,0.0003647337740570931,0.0014619883040935672,0.0004520795660036166,1.0,0.0,1.0,1.0,0.0,0.0,0.0,0.0,0.03077043837674564,0.006090508852696899,0.038207995161906365,0.021257356140160482,0.9261996995793786,0.2530544960517824,0.9998897828718855,0.0,0.0,0.0,0.0,0.0,0.0003337327334118451,0.003273549810908756,0.047619047619045354,0.0,0.07346656768688736,0.2531301996100877,0.9999999999999962,0.0,0.0,0.0,0.0,0.0,0.997012031759546,0.017800602546104934,0.9999999999999998,0.8888888866665697,0.2489010521612898,0.39457164378060794,0.9983792544565518,0.0,0.017268952424439113,0.04316670955519263,0.18140589569159274,0.0,0.9955356370793729,0.011278044063951307,0.9999999999999962,0.9523809523809071,0.01325254455498543,0.028979838781318587,0.1189508961350471,0.0,14.5625,3.4994419197923547,16,4,14.1875,23.775561901877314,60.0,0.0,13579.1875,22358.285601256277,58586,5,0.09213564850632192,0.1980785947665042,0.572992700729927,0.0,994.9193427067669,1739.8346184400054,5051.8223504303605,0.0,50.107946228644174,96.0917056073918,393.55245,0.037520000000000005,1.5999994502635673e-06,0.009672099999079364,229.52968039999905,1.5092676999993273,231.0486217999969,13609.739257899992
