al_utilization,atr_utilization,ch2_utilization,ch3_utilization,clean_count,clean_time_share,cmax,gap,instance,lllower_capacity_utilization,llupper_capacity_utilization,mean_cycle_time,method,p95_cycle_time,path,pdi,pec_peak_in_tool,physical_cadence_cv,physical_cadence_deviation_sum,physical_route_max_wait,physical_route_total_wait,physically_feasible,run_label,solution_file,solver_seed,solving_time,status,suite,throughput_wph,total_wafers,training_seed,validation_note,vtr_utilization,warm_start
0.22408963554049072,0.4537815119694937,0.6806722679542405,0.6806722679542405,0,0.0,714.000001,0.0,cie_core_n008_f000_m008_proc090.lp,0.1400560222128067,0.16806722665536802,472.0,scip_default,472.0,D:\git\git\RDMCT-A3C\cie\data\core\spbs\cie_core_n008_f000_m008_proc090.lp,93.20452963357755,4,0.0,0.0,28.0,224.0,True,spbs_auto,D:\git\git\RDMCT-A3C\cie\results\spbs\cie_spbs_600s_mem2048_repro_v1\s10_auto\solutions\cie_core_spbs__cie_core_n008_f000_m008_proc090__scip_default__solverseed_10__trainseed_-1__spbs_auto.sol,10,0.3295210999999938,optimal,cie_core_spbs,40.336134397288326,8,-1,checked active primary model at feasibility tolerance 1.000001e-06; removed 13 inactive auxiliaries,0.04481792710809814,auto
0.20833333306206597,0.4218749994506836,0.7031249990844727,0.7031249990844727,0,0.0,768.000001,0.0,cie_core_n008_f000_m008_proc100.lp,0.13020833316379124,0.1562499997965495,507.9999995,scip_default,508.0,D:\git\git\RDMCT-A3C\cie\data\core\spbs\cie_core_n008_f000_m008_proc100.lp,0.0,4,2.3533298988440206e-09,9.999999974752427e-07,28.0,224.0,True,spbs_auto,D:\git\git\RDMCT-A3C\cie\results\spbs\cie_spbs_600s_mem2048_repro_v1\s10_auto\solutions\cie_core_spbs__cie_core_n008_f000_m008_proc100__scip_default__solverseed_10__trainseed_-1__spbs_auto.sol,10,0.5541259999999966,optimal,cie_core_spbs,37.49999995117187,8,-1,checked active primary model at feasibility tolerance 1.000001e-06; removed 13 inactive auxiliaries,0.041666666612413195,auto
0.1946472017096746,0.3941605834620913,0.722627736347168,0.7226277363471683,0,0.0,822.000001,0.0,cie_core_n008_f000_m008_proc110.lp,0.12165450106854683,0.1459854012822562,543.9999995,scip_default,544.0,D:\git\git\RDMCT-A3C\cie\data\core\spbs\cie_core_n008_f000_m008_proc110.lp,92.17664335966491,4,2.14362723433106e-09,9.999999974752427e-07,28.0,223.9999999999997,True,spbs_auto,D:\git\git\RDMCT-A3C\cie\results\spbs\cie_spbs_600s_mem2048_repro_v1\s10_auto\solutions\cie_core_spbs__cie_core_n008_f000_m008_proc110__scip_default__solverseed_10__trainseed_-1__spbs_auto.sol,10,0.28545640000000105,optimal,cie_core_spbs,35.03649630774149,8,-1,checked active primary model at feasibility tolerance 1.000001e-06; removed 13 inactive auxiliaries,0.03892944034193499,auto
0.19323671474247542,0.3913043473535129,0.7826086947070257,0.39130434735351277,0,0.0,828.000000999967,0.0,cie_core_n008_f002_m006_proc090.lp,0.23309178595041893,0.18115942248645525,465.2499997500079,scip_default,494.0,D:\git\git\RDMCT-A3C\cie\data\core\spbs\cie_core_n008_f002_m006_proc090.lp,0.0,4,2.839698292735326e-09,9.999690178119636e-07,92.99999900003098,502.00000199993804,True,spbs_auto,D:\git\git\RDMCT-A3C\cie\results\spbs\cie_spbs_600s_mem2048_repro_v1\s10_auto\solutions\cie_core_spbs__cie_core_n008_f002_m006_proc090__scip_default__solverseed_10__trainseed_-1__spbs_auto.sol,10,0.34269039999999507,optimal,cie_core_spbs,34.782608653645575,8,-1,checked active primary model at feasibility tolerance 1.000001e-06; removed 13 inactive auxiliaries,0.05314009655418074,auto
0.1777777775802469,0.3599999995999991,0.7999999991111112,0.39999999955555554,0,0.0,900.000001,0.0,cie_core_n008_f002_m006_proc100.lp,0.12999999985555555,0.14222222206419752,472.249999999998,scip_default,516.0,D:\git\git\RDMCT-A3C\cie\data\core\spbs\cie_core_n008_f002_m006_proc100.lp,0.0,4,0.0,0.0,28.0,305.99999999999994,True,spbs_auto,D:\git\git\RDMCT-A3C\cie\results\spbs\cie_spbs_600s_mem2048_repro_v1\s10_auto\solutions\cie_core_spbs__cie_core_n008_f002_m006_proc100__scip_default__solverseed_10__trainseed_-1__spbs_auto.sol,10,0.30866620000000466,optimal,cie_core_spbs,31.999999964444445,8,-1,checked active primary model at feasibility tolerance 1.000001e-06; removed 13 inactive auxiliaries,0.048888888834567525,auto
0.16460905332859715,0.3333333329904083,0.8148148139765558,0.4074074069882778,0,0.0,972.000000999967,0.0,cie_core_n008_f002_m006_proc110.lp,0.12037037024653663,0.13168724163410298,503.74999975000753,scip_default,552.0,D:\git\git\RDMCT-A3C\cie\data\core\spbs\cie_core_n008_f002_m006_proc110.lp,181.59252171295796,4,0.0,0.0,28.0,305.99999999999994,True,spbs_auto,D:\git\git\RDMCT-A3C\cie\results\spbs\cie_spbs_600s_mem2048_repro_v1\s10_auto\solutions\cie_core_spbs__cie_core_n008_f002_m006_proc110__scip_default__solverseed_10__trainseed_-1__spbs_auto.sol,10,1.4080721999999923,optimal,cie_core_spbs,29.629629599147478,8,-1,checked active primary model at feasibility tolerance 1.000001e-06; removed 13 inactive auxiliaries,0.04526748966536385,auto
0.20512820486522906,0.41538461485208855,0.6230769222781329,0.41538461485208866,0,0.0,780.000000999967,0.0,cie_core_n008_f004_m004_proc090.lp,0.12820512804076808,0.16282051261177558,424.24999975000804,scip_default,478.999999000032,D:\git\git\RDMCT-A3C\cie\data\core\spbs\cie_core_n008_f004_m004_proc090.lp,0.0,6,2.91065698986066e-15,0,76.0,506.0000000000001,True,spbs_auto,D:\git\git\RDMCT-A3C\cie\results\spbs\cie_spbs_600s_mem2048_repro_v1\s10_auto\solutions\cie_core_spbs__cie_core_n008_f004_m004_proc090__scip_default__solverseed_10__trainseed_-1__spbs_auto.sol,10,0.4102940000000075,optimal,cie_core_spbs,36.92307687574121,8,-1,checked active primary model at feasibility tolerance 1.000001e-06; removed 13 inactive auxiliaries,0.05128205121630723,auto
0.19184652255175008,0.3884892081672941,0.6474820136121576,0.43165467574143834,0,0.0,834.000000999967,0.0,cie_core_n008_f004_m004_proc100.lp,0.11990407659484398,0.1522781760764503,451.2499995000161,scip_default,514.999999999999,D:\git\git\RDMCT-A3C\cie\data\core\spbs\cie_core_n008_f004_m004_proc100.lp,92.30988787665393,6,2.7031517121308236e-15,0,75.999999000033,505.9999980000657,True,spbs_auto,D:\git\git\RDMCT-A3C\cie\results\spbs\cie_spbs_600s_mem2048_repro_v1\s10_auto\solutions\cie_core_spbs__cie_core_n008_f004_m004_proc100__scip_default__solverseed_10__trainseed_-1__spbs_auto.sol,10,0.522432699999996,optimal,cie_core_spbs,34.53237405931507,8,-1,checked active primary model at feasibility tolerance 1.000001e-06; removed 13 inactive auxiliaries,0.04796163063793759,auto
0.1801801799772745,0.36486486445398103,0.6689189181656319,0.44594594544375454,0,0.0,888.000001,0.0,cie_core_n008_f004_m004_proc110.lp,0.11261261248579661,0.1430180178569538,478.24999999999426,scip_default,550.999999999992,D:\git\git\RDMCT-A3C\cie\data\core\spbs\cie_core_n008_f004_m004_proc110.lp,0.0,6,2.391926041172621e-15,0,75.99999999999301,505.999999999986,True,spbs_auto,D:\git\git\RDMCT-A3C\cie\results\spbs\cie_spbs_600s_mem2048_repro_v1\s10_auto\solutions\cie_core_spbs__cie_core_n008_f004_m004_proc110__scip_default__solverseed_10__trainseed_-1__spbs_auto.sol,10,0.24356269999999824,optimal,cie_core_spbs,32.43243239590942,8,-1,checked active primary model at feasibility tolerance 1.000001e-06; removed 13 inactive auxiliaries,0.04504504499431864,auto
0.20512820486521988,0.4153846148520704,0.6230769222781065,0.2076923074260355,0,0.0,780.000001,0.0,cie_core_n008_f006_m002_proc090.lp,0.12820512804076264,0.1628205113297182,386.74999950000006,scip_default,479.000000000001,D:\git\git\RDMCT-A3C\cie\data\core\spbs\cie_core_n008_f006_m002_proc090.lp,0.0,4,0.0,0,75.999999000001,537.9999979999996,True,spbs_auto,D:\git\git\RDMCT-A3C\cie\results\spbs\cie_spbs_600s_mem2048_repro_v1\s10_auto\solutions\cie_core_spbs__cie_core_n008_f006_m002_proc090__scip_default__solverseed_10__trainseed_-1__spbs_auto.sol,10,0.24302360000000078,optimal,cie_core_spbs,36.923076875739646,8,-1,checked active primary model at feasibility tolerance 1.000001e-06; removed 13 inactive auxiliaries,0.05641025633793557,auto
0.19184652255174306,0.3884892081672791,0.6474820136121319,0.21582733787071062,0,0.0,834.000001,0.0,cie_core_n008_f006_m002_proc100.lp,0.14748201421165227,0.15227817727544582,415.00000000000006,scip_default,515.0,D:\git\git\RDMCT-A3C\cie\data\core\spbs\cie_core_n008_f006_m002_proc100.lp,92.30988787665362,6,0.0,0,76.0,584.0000000000003,True,spbs_auto,D:\git\git\RDMCT-A3C\cie\results\spbs\cie_spbs_600s_mem2048_repro_v1\s10_auto\solutions\cie_core_spbs__cie_core_n008_f006_m002_proc100__scip_default__solverseed_10__trainseed_-1__spbs_auto.sol,10,0.5415550999999965,optimal,cie_core_spbs,34.5323740593137,8,-1,checked active primary model at feasibility tolerance 1.000001e-06; removed 13 inactive auxiliaries,0.05275779370172967,auto
0.18018017997727787,0.3648648644539873,0.6689189181656433,0.22297297272188105,0,0.0,888.000000999985,0.0,cie_core_n008_f006_m002_proc110.lp,0.13851351335753218,0.14301801785696297,437.49999999999983,scip_default,550.999999999999,D:\git\git\RDMCT-A3C\cie\data\core\spbs\cie_core_n008_f006_m002_proc110.lp,91.7578748777005,6,0.0,0,76.0,583.9999999999983,True,spbs_auto,D:\git\git\RDMCT-A3C\cie\results\spbs\cie_spbs_600s_mem2048_repro_v1\s10_auto\solutions\cie_core_spbs__cie_core_n008_f006_m002_proc110__scip_default__solverseed_10__trainseed_-1__spbs_auto.sol,10,0.5206043999999963,optimal,cie_core_spbs,32.43243239590997,8,-1,checked active primary model at feasibility tolerance 1.000001e-06; removed 13 inactive auxiliaries,0.04954954949375173,auto
0.3059273419637409,0.6195028674765757,0.7743785843457182,0.7743785843457182,0,0.0,1046.000001,0.0,cie_core_n016_f000_m016_proc090.lp,0.22944550551678253,0.25956023063139494,480.9375000624999,scip_default,487.4999995000004,D:\git\git\RDMCT-A3C\cie\data\core\spbs\cie_core_n016_f000_m016_proc090.lp,4604.676595362898,4,1.99072089755359e-15,1.0231815394945443e-12,28.000000000000412,591.0000009999983,True,spbs_auto,D:\git\git\RDMCT-A3C\cie\results\spbs\cie_spbs_600s_mem2048_repro_v1\s10_auto\solutions\cie_core_spbs__cie_core_n016_f000_m016_proc090__scip_default__solverseed_10__trainseed_-1__spbs_auto.sol,10,51.95452689999999,optimal,cie_core_spbs,55.0669215534733,16,-1,checked active primary model at feasibility tolerance 1.000001e-06; removed 13 inactive auxiliaries,0.045889101294560974,auto
0.2816901405971035,0.5704225347091348,0.7922535204293543,0.7922535204293543,0,0.0,1136.000001,0.0,cie_core_n016_f000_m016_proc100.lp,0.22491197031257662,0.23547535410609657,518.374999875,scip_default,532.4999995,D:\git\git\RDMCT-A3C\cie\data\core\spbs\cie_core_n016_f000_m016_proc100.lp,412.9976830024427,4,1.7973853982215324e-09,1.9999999949504854e-06,28.0,614.0000019999997,True,spbs_auto,D:\git\git\RDMCT-A3C\cie\results\spbs\cie_spbs_600s_mem2048_repro_v1\s10_auto\solutions\cie_core_spbs__cie_core_n016_f000_m016_proc100__scip_default__solverseed_10__trainseed_-1__spbs_auto.sol,10,11.09703060000001,optimal,cie_core_spbs,50.70422530747867,16,-1,checked active primary model at feasibility tolerance 1.000001e-06; removed 13 inactive auxiliaries,0.04225352108956556,auto
0.2610114190366952,0.528548123549308,0.8075040776447765,0.8075040776447764,0,0.0,1226.000001,0.0,cie_core_n016_f000_m016_proc110.lp,0.21574224982402673,0.2255301813005471,556.625000125,scip_default,577.4999995,D:\git\git\RDMCT-A3C\cie\data\core\spbs\cie_core_n016_f000_m016_proc110.lp,4297.819102337358,4,0.0,0.0,33.49999950000006,650.0000019999997,True,spbs_auto,D:\git\git\RDMCT-A3C\cie\results\spbs\cie_spbs_600s_mem2048_repro_v1\s10_auto\solutions\cie_core_spbs__cie_core_n016_f000_m016_proc110__scip_default__solverseed_10__trainseed_-1__spbs_auto.sol,10,132.45261959999996,optimal,cie_core_spbs,46.98205542660517,16,-1,checked active primary model at feasibility tolerance 1.000001e-06; removed 13 inactive auxiliaries,0.03915171285550431,auto
0.28776978391387625,0.5827338124255991,0.7284172655319989,0.5827338124255991,0,0.0,1112.000001,0.0,cie_core_n016_f004_m012_proc090.lp,0.28417266071567204,0.2508992830477524,466.625000375,scip_default,539.0,D:\git\git\RDMCT-A3C\cie\data\core\spbs\cie_core_n016_f004_m012_proc090.lp,1334.0469482275932,4,0.0,0.0,98.999999,1026.0000060000002,True,spbs_auto,D:\git\git\RDMCT-A3C\cie\results\spbs\cie_spbs_600s_mem2048_repro_v1\s10_auto\solutions\cie_core_spbs__cie_core_n016_f004_m012_proc090__scip_default__solverseed_10__trainseed_-1__spbs_auto.sol,10,56.22475749999995,optimal,cie_core_spbs,51.79856110449769,16,-1,checked active primary model at feasibility tolerance 1.000001e-06; removed 13 inactive auxiliaries,0.05035971218492852,auto
0.26622296150896607,0.5391014970556561,0.7487520792439658,0.5990016633951725,0,0.0,1202.000001,0.0,cie_core_n016_f004_m012_proc100.lp,0.3410981694333617,0.2520798666788023,512.8749999999997,scip_default,659.0000000000002,D:\git\git\RDMCT-A3C\cie\data\core\spbs\cie_core_n016_f004_m012_proc100.lp,5417.255094950026,4,0.0,0.0,201.0,1262.0000000000002,True,spbs_auto,D:\git\git\RDMCT-A3C\cie\results\spbs\cie_spbs_600s_mem2048_repro_v1\s10_auto\solutions\cie_core_spbs__cie_core_n016_f004_m012_proc100__scip_default__solverseed_10__trainseed_-1__spbs_auto.sol,10,61.50795169999998,optimal,cie_core_spbs,47.92013307161386,16,-1,checked active primary model at feasibility tolerance 1.000001e-06; removed 13 inactive auxiliaries,0.04658901826406903,auto
0.2476780183841503,0.501547987227904,0.7662538693759646,0.6130030955007716,0,0.0,1292.000001,0.0,cie_core_n016_f004_m012_proc110.lp,0.24458204238035444,0.27167182873709605,538.625000375,scip_default,596.0000010000001,D:\git\git\RDMCT-A3C\cie\data\core\spbs\cie_core_n016_f004_m012_proc110.lp,6072.520659426025,4,2.0974545981231085e-16,1.1368683772161603e-13,98.999999,1170.0000060000002,True,spbs_auto,D:\git\git\RDMCT-A3C\cie\results\spbs\cie_spbs_600s_mem2048_repro_v1\s10_auto\solutions\cie_core_spbs__cie_core_n016_f004_m012_proc110__scip_default__solverseed_10__trainseed_-1__spbs_auto.sol,10,300.4835939000001,optimal,cie_core_spbs,44.582043309147025,16,-1,checked active primary model at feasibility tolerance 1.000001e-06; removed 13 inactive auxiliaries,0.04334365321722645,auto
0.29143897969814275,0.5901639338887396,0.5901639338887397,0.5901639338887396,0,0.0,1098.000001,0.0,cie_core_n016_f008_m008_proc090.lp,0.27231329574470553,0.297814210111281,446.50000024999997,scip_default,539.0,D:\git\git\RDMCT-A3C\cie\data\core\spbs\cie_core_n016_f008_m008_proc090.lp,2369.4480445846325,4,0.0,0.0,98.999999,1368.0000039999998,True,spbs_auto,D:\git\git\RDMCT-A3C\cie\results\spbs\cie_spbs_600s_mem2048_repro_v1\s10_auto\solutions\cie_core_spbs__cie_core_n016_f008_m008_proc090__scip_default__solverseed_10__trainseed_-1__spbs_auto.sol,10,28.443446100000074,optimal,cie_core_spbs,52.45901634566574,16,-1,checked active primary model at feasibility tolerance 1.000001e-06; removed 13 inactive auxiliaries,0.058287795939628594,auto
0.27350427327050897,0.553846153372781,0.6153846148586447,0.6153846148586457,0,0.0,1170.000001,0.0,cie_core_n016_f008_m008_proc100.lp,0.2555555544824311,0.28205128351961406,473.1250002500001,scip_default,557.000000000001,D:\git\git\RDMCT-A3C\cie\data\core\spbs\cie_core_n016_f008_m008_proc100.lp,3895.7822950614586,4,2.407883711645503e-15,1.0231815394945443e-12,98.999999,1362.0000040000018,True,spbs_auto,D:\git\git\RDMCT-A3C\cie\results\spbs\cie_spbs_600s_mem2048_repro_v1\s10_auto\solutions\cie_core_spbs__cie_core_n016_f008_m008_proc100__scip_default__solverseed_10__trainseed_-1__spbs_auto.sol,10,51.950321200000076,optimal,cie_core_spbs,49.230769188691646,16,-1,checked active primary model at feasibility tolerance 1.000001e-06; removed 13 inactive auxiliaries,0.05470085465410183,auto
0.25764895309368074,0.5217391300147027,0.637681158906859,0.637681158906859,0,0.0,1242.000001,0.0,cie_core_n016_f008_m008_proc110.lp,0.19645732673393046,0.2624798709641869,497.12499999999994,scip_default,609.0,D:\git\git\RDMCT-A3C\cie\data\core\spbs\cie_core_n016_f008_m008_proc110.lp,576.6570000498988,4,0.012224938875305624,0.0,84.0,1294.0000000000005,True,spbs_auto,D:\git\git\RDMCT-A3C\cie\results\spbs\cie_spbs_600s_mem2048_repro_v1\s10_auto\solutions\cie_core_spbs__cie_core_n016_f008_m008_proc110__scip_default__solverseed_10__trainseed_-1__spbs_auto.sol,10,54.75695689999998,optimal,cie_core_spbs,46.376811556862464,16,-1,checked active primary model at feasibility tolerance 1.000001e-06; removed 13 inactive auxiliaries,0.05152979061873644,auto
0.2938475663050068,0.5950413217676388,0.5950413217676379,0.44628099132572907,0,0.0,1089.000001,0.0,cie_core_n016_f012_m004_proc090.lp,0.2047750227688016,0.24977043135925578,406.9999999999999,scip_default,479.0,D:\git\git\RDMCT-A3C\cie\data\core\spbs\cie_core_n016_f012_m004_proc090.lp,1374.2197115409974,6,0.31032899487810867,0,84.0,1400.0,True,spbs_auto,D:\git\git\RDMCT-A3C\cie\results\spbs\cie_spbs_600s_mem2048_repro_v1\s10_auto\solutions\cie_core_spbs__cie_core_n016_f012_m004_proc090__scip_default__solverseed_10__trainseed_-1__spbs_auto.sol,10,15.78380489999995,optimal,cie_core_spbs,52.892561934901224,16,-1,checked active primary model at feasibility tolerance 1.000001e-06; removed 13 inactive auxiliaries,0.06611570241862653,auto
0.27633851444184926,0.5595854917447438,0.6217616574941601,0.4663212431206206,0,0.0,1158.000001,0.0,cie_core_n016_f012_m004_proc100.lp,0.19257340225166372,0.2253886008416333,425.4999999999998,scip_default,514.9999999999991,D:\git\git\RDMCT-A3C\cie\data\core\spbs\cie_core_n016_f012_m004_proc100.lp,1719.2782867371948,6,0.2861125704223025,0,76.0,1336.0,True,spbs_auto,D:\git\git\RDMCT-A3C\cie\results\spbs\cie_spbs_600s_mem2048_repro_v1\s10_auto\solutions\cie_core_spbs__cie_core_n016_f012_m004_proc100__scip_default__solverseed_10__trainseed_-1__spbs_auto.sol,10,19.534627,optimal,cie_core_spbs,49.74093259953287,16,-1,checked active primary model at feasibility tolerance 1.000001e-06; removed 13 inactive auxiliaries,0.06217616574941608,auto
0.26016260141450204,0.5268292678643657,0.6439024385008931,0.48292682887567,0,0.0,1230.000001,0.0,cie_core_n016_f012_m004_proc110.lp,0.21463414616696408,0.2593495932850816,460.3750000000001,scip_default,609.000000000001,D:\git\git\RDMCT-A3C\cie\data\core\spbs\cie_core_n016_f012_m004_proc110.lp,1363.720243726247,6,0.26540200902444144,0,76.0,1534.0,True,spbs_auto,D:\git\git\RDMCT-A3C\cie\results\spbs\cie_spbs_600s_mem2048_repro_v1\s10_auto\solutions\cie_core_spbs__cie_core_n016_f012_m004_proc110__scip_default__solverseed_10__trainseed_-1__spbs_auto.sol,10,17.16276599999992,optimal,cie_core_spbs,46.82926825461035,16,-1,checked active primary model at feasibility tolerance 1.000001e-06; removed 13 inactive auxiliaries,0.05853658531826293,auto
0.20050125304908062,0.40601503742438766,0.7502088551586428,0.7502088551586428,2,0.20885547192612555,2394.000001,0.15317919075144712,cie_core_n024_f000_m024_proc090.lp,0.1324143692011636,0.16290726831123337,499.41666695833345,scip_default,628.000001000001,D:\git\git\RDMCT-A3C\cie\data\core\spbs\cie_core_n024_f000_m024_proc090.lp,9668.51906920103,8,0.19584969979208317,222.00000000000162,126.0,1018.0000030000019,True,spbs_auto,D:\git\git\RDMCT-A3C\cie\results\spbs\cie_spbs_600s_mem2048_repro_v1\s10_auto\solutions\cie_core_spbs__cie_core_n024_f000_m024_proc090__scip_default__solverseed_10__trainseed_-1__spbs_auto.sol,10,539.5566322,timelimit,cie_core_spbs,36.090225548834496,24,-1,checked active primary model at feasibility tolerance 1.000001e-06; removed 13 inactive auxiliaries,0.04678362571145212,auto
0.04568383439176939,0.09250976464333302,0.18463883066673462,0.18463883066673462,2,0.04758732749142645,10506.9989503,3.7414255186371914,cie_core_n024_f000_m024_proc100.lp,0.02855239649485587,0.034262875793827044,508.0,scip_default,508.0,D:\git\git\RDMCT-A3C\cie\data\core\spbs\cie_core_n024_f000_m024_proc100.lp,42793.83666614031,4,0.0,0.0,28.0,672.0,True,spbs_auto,D:\git\git\RDMCT-A3C\cie\results\spbs\cie_spbs_600s_mem2048_repro_v1\s10_auto\solutions\cie_core_spbs__cie_core_n024_f000_m024_proc100__scip_default__solverseed_10__trainseed_-1__spbs_auto.sol,10,539.7860235,timelimit,cie_core_spbs,8.22309019051849,24,-1,checked active primary model at feasibility tolerance 1.000001e-06; removed 13 inactive auxiliaries,0.010659561358079524,auto
0.04568383439176939,0.09250976464333302,0.19834398098426542,0.19834398098426542,2,0.04758732749142645,10506.9989503,3.4483484120660455,cie_core_n024_f000_m024_proc110.lp,0.02855239649485587,0.034262875793827044,544.0,scip_default,544.0,D:\git\git\RDMCT-A3C\cie\data\core\spbs\cie_core_n024_f000_m024_proc110.lp,41951.42392623049,4,0.0,0.0,28.0,672.0,True,spbs_auto,D:\git\git\RDMCT-A3C\cie\results\spbs\cie_spbs_600s_mem2048_repro_v1\s10_auto\solutions\cie_core_spbs__cie_core_n024_f000_m024_proc110__scip_default__solverseed_10__trainseed_-1__spbs_auto.sol,10,539.7384194999997,timelimit,cie_core_spbs,8.22309019051849,24,-1,checked active primary model at feasibility tolerance 1.000001e-06; removed 13 inactive auxiliaries,0.010659561358079524,auto
0.0456490773137761,0.0924393815603966,0.17080363094904558,0.15539706735564612,2,0.0475511222018501,10514.9989495,3.9645887386685557,cie_core_n024_f006_m018_proc090.lp,0.03518783042936908,0.04289111222606879,505.1666666666667,scip_default,625.0,D:\git\git\RDMCT-A3C\cie\data\core\spbs\cie_core_n024_f006_m018_proc090.lp,43211.04980080065,8,0.2085761945353705,99.0,126.0,1984.0,True,spbs_auto,D:\git\git\RDMCT-A3C\cie\results\spbs\cie_spbs_600s_mem2048_repro_v1\s10_auto\solutions\cie_core_spbs__cie_core_n024_f006_m018_proc090__scip_default__solverseed_10__trainseed_-1__spbs_auto.sol,10,539.7845177999998,timelimit,cie_core_spbs,8.216833916479699,24,-1,checked active primary model at feasibility tolerance 1.000001e-06; removed 13 inactive auxiliaries,0.012553496261288427,auto
0.0456490773137761,0.0924393815603966,0.1844983541431784,0.16737995015051235,2,0.0475511222018501,10514.9989495,3.6526544019911507,cie_core_n024_f006_m018_proc100.lp,0.02853067332111006,0.034997625940561675,549.0,scip_default,1034.0,D:\git\git\RDMCT-A3C\cie\data\core\spbs\cie_core_n024_f006_m018_proc100.lp,42480.987911341785,4,0.21465741571734478,0.0,634.0,2488.0,True,spbs_auto,D:\git\git\RDMCT-A3C\cie\results\spbs\cie_spbs_600s_mem2048_repro_v1\s10_auto\solutions\cie_core_spbs__cie_core_n024_f006_m018_proc100__scip_default__solverseed_10__trainseed_-1__spbs_auto.sol,10,539.8327715,timelimit,cie_core_spbs,8.216833916479699,24,-1,checked active primary model at feasibility tolerance 1.000001e-06; removed 13 inactive auxiliaries,0.012553496261288427,auto
0.0456490773137761,0.0924393815603966,0.19819307733731123,0.17936283294537858,2,0.0475511222018501,10514.9989495,3.373959629159734,cie_core_n024_f006_m018_proc110.lp,0.05601522195377942,0.043842134670105795,616.5,scip_default,944.0,D:\git\git\RDMCT-A3C\cie\data\core\spbs\cie_core_n024_f006_m018_proc110.lp,41745.961684724556,8,0.009304036594559837,6.0,404.0,3612.0,True,spbs_auto,D:\git\git\RDMCT-A3C\cie\results\spbs\cie_spbs_600s_mem2048_repro_v1\s10_auto\solutions\cie_core_spbs__cie_core_n024_f006_m018_proc110__scip_default__solverseed_10__trainseed_-1__spbs_auto.sol,10,539.8252978,timelimit,cie_core_spbs,8.216833916479699,24,-1,checked active primary model at feasibility tolerance 1.000001e-06; removed 13 inactive auxiliaries,0.012553496261288427,auto
0.22641509423282308,0.4584905658214633,0.7707547166175673,0.3820754715178877,1,0.11792452824626203,2120.000001,0.0,cie_core_n024_f012_m012_proc090.lp,0.2318396225321511,0.3219339621122953,518.916666666665,scip_default,1084.999999999997,D:\git\git\RDMCT-A3C\cie\data\core\spbs\cie_core_n024_f012_m012_proc090.lp,39478.70563747589,6,0.2633859938476551,2.9558577807620168e-12,663.0,3789.9999999999995,True,spbs_auto,D:\git\git\RDMCT-A3C\cie\results\spbs\cie_spbs_600s_mem2048_repro_v1\s10_auto\solutions\cie_core_spbs__cie_core_n024_f012_m012_proc090__scip_default__solverseed_10__trainseed_-1__spbs_auto.sol,10,492.17367300000024,optimal,cie_core_spbs,40.75471696190815,24,-1,checked active primary model at feasibility tolerance 1.000001e-06; removed 13 inactive auxiliaries,0.052830188654325386,auto
0.0456490773137761,0.0924393815603966,0.16737995015051235,0.08559201996333018,1,0.02377556110092505,10514.9989495,3.7536161611663657,cie_core_n024_f012_m012_proc100.lp,0.06295768579524953,0.08017119203231927,601.0,scip_default,1292.0,D:\git\git\RDMCT-A3C\cie\data\core\spbs\cie_core_n024_f012_m012_proc100.lp,42727.65460267512,6,0.24014605321403706,0.0,651.0,5112.0,True,spbs_auto,D:\git\git\RDMCT-A3C\cie\results\spbs\cie_spbs_600s_mem2048_repro_v1\s10_auto\solutions\cie_core_spbs__cie_core_n024_f012_m012_proc100__scip_default__solverseed_10__trainseed_-1__spbs_auto.sol,10,539.4438729000003,timelimit,cie_core_spbs,8.216833916479699,24,-1,checked active primary model at feasibility tolerance 1.000001e-06; removed 13 inactive auxiliaries,0.010651451373214422,auto
0.0456490773137761,0.0924393815603966,0.17936283294537858,0.0941512219596632,1,0.02377556110092505,10514.9989495,3.4820967384910486,cie_core_n024_f012_m012_proc110.lp,0.07313362594644546,0.043937236914509493,558.5,scip_default,845.0,D:\git\git\RDMCT-A3C\cie\data\core\spbs\cie_core_n024_f012_m012_proc110.lp,42028.94792319911,4,0.2206747516020881,0.0,417.0,3444.0,True,spbs_auto,D:\git\git\RDMCT-A3C\cie\results\spbs\cie_spbs_600s_mem2048_repro_v1\s10_auto\solutions\cie_core_spbs__cie_core_n024_f012_m012_proc110__scip_default__solverseed_10__trainseed_-1__spbs_auto.sol,10,539.7788160999999,timelimit,cie_core_spbs,8.216833916479699,24,-1,checked active primary model at feasibility tolerance 1.000001e-06; removed 13 inactive auxiliaries,0.010651451373214422,auto
0.22388059691050335,0.45335820874376864,0.7621268653161717,0.3022388058291798,1,0.11660447755755389,2144.000001,0.0,cie_core_n024_f018_m006_proc090.lp,0.20848880587290594,0.23694029886336837,458.3333335833334,scip_default,817.0000010000011,D:\git\git\RDMCT-A3C\cie\data\core\spbs\cie_core_n024_f018_m006_proc090.lp,7373.417104048168,8,0.43033814356176664,65.99999899999796,273.00000100000204,3332.0000060000084,True,spbs_auto,D:\git\git\RDMCT-A3C\cie\results\spbs\cie_spbs_600s_mem2048_repro_v1\s10_auto\solutions\cie_core_spbs__cie_core_n024_f018_m006_proc090__scip_default__solverseed_10__trainseed_-1__spbs_auto.sol,10,254.75643929999933,optimal,cie_core_spbs,40.29850744389062,24,-1,checked active primary model at feasibility tolerance 1.000001e-06; removed 13 inactive auxiliaries,0.06156716415038845,auto
0.0456490773137761,0.0924393815603966,0.16737995015051235,0.06847361597066415,1,0.02377556110092505,10514.9989495,3.7068034684422564,cie_core_n024_f018_m006_proc100.lp,0.02853067332111006,0.03566334165138758,461.9166666666667,scip_default,939.0,D:\git\git\RDMCT-A3C\cie\data\core\spbs\cie_core_n024_f018_m006_proc100.lp,42629.94130717576,6,0.4709859469693693,0.0,288.0,2606.0,True,spbs_auto,D:\git\git\RDMCT-A3C\cie\results\spbs\cie_spbs_600s_mem2048_repro_v1\s10_auto\solutions\cie_core_spbs__cie_core_n024_f018_m006_proc100__scip_default__solverseed_10__trainseed_-1__spbs_auto.sol,10,539.8427826999996,timelimit,cie_core_spbs,8.216833916479699,24,-1,checked active primary model at feasibility tolerance 1.000001e-06; removed 13 inactive auxiliaries,0.012553496261288427,auto
0.0456490773137761,0.0924393815603966,0.17936283294537858,0.07532097756773057,1,0.02377556110092505,10514.9989495,3.436708417088608,cie_core_n024_f018_m006_proc110.lp,0.02853067332111006,0.04174988529322439,486.5833333333333,scip_default,967.0,D:\git\git\RDMCT-A3C\cie\data\core\spbs\cie_core_n024_f018_m006_proc110.lp,41948.643588016996,6,0.47293265751095787,0.0,252.0,2730.0,True,spbs_auto,D:\git\git\RDMCT-A3C\cie\results\spbs\cie_spbs_600s_mem2048_repro_v1\s10_auto\solutions\cie_core_spbs__cie_core_n024_f018_m006_proc110__scip_default__solverseed_10__trainseed_-1__spbs_auto.sol,10,539.764014899999,timelimit,cie_core_spbs,8.216833916479699,24,-1,checked active primary model at feasibility tolerance 1.000001e-06; removed 13 inactive auxiliaries,0.012553496261288427,auto
0.060865436418368134,0.12325250874719547,0.20161675813584443,0.20161675813584443,2,0.0475511222018501,10514.9989495,3.373959629159734,cie_core_n032_f000_m032_proc090.lp,0.05839277806387193,0.06600095761616795,498.75,scip_default,525.5,D:\git\git\RDMCT-A3C\cie\data\core\spbs\cie_core_n032_f000_m032_proc090.lp,41849.4203104177,8,0.0,0.0,53.5,1752.0,True,spbs_auto,D:\git\git\RDMCT-A3C\cie\results\spbs\cie_spbs_600s_mem2048_repro_v1\s10_auto\solutions\cie_core_spbs__cie_core_n032_f000_m032_proc090__scip_default__solverseed_10__trainseed_-1__spbs_auto.sol,10,539.7732551999989,timelimit,cie_core_spbs,10.955778555306264,32,-1,checked active primary model at feasibility tolerance 1.000001e-06; removed 13 inactive auxiliaries,0.012173087283673627,auto
0.060865436418368134,0.12325250874719547,0.21873516212851046,0.21873516212851046,2,0.0475511222018501,10514.9989495,3.069272038893189,cie_core_n032_f000_m032_proc100.lp,0.07398954614607876,0.07275321696883066,602.25,scip_default,1015.0,D:\git\git\RDMCT-A3C\cie\data\core\spbs\cie_core_n032_f000_m032_proc100.lp,40969.72597568241,8,0.16630408907046917,136.0,494.0,3448.0,True,spbs_auto,D:\git\git\RDMCT-A3C\cie\results\spbs\cie_spbs_600s_mem2048_repro_v1\s10_auto\solutions\cie_core_spbs__cie_core_n032_f000_m032_proc100__scip_default__solverseed_10__trainseed_-1__spbs_auto.sol,10,539.7675605000004,timelimit,cie_core_spbs,10.955778555306264,32,-1,checked active primary model at feasibility tolerance 1.000001e-06; removed 13 inactive auxiliaries,0.012173087283673627,auto
0.060865436418368134,0.12325250874719547,0.2358535661211765,0.2358535661211765,2,0.0475511222018501,10514.9989495,2.807023515025344,cie_core_n032_f000_m032_proc110.lp,0.10004756111269261,0.046314793024602,691.625,scip_default,1600.0,D:\git\git\RDMCT-A3C\cie\data\core\spbs\cie_core_n032_f000_m032_proc110.lp,40046.63674065987,6,0.014876510003659069,0.0,1049.0,5564.0,True,spbs_auto,D:\git\git\RDMCT-A3C\cie\results\spbs\cie_spbs_600s_mem2048_repro_v1\s10_auto\solutions\cie_core_spbs__cie_core_n032_f000_m032_proc110__scip_default__solverseed_10__trainseed_-1__spbs_auto.sol,10,539.7127764000006,timelimit,cie_core_spbs,10.955778555306264,32,-1,checked active primary model at feasibility tolerance 1.000001e-06; removed 13 inactive auxiliaries,0.012173087283673627,auto
0.060865436418368134,0.12325250874719547,0.186210194542445,0.186210194542445,2,0.0475511222018501,10514.9989495,3.459287085877863,cie_core_n032_f008_m024_proc090.lp,0.06291013467304768,0.08392773068626543,598.875,scip_default,2027.0,D:\git\git\RDMCT-A3C\cie\data\core\spbs\cie_core_n032_f008_m024_proc090.lp,42116.365906263316,4,0.0,0.0,1582.0,6284.0,True,spbs_auto,D:\git\git\RDMCT-A3C\cie\results\spbs\cie_spbs_600s_mem2048_repro_v1\s10_auto\solutions\cie_core_spbs__cie_core_n032_f008_m024_proc090__scip_default__solverseed_10__trainseed_-1__spbs_auto.sol,10,539.7871068000004,timelimit,cie_core_spbs,10.955778555306264,32,-1,checked active primary model at feasibility tolerance 1.000001e-06; removed 13 inactive auxiliaries,0.01369472319413283,auto
0.060865436418368134,0.12325250874719547,0.20161675813584443,0.20161675813584443,2,0.0475511222018501,10514.9989495,3.1792523642686805,cie_core_n032_f008_m024_proc100.lp,0.08806467831782638,0.05725155113102753,752.4375,scip_default,2537.0,D:\git\git\RDMCT-A3C\cie\data\core\spbs\cie_core_n032_f008_m024_proc100.lp,41319.979711550994,6,0.0,0.0,2029.0,10190.0,True,spbs_auto,D:\git\git\RDMCT-A3C\cie\results\spbs\cie_spbs_600s_mem2048_repro_v1\s10_auto\solutions\cie_core_spbs__cie_core_n032_f008_m024_proc100__scip_default__solverseed_10__trainseed_-1__spbs_auto.sol,10,539.7139702000004,timelimit,cie_core_spbs,10.955778555306264,32,-1,checked active primary model at feasibility tolerance 1.000001e-06; removed 13 inactive auxiliaries,0.01369472319413283,auto
0.060865436418368134,0.12325250874719547,0.21702332172924388,0.21702332172924388,2,0.0475511222018501,10514.9989495,2.920581263422819,cie_core_n032_f008_m024_proc110.lp,0.1350451870532543,0.12515455363526948,641.5625,scip_default,1088.0,D:\git\git\RDMCT-A3C\cie\data\core\spbs\cie_core_n032_f008_m024_proc110.lp,40522.02032222006,8,0.060011318302864325,0.0,400.0,5460.0,True,spbs_auto,D:\git\git\RDMCT-A3C\cie\results\spbs\cie_spbs_600s_mem2048_repro_v1\s10_auto\solutions\cie_core_spbs__cie_core_n032_f008_m024_proc110__scip_default__solverseed_10__trainseed_-1__spbs_auto.sol,10,539.7427967000021,timelimit,cie_core_spbs,10.955778555306264,32,-1,checked active primary model at feasibility tolerance 1.000001e-06; removed 13 inactive auxiliaries,0.01369472319413283,auto
0.060865436418368134,0.12325250874719547,0.17080363094904558,0.17080363094904558,2,0.0475511222018501,10514.9989495,3.5167521256443197,cie_core_n032_f016_m016_proc090.lp,0.07332383043525285,0.10936758106425523,594.3125,scip_default,1423.0,D:\git\git\RDMCT-A3C\cie\data\core\spbs\cie_core_n032_f016_m016_proc090.lp,42297.4500898496,6,0.8578211073664355,0.0,661.0,6778.0,True,spbs_auto,D:\git\git\RDMCT-A3C\cie\results\spbs\cie_spbs_600s_mem2048_repro_v1\s10_auto\solutions\cie_core_spbs__cie_core_n032_f016_m016_proc090__scip_default__solverseed_10__trainseed_-1__spbs_auto.sol,10,539.8346880999998,timelimit,cie_core_spbs,10.955778555306264,32,-1,checked active primary model at feasibility tolerance 1.000001e-06; removed 13 inactive auxiliaries,0.015216359104592033,auto
0.060865436418368134,0.12325250874719547,0.1844983541431784,0.1844983541431784,2,0.0475511222018501,10514.9989495,3.246768557552498,cie_core_n032_f016_m016_proc100.lp,0.06657157108259014,0.06581075312736054,555.4375,scip_default,1071.0,D:\git\git\RDMCT-A3C\cie\data\core\spbs\cie_core_n032_f016_m016_proc100.lp,41614.151103036216,8,0.49778954587334456,262.0,277.0,4530.0,True,spbs_auto,D:\git\git\RDMCT-A3C\cie\results\spbs\cie_spbs_600s_mem2048_repro_v1\s10_auto\solutions\cie_core_spbs__cie_core_n032_f016_m016_proc100__scip_default__solverseed_10__trainseed_-1__spbs_auto.sol,10,539.6427435999994,timelimit,cie_core_spbs,10.955778555306264,32,-1,checked active primary model at feasibility tolerance 1.000001e-06; removed 13 inactive auxiliaries,0.015216359104592033,auto
0.060865436418368134,0.12325250874719547,0.19819307733731123,0.19819307733731123,2,0.0475511222018501,10514.9989495,3.0194950108944956,cie_core_n032_f016_m016_proc110.lp,0.09933429427966486,0.06856871821506785,618.625,scip_default,1401.0,D:\git\git\RDMCT-A3C\cie\data\core\spbs\cie_core_n032_f016_m016_proc110.lp,40904.55794178789,8,0.33309109907122186,0.0,499.0,6116.0,True,spbs_auto,D:\git\git\RDMCT-A3C\cie\results\spbs\cie_spbs_600s_mem2048_repro_v1\s10_auto\solutions\cie_core_spbs__cie_core_n032_f016_m016_proc110__scip_default__solverseed_10__trainseed_-1__spbs_auto.sol,10,539.6498105999999,timelimit,cie_core_spbs,10.955778555306264,32,-1,checked active primary model at feasibility tolerance 1.000001e-06; removed 13 inactive auxiliaries,0.015216359104592033,auto
0.060865436418368134,0.12325250874719547,0.15539706735564612,0.15539706735564612,2,0.0475511222018501,10514.9989495,3.567766702215465,cie_core_n032_f024_m008_proc090.lp,0.06172135661800143,0.07313362594644546,452.625,scip_default,691.5,D:\git\git\RDMCT-A3C\cie\data\core\spbs\cie_core_n032_f024_m008_proc090.lp,42695.30926845985,4,0.37358490566037733,0.0,132.0,4260.0,True,spbs_auto,D:\git\git\RDMCT-A3C\cie\results\spbs\cie_spbs_600s_mem2048_repro_v1\s10_auto\solutions\cie_core_spbs__cie_core_n032_f024_m008_proc090__scip_default__solverseed_10__trainseed_-1__spbs_auto.sol,10,539.7208733000007,timelimit,cie_core_spbs,10.955778555306264,32,-1,checked active primary model at feasibility tolerance 1.000001e-06; removed 13 inactive auxiliaries,0.016737995015051237,auto
0.060865436418368134,0.12325250874719547,0.16737995015051235,0.16737995015051235,2,0.0475511222018501,10514.9989495,3.438581236175602,cie_core_n032_f024_m008_proc100.lp,0.1116024838077422,0.10732288280957568,587.25,scip_default,1204.0,D:\git\git\RDMCT-A3C\cie\data\core\spbs\cie_core_n032_f024_m008_proc100.lp,42176.20181158261,4,0.7361933563101336,0.0,640.0,7848.0,True,spbs_auto,D:\git\git\RDMCT-A3C\cie\results\spbs\cie_spbs_600s_mem2048_repro_v1\s10_auto\solutions\cie_core_spbs__cie_core_n032_f024_m008_proc100__scip_default__solverseed_10__trainseed_-1__spbs_auto.sol,10,539.6053615000001,timelimit,cie_core_spbs,10.955778555306264,32,-1,checked active primary model at feasibility tolerance 1.000001e-06; removed 13 inactive auxiliaries,0.016737995015051237,auto
0.060865436418368134,0.12325250874719547,0.17936283294537858,0.17936283294537858,2,0.0475511222018501,10514.9989495,3.1106328962079752,cie_core_n032_f024_m008_proc110.lp,0.08388017956406359,0.12125536161471777,827.8125,scip_default,2571.0,D:\git\git\RDMCT-A3C\cie\data\core\spbs\cie_core_n032_f024_m008_proc110.lp,41495.42433204362,4,1.1738227511478865,0.0,1678.0,14826.0,True,spbs_auto,D:\git\git\RDMCT-A3C\cie\results\spbs\cie_spbs_600s_mem2048_repro_v1\s10_auto\solutions\cie_core_spbs__cie_core_n032_f024_m008_proc110__scip_default__solverseed_10__trainseed_-1__spbs_auto.sol,10,539.5718183999998,timelimit,cie_core_spbs,10.955778555306264,32,-1,checked active primary model at feasibility tolerance 1.000001e-06; removed 13 inactive auxiliaries,0.016737995015051237,auto
0.22408963554049072,0.4537815119694937,0.6806722679542405,0.6806722679542405,0,0.0,714.000001,0.0,cie_core_n008_f000_m008_proc090.lp,0.1400560222128067,0.1680672252548078,471.99999975000003,scip_default,472.0,D:\git\git\RDMCT-A3C\cie\data\core\spbs\cie_core_n008_f000_m008_proc090.lp,0.0,4,0.0,0.0,28.0,224.0,True,spbs_none,D:\git\git\RDMCT-A3C\cie\results\spbs\cie_spbs_600s_mem2048_repro_v1\s10_none\solutions\cie_core_spbs__cie_core_n008_f000_m008_proc090__scip_default__solverseed_10__trainseed_-1__spbs_none.sol,10,0.35672979999999654,optimal,cie_core_spbs,40.336134397288326,8,-1,checked active primary model at feasibility tolerance 1.000001e-06; removed 13 inactive auxiliaries,0.04481792710809814,none
0.2083333330620656,0.42187499945068313,0.7031249990844725,0.7031249990844727,0,0.0,768.000001,0.0,cie_core_n008_f000_m008_proc100.lp,0.13020833316379124,0.1562499997965495,507.99999949999994,scip_default,508.0,D:\git\git\RDMCT-A3C\cie\data\core\spbs\cie_core_n008_f000_m008_proc100.lp,0.0,4,2.3533298988440206e-09,9.999999974752427e-07,28.0,223.9999999999997,True,spbs_none,D:\git\git\RDMCT-A3C\cie\results\spbs\cie_spbs_600s_mem2048_repro_v1\s10_none\solutions\cie_core_spbs__cie_core_n008_f000_m008_proc100__scip_default__solverseed_10__trainseed_-1__spbs_none.sol,10,0.43875679999999306,optimal,cie_core_spbs,37.49999995117187,8,-1,checked active primary model at feasibility tolerance 1.000001e-06; removed 13 inactive auxiliaries,0.041666666612413195,none
0.19464720170967495,0.39416058346209176,0.7226277363471683,0.7226277363471683,0,0.0,822.000001,0.0,cie_core_n008_f000_m008_proc110.lp,0.12165450106854683,0.14598540006571245,543.9999992500012,scip_default,544.0,D:\git\git\RDMCT-A3C\cie\data\core\spbs\cie_core_n008_f000_m008_proc110.lp,0.0,4,2.1436229695425177e-09,9.999980079555826e-07,28.0,224.0,True,spbs_none,D:\git\git\RDMCT-A3C\cie\results\spbs\cie_spbs_600s_mem2048_repro_v1\s10_none\solutions\cie_core_spbs__cie_core_n008_f000_m008_proc110__scip_default__solverseed_10__trainseed_-1__spbs_none.sol,10,0.507951300000002,optimal,cie_core_spbs,35.03649630774149,8,-1,checked active primary model at feasibility tolerance 1.000001e-06; removed 13 inactive auxiliaries,0.03892944034193499,none
0.19323671474246773,0.39130434735349623,0.7826086947069945,0.3913043473534972,0,0.0,828.000001,0.0,cie_core_n008_f002_m006_proc090.lp,0.23309178715810172,0.18115942007106348,465.2499999999998,scip_default,494.0,D:\git\git\RDMCT-A3C\cie\data\core\spbs\cie_core_n008_f002_m006_proc090.lp,0.0,4,0.0,0.0,93.0,502.0,True,spbs_none,D:\git\git\RDMCT-A3C\cie\results\spbs\cie_spbs_600s_mem2048_repro_v1\s10_none\solutions\cie_core_spbs__cie_core_n008_f002_m006_proc090__scip_default__solverseed_10__trainseed_-1__spbs_none.sol,10,0.2827764999999971,optimal,cie_core_spbs,34.78260865364419,8,-1,checked active primary model at feasibility tolerance 1.000001e-06; removed 13 inactive auxiliaries,0.053140096554178215,none
0.1777777775802469,0.35999999959999973,0.7999999991111111,0.39999999955555554,0,0.0,900.000001,0.0,cie_core_n008_f002_m006_proc100.lp,0.2144444442061717,0.1866666664592604,501.249999999998,scip_default,548.000000000001,D:\git\git\RDMCT-A3C\cie\data\core\spbs\cie_core_n008_f002_m006_proc100.lp,100.0,4,0.0,0.0,92.99999999999898,538.0,True,spbs_none,D:\git\git\RDMCT-A3C\cie\results\spbs\cie_spbs_600s_mem2048_repro_v1\s10_none\solutions\cie_core_spbs__cie_core_n008_f002_m006_proc100__scip_default__solverseed_10__trainseed_-1__spbs_none.sol,10,0.8590405000000061,optimal,cie_core_spbs,31.999999964444445,8,-1,checked active primary model at feasibility tolerance 1.000001e-06; removed 13 inactive auxiliaries,0.04888888883456828,none
0.16460905332859152,0.3333333329903977,0.8148148139765279,0.407407406988264,0,0.0,972.000001,0.0,cie_core_n008_f002_m006_proc110.lp,0.18004115207814697,0.2098765429939544,568.75,scip_default,678.0,D:\git\git\RDMCT-A3C\cie\data\core\spbs\cie_core_n008_f002_m006_proc110.lp,100.0,4,0.15759564624685518,0.0,76.0,674.0,True,spbs_none,D:\git\git\RDMCT-A3C\cie\results\spbs\cie_spbs_600s_mem2048_repro_v1\s10_none\solutions\cie_core_spbs__cie_core_n008_f002_m006_proc110__scip_default__solverseed_10__trainseed_-1__spbs_none.sol,10,0.5031484000000006,optimal,cie_core_spbs,29.629629599146472,8,-1,checked active primary model at feasibility tolerance 1.000001e-06; removed 13 inactive auxiliaries,0.04526748966536266,none
0.20512820486521988,0.415384614852071,0.6230769222781065,0.415384614852071,0,0.0,780.000001,0.0,cie_core_n008_f004_m004_proc090.lp,0.12820512804076264,0.16282051261176692,424.24999999999744,scip_default,478.99999999999307,D:\git\git\RDMCT-A3C\cie\data\core\spbs\cie_core_n008_f004_m004_proc090.lp,0.0,6,3.0818721069112685e-15,0,75.999999999999,505.9999999999977,True,spbs_none,D:\git\git\RDMCT-A3C\cie\results\spbs\cie_spbs_600s_mem2048_repro_v1\s10_none\solutions\cie_core_spbs__cie_core_n008_f004_m004_proc090__scip_default__solverseed_10__trainseed_-1__spbs_none.sol,10,0.3657310000000109,optimal,cie_core_spbs,36.923076875739646,8,-1,checked active primary model at feasibility tolerance 1.000001e-06; removed 13 inactive auxiliaries,0.05128205121630506,none
0.1918465225517425,0.3884892081672791,0.6474820136121319,0.43165467574142125,0,0.0,834.000001,0.0,cie_core_n008_f004_m004_proc100.lp,0.11990407659483923,0.1522781772754455,451.24999999999966,scip_default,515.0,D:\git\git\RDMCT-A3C\cie\data\core\spbs\cie_core_n008_f004_m004_proc100.lp,0.0,6,0.0,0,76.0,505.9999999999997,True,spbs_none,D:\git\git\RDMCT-A3C\cie\results\spbs\cie_spbs_600s_mem2048_repro_v1\s10_none\solutions\cie_core_spbs__cie_core_n008_f004_m004_proc100__scip_default__solverseed_10__trainseed_-1__spbs_none.sol,10,0.17879279999999653,optimal,cie_core_spbs,34.5323740593137,8,-1,checked active primary model at feasibility tolerance 1.000001e-06; removed 13 inactive auxiliaries,0.047961630637935695,none
0.18018017997727456,0.36486486445398103,0.6689189181656319,0.44594594544375454,0,0.0,888.000001,0.0,cie_core_n008_f004_m004_proc110.lp,0.11261261248579661,0.1430180178569617,478.249999999998,scip_default,550.999999999992,D:\git\git\RDMCT-A3C\cie\data\core\spbs\cie_core_n008_f004_m004_proc110.lp,100.0,6,0.0,0,76.0,506.0,True,spbs_none,D:\git\git\RDMCT-A3C\cie\results\spbs\cie_spbs_600s_mem2048_repro_v1\s10_none\solutions\cie_core_spbs__cie_core_n008_f004_m004_proc110__scip_default__solverseed_10__trainseed_-1__spbs_none.sol,10,0.3639802000000003,optimal,cie_core_spbs,32.43243239590942,8,-1,checked active primary model at feasibility tolerance 1.000001e-06; removed 13 inactive auxiliaries,0.04504504499431864,none
0.20512820486521982,0.4153846148520697,0.6230769222781066,0.2076923074260355,0,0.0,780.000001,0.0,cie_core_n008_f006_m002_proc090.lp,0.15769230749013807,0.16282051261176858,392.49999999999966,scip_default,479.0,D:\git\git\RDMCT-A3C\cie\data\core\spbs\cie_core_n008_f006_m002_proc090.lp,0.0,6,0.0,0,76.0,583.9999999999997,True,spbs_none,D:\git\git\RDMCT-A3C\cie\results\spbs\cie_spbs_600s_mem2048_repro_v1\s10_none\solutions\cie_core_spbs__cie_core_n008_f006_m002_proc090__scip_default__solverseed_10__trainseed_-1__spbs_none.sol,10,0.49848599999999976,optimal,cie_core_spbs,36.923076875739646,8,-1,checked active primary model at feasibility tolerance 1.000001e-06; removed 13 inactive auxiliaries,0.05641025633793513,none
0.1918465225517425,0.3884892081672791,0.6474820136121319,0.21582733787071062,0,0.0,834.000001,0.0,cie_core_n008_f006_m002_proc100.lp,0.14748201421165227,0.1522781772754455,414.99999999999994,scip_default,515.0,D:\git\git\RDMCT-A3C\cie\data\core\spbs\cie_core_n008_f006_m002_proc100.lp,100.0,6,0.0,0,76.0,583.9999999999997,True,spbs_none,D:\git\git\RDMCT-A3C\cie\results\spbs\cie_spbs_600s_mem2048_repro_v1\s10_none\solutions\cie_core_spbs__cie_core_n008_f006_m002_proc100__scip_default__solverseed_10__trainseed_-1__spbs_none.sol,10,0.44421329999998704,optimal,cie_core_spbs,34.5323740593137,8,-1,checked active primary model at feasibility tolerance 1.000001e-06; removed 13 inactive auxiliaries,0.05275779370172926,none
0.1801801799772742,0.36486486445397986,0.668918918165632,0.22297297272187727,0,0.0,888.000001,0.0,cie_core_n008_f006_m002_proc110.lp,0.13851351335752982,0.1430180178569617,437.49999999999966,scip_default,551.0,D:\git\git\RDMCT-A3C\cie\data\core\spbs\cie_core_n008_f006_m002_proc110.lp,0.0,6,0.0,0,76.0,583.9999999999997,True,spbs_none,D:\git\git\RDMCT-A3C\cie\results\spbs\cie_spbs_600s_mem2048_repro_v1\s10_none\solutions\cie_core_spbs__cie_core_n008_f006_m002_proc110__scip_default__solverseed_10__trainseed_-1__spbs_none.sol,10,0.38621789999999123,optimal,cie_core_spbs,32.43243239590942,8,-1,checked active primary model at feasibility tolerance 1.000001e-06; removed 13 inactive auxiliaries,0.04954954949375012,none
0.30592734196374033,0.6195028674765745,0.7743785843457182,0.7743785843457183,0,0.0,1046.000001,0.0,cie_core_n016_f000_m016_proc090.lp,0.2294455055167807,0.25956023063139744,480.93750006249996,scip_default,487.4999995,D:\git\git\RDMCT-A3C\cie\data\core\spbs\cie_core_n016_f000_m016_proc090.lp,2600.0,4,0.0,0.0,28.000000000000057,591.0000009999998,True,spbs_none,D:\git\git\RDMCT-A3C\cie\results\spbs\cie_spbs_600s_mem2048_repro_v1\s10_none\solutions\cie_core_spbs__cie_core_n016_f000_m016_proc090__scip_default__solverseed_10__trainseed_-1__spbs_none.sol,10,26.065219299999995,optimal,cie_core_spbs,55.0669215534733,16,-1,checked active primary model at feasibility tolerance 1.000001e-06; removed 13 inactive auxiliaries,0.045889101294560974,none
0.2816901405971035,0.5704225347091348,0.7922535204293543,0.7922535204293543,0,0.0,1136.000001,0.0,cie_core_n016_f000_m016_proc100.lp,0.22491197031257662,0.23547535410609646,518.3750001249999,scip_default,532.4999995,D:\git\git\RDMCT-A3C\cie\data\core\spbs\cie_core_n016_f000_m016_proc100.lp,3200.0,4,0.0,0.0,28.0,614.0000019999997,True,spbs_none,D:\git\git\RDMCT-A3C\cie\results\spbs\cie_spbs_600s_mem2048_repro_v1\s10_none\solutions\cie_core_spbs__cie_core_n016_f000_m016_proc100__scip_default__solverseed_10__trainseed_-1__spbs_none.sol,10,31.2356532,optimal,cie_core_spbs,50.70422530747867,16,-1,checked active primary model at feasibility tolerance 1.000001e-06; removed 13 inactive auxiliaries,0.04225352108956556,none
0.2610114190366958,0.5285481235493087,0.8075040776447764,0.8075040776447765,0,0.0,1226.000001,0.0,cie_core_n016_f000_m016_proc110.lp,0.21574224982402673,0.2255301813005472,556.624999875,scip_default,577.4999995,D:\git\git\RDMCT-A3C\cie\data\core\spbs\cie_core_n016_f000_m016_proc110.lp,2200.0,4,1.63722211017286e-09,2.0000009897103155e-06,33.49999950000006,650.0000020000003,True,spbs_none,D:\git\git\RDMCT-A3C\cie\results\spbs\cie_spbs_600s_mem2048_repro_v1\s10_none\solutions\cie_core_spbs__cie_core_n016_f000_m016_proc110__scip_default__solverseed_10__trainseed_-1__spbs_none.sol,10,22.006175000000013,optimal,cie_core_spbs,46.98205542660517,16,-1,checked active primary model at feasibility tolerance 1.000001e-06; removed 13 inactive auxiliaries,0.03915171285550431,none
0.28776978391387614,0.5827338124255991,0.7284172655320005,0.582733812425599,0,0.0,1112.000001,0.0,cie_core_n016_f004_m012_proc090.lp,0.36690647449019376,0.24190647460260228,476.8750000000005,scip_default,623.0000000000001,D:\git\git\RDMCT-A3C\cie\data\core\spbs\cie_core_n016_f004_m012_proc090.lp,1105.6654676258993,4,1.6142316041086205e-16,1.7053025658242404e-13,182.99999999999994,1190.0,True,spbs_none,D:\git\git\RDMCT-A3C\cie\results\spbs\cie_spbs_600s_mem2048_repro_v1\s10_none\solutions\cie_core_spbs__cie_core_n016_f004_m012_proc090__scip_default__solverseed_10__trainseed_-1__spbs_none.sol,10,14.074986599999988,optimal,cie_core_spbs,51.79856110449769,16,-1,checked active primary model at feasibility tolerance 1.000001e-06; removed 13 inactive auxiliaries,0.05035971218492831,none
0.2662229615089663,0.5391014970556559,0.7487520792439666,0.5990016633951732,0,0.0,1202.000001,0.0,cie_core_n016_f004_m012_proc100.lp,0.35440931750881083,0.2387687186033538,512.8750000000001,scip_default,659.0,D:\git\git\RDMCT-A3C\cie\data\core\spbs\cie_core_n016_f004_m012_proc100.lp,4700.0,4,0.0,0.0,201.0,1262.0000000000005,True,spbs_none,D:\git\git\RDMCT-A3C\cie\results\spbs\cie_spbs_600s_mem2048_repro_v1\s10_none\solutions\cie_core_spbs__cie_core_n016_f004_m012_proc100__scip_default__solverseed_10__trainseed_-1__spbs_none.sol,10,46.78146829999997,optimal,cie_core_spbs,47.92013307161386,16,-1,checked active primary model at feasibility tolerance 1.000001e-06; removed 13 inactive auxiliaries,0.04658901826406941,none
0.24767801838415046,0.5015479872279044,0.7662538693759644,0.6130030955007716,0,0.0,1292.000001,0.0,cie_core_n016_f004_m012_proc110.lp,0.2174922598935818,0.19969040154822673,522.6249996874999,scip_default,602.0,D:\git\git\RDMCT-A3C\cie\data\core\spbs\cie_core_n016_f004_m012_proc110.lp,901.3931888544892,4,1.1668440651546878e-09,5.00000965075742e-07,75.99999999999999,913.9999979999983,True,spbs_none,D:\git\git\RDMCT-A3C\cie\results\spbs\cie_spbs_600s_mem2048_repro_v1\s10_none\solutions\cie_core_spbs__cie_core_n016_f004_m012_proc110__scip_default__solverseed_10__trainseed_-1__spbs_none.sol,10,10.023065300000013,optimal,cie_core_spbs,44.582043309147025,16,-1,checked active primary model at feasibility tolerance 1.000001e-06; removed 13 inactive auxiliaries,0.04334365321722627,none
0.29143897969814264,0.5901639338887384,0.5901639338887397,0.5901639338887394,0,0.0,1098.000001,0.0,cie_core_n016_f008_m008_proc090.lp,0.2877959915411685,0.30418943779218083,466.3750005000004,scip_default,560.000001000001,D:\git\git\RDMCT-A3C\cie\data\core\spbs\cie_core_n016_f008_m008_proc090.lp,2257.380934401936,4,0.10236875903870128,6.999998999998979,98.99999899999898,1536.0000060000054,True,spbs_none,D:\git\git\RDMCT-A3C\cie\results\spbs\cie_spbs_600s_mem2048_repro_v1\s10_none\solutions\cie_core_spbs__cie_core_n016_f008_m008_proc090__scip_default__solverseed_10__trainseed_-1__spbs_none.sol,10,25.905539300000044,optimal,cie_core_spbs,52.45901634566574,16,-1,checked active primary model at feasibility tolerance 1.000001e-06; removed 13 inactive auxiliaries,0.058287795939628385,none
0.27350427327050886,0.5538461533727801,0.6153846148586457,0.6153846148586465,0,0.0,1170.000001,0.0,cie_core_n016_f008_m008_proc100.lp,0.270085468999926,0.3008547023069635,490.6250002500002,scip_default,573.000001000001,D:\git\git\RDMCT-A3C\cie\data\core\spbs\cie_core_n016_f008_m008_proc100.lp,2643.2865431405576,4,0.058823529411764705,0.0,98.99999899999898,1550.0000040000036,True,spbs_none,D:\git\git\RDMCT-A3C\cie\results\spbs\cie_spbs_600s_mem2048_repro_v1\s10_none\solutions\cie_core_spbs__cie_core_n016_f008_m008_proc100__scip_default__solverseed_10__trainseed_-1__spbs_none.sol,10,47.9015364,optimal,cie_core_spbs,49.230769188691646,16,-1,checked active primary model at feasibility tolerance 1.000001e-06; removed 13 inactive auxiliaries,0.054700854654101634,none
0.25764895309368036,0.5217391292095497,0.6376811589068581,0.6376811589068581,0,0.0,1242.000001,0.0,cie_core_n016_f008_m008_proc110.lp,0.17954911338200563,0.22383252638982887,484.12499962499965,scip_default,574.999999,D:\git\git\RDMCT-A3C\cie\data\core\spbs\cie_core_n016_f008_m008_proc110.lp,5214.750824490714,4,2.193319816548385e-15,1.0231815394945443e-12,76.0,1105.999996,True,spbs_none,D:\git\git\RDMCT-A3C\cie\results\spbs\cie_spbs_600s_mem2048_repro_v1\s10_none\solutions\cie_core_spbs__cie_core_n016_f008_m008_proc110__scip_default__solverseed_10__trainseed_-1__spbs_none.sol,10,55.380052999999975,optimal,cie_core_spbs,46.376811556862464,16,-1,checked active primary model at feasibility tolerance 1.000001e-06; removed 13 inactive auxiliaries,0.051529790618736075,none
0.293847566305007,0.5950413217676369,0.5950413217676407,0.44628099132572907,0,0.0,1089.000001,0.0,cie_core_n016_f012_m004_proc090.lp,0.23048668482048965,0.30303030275203824,417.75,scip_default,537.000000000002,D:\git\git\RDMCT-A3C\cie\data\core\spbs\cie_core_n016_f012_m004_proc090.lp,1200.0,6,0.31032899487810867,0,84.0,1572.0000000000002,True,spbs_none,D:\git\git\RDMCT-A3C\cie\results\spbs\cie_spbs_600s_mem2048_repro_v1\s10_none\solutions\cie_core_spbs__cie_core_n016_f012_m004_proc090__scip_default__solverseed_10__trainseed_-1__spbs_none.sol,10,11.924188800000024,optimal,cie_core_spbs,52.892561934901224,16,-1,checked active primary model at feasibility tolerance 1.000001e-06; removed 13 inactive auxiliaries,0.06611570241862674,none
0.27633851444184926,0.5595854917447448,0.6217616574941609,0.4663212431206206,0,0.0,1158.000001,0.0,cie_core_n016_f012_m004_proc100.lp,0.22797927441452565,0.2754749565842185,437.875,scip_default,573.0,D:\git\git\RDMCT-A3C\cie\data\core\spbs\cie_core_n016_f012_m004_proc100.lp,1917.130307467057,6,0.2861125704223025,0,76.0,1534.0,True,spbs_none,D:\git\git\RDMCT-A3C\cie\results\spbs\cie_spbs_600s_mem2048_repro_v1\s10_none\solutions\cie_core_spbs__cie_core_n016_f012_m004_proc100__scip_default__solverseed_10__trainseed_-1__spbs_none.sol,10,19.61221340000003,optimal,cie_core_spbs,49.74093259953287,16,-1,checked active primary model at feasibility tolerance 1.000001e-06; removed 13 inactive auxiliaries,0.06217616574941608,none
0.2601626014145022,0.5268292678643668,0.6439024385008938,0.4829268288756708,0,0.0,1230.000001,0.0,cie_core_n016_f012_m004_proc110.lp,0.19186991854319518,0.20650406487276118,450.00000000000057,scip_default,551.0000000000019,D:\git\git\RDMCT-A3C\cie\data\core\spbs\cie_core_n016_f012_m004_proc110.lp,2300.0,6,0.26540200902444133,0,76.00000000000001,1368.0000000000002,True,spbs_none,D:\git\git\RDMCT-A3C\cie\results\spbs\cie_spbs_600s_mem2048_repro_v1\s10_none\solutions\cie_core_spbs__cie_core_n016_f012_m004_proc110__scip_default__solverseed_10__trainseed_-1__spbs_none.sol,10,23.103754500000036,optimal,cie_core_spbs,46.82926825461035,16,-1,checked active primary model at feasibility tolerance 1.000001e-06; removed 13 inactive auxiliaries,0.05853658531826293,none
0.22641509423282308,0.45849056582146674,0.7707547166175694,0.3820754715178898,1,0.11792452824626203,2120.000001,0.0,cie_core_n024_f012_m012_proc090.lp,0.31839622626490743,0.3995283016983367,508.6666666666675,scip_default,743.000000000002,D:\git\git\RDMCT-A3C\cie\data\core\spbs\cie_core_n024_f012_m012_proc090.lp,41400.0,6,0.2633859938476525,2.0463630789890885e-12,259.0,3543.9999999999995,True,spbs_none,D:\git\git\RDMCT-A3C\cie\results\spbs\cie_spbs_600s_mem2048_repro_v1\s10_none\solutions\cie_core_spbs__cie_core_n024_f012_m012_proc090__scip_default__solverseed_10__trainseed_-1__spbs_none.sol,10,413.9828238,optimal,cie_core_spbs,40.75471696190815,24,-1,checked active primary model at feasibility tolerance 1.000001e-06; removed 13 inactive auxiliaries,0.052830188654325386,none
0.2240896355404911,0.453781511969494,0.6806722679542405,0.6806722679542405,0,0.0,714.000001,0.0,cie_core_n008_f000_m008_proc090.lp,0.1400560222128067,0.16806722665536802,472.00000000000006,scip_default,472.0000000000003,D:\git\git\RDMCT-A3C\cie\data\core\spbs\cie_core_n008_f000_m008_proc090.lp,0.0,4,0.0,0.0,28.0000000000003,224.00000000000028,True,spbs_auto,D:\git\git\RDMCT-A3C\cie\results\spbs\cie_spbs_600s_mem2048_repro_v1\s1to3_both\solutions\cie_core_spbs__cie_core_n008_f000_m008_proc090__scip_default__solverseed_1__trainseed_-1__spbs_auto.sol,1,0.31809570000041276,optimal,cie_core_spbs,40.336134397288326,8,-1,checked active primary model at feasibility tolerance 1.000001e-06; removed 13 inactive auxiliaries,0.04481792710809814,auto
0.2240896355404903,0.4537815119694935,0.6806722679542405,0.6806722679542405,0,0.0,714.000001,0.0,cie_core_n008_f000_m008_proc090.lp,0.1400560222128067,0.16806722665536844,471.9999995,scip_default,472.0,D:\git\git\RDMCT-A3C\cie\data\core\spbs\cie_core_n008_f000_m008_proc090.lp,0.0,4,2.608510249705391e-09,9.999999974752427e-07,28.0,223.99999999999972,True,spbs_auto,D:\git\git\RDMCT-A3C\cie\results\spbs\cie_spbs_600s_mem2048_repro_v1\s1to3_both\solutions\cie_core_spbs__cie_core_n008_f000_m008_proc090__scip_default__solverseed_2__trainseed_-1__spbs_auto.sol,2,0.324488600001132,optimal,cie_core_spbs,40.336134397288326,8,-1,checked active primary model at feasibility tolerance 1.000001e-06; removed 13 inactive auxiliaries,0.04481792710809814,auto
0.2240896355404911,0.45378151196949384,0.6806722679542405,0.6806722679542405,0,0.0,714.000001,0.0,cie_core_n008_f000_m008_proc090.lp,0.1400560222128067,0.16806722665536844,471.99999999999983,scip_default,472.0000000000003,D:\git\git\RDMCT-A3C\cie\data\core\spbs\cie_core_n008_f000_m008_proc090.lp,0.0,4,0.0,0.0,28.0000000000003,224.0000000000009,True,spbs_auto,D:\git\git\RDMCT-A3C\cie\results\spbs\cie_spbs_600s_mem2048_repro_v1\s1to3_both\solutions\cie_core_spbs__cie_core_n008_f000_m008_proc090__scip_default__solverseed_3__trainseed_-1__spbs_auto.sol,3,0.3783203000002686,optimal,cie_core_spbs,40.336134397288326,8,-1,checked active primary model at feasibility tolerance 1.000001e-06; removed 13 inactive auxiliaries,0.04481792710809814,auto
0.2083333330620736,0.42187499945069923,0.7031249990844992,0.7031249990844992,0,0.0,768.000000999971,0.0,cie_core_n008_f000_m008_proc100.lp,0.13020833316379615,0.15624999719246396,507.9999991250251,scip_default,507.999999500014,D:\git\git\RDMCT-A3C\cie\data\core\spbs\cie_core_n008_f000_m008_proc100.lp,92.6905864966215,4,1.3586562618088145e-09,1.0231815394945443e-12,28.000000000000014,223.9999999999998,True,spbs_auto,D:\git\git\RDMCT-A3C\cie\results\spbs\cie_spbs_600s_mem2048_repro_v1\s1to3_both\solutions\cie_core_spbs__cie_core_n008_f000_m008_proc100__scip_default__solverseed_1__trainseed_-1__spbs_auto.sol,1,0.2725379999992583,optimal,cie_core_spbs,37.499999951173294,8,-1,checked active primary model at feasibility tolerance 1.000001e-06; removed 13 inactive auxiliaries,0.04166666661241477,auto
0.20833333306206597,0.4218749994506836,0.7031249990844727,0.7031249990844727,0,0.0,768.000001,0.0,cie_core_n008_f000_m008_proc100.lp,0.13020833316379124,0.1562499997965495,508.0,scip_default,508.0,D:\git\git\RDMCT-A3C\cie\data\core\spbs\cie_core_n008_f000_m008_proc100.lp,0.0,4,0.0,0.0,28.0,224.0,True,spbs_auto,D:\git\git\RDMCT-A3C\cie\results\spbs\cie_spbs_600s_mem2048_repro_v1\s1to3_both\solutions\cie_core_spbs__cie_core_n008_f000_m008_proc100__scip_default__solverseed_2__trainseed_-1__spbs_auto.sol,2,0.4033911000005901,optimal,cie_core_spbs,37.49999995117187,8,-1,checked active primary model at feasibility tolerance 1.000001e-06; removed 13 inactive auxiliaries,0.041666666612413195,auto
0.20833333306206633,0.4218749994506836,0.7031249990844727,0.7031249990844727,0,0.0,768.000001,0.0,cie_core_n008_f000_m008_proc100.lp,0.13020833316379124,0.1562499997965525,508.00000000000057,scip_default,508.000000000001,D:\git\git\RDMCT-A3C\cie\data\core\spbs\cie_core_n008_f000_m008_proc100.lp,14.093959731543274,4,0.0,0.0,28.0000000000003,224.000000000005,True,spbs_auto,D:\git\git\RDMCT-A3C\cie\results\spbs\cie_spbs_600s_mem2048_repro_v1\s1to3_both\solutions\cie_core_spbs__cie_core_n008_f000_m008_proc100__scip_default__solverseed_3__trainseed_-1__spbs_auto.sol,3,0.46102950000022247,optimal,cie_core_spbs,37.49999995117187,8,-1,checked active primary model at feasibility tolerance 1.000001e-06; removed 13 inactive auxiliaries,0.041666666612413195,auto
0.1946472017096746,0.3941605834620913,0.7226277363471683,0.722627736347168,0,0.0,822.000001,0.0,cie_core_n008_f000_m008_proc110.lp,0.12165450106854683,0.14598540128225584,543.9999997499998,scip_default,544.0,D:\git\git\RDMCT-A3C\cie\data\core\spbs\cie_core_n008_f000_m008_proc110.lp,0.0,4,2.14362723433106e-09,9.999999974752427e-07,28.000000000000004,223.99999999999972,True,spbs_auto,D:\git\git\RDMCT-A3C\cie\results\spbs\cie_spbs_600s_mem2048_repro_v1\s1to3_both\solutions\cie_core_spbs__cie_core_n008_f000_m008_proc110__scip_default__solverseed_1__trainseed_-1__spbs_auto.sol,1,0.7877023999990342,optimal,cie_core_spbs,35.03649630774149,8,-1,checked active primary model at feasibility tolerance 1.000001e-06; removed 13 inactive auxiliaries,0.03892944034193499,auto
0.19464720170967495,0.39416058346209176,0.7226277363471683,0.7226277363471683,0,0.0,822.000001,0.0,cie_core_n008_f000_m008_proc110.lp,0.12165450106854683,0.14598540128225657,543.9999995000001,scip_default,544.0,D:\git\git\RDMCT-A3C\cie\data\core\spbs\cie_core_n008_f000_m008_proc110.lp,92.32892280765196,4,2.14362723433106e-09,9.999999974752427e-07,28.0,224.0,True,spbs_auto,D:\git\git\RDMCT-A3C\cie\results\spbs\cie_spbs_600s_mem2048_repro_v1\s1to3_both\solutions\cie_core_spbs__cie_core_n008_f000_m008_proc110__scip_default__solverseed_2__trainseed_-1__spbs_auto.sol,2,0.32307550000041374,optimal,cie_core_spbs,35.03649630774149,8,-1,checked active primary model at feasibility tolerance 1.000001e-06; removed 13 inactive auxiliaries,0.03892944034193499,auto
0.19464720170967453,0.39416058346209104,0.7226277363471684,0.7226277363471683,0,0.0,822.000001,0.0,cie_core_n008_f000_m008_proc110.lp,0.12165450106854683,0.14598540128225782,544.0000000000002,scip_default,544.000000000001,D:\git\git\RDMCT-A3C\cie\data\core\spbs\cie_core_n008_f000_m008_proc110.lp,0.0,4,6.092555045967727e-17,2.842170943040401e-14,28.0,224.00000000000233,True,spbs_auto,D:\git\git\RDMCT-A3C\cie\results\spbs\cie_spbs_600s_mem2048_repro_v1\s1to3_both\solutions\cie_core_spbs__cie_core_n008_f000_m008_proc110__scip_default__solverseed_3__trainseed_-1__spbs_auto.sol,3,0.4326616999987891,optimal,cie_core_spbs,35.03649630774149,8,-1,checked active primary model at feasibility tolerance 1.000001e-06; removed 13 inactive auxiliaries,0.03892944034193499,auto
0.19323671474246773,0.391304347353497,0.7826086947069942,0.3913043473534972,0,0.0,828.000001,0.0,cie_core_n008_f002_m006_proc090.lp,0.23309178595037225,0.18115942248652242,465.2499997500005,scip_default,494.000000000001,D:\git\git\RDMCT-A3C\cie\data\core\spbs\cie_core_n008_f002_m006_proc090.lp,92.11953856666976,4,2.839783362741204e-09,9.999989742937032e-07,92.999999,502.000002,True,spbs_auto,D:\git\git\RDMCT-A3C\cie\results\spbs\cie_spbs_600s_mem2048_repro_v1\s1to3_both\solutions\cie_core_spbs__cie_core_n008_f002_m006_proc090__scip_default__solverseed_1__trainseed_-1__spbs_auto.sol,1,0.32476190000124916,optimal,cie_core_spbs,34.78260865364419,8,-1,checked active primary model at feasibility tolerance 1.000001e-06; removed 13 inactive auxiliaries,0.053140096554178624,auto
0.19323671474246773,0.3913043473534972,0.7826086947069943,0.3913043473534972,0,0.0,828.000001,0.0,cie_core_n008_f002_m006_proc090.lp,0.23309178715810172,0.18115942007106364,465.24999950000006,scip_default,493.999999,D:\git\git\RDMCT-A3C\cie\data\core\spbs\cie_core_n008_f002_m006_proc090.lp,0.0,4,2.839786268358103e-09,9.999999974752427e-07,93.0,502.0,True,spbs_auto,D:\git\git\RDMCT-A3C\cie\results\spbs\cie_spbs_600s_mem2048_repro_v1\s1to3_both\solutions\cie_core_spbs__cie_core_n008_f002_m006_proc090__scip_default__solverseed_2__trainseed_-1__spbs_auto.sol,2,0.45398490000116,optimal,cie_core_spbs,34.78260865364419,8,-1,checked active primary model at feasibility tolerance 1.000001e-06; removed 13 inactive auxiliaries,0.053140096554178624,auto
0.19323671474246867,0.39130434735349906,0.7826086947069981,0.3913043473534991,0,0.0,828.000000999996,0.0,cie_core_n008_f002_m006_proc090.lp,0.12077294671404291,0.14492753605685185,434.4999997500008,scip_default,472.00000000000006,D:\git\git\RDMCT-A3C\cie\data\core\spbs\cie_core_n008_f002_m006_proc090.lp,92.04626916523156,6,8.071158020543101e-17,0.0,28.000000000000014,255.99999800000603,True,spbs_auto,D:\git\git\RDMCT-A3C\cie\results\spbs\cie_spbs_600s_mem2048_repro_v1\s1to3_both\solutions\cie_core_spbs__cie_core_n008_f002_m006_proc090__scip_default__solverseed_3__trainseed_-1__spbs_auto.sol,3,0.4805553999995027,optimal,cie_core_spbs,34.78260865364436,8,-1,checked active primary model at feasibility tolerance 1.000001e-06; removed 13 inactive auxiliaries,0.05314009655417888,auto
0.1777777775802469,0.3599999995999995,0.7999999991111112,0.39999999955555554,0,0.0,900.000001,0.0,cie_core_n008_f002_m006_proc100.lp,0.1299999998555544,0.14222222206419866,472.2499999999998,scip_default,516.0,D:\git\git\RDMCT-A3C\cie\data\core\spbs\cie_core_n008_f002_m006_proc100.lp,0.0,4,2.621371757106829e-15,1.0231815394945443e-12,28.0,306.00000000000205,True,spbs_auto,D:\git\git\RDMCT-A3C\cie\results\spbs\cie_spbs_600s_mem2048_repro_v1\s1to3_both\solutions\cie_core_spbs__cie_core_n008_f002_m006_proc100__scip_default__solverseed_1__trainseed_-1__spbs_auto.sol,1,0.27553610000177287,optimal,cie_core_spbs,31.999999964444445,8,-1,checked active primary model at feasibility tolerance 1.000001e-06; removed 13 inactive auxiliaries,0.04888888883456828,auto
0.1777777775802469,0.3599999996,0.799999999111111,0.39999999955555554,0,0.0,900.000001,0.0,cie_core_n008_f002_m006_proc100.lp,0.12999999985555555,0.14222222206419866,472.2500000000005,scip_default,516.000000000002,D:\git\git\RDMCT-A3C\cie\data\core\spbs\cie_core_n008_f002_m006_proc100.lp,0.0,4,2.6213717571068194e-15,1.0231815394945443e-12,28.0,306.0000000000041,True,spbs_auto,D:\git\git\RDMCT-A3C\cie\results\spbs\cie_spbs_600s_mem2048_repro_v1\s1to3_both\solutions\cie_core_spbs__cie_core_n008_f002_m006_proc100__scip_default__solverseed_2__trainseed_-1__spbs_auto.sol,2,0.3418094000007841,optimal,cie_core_spbs,31.999999964444445,8,-1,checked active primary model at feasibility tolerance 1.000001e-06; removed 13 inactive auxiliaries,0.0488888888345679,auto
0.1777777775802469,0.3599999995999999,0.799999999111111,0.39999999955555554,0,0.0,900.000001,0.0,cie_core_n008_f002_m006_proc100.lp,0.11111111098765432,0.1422222220641972,499.4999997499999,scip_default,641.999999,D:\git\git\RDMCT-A3C\cie\data\core\spbs\cie_core_n008_f002_m006_proc100.lp,100.0,4,0.17114686225682887,0.0,50.0,372.0,True,spbs_auto,D:\git\git\RDMCT-A3C\cie\results\spbs\cie_spbs_600s_mem2048_repro_v1\s1to3_both\solutions\cie_core_spbs__cie_core_n008_f002_m006_proc100__scip_default__solverseed_3__trainseed_-1__spbs_auto.sol,3,0.5530870999991748,optimal,cie_core_spbs,31.999999964444445,8,-1,checked active primary model at feasibility tolerance 1.000001e-06; removed 13 inactive auxiliaries,0.0488888888345679,auto
0.16460905332859152,0.3333333329903978,0.814814813976528,0.407407406988264,0,0.0,972.000001,0.0,cie_core_n008_f002_m006_proc110.lp,0.12037037024653253,0.1316872426628729,503.74999949999994,scip_default,551.999999,D:\git\git\RDMCT-A3C\cie\data\core\spbs\cie_core_n008_f002_m006_proc110.lp,5.631067961164716,4,2.333685744449232e-09,9.999999974752427e-07,28.000000000000004,306.0,True,spbs_auto,D:\git\git\RDMCT-A3C\cie\results\spbs\cie_spbs_600s_mem2048_repro_v1\s1to3_both\solutions\cie_core_spbs__cie_core_n008_f002_m006_proc110__scip_default__solverseed_1__trainseed_-1__spbs_auto.sol,1,0.4140203000006295,optimal,cie_core_spbs,29.629629599146472,8,-1,checked active primary model at feasibility tolerance 1.000001e-06; removed 13 inactive auxiliaries,0.04526748966536266,auto
0.16460905332859152,0.3333333329903976,0.814814813976528,0.407407406988264,0,0.0,972.000001,0.0,cie_core_n008_f002_m006_proc110.lp,0.1800411541357612,0.20987654093633995,568.75,scip_default,678.0,D:\git\git\RDMCT-A3C\cie\data\core\spbs\cie_core_n008_f002_m006_proc110.lp,90.74902353478625,4,0.15759564624685518,0.0,75.99999799999898,674.0,True,spbs_auto,D:\git\git\RDMCT-A3C\cie\results\spbs\cie_spbs_600s_mem2048_repro_v1\s1to3_both\solutions\cie_core_spbs__cie_core_n008_f002_m006_proc110__scip_default__solverseed_2__trainseed_-1__spbs_auto.sol,2,1.3240252999985387,optimal,cie_core_spbs,29.629629599146472,8,-1,checked active primary model at feasibility tolerance 1.000001e-06; removed 13 inactive auxiliaries,0.045267489665363016,auto
0.16460905332859152,0.3333333329903978,0.814814813976528,0.407407406988264,0,0.0,972.000001,0.0,cie_core_n008_f002_m006_proc110.lp,0.10288065833036969,0.12345678999644363,497.49999975000003,scip_default,544.0,D:\git\git\RDMCT-A3C\cie\data\core\spbs\cie_core_n008_f002_m006_proc110.lp,0.0,6,2.333685744449232e-09,9.999999974752427e-07,28.0,256.0,True,spbs_auto,D:\git\git\RDMCT-A3C\cie\results\spbs\cie_spbs_600s_mem2048_repro_v1\s1to3_both\solutions\cie_core_spbs__cie_core_n008_f002_m006_proc110__scip_default__solverseed_3__trainseed_-1__spbs_auto.sol,3,0.5554326999990735,optimal,cie_core_spbs,29.629629599146472,8,-1,checked active primary model at feasibility tolerance 1.000001e-06; removed 13 inactive auxiliaries,0.04526748966536266,auto
0.20512820486522063,0.4153846148520712,0.6230769222781066,0.415384614852071,0,0.0,780.000001,0.0,cie_core_n008_f004_m004_proc090.lp,0.12820512804076264,0.1628205126117673,424.24999999999955,scip_default,479.0,D:\git\git\RDMCT-A3C\cie\data\core\spbs\cie_core_n008_f004_m004_proc090.lp,100.0,6,0.0,0,75.999999999999,505.9999999999983,True,spbs_auto,D:\git\git\RDMCT-A3C\cie\results\spbs\cie_spbs_600s_mem2048_repro_v1\s1to3_both\solutions\cie_core_spbs__cie_core_n008_f004_m004_proc090__scip_default__solverseed_1__trainseed_-1__spbs_auto.sol,1,0.2775149000008241,optimal,cie_core_spbs,36.923076875739646,8,-1,checked active primary model at feasibility tolerance 1.000001e-06; removed 13 inactive auxiliaries,0.0512820512163055,auto
0.20512820486521988,0.41538461485207057,0.6230769222781064,0.415384614852071,0,0.0,780.000001,0.0,cie_core_n008_f004_m004_proc090.lp,0.12820512804076264,0.1628205126117682,424.24999999999983,scip_default,479.0,D:\git\git\RDMCT-A3C\cie\data\core\spbs\cie_core_n008_f004_m004_proc090.lp,0.0,6,0.0,0,76.0,505.9999999999997,True,spbs_auto,D:\git\git\RDMCT-A3C\cie\results\spbs\cie_spbs_600s_mem2048_repro_v1\s1to3_both\solutions\cie_core_spbs__cie_core_n008_f004_m004_proc090__scip_default__solverseed_2__trainseed_-1__spbs_auto.sol,2,0.315050400000473,optimal,cie_core_spbs,36.923076875739646,8,-1,checked active primary model at feasibility tolerance 1.000001e-06; removed 13 inactive auxiliaries,0.05128205121630506,auto
0.20512820486522165,0.4153846148520734,0.6230769222781097,0.4153846148520731,0,0.0,780.000000999996,0.0,cie_core_n008_f004_m004_proc090.lp,0.1282051280407633,0.16282051261176977,424.24999975000287,scip_default,478.99999900001103,D:\git\git\RDMCT-A3C\cie\data\core\spbs\cie_core_n008_f004_m004_proc090.lp,0.0,6,3.01201497850592e-09,0,76.0,506.0000000000003,True,spbs_auto,D:\git\git\RDMCT-A3C\cie\results\spbs\cie_spbs_600s_mem2048_repro_v1\s1to3_both\solutions\cie_core_spbs__cie_core_n008_f004_m004_proc090__scip_default__solverseed_3__trainseed_-1__spbs_auto.sol,3,0.23752729999978328,optimal,cie_core_spbs,36.92307687573983,8,-1,checked active primary model at feasibility tolerance 1.000001e-06; removed 13 inactive auxiliaries,0.05128205121630532,auto
0.1918465225517425,0.3884892081672791,0.6474820136121319,0.43165467574142125,0,0.0,834.000001,0.0,cie_core_n008_f004_m004_proc100.lp,0.11990407659483923,0.1522781772754455,451.24999999999994,scip_default,515.0,D:\git\git\RDMCT-A3C\cie\data\core\spbs\cie_core_n008_f004_m004_proc100.lp,92.30988787665359,6,0.0,0,76.0,505.9999999999997,True,spbs_auto,D:\git\git\RDMCT-A3C\cie\results\spbs\cie_spbs_600s_mem2048_repro_v1\s1to3_both\solutions\cie_core_spbs__cie_core_n008_f004_m004_proc100__scip_default__solverseed_1__trainseed_-1__spbs_auto.sol,1,0.3880619999999908,optimal,cie_core_spbs,34.5323740593137,8,-1,checked active primary model at feasibility tolerance 1.000001e-06; removed 13 inactive auxiliaries,0.047961630637935695,auto
0.19184652255174306,0.3884892081672791,0.6474820136121319,0.43165467574142125,0,0.0,834.000001,0.0,cie_core_n008_f004_m004_proc100.lp,0.11990407659483923,0.15227817727544582,451.25000000000006,scip_default,515.0,D:\git\git\RDMCT-A3C\cie\data\core\spbs\cie_core_n008_f004_m004_proc100.lp,0.0,6,0.0,0,76.0,506.0000000000003,True,spbs_auto,D:\git\git\RDMCT-A3C\cie\results\spbs\cie_spbs_600s_mem2048_repro_v1\s1to3_both\solutions\cie_core_spbs__cie_core_n008_f004_m004_proc100__scip_default__solverseed_2__trainseed_-1__spbs_auto.sol,2,0.3726866999986669,optimal,cie_core_spbs,34.5323740593137,8,-1,checked active primary model at feasibility tolerance 1.000001e-06; removed 13 inactive auxiliaries,0.047961630637936105,auto
0.19184652255174411,0.3884892081672814,0.6474820136121349,0.4316546757414233,0,0.0,834.000000999996,0.0,cie_core_n008_f004_m004_proc100.lp,0.11990407659484104,0.1522781748773714,451.24999950000114,scip_default,514.999999999999,D:\git\git\RDMCT-A3C\cie\data\core\spbs\cie_core_n008_f004_m004_proc100.lp,92.30988787665359,6,2.7173804002631622e-09,0,75.999999000002,505.9999960000124,True,spbs_auto,D:\git\git\RDMCT-A3C\cie\results\spbs\cie_spbs_600s_mem2048_repro_v1\s1to3_both\solutions\cie_core_spbs__cie_core_n008_f004_m004_proc100__scip_default__solverseed_3__trainseed_-1__spbs_auto.sol,3,0.4774591000004875,optimal,cie_core_spbs,34.53237405931387,8,-1,checked active primary model at feasibility tolerance 1.000001e-06; removed 13 inactive auxiliaries,0.047961630637935924,auto
0.1801801799772742,0.36486486445398064,0.6689189181656318,0.44594594544375454,0,0.0,888.000001,0.0,cie_core_n008_f004_m004_proc110.lp,0.11261261248579661,0.14301801785696136,478.24999999999983,scip_default,551.0,D:\git\git\RDMCT-A3C\cie\data\core\spbs\cie_core_n008_f004_m004_proc110.lp,0.0,6,0.0,0,76.0,505.9999999999997,True,spbs_auto,D:\git\git\RDMCT-A3C\cie\results\spbs\cie_spbs_600s_mem2048_repro_v1\s1to3_both\solutions\cie_core_spbs__cie_core_n008_f004_m004_proc110__scip_default__solverseed_1__trainseed_-1__spbs_auto.sol,1,0.32002269999975397,optimal,cie_core_spbs,32.43243239590942,8,-1,checked active primary model at feasibility tolerance 1.000001e-06; removed 13 inactive auxiliaries,0.04504504499431864,auto
0.1801801799772742,0.36486486445398064,0.668918918165632,0.44594594544375454,0,0.0,888.000001,0.0,cie_core_n008_f004_m004_proc110.lp,0.11261261248579661,0.14301801673083858,478.2499995000011,scip_default,550.999999000001,D:\git\git\RDMCT-A3C\cie\data\core\spbs\cie_core_n008_f004_m004_proc110.lp,91.68154651630724,6,2.39192604117262e-15,0,76.000000000001,505.99999600001166,True,spbs_auto,D:\git\git\RDMCT-A3C\cie\results\spbs\cie_spbs_600s_mem2048_repro_v1\s1to3_both\solutions\cie_core_spbs__cie_core_n008_f004_m004_proc110__scip_default__solverseed_2__trainseed_-1__spbs_auto.sol,2,0.3602331999973103,optimal,cie_core_spbs,32.43243239590942,8,-1,checked active primary model at feasibility tolerance 1.000001e-06; removed 13 inactive auxiliaries,0.04504504499431864,auto
0.1801801799772757,0.3648648644539829,0.6689189181656349,0.44594594544375654,0,0.0,888.000000999996,0.0,cie_core_n008_f004_m004_proc110.lp,0.11261261248579711,0.14301801560471603,478.2499995000009,scip_default,550.999999000001,D:\git\git\RDMCT-A3C\cie\data\core\spbs\cie_core_n008_f004_m004_proc110.lp,0.0,6,2.4622768070894622e-15,0,75.999999000003,505.9999980000022,True,spbs_auto,D:\git\git\RDMCT-A3C\cie\results\spbs\cie_spbs_600s_mem2048_repro_v1\s1to3_both\solutions\cie_core_spbs__cie_core_n008_f004_m004_proc110__scip_default__solverseed_3__trainseed_-1__spbs_auto.sol,3,0.32998070000030566,optimal,cie_core_spbs,32.432432395909565,8,-1,checked active primary model at feasibility tolerance 1.000001e-06; removed 13 inactive auxiliaries,0.04504504499431884,auto
0.20512820486521982,0.4153846148520697,0.6230769222781066,0.2076923074260355,0,0.0,780.000001,0.0,cie_core_n008_f006_m002_proc090.lp,0.15769230749013807,0.16282051261176858,392.49999999999966,scip_default,479.0,D:\git\git\RDMCT-A3C\cie\data\core\spbs\cie_core_n008_f006_m002_proc090.lp,0.0,6,0.0,0,76.0,583.9999999999997,True,spbs_auto,D:\git\git\RDMCT-A3C\cie\results\spbs\cie_spbs_600s_mem2048_repro_v1\s1to3_both\solutions\cie_core_spbs__cie_core_n008_f006_m002_proc090__scip_default__solverseed_1__trainseed_-1__spbs_auto.sol,1,0.27427820000048087,optimal,cie_core_spbs,36.923076875739646,8,-1,checked active primary model at feasibility tolerance 1.000001e-06; removed 13 inactive auxiliaries,0.05641025633793513,auto
0.20512820486522165,0.4153846148520734,0.6230769222781097,0.20769230742603656,0,0.0,780.000000999996,0.0,cie_core_n008_f006_m002_proc090.lp,0.1282051280407633,0.16282051261176977,405.49999950000165,scip_default,478.999999000003,D:\git\git\RDMCT-A3C\cie\data\core\spbs\cie_core_n008_f006_m002_proc090.lp,92.82383101360993,4,0.0,0,81.99999900000302,687.9999980000064,True,spbs_auto,D:\git\git\RDMCT-A3C\cie\results\spbs\cie_spbs_600s_mem2048_repro_v1\s1to3_both\solutions\cie_core_spbs__cie_core_n008_f006_m002_proc090__scip_default__solverseed_2__trainseed_-1__spbs_auto.sol,2,0.3079061999997066,optimal,cie_core_spbs,36.92307687573983,8,-1,checked active primary model at feasibility tolerance 1.000001e-06; removed 13 inactive auxiliaries,0.05641025633793586,auto
0.2051282048652213,0.4153846148520731,0.6230769222781097,0.20769230742603656,0,0.0,780.000000999996,0.0,cie_core_n008_f006_m002_proc090.lp,0.1282051280407633,0.1628205126117694,407.5,scip_default,479.0,D:\git\git\RDMCT-A3C\cie\data\core\spbs\cie_core_n008_f006_m002_proc090.lp,0.0,6,0.0,0,90.0,704.0,True,spbs_auto,D:\git\git\RDMCT-A3C\cie\results\spbs\cie_spbs_600s_mem2048_repro_v1\s1to3_both\solutions\cie_core_spbs__cie_core_n008_f006_m002_proc090__scip_default__solverseed_3__trainseed_-1__spbs_auto.sol,3,0.2815206000013859,optimal,cie_core_spbs,36.92307687573983,8,-1,checked active primary model at feasibility tolerance 1.000001e-06; removed 13 inactive auxiliaries,0.05641025633793586,auto
0.1918465225517432,0.3884892081672794,0.6474820136121319,0.21582733787071062,0,0.0,834.000001,0.0,cie_core_n008_f006_m002_proc100.lp,0.11990407659483923,0.1522781772754462,409.25000000000017,scip_default,515.0,D:\git\git\RDMCT-A3C\cie\data\core\spbs\cie_core_n008_f006_m002_proc100.lp,0.0,4,0.0,0,75.99999999999999,538.0000000000003,True,spbs_auto,D:\git\git\RDMCT-A3C\cie\results\spbs\cie_spbs_600s_mem2048_repro_v1\s1to3_both\solutions\cie_core_spbs__cie_core_n008_f006_m002_proc100__scip_default__solverseed_1__trainseed_-1__spbs_auto.sol,1,0.4840521999994962,optimal,cie_core_spbs,34.5323740593137,8,-1,checked active primary model at feasibility tolerance 1.000001e-06; removed 13 inactive auxiliaries,0.05275779370172926,auto
0.19184652255174314,0.3884892081672807,0.647482013612135,0.21582733787071165,0,0.0,834.000000999996,0.0,cie_core_n008_f006_m002_proc100.lp,0.14748201421165297,0.15227817727544607,414.99999999999983,scip_default,515.0,D:\git\git\RDMCT-A3C\cie\data\core\spbs\cie_core_n008_f006_m002_proc100.lp,0.0,6,0.0,0,75.99999999999999,583.9999999999995,True,spbs_auto,D:\git\git\RDMCT-A3C\cie\results\spbs\cie_spbs_600s_mem2048_repro_v1\s1to3_both\solutions\cie_core_spbs__cie_core_n008_f006_m002_proc100__scip_default__solverseed_2__trainseed_-1__spbs_auto.sol,2,0.3259933000008459,optimal,cie_core_spbs,34.53237405931387,8,-1,checked active primary model at feasibility tolerance 1.000001e-06; removed 13 inactive auxiliaries,0.05275779370172952,auto
0.1918465225517437,0.3884892081672822,0.6474820136121349,0.21582733787071165,0,0.0,834.000000999996,0.0,cie_core_n008_f006_m002_proc100.lp,0.11990407659483981,0.15227817727544657,428.0000000000002,scip_default,515.0,D:\git\git\RDMCT-A3C\cie\data\core\spbs\cie_core_n008_f006_m002_proc100.lp,2.637889688248976,4,0.0,0,82.0,688.0,True,spbs_auto,D:\git\git\RDMCT-A3C\cie\results\spbs\cie_spbs_600s_mem2048_repro_v1\s1to3_both\solutions\cie_core_spbs__cie_core_n008_f006_m002_proc100__scip_default__solverseed_3__trainseed_-1__spbs_auto.sol,3,0.5547932000008586,optimal,cie_core_spbs,34.53237405931387,8,-1,checked active primary model at feasibility tolerance 1.000001e-06; removed 13 inactive auxiliaries,0.05275779370172952,auto
0.18018017997727456,0.36486486445398103,0.6689189181656319,0.22297297272187727,0,0.0,888.000001,0.0,cie_core_n008_f006_m002_proc110.lp,0.11261261248579661,0.1430180178569617,450.5,scip_default,551.0,D:\git\git\RDMCT-A3C\cie\data\core\spbs\cie_core_n008_f006_m002_proc110.lp,0.0,4,0.0,0,82.0,688.0,True,spbs_auto,D:\git\git\RDMCT-A3C\cie\results\spbs\cie_spbs_600s_mem2048_repro_v1\s1to3_both\solutions\cie_core_spbs__cie_core_n008_f006_m002_proc110__scip_default__solverseed_1__trainseed_-1__spbs_auto.sol,1,0.5081679000013537,optimal,cie_core_spbs,32.43243239590942,8,-1,checked active primary model at feasibility tolerance 1.000001e-06; removed 13 inactive auxiliaries,0.049549549493750504,auto
0.1801801799772757,0.36486486445398303,0.668918918165635,0.22297297272187827,0,0.0,888.000000999996,0.0,cie_core_n008_f006_m002_proc110.lp,0.11261261248579711,0.14301801673083994,452.49999950000114,scip_default,550.9999990000019,D:\git\git\RDMCT-A3C\cie\data\core\spbs\cie_core_n008_f006_m002_proc110.lp,3.3632286995519776,6,0.0,0,90.99999900000199,703.9999960000104,True,spbs_auto,D:\git\git\RDMCT-A3C\cie\results\spbs\cie_spbs_600s_mem2048_repro_v1\s1to3_both\solutions\cie_core_spbs__cie_core_n008_f006_m002_proc110__scip_default__solverseed_2__trainseed_-1__spbs_auto.sol,2,0.33627420000084385,optimal,cie_core_spbs,32.432432395909565,8,-1,checked active primary model at feasibility tolerance 1.000001e-06; removed 13 inactive auxiliaries,0.049549549493750726,auto
0.18018017997727492,0.36486486445398214,0.6689189181656349,0.22297297272187827,0,0.0,888.000000999996,0.0,cie_core_n008_f006_m002_proc110.lp,0.11261261248579711,0.1430180144785959,431.7499995000018,scip_default,550.9999990000031,D:\git\git\RDMCT-A3C\cie\data\core\spbs\cie_core_n008_f006_m002_proc110.lp,0.0,4,0.0,0,75.999999000004,537.9999960000156,True,spbs_auto,D:\git\git\RDMCT-A3C\cie\results\spbs\cie_spbs_600s_mem2048_repro_v1\s1to3_both\solutions\cie_core_spbs__cie_core_n008_f006_m002_proc110__scip_default__solverseed_3__trainseed_-1__spbs_auto.sol,3,0.5736092000006465,optimal,cie_core_spbs,32.432432395909565,8,-1,checked active primary model at feasibility tolerance 1.000001e-06; removed 13 inactive auxiliaries,0.049549549493750726,auto
0.3059273419637409,0.6195028674765745,0.7743785843457183,0.7743785843457172,0,0.0,1046.000001,0.0,cie_core_n016_f000_m016_proc090.lp,0.2294455055167797,0.2595602306313994,480.9375000625,scip_default,487.4999995,D:\git\git\RDMCT-A3C\cie\data\core\spbs\cie_core_n016_f000_m016_proc090.lp,3633.637453622647,4,5.662407755134658e-17,2.842170943040401e-14,28.000000000000213,591.0000010000024,True,spbs_auto,D:\git\git\RDMCT-A3C\cie\results\spbs\cie_spbs_600s_mem2048_repro_v1\s1to3_both\solutions\cie_core_spbs__cie_core_n016_f000_m016_proc090__scip_default__solverseed_1__trainseed_-1__spbs_auto.sol,1,80.0907455000015,optimal,cie_core_spbs,55.0669215534733,16,-1,checked active primary model at feasibility tolerance 1.000001e-06; removed 13 inactive auxiliaries,0.04588910129456163,auto
0.305927341963741,0.6195028674765752,0.7743785843457183,0.7743785843457182,0,0.0,1046.000001,0.0,cie_core_n016_f000_m016_proc090.lp,0.22944550551678264,0.25956023063139433,480.93750006249996,scip_default,487.4999995,D:\git\git\RDMCT-A3C\cie\data\core\spbs\cie_core_n016_f000_m016_proc090.lp,1991.1677720167488,4,0.0,0.0,28.000000000000412,591.0000010000005,True,spbs_auto,D:\git\git\RDMCT-A3C\cie\results\spbs\cie_spbs_600s_mem2048_repro_v1\s1to3_both\solutions\cie_core_spbs__cie_core_n016_f000_m016_proc090__scip_default__solverseed_2__trainseed_-1__spbs_auto.sol,2,21.818147100002534,optimal,cie_core_spbs,55.0669215534733,16,-1,checked active primary model at feasibility tolerance 1.000001e-06; removed 13 inactive auxiliaries,0.045889101294560974,auto
0.305927341963741,0.6195028674765752,0.7743785843457183,0.7743785843457172,0,0.0,1046.000001,0.0,cie_core_n016_f000_m016_proc090.lp,0.22944550551678167,0.2595602306313972,480.9375000625001,scip_default,487.4999995,D:\git\git\RDMCT-A3C\cie\data\core\spbs\cie_core_n016_f000_m016_proc090.lp,825.8342748296548,4,5.662407755134658e-17,2.842170943040401e-14,28.000000000000412,591.0000010000025,True,spbs_auto,D:\git\git\RDMCT-A3C\cie\results\spbs\cie_spbs_600s_mem2048_repro_v1\s1to3_both\solutions\cie_core_spbs__cie_core_n016_f000_m016_proc090__scip_default__solverseed_3__trainseed_-1__spbs_auto.sol,3,21.226479500001005,optimal,cie_core_spbs,55.0669215534733,16,-1,checked active primary model at feasibility tolerance 1.000001e-06; removed 13 inactive auxiliaries,0.045889101294560974,auto
0.2816901405971034,0.5704225347091341,0.7922535204293534,0.7922535204293552,0,0.0,1136.000001,0.0,cie_core_n016_f000_m016_proc100.lp,0.22491197031257573,0.23547535410610002,518.3750001250003,scip_default,532.4999995,D:\git\git\RDMCT-A3C\cie\data\core\spbs\cie_core_n016_f000_m016_proc100.lp,2229.9323989949535,4,7.723290606088045e-17,5.684341886080802e-14,28.0,614.0000020000058,True,spbs_auto,D:\git\git\RDMCT-A3C\cie\results\spbs\cie_spbs_600s_mem2048_repro_v1\s1to3_both\solutions\cie_core_spbs__cie_core_n016_f000_m016_proc100__scip_default__solverseed_1__trainseed_-1__spbs_auto.sol,1,25.437978400001157,optimal,cie_core_spbs,50.70422530747867,16,-1,checked active primary model at feasibility tolerance 1.000001e-06; removed 13 inactive auxiliaries,0.04225352108956536,auto
0.2816901405971035,0.5704225347091346,0.7922535204293543,0.7922535204293534,0,0.0,1136.000001,0.0,cie_core_n016_f000_m016_proc100.lp,0.22491197031257573,0.23547535410609916,518.375000125,scip_default,532.4999995,D:\git\git\RDMCT-A3C\cie\data\core\spbs\cie_core_n016_f000_m016_proc100.lp,22208.080058208787,4,5.108476561697571e-17,2.842170943040401e-14,28.0,614.0000020000037,True,spbs_auto,D:\git\git\RDMCT-A3C\cie\results\spbs\cie_spbs_600s_mem2048_repro_v1\s1to3_both\solutions\cie_core_spbs__cie_core_n016_f000_m016_proc100__scip_default__solverseed_2__trainseed_-1__spbs_auto.sol,2,249.3198956000051,optimal,cie_core_spbs,50.70422530747867,16,-1,checked active primary model at feasibility tolerance 1.000001e-06; removed 13 inactive auxiliaries,0.04225352108956576,auto
0.281690140597104,0.5704225347091348,0.7922535204293543,0.7922535204293543,0,0.0,1136.000001,0.0,cie_core_n016_f000_m016_proc100.lp,0.22491197031257573,0.23547535410609646,518.3750001249999,scip_default,532.4999995,D:\git\git\RDMCT-A3C\cie\data\core\spbs\cie_core_n016_f000_m016_proc100.lp,967.9761015294066,4,0.0,0.0,28.000000000000412,614.0000020000004,True,spbs_auto,D:\git\git\RDMCT-A3C\cie\results\spbs\cie_spbs_600s_mem2048_repro_v1\s1to3_both\solutions\cie_core_spbs__cie_core_n016_f000_m016_proc100__scip_default__solverseed_3__trainseed_-1__spbs_auto.sol,3,28.412248700005875,optimal,cie_core_spbs,50.70422530747867,16,-1,checked active primary model at feasibility tolerance 1.000001e-06; removed 13 inactive auxiliaries,0.04225352108956596,auto
0.2610114190366955,0.5285481235493076,0.8075040776447765,0.8075040776447772,0,0.0,1226.000001,0.0,cie_core_n016_f000_m016_proc110.lp,0.21574224982402598,0.2255301813005487,556.6250001249999,scip_default,577.4999995,D:\git\git\RDMCT-A3C\cie\data\core\spbs\cie_core_n016_f000_m016_proc110.lp,2562.333244127515,4,1.6766522569003355e-15,2.1032064978498966e-12,33.49999950000006,650.0000020000022,True,spbs_auto,D:\git\git\RDMCT-A3C\cie\results\spbs\cie_spbs_600s_mem2048_repro_v1\s1to3_both\solutions\cie_core_spbs__cie_core_n016_f000_m016_proc110__scip_default__solverseed_1__trainseed_-1__spbs_auto.sol,1,28.83899240000028,optimal,cie_core_spbs,46.98205542660517,16,-1,checked active primary model at feasibility tolerance 1.000001e-06; removed 13 inactive auxiliaries,0.03915171285550431,auto
0.2610114190366951,0.5285481235493076,0.8075040776447764,0.8075040776447765,0,0.0,1226.000001,0.0,cie_core_n016_f000_m016_proc110.lp,0.21574224982402507,0.22553018130054794,556.6250001249998,scip_default,577.4999995,D:\git\git\RDMCT-A3C\cie\data\core\spbs\cie_core_n016_f000_m016_proc110.lp,1855.1917524298062,4,0.0,0.0,33.49999950000006,650.0000019999997,True,spbs_auto,D:\git\git\RDMCT-A3C\cie\results\spbs\cie_spbs_600s_mem2048_repro_v1\s1to3_both\solutions\cie_core_spbs__cie_core_n016_f000_m016_proc110__scip_default__solverseed_2__trainseed_-1__spbs_auto.sol,2,21.46076289999837,optimal,cie_core_spbs,46.98205542660517,16,-1,checked active primary model at feasibility tolerance 1.000001e-06; removed 13 inactive auxiliaries,0.03915171285550468,auto
0.26101141903669567,0.5285481235493086,0.8075040776447772,0.8075040776447756,0,0.0,1226.000001,0.0,cie_core_n016_f000_m016_proc110.lp,0.2157422498240242,0.22553018089271937,556.6249998750001,scip_default,577.4999995000004,D:\git\git\RDMCT-A3C\cie\data\core\spbs\cie_core_n016_f000_m016_proc110.lp,1954.9633332578258,4,1.0718136165052711e-09,5.000030682822398e-07,33.499999499999944,650.0000020000044,True,spbs_auto,D:\git\git\RDMCT-A3C\cie\results\spbs\cie_spbs_600s_mem2048_repro_v1\s1to3_both\solutions\cie_core_spbs__cie_core_n016_f000_m016_proc110__scip_default__solverseed_3__trainseed_-1__spbs_auto.sol,3,21.914906199999677,optimal,cie_core_spbs,46.98205542660517,16,-1,checked active primary model at feasibility tolerance 1.000001e-06; removed 13 inactive auxiliaries,0.03915171285550431,auto
0.28776978391387575,0.5827338124255989,0.7284172655319989,0.582733812425599,0,0.0,1112.000001,0.0,cie_core_n016_f004_m012_proc090.lp,0.3741007190880389,0.2347122300047549,476.87499999999994,scip_default,622.9999999999997,D:\git\git\RDMCT-A3C\cie\data\core\spbs\cie_core_n016_f004_m012_proc090.lp,1295.4198994794658,4,0.0,0.0,183.0,1189.9999999999998,True,spbs_auto,D:\git\git\RDMCT-A3C\cie\results\spbs\cie_spbs_600s_mem2048_repro_v1\s1to3_both\solutions\cie_core_spbs__cie_core_n016_f004_m012_proc090__scip_default__solverseed_1__trainseed_-1__spbs_auto.sol,1,40.06719630000225,optimal,cie_core_spbs,51.79856110449769,16,-1,checked active primary model at feasibility tolerance 1.000001e-06; removed 13 inactive auxiliaries,0.05035971218492831,auto
0.2877697839138761,0.5827338124255991,0.7284172655319997,0.5827338124255991,0,0.0,1112.000001,0.0,cie_core_n016_f004_m012_proc090.lp,0.22212230105923975,0.23021582713110086,455.1249996874994,scip_default,495.99999899999796,D:\git\git\RDMCT-A3C\cie\data\core\spbs\cie_core_n016_f004_m012_proc090.lp,2958.836931715996,4,1.419896038370363e-09,5.000011924494174e-07,75.99999999999999,841.999997999996,True,spbs_auto,D:\git\git\RDMCT-A3C\cie\results\spbs\cie_spbs_600s_mem2048_repro_v1\s1to3_both\solutions\cie_core_spbs__cie_core_n016_f004_m012_proc090__scip_default__solverseed_2__trainseed_-1__spbs_auto.sol,2,33.546325800001796,optimal,cie_core_spbs,51.79856110449769,16,-1,checked active primary model at feasibility tolerance 1.000001e-06; removed 13 inactive auxiliaries,0.05035971218492831,auto
0.2877697839138761,0.5827338124255991,0.7284172655319989,0.5827338124255991,0,0.0,1112.000001,0.0,cie_core_n016_f004_m012_proc090.lp,0.28417266071567204,0.2508992830477524,466.625000375,scip_default,539.0,D:\git\git\RDMCT-A3C\cie\data\core\spbs\cie_core_n016_f004_m012_proc090.lp,1186.021742620664,4,0.0,0.0,98.999999,1026.000006,True,spbs_auto,D:\git\git\RDMCT-A3C\cie\results\spbs\cie_spbs_600s_mem2048_repro_v1\s1to3_both\solutions\cie_core_spbs__cie_core_n016_f004_m012_proc090__scip_default__solverseed_3__trainseed_-1__spbs_auto.sol,3,39.727078100000654,optimal,cie_core_spbs,51.79856110449769,16,-1,checked active primary model at feasibility tolerance 1.000001e-06; removed 13 inactive auxiliaries,0.05035971218492831,auto
0.26622296150896607,0.5391014970556561,0.7487520792439658,0.5990016633951725,0,0.0,1202.000001,0.0,cie_core_n016_f004_m012_proc100.lp,0.3760399331314135,0.2171381029807505,512.8749999999997,scip_default,659.0000000000002,D:\git\git\RDMCT-A3C\cie\data\core\spbs\cie_core_n016_f004_m012_proc100.lp,1154.0401491044051,4,0.0,0.0,201.0,1262.0000000000002,True,spbs_auto,D:\git\git\RDMCT-A3C\cie\results\spbs\cie_spbs_600s_mem2048_repro_v1\s1to3_both\solutions\cie_core_spbs__cie_core_n016_f004_m012_proc100__scip_default__solverseed_1__trainseed_-1__spbs_auto.sol,1,12.623901799997839,optimal,cie_core_spbs,47.92013307161386,16,-1,checked active primary model at feasibility tolerance 1.000001e-06; removed 13 inactive auxiliaries,0.04658901826406903,auto
0.2662229615089679,0.5391014970556602,0.7487520792439704,0.5990016633951775,0,0.0,1202.00000099999,0.0,cie_core_n016_f004_m012_proc100.lp,0.1996672219636604,0.23377703557925045,488.87499962500334,scip_default,535.0,D:\git\git\RDMCT-A3C\cie\data\core\spbs\cie_core_n016_f004_m012_proc100.lp,2373.9895306401963,4,1.151320187013228e-16,5.684341886080802e-14,75.99999999999999,877.9999960000476,True,spbs_auto,D:\git\git\RDMCT-A3C\cie\results\spbs\cie_spbs_600s_mem2048_repro_v1\s1to3_both\solutions\cie_core_spbs__cie_core_n016_f004_m012_proc100__scip_default__solverseed_2__trainseed_-1__spbs_auto.sol,2,84.59651460000168,optimal,cie_core_spbs,47.92013307161426,16,-1,checked active primary model at feasibility tolerance 1.000001e-06; removed 13 inactive auxiliaries,0.04658901826406942,auto
0.2662229615089659,0.5391014970556559,0.7487520792439657,0.5990016633951732,0,0.0,1202.000001,0.0,cie_core_n016_f004_m012_proc100.lp,0.2628951736581595,0.26206322690344486,502.624999750001,scip_default,556.999999000004,D:\git\git\RDMCT-A3C\cie\data\core\spbs\cie_core_n016_f004_m012_proc100.lp,2948.593293258412,4,2.072376336623809e-15,1.0231815394945443e-12,98.99999900000398,1097.99999800001,True,spbs_auto,D:\git\git\RDMCT-A3C\cie\results\spbs\cie_spbs_600s_mem2048_repro_v1\s1to3_both\solutions\cie_core_spbs__cie_core_n016_f004_m012_proc100__scip_default__solverseed_3__trainseed_-1__spbs_auto.sol,3,33.597116999997525,optimal,cie_core_spbs,47.92013307161386,16,-1,checked active primary model at feasibility tolerance 1.000001e-06; removed 13 inactive auxiliaries,0.04658901826406903,auto
0.24767801838415004,0.501547987227904,0.7662538693759652,0.6130030955007724,0,0.0,1292.000001,0.0,cie_core_n016_f004_m012_proc110.lp,0.34365325050800827,0.23606811127239308,548.8750000000003,scip_default,694.999999999999,D:\git\git\RDMCT-A3C\cie\data\core\spbs\cie_core_n016_f004_m012_proc110.lp,6850.484896729391,4,1.8877091383107966e-15,1.0231815394945443e-12,219.0,1334.0,True,spbs_auto,D:\git\git\RDMCT-A3C\cie\results\spbs\cie_spbs_600s_mem2048_repro_v1\s1to3_both\solutions\cie_core_spbs__cie_core_n016_f004_m012_proc110__scip_default__solverseed_1__trainseed_-1__spbs_auto.sol,1,241.98443680000491,optimal,cie_core_spbs,44.582043309147025,16,-1,checked active primary model at feasibility tolerance 1.000001e-06; removed 13 inactive auxiliaries,0.04334365321722627,auto
0.24767801838415046,0.5015479872279035,0.7662538693759637,0.6130030955007708,0,0.0,1292.000001,0.0,cie_core_n016_f004_m012_proc110.lp,0.34365325050800827,0.23606811127239338,548.8749999999997,scip_default,695.0000000000005,D:\git\git\RDMCT-A3C\cie\data\core\spbs\cie_core_n016_f004_m012_proc110.lp,2385.7332892167096,4,1.677963678498488e-15,9.094947017729282e-13,219.0,1334.0000000000005,True,spbs_auto,D:\git\git\RDMCT-A3C\cie\results\spbs\cie_spbs_600s_mem2048_repro_v1\s1to3_both\solutions\cie_core_spbs__cie_core_n016_f004_m012_proc110__scip_default__solverseed_2__trainseed_-1__spbs_auto.sol,2,27.33275369999683,optimal,cie_core_spbs,44.582043309147025,16,-1,checked active primary model at feasibility tolerance 1.000001e-06; removed 13 inactive auxiliaries,0.04334365321722627,auto
0.24767801838415604,0.5015479872279174,0.7662538693759823,0.6130030955007874,0,0.0,1292.00000099997,0.0,cie_core_n016_f004_m012_proc110.lp,0.1911764704402703,0.22600618945363526,522.6249996250125,scip_default,589.000000000002,D:\git\git\RDMCT-A3C\cie\data\core\spbs\cie_core_n016_f004_m012_proc110.lp,1494.517919872464,4,1.0487272990615542e-16,5.684341886080802e-14,76.0,913.9999980000642,True,spbs_auto,D:\git\git\RDMCT-A3C\cie\results\spbs\cie_spbs_600s_mem2048_repro_v1\s1to3_both\solutions\cie_core_spbs__cie_core_n016_f004_m012_proc110__scip_default__solverseed_3__trainseed_-1__spbs_auto.sol,3,17.480872899999667,optimal,cie_core_spbs,44.582043309148055,16,-1,checked active primary model at feasibility tolerance 1.000001e-06; removed 13 inactive auxiliaries,0.04334365321722728,auto
0.29143897969814336,0.5901639338887396,0.590163933888736,0.5901639338887358,0,0.0,1098.000001,0.0,cie_core_n016_f008_m008_proc090.lp,0.28779599154116586,0.30418943779218804,466.3750005000011,scip_default,560.000001000004,D:\git\git\RDMCT-A3C\cie\data\core\spbs\cie_core_n016_f008_m008_proc090.lp,1817.7595176314442,4,0.10236875903870409,6.9999989999960235,98.99999899999602,1536.0000060000245,True,spbs_auto,D:\git\git\RDMCT-A3C\cie\results\spbs\cie_spbs_600s_mem2048_repro_v1\s1to3_both\solutions\cie_core_spbs__cie_core_n016_f008_m008_proc090__scip_default__solverseed_1__trainseed_-1__spbs_auto.sol,1,25.029589199999464,optimal,cie_core_spbs,52.45901634566574,16,-1,checked active primary model at feasibility tolerance 1.000001e-06; removed 13 inactive auxiliaries,0.05828779593962901,auto
0.29143897969814336,0.5901639338887396,0.5901639338887397,0.5901639338887396,0,0.0,1098.000001,0.0,cie_core_n016_f008_m008_proc090.lp,0.27231329574470553,0.2887067419957142,447.7500002500001,scip_default,539.0,D:\git\git\RDMCT-A3C\cie\data\core\spbs\cie_core_n016_f008_m008_proc090.lp,1721.8895022939525,4,0.0,0.0,98.999999,1388.0000040000004,True,spbs_auto,D:\git\git\RDMCT-A3C\cie\results\spbs\cie_spbs_600s_mem2048_repro_v1\s1to3_both\solutions\cie_core_spbs__cie_core_n016_f008_m008_proc090__scip_default__solverseed_2__trainseed_-1__spbs_auto.sol,2,19.735408700002154,optimal,cie_core_spbs,52.45901634566574,16,-1,checked active primary model at feasibility tolerance 1.000001e-06; removed 13 inactive auxiliaries,0.05828779593962901,auto
0.29143897969814037,0.5901639338887342,0.5901639338887342,0.590163933888736,0,0.0,1098.00000100001,0.0,cie_core_n016_f008_m008_proc090.lp,0.27231329574469587,0.29781421011129944,446.50000025000224,scip_default,539.0,D:\git\git\RDMCT-A3C\cie\data\core\spbs\cie_core_n016_f008_m008_proc090.lp,1011.4134723051917,4,0.0,0.0,98.99999899999204,1368.0000040000318,True,spbs_auto,D:\git\git\RDMCT-A3C\cie\results\spbs\cie_spbs_600s_mem2048_repro_v1\s1to3_both\solutions\cie_core_spbs__cie_core_n016_f008_m008_proc090__scip_default__solverseed_3__trainseed_-1__spbs_auto.sol,3,23.628062499999942,optimal,cie_core_spbs,52.45901634566527,16,-1,checked active primary model at feasibility tolerance 1.000001e-06; removed 13 inactive auxiliaries,0.05828779593962807,auto
0.27350427327050936,0.5538461533727812,0.6153846148586465,0.6153846148586446,0,0.0,1170.000001,0.0,cie_core_n016_f008_m008_proc100.lp,0.19059829043538606,0.25299145277522117,460.3749998124997,scip_default,549.0,D:\git\git\RDMCT-A3C\cie\data\core\spbs\cie_core_n016_f008_m008_proc100.lp,4048.6424965335996,4,1.3586984309742334e-09,1.1368683772161603e-13,83.99999999999999,1158.0000000000002,True,spbs_auto,D:\git\git\RDMCT-A3C\cie\results\spbs\cie_spbs_600s_mem2048_repro_v1\s1to3_both\solutions\cie_core_spbs__cie_core_n016_f008_m008_proc100__scip_default__solverseed_1__trainseed_-1__spbs_auto.sol,1,46.46783589999541,optimal,cie_core_spbs,49.230769188691646,16,-1,checked active primary model at feasibility tolerance 1.000001e-06; removed 13 inactive auxiliaries,0.05470085465410202,auto
0.27350427327050897,0.553846153372781,0.6153846148586457,0.6153846148586456,0,0.0,1170.000001,0.0,cie_core_n016_f008_m008_proc100.lp,0.2700854689999269,0.30085470230696154,490.62500024999997,scip_default,573.000001,D:\git\git\RDMCT-A3C\cie\data\core\spbs\cie_core_n016_f008_m008_proc100.lp,677.294786394465,4,0.058823529411764705,0.0,98.999999,1550.0000039999998,True,spbs_auto,D:\git\git\RDMCT-A3C\cie\results\spbs\cie_spbs_600s_mem2048_repro_v1\s1to3_both\solutions\cie_core_spbs__cie_core_n016_f008_m008_proc100__scip_default__solverseed_2__trainseed_-1__spbs_auto.sol,2,79.79521989999921,optimal,cie_core_spbs,49.230769188691646,16,-1,checked active primary model at feasibility tolerance 1.000001e-06; removed 13 inactive auxiliaries,0.05470085465410183,auto
0.27350427327050936,0.553846153372781,0.6153846148586457,0.6153846148586456,0,0.0,1170.000001,0.0,cie_core_n016_f008_m008_proc100.lp,0.2700854689999269,0.30085470230696176,490.62500025,scip_default,573.000001,D:\git\git\RDMCT-A3C\cie\data\core\spbs\cie_core_n016_f008_m008_proc100.lp,1446.4230428662331,4,0.058823529411764705,0.0,98.999999,1550.0000040000002,True,spbs_auto,D:\git\git\RDMCT-A3C\cie\results\spbs\cie_spbs_600s_mem2048_repro_v1\s1to3_both\solutions\cie_core_spbs__cie_core_n016_f008_m008_proc100__scip_default__solverseed_3__trainseed_-1__spbs_auto.sol,3,17.451571999998123,optimal,cie_core_spbs,49.230769188691646,16,-1,checked active primary model at feasibility tolerance 1.000001e-06; removed 13 inactive auxiliaries,0.05470085465410202,auto
0.25764895309368047,0.5217391300147018,0.6376811589068597,0.6376811589068591,0,0.0,1242.000001,0.0,cie_core_n016_f008_m008_proc110.lp,0.2407407397417539,0.2552334957687347,501.7500002500003,scip_default,596.0000010000011,D:\git\git\RDMCT-A3C\cie\data\core\spbs\cie_core_n016_f008_m008_proc110.lp,2313.0947124970685,4,0.0,0.0,98.99999899999898,1388.000004000004,True,spbs_auto,D:\git\git\RDMCT-A3C\cie\results\spbs\cie_spbs_600s_mem2048_repro_v1\s1to3_both\solutions\cie_core_spbs__cie_core_n016_f008_m008_proc110__scip_default__solverseed_1__trainseed_-1__spbs_auto.sol,1,27.511129100003018,optimal,cie_core_spbs,46.376811556862464,16,-1,checked active primary model at feasibility tolerance 1.000001e-06; removed 13 inactive auxiliaries,0.051529790618736075,auto
0.2576489530936802,0.5217391300147011,0.637681158906859,0.6376811589068606,0,0.0,1242.000001,0.0,cie_core_n016_f008_m008_proc110.lp,0.1964573267339313,0.26247987096418685,497.12500000000045,scip_default,609.000000000002,D:\git\git\RDMCT-A3C\cie\data\core\spbs\cie_core_n016_f008_m008_proc110.lp,2670.159463315593,4,0.012224938875303022,2.1032064978498966e-12,84.00000000000001,1293.9999999999998,True,spbs_auto,D:\git\git\RDMCT-A3C\cie\results\spbs\cie_spbs_600s_mem2048_repro_v1\s1to3_both\solutions\cie_core_spbs__cie_core_n016_f008_m008_proc110__scip_default__solverseed_2__trainseed_-1__spbs_auto.sol,2,30.46346370000174,optimal,cie_core_spbs,46.376811556862464,16,-1,checked active primary model at feasibility tolerance 1.000001e-06; removed 13 inactive auxiliaries,0.05152979061873754,auto
0.2576489530936803,0.5217391300147021,0.637681158906859,0.6376811589068597,0,0.0,1242.000001,0.0,cie_core_n016_f008_m008_proc110.lp,0.1964573267339313,0.2624798709641869,497.1250000000002,scip_default,609.000000000001,D:\git\git\RDMCT-A3C\cie\data\core\spbs\cie_core_n016_f008_m008_proc110.lp,1377.3099965659922,4,0.012224938875304358,1.0231815394945443e-12,84.0,1293.9999999999998,True,spbs_auto,D:\git\git\RDMCT-A3C\cie\results\spbs\cie_spbs_600s_mem2048_repro_v1\s1to3_both\solutions\cie_core_spbs__cie_core_n016_f008_m008_proc110__scip_default__solverseed_3__trainseed_-1__spbs_auto.sol,3,46.506426699997974,optimal,cie_core_spbs,46.376811556862464,16,-1,checked active primary model at feasibility tolerance 1.000001e-06; removed 13 inactive auxiliaries,0.051529790618736804,auto
0.2938475663050072,0.5950413217676391,0.5950413217676388,0.44628099132572907,0,0.0,1089.000001,0.0,cie_core_n016_f012_m004_proc090.lp,0.23048668482048876,0.30303030183376406,417.74999974999974,scip_default,536.999999,D:\git\git\RDMCT-A3C\cie\data\core\spbs\cie_core_n016_f012_m004_proc090.lp,1259.1616486901132,6,0.3103289948781069,0,84.0,1571.9999959999964,True,spbs_auto,D:\git\git\RDMCT-A3C\cie\results\spbs\cie_spbs_600s_mem2048_repro_v1\s1to3_both\solutions\cie_core_spbs__cie_core_n016_f012_m004_proc090__scip_default__solverseed_1__trainseed_-1__spbs_auto.sol,1,14.377602700002171,optimal,cie_core_spbs,52.892561934901224,16,-1,checked active primary model at feasibility tolerance 1.000001e-06; removed 13 inactive auxiliaries,0.06611570241862653,auto
0.29384756630500714,0.5950413217676379,0.5950413217676397,0.4462809913257292,0,0.0,1089.000001,0.0,cie_core_n016_f012_m004_proc090.lp,0.2304866848204897,0.30027548181792885,417.75000000000006,scip_default,537.000000000001,D:\git\git\RDMCT-A3C\cie\data\core\spbs\cie_core_n016_f012_m004_proc090.lp,729.4341346457435,6,0.31549538130944244,0,83.99999999999997,1572.0000000000002,True,spbs_auto,D:\git\git\RDMCT-A3C\cie\results\spbs\cie_spbs_600s_mem2048_repro_v1\s1to3_both\solutions\cie_core_spbs__cie_core_n016_f012_m004_proc090__scip_default__solverseed_2__trainseed_-1__spbs_auto.sol,2,8.287177300000621,optimal,cie_core_spbs,52.892561934901224,16,-1,checked active primary model at feasibility tolerance 1.000001e-06; removed 13 inactive auxiliaries,0.06611570241862695,auto
0.2938475663050068,0.5950413217676388,0.5950413217676379,0.44628099132572907,0,0.0,1089.000001,0.0,cie_core_n016_f012_m004_proc090.lp,0.2304866848204897,0.30303030275203824,417.7499999999999,scip_default,536.9999999999991,D:\git\git\RDMCT-A3C\cie\data\core\spbs\cie_core_n016_f012_m004_proc090.lp,2265.842492784122,6,0.31032899487810867,0,84.0,1572.0,True,spbs_auto,D:\git\git\RDMCT-A3C\cie\results\spbs\cie_spbs_600s_mem2048_repro_v1\s1to3_both\solutions\cie_core_spbs__cie_core_n016_f012_m004_proc090__scip_default__solverseed_3__trainseed_-1__spbs_auto.sol,3,26.249013699998613,optimal,cie_core_spbs,52.892561934901224,16,-1,checked active primary model at feasibility tolerance 1.000001e-06; removed 13 inactive auxiliaries,0.06611570241862653,auto
0.276338514441849,0.559585491744744,0.6217616574941618,0.4663212431206215,0,0.0,1158.000001,0.0,cie_core_n016_f012_m004_proc100.lp,0.20379965440086384,0.21934369583821786,427.5000000000001,scip_default,515.000000000001,D:\git\git\RDMCT-A3C\cie\data\core\spbs\cie_core_n016_f012_m004_proc100.lp,654.7168963946633,6,0.2861125704223025,0,76.0,1367.9999999999995,True,spbs_auto,D:\git\git\RDMCT-A3C\cie\results\spbs\cie_spbs_600s_mem2048_repro_v1\s1to3_both\solutions\cie_core_spbs__cie_core_n016_f012_m004_proc100__scip_default__solverseed_1__trainseed_-1__spbs_auto.sol,1,34.29388879999897,optimal,cie_core_spbs,49.74093259953287,16,-1,checked active primary model at feasibility tolerance 1.000001e-06; removed 13 inactive auxiliaries,0.06217616574941589,auto
0.27633851444184926,0.5595854917447438,0.6217616574941609,0.4663212431206206,0,0.0,1158.000001,0.0,cie_core_n016_f012_m004_proc100.lp,0.19257340225166372,0.2253885999780754,425.49999974999986,scip_default,515.0,D:\git\git\RDMCT-A3C\cie\data\core\spbs\cie_core_n016_f012_m004_proc100.lp,1616.6048318744633,6,0.28611256879209873,0,76.0,1335.999998,True,spbs_auto,D:\git\git\RDMCT-A3C\cie\results\spbs\cie_spbs_600s_mem2048_repro_v1\s1to3_both\solutions\cie_core_spbs__cie_core_n016_f012_m004_proc100__scip_default__solverseed_2__trainseed_-1__spbs_auto.sol,2,17.709541699998226,optimal,cie_core_spbs,49.74093259953287,16,-1,checked active primary model at feasibility tolerance 1.000001e-06; removed 13 inactive auxiliaries,0.06217616574941608,auto
0.27633851444184965,0.5595854917447441,0.6217616574941601,0.4663212431206206,0,0.0,1158.000001,0.0,cie_core_n016_f012_m004_proc100.lp,0.22797927441452565,0.2754749565842189,437.8749999999999,scip_default,572.9999999999991,D:\git\git\RDMCT-A3C\cie\data\core\spbs\cie_core_n016_f012_m004_proc100.lp,1705.991421398001,6,0.2861125704223025,0,76.0,1534.0000000000005,True,spbs_auto,D:\git\git\RDMCT-A3C\cie\results\spbs\cie_spbs_600s_mem2048_repro_v1\s1to3_both\solutions\cie_core_spbs__cie_core_n016_f012_m004_proc100__scip_default__solverseed_3__trainseed_-1__spbs_auto.sol,3,19.47239400000035,optimal,cie_core_spbs,49.74093259953287,16,-1,checked active primary model at feasibility tolerance 1.000001e-06; removed 13 inactive auxiliaries,0.06217616574941608,auto
0.2601626014145021,0.5268292678643668,0.6439024385008922,0.4829268288756693,0,0.0,1230.000001,0.0,cie_core_n016_f012_m004_proc110.lp,0.21463414535395597,0.25934959247207373,460.3749996250001,scip_default,609.0,D:\git\git\RDMCT-A3C\cie\data\core\spbs\cie_core_n016_f012_m004_proc110.lp,620.0651260120349,6,0.26540200748447956,0,76.0,1533.9999960000002,True,spbs_auto,D:\git\git\RDMCT-A3C\cie\results\spbs\cie_spbs_600s_mem2048_repro_v1\s1to3_both\solutions\cie_core_spbs__cie_core_n016_f012_m004_proc110__scip_default__solverseed_1__trainseed_-1__spbs_auto.sol,1,7.80295119999937,optimal,cie_core_spbs,46.82926825461035,16,-1,checked active primary model at feasibility tolerance 1.000001e-06; removed 13 inactive auxiliaries,0.05853658531826293,auto
0.2601626014145018,0.5268292678643657,0.6439024385008931,0.48292682887567,0,0.0,1230.000001,0.0,cie_core_n016_f012_m004_proc110.lp,0.21463414616696408,0.2593495932850816,460.3750000000001,scip_default,609.000000000001,D:\git\git\RDMCT-A3C\cie\data\core\spbs\cie_core_n016_f012_m004_proc110.lp,1250.651435374226,6,0.26540200902444144,0,76.0,1534.0,True,spbs_auto,D:\git\git\RDMCT-A3C\cie\results\spbs\cie_spbs_600s_mem2048_repro_v1\s1to3_both\solutions\cie_core_spbs__cie_core_n016_f012_m004_proc110__scip_default__solverseed_2__trainseed_-1__spbs_auto.sol,2,13.663100699999632,optimal,cie_core_spbs,46.82926825461035,16,-1,checked active primary model at feasibility tolerance 1.000001e-06; removed 13 inactive auxiliaries,0.05853658531826293,auto
0.2601626014145023,0.5268292678643668,0.6439024385008916,0.48292682887566846,0,0.0,1230.000001,0.0,cie_core_n016_f012_m004_proc110.lp,0.19186991854319518,0.20650406487276124,449.9999999999999,scip_default,550.9999999999991,D:\git\git\RDMCT-A3C\cie\data\core\spbs\cie_core_n016_f012_m004_proc110.lp,1235.2770661694715,6,0.26540200902444144,0,76.0,1368.0000000000005,True,spbs_auto,D:\git\git\RDMCT-A3C\cie\results\spbs\cie_spbs_600s_mem2048_repro_v1\s1to3_both\solutions\cie_core_spbs__cie_core_n016_f012_m004_proc110__scip_default__solverseed_3__trainseed_-1__spbs_auto.sol,3,19.644339699996635,optimal,cie_core_spbs,46.82926825461035,16,-1,checked active primary model at feasibility tolerance 1.000001e-06; removed 13 inactive auxiliaries,0.05853658531826293,auto
0.04568383439176939,0.09250976464333302,0.1709336803492038,0.1709336803492038,2,0.04758732749142645,10506.9989503,4.070945438851351,cie_core_n024_f000_m024_proc090.lp,0.02855239649485587,0.034262875793827044,472.0,scip_default,472.0,D:\git\git\RDMCT-A3C\cie\data\core\spbs\cie_core_n024_f000_m024_proc090.lp,43410.715606151985,4,0.0,0.0,28.0,672.0,True,spbs_auto,D:\git\git\RDMCT-A3C\cie\results\spbs\cie_spbs_600s_mem2048_repro_v1\s1to3_both\solutions\cie_core_spbs__cie_core_n024_f000_m024_proc090__scip_default__solverseed_1__trainseed_-1__spbs_auto.sol,1,539.5989611000005,timelimit,cie_core_spbs,8.22309019051849,24,-1,checked active primary model at feasibility tolerance 1.000001e-06; removed 13 inactive auxiliaries,0.010659561358079524,auto
0.04568383439176939,0.09250976464333302,0.1709336803492038,0.1709336803492038,2,0.04758732749142645,10506.9989503,4.080753843955512,cie_core_n024_f000_m024_proc090.lp,0.02855239649485587,0.034262875793827044,472.0,scip_default,472.0,D:\git\git\RDMCT-A3C\cie\data\core\spbs\cie_core_n024_f000_m024_proc090.lp,43435.1501417358,4,0.0,0.0,28.0,672.0,True,spbs_auto,D:\git\git\RDMCT-A3C\cie\results\spbs\cie_spbs_600s_mem2048_repro_v1\s1to3_both\solutions\cie_core_spbs__cie_core_n024_f000_m024_proc090__scip_default__solverseed_2__trainseed_-1__spbs_auto.sol,2,539.813543799999,timelimit,cie_core_spbs,8.22309019051849,24,-1,checked active primary model at feasibility tolerance 1.000001e-06; removed 13 inactive auxiliaries,0.010659561358079524,auto
0.04568383439176939,0.09250976464333302,0.1709336803492038,0.1709336803492038,2,0.04758732749142645,10506.9989503,4.070945438851351,cie_core_n024_f000_m024_proc090.lp,0.02855239649485587,0.034262875793827044,472.0,scip_default,472.0,D:\git\git\RDMCT-A3C\cie\data\core\spbs\cie_core_n024_f000_m024_proc090.lp,43426.362319432665,4,0.0,0.0,28.0,672.0,True,spbs_auto,D:\git\git\RDMCT-A3C\cie\results\spbs\cie_spbs_600s_mem2048_repro_v1\s1to3_both\solutions\cie_core_spbs__cie_core_n024_f000_m024_proc090__scip_default__solverseed_3__trainseed_-1__spbs_auto.sol,3,539.7929454000005,timelimit,cie_core_spbs,8.22309019051849,24,-1,checked active primary model at feasibility tolerance 1.000001e-06; removed 13 inactive auxiliaries,0.010659561358079524,auto
0.04568383439176939,0.09250976464333302,0.18463883066673462,0.18463883066673462,2,0.04758732749142645,10506.9989503,3.7499995250000073,cie_core_n024_f000_m024_proc100.lp,0.02855239649485587,0.034262875793827044,508.0,scip_default,508.0,D:\git\git\RDMCT-A3C\cie\data\core\spbs\cie_core_n024_f000_m024_proc100.lp,42694.735711578855,4,0.0,0.0,28.0,672.0,True,spbs_auto,D:\git\git\RDMCT-A3C\cie\results\spbs\cie_spbs_600s_mem2048_repro_v1\s1to3_both\solutions\cie_core_spbs__cie_core_n024_f000_m024_proc100__scip_default__solverseed_1__trainseed_-1__spbs_auto.sol,1,539.8051763000003,timelimit,cie_core_spbs,8.22309019051849,24,-1,checked active primary model at feasibility tolerance 1.000001e-06; removed 13 inactive auxiliaries,0.010659561358079524,auto
0.04568383439176939,0.09250976464333302,0.18463883066673462,0.18463883066673462,2,0.04758732749142645,10506.9989503,3.737150112398557,cie_core_n024_f000_m024_proc100.lp,0.02855239649485587,0.034262875793827044,508.0,scip_default,508.0,D:\git\git\RDMCT-A3C\cie\data\core\spbs\cie_core_n024_f000_m024_proc100.lp,42683.29828679607,4,0.0,0.0,28.0,672.0,True,spbs_auto,D:\git\git\RDMCT-A3C\cie\results\spbs\cie_spbs_600s_mem2048_repro_v1\s1to3_both\solutions\cie_core_spbs__cie_core_n024_f000_m024_proc100__scip_default__solverseed_2__trainseed_-1__spbs_auto.sol,2,539.8043580000012,timelimit,cie_core_spbs,8.22309019051849,24,-1,checked active primary model at feasibility tolerance 1.000001e-06; removed 13 inactive auxiliaries,0.010659561358079524,auto
0.04568383439176939,0.09250976464333302,0.18463883066673462,0.18463883066673462,2,0.04758732749142645,10506.9989503,3.749999525,cie_core_n024_f000_m024_proc100.lp,0.02855239649485587,0.034262875793827044,508.0,scip_default,508.0,D:\git\git\RDMCT-A3C\cie\data\core\spbs\cie_core_n024_f000_m024_proc100.lp,42694.73571157883,4,0.0,0.0,28.0,672.0,True,spbs_auto,D:\git\git\RDMCT-A3C\cie\results\spbs\cie_spbs_600s_mem2048_repro_v1\s1to3_both\solutions\cie_core_spbs__cie_core_n024_f000_m024_proc100__scip_default__solverseed_3__trainseed_-1__spbs_auto.sol,3,539.7930816999979,timelimit,cie_core_spbs,8.22309019051849,24,-1,checked active primary model at feasibility tolerance 1.000001e-06; removed 13 inactive auxiliaries,0.010659561358079524,auto
0.04568383439176939,0.09250976464333302,0.19834398098426542,0.19834398098426542,2,0.04758732749142645,10506.9989503,3.587677764883708,cie_core_n024_f000_m024_proc110.lp,0.02855239649485587,0.034262875793827044,544.0,scip_default,544.0,D:\git\git\RDMCT-A3C\cie\data\core\spbs\cie_core_n024_f000_m024_proc110.lp,42302.063514034686,4,0.0,0.0,28.0,672.0,True,spbs_auto,D:\git\git\RDMCT-A3C\cie\results\spbs\cie_spbs_600s_mem2048_repro_v1\s1to3_both\solutions\cie_core_spbs__cie_core_n024_f000_m024_proc110__scip_default__solverseed_1__trainseed_-1__spbs_auto.sol,1,539.7865481000008,timelimit,cie_core_spbs,8.22309019051849,24,-1,checked active primary model at feasibility tolerance 1.000001e-06; removed 13 inactive auxiliaries,0.010659561358079524,auto
0.04568383439176939,0.09250976464333302,0.19834398098426542,0.19834398098426542,2,0.04758732749142645,10506.9989503,3.4521181988559317,cie_core_n024_f000_m024_proc110.lp,0.02855239649485587,0.034262875793827044,544.0,scip_default,544.0,D:\git\git\RDMCT-A3C\cie\data\core\spbs\cie_core_n024_f000_m024_proc110.lp,41944.91080455832,4,0.0,0.0,28.0,672.0,True,spbs_auto,D:\git\git\RDMCT-A3C\cie\results\spbs\cie_spbs_600s_mem2048_repro_v1\s1to3_both\solutions\cie_core_spbs__cie_core_n024_f000_m024_proc110__scip_default__solverseed_2__trainseed_-1__spbs_auto.sol,2,539.784192799998,timelimit,cie_core_spbs,8.22309019051849,24,-1,checked active primary model at feasibility tolerance 1.000001e-06; removed 13 inactive auxiliaries,0.010659561358079524,auto
0.04568383439176939,0.09250976464333302,0.19834398098426542,0.19834398098426542,2,0.04758732749142645,10506.9989503,3.4408279582840233,cie_core_n024_f000_m024_proc110.lp,0.02855239649485587,0.034262875793827044,544.0,scip_default,544.0,D:\git\git\RDMCT-A3C\cie\data\core\spbs\cie_core_n024_f000_m024_proc110.lp,41919.59936834084,4,0.0,0.0,28.0,672.0,True,spbs_auto,D:\git\git\RDMCT-A3C\cie\results\spbs\cie_spbs_600s_mem2048_repro_v1\s1to3_both\solutions\cie_core_spbs__cie_core_n024_f000_m024_proc110__scip_default__solverseed_3__trainseed_-1__spbs_auto.sol,3,539.786142099998,timelimit,cie_core_spbs,8.22309019051849,24,-1,checked active primary model at feasibility tolerance 1.000001e-06; removed 13 inactive auxiliaries,0.010659561358079524,auto
0.0456490773137761,0.0924393815603966,0.17080363094904558,0.15539706735564612,2,0.0475511222018501,10514.9989495,3.9692811665879018,cie_core_n024_f006_m018_proc090.lp,0.03518783042936908,0.04289111222606879,505.1666666666667,scip_default,625.0,D:\git\git\RDMCT-A3C\cie\data\core\spbs\cie_core_n024_f006_m018_proc090.lp,43222.36696788577,8,0.2085761945353705,99.0,126.0,1984.0,True,spbs_auto,D:\git\git\RDMCT-A3C\cie\results\spbs\cie_spbs_600s_mem2048_repro_v1\s1to3_both\solutions\cie_core_spbs__cie_core_n024_f006_m018_proc090__scip_default__solverseed_1__trainseed_-1__spbs_auto.sol,1,539.7787334999994,timelimit,cie_core_spbs,8.216833916479699,24,-1,checked active primary model at feasibility tolerance 1.000001e-06; removed 13 inactive auxiliaries,0.012553496261288427,auto
0.0456490773137761,0.0924393815603966,0.17080363094904558,0.15539706735564612,2,0.0475511222018501,10514.9989495,3.9692811665879018,cie_core_n024_f006_m018_proc090.lp,0.03518783042936908,0.04289111222606879,505.1666666666667,scip_default,625.0,D:\git\git\RDMCT-A3C\cie\data\core\spbs\cie_core_n024_f006_m018_proc090.lp,43216.92711950536,8,0.2085761945353705,99.0,126.0,1984.0,True,spbs_auto,D:\git\git\RDMCT-A3C\cie\results\spbs\cie_spbs_600s_mem2048_repro_v1\s1to3_both\solutions\cie_core_spbs__cie_core_n024_f006_m018_proc090__scip_default__solverseed_2__trainseed_-1__spbs_auto.sol,2,539.7950429000011,timelimit,cie_core_spbs,8.216833916479699,24,-1,checked active primary model at feasibility tolerance 1.000001e-06; removed 13 inactive auxiliaries,0.012553496261288427,auto
0.0456490773137761,0.0924393815603966,0.17080363094904558,0.15539706735564612,2,0.0475511222018501,10514.9989495,3.978692683948864,cie_core_n024_f006_m018_proc090.lp,0.03518783042936908,0.04289111222606879,505.1666666666667,scip_default,625.0,D:\git\git\RDMCT-A3C\cie\data\core\spbs\cie_core_n024_f006_m018_proc090.lp,43248.35841128377,8,0.21179203778215375,99.0,126.0,1968.0,True,spbs_auto,D:\git\git\RDMCT-A3C\cie\results\spbs\cie_spbs_600s_mem2048_repro_v1\s1to3_both\solutions\cie_core_spbs__cie_core_n024_f006_m018_proc090__scip_default__solverseed_3__trainseed_-1__spbs_auto.sol,3,539.8033330000035,timelimit,cie_core_spbs,8.216833916479699,24,-1,checked active primary model at feasibility tolerance 1.000001e-06; removed 13 inactive auxiliaries,0.012553496261288427,auto
0.0456490773137761,0.0924393815603966,0.1844983541431784,0.16737995015051235,2,0.0475511222018501,10514.9989495,3.6485406492042443,cie_core_n024_f006_m018_proc100.lp,0.02853067332111006,0.034997625940561675,549.0,scip_default,1034.0,D:\git\git\RDMCT-A3C\cie\data\core\spbs\cie_core_n024_f006_m018_proc100.lp,42482.19566335243,4,0.21465741571734478,0.0,634.0,2488.0,True,spbs_auto,D:\git\git\RDMCT-A3C\cie\results\spbs\cie_spbs_600s_mem2048_repro_v1\s1to3_both\solutions\cie_core_spbs__cie_core_n024_f006_m018_proc100__scip_default__solverseed_1__trainseed_-1__spbs_auto.sol,1,539.8010466999986,timelimit,cie_core_spbs,8.216833916479699,24,-1,checked active primary model at feasibility tolerance 1.000001e-06; removed 13 inactive auxiliaries,0.012553496261288427,auto
0.0456490773137761,0.0924393815603966,0.1844983541431784,0.16737995015051235,2,0.0475511222018501,10514.9989495,3.636242922619048,cie_core_n024_f006_m018_proc100.lp,0.02853067332111006,0.034997625940561675,549.0,scip_default,1034.0,D:\git\git\RDMCT-A3C\cie\data\core\spbs\cie_core_n024_f006_m018_proc100.lp,42461.853339765934,4,0.21465741571734478,0.0,634.0,2488.0,True,spbs_auto,D:\git\git\RDMCT-A3C\cie\results\spbs\cie_spbs_600s_mem2048_repro_v1\s1to3_both\solutions\cie_core_spbs__cie_core_n024_f006_m018_proc100__scip_default__solverseed_2__trainseed_-1__spbs_auto.sol,2,539.7738510000017,timelimit,cie_core_spbs,8.216833916479699,24,-1,checked active primary model at feasibility tolerance 1.000001e-06; removed 13 inactive auxiliaries,0.012553496261288427,auto
0.0456490773137761,0.0924393815603966,0.1844983541431784,0.16737995015051235,2,0.0475511222018501,10514.9989495,3.6526544019911507,cie_core_n024_f006_m018_proc100.lp,0.02853067332111006,0.034997625940561675,549.0,scip_default,1034.0,D:\git\git\RDMCT-A3C\cie\data\core\spbs\cie_core_n024_f006_m018_proc100.lp,42485.4386963803,4,0.21465741571734478,0.0,634.0,2488.0,True,spbs_auto,D:\git\git\RDMCT-A3C\cie\results\spbs\cie_spbs_600s_mem2048_repro_v1\s1to3_both\solutions\cie_core_spbs__cie_core_n024_f006_m018_proc100__scip_default__solverseed_3__trainseed_-1__spbs_auto.sol,3,536.3298330000034,timelimit,cie_core_spbs,8.216833916479699,24,-1,checked active primary model at feasibility tolerance 1.000001e-06; removed 13 inactive auxiliaries,0.012553496261288427,auto
0.0456490773137761,0.0924393815603966,0.19819307733731123,0.17936283294537858,2,0.0475511222018501,10514.9989495,3.3812495618750003,cie_core_n024_f006_m018_proc110.lp,0.05601522195377942,0.043842134670105795,616.5,scip_default,944.0,D:\git\git\RDMCT-A3C\cie\data\core\spbs\cie_core_n024_f006_m018_proc110.lp,41766.35160592665,8,0.009304036594559837,6.0,404.0,3612.0,True,spbs_auto,D:\git\git\RDMCT-A3C\cie\results\spbs\cie_spbs_600s_mem2048_repro_v1\s1to3_both\solutions\cie_core_spbs__cie_core_n024_f006_m018_proc110__scip_default__solverseed_1__trainseed_-1__spbs_auto.sol,1,539.7898004000017,timelimit,cie_core_spbs,8.216833916479699,24,-1,checked active primary model at feasibility tolerance 1.000001e-06; removed 13 inactive auxiliaries,0.012553496261288427,auto
0.0456490773137761,0.0924393815603966,0.19819307733731123,0.17936283294537858,2,0.0475511222018501,10514.9989495,3.370323752493766,cie_core_n024_f006_m018_proc110.lp,0.05601522195377942,0.043842134670105795,616.5,scip_default,944.0,D:\git\git\RDMCT-A3C\cie\data\core\spbs\cie_core_n024_f006_m018_proc110.lp,41751.40153310497,8,0.009304036594559837,6.0,404.0,3612.0,True,spbs_auto,D:\git\git\RDMCT-A3C\cie\results\spbs\cie_spbs_600s_mem2048_repro_v1\s1to3_both\solutions\cie_core_spbs__cie_core_n024_f006_m018_proc110__scip_default__solverseed_2__trainseed_-1__spbs_auto.sol,2,539.7966527999997,timelimit,cie_core_spbs,8.216833916479699,24,-1,checked active primary model at feasibility tolerance 1.000001e-06; removed 13 inactive auxiliaries,0.012553496261288427,auto
0.0456490773137761,0.0924393815603966,0.19819307733731123,0.17936283294537858,2,0.0475511222018501,10514.9989495,3.388563834933222,cie_core_n024_f006_m018_proc110.lp,0.06371850375047913,0.036138852873406076,616.5,scip_default,944.0,D:\git\git\RDMCT-A3C\cie\data\core\spbs\cie_core_n024_f006_m018_proc110.lp,41786.437199946624,8,0.009304036594559837,6.0,404.0,3612.0,True,spbs_auto,D:\git\git\RDMCT-A3C\cie\results\spbs\cie_spbs_600s_mem2048_repro_v1\s1to3_both\solutions\cie_core_spbs__cie_core_n024_f006_m018_proc110__scip_default__solverseed_3__trainseed_-1__spbs_auto.sol,3,539.7694949000033,timelimit,cie_core_spbs,8.216833916479699,24,-1,checked active primary model at feasibility tolerance 1.000001e-06; removed 13 inactive auxiliaries,0.012553496261288427,auto
0.22641509423282116,0.4584905658214631,0.7707547166175617,0.38207547151788535,1,0.11792452824626092,2120.00000100002,0.0,cie_core_n024_f012_m012_proc090.lp,0.42122641489564394,0.4051886790541531,524.1666665416647,scip_default,723.0000000000009,D:\git\git\RDMCT-A3C\cie\data\core\spbs\cie_core_n024_f012_m012_proc090.lp,41162.13584461581,6,0.2633859943635115,5.000108558306238e-07,259.0,3916.0000000000023,True,spbs_auto,D:\git\git\RDMCT-A3C\cie\results\spbs\cie_spbs_600s_mem2048_repro_v1\s1to3_both\solutions\cie_core_spbs__cie_core_n024_f012_m012_proc090__scip_default__solverseed_1__trainseed_-1__spbs_auto.sol,1,513.8633542000025,optimal,cie_core_spbs,40.75471696190777,24,-1,checked active primary model at feasibility tolerance 1.000001e-06; removed 13 inactive auxiliaries,0.052830188654324886,auto
0.22641509423281753,0.4584905658214536,0.7707547166175528,0.38207547151787996,1,0.11792452824625924,2120.00000100005,0.0,cie_core_n024_f012_m012_proc090.lp,0.3650943394504186,0.37924528283997205,562.9166666666654,scip_default,1325.999999999995,D:\git\git\RDMCT-A3C\cie\data\core\spbs\cie_core_n024_f012_m012_proc090.lp,38913.43335240811,6,0.263385993847651,5.002220859751105e-12,713.000000000005,4845.999999999979,True,spbs_auto,D:\git\git\RDMCT-A3C\cie\results\spbs\cie_spbs_600s_mem2048_repro_v1\s1to3_both\solutions\cie_core_spbs__cie_core_n024_f012_m012_proc090__scip_default__solverseed_2__trainseed_-1__spbs_auto.sol,2,494.0331269999988,optimal,cie_core_spbs,40.75471696190719,24,-1,checked active primary model at feasibility tolerance 1.000001e-06; removed 13 inactive auxiliaries,0.05283018865432392,auto
0.0456490773137761,0.0924393815603966,0.15539706735564612,0.07703281796699717,1,0.02377556110092505,10514.9989495,4.02148946919769,cie_core_n024_f012_m012_proc090.lp,0.07180219452479365,0.03566334165138758,683.6666666666666,scip_default,2585.0,D:\git\git\RDMCT-A3C\cie\data\core\spbs\cie_core_n024_f012_m012_proc090.lp,43312.293112177664,4,0.3371333808299439,0.0,1866.0,7400.0,True,spbs_auto,D:\git\git\RDMCT-A3C\cie\results\spbs\cie_spbs_600s_mem2048_repro_v1\s1to3_both\solutions\cie_core_spbs__cie_core_n024_f012_m012_proc090__scip_default__solverseed_3__trainseed_-1__spbs_auto.sol,3,539.473926300001,timelimit,cie_core_spbs,8.216833916479699,24,-1,checked active primary model at feasibility tolerance 1.000001e-06; removed 13 inactive auxiliaries,0.010651451373214422,auto
0.213713267936903,0.432769367572228,0.7836153157686429,0.4007123773816913,1,0.1113089937171371,2246.00000100001,0.0,cie_core_n024_f012_m012_proc100.lp,0.2132680319620342,0.20569902061189044,545.583333625003,scip_default,1109.9999999999989,D:\git\git\RDMCT-A3C\cie\data\core\spbs\cie_core_n024_f012_m012_proc100.lp,24693.476437015303,6,0.2267567120424005,63.9999994999971,486.0,3342.000003000051,True,spbs_auto,D:\git\git\RDMCT-A3C\cie\results\spbs\cie_spbs_600s_mem2048_repro_v1\s1to3_both\solutions\cie_core_spbs__cie_core_n024_f012_m012_proc100__scip_default__solverseed_1__trainseed_-1__spbs_auto.sol,1,312.90102939999997,optimal,cie_core_spbs,38.46838822864258,24,-1,checked active primary model at feasibility tolerance 1.000001e-06; removed 13 inactive auxiliaries,0.049866429185277616,auto
0.0456490773137761,0.0924393815603966,0.16737995015051235,0.08559201996333018,1,0.02377556110092505,10514.9989495,3.75361616116635,cie_core_n024_f012_m012_proc100.lp,0.061911561106808836,0.08121731672075998,601.0,scip_default,1292.0,D:\git\git\RDMCT-A3C\cie\data\core\spbs\cie_core_n024_f012_m012_proc100.lp,42703.603245063096,6,0.24014605321403706,0.0,651.0,5112.0,True,spbs_auto,D:\git\git\RDMCT-A3C\cie\results\spbs\cie_spbs_600s_mem2048_repro_v1\s1to3_both\solutions\cie_core_spbs__cie_core_n024_f012_m012_proc100__scip_default__solverseed_2__trainseed_-1__spbs_auto.sol,2,539.649986700002,timelimit,cie_core_spbs,8.216833916479699,24,-1,checked active primary model at feasibility tolerance 1.000001e-06; removed 13 inactive auxiliaries,0.010651451373214422,auto
0.0456490773137761,0.0924393815603966,0.16737995015051235,0.08559201996333018,1,0.02377556110092505,10514.9989495,3.7279671531025182,cie_core_n024_f012_m012_proc100.lp,0.051545416466805515,0.0915834613607633,601.0,scip_default,1292.0,D:\git\git\RDMCT-A3C\cie\data\core\spbs\cie_core_n024_f012_m012_proc100.lp,42648.101575223845,6,0.24014605321403706,0.0,651.0,5112.0,True,spbs_auto,D:\git\git\RDMCT-A3C\cie\results\spbs\cie_spbs_600s_mem2048_repro_v1\s1to3_both\solutions\cie_core_spbs__cie_core_n024_f012_m012_proc100__scip_default__solverseed_3__trainseed_-1__spbs_auto.sol,3,539.7663494999979,timelimit,cie_core_spbs,8.216833916479699,24,-1,checked active primary model at feasibility tolerance 1.000001e-06; removed 13 inactive auxiliaries,0.010651451373214422,auto
0.0456490773137761,0.0924393815603966,0.17936283294537858,0.0941512219596632,1,0.02377556110092505,10514.9989495,3.474467637659554,cie_core_n024_f012_m012_proc110.lp,0.06096053866277183,0.05611032419818312,558.5,scip_default,845.0,D:\git\git\RDMCT-A3C\cie\data\core\spbs\cie_core_n024_f012_m012_proc110.lp,41999.01755570573,4,0.2206747516020881,0.0,417.0,3444.0,True,spbs_auto,D:\git\git\RDMCT-A3C\cie\results\spbs\cie_spbs_600s_mem2048_repro_v1\s1to3_both\solutions\cie_core_spbs__cie_core_n024_f012_m012_proc110__scip_default__solverseed_1__trainseed_-1__spbs_auto.sol,1,539.8298499999983,timelimit,cie_core_spbs,8.216833916479699,24,-1,checked active primary model at feasibility tolerance 1.000001e-06; removed 13 inactive auxiliaries,0.010651451373214422,auto
0.0456490773137761,0.0924393815603966,0.17936283294537858,0.0941512219596632,1,0.02377556110092505,10514.9989495,3.478278938884136,cie_core_n024_f012_m012_proc110.lp,0.07522587532332686,0.04184498753762809,558.5,scip_default,845.0,D:\git\git\RDMCT-A3C\cie\data\core\spbs\cie_core_n024_f012_m012_proc110.lp,42016.12814065223,4,0.2206747516020881,0.0,417.0,3444.0,True,spbs_auto,D:\git\git\RDMCT-A3C\cie\results\spbs\cie_spbs_600s_mem2048_repro_v1\s1to3_both\solutions\cie_core_spbs__cie_core_n024_f012_m012_proc110__scip_default__solverseed_2__trainseed_-1__spbs_auto.sol,2,539.7492751000027,timelimit,cie_core_spbs,8.216833916479699,24,-1,checked active primary model at feasibility tolerance 1.000001e-06; removed 13 inactive auxiliaries,0.010651451373214422,auto
0.2023608768118208,0.4097807755439371,0.795109611806446,0.41736930842438047,1,0.10539629000615672,2372.000001,0.0,cie_core_n024_f012_m012_proc110.lp,0.28541315333667244,0.19519392909140212,539.4166666666666,scip_default,760.0,D:\git\git\RDMCT-A3C\cie\data\core\spbs\cie_core_n024_f012_m012_proc110.lp,22630.089710132128,6,0.22067475160208813,1.1368683772161603e-13,353.0000000000001,2986.0,True,spbs_auto,D:\git\git\RDMCT-A3C\cie\results\spbs\cie_spbs_600s_mem2048_repro_v1\s1to3_both\solutions\cie_core_spbs__cie_core_n024_f012_m012_proc110__scip_default__solverseed_3__trainseed_-1__spbs_auto.sol,3,290.64072939999824,optimal,cie_core_spbs,36.42495782612776,24,-1,checked active primary model at feasibility tolerance 1.000001e-06; removed 13 inactive auxiliaries,0.04721753792275821,auto
0.22388059691050263,0.453358208743767,0.7621268653161695,0.3022388058291783,1,0.11660447755755335,2144.00000100001,0.0,cie_core_n024_f018_m006_proc090.lp,0.21828358152131727,0.24160447843209568,442.3333335833359,scip_default,727.0000010000119,D:\git\git\RDMCT-A3C\cie\data\core\spbs\cie_core_n024_f018_m006_proc090.lp,35064.54269424407,6,0.2798588709279272,65.99999899999102,340.00000100001193,2948.000006000062,True,spbs_auto,D:\git\git\RDMCT-A3C\cie\results\spbs\cie_spbs_600s_mem2048_repro_v1\s1to3_both\solutions\cie_core_spbs__cie_core_n024_f018_m006_proc090__scip_default__solverseed_1__trainseed_-1__spbs_auto.sol,1,446.08380209999814,optimal,cie_core_spbs,40.298507443890436,24,-1,checked active primary model at feasibility tolerance 1.000001e-06; removed 13 inactive auxiliaries,0.061567164150388376,auto
0.22388059691050377,0.4533582087437693,0.7621268653161698,0.3022388058291798,1,0.11660447755755389,2144.000001,0.0,cie_core_n024_f018_m006_proc090.lp,0.17304104469540996,0.2196828357184292,466.00000016666627,scip_default,1132.000001,D:\git\git\RDMCT-A3C\cie\data\core\spbs\cie_core_n024_f018_m006_proc090.lp,38453.80181049826,6,0.330034902802185,65.999998999995,687.000001,3516.0000040000004,True,spbs_auto,D:\git\git\RDMCT-A3C\cie\results\spbs\cie_spbs_600s_mem2048_repro_v1\s1to3_both\solutions\cie_core_spbs__cie_core_n024_f018_m006_proc090__scip_default__solverseed_2__trainseed_-1__spbs_auto.sol,2,498.7447455999936,optimal,cie_core_spbs,40.29850744389062,24,-1,checked active primary model at feasibility tolerance 1.000001e-06; removed 13 inactive auxiliaries,0.06156716415038867,auto
0.0456490773137761,0.0924393815603966,0.15539706735564612,0.061626254373597734,1,0.02377556110092505,10514.9989495,3.9552304187087146,cie_core_n024_f018_m006_proc090.lp,0.02853067332111006,0.04174988529322439,437.0833333333333,scip_default,913.0,D:\git\git\RDMCT-A3C\cie\data\core\spbs\cie_core_n024_f018_m006_proc090.lp,43203.78398932741,6,0.47169899229661355,0.0,198.0,2478.0,True,spbs_auto,D:\git\git\RDMCT-A3C\cie\results\spbs\cie_spbs_600s_mem2048_repro_v1\s1to3_both\solutions\cie_core_spbs__cie_core_n024_f018_m006_proc090__scip_default__solverseed_3__trainseed_-1__spbs_auto.sol,3,539.6646731000001,timelimit,cie_core_spbs,8.216833916479699,24,-1,checked active primary model at feasibility tolerance 1.000001e-06; removed 13 inactive auxiliaries,0.012553496261288427,auto
0.21145374440024095,0.4281938324104869,0.7753303961342157,0.3171806166003609,1,0.11013215854179201,2270.000001,0.0,cie_core_n024_f018_m006_proc100.lp,0.3110132157220207,0.2850220263061577,518.3750001666668,scip_default,925.5000010000011,D:\git\git\RDMCT-A3C\cie\data\core\spbs\cie_core_n024_f018_m006_proc100.lp,41283.28123289962,6,0.3744601696794789,65.99999899999898,485.50000100000113,4233.000004000005,True,spbs_auto,D:\git\git\RDMCT-A3C\cie\results\spbs\cie_spbs_600s_mem2048_repro_v1\s1to3_both\solutions\cie_core_spbs__cie_core_n024_f018_m006_proc100__scip_default__solverseed_1__trainseed_-1__spbs_auto.sol,1,524.8666097000023,optimal,cie_core_spbs,38.06167399204332,24,-1,checked active primary model at feasibility tolerance 1.000001e-06; removed 13 inactive auxiliaries,0.05814977971006618,auto
0.21145374440024084,0.42819383241048553,0.775330396134214,0.31718061660036095,1,0.11013215854179201,2270.000001,0.0,cie_core_n024_f018_m006_proc100.lp,0.27004405274446924,0.2885462553794938,484.0000001666669,scip_default,672.5000000000098,D:\git\git\RDMCT-A3C\cie\data\core\spbs\cie_core_n024_f018_m006_proc100.lp,34390.80557223795,6,0.2873079185355183,65.99999899999602,202.0000010000001,3352.0000040000086,True,spbs_auto,D:\git\git\RDMCT-A3C\cie\results\spbs\cie_spbs_600s_mem2048_repro_v1\s1to3_both\solutions\cie_core_spbs__cie_core_n024_f018_m006_proc100__scip_default__solverseed_2__trainseed_-1__spbs_auto.sol,2,436.14874129999953,optimal,cie_core_spbs,38.06167399204332,24,-1,checked active primary model at feasibility tolerance 1.000001e-06; removed 13 inactive auxiliaries,0.05814977971006638,auto
0.0456490773137761,0.0924393815603966,0.16737995015051235,0.06847361597066415,1,0.02377556110092505,10514.9989495,3.7068034684422564,cie_core_n024_f018_m006_proc100.lp,0.02853067332111006,0.03870661347230599,461.0833333333333,scip_default,949.0,D:\git\git\RDMCT-A3C\cie\data\core\spbs\cie_core_n024_f018_m006_proc100.lp,42651.10680614729,6,0.4685118867673158,0.0,266.0,2586.0,True,spbs_auto,D:\git\git\RDMCT-A3C\cie\results\spbs\cie_spbs_600s_mem2048_repro_v1\s1to3_both\solutions\cie_core_spbs__cie_core_n024_f018_m006_proc100__scip_default__solverseed_3__trainseed_-1__spbs_auto.sol,3,539.1940896000015,timelimit,cie_core_spbs,8.216833916479699,24,-1,checked active primary model at feasibility tolerance 1.000001e-06; removed 13 inactive auxiliaries,0.012553496261288427,auto
0.0456490773137761,0.0924393815603966,0.17936283294537858,0.07532097756773057,1,0.02377556110092505,10514.9989495,3.436708417088608,cie_core_n024_f018_m006_proc110.lp,0.02853067332111006,0.04174988529322439,486.5833333333333,scip_default,967.0,D:\git\git\RDMCT-A3C\cie\data\core\spbs\cie_core_n024_f018_m006_proc110.lp,41958.36303739598,6,0.47293265751095787,0.0,252.0,2730.0,True,spbs_auto,D:\git\git\RDMCT-A3C\cie\results\spbs\cie_spbs_600s_mem2048_repro_v1\s1to3_both\solutions\cie_core_spbs__cie_core_n024_f018_m006_proc110__scip_default__solverseed_1__trainseed_-1__spbs_auto.sol,1,539.7313625999959,timelimit,cie_core_spbs,8.216833916479699,24,-1,checked active primary model at feasibility tolerance 1.000001e-06; removed 13 inactive auxiliaries,0.012553496261288427,auto
0.0456490773137761,0.0924393815603966,0.17936283294537858,0.07532097756773057,1,0.02377556110092505,10514.9989495,3.459287085877856,cie_core_n024_f018_m006_proc110.lp,0.02853067332111006,0.04174988529322439,486.5833333333333,scip_default,967.0,D:\git\git\RDMCT-A3C\cie\data\core\spbs\cie_core_n024_f018_m006_proc110.lp,42004.84901446491,6,0.47293265751095787,0.0,252.0,2730.0,True,spbs_auto,D:\git\git\RDMCT-A3C\cie\results\spbs\cie_spbs_600s_mem2048_repro_v1\s1to3_both\solutions\cie_core_spbs__cie_core_n024_f018_m006_proc110__scip_default__solverseed_2__trainseed_-1__spbs_auto.sol,2,539.6825268999964,timelimit,cie_core_spbs,8.216833916479699,24,-1,checked active primary model at feasibility tolerance 1.000001e-06; removed 13 inactive auxiliaries,0.012553496261288427,auto
0.0456490773137761,0.0924393815603966,0.17936283294537858,0.07532097756773057,1,0.02377556110092505,10514.9989495,3.459287085877863,cie_core_n024_f018_m006_proc110.lp,0.02853067332111006,0.04174988529322439,486.5833333333333,scip_default,967.0,D:\git\git\RDMCT-A3C\cie\data\core\spbs\cie_core_n024_f018_m006_proc110.lp,41982.641061938375,6,0.47293265751095787,0.0,252.0,2730.0,True,spbs_auto,D:\git\git\RDMCT-A3C\cie\results\spbs\cie_spbs_600s_mem2048_repro_v1\s1to3_both\solutions\cie_core_spbs__cie_core_n024_f018_m006_proc110__scip_default__solverseed_3__trainseed_-1__spbs_auto.sol,3,539.7716158000039,timelimit,cie_core_spbs,8.216833916479699,24,-1,checked active primary model at feasibility tolerance 1.000001e-06; removed 13 inactive auxiliaries,0.012553496261288427,auto
0.060865436418368134,0.12325250874719547,0.20161675813584443,0.20161675813584443,2,0.0475511222018501,10514.9989495,3.3812495618750003,cie_core_n032_f000_m032_proc090.lp,0.05839277806387193,0.06600095761616795,498.75,scip_default,525.5,D:\git\git\RDMCT-A3C\cie\data\core\spbs\cie_core_n032_f000_m032_proc090.lp,41880.169972039825,8,0.0,0.0,53.5,1752.0,True,spbs_auto,D:\git\git\RDMCT-A3C\cie\results\spbs\cie_spbs_600s_mem2048_repro_v1\s1to3_both\solutions\cie_core_spbs__cie_core_n032_f000_m032_proc090__scip_default__solverseed_1__trainseed_-1__spbs_auto.sol,1,539.7510630999968,timelimit,cie_core_spbs,10.955778555306264,32,-1,checked active primary model at feasibility tolerance 1.000001e-06; removed 13 inactive auxiliaries,0.012173087283673627,auto
0.19382192604669235,0.392489400244552,0.6420351300296684,0.6420351300296686,2,0.15142337972397854,3302.000001,0.3735440931780366,cie_core_n032_f000_m032_proc090.lp,0.15581465773597375,0.18458509988352959,487.2499999062499,scip_default,559.5,D:\git\git\RDMCT-A3C\cie\data\core\spbs\cie_core_n032_f000_m032_proc090.lp,18285.75811814576,8,9.961444514192879e-10,5.000040346203605e-07,87.5,1384.0,True,spbs_auto,D:\git\git\RDMCT-A3C\cie\results\spbs\cie_spbs_600s_mem2048_repro_v1\s1to3_both\solutions\cie_core_spbs__cie_core_n032_f000_m032_proc090__scip_default__solverseed_2__trainseed_-1__spbs_auto.sol,2,539.7095759000003,timelimit,cie_core_spbs,34.88794668840462,32,-1,checked active primary model at feasibility tolerance 1.000001e-06; removed 13 inactive auxiliaries,0.038764385209338746,auto
0.060865436418368134,0.12325250874719547,0.20161675813584443,0.20161675813584443,2,0.0475511222018501,10514.9989495,3.373959629159734,cie_core_n032_f000_m032_proc090.lp,0.05839277806387193,0.06600095761616795,498.75,scip_default,525.5,D:\git\git\RDMCT-A3C\cie\data\core\spbs\cie_core_n032_f000_m032_proc090.lp,41864.078672285184,8,0.0,0.0,53.5,1752.0,True,spbs_auto,D:\git\git\RDMCT-A3C\cie\results\spbs\cie_spbs_600s_mem2048_repro_v1\s1to3_both\solutions\cie_core_spbs__cie_core_n032_f000_m032_proc090__scip_default__solverseed_3__trainseed_-1__spbs_auto.sol,3,539.7613267000052,timelimit,cie_core_spbs,10.955778555306264,32,-1,checked active primary model at feasibility tolerance 1.000001e-06; removed 13 inactive auxiliaries,0.012173087283673627,auto
0.060865436418368134,0.12325250874719547,0.21873516212851046,0.21873516212851046,2,0.0475511222018501,10514.9989495,3.069272038893189,cie_core_n032_f000_m032_proc100.lp,0.07227770574681215,0.07446505736809726,602.25,scip_default,1015.0,D:\git\git\RDMCT-A3C\cie\data\core\spbs\cie_core_n032_f000_m032_proc100.lp,40998.14566642111,8,0.16630408907046917,136.0,494.0,3448.0,True,spbs_auto,D:\git\git\RDMCT-A3C\cie\results\spbs\cie_spbs_600s_mem2048_repro_v1\s1to3_both\solutions\cie_core_spbs__cie_core_n032_f000_m032_proc100__scip_default__solverseed_1__trainseed_-1__spbs_auto.sol,1,539.7200795999961,timelimit,cie_core_spbs,10.955778555306264,32,-1,checked active primary model at feasibility tolerance 1.000001e-06; removed 13 inactive auxiliaries,0.012173087283673627,auto
0.060865436418368134,0.12325250874719547,0.21873516212851046,0.21873516212851046,2,0.0475511222018501,10514.9989495,3.066124883410673,cie_core_n032_f000_m032_proc100.lp,0.07389444390167506,0.07284831921323436,602.25,scip_default,1110.0,D:\git\git\RDMCT-A3C\cie\data\core\spbs\cie_core_n032_f000_m032_proc100.lp,40974.92930456486,8,0.16630408907046917,136.0,494.0,3448.0,True,spbs_auto,D:\git\git\RDMCT-A3C\cie\results\spbs\cie_spbs_600s_mem2048_repro_v1\s1to3_both\solutions\cie_core_spbs__cie_core_n032_f000_m032_proc100__scip_default__solverseed_2__trainseed_-1__spbs_auto.sol,2,539.7583757999892,timelimit,cie_core_spbs,10.955778555306264,32,-1,checked active primary model at feasibility tolerance 1.000001e-06; removed 13 inactive auxiliaries,0.012173087283673627,auto
0.060865436418368134,0.12325250874719547,0.21873516212851046,0.21873516212851046,2,0.0475511222018501,10514.9989495,3.069272038893189,cie_core_n032_f000_m032_proc100.lp,0.06514503741653464,0.08159772569837477,602.25,scip_default,1110.0,D:\git\git\RDMCT-A3C\cie\data\core\spbs\cie_core_n032_f000_m032_proc100.lp,40959.33353979248,8,0.16630408907046917,136.0,494.0,3448.0,True,spbs_auto,D:\git\git\RDMCT-A3C\cie\results\spbs\cie_spbs_600s_mem2048_repro_v1\s1to3_both\solutions\cie_core_spbs__cie_core_n032_f000_m032_proc100__scip_default__solverseed_3__trainseed_-1__spbs_auto.sol,3,539.7746426000012,timelimit,cie_core_spbs,10.955778555306264,32,-1,checked active primary model at feasibility tolerance 1.000001e-06; removed 13 inactive auxiliaries,0.012173087283673627,auto
0.060865436418368134,0.12325250874719547,0.2358535661211765,0.2358535661211765,2,0.0475511222018501,10514.9989495,2.8097822277173865,cie_core_n032_f000_m032_proc110.lp,0.07608179552296017,0.07028055861433445,691.625,scip_default,1600.0,D:\git\git\RDMCT-A3C\cie\data\core\spbs\cie_core_n032_f000_m032_proc110.lp,40044.620573078304,6,0.014876510003659069,0.0,1049.0,5564.0,True,spbs_auto,D:\git\git\RDMCT-A3C\cie\results\spbs\cie_spbs_600s_mem2048_repro_v1\s1to3_both\solutions\cie_core_spbs__cie_core_n032_f000_m032_proc110__scip_default__solverseed_1__trainseed_-1__spbs_auto.sol,1,539.7300063000002,timelimit,cie_core_spbs,10.955778555306264,32,-1,checked active primary model at feasibility tolerance 1.000001e-06; removed 13 inactive auxiliaries,0.012173087283673627,auto
0.060865436418368134,0.12325250874719547,0.2358535661211765,0.2358535661211765,2,0.0475511222018501,10514.9989495,2.804268794681621,cie_core_n032_f000_m032_proc110.lp,0.07532097756773057,0.07104137656956405,691.625,scip_default,1600.0,D:\git\git\RDMCT-A3C\cie\data\core\spbs\cie_core_n032_f000_m032_proc110.lp,40031.914913224784,6,0.014876510003659069,0.0,1049.0,5564.0,True,spbs_auto,D:\git\git\RDMCT-A3C\cie\results\spbs\cie_spbs_600s_mem2048_repro_v1\s1to3_both\solutions\cie_core_spbs__cie_core_n032_f000_m032_proc110__scip_default__solverseed_2__trainseed_-1__spbs_auto.sol,2,539.7590562999976,timelimit,cie_core_spbs,10.955778555306264,32,-1,checked active primary model at feasibility tolerance 1.000001e-06; removed 13 inactive auxiliaries,0.012173087283673627,auto
0.060865436418368134,0.12325250874719547,0.2358535661211765,0.2358535661211765,2,0.0475511222018501,10514.9989495,2.804268794681621,cie_core_n032_f000_m032_proc110.lp,0.05677603990900902,0.0895863142282856,691.625,scip_default,1669.0,D:\git\git\RDMCT-A3C\cie\data\core\spbs\cie_core_n032_f000_m032_proc110.lp,40034.04520349961,6,0.014876510003659069,0.0,1049.0,5564.0,True,spbs_auto,D:\git\git\RDMCT-A3C\cie\results\spbs\cie_spbs_600s_mem2048_repro_v1\s1to3_both\solutions\cie_core_spbs__cie_core_n032_f000_m032_proc110__scip_default__solverseed_3__trainseed_-1__spbs_auto.sol,3,539.6802303000004,timelimit,cie_core_spbs,10.955778555306264,32,-1,checked active primary model at feasibility tolerance 1.000001e-06; removed 13 inactive auxiliaries,0.012173087283673627,auto
0.060865436418368134,0.12325250874719547,0.186210194542445,0.186210194542445,2,0.0475511222018501,10514.9989495,3.418066785084034,cie_core_n032_f008_m024_proc090.lp,0.07165954115818811,0.07517832420112501,598.875,scip_default,2119.0,D:\git\git\RDMCT-A3C\cie\data\core\spbs\cie_core_n032_f008_m024_proc090.lp,42112.91360482054,4,0.0,0.0,1582.0,6284.0,True,spbs_auto,D:\git\git\RDMCT-A3C\cie\results\spbs\cie_spbs_600s_mem2048_repro_v1\s1to3_both\solutions\cie_core_spbs__cie_core_n032_f008_m024_proc090__scip_default__solverseed_1__trainseed_-1__spbs_auto.sol,1,539.7817132999917,timelimit,cie_core_spbs,10.955778555306264,32,-1,checked active primary model at feasibility tolerance 1.000001e-06; removed 13 inactive auxiliaries,0.01369472319413283,auto
0.060865436418368134,0.12325250874719547,0.186210194542445,0.186210194542445,2,0.0475511222018501,10514.9989495,3.459287085877863,cie_core_n032_f008_m024_proc090.lp,0.07165954115818811,0.07517832420112501,598.875,scip_default,2119.0,D:\git\git\RDMCT-A3C\cie\data\core\spbs\cie_core_n032_f008_m024_proc090.lp,42143.520736233455,4,0.0,0.0,1582.0,6284.0,True,spbs_auto,D:\git\git\RDMCT-A3C\cie\results\spbs\cie_spbs_600s_mem2048_repro_v1\s1to3_both\solutions\cie_core_spbs__cie_core_n032_f008_m024_proc090__scip_default__solverseed_2__trainseed_-1__spbs_auto.sol,2,539.7058049999905,timelimit,cie_core_spbs,10.955778555306264,32,-1,checked active primary model at feasibility tolerance 1.000001e-06; removed 13 inactive auxiliaries,0.01369472319413283,auto
0.060865436418368134,0.12325250874719547,0.186210194542445,0.186210194542445,2,0.0475511222018501,10514.9989495,3.4630725587860782,cie_core_n032_f008_m024_proc090.lp,0.06291013467304768,0.08392773068626543,598.875,scip_default,2027.0,D:\git\git\RDMCT-A3C\cie\data\core\spbs\cie_core_n032_f008_m024_proc090.lp,42143.29528655875,4,0.0,0.0,1582.0,6284.0,True,spbs_auto,D:\git\git\RDMCT-A3C\cie\results\spbs\cie_spbs_600s_mem2048_repro_v1\s1to3_both\solutions\cie_core_spbs__cie_core_n032_f008_m024_proc090__scip_default__solverseed_3__trainseed_-1__spbs_auto.sol,3,539.754863599992,timelimit,cie_core_spbs,10.955778555306264,32,-1,checked active primary model at feasibility tolerance 1.000001e-06; removed 13 inactive auxiliaries,0.01369472319413283,auto
0.060865436418368134,0.12325250874719547,0.20161675813584443,0.20161675813584443,2,0.0475511222018501,10514.9989495,3.172618630357143,cie_core_n032_f008_m024_proc100.lp,0.08806467831782638,0.05725155113102753,752.4375,scip_default,2645.0,D:\git\git\RDMCT-A3C\cie\data\core\spbs\cie_core_n032_f008_m024_proc100.lp,41305.38151703363,6,0.0,0.0,2029.0,10190.0,True,spbs_auto,D:\git\git\RDMCT-A3C\cie\results\spbs\cie_spbs_600s_mem2048_repro_v1\s1to3_both\solutions\cie_core_spbs__cie_core_n032_f008_m024_proc100__scip_default__solverseed_1__trainseed_-1__spbs_auto.sol,1,539.7123914999902,timelimit,cie_core_spbs,10.955778555306264,32,-1,checked active primary model at feasibility tolerance 1.000001e-06; removed 13 inactive auxiliaries,0.01369472319413283,auto
0.060865436418368134,0.12325250874719547,0.20161675813584443,0.20161675813584443,2,0.0475511222018501,10514.9989495,3.0850811765734267,cie_core_n032_f008_m024_proc100.lp,0.07779363592222677,0.06752259352662715,752.4375,scip_default,2645.0,D:\git\git\RDMCT-A3C\cie\data\core\spbs\cie_core_n032_f008_m024_proc100.lp,41248.168006794935,6,0.0,0.0,2029.0,10190.0,True,spbs_auto,D:\git\git\RDMCT-A3C\cie\results\spbs\cie_spbs_600s_mem2048_repro_v1\s1to3_both\solutions\cie_core_spbs__cie_core_n032_f008_m024_proc100__scip_default__solverseed_2__trainseed_-1__spbs_auto.sol,2,539.7328740000012,timelimit,cie_core_spbs,10.955778555306264,32,-1,checked active primary model at feasibility tolerance 1.000001e-06; removed 13 inactive auxiliaries,0.01369472319413283,auto
0.060865436418368134,0.12325250874719547,0.20161675813584443,0.20161675813584443,2,0.0475511222018501,10514.9989495,3.1792523642686805,cie_core_n032_f008_m024_proc100.lp,0.07779363592222677,0.06752259352662715,752.4375,scip_default,2645.0,D:\git\git\RDMCT-A3C\cie\data\core\spbs\cie_core_n032_f008_m024_proc100.lp,41376.431819036494,6,0.0,0.0,2029.0,10190.0,True,spbs_auto,D:\git\git\RDMCT-A3C\cie\results\spbs\cie_spbs_600s_mem2048_repro_v1\s1to3_both\solutions\cie_core_spbs__cie_core_n032_f008_m024_proc100__scip_default__solverseed_3__trainseed_-1__spbs_auto.sol,3,539.7527218999967,timelimit,cie_core_spbs,10.955778555306264,32,-1,checked active primary model at feasibility tolerance 1.000001e-06; removed 13 inactive auxiliaries,0.01369472319413283,auto
0.060865436418368134,0.12325250874719547,0.21702332172924388,0.21702332172924388,2,0.0475511222018501,10514.9989495,2.9176598168777947,cie_core_n032_f008_m024_proc110.lp,0.15805993019894973,0.10213981048957402,641.5625,scip_default,1078.0,D:\git\git\RDMCT-A3C\cie\data\core\spbs\cie_core_n032_f008_m024_proc110.lp,40457.00292530087,8,0.060011318302864325,0.0,400.0,5460.0,True,spbs_auto,D:\git\git\RDMCT-A3C\cie\results\spbs\cie_spbs_600s_mem2048_repro_v1\s1to3_both\solutions\cie_core_spbs__cie_core_n032_f008_m024_proc110__scip_default__solverseed_1__trainseed_-1__spbs_auto.sol,1,539.7458775999985,timelimit,cie_core_spbs,10.955778555306264,32,-1,checked active primary model at feasibility tolerance 1.000001e-06; removed 13 inactive auxiliaries,0.01369472319413283,auto
0.060865436418368134,0.12325250874719547,0.21702332172924388,0.21702332172924388,2,0.0475511222018501,10514.9989495,2.920581263422819,cie_core_n032_f008_m024_proc110.lp,0.1273419052565546,0.1328578354319692,641.5625,scip_default,961.0,D:\git\git\RDMCT-A3C\cie\data\core\spbs\cie_core_n032_f008_m024_proc110.lp,40492.56915176381,8,0.060011318302864325,0.0,400.0,5460.0,True,spbs_auto,D:\git\git\RDMCT-A3C\cie\results\spbs\cie_spbs_600s_mem2048_repro_v1\s1to3_both\solutions\cie_core_spbs__cie_core_n032_f008_m024_proc110__scip_default__solverseed_2__trainseed_-1__spbs_auto.sol,2,539.7259459999987,timelimit,cie_core_spbs,10.955778555306264,32,-1,checked active primary model at feasibility tolerance 1.000001e-06; removed 13 inactive auxiliaries,0.01369472319413283,auto
0.060865436418368134,0.12325250874719547,0.21702332172924388,0.21702332172924388,2,0.0475511222018501,10514.9989495,2.8180824068627452,cie_core_n032_f008_m024_proc110.lp,0.1273419052565546,0.1328578354319692,641.5625,scip_default,961.0,D:\git\git\RDMCT-A3C\cie\data\core\spbs\cie_core_n032_f008_m024_proc110.lp,40107.37854416636,8,0.060011318302864325,0.0,400.0,5460.0,True,spbs_auto,D:\git\git\RDMCT-A3C\cie\results\spbs\cie_spbs_600s_mem2048_repro_v1\s1to3_both\solutions\cie_core_spbs__cie_core_n032_f008_m024_proc110__scip_default__solverseed_3__trainseed_-1__spbs_auto.sol,3,539.7692546000035,timelimit,cie_core_spbs,10.955778555306264,32,-1,checked active primary model at feasibility tolerance 1.000001e-06; removed 13 inactive auxiliaries,0.01369472319413283,auto
0.060865436418368134,0.12325250874719547,0.17080363094904558,0.17080363094904558,2,0.0475511222018501,10514.9989495,3.5206358334049663,cie_core_n032_f016_m016_proc090.lp,0.07332383043525285,0.10936758106425523,594.3125,scip_default,1423.0,D:\git\git\RDMCT-A3C\cie\data\core\spbs\cie_core_n032_f016_m016_proc090.lp,42326.19910616125,6,0.8578211073664355,0.0,661.0,6778.0,True,spbs_auto,D:\git\git\RDMCT-A3C\cie\results\spbs\cie_spbs_600s_mem2048_repro_v1\s1to3_both\solutions\cie_core_spbs__cie_core_n032_f016_m016_proc090__scip_default__solverseed_1__trainseed_-1__spbs_auto.sol,1,539.6743748000008,timelimit,cie_core_spbs,10.955778555306264,32,-1,checked active primary model at feasibility tolerance 1.000001e-06; removed 13 inactive auxiliaries,0.015216359104592033,auto
0.060865436418368134,0.12325250874719547,0.17080363094904558,0.17080363094904558,2,0.0475511222018501,10514.9989495,3.5167521256443233,cie_core_n032_f016_m016_proc090.lp,0.08340466834204507,0.09852592520223341,594.3125,scip_default,1529.0,D:\git\git\RDMCT-A3C\cie\data\core\spbs\cie_core_n032_f016_m016_proc090.lp,42320.17370898276,6,0.8626712076985685,0.0,661.0,6778.0,True,spbs_auto,D:\git\git\RDMCT-A3C\cie\results\spbs\cie_spbs_600s_mem2048_repro_v1\s1to3_both\solutions\cie_core_spbs__cie_core_n032_f016_m016_proc090__scip_default__solverseed_2__trainseed_-1__spbs_auto.sol,2,539.7032054999945,timelimit,cie_core_spbs,10.955778555306264,32,-1,checked active primary model at feasibility tolerance 1.000001e-06; removed 13 inactive auxiliaries,0.015216359104592033,auto
0.060865436418368134,0.12325250874719547,0.17080363094904558,0.17080363094904558,2,0.0475511222018501,10514.9989495,3.5090046948970843,cie_core_n032_f016_m016_proc090.lp,0.07332383043525285,0.10936758106425523,594.3125,scip_default,1423.0,D:\git\git\RDMCT-A3C\cie\data\core\spbs\cie_core_n032_f016_m016_proc090.lp,42401.46091376024,6,0.8578211073664355,0.0,661.0,6778.0,True,spbs_auto,D:\git\git\RDMCT-A3C\cie\results\spbs\cie_spbs_600s_mem2048_repro_v1\s1to3_both\solutions\cie_core_spbs__cie_core_n032_f016_m016_proc090__scip_default__solverseed_3__trainseed_-1__spbs_auto.sol,3,539.6336595999965,timelimit,cie_core_spbs,10.955778555306264,32,-1,checked active primary model at feasibility tolerance 1.000001e-06; removed 13 inactive auxiliaries,0.015216359104592033,auto
0.060865436418368134,0.12325250874719547,0.1844983541431784,0.1844983541431784,2,0.0475511222018501,10514.9989495,3.1332543036556606,cie_core_n032_f016_m016_proc100.lp,0.06657157108259014,0.06581075312736054,555.4375,scip_default,1071.0,D:\git\git\RDMCT-A3C\cie\data\core\spbs\cie_core_n032_f016_m016_proc100.lp,41307.53288752536,8,0.49778954587334456,262.0,277.0,4530.0,True,spbs_auto,D:\git\git\RDMCT-A3C\cie\results\spbs\cie_spbs_600s_mem2048_repro_v1\s1to3_both\solutions\cie_core_spbs__cie_core_n032_f016_m016_proc100__scip_default__solverseed_1__trainseed_-1__spbs_auto.sol,1,539.6931237999961,timelimit,cie_core_spbs,10.955778555306264,32,-1,checked active primary model at feasibility tolerance 1.000001e-06; removed 13 inactive auxiliaries,0.015216359104592033,auto
0.060865436418368134,0.12325250874719547,0.1844983541431784,0.1844983541431784,2,0.0475511222018501,10514.9989495,3.1267656783751905,cie_core_n032_f016_m016_proc100.lp,0.06657157108259014,0.06657157108259014,555.4375,scip_default,1071.0,D:\git\git\RDMCT-A3C\cie\data\core\spbs\cie_core_n032_f016_m016_proc100.lp,41495.99196965186,8,0.49188079175186167,262.0,277.0,4530.0,True,spbs_auto,D:\git\git\RDMCT-A3C\cie\results\spbs\cie_spbs_600s_mem2048_repro_v1\s1to3_both\solutions\cie_core_spbs__cie_core_n032_f016_m016_proc100__scip_default__solverseed_2__trainseed_-1__spbs_auto.sol,2,539.6768285999933,timelimit,cie_core_spbs,10.955778555306264,32,-1,checked active primary model at feasibility tolerance 1.000001e-06; removed 13 inactive auxiliaries,0.015216359104592033,auto
0.060865436418368134,0.12325250874719547,0.1844983541431784,0.1844983541431784,2,0.0475511222018501,10514.9989495,3.260534419975689,cie_core_n032_f016_m016_proc100.lp,0.06657157108259014,0.06581075312736054,555.4375,scip_default,1071.0,D:\git\git\RDMCT-A3C\cie\data\core\spbs\cie_core_n032_f016_m016_proc100.lp,41611.2493555139,8,0.49778954587334456,262.0,277.0,4530.0,True,spbs_auto,D:\git\git\RDMCT-A3C\cie\results\spbs\cie_spbs_600s_mem2048_repro_v1\s1to3_both\solutions\cie_core_spbs__cie_core_n032_f016_m016_proc100__scip_default__solverseed_3__trainseed_-1__spbs_auto.sol,3,539.7474845999968,timelimit,cie_core_spbs,10.955778555306264,32,-1,checked active primary model at feasibility tolerance 1.000001e-06; removed 13 inactive auxiliaries,0.015216359104592033,auto
0.060865436418368134,0.12325250874719547,0.19819307733731123,0.19819307733731123,2,0.0475511222018501,10514.9989495,2.9950603907674718,cie_core_n032_f016_m016_proc110.lp,0.08849263841764304,0.07941037407708967,618.625,scip_default,1401.0,D:\git\git\RDMCT-A3C\cie\data\core\spbs\cie_core_n032_f016_m016_proc110.lp,40791.762825633705,8,0.33309109907122186,0.0,499.0,6116.0,True,spbs_auto,D:\git\git\RDMCT-A3C\cie\results\spbs\cie_spbs_600s_mem2048_repro_v1\s1to3_both\solutions\cie_core_spbs__cie_core_n032_f016_m016_proc110__scip_default__solverseed_1__trainseed_-1__spbs_auto.sol,1,539.7123213000013,timelimit,cie_core_spbs,10.955778555306264,32,-1,checked active primary model at feasibility tolerance 1.000001e-06; removed 13 inactive auxiliaries,0.015216359104592033,auto
0.060865436418368134,0.12325250874719547,0.19819307733731123,0.19819307733731123,2,0.0475511222018501,10514.9989495,3.016424350076372,cie_core_n032_f016_m016_proc110.lp,0.09933429427966486,0.06856871821506785,618.625,scip_default,1401.0,D:\git\git\RDMCT-A3C\cie\data\core\spbs\cie_core_n032_f016_m016_proc110.lp,40921.91609306653,8,0.33309109907122186,0.0,499.0,6116.0,True,spbs_auto,D:\git\git\RDMCT-A3C\cie\results\spbs\cie_spbs_600s_mem2048_repro_v1\s1to3_both\solutions\cie_core_spbs__cie_core_n032_f016_m016_proc110__scip_default__solverseed_2__trainseed_-1__spbs_auto.sol,2,539.6828410000016,timelimit,cie_core_spbs,10.955778555306264,32,-1,checked active primary model at feasibility tolerance 1.000001e-06; removed 13 inactive auxiliaries,0.015216359104592033,auto
0.060865436418368134,0.12325250874719547,0.19819307733731123,0.19819307733731123,2,0.0475511222018501,10514.9989495,3.0133583772900767,cie_core_n032_f016_m016_proc110.lp,0.09980980550168336,0.06809320699304934,618.625,scip_default,1401.0,D:\git\git\RDMCT-A3C\cie\data\core\spbs\cie_core_n032_f016_m016_proc110.lp,40891.78185608261,8,0.33309109907122186,0.0,499.0,6116.0,True,spbs_auto,D:\git\git\RDMCT-A3C\cie\results\spbs\cie_spbs_600s_mem2048_repro_v1\s1to3_both\solutions\cie_core_spbs__cie_core_n032_f016_m016_proc110__scip_default__solverseed_3__trainseed_-1__spbs_auto.sol,3,539.6623483000003,timelimit,cie_core_spbs,10.955778555306264,32,-1,checked active primary model at feasibility tolerance 1.000001e-06; removed 13 inactive auxiliaries,0.015216359104592033,auto
0.060865436418368134,0.12325250874719547,0.15539706735564612,0.15539706735564612,2,0.0475511222018501,10514.9989495,3.4143572411838794,cie_core_n032_f024_m008_proc090.lp,0.06172135661800143,0.07313362594644546,452.625,scip_default,691.5,D:\git\git\RDMCT-A3C\cie\data\core\spbs\cie_core_n032_f024_m008_proc090.lp,42205.758403829284,4,0.37358490566037733,0.0,132.0,4260.0,True,spbs_auto,D:\git\git\RDMCT-A3C\cie\results\spbs\cie_spbs_600s_mem2048_repro_v1\s1to3_both\solutions\cie_core_spbs__cie_core_n032_f024_m008_proc090__scip_default__solverseed_1__trainseed_-1__spbs_auto.sol,1,539.716502400006,timelimit,cie_core_spbs,10.955778555306264,32,-1,checked active primary model at feasibility tolerance 1.000001e-06; removed 13 inactive auxiliaries,0.016737995015051237,auto
0.060865436418368134,0.12325250874719547,0.15539706735564612,0.15539706735564612,2,0.0475511222018501,10514.9989495,3.6795722957276293,cie_core_n032_f024_m008_proc090.lp,0.06172135661800143,0.07313362594644546,452.625,scip_default,691.5,D:\git\git\RDMCT-A3C\cie\data\core\spbs\cie_core_n032_f024_m008_proc090.lp,42817.34625326958,4,0.37358490566037733,0.0,132.0,4260.0,True,spbs_auto,D:\git\git\RDMCT-A3C\cie\results\spbs\cie_spbs_600s_mem2048_repro_v1\s1to3_both\solutions\cie_core_spbs__cie_core_n032_f024_m008_proc090__scip_default__solverseed_2__trainseed_-1__spbs_auto.sol,2,539.6030265000009,timelimit,cie_core_spbs,10.955778555306264,32,-1,checked active primary model at feasibility tolerance 1.000001e-06; removed 13 inactive auxiliaries,0.016737995015051237,auto
0.060865436418368134,0.12325250874719547,0.15539706735564612,0.15539706735564612,2,0.0475511222018501,10514.9989495,3.5598434295316568,cie_core_n032_f024_m008_proc090.lp,0.06172135661800143,0.07313362594644546,452.625,scip_default,691.5,D:\git\git\RDMCT-A3C\cie\data\core\spbs\cie_core_n032_f024_m008_proc090.lp,42508.97815388512,4,0.37358490566037733,0.0,132.0,4260.0,True,spbs_auto,D:\git\git\RDMCT-A3C\cie\results\spbs\cie_spbs_600s_mem2048_repro_v1\s1to3_both\solutions\cie_core_spbs__cie_core_n032_f024_m008_proc090__scip_default__solverseed_3__trainseed_-1__spbs_auto.sol,3,539.6027585999982,timelimit,cie_core_spbs,10.955778555306264,32,-1,checked active primary model at feasibility tolerance 1.000001e-06; removed 13 inactive auxiliaries,0.016737995015051237,auto
0.060865436418368134,0.12325250874719547,0.16737995015051235,0.16737995015051235,2,0.0475511222018501,10514.9989495,3.4143572411838727,cie_core_n032_f024_m008_proc100.lp,0.10123633916773887,0.117689027449579,587.25,scip_default,1204.0,D:\git\git\RDMCT-A3C\cie\data\core\spbs\cie_core_n032_f024_m008_proc100.lp,42163.5271092676,4,0.7361933563101336,0.0,640.0,7848.0,True,spbs_auto,D:\git\git\RDMCT-A3C\cie\results\spbs\cie_spbs_600s_mem2048_repro_v1\s1to3_both\solutions\cie_core_spbs__cie_core_n032_f024_m008_proc100__scip_default__solverseed_1__trainseed_-1__spbs_auto.sol,1,539.5563129000002,timelimit,cie_core_spbs,10.955778555306264,32,-1,checked active primary model at feasibility tolerance 1.000001e-06; removed 13 inactive auxiliaries,0.016737995015051237,auto
0.060865436418368134,0.12325250874719547,0.16737995015051235,0.16737995015051235,2,0.0475511222018501,10514.9989495,3.3200488695562798,cie_core_n032_f024_m008_proc100.lp,0.1116024838077422,0.10732288280957568,587.25,scip_default,1204.0,D:\git\git\RDMCT-A3C\cie\data\core\spbs\cie_core_n032_f024_m008_proc100.lp,41863.094321439254,4,0.7361933563101336,0.0,640.0,7848.0,True,spbs_auto,D:\git\git\RDMCT-A3C\cie\results\spbs\cie_spbs_600s_mem2048_repro_v1\s1to3_both\solutions\cie_core_spbs__cie_core_n032_f024_m008_proc100__scip_default__solverseed_2__trainseed_-1__spbs_auto.sol,2,539.5746977000017,timelimit,cie_core_spbs,10.955778555306264,32,-1,checked active primary model at feasibility tolerance 1.000001e-06; removed 13 inactive auxiliaries,0.016737995015051237,auto
0.060865436418368134,0.12325250874719547,0.16737995015051235,0.16737995015051235,2,0.0475511222018501,10514.9989495,3.2848406473105136,cie_core_n032_f024_m008_proc100.lp,0.10123633916773887,0.117689027449579,587.25,scip_default,1204.0,D:\git\git\RDMCT-A3C\cie\data\core\spbs\cie_core_n032_f024_m008_proc100.lp,41863.78064515634,4,0.7361933563101336,0.0,640.0,7848.0,True,spbs_auto,D:\git\git\RDMCT-A3C\cie\results\spbs\cie_spbs_600s_mem2048_repro_v1\s1to3_both\solutions\cie_core_spbs__cie_core_n032_f024_m008_proc100__scip_default__solverseed_3__trainseed_-1__spbs_auto.sol,3,539.5397465999995,timelimit,cie_core_spbs,10.955778555306264,32,-1,checked active primary model at feasibility tolerance 1.000001e-06; removed 13 inactive auxiliaries,0.016737995015051237,auto
0.060865436418368134,0.12325250874719547,0.17936283294537858,0.17936283294537858,2,0.0475511222018501,10514.9989495,3.1106328962079752,cie_core_n032_f024_m008_proc110.lp,0.08388017956406359,0.137042334185732,827.8125,scip_default,2405.0,D:\git\git\RDMCT-A3C\cie\data\core\spbs\cie_core_n032_f024_m008_proc110.lp,41299.10430431479,4,1.1738227511478865,0.0,1512.0,14826.0,True,spbs_auto,D:\git\git\RDMCT-A3C\cie\results\spbs\cie_spbs_600s_mem2048_repro_v1\s1to3_both\solutions\cie_core_spbs__cie_core_n032_f024_m008_proc110__scip_default__solverseed_1__trainseed_-1__spbs_auto.sol,1,539.6200041999982,timelimit,cie_core_spbs,10.955778555306264,32,-1,checked active primary model at feasibility tolerance 1.000001e-06; removed 13 inactive auxiliaries,0.016737995015051237,auto
0.060865436418368134,0.12325250874719547,0.17936283294537858,0.17936283294537858,2,0.0475511222018501,10514.9989495,3.1170708490602976,cie_core_n032_f024_m008_proc110.lp,0.1283880299449953,0.07674751123378606,827.8125,scip_default,2571.0,D:\git\git\RDMCT-A3C\cie\data\core\spbs\cie_core_n032_f024_m008_proc110.lp,41295.03197514929,4,1.1738227511478865,0.0,1678.0,14826.0,True,spbs_auto,D:\git\git\RDMCT-A3C\cie\results\spbs\cie_spbs_600s_mem2048_repro_v1\s1to3_both\solutions\cie_core_spbs__cie_core_n032_f024_m008_proc110__scip_default__solverseed_2__trainseed_-1__spbs_auto.sol,2,539.5586876999951,timelimit,cie_core_spbs,10.955778555306264,32,-1,checked active primary model at feasibility tolerance 1.000001e-06; removed 13 inactive auxiliaries,0.016737995015051237,auto
0.060865436418368134,0.12325250874719547,0.17936283294537858,0.17936283294537858,2,0.0475511222018501,10514.9989495,3.1106328962079752,cie_core_n032_f024_m008_proc110.lp,0.08388017956406359,0.137042334185732,827.8125,scip_default,2405.0,D:\git\git\RDMCT-A3C\cie\data\core\spbs\cie_core_n032_f024_m008_proc110.lp,41355.18291531804,4,1.1738227511478865,0.0,1512.0,14826.0,True,spbs_auto,D:\git\git\RDMCT-A3C\cie\results\spbs\cie_spbs_600s_mem2048_repro_v1\s1to3_both\solutions\cie_core_spbs__cie_core_n032_f024_m008_proc110__scip_default__solverseed_3__trainseed_-1__spbs_auto.sol,3,539.4854375000068,timelimit,cie_core_spbs,10.955778555306264,32,-1,checked active primary model at feasibility tolerance 1.000001e-06; removed 13 inactive auxiliaries,0.016737995015051237,auto
0.22408963554049072,0.4537815119694937,0.6806722679542405,0.6806722679542405,0,0.0,714.000001,0.0,cie_core_n008_f000_m008_proc090.lp,0.1400560222128067,0.16806722665536802,472.0,scip_default,472.0,D:\git\git\RDMCT-A3C\cie\data\core\spbs\cie_core_n008_f000_m008_proc090.lp,0.0,4,0.0,0.0,28.0,224.0,True,spbs_none,D:\git\git\RDMCT-A3C\cie\results\spbs\cie_spbs_600s_mem2048_repro_v1\s1to3_both\solutions\cie_core_spbs__cie_core_n008_f000_m008_proc090__scip_default__solverseed_1__trainseed_-1__spbs_none.sol,1,0.33543700000154786,optimal,cie_core_spbs,40.336134397288326,8,-1,checked active primary model at feasibility tolerance 1.000001e-06; removed 13 inactive auxiliaries,0.04481792710809814,none
0.22408963554049072,0.4537815119694937,0.6806722679542405,0.6806722679542405,0,0.0,714.000001,0.0,cie_core_n008_f000_m008_proc090.lp,0.1400560222128067,0.16806722665536844,471.99999950000006,scip_default,472.0,D:\git\git\RDMCT-A3C\cie\data\core\spbs\cie_core_n008_f000_m008_proc090.lp,100.0,4,2.608510249705391e-09,9.999999974752427e-07,28.0,224.0,True,spbs_none,D:\git\git\RDMCT-A3C\cie\results\spbs\cie_spbs_600s_mem2048_repro_v1\s1to3_both\solutions\cie_core_spbs__cie_core_n008_f000_m008_proc090__scip_default__solverseed_2__trainseed_-1__spbs_none.sol,2,0.30863700000190875,optimal,cie_core_spbs,40.336134397288326,8,-1,checked active primary model at feasibility tolerance 1.000001e-06; removed 13 inactive auxiliaries,0.04481792710809814,none
0.2240896355404911,0.45378151196949384,0.6806722679542405,0.6806722679542405,0,0.0,714.000001,0.0,cie_core_n008_f000_m008_proc090.lp,0.1400560222128067,0.16806722665536844,471.99999999999983,scip_default,472.0000000000003,D:\git\git\RDMCT-A3C\cie\data\core\spbs\cie_core_n008_f000_m008_proc090.lp,0.0,4,0.0,0.0,28.0000000000003,224.0000000000009,True,spbs_none,D:\git\git\RDMCT-A3C\cie\results\spbs\cie_spbs_600s_mem2048_repro_v1\s1to3_both\solutions\cie_core_spbs__cie_core_n008_f000_m008_proc090__scip_default__solverseed_3__trainseed_-1__spbs_none.sol,3,0.3846867000029306,optimal,cie_core_spbs,40.336134397288326,8,-1,checked active primary model at feasibility tolerance 1.000001e-06; removed 13 inactive auxiliaries,0.04481792710809814,none
0.2083333330620661,0.4218749994506836,0.7031249990844727,0.7031249990844727,0,0.0,768.000001,0.0,cie_core_n008_f000_m008_proc100.lp,0.13020833316379124,0.1562499997965495,507.99999950000006,scip_default,508.0,D:\git\git\RDMCT-A3C\cie\data\core\spbs\cie_core_n008_f000_m008_proc100.lp,100.0,4,2.3533298988440206e-09,9.999999974752427e-07,28.0000000000001,224.0000000000001,True,spbs_none,D:\git\git\RDMCT-A3C\cie\results\spbs\cie_spbs_600s_mem2048_repro_v1\s1to3_both\solutions\cie_core_spbs__cie_core_n008_f000_m008_proc100__scip_default__solverseed_1__trainseed_-1__spbs_none.sol,1,0.5149919000032241,optimal,cie_core_spbs,37.49999995117187,8,-1,checked active primary model at feasibility tolerance 1.000001e-06; removed 13 inactive auxiliaries,0.041666666612413195,none
0.20833333306206597,0.4218749994506836,0.7031249990844727,0.7031249990844727,0,0.0,768.000001,0.0,cie_core_n008_f000_m008_proc100.lp,0.13020833316379124,0.15624999719238283,507.999999125,scip_default,507.9999995,D:\git\git\RDMCT-A3C\cie\data\core\spbs\cie_core_n008_f000_m008_proc100.lp,0.0,4,1.35869565058959e-09,0.0,28.0,224.0,True,spbs_none,D:\git\git\RDMCT-A3C\cie\results\spbs\cie_spbs_600s_mem2048_repro_v1\s1to3_both\solutions\cie_core_spbs__cie_core_n008_f000_m008_proc100__scip_default__solverseed_2__trainseed_-1__spbs_none.sol,2,0.41283239999756915,optimal,cie_core_spbs,37.49999995117187,8,-1,checked active primary model at feasibility tolerance 1.000001e-06; removed 13 inactive auxiliaries,0.041666666612413195,none
0.2083333330620656,0.42187499945068285,0.7031249990844728,0.7031249990844727,0,0.0,768.000001,0.0,cie_core_n008_f000_m008_proc100.lp,0.13020833316379124,0.15624999979655116,508.00000000000017,scip_default,508.000000000001,D:\git\git\RDMCT-A3C\cie\data\core\spbs\cie_core_n008_f000_m008_proc100.lp,100.0,4,6.688565865681961e-17,2.842170943040401e-14,28.0,224.00000000000233,True,spbs_none,D:\git\git\RDMCT-A3C\cie\results\spbs\cie_spbs_600s_mem2048_repro_v1\s1to3_both\solutions\cie_core_spbs__cie_core_n008_f000_m008_proc100__scip_default__solverseed_3__trainseed_-1__spbs_none.sol,3,0.5778369999970892,optimal,cie_core_spbs,37.49999995117187,8,-1,checked active primary model at feasibility tolerance 1.000001e-06; removed 13 inactive auxiliaries,0.041666666612413195,none
0.19464720170967495,0.39416058346209176,0.7226277363471683,0.7226277363471683,0,0.0,822.000001,0.0,cie_core_n008_f000_m008_proc110.lp,0.12165450106854683,0.1459854000657112,543.9999995000001,scip_default,544.0,D:\git\git\RDMCT-A3C\cie\data\core\spbs\cie_core_n008_f000_m008_proc110.lp,0.0,4,2.14362723433106e-09,9.999999974752427e-07,28.0,224.0,True,spbs_none,D:\git\git\RDMCT-A3C\cie\results\spbs\cie_spbs_600s_mem2048_repro_v1\s1to3_both\solutions\cie_core_spbs__cie_core_n008_f000_m008_proc110__scip_default__solverseed_1__trainseed_-1__spbs_none.sol,1,0.47856570000294596,optimal,cie_core_spbs,35.03649630774149,8,-1,checked active primary model at feasibility tolerance 1.000001e-06; removed 13 inactive auxiliaries,0.03892944034193499,none
0.1946472017096746,0.3941605834620915,0.7226277363471683,0.7226277363471683,0,0.0,822.000001,0.0,cie_core_n008_f000_m008_proc110.lp,0.12165450106854683,0.1459853988491662,543.99999925,scip_default,544.0,D:\git\git\RDMCT-A3C\cie\data\core\spbs\cie_core_n008_f000_m008_proc110.lp,100.0,4,2.14362723433106e-09,9.999999974752427e-07,28.0,223.99999999999972,True,spbs_none,D:\git\git\RDMCT-A3C\cie\results\spbs\cie_spbs_600s_mem2048_repro_v1\s1to3_both\solutions\cie_core_spbs__cie_core_n008_f000_m008_proc110__scip_default__solverseed_2__trainseed_-1__spbs_none.sol,2,0.5926390000022366,optimal,cie_core_spbs,35.03649630774149,8,-1,checked active primary model at feasibility tolerance 1.000001e-06; removed 13 inactive auxiliaries,0.03892944034193499,none
0.19464720170967453,0.39416058346209104,0.7226277363471684,0.7226277363471683,0,0.0,822.000001,0.0,cie_core_n008_f000_m008_proc110.lp,0.12165450106854683,0.14598540128225782,544.0000000000002,scip_default,544.000000000001,D:\git\git\RDMCT-A3C\cie\data\core\spbs\cie_core_n008_f000_m008_proc110.lp,0.0,4,6.092555045967727e-17,2.842170943040401e-14,28.0,224.00000000000233,True,spbs_none,D:\git\git\RDMCT-A3C\cie\results\spbs\cie_spbs_600s_mem2048_repro_v1\s1to3_both\solutions\cie_core_spbs__cie_core_n008_f000_m008_proc110__scip_default__solverseed_3__trainseed_-1__spbs_none.sol,3,0.5377931999973953,optimal,cie_core_spbs,35.03649630774149,8,-1,checked active primary model at feasibility tolerance 1.000001e-06; removed 13 inactive auxiliaries,0.03892944034193499,none
0.19323671474246773,0.391304347353497,0.7826086947069942,0.3913043473534972,0,0.0,828.000001,0.0,cie_core_n008_f002_m006_proc090.lp,0.23309178715810172,0.18115942007106317,465.2499999999999,scip_default,494.0,D:\git\git\RDMCT-A3C\cie\data\core\spbs\cie_core_n008_f002_m006_proc090.lp,100.0,4,0.0,0.0,93.0,502.0,True,spbs_none,D:\git\git\RDMCT-A3C\cie\results\spbs\cie_spbs_600s_mem2048_repro_v1\s1to3_both\solutions\cie_core_spbs__cie_core_n008_f002_m006_proc090__scip_default__solverseed_1__trainseed_-1__spbs_none.sol,1,0.44236390000151005,optimal,cie_core_spbs,34.78260865364419,8,-1,checked active primary model at feasibility tolerance 1.000001e-06; removed 13 inactive auxiliaries,0.053140096554178624,none
0.1932367147424681,0.39130434735349745,0.7826086947069943,0.3913043473534972,0,0.0,828.000001,0.0,cie_core_n008_f002_m006_proc090.lp,0.1902173910746167,0.21437198041742514,463.25000000000006,scip_default,529.5,D:\git\git\RDMCT-A3C\cie\data\core\spbs\cie_core_n008_f002_m006_proc090.lp,0.0,6,0.0,0.0,57.5,486.0000000000003,True,spbs_none,D:\git\git\RDMCT-A3C\cie\results\spbs\cie_spbs_600s_mem2048_repro_v1\s1to3_both\solutions\cie_core_spbs__cie_core_n008_f002_m006_proc090__scip_default__solverseed_2__trainseed_-1__spbs_none.sol,2,0.34729060000245227,optimal,cie_core_spbs,34.78260865364419,8,-1,checked active primary model at feasibility tolerance 1.000001e-06; removed 13 inactive auxiliaries,0.053140096554178624,none
0.19323671474246773,0.391304347353497,0.7826086947069942,0.3913043473534972,0,0.0,828.000001,0.0,cie_core_n008_f002_m006_proc090.lp,0.16787439714024954,0.24637681008891532,496.7499999999999,scip_default,606.0,D:\git\git\RDMCT-A3C\cie\data\core\spbs\cie_core_n008_f002_m006_proc090.lp,100.0,4,0.18724778874626347,0.0,75.99999899999898,602.0,True,spbs_none,D:\git\git\RDMCT-A3C\cie\results\spbs\cie_spbs_600s_mem2048_repro_v1\s1to3_both\solutions\cie_core_spbs__cie_core_n008_f002_m006_proc090__scip_default__solverseed_3__trainseed_-1__spbs_none.sol,3,0.4178948000044329,optimal,cie_core_spbs,34.78260865364419,8,-1,checked active primary model at feasibility tolerance 1.000001e-06; removed 13 inactive auxiliaries,0.053140096554178624,none
0.177777777580247,0.3599999995999999,0.799999999111111,0.39999999955555554,0,0.0,900.000001,0.0,cie_core_n008_f002_m006_proc100.lp,0.18499999923889002,0.20888888865679012,532.749999250001,scip_default,641.999999000001,D:\git\git\RDMCT-A3C\cie\data\core\spbs\cie_core_n008_f002_m006_proc100.lp,0.0,6,0.15205368169101127,9.999989742937032e-07,66.49999950000102,656.9999970000061,True,spbs_none,D:\git\git\RDMCT-A3C\cie\results\spbs\cie_spbs_600s_mem2048_repro_v1\s1to3_both\solutions\cie_core_spbs__cie_core_n008_f002_m006_proc100__scip_default__solverseed_1__trainseed_-1__spbs_none.sol,1,0.5265098999952897,optimal,cie_core_spbs,31.999999964444445,8,-1,checked active primary model at feasibility tolerance 1.000001e-06; removed 13 inactive auxiliaries,0.0488888888345679,none
0.1777777775802469,0.3599999996,0.7999999991111111,0.39999999955555554,0,0.0,900.000001,0.0,cie_core_n008_f002_m006_proc100.lp,0.21444444420617284,0.18666666645925925,501.2499999999998,scip_default,548.0,D:\git\git\RDMCT-A3C\cie\data\core\spbs\cie_core_n008_f002_m006_proc100.lp,100.0,4,0.0,0.0,93.0,538.0,True,spbs_none,D:\git\git\RDMCT-A3C\cie\results\spbs\cie_spbs_600s_mem2048_repro_v1\s1to3_both\solutions\cie_core_spbs__cie_core_n008_f002_m006_proc100__scip_default__solverseed_2__trainseed_-1__spbs_none.sol,2,0.4374833999972907,optimal,cie_core_spbs,31.999999964444445,8,-1,checked active primary model at feasibility tolerance 1.000001e-06; removed 13 inactive auxiliaries,0.0488888888345679,none
0.1777777775802469,0.3599999996,0.799999999111111,0.39999999955555554,0,0.0,900.000001,0.0,cie_core_n008_f002_m006_proc100.lp,0.21444444309506172,0.18666666868148146,501.25,scip_default,548.0,D:\git\git\RDMCT-A3C\cie\data\core\spbs\cie_core_n008_f002_m006_proc100.lp,100.0,4,0.0,0.0,92.999999,538.000002,True,spbs_none,D:\git\git\RDMCT-A3C\cie\results\spbs\cie_spbs_600s_mem2048_repro_v1\s1to3_both\solutions\cie_core_spbs__cie_core_n008_f002_m006_proc100__scip_default__solverseed_3__trainseed_-1__spbs_none.sol,3,0.6537564999962342,optimal,cie_core_spbs,31.999999964444445,8,-1,checked active primary model at feasibility tolerance 1.000001e-06; removed 13 inactive auxiliaries,0.0488888888345679,none
0.16460905332859152,0.3333333329903976,0.814814813976528,0.407407406988264,0,0.0,972.000001,0.0,cie_core_n008_f002_m006_proc110.lp,0.10288065833036969,0.12345678999644363,497.5000000000002,scip_default,544.000000000001,D:\git\git\RDMCT-A3C\cie\data\core\spbs\cie_core_n008_f002_m006_proc110.lp,0.0,6,2.3214568366017496e-15,0.0,28.0,256.0,True,spbs_none,D:\git\git\RDMCT-A3C\cie\results\spbs\cie_spbs_600s_mem2048_repro_v1\s1to3_both\solutions\cie_core_spbs__cie_core_n008_f002_m006_proc110__scip_default__solverseed_1__trainseed_-1__spbs_none.sol,1,0.27968670000700513,optimal,cie_core_spbs,29.629629599146472,8,-1,checked active primary model at feasibility tolerance 1.000001e-06; removed 13 inactive auxiliaries,0.045267489665363016,none
0.16460905332859152,0.33333333299039736,0.814814813976528,0.407407406988264,0,0.0,972.000001,0.0,cie_core_n008_f002_m006_proc110.lp,0.19855967057761245,0.19135802449448974,537.2500000000002,scip_default,602.000000000001,D:\git\git\RDMCT-A3C\cie\data\core\spbs\cie_core_n008_f002_m006_proc110.lp,100.0,4,0.0,0.0,92.99999999999898,574.000000000002,True,spbs_none,D:\git\git\RDMCT-A3C\cie\results\spbs\cie_spbs_600s_mem2048_repro_v1\s1to3_both\solutions\cie_core_spbs__cie_core_n008_f002_m006_proc110__scip_default__solverseed_2__trainseed_-1__spbs_none.sol,2,0.9161615999983042,optimal,cie_core_spbs,29.629629599146472,8,-1,checked active primary model at feasibility tolerance 1.000001e-06; removed 13 inactive auxiliaries,0.045267489665363016,none
0.16460905332859152,0.3333333329903978,0.814814813976528,0.407407406988264,0,0.0,972.000001,0.0,cie_core_n008_f002_m006_proc110.lp,0.10288065833036969,0.125514403163051,531.0,scip_default,678.0,D:\git\git\RDMCT-A3C\cie\data\core\spbs\cie_core_n008_f002_m006_proc110.lp,0.0,6,0.13889597487592897,0.0,66.0,392.0,True,spbs_none,D:\git\git\RDMCT-A3C\cie\results\spbs\cie_spbs_600s_mem2048_repro_v1\s1to3_both\solutions\cie_core_spbs__cie_core_n008_f002_m006_proc110__scip_default__solverseed_3__trainseed_-1__spbs_none.sol,3,0.30679029999737395,optimal,cie_core_spbs,29.629629599146472,8,-1,checked active primary model at feasibility tolerance 1.000001e-06; removed 13 inactive auxiliaries,0.04526748966536266,none
0.20512820486521988,0.4153846148520704,0.6230769222781064,0.415384614852071,0,0.0,780.000001,0.0,cie_core_n008_f004_m004_proc090.lp,0.12820512804076264,0.1628205126117682,424.24999974999986,scip_default,478.999999,D:\git\git\RDMCT-A3C\cie\data\core\spbs\cie_core_n008_f004_m004_proc090.lp,0.0,6,0.0,0,76.0,505.9999999999997,True,spbs_none,D:\git\git\RDMCT-A3C\cie\results\spbs\cie_spbs_600s_mem2048_repro_v1\s1to3_both\solutions\cie_core_spbs__cie_core_n008_f004_m004_proc090__scip_default__solverseed_1__trainseed_-1__spbs_none.sol,1,0.22005329999956302,optimal,cie_core_spbs,36.923076875739646,8,-1,checked active primary model at feasibility tolerance 1.000001e-06; removed 13 inactive auxiliaries,0.05128205121630506,none
0.20512820486522024,0.415384614852071,0.6230769222781065,0.415384614852071,0,0.0,780.000001,0.0,cie_core_n008_f004_m004_proc090.lp,0.12820512804076264,0.1628205113297173,424.25,scip_default,479.0,D:\git\git\RDMCT-A3C\cie\data\core\spbs\cie_core_n008_f004_m004_proc090.lp,100.0,6,3.0120481760939596e-09,0,76.0,505.999998,True,spbs_none,D:\git\git\RDMCT-A3C\cie\results\spbs\cie_spbs_600s_mem2048_repro_v1\s1to3_both\solutions\cie_core_spbs__cie_core_n008_f004_m004_proc090__scip_default__solverseed_2__trainseed_-1__spbs_none.sol,2,0.3946098999949754,optimal,cie_core_spbs,36.923076875739646,8,-1,checked active primary model at feasibility tolerance 1.000001e-06; removed 13 inactive auxiliaries,0.05128205121630506,none
0.20512820486521974,0.41538461485207057,0.6230769222781064,0.415384614852071,0,0.0,780.000001,0.0,cie_core_n008_f004_m004_proc090.lp,0.12820512804076264,0.16282051261176805,424.2499999999998,scip_default,478.99999999999994,D:\git\git\RDMCT-A3C\cie\data\core\spbs\cie_core_n008_f004_m004_proc090.lp,0.0,6,8.56075585253133e-17,0,76.0,505.9999999999996,True,spbs_none,D:\git\git\RDMCT-A3C\cie\results\spbs\cie_spbs_600s_mem2048_repro_v1\s1to3_both\solutions\cie_core_spbs__cie_core_n008_f004_m004_proc090__scip_default__solverseed_3__trainseed_-1__spbs_none.sol,3,0.31145549999928335,optimal,cie_core_spbs,36.923076875739646,8,-1,checked active primary model at feasibility tolerance 1.000001e-06; removed 13 inactive auxiliaries,0.05128205121630506,none
0.1918465225517432,0.3884892081672793,0.647482013612132,0.43165467574142125,0,0.0,834.000001,0.0,cie_core_n008_f004_m004_proc100.lp,0.11990407659483923,0.15227817727544463,451.24999999999955,scip_default,515.0,D:\git\git\RDMCT-A3C\cie\data\core\spbs\cie_core_n008_f004_m004_proc100.lp,100.0,6,0.0,0,75.999999999999,505.9999999999983,True,spbs_none,D:\git\git\RDMCT-A3C\cie\results\spbs\cie_spbs_600s_mem2048_repro_v1\s1to3_both\solutions\cie_core_spbs__cie_core_n008_f004_m004_proc100__scip_default__solverseed_1__trainseed_-1__spbs_none.sol,1,0.4543339000083506,optimal,cie_core_spbs,34.5323740593137,8,-1,checked active primary model at feasibility tolerance 1.000001e-06; removed 13 inactive auxiliaries,0.047961630637936105,none
0.19184652255174278,0.388489208167279,0.6474820136121318,0.43165467574142125,0,0.0,834.000001,0.0,cie_core_n008_f004_m004_proc100.lp,0.11990407659483923,0.15227817607640745,451.249999500001,scip_default,515.0,D:\git\git\RDMCT-A3C\cie\data\core\spbs\cie_core_n008_f004_m004_proc100.lp,0.0,6,0.0,0,75.99999900000199,505.999998000004,True,spbs_none,D:\git\git\RDMCT-A3C\cie\results\spbs\cie_spbs_600s_mem2048_repro_v1\s1to3_both\solutions\cie_core_spbs__cie_core_n008_f004_m004_proc100__scip_default__solverseed_2__trainseed_-1__spbs_none.sol,2,0.3708658000032301,optimal,cie_core_spbs,34.5323740593137,8,-1,checked active primary model at feasibility tolerance 1.000001e-06; removed 13 inactive auxiliaries,0.047961630637935695,none
0.19184652255174325,0.38848920816727667,0.6474820136121319,0.43165467574142125,0,0.0,834.000001,0.0,cie_core_n008_f004_m004_proc100.lp,0.11990407659483801,0.15227817727544582,451.2499999999993,scip_default,515.0,D:\git\git\RDMCT-A3C\cie\data\core\spbs\cie_core_n008_f004_m004_proc100.lp,25.776965265082268,6,1.5446581212176093e-16,0,76.00000000000001,506.00000000000045,True,spbs_none,D:\git\git\RDMCT-A3C\cie\results\spbs\cie_spbs_600s_mem2048_repro_v1\s1to3_both\solutions\cie_core_spbs__cie_core_n008_f004_m004_proc100__scip_default__solverseed_3__trainseed_-1__spbs_none.sol,3,0.30626910000137286,optimal,cie_core_spbs,34.5323740593137,8,-1,checked active primary model at feasibility tolerance 1.000001e-06; removed 13 inactive auxiliaries,0.04796163063793624,none
0.18018017997727426,0.3648648644539787,0.6689189181656319,0.44594594544375454,0,0.0,888.000001,0.0,cie_core_n008_f004_m004_proc110.lp,0.11261261248579661,0.1430180178569617,478.24999999999943,scip_default,551.0,D:\git\git\RDMCT-A3C\cie\data\core\spbs\cie_core_n008_f004_m004_proc110.lp,0.0,6,0.0,0,76.00000000000001,505.9999999999998,True,spbs_none,D:\git\git\RDMCT-A3C\cie\results\spbs\cie_spbs_600s_mem2048_repro_v1\s1to3_both\solutions\cie_core_spbs__cie_core_n008_f004_m004_proc110__scip_default__solverseed_1__trainseed_-1__spbs_none.sol,1,0.40037090000259923,optimal,cie_core_spbs,32.43243239590942,8,-1,checked active primary model at feasibility tolerance 1.000001e-06; removed 13 inactive auxiliaries,0.04504504499431826,none
0.1801801799772751,0.36486486445398153,0.6689189181656319,0.44594594544375454,0,0.0,888.000001,0.0,cie_core_n008_f004_m004_proc110.lp,0.11261261248579661,0.14301801673083833,478.249999499997,scip_default,550.999999000001,D:\git\git\RDMCT-A3C\cie\data\core\spbs\cie_core_n008_f004_m004_proc110.lp,0.0,6,2.5326275730063043e-15,0,75.99999999999999,505.9999959999925,True,spbs_none,D:\git\git\RDMCT-A3C\cie\results\spbs\cie_spbs_600s_mem2048_repro_v1\s1to3_both\solutions\cie_core_spbs__cie_core_n008_f004_m004_proc110__scip_default__solverseed_2__trainseed_-1__spbs_none.sol,2,0.43717490000562975,optimal,cie_core_spbs,32.43243239590942,8,-1,checked active primary model at feasibility tolerance 1.000001e-06; removed 13 inactive auxiliaries,0.04504504499431864,none
0.1801801799772747,0.36486486445398114,0.668918918165632,0.44594594544375454,0,0.0,888.000001,0.0,cie_core_n008_f004_m004_proc110.lp,0.11261261248579776,0.14301801673084355,478.2499995000035,scip_default,550.999999999999,D:\git\git\RDMCT-A3C\cie\data\core\spbs\cie_core_n008_f004_m004_proc110.lp,0.0,6,2.4622768070894622e-15,0,75.999999000007,505.99999800001615,True,spbs_none,D:\git\git\RDMCT-A3C\cie\results\spbs\cie_spbs_600s_mem2048_repro_v1\s1to3_both\solutions\cie_core_spbs__cie_core_n008_f004_m004_proc110__scip_default__solverseed_3__trainseed_-1__spbs_none.sol,3,0.2433579999997164,optimal,cie_core_spbs,32.43243239590942,8,-1,checked active primary model at feasibility tolerance 1.000001e-06; removed 13 inactive auxiliaries,0.04504504499431864,none
0.20512820486522063,0.415384614852071,0.6230769222781065,0.2076923074260355,0,0.0,780.000001,0.0,cie_core_n008_f006_m002_proc090.lp,0.12820512804076264,0.16282051261176853,386.75000000000006,scip_default,479.0,D:\git\git\RDMCT-A3C\cie\data\core\spbs\cie_core_n008_f006_m002_proc090.lp,0.0,4,0.0,0,76.0,538.0000000000003,True,spbs_none,D:\git\git\RDMCT-A3C\cie\results\spbs\cie_spbs_600s_mem2048_repro_v1\s1to3_both\solutions\cie_core_spbs__cie_core_n008_f006_m002_proc090__scip_default__solverseed_1__trainseed_-1__spbs_none.sol,1,0.31646850000106497,optimal,cie_core_spbs,36.923076875739646,8,-1,checked active primary model at feasibility tolerance 1.000001e-06; removed 13 inactive auxiliaries,0.056410256337936004,none
0.20512820486521982,0.4153846148520697,0.6230769222781066,0.2076923074260355,0,0.0,780.000001,0.0,cie_core_n008_f006_m002_proc090.lp,0.15769230749013807,0.16282051261176858,392.49999999999966,scip_default,479.0,D:\git\git\RDMCT-A3C\cie\data\core\spbs\cie_core_n008_f006_m002_proc090.lp,100.0,6,0.0,0,76.0,583.9999999999997,True,spbs_none,D:\git\git\RDMCT-A3C\cie\results\spbs\cie_spbs_600s_mem2048_repro_v1\s1to3_both\solutions\cie_core_spbs__cie_core_n008_f006_m002_proc090__scip_default__solverseed_2__trainseed_-1__spbs_none.sol,2,0.3964140000025509,optimal,cie_core_spbs,36.923076875739646,8,-1,checked active primary model at feasibility tolerance 1.000001e-06; removed 13 inactive auxiliaries,0.05641025633793513,none
0.20512820486522024,0.415384614852071,0.6230769222781065,0.2076923074260355,0,0.0,780.000001,0.0,cie_core_n008_f006_m002_proc090.lp,0.15769230749013807,0.16282051261176858,392.5,scip_default,479.0,D:\git\git\RDMCT-A3C\cie\data\core\spbs\cie_core_n008_f006_m002_proc090.lp,0.0,6,0.0,0,76.0,584.0,True,spbs_none,D:\git\git\RDMCT-A3C\cie\results\spbs\cie_spbs_600s_mem2048_repro_v1\s1to3_both\solutions\cie_core_spbs__cie_core_n008_f006_m002_proc090__scip_default__solverseed_3__trainseed_-1__spbs_none.sol,3,0.33841409999877214,optimal,cie_core_spbs,36.923076875739646,8,-1,checked active primary model at feasibility tolerance 1.000001e-06; removed 13 inactive auxiliaries,0.05641025633793557,none
0.19184652255174278,0.3884892081672791,0.6474820136121319,0.21582733787071062,0,0.0,834.000001,0.0,cie_core_n008_f006_m002_proc100.lp,0.14748201421165227,0.15227817727544582,415.0,scip_default,515.0,D:\git\git\RDMCT-A3C\cie\data\core\spbs\cie_core_n008_f006_m002_proc100.lp,0.0,6,0.0,0,76.0,584.0,True,spbs_none,D:\git\git\RDMCT-A3C\cie\results\spbs\cie_spbs_600s_mem2048_repro_v1\s1to3_both\solutions\cie_core_spbs__cie_core_n008_f006_m002_proc100__scip_default__solverseed_1__trainseed_-1__spbs_none.sol,1,0.44597119999525603,optimal,cie_core_spbs,34.5323740593137,8,-1,checked active primary model at feasibility tolerance 1.000001e-06; removed 13 inactive auxiliaries,0.05275779370172926,none
0.19184652255174278,0.3884892081672791,0.6474820136121319,0.21582733787071062,0,0.0,834.000001,0.0,cie_core_n008_f006_m002_proc100.lp,0.14748201421165227,0.15227817727544582,415.0,scip_default,515.0,D:\git\git\RDMCT-A3C\cie\data\core\spbs\cie_core_n008_f006_m002_proc100.lp,0.0,6,0.0,0,75.99999999999999,584.0,True,spbs_none,D:\git\git\RDMCT-A3C\cie\results\spbs\cie_spbs_600s_mem2048_repro_v1\s1to3_both\solutions\cie_core_spbs__cie_core_n008_f006_m002_proc100__scip_default__solverseed_2__trainseed_-1__spbs_none.sol,2,0.3132882999998401,optimal,cie_core_spbs,34.5323740593137,8,-1,checked active primary model at feasibility tolerance 1.000001e-06; removed 13 inactive auxiliaries,0.05275779370172926,none
0.19184652255174306,0.3884892081672794,0.6474820136121319,0.21582733787071062,0,0.0,834.000001,0.0,cie_core_n008_f006_m002_proc100.lp,0.14748201421165227,0.1522781772754462,415.00000000000017,scip_default,515.0,D:\git\git\RDMCT-A3C\cie\data\core\spbs\cie_core_n008_f006_m002_proc100.lp,0.0,6,0.0,0,75.99999999999999,584.0000000000002,True,spbs_none,D:\git\git\RDMCT-A3C\cie\results\spbs\cie_spbs_600s_mem2048_repro_v1\s1to3_both\solutions\cie_core_spbs__cie_core_n008_f006_m002_proc100__scip_default__solverseed_3__trainseed_-1__spbs_none.sol,3,0.4142236999978195,optimal,cie_core_spbs,34.5323740593137,8,-1,checked active primary model at feasibility tolerance 1.000001e-06; removed 13 inactive auxiliaries,0.05275779370172926,none
0.1801801799772742,0.36486486445397986,0.668918918165632,0.22297297272187727,0,0.0,888.000001,0.0,cie_core_n008_f006_m002_proc110.lp,0.13851351335752982,0.1430180178569617,437.49999999999966,scip_default,551.0,D:\git\git\RDMCT-A3C\cie\data\core\spbs\cie_core_n008_f006_m002_proc110.lp,100.0,6,0.0,0,76.0,583.9999999999997,True,spbs_none,D:\git\git\RDMCT-A3C\cie\results\spbs\cie_spbs_600s_mem2048_repro_v1\s1to3_both\solutions\cie_core_spbs__cie_core_n008_f006_m002_proc110__scip_default__solverseed_1__trainseed_-1__spbs_none.sol,1,0.7665062999949441,optimal,cie_core_spbs,32.43243239590942,8,-1,checked active primary model at feasibility tolerance 1.000001e-06; removed 13 inactive auxiliaries,0.04954954949375012,none
0.1801801799772751,0.36486486445398153,0.6689189181656319,0.22297297272187727,0,0.0,888.000001,0.0,cie_core_n008_f006_m002_proc110.lp,0.13851351335752868,0.14301801785696217,437.5,scip_default,551.0,D:\git\git\RDMCT-A3C\cie\data\core\spbs\cie_core_n008_f006_m002_proc110.lp,100.0,6,0.0,0,75.99999999999999,584.0000000000003,True,spbs_none,D:\git\git\RDMCT-A3C\cie\results\spbs\cie_spbs_600s_mem2048_repro_v1\s1to3_both\solutions\cie_core_spbs__cie_core_n008_f006_m002_proc110__scip_default__solverseed_2__trainseed_-1__spbs_none.sol,2,0.6222068000060972,optimal,cie_core_spbs,32.43243239590942,8,-1,checked active primary model at feasibility tolerance 1.000001e-06; removed 13 inactive auxiliaries,0.049549549493750504,none
0.1801801799772743,0.36486486445398064,0.668918918165632,0.22297297272187727,0,0.0,888.000001,0.0,cie_core_n008_f006_m002_proc110.lp,0.11261261248579661,0.14301801447858523,431.74999950000034,scip_default,550.999999,D:\git\git\RDMCT-A3C\cie\data\core\spbs\cie_core_n008_f006_m002_proc110.lp,100.0,4,0.0,0,75.999999000001,537.9999960000036,True,spbs_none,D:\git\git\RDMCT-A3C\cie\results\spbs\cie_spbs_600s_mem2048_repro_v1\s1to3_both\solutions\cie_core_spbs__cie_core_n008_f006_m002_proc110__scip_default__solverseed_3__trainseed_-1__spbs_none.sol,3,0.8618416000026627,optimal,cie_core_spbs,32.43243239590942,8,-1,checked active primary model at feasibility tolerance 1.000001e-06; removed 13 inactive auxiliaries,0.049549549493750504,none
0.305927341963741,0.619502867476575,0.7743785843457182,0.7743785843457184,0,0.0,1046.000001,0.0,cie_core_n016_f000_m016_proc090.lp,0.2294455045607597,0.259560231587418,480.9374998124999,scip_default,487.4999994999995,D:\git\git\RDMCT-A3C\cie\data\core\spbs\cie_core_n016_f000_m016_proc090.lp,1600.0,4,1.992279989339402e-09,1.9999979485874064e-06,28.000000000000412,591.0000010000005,True,spbs_none,D:\git\git\RDMCT-A3C\cie\results\spbs\cie_spbs_600s_mem2048_repro_v1\s1to3_both\solutions\cie_core_spbs__cie_core_n016_f000_m016_proc090__scip_default__solverseed_1__trainseed_-1__spbs_none.sol,1,16.35942570000043,optimal,cie_core_spbs,55.0669215534733,16,-1,checked active primary model at feasibility tolerance 1.000001e-06; removed 13 inactive auxiliaries,0.045889101294560974,none
0.30592734196374033,0.6195028674765745,0.7743785843457183,0.7743785843457182,0,0.0,1046.000001,0.0,cie_core_n016_f000_m016_proc090.lp,0.22944550551678167,0.25956023063139744,480.93750006249985,scip_default,487.4999995,D:\git\git\RDMCT-A3C\cie\data\core\spbs\cie_core_n016_f000_m016_proc090.lp,2300.0,4,2.0473231525512915e-15,2.0747847884194925e-12,28.000000000000057,591.0000010000018,True,spbs_none,D:\git\git\RDMCT-A3C\cie\results\spbs\cie_spbs_600s_mem2048_repro_v1\s1to3_both\solutions\cie_core_spbs__cie_core_n016_f000_m016_proc090__scip_default__solverseed_2__trainseed_-1__spbs_none.sol,2,22.790323100001842,optimal,cie_core_spbs,55.0669215534733,16,-1,checked active primary model at feasibility tolerance 1.000001e-06; removed 13 inactive auxiliaries,0.045889101294560974,none
0.30592734196374033,0.6195028674765742,0.7743785843457183,0.7743785843457182,0,0.0,1046.000001,0.0,cie_core_n016_f000_m016_proc090.lp,0.22944550551678167,0.25956023063139644,480.93750006249996,scip_default,487.4999995,D:\git\git\RDMCT-A3C\cie\data\core\spbs\cie_core_n016_f000_m016_proc090.lp,1600.0,4,0.0,0.0,28.000000000000057,591.0000009999998,True,spbs_none,D:\git\git\RDMCT-A3C\cie\results\spbs\cie_spbs_600s_mem2048_repro_v1\s1to3_both\solutions\cie_core_spbs__cie_core_n016_f000_m016_proc090__scip_default__solverseed_3__trainseed_-1__spbs_none.sol,3,16.460843599998043,optimal,cie_core_spbs,55.0669215534733,16,-1,checked active primary model at feasibility tolerance 1.000001e-06; removed 13 inactive auxiliaries,0.04588910129456119,none
0.2816901405971039,0.5704225347091348,0.7922535204293543,0.7922535204293543,0,0.0,1136.000001,0.0,cie_core_n016_f000_m016_proc100.lp,0.22491197031257573,0.23547535410609735,518.3750001249998,scip_default,532.4999995,D:\git\git\RDMCT-A3C\cie\data\core\spbs\cie_core_n016_f000_m016_proc100.lp,3510.6918238993712,4,1.8470415398017086e-15,2.0747847884194925e-12,28.000000000000213,614.0000020000002,True,spbs_none,D:\git\git\RDMCT-A3C\cie\results\spbs\cie_spbs_600s_mem2048_repro_v1\s1to3_both\solutions\cie_core_spbs__cie_core_n016_f000_m016_proc100__scip_default__solverseed_1__trainseed_-1__spbs_none.sol,1,36.38754550000158,optimal,cie_core_spbs,50.70422530747867,16,-1,checked active primary model at feasibility tolerance 1.000001e-06; removed 13 inactive auxiliaries,0.04225352108956596,none
0.2816901405971034,0.5704225347091348,0.7922535204293543,0.7922535204293543,0,0.0,1136.000001,0.0,cie_core_n016_f000_m016_proc100.lp,0.2249119703125705,0.23547535410610257,518.3750001249999,scip_default,532.4999995,D:\git\git\RDMCT-A3C\cie\data\core\spbs\cie_core_n016_f000_m016_proc100.lp,4800.0,4,0.0,0.0,28.0,614.0000019999997,True,spbs_none,D:\git\git\RDMCT-A3C\cie\results\spbs\cie_spbs_600s_mem2048_repro_v1\s1to3_both\solutions\cie_core_spbs__cie_core_n016_f000_m016_proc100__scip_default__solverseed_2__trainseed_-1__spbs_none.sol,2,48.30326839999907,optimal,cie_core_spbs,50.70422530747867,16,-1,checked active primary model at feasibility tolerance 1.000001e-06; removed 13 inactive auxiliaries,0.04225352108956556,none
0.281690140597104,0.5704225347091358,0.7922535204293534,0.7922535204293543,0,0.0,1136.000001,0.0,cie_core_n016_f000_m016_proc100.lp,0.22491197031257043,0.23547535410610312,518.375000125,scip_default,532.4999995000004,D:\git\git\RDMCT-A3C\cie\data\core\spbs\cie_core_n016_f000_m016_proc100.lp,4853.658536585366,4,5.108476561697571e-17,2.842170943040401e-14,28.000000000000412,614.0000020000024,True,spbs_none,D:\git\git\RDMCT-A3C\cie\results\spbs\cie_spbs_600s_mem2048_repro_v1\s1to3_both\solutions\cie_core_spbs__cie_core_n016_f000_m016_proc100__scip_default__solverseed_3__trainseed_-1__spbs_none.sol,3,51.690944499998295,optimal,cie_core_spbs,50.70422530747867,16,-1,checked active primary model at feasibility tolerance 1.000001e-06; removed 13 inactive auxiliaries,0.04225352108956556,none
0.2610114190366958,0.5285481235493084,0.8075040776447765,0.8075040776447764,0,0.0,1226.000001,0.0,cie_core_n016_f000_m016_proc110.lp,0.21574224982402673,0.22553018130054628,556.6250001249999,scip_default,577.4999995,D:\git\git\RDMCT-A3C\cie\data\core\spbs\cie_core_n016_f000_m016_proc110.lp,1600.0,4,0.0,0.0,33.49999950000006,650.0000020000004,True,spbs_none,D:\git\git\RDMCT-A3C\cie\results\spbs\cie_spbs_600s_mem2048_repro_v1\s1to3_both\solutions\cie_core_spbs__cie_core_n016_f000_m016_proc110__scip_default__solverseed_1__trainseed_-1__spbs_none.sol,1,15.59364440000354,optimal,cie_core_spbs,46.98205542660517,16,-1,checked active primary model at feasibility tolerance 1.000001e-06; removed 13 inactive auxiliaries,0.03915171285550449,none
0.26101141903669567,0.5285481235493081,0.8075040776447765,0.8075040776447764,0,0.0,1226.000001,0.0,cie_core_n016_f000_m016_proc110.lp,0.21574224982402107,0.22553018130055277,556.6250001249999,scip_default,577.4999995,D:\git\git\RDMCT-A3C\cie\data\core\spbs\cie_core_n016_f000_m016_proc110.lp,2700.0,4,1.6286430226402167e-15,9.947598300641403e-13,33.49999950000006,650.0000020000004,True,spbs_none,D:\git\git\RDMCT-A3C\cie\results\spbs\cie_spbs_600s_mem2048_repro_v1\s1to3_both\solutions\cie_core_spbs__cie_core_n016_f000_m016_proc110__scip_default__solverseed_2__trainseed_-1__spbs_none.sol,2,27.06466019999789,optimal,cie_core_spbs,46.98205542660517,16,-1,checked active primary model at feasibility tolerance 1.000001e-06; removed 13 inactive auxiliaries,0.03915171285550468,none
0.2610114190366952,0.528548123549308,0.8075040776447764,0.8075040776447765,0,0.0,1226.000001,0.0,cie_core_n016_f000_m016_proc110.lp,0.21574224982402673,0.2255301813005471,556.625000125,scip_default,577.4999995,D:\git\git\RDMCT-A3C\cie\data\core\spbs\cie_core_n016_f000_m016_proc110.lp,1900.0,4,0.0,0.0,33.49999950000006,650.0000019999997,True,spbs_none,D:\git\git\RDMCT-A3C\cie\results\spbs\cie_spbs_600s_mem2048_repro_v1\s1to3_both\solutions\cie_core_spbs__cie_core_n016_f000_m016_proc110__scip_default__solverseed_3__trainseed_-1__spbs_none.sol,3,18.924041899997974,optimal,cie_core_spbs,46.98205542660517,16,-1,checked active primary model at feasibility tolerance 1.000001e-06; removed 13 inactive auxiliaries,0.03915171285550431,none
0.28776978391387587,0.5827338124255991,0.7284172655319989,0.5827338124255991,0,0.0,1112.000001,0.0,cie_core_n016_f004_m012_proc090.lp,0.29136690621279954,0.24370503755062473,466.625000375,scip_default,539.0,D:\git\git\RDMCT-A3C\cie\data\core\spbs\cie_core_n016_f004_m012_proc090.lp,1900.0,4,0.0,0.0,98.999999,1026.0000059999998,True,spbs_none,D:\git\git\RDMCT-A3C\cie\results\spbs\cie_spbs_600s_mem2048_repro_v1\s1to3_both\solutions\cie_core_spbs__cie_core_n016_f004_m012_proc090__scip_default__solverseed_1__trainseed_-1__spbs_none.sol,1,18.824471800005995,optimal,cie_core_spbs,51.79856110449769,16,-1,checked active primary model at feasibility tolerance 1.000001e-06; removed 13 inactive auxiliaries,0.05035971218492831,none
0.2877697839138765,0.5827338124255996,0.7284172655319979,0.5827338124255991,0,0.0,1112.000001,0.0,cie_core_n016_f004_m012_proc090.lp,0.36690647449019104,0.24190647460260242,476.8749999999999,scip_default,623.0000000000005,D:\git\git\RDMCT-A3C\cie\data\core\spbs\cie_core_n016_f004_m012_proc090.lp,1915.0094686741697,4,0.0,0.0,183.0,1190.0000000000005,True,spbs_none,D:\git\git\RDMCT-A3C\cie\results\spbs\cie_spbs_600s_mem2048_repro_v1\s1to3_both\solutions\cie_core_spbs__cie_core_n016_f004_m012_proc090__scip_default__solverseed_2__trainseed_-1__spbs_none.sol,2,21.465858700001263,optimal,cie_core_spbs,51.79856110449769,16,-1,checked active primary model at feasibility tolerance 1.000001e-06; removed 13 inactive auxiliaries,0.05035971218492831,none
0.2877697839138761,0.5827338124255991,0.7284172655319988,0.5827338124255991,0,0.0,1112.000001,0.0,cie_core_n016_f004_m012_proc090.lp,0.29136690531351894,0.24370503755062495,466.625,scip_default,539.0,D:\git\git\RDMCT-A3C\cie\data\core\spbs\cie_core_n016_f004_m012_proc090.lp,1900.690246301655,4,2.2450481667663745e-09,1.9999999949504854e-06,98.999999,1026.000004,True,spbs_none,D:\git\git\RDMCT-A3C\cie\results\spbs\cie_spbs_600s_mem2048_repro_v1\s1to3_both\solutions\cie_core_spbs__cie_core_n016_f004_m012_proc090__scip_default__solverseed_3__trainseed_-1__spbs_none.sol,3,25.92005600000266,optimal,cie_core_spbs,51.79856110449769,16,-1,checked active primary model at feasibility tolerance 1.000001e-06; removed 13 inactive auxiliaries,0.05035971218492831,none
0.2662229615089658,0.5391014962237091,0.7487520792439666,0.5990016633951734,0,0.0,1202.000001,0.0,cie_core_n016_f004_m012_proc100.lp,0.34692179588442446,0.24625624022774012,512.87499975,scip_default,658.9999999999999,D:\git\git\RDMCT-A3C\cie\data\core\spbs\cie_core_n016_f004_m012_proc100.lp,2211.544227886057,4,2.025423889383772e-09,9.999999974752427e-07,201.0,1262.0,True,spbs_none,D:\git\git\RDMCT-A3C\cie\results\spbs\cie_spbs_600s_mem2048_repro_v1\s1to3_both\solutions\cie_core_spbs__cie_core_n016_f004_m012_proc100__scip_default__solverseed_1__trainseed_-1__spbs_none.sol,1,22.903644500001974,optimal,cie_core_spbs,47.92013307161386,16,-1,checked active primary model at feasibility tolerance 1.000001e-06; removed 13 inactive auxiliaries,0.04658901826406903,none
0.26622296150896607,0.5391014970556561,0.7487520792439666,0.5990016633951731,0,0.0,1202.000001,0.0,cie_core_n016_f004_m012_proc100.lp,0.19966722113172441,0.23377703724311322,488.8749996874998,scip_default,539.9999995,D:\git\git\RDMCT-A3C\cie\data\core\spbs\cie_core_n016_f004_m012_proc100.lp,3804.32612312812,4,1.2809918906485523e-09,5.000010787625797e-07,75.99999999999999,877.999997999998,True,spbs_none,D:\git\git\RDMCT-A3C\cie\results\spbs\cie_spbs_600s_mem2048_repro_v1\s1to3_both\solutions\cie_core_spbs__cie_core_n016_f004_m012_proc100__scip_default__solverseed_2__trainseed_-1__spbs_none.sol,2,39.237164199999825,optimal,cie_core_spbs,47.92013307161386,16,-1,checked active primary model at feasibility tolerance 1.000001e-06; removed 13 inactive auxiliaries,0.04658901826406903,none
0.2662229615089663,0.5391014970556559,0.7487520792439667,0.5990016633951732,0,0.0,1202.000001,0.0,cie_core_n016_f004_m012_proc100.lp,0.26289517365815707,0.26206323023122857,502.62500037500007,scip_default,557.0,D:\git\git\RDMCT-A3C\cie\data\core\spbs\cie_core_n016_f004_m012_proc100.lp,3200.0,4,0.0,0.0,98.999999,1098.0000060000004,True,spbs_none,D:\git\git\RDMCT-A3C\cie\results\spbs\cie_spbs_600s_mem2048_repro_v1\s1to3_both\solutions\cie_core_spbs__cie_core_n016_f004_m012_proc100__scip_default__solverseed_3__trainseed_-1__spbs_none.sol,3,32.362317299994174,optimal,cie_core_spbs,47.92013307161386,16,-1,checked active primary model at feasibility tolerance 1.000001e-06; removed 13 inactive auxiliaries,0.04658901826406941,none
0.2476780183841502,0.5015479872279042,0.7662538693759644,0.6130030955007715,0,0.0,1292.000001,0.0,cie_core_n016_f004_m012_proc110.lp,0.18730650101601584,0.2298761604257926,522.6249996874998,scip_default,593.9999995,D:\git\git\RDMCT-A3C\cie\data\core\spbs\cie_core_n016_f004_m012_proc110.lp,1900.0,4,1.1668440983183612e-09,5.000010219191608e-07,75.99999999999999,913.999997999998,True,spbs_none,D:\git\git\RDMCT-A3C\cie\results\spbs\cie_spbs_600s_mem2048_repro_v1\s1to3_both\solutions\cie_core_spbs__cie_core_n016_f004_m012_proc110__scip_default__solverseed_1__trainseed_-1__spbs_none.sol,1,18.746275999998034,optimal,cie_core_spbs,44.582043309147025,16,-1,checked active primary model at feasibility tolerance 1.000001e-06; removed 13 inactive auxiliaries,0.04334365321722627,none
0.2476780183841503,0.501547987227904,0.7662538693759644,0.6130030955007716,0,0.0,1292.000001,0.0,cie_core_n016_f004_m012_proc110.lp,0.33668730624095405,0.2430340555394473,548.875,scip_default,695.0,D:\git\git\RDMCT-A3C\cie\data\core\spbs\cie_core_n016_f004_m012_proc110.lp,3700.0,4,0.0,0.0,219.0,1334.0000000000002,True,spbs_none,D:\git\git\RDMCT-A3C\cie\results\spbs\cie_spbs_600s_mem2048_repro_v1\s1to3_both\solutions\cie_core_spbs__cie_core_n016_f004_m012_proc110__scip_default__solverseed_2__trainseed_-1__spbs_none.sol,2,36.92296139999962,optimal,cie_core_spbs,44.582043309147025,16,-1,checked active primary model at feasibility tolerance 1.000001e-06; removed 13 inactive auxiliaries,0.04334365321722645,none
0.24767801838414985,0.5015479872279038,0.7662538693759646,0.6130030955007716,0,0.0,1292.000001,0.0,cie_core_n016_f004_m012_proc110.lp,0.3777089780358289,0.20201238374457223,548.875,scip_default,694.9999999999997,D:\git\git\RDMCT-A3C\cie\data\core\spbs\cie_core_n016_f004_m012_proc110.lp,2100.0,4,2.0974545981231085e-16,1.1368683772161603e-13,219.0,1333.9999999999998,True,spbs_none,D:\git\git\RDMCT-A3C\cie\results\spbs\cie_spbs_600s_mem2048_repro_v1\s1to3_both\solutions\cie_core_spbs__cie_core_n016_f004_m012_proc110__scip_default__solverseed_3__trainseed_-1__spbs_none.sol,3,21.41937009999674,optimal,cie_core_spbs,44.582043309147025,16,-1,checked active primary model at feasibility tolerance 1.000001e-06; removed 13 inactive auxiliaries,0.04334365321722627,none
0.2914389796981432,0.5901639338887396,0.5901639338887396,0.5901639338887396,0,0.0,1098.000001,0.0,cie_core_n016_f008_m008_proc090.lp,0.2030965389771434,0.2850637520172461,435.875,scip_default,532.0,D:\git\git\RDMCT-A3C\cie\data\core\spbs\cie_core_n016_f008_m008_proc090.lp,3012.386156648452,4,0.003003003003003003,0.0,84.0,1194.0000000000002,True,spbs_none,D:\git\git\RDMCT-A3C\cie\results\spbs\cie_spbs_600s_mem2048_repro_v1\s1to3_both\solutions\cie_core_spbs__cie_core_n016_f008_m008_proc090__scip_default__solverseed_1__trainseed_-1__spbs_none.sol,1,32.33993180000107,optimal,cie_core_spbs,52.45901634566574,16,-1,checked active primary model at feasibility tolerance 1.000001e-06; removed 13 inactive auxiliaries,0.0582877959396288,none
0.2914389796981432,0.5901639338887396,0.5901639338887394,0.5901639338887397,0,0.0,1098.000001,0.0,cie_core_n016_f008_m008_proc090.lp,0.28779599154116947,0.3041894377921762,466.37500050000006,scip_default,560.000001,D:\git\git\RDMCT-A3C\cie\data\core\spbs\cie_core_n016_f008_m008_proc090.lp,1504.8269581056463,4,0.10236875903870031,6.9999990000000025,98.999999,1536.0000060000002,True,spbs_none,D:\git\git\RDMCT-A3C\cie\results\spbs\cie_spbs_600s_mem2048_repro_v1\s1to3_both\solutions\cie_core_spbs__cie_core_n016_f008_m008_proc090__scip_default__solverseed_2__trainseed_-1__spbs_none.sol,2,18.42718999999488,optimal,cie_core_spbs,52.45901634566574,16,-1,checked active primary model at feasibility tolerance 1.000001e-06; removed 13 inactive auxiliaries,0.0582877959396288,none
0.2914389796981435,0.5901639338887396,0.5901639338887387,0.5901639338887384,0,0.0,1098.000001,0.0,cie_core_n016_f008_m008_proc090.lp,0.22222222201983413,0.2969034605674832,454.8750004375003,scip_default,560.000001000001,D:\git\git\RDMCT-A3C\cie\data\core\spbs\cie_core_n016_f008_m008_proc090.lp,5708.543758999586,4,0.10236875755863233,6.999998999999889,84.0,1352.0000030000044,True,spbs_none,D:\git\git\RDMCT-A3C\cie\results\spbs\cie_spbs_600s_mem2048_repro_v1\s1to3_both\solutions\cie_core_spbs__cie_core_n016_f008_m008_proc090__scip_default__solverseed_3__trainseed_-1__spbs_none.sol,3,57.87853870000254,optimal,cie_core_spbs,52.45901634566574,16,-1,checked active primary model at feasibility tolerance 1.000001e-06; removed 13 inactive auxiliaries,0.05828779593962901,none
0.2735042732705095,0.553846153372781,0.6153846148586456,0.6153846148586457,0,0.0,1170.000001,0.0,cie_core_n016_f008_m008_proc100.lp,0.2700854689999269,0.30085470230696176,490.6250002500001,scip_default,573.000001,D:\git\git\RDMCT-A3C\cie\data\core\spbs\cie_core_n016_f008_m008_proc100.lp,3003.7606837606836,4,0.058823529411764705,0.0,98.999999,1550.0000040000004,True,spbs_none,D:\git\git\RDMCT-A3C\cie\results\spbs\cie_spbs_600s_mem2048_repro_v1\s1to3_both\solutions\cie_core_spbs__cie_core_n016_f008_m008_proc100__scip_default__solverseed_1__trainseed_-1__spbs_none.sol,1,32.03649280000536,optimal,cie_core_spbs,49.230769188691646,16,-1,checked active primary model at feasibility tolerance 1.000001e-06; removed 13 inactive auxiliaries,0.05470085465410222,none
0.2735042732705095,0.553846153372781,0.6153846148586456,0.6153846148586448,0,0.0,1170.000001,0.0,cie_core_n016_f008_m008_proc100.lp,0.2555555544824303,0.282051283519616,473.1250002500002,scip_default,557.0,D:\git\git\RDMCT-A3C\cie\data\core\spbs\cie_core_n016_f008_m008_proc100.lp,936.9215014376304,4,0.0,0.0,98.99999899999898,1362.0000040000045,True,spbs_none,D:\git\git\RDMCT-A3C\cie\results\spbs\cie_spbs_600s_mem2048_repro_v1\s1to3_both\solutions\cie_core_spbs__cie_core_n016_f008_m008_proc100__scip_default__solverseed_2__trainseed_-1__spbs_none.sol,2,22.719740400003502,optimal,cie_core_spbs,49.230769188691646,16,-1,checked active primary model at feasibility tolerance 1.000001e-06; removed 13 inactive auxiliaries,0.05470085465410222,none
0.27350427327050897,0.553846153372781,0.6153846148586456,0.6153846148586457,0,0.0,1170.000001,0.0,cie_core_n016_f008_m008_proc100.lp,0.2700854689999269,0.30085470230696154,490.62500024999997,scip_default,573.000001,D:\git\git\RDMCT-A3C\cie\data\core\spbs\cie_core_n016_f008_m008_proc100.lp,4201.880341880342,4,0.058823529411764705,0.0,98.999999,1550.0000039999998,True,spbs_none,D:\git\git\RDMCT-A3C\cie\results\spbs\cie_spbs_600s_mem2048_repro_v1\s1to3_both\solutions\cie_core_spbs__cie_core_n016_f008_m008_proc100__scip_default__solverseed_3__trainseed_-1__spbs_none.sol,3,43.16400689999864,optimal,cie_core_spbs,49.230769188691646,16,-1,checked active primary model at feasibility tolerance 1.000001e-06; removed 13 inactive auxiliaries,0.05470085465410183,none
0.2576489530936803,0.5217391300147021,0.637681158906859,0.6376811589068597,0,0.0,1242.000001,0.0,cie_core_n016_f008_m008_proc110.lp,0.17954911418715852,0.2238325280001348,485.1250000000002,scip_default,567.0,D:\git\git\RDMCT-A3C\cie\data\core\spbs\cie_core_n016_f008_m008_proc110.lp,2636.2762908239474,4,2.1933198165483793e-15,1.0231815394945443e-12,84.0,1121.9999999999998,True,spbs_none,D:\git\git\RDMCT-A3C\cie\results\spbs\cie_spbs_600s_mem2048_repro_v1\s1to3_both\solutions\cie_core_spbs__cie_core_n016_f008_m008_proc110__scip_default__solverseed_1__trainseed_-1__spbs_none.sol,1,30.746263900000486,optimal,cie_core_spbs,46.376811556862464,16,-1,checked active primary model at feasibility tolerance 1.000001e-06; removed 13 inactive auxiliaries,0.051529790618736804,none
0.2576489530936801,0.5217391292095502,0.6376811589068581,0.637681158906859,0,0.0,1242.000001,0.0,cie_core_n016_f008_m008_proc110.lp,0.24074074054690758,0.2552334933532739,501.74999962499993,scip_default,595.999999999999,D:\git\git\RDMCT-A3C\cie\data\core\spbs\cie_core_n016_f008_m008_proc110.lp,2908.6590038314175,4,2.193319816548385e-15,1.0231815394945443e-12,99.0,1387.9999960000018,True,spbs_none,D:\git\git\RDMCT-A3C\cie\results\spbs\cie_spbs_600s_mem2048_repro_v1\s1to3_both\solutions\cie_core_spbs__cie_core_n016_f008_m008_proc110__scip_default__solverseed_2__trainseed_-1__spbs_none.sol,2,30.029227499995613,optimal,cie_core_spbs,46.376811556862464,16,-1,checked active primary model at feasibility tolerance 1.000001e-06; removed 13 inactive auxiliaries,0.051529790618736075,none
0.25764895309368036,0.5217391300147027,0.637681158906859,0.6376811589068591,0,0.0,1242.000001,0.0,cie_core_n016_f008_m008_proc110.lp,0.24074073974175472,0.25523349576873305,501.75000025,scip_default,596.0000010000001,D:\git\git\RDMCT-A3C\cie\data\core\spbs\cie_core_n016_f008_m008_proc110.lp,4100.0,4,0.0,0.0,98.999999,1388.000004,True,spbs_none,D:\git\git\RDMCT-A3C\cie\results\spbs\cie_spbs_600s_mem2048_repro_v1\s1to3_both\solutions\cie_core_spbs__cie_core_n016_f008_m008_proc110__scip_default__solverseed_3__trainseed_-1__spbs_none.sol,3,41.742113799991785,optimal,cie_core_spbs,46.376811556862464,16,-1,checked active primary model at feasibility tolerance 1.000001e-06; removed 13 inactive auxiliaries,0.051529790618736075,none
0.29384756630500647,0.5950413217676386,0.5950413217676389,0.44628099132572896,0,0.0,1089.000001,0.0,cie_core_n016_f012_m004_proc090.lp,0.2304866848204897,0.303030302752038,417.74999999999994,scip_default,537.0000000000001,D:\git\git\RDMCT-A3C\cie\data\core\spbs\cie_core_n016_f012_m004_proc090.lp,1323.7927592976453,6,0.31032899487810867,0,84.0,1571.9999999999998,True,spbs_none,D:\git\git\RDMCT-A3C\cie\results\spbs\cie_spbs_600s_mem2048_repro_v1\s1to3_both\solutions\cie_core_spbs__cie_core_n016_f012_m004_proc090__scip_default__solverseed_1__trainseed_-1__spbs_none.sol,1,14.603693099998054,optimal,cie_core_spbs,52.892561934901224,16,-1,checked active primary model at feasibility tolerance 1.000001e-06; removed 13 inactive auxiliaries,0.06611570241862653,none
0.2938475663050066,0.5950413217676369,0.5950413217676407,0.44628099132572907,0,0.0,1089.000001,0.0,cie_core_n016_f012_m004_proc090.lp,0.20477502276880155,0.24977043135925578,406.99999999999994,scip_default,479.00000000000205,D:\git\git\RDMCT-A3C\cie\data\core\spbs\cie_core_n016_f012_m004_proc090.lp,1504.040404040404,6,0.31032899487810867,0,84.0,1399.9999999999998,True,spbs_none,D:\git\git\RDMCT-A3C\cie\results\spbs\cie_spbs_600s_mem2048_repro_v1\s1to3_both\solutions\cie_core_spbs__cie_core_n016_f012_m004_proc090__scip_default__solverseed_2__trainseed_-1__spbs_none.sol,2,16.758969499998784,optimal,cie_core_spbs,52.892561934901224,16,-1,checked active primary model at feasibility tolerance 1.000001e-06; removed 13 inactive auxiliaries,0.06611570241862633,none
0.293847566305007,0.595041321767639,0.5950413217676379,0.44628099132572907,0,0.0,1089.000001,0.0,cie_core_n016_f012_m004_proc090.lp,0.2304866848204897,0.30303030275203846,417.74999999999994,scip_default,536.9999999999991,D:\git\git\RDMCT-A3C\cie\data\core\spbs\cie_core_n016_f012_m004_proc090.lp,1100.0,6,0.31032899487810867,0,84.0,1572.0000000000002,True,spbs_none,D:\git\git\RDMCT-A3C\cie\results\spbs\cie_spbs_600s_mem2048_repro_v1\s1to3_both\solutions\cie_core_spbs__cie_core_n016_f012_m004_proc090__scip_default__solverseed_3__trainseed_-1__spbs_none.sol,3,11.36508010000398,optimal,cie_core_spbs,52.892561934901224,16,-1,checked active primary model at feasibility tolerance 1.000001e-06; removed 13 inactive auxiliaries,0.06611570241862653,none
0.27633851444184915,0.5595854908811868,0.6217616574941609,0.46632124312062057,0,0.0,1158.000001,0.0,cie_core_n016_f012_m004_proc100.lp,0.22797927268740995,0.2754749565842184,437.874999625,scip_default,573.0,D:\git\git\RDMCT-A3C\cie\data\core\spbs\cie_core_n016_f012_m004_proc100.lp,1800.0,6,0.28611256879209873,0,76.0,1533.999994,True,spbs_none,D:\git\git\RDMCT-A3C\cie\results\spbs\cie_spbs_600s_mem2048_repro_v1\s1to3_both\solutions\cie_core_spbs__cie_core_n016_f012_m004_proc100__scip_default__solverseed_1__trainseed_-1__spbs_none.sol,1,17.786731100000907,optimal,cie_core_spbs,49.74093259953287,16,-1,checked active primary model at feasibility tolerance 1.000001e-06; removed 13 inactive auxiliaries,0.06217616574941608,none
0.27633851444184915,0.5595854917447446,0.6217616574941609,0.46632124312062057,0,0.0,1158.000001,0.0,cie_core_n016_f012_m004_proc100.lp,0.22797927441452565,0.2754749565842184,437.875,scip_default,573.0000000000001,D:\git\git\RDMCT-A3C\cie\data\core\spbs\cie_core_n016_f012_m004_proc100.lp,2517.2614712308814,6,0.2861125704223025,0,76.0,1534.0,True,spbs_none,D:\git\git\RDMCT-A3C\cie\results\spbs\cie_spbs_600s_mem2048_repro_v1\s1to3_both\solutions\cie_core_spbs__cie_core_n016_f012_m004_proc100__scip_default__solverseed_2__trainseed_-1__spbs_none.sol,2,25.849290300000575,optimal,cie_core_spbs,49.74093259953287,16,-1,checked active primary model at feasibility tolerance 1.000001e-06; removed 13 inactive auxiliaries,0.06217616574941608,none
0.276338514441849,0.5595854917447446,0.6217616574941609,0.46632124312062057,0,0.0,1158.000001,0.0,cie_core_n016_f012_m004_proc100.lp,0.22797927441452565,0.2754749565842182,437.87499999999994,scip_default,573.0000000000001,D:\git\git\RDMCT-A3C\cie\data\core\spbs\cie_core_n016_f012_m004_proc100.lp,1100.0,6,0.2861125704223025,0,76.0,1533.9999999999998,True,spbs_none,D:\git\git\RDMCT-A3C\cie\results\spbs\cie_spbs_600s_mem2048_repro_v1\s1to3_both\solutions\cie_core_spbs__cie_core_n016_f012_m004_proc100__scip_default__solverseed_3__trainseed_-1__spbs_none.sol,3,10.591163700002653,optimal,cie_core_spbs,49.74093259953287,16,-1,checked active primary model at feasibility tolerance 1.000001e-06; removed 13 inactive auxiliaries,0.06217616574941608,none
0.2601626014145018,0.5268292678643662,0.6439024385008923,0.4829268288756693,0,0.0,1230.000001,0.0,cie_core_n016_f012_m004_proc110.lp,0.18130081286073102,0.21219512177870303,448.0,scip_default,551.0000000000001,D:\git\git\RDMCT-A3C\cie\data\core\spbs\cie_core_n016_f012_m004_proc110.lp,3300.0,6,0.26540200902444144,0,76.0,1336.0,True,spbs_none,D:\git\git\RDMCT-A3C\cie\results\spbs\cie_spbs_600s_mem2048_repro_v1\s1to3_both\solutions\cie_core_spbs__cie_core_n016_f012_m004_proc110__scip_default__solverseed_1__trainseed_-1__spbs_none.sol,1,32.91314690000581,optimal,cie_core_spbs,46.82926825461035,16,-1,checked active primary model at feasibility tolerance 1.000001e-06; removed 13 inactive auxiliaries,0.05853658531826293,none
0.2601626014145023,0.5268292678643668,0.6439024385008916,0.48292682887566846,0,0.0,1230.000001,0.0,cie_core_n016_f012_m004_proc110.lp,0.21463414616696408,0.259349593285082,460.3749999999999,scip_default,608.9999999999991,D:\git\git\RDMCT-A3C\cie\data\core\spbs\cie_core_n016_f012_m004_proc110.lp,3511.3069016152717,6,0.26540200902444144,0,76.0,1534.0000000000005,True,spbs_none,D:\git\git\RDMCT-A3C\cie\results\spbs\cie_spbs_600s_mem2048_repro_v1\s1to3_both\solutions\cie_core_spbs__cie_core_n016_f012_m004_proc110__scip_default__solverseed_2__trainseed_-1__spbs_none.sol,2,35.87932369999908,optimal,cie_core_spbs,46.82926825461035,16,-1,checked active primary model at feasibility tolerance 1.000001e-06; removed 13 inactive auxiliaries,0.05853658531826293,none
0.2601626014145023,0.5268292678643668,0.6439024385008916,0.48292682887566846,0,0.0,1230.000001,0.0,cie_core_n016_f012_m004_proc110.lp,0.21463414616696408,0.259349593285082,460.3749999999999,scip_default,608.9999999999991,D:\git\git\RDMCT-A3C\cie\data\core\spbs\cie_core_n016_f012_m004_proc110.lp,2403.127506014435,6,0.26540200902444144,0,76.0,1534.0000000000005,True,spbs_none,D:\git\git\RDMCT-A3C\cie\results\spbs\cie_spbs_600s_mem2048_repro_v1\s1to3_both\solutions\cie_core_spbs__cie_core_n016_f012_m004_proc110__scip_default__solverseed_3__trainseed_-1__spbs_none.sol,3,24.936085899993486,optimal,cie_core_spbs,46.82926825461035,16,-1,checked active primary model at feasibility tolerance 1.000001e-06; removed 13 inactive auxiliaries,0.05853658531826293,none
0.22641509423282297,0.4584905658214665,0.7707547166175684,0.38207547151788906,1,0.11792452824626203,2120.000001,0.0,cie_core_n024_f012_m012_proc090.lp,0.4533018865786312,0.37311320737117293,524.1666666666666,scip_default,779.0000000000001,D:\git\git\RDMCT-A3C\cie\data\core\spbs\cie_core_n024_f012_m012_proc090.lp,50206.46179543557,6,0.26338599384765354,1.1368683772161603e-13,259.0,3916.0,True,spbs_none,D:\git\git\RDMCT-A3C\cie\results\spbs\cie_spbs_600s_mem2048_repro_v1\s1to3_both\solutions\cie_core_spbs__cie_core_n024_f012_m012_proc090__scip_default__solverseed_3__trainseed_-1__spbs_none.sol,3,504.13681319999887,optimal,cie_core_spbs,40.75471696190815,24,-1,checked active primary model at feasibility tolerance 1.000001e-06; removed 13 inactive auxiliaries,0.052830188654325386,none
0.2023608768118208,0.4097807755439363,0.795109611806447,0.41736930842438047,1,0.10539629000615672,2372.000001,0.0,cie_core_n024_f012_m012_proc110.lp,0.32462057321896354,0.41483979809661314,597.6666668750003,scip_default,853.0000010000001,D:\git\git\RDMCT-A3C\cie\data\core\spbs\cie_core_n024_f012_m012_proc110.lp,25100.0,6,0.20088479709670304,48.99999950000233,354.00000000000205,4034.000003000004,True,spbs_none,D:\git\git\RDMCT-A3C\cie\results\spbs\cie_spbs_600s_mem2048_repro_v1\s1to3_both\solutions\cie_core_spbs__cie_core_n024_f012_m012_proc110__scip_default__solverseed_3__trainseed_-1__spbs_none.sol,3,251.61751060000097,optimal,cie_core_spbs,36.42495782612776,24,-1,checked active primary model at feasibility tolerance 1.000001e-06; removed 13 inactive auxiliaries,0.04721753792275821,none
0.22388059691050358,0.45335820874376864,0.7621268653161721,0.3022388058291798,1,0.11660447755755389,2144.000001,0.0,cie_core_n024_f018_m006_proc090.lp,0.3882929093338145,0.3351212694332499,492.16666683333347,scip_default,790.9999979999891,D:\git\git\RDMCT-A3C\cie\data\core\spbs\cie_core_n024_f018_m006_proc090.lp,29710.074626865673,6,0.3377094717490035,65.99999899999801,240.9999999999991,4144.000004000007,True,spbs_none,D:\git\git\RDMCT-A3C\cie\results\spbs\cie_spbs_600s_mem2048_repro_v1\s1to3_both\solutions\cie_core_spbs__cie_core_n024_f018_m006_proc090__scip_default__solverseed_1__trainseed_-1__spbs_none.sol,1,303.19789679999667,optimal,cie_core_spbs,40.29850744389062,24,-1,checked active primary model at feasibility tolerance 1.000001e-06; removed 13 inactive auxiliaries,0.06156716415038867,none
0.2003338897327487,0.40567612670881537,0.787145241741592,0.3305509180590354,1,0.10434056756914001,2396.000001,0.0,cie_core_n024_f018_m006_proc110.lp,0.3309682803293121,0.40066777946549714,570.9166668333334,scip_default,1122.0000010000022,D:\git\git\RDMCT-A3C\cie\data\core\spbs\cie_core_n024_f018_m006_proc110.lp,39837.01197242217,6,0.4778399140445702,65.9999989999979,328.0,4954.000004000006,True,spbs_none,D:\git\git\RDMCT-A3C\cie\results\spbs\cie_spbs_600s_mem2048_repro_v1\s1to3_both\solutions\cie_core_spbs__cie_core_n024_f018_m006_proc110__scip_default__solverseed_1__trainseed_-1__spbs_none.sol,1,477.06861980000394,optimal,cie_core_spbs,36.06010015189479,24,-1,checked active primary model at feasibility tolerance 1.000001e-06; removed 13 inactive auxiliaries,0.05509181967650592,none
0.22408963554049022,0.4537815119694929,0.6806722679542405,0.6806722679542405,0,0.0,714.000001,0.0,cie_core_n008_f000_m008_proc090.lp,0.1400560222128067,0.1680672266553694,472.00000000000017,scip_default,472.000000000001,D:\git\git\RDMCT-A3C\cie\data\core\spbs\cie_core_n008_f000_m008_proc090.lp,93.35680908156492,4,7.413832043888439e-17,2.842170943040401e-14,28.0,224.0000000000017,True,spbs_auto,D:\git\git\RDMCT-A3C\cie\results\spbs\cie_spbs_600s_mem2048_repro_v1\s4to6_both\solutions\cie_core_spbs__cie_core_n008_f000_m008_proc090__scip_default__solverseed_4__trainseed_-1__spbs_auto.sol,4,0.3484862000004796,optimal,cie_core_spbs,40.336134397288326,8,-1,checked active primary model at feasibility tolerance 1.000001e-06; removed 13 inactive auxiliaries,0.04481792710809862,auto
0.22408963554049072,0.4537815119694937,0.6806722679542404,0.6806722679542405,0,0.0,714.000001,0.0,cie_core_n008_f000_m008_proc090.lp,0.1400560222128067,0.16806722665536564,471.9999999999995,scip_default,472.0,D:\git\git\RDMCT-A3C\cie\data\core\spbs\cie_core_n008_f000_m008_proc090.lp,0.0,4,0.0,0.0,28.0,224.0,True,spbs_auto,D:\git\git\RDMCT-A3C\cie\results\spbs\cie_spbs_600s_mem2048_repro_v1\s4to6_both\solutions\cie_core_spbs__cie_core_n008_f000_m008_proc090__scip_default__solverseed_5__trainseed_-1__spbs_auto.sol,5,0.44356300000072224,optimal,cie_core_spbs,40.336134397288326,8,-1,checked active primary model at feasibility tolerance 1.000001e-06; removed 13 inactive auxiliaries,0.04481792710809766,auto
0.22408963554049022,0.4537815119694929,0.6806722679542405,0.6806722679542405,0,0.0,714.000001,0.0,cie_core_n008_f000_m008_proc090.lp,0.1400560222128067,0.16806722665536983,472.00000000000017,scip_default,472.000000000001,D:\git\git\RDMCT-A3C\cie\data\core\spbs\cie_core_n008_f000_m008_proc090.lp,93.20452963357755,4,7.413832043888439e-17,2.842170943040401e-14,28.0,224.00000000000233,True,spbs_auto,D:\git\git\RDMCT-A3C\cie\results\spbs\cie_spbs_600s_mem2048_repro_v1\s4to6_both\solutions\cie_core_spbs__cie_core_n008_f000_m008_proc090__scip_default__solverseed_6__trainseed_-1__spbs_auto.sol,6,0.3653299000034167,optimal,cie_core_spbs,40.336134397288326,8,-1,checked active primary model at feasibility tolerance 1.000001e-06; removed 13 inactive auxiliaries,0.04481792710809814,auto
0.2083333330620656,0.42187499945068285,0.7031249990844728,0.7031249990844727,0,0.0,768.000001,0.0,cie_core_n008_f000_m008_proc100.lp,0.13020833316379124,0.15624999979655116,508.00000000000017,scip_default,508.000000000001,D:\git\git\RDMCT-A3C\cie\data\core\spbs\cie_core_n008_f000_m008_proc100.lp,0.0,4,6.688565865681961e-17,2.842170943040401e-14,28.0,224.00000000000233,True,spbs_auto,D:\git\git\RDMCT-A3C\cie\results\spbs\cie_spbs_600s_mem2048_repro_v1\s4to6_both\solutions\cie_core_spbs__cie_core_n008_f000_m008_proc100__scip_default__solverseed_4__trainseed_-1__spbs_auto.sol,4,0.2926159999988158,optimal,cie_core_spbs,37.49999995117187,8,-1,checked active primary model at feasibility tolerance 1.000001e-06; removed 13 inactive auxiliaries,0.041666666612413195,auto
0.20833333306206597,0.4218749994506836,0.7031249990844727,0.7031249990844727,0,0.0,768.000001,0.0,cie_core_n008_f000_m008_proc100.lp,0.13020833316379124,0.1562499997965491,508.0,scip_default,508.0,D:\git\git\RDMCT-A3C\cie\data\core\spbs\cie_core_n008_f000_m008_proc100.lp,18.64406779661017,4,0.0,0.0,28.0,224.0,True,spbs_auto,D:\git\git\RDMCT-A3C\cie\results\spbs\cie_spbs_600s_mem2048_repro_v1\s4to6_both\solutions\cie_core_spbs__cie_core_n008_f000_m008_proc100__scip_default__solverseed_5__trainseed_-1__spbs_auto.sol,5,0.4363013000001956,optimal,cie_core_spbs,37.49999995117187,8,-1,checked active primary model at feasibility tolerance 1.000001e-06; removed 13 inactive auxiliaries,0.04166666661241364,auto
0.20833333306206633,0.4218749994506836,0.7031249990844727,0.7031249990844727,0,0.0,768.000001,0.0,cie_core_n008_f000_m008_proc100.lp,0.13020833316379124,0.15624999979654894,507.99999999999983,scip_default,508.0000000000003,D:\git\git\RDMCT-A3C\cie\data\core\spbs\cie_core_n008_f000_m008_proc100.lp,0.0,4,6.688565865681961e-17,2.842170943040401e-14,28.0000000000003,224.00000000000028,True,spbs_auto,D:\git\git\RDMCT-A3C\cie\results\spbs\cie_spbs_600s_mem2048_repro_v1\s4to6_both\solutions\cie_core_spbs__cie_core_n008_f000_m008_proc100__scip_default__solverseed_6__trainseed_-1__spbs_auto.sol,6,0.3147848000044178,optimal,cie_core_spbs,37.49999995117187,8,-1,checked active primary model at feasibility tolerance 1.000001e-06; removed 13 inactive auxiliaries,0.04166666661241275,auto
0.19464720170967453,0.39416058346209104,0.7226277363471684,0.7226277363471683,0,0.0,822.000001,0.0,cie_core_n008_f000_m008_proc110.lp,0.12165450106854683,0.14598540128225745,544.0000000000002,scip_default,544.000000000001,D:\git\git\RDMCT-A3C\cie\data\core\spbs\cie_core_n008_f000_m008_proc110.lp,0.0,4,6.092555045967727e-17,2.842170943040401e-14,28.0,224.0000000000017,True,spbs_auto,D:\git\git\RDMCT-A3C\cie\results\spbs\cie_spbs_600s_mem2048_repro_v1\s4to6_both\solutions\cie_core_spbs__cie_core_n008_f000_m008_proc110__scip_default__solverseed_4__trainseed_-1__spbs_auto.sol,4,0.2555640999962634,optimal,cie_core_spbs,35.03649630774149,8,-1,checked active primary model at feasibility tolerance 1.000001e-06; removed 13 inactive auxiliaries,0.0389294403419354,auto
0.19464720170967495,0.39416058346209176,0.7226277363471683,0.7226277363471683,0,0.0,822.000001,0.0,cie_core_n008_f000_m008_proc110.lp,0.1216545010685456,0.14598540128225584,543.9999999999998,scip_default,544.0,D:\git\git\RDMCT-A3C\cie\data\core\spbs\cie_core_n008_f000_m008_proc110.lp,92.0303344243833,4,0.0,0.0,28.0,224.0,True,spbs_auto,D:\git\git\RDMCT-A3C\cie\results\spbs\cie_spbs_600s_mem2048_repro_v1\s4to6_both\solutions\cie_core_spbs__cie_core_n008_f000_m008_proc110__scip_default__solverseed_5__trainseed_-1__spbs_auto.sol,5,0.4408852000015031,optimal,cie_core_spbs,35.03649630774149,8,-1,checked active primary model at feasibility tolerance 1.000001e-06; removed 13 inactive auxiliaries,0.0389294403419354,auto
0.19464720170967453,0.39416058346209104,0.7226277363471683,0.7226277363471684,0,0.0,822.000001,0.0,cie_core_n008_f000_m008_proc110.lp,0.12165450106854435,0.14598540128225745,543.9999999999997,scip_default,544.0,D:\git\git\RDMCT-A3C\cie\data\core\spbs\cie_core_n008_f000_m008_proc110.lp,0.0,4,6.092555045967727e-17,2.842170943040401e-14,28.0,224.0000000000017,True,spbs_auto,D:\git\git\RDMCT-A3C\cie\results\spbs\cie_spbs_600s_mem2048_repro_v1\s4to6_both\solutions\cie_core_spbs__cie_core_n008_f000_m008_proc110__scip_default__solverseed_6__trainseed_-1__spbs_auto.sol,6,0.4369396999973105,optimal,cie_core_spbs,35.03649630774149,8,-1,checked active primary model at feasibility tolerance 1.000001e-06; removed 13 inactive auxiliaries,0.0389294403419354,auto
0.19323671474246773,0.391304347353497,0.7826086947069942,0.3913043473534972,0,0.0,828.000001,0.0,cie_core_n008_f002_m006_proc090.lp,0.12077294671404233,0.15458937179397383,467.9999999999999,scip_default,606.0,D:\git\git\RDMCT-A3C\cie\data\core\spbs\cie_core_n008_f002_m006_proc090.lp,92.11953856666976,4,0.18724778874626347,0.0,50.0,372.0,True,spbs_auto,D:\git\git\RDMCT-A3C\cie\results\spbs\cie_spbs_600s_mem2048_repro_v1\s4to6_both\solutions\cie_core_spbs__cie_core_n008_f002_m006_proc090__scip_default__solverseed_4__trainseed_-1__spbs_auto.sol,4,0.640052900002047,optimal,cie_core_spbs,34.78260865364419,8,-1,checked active primary model at feasibility tolerance 1.000001e-06; removed 13 inactive auxiliaries,0.053140096554178624,auto
0.19323671474246773,0.3913043473534969,0.7826086947069943,0.3913043473534972,0,0.0,828.000001,0.0,cie_core_n008_f002_m006_proc090.lp,0.14130434765542707,0.15458937179397664,440.75,scip_default,480.000000000001,D:\git\git\RDMCT-A3C\cie\data\core\spbs\cie_core_n008_f002_m006_proc090.lp,0.0,4,0.0,0.0,28.0,306.00000000000205,True,spbs_auto,D:\git\git\RDMCT-A3C\cie\results\spbs\cie_spbs_600s_mem2048_repro_v1\s4to6_both\solutions\cie_core_spbs__cie_core_n008_f002_m006_proc090__scip_default__solverseed_5__trainseed_-1__spbs_auto.sol,5,0.3593172000000777,optimal,cie_core_spbs,34.78260865364419,8,-1,checked active primary model at feasibility tolerance 1.000001e-06; removed 13 inactive auxiliaries,0.05314009655417904,auto
0.19323671474246773,0.3913043473534969,0.7826086947069943,0.3913043473534972,0,0.0,828.000001,0.0,cie_core_n008_f002_m006_proc090.lp,0.23309178715810172,0.1811594200710635,465.25,scip_default,494.0,D:\git\git\RDMCT-A3C\cie\data\core\spbs\cie_core_n008_f002_m006_proc090.lp,92.17664335966491,4,0.0,0.0,93.0,502.0,True,spbs_auto,D:\git\git\RDMCT-A3C\cie\results\spbs\cie_spbs_600s_mem2048_repro_v1\s4to6_both\solutions\cie_core_spbs__cie_core_n008_f002_m006_proc090__scip_default__solverseed_6__trainseed_-1__spbs_auto.sol,6,0.46057700000164914,optimal,cie_core_spbs,34.78260865364419,8,-1,checked active primary model at feasibility tolerance 1.000001e-06; removed 13 inactive auxiliaries,0.05314009655417904,auto
0.1777777775802469,0.3599999996,0.7999999991111111,0.39999999955555554,0,0.0,900.000001,0.0,cie_core_n008_f002_m006_proc100.lp,0.12999999874444446,0.14222222317530864,472.2499995,scip_default,516.0,D:\git\git\RDMCT-A3C\cie\data\core\spbs\cie_core_n008_f002_m006_proc100.lp,0.0,4,2.5619810894284968e-09,9.999999974752427e-07,28.0,306.0,True,spbs_auto,D:\git\git\RDMCT-A3C\cie\results\spbs\cie_spbs_600s_mem2048_repro_v1\s4to6_both\solutions\cie_core_spbs__cie_core_n008_f002_m006_proc100__scip_default__solverseed_4__trainseed_-1__spbs_auto.sol,4,0.6498685000005935,optimal,cie_core_spbs,31.999999964444445,8,-1,checked active primary model at feasibility tolerance 1.000001e-06; removed 13 inactive auxiliaries,0.0488888888345679,auto
0.1777777775802469,0.35999999959999973,0.7999999991111111,0.39999999955555554,0,0.0,900.000001,0.0,cie_core_n008_f002_m006_proc100.lp,0.1744444464728395,0.2266666641925926,532.75,scip_default,642.0,D:\git\git\RDMCT-A3C\cie\data\core\spbs\cie_core_n008_f002_m006_proc100.lp,100.0,4,0.17114686225682887,0.0,75.999998,638.000002,True,spbs_auto,D:\git\git\RDMCT-A3C\cie\results\spbs\cie_spbs_600s_mem2048_repro_v1\s4to6_both\solutions\cie_core_spbs__cie_core_n008_f002_m006_proc100__scip_default__solverseed_5__trainseed_-1__spbs_auto.sol,5,0.4180754999979399,optimal,cie_core_spbs,31.999999964444445,8,-1,checked active primary model at feasibility tolerance 1.000001e-06; removed 13 inactive auxiliaries,0.04888888883456828,auto
0.1777777775802469,0.3599999996,0.7999999991111111,0.39999999955555554,0,0.0,900.000001,0.0,cie_core_n008_f002_m006_proc100.lp,0.21444444420617284,0.18666666645926153,501.2500000000005,scip_default,548.0,D:\git\git\RDMCT-A3C\cie\data\core\spbs\cie_core_n008_f002_m006_proc100.lp,0.0,4,0.0,0.0,93.0,538.0000000000041,True,spbs_auto,D:\git\git\RDMCT-A3C\cie\results\spbs\cie_spbs_600s_mem2048_repro_v1\s4to6_both\solutions\cie_core_spbs__cie_core_n008_f002_m006_proc100__scip_default__solverseed_6__trainseed_-1__spbs_auto.sol,6,0.3791506000015943,optimal,cie_core_spbs,31.999999964444445,8,-1,checked active primary model at feasibility tolerance 1.000001e-06; removed 13 inactive auxiliaries,0.0488888888345679,auto
0.16460905332859152,0.3333333329903978,0.814814813976528,0.407407406988264,0,0.0,972.000001,0.0,cie_core_n008_f002_m006_proc110.lp,0.12037037024653253,0.1316872426628732,503.7500000000002,scip_default,552.0,D:\git\git\RDMCT-A3C\cie\data\core\spbs\cie_core_n008_f002_m006_proc110.lp,90.82516325877977,4,2.3877841747903704e-15,0.0,28.0,306.0,True,spbs_auto,D:\git\git\RDMCT-A3C\cie\results\spbs\cie_spbs_600s_mem2048_repro_v1\s4to6_both\solutions\cie_core_spbs__cie_core_n008_f002_m006_proc110__scip_default__solverseed_4__trainseed_-1__spbs_auto.sol,4,0.6274559999983467,optimal,cie_core_spbs,29.629629599146472,8,-1,checked active primary model at feasibility tolerance 1.000001e-06; removed 13 inactive auxiliaries,0.04526748966536266,auto
0.16460905332859174,0.3333333329903978,0.814814813976528,0.407407406988264,0,0.0,972.000001,0.0,cie_core_n008_f002_m006_proc110.lp,0.1805555553697988,0.20113168703587275,535.2500000000001,scip_default,619.5,D:\git\git\RDMCT-A3C\cie\data\core\spbs\cie_core_n008_f002_m006_proc110.lp,90.787093396783,6,0.0,0.0,75.5,558.0000000000003,True,spbs_auto,D:\git\git\RDMCT-A3C\cie\results\spbs\cie_spbs_600s_mem2048_repro_v1\s4to6_both\solutions\cie_core_spbs__cie_core_n008_f002_m006_proc110__scip_default__solverseed_5__trainseed_-1__spbs_auto.sol,5,0.5426670000015292,optimal,cie_core_spbs,29.629629599146472,8,-1,checked active primary model at feasibility tolerance 1.000001e-06; removed 13 inactive auxiliaries,0.045267489665363016,auto
0.16460905332859152,0.3333333329903976,0.8148148139765281,0.407407406988264,0,0.0,972.000001,0.0,cie_core_n008_f002_m006_proc110.lp,0.12037037024653253,0.1316872426628732,503.7499999999998,scip_default,551.999999999999,D:\git\git\RDMCT-A3C\cie\data\core\spbs\cie_core_n008_f002_m006_proc110.lp,0.0,4,2.3877841747903787e-15,1.0231815394945443e-12,28.0,306.00000000000205,True,spbs_auto,D:\git\git\RDMCT-A3C\cie\results\spbs\cie_spbs_600s_mem2048_repro_v1\s4to6_both\solutions\cie_core_spbs__cie_core_n008_f002_m006_proc110__scip_default__solverseed_6__trainseed_-1__spbs_auto.sol,6,0.593257900000026,optimal,cie_core_spbs,29.629629599146472,8,-1,checked active primary model at feasibility tolerance 1.000001e-06; removed 13 inactive auxiliaries,0.045267489665363016,auto
0.20512820486522906,0.41538461485208855,0.6230769222781328,0.41538461485208855,0,0.0,780.000000999967,0.0,cie_core_n008_f004_m004_proc090.lp,0.12820512804077316,0.16282051261177558,424.249999750009,scip_default,478.999999000032,D:\git\git\RDMCT-A3C\cie\data\core\spbs\cie_core_n008_f004_m004_proc090.lp,92.78576115161314,6,3.0119518001273476e-09,0,76.0,506.0000000000081,True,spbs_auto,D:\git\git\RDMCT-A3C\cie\results\spbs\cie_spbs_600s_mem2048_repro_v1\s4to6_both\solutions\cie_core_spbs__cie_core_n008_f004_m004_proc090__scip_default__solverseed_4__trainseed_-1__spbs_auto.sol,4,0.4081518999992113,optimal,cie_core_spbs,36.92307687574121,8,-1,checked active primary model at feasibility tolerance 1.000001e-06; removed 13 inactive auxiliaries,0.05128205121630723,auto
0.20512820486522101,0.41538461485207284,0.6230769222781097,0.4153846148520731,0,0.0,780.000000999996,0.0,cie_core_n008_f004_m004_proc090.lp,0.1282051267587159,0.16282051132972172,424.2499995000009,scip_default,479.0,D:\git\git\RDMCT-A3C\cie\data\core\spbs\cie_core_n008_f004_m004_proc090.lp,0.0,6,3.0120391016928106e-09,0,76.00000000000001,505.99999600000984,True,spbs_auto,D:\git\git\RDMCT-A3C\cie\results\spbs\cie_spbs_600s_mem2048_repro_v1\s4to6_both\solutions\cie_core_spbs__cie_core_n008_f004_m004_proc090__scip_default__solverseed_5__trainseed_-1__spbs_auto.sol,5,0.3147331000000122,optimal,cie_core_spbs,36.92307687573983,8,-1,checked active primary model at feasibility tolerance 1.000001e-06; removed 13 inactive auxiliaries,0.05128205121630532,auto
0.20512820486521988,0.4153846148520697,0.6230769222781066,0.415384614852071,0,0.0,780.000001,0.0,cie_core_n008_f004_m004_proc090.lp,0.12820512804075376,0.16282051261176858,424.24999999999795,scip_default,479.0,D:\git\git\RDMCT-A3C\cie\data\core\spbs\cie_core_n008_f004_m004_proc090.lp,0.0,6,8.560755852531328e-17,0,76.0,505.9999999999997,True,spbs_auto,D:\git\git\RDMCT-A3C\cie\results\spbs\cie_spbs_600s_mem2048_repro_v1\s4to6_both\solutions\cie_core_spbs__cie_core_n008_f004_m004_proc090__scip_default__solverseed_6__trainseed_-1__spbs_auto.sol,6,0.25160609999875305,optimal,cie_core_spbs,36.923076875739646,8,-1,checked active primary model at feasibility tolerance 1.000001e-06; removed 13 inactive auxiliaries,0.05128205121630462,auto
0.19184652255174314,0.38848920816728044,0.647482013612135,0.4316546757414232,0,0.0,834.000000999996,0.0,cie_core_n008_f004_m004_proc100.lp,0.11990407659484349,0.1522781760764137,451.24999950000404,scip_default,515.0,D:\git\git\RDMCT-A3C\cie\data\core\spbs\cie_core_n008_f004_m004_proc100.lp,100.0,6,1.5446581212176093e-16,0,75.999999000007,505.99999800001973,True,spbs_auto,D:\git\git\RDMCT-A3C\cie\results\spbs\cie_spbs_600s_mem2048_repro_v1\s4to6_both\solutions\cie_core_spbs__cie_core_n008_f004_m004_proc100__scip_default__solverseed_4__trainseed_-1__spbs_auto.sol,4,0.25501190000068163,optimal,cie_core_spbs,34.53237405931387,8,-1,checked active primary model at feasibility tolerance 1.000001e-06; removed 13 inactive auxiliaries,0.047961630637935924,auto
0.1918465225517439,0.388489208167281,0.647482013612135,0.4316546757414233,0,0.0,834.000000999996,0.0,cie_core_n008_f004_m004_proc100.lp,0.11990407659483981,0.15227817727544668,451.2499997500008,scip_default,514.9999990000031,D:\git\git\RDMCT-A3C\cie\data\core\spbs\cie_core_n008_f004_m004_proc100.lp,0.0,6,2.717383118183201e-09,0,76.00000000000001,506.0000000000001,True,spbs_auto,D:\git\git\RDMCT-A3C\cie\results\spbs\cie_spbs_600s_mem2048_repro_v1\s4to6_both\solutions\cie_core_spbs__cie_core_n008_f004_m004_proc100__scip_default__solverseed_5__trainseed_-1__spbs_auto.sol,5,0.2631538999994518,optimal,cie_core_spbs,34.53237405931387,8,-1,checked active primary model at feasibility tolerance 1.000001e-06; removed 13 inactive auxiliaries,0.047961630637935924,auto
0.19184652255174278,0.3884892081672779,0.647482013612132,0.43165467574142125,0,0.0,834.000001,0.0,cie_core_n008_f004_m004_proc100.lp,0.11990407659483092,0.15227817727544582,451.249999999998,scip_default,515.0,D:\git\git\RDMCT-A3C\cie\data\core\spbs\cie_core_n008_f004_m004_proc100.lp,0.0,6,7.723290606088045e-17,0,76.0,506.0,True,spbs_auto,D:\git\git\RDMCT-A3C\cie\results\spbs\cie_spbs_600s_mem2048_repro_v1\s4to6_both\solutions\cie_core_spbs__cie_core_n008_f004_m004_proc100__scip_default__solverseed_6__trainseed_-1__spbs_auto.sol,6,0.4682444999998552,optimal,cie_core_spbs,34.5323740593137,8,-1,checked active primary model at feasibility tolerance 1.000001e-06; removed 13 inactive auxiliaries,0.047961630637935695,auto
0.1801801799772753,0.36486486445398264,0.6689189181656349,0.4459459454437567,0,0.0,888.000000999996,0.0,cie_core_n008_f004_m004_proc110.lp,0.11261261248579596,0.14301801560472474,478.2499995000028,scip_default,550.999999000006,D:\git\git\RDMCT-A3C\cie\data\core\spbs\cie_core_n008_f004_m004_proc110.lp,0.0,6,2.475229924684833e-09,0,76.00000000000001,505.99999400003816,True,spbs_auto,D:\git\git\RDMCT-A3C\cie\results\spbs\cie_spbs_600s_mem2048_repro_v1\s4to6_both\solutions\cie_core_spbs__cie_core_n008_f004_m004_proc110__scip_default__solverseed_4__trainseed_-1__spbs_auto.sol,4,0.28881380000166246,optimal,cie_core_spbs,32.432432395909565,8,-1,checked active primary model at feasibility tolerance 1.000001e-06; removed 13 inactive auxiliaries,0.04504504499431884,auto
0.18018017997727456,0.36486486445398103,0.6689189181656319,0.44594594544375454,0,0.0,888.000001,0.0,cie_core_n008_f004_m004_proc110.lp,0.11261261248579661,0.1430180178569617,478.25,scip_default,551.0,D:\git\git\RDMCT-A3C\cie\data\core\spbs\cie_core_n008_f004_m004_proc110.lp,0.0,6,0.0,0,76.0,506.0,True,spbs_auto,D:\git\git\RDMCT-A3C\cie\results\spbs\cie_spbs_600s_mem2048_repro_v1\s4to6_both\solutions\cie_core_spbs__cie_core_n008_f004_m004_proc110__scip_default__solverseed_5__trainseed_-1__spbs_auto.sol,5,0.3545957000023918,optimal,cie_core_spbs,32.43243239590942,8,-1,checked active primary model at feasibility tolerance 1.000001e-06; removed 13 inactive auxiliaries,0.04504504499431864,auto
0.18018017997727484,0.36486486445398125,0.6689189181656319,0.44594594544375454,0,0.0,888.000001,0.0,cie_core_n008_f004_m004_proc110.lp,0.11261261248579661,0.14301801785696205,478.25000000000017,scip_default,551.0,D:\git\git\RDMCT-A3C\cie\data\core\spbs\cie_core_n008_f004_m004_proc110.lp,91.7578748777005,6,0.0,0,75.99999999999999,506.0000000000003,True,spbs_auto,D:\git\git\RDMCT-A3C\cie\results\spbs\cie_spbs_600s_mem2048_repro_v1\s4to6_both\solutions\cie_core_spbs__cie_core_n008_f004_m004_proc110__scip_default__solverseed_6__trainseed_-1__spbs_auto.sol,6,0.34906709999995655,optimal,cie_core_spbs,32.43243239590942,8,-1,checked active primary model at feasibility tolerance 1.000001e-06; removed 13 inactive auxiliaries,0.04504504499431864,auto
0.20512820486521988,0.41538461485206984,0.6230769222781065,0.2076923074260355,0,0.0,780.000001,0.0,cie_core_n008_f006_m002_proc090.lp,0.12820512804076264,0.16282051261176989,390.9999999999999,scip_default,479.000000000001,D:\git\git\RDMCT-A3C\cie\data\core\spbs\cie_core_n008_f006_m002_proc090.lp,0.0,4,0.0,0,76.0,572.0000000000017,True,spbs_auto,D:\git\git\RDMCT-A3C\cie\results\spbs\cie_spbs_600s_mem2048_repro_v1\s4to6_both\solutions\cie_core_spbs__cie_core_n008_f006_m002_proc090__scip_default__solverseed_4__trainseed_-1__spbs_auto.sol,4,0.369860200000403,optimal,cie_core_spbs,36.923076875739646,8,-1,checked active primary model at feasibility tolerance 1.000001e-06; removed 13 inactive auxiliaries,0.05641025633793513,auto
0.20512820486522054,0.415384614852071,0.6230769222781065,0.2076923074260355,0,0.0,780.000001,0.0,cie_core_n008_f006_m002_proc090.lp,0.15769230749013807,0.16282051261176858,392.50000000000006,scip_default,479.0,D:\git\git\RDMCT-A3C\cie\data\core\spbs\cie_core_n008_f006_m002_proc090.lp,92.78576115161314,6,0.0,0,76.0,584.0000000000003,True,spbs_auto,D:\git\git\RDMCT-A3C\cie\results\spbs\cie_spbs_600s_mem2048_repro_v1\s4to6_both\solutions\cie_core_spbs__cie_core_n008_f006_m002_proc090__scip_default__solverseed_5__trainseed_-1__spbs_auto.sol,5,0.3961742999999842,optimal,cie_core_spbs,36.923076875739646,8,-1,checked active primary model at feasibility tolerance 1.000001e-06; removed 13 inactive auxiliaries,0.056410256337936004,auto
0.20512820486521988,0.41538461485207057,0.6230769222781064,0.2076923074260355,0,0.0,780.000001,0.0,cie_core_n008_f006_m002_proc090.lp,0.12820512804076264,0.1628205126117682,407.49999999999983,scip_default,479.0,D:\git\git\RDMCT-A3C\cie\data\core\spbs\cie_core_n008_f006_m002_proc090.lp,0.0,6,0.0,0,91.0,703.9999999999997,True,spbs_auto,D:\git\git\RDMCT-A3C\cie\results\spbs\cie_spbs_600s_mem2048_repro_v1\s4to6_both\solutions\cie_core_spbs__cie_core_n008_f006_m002_proc090__scip_default__solverseed_6__trainseed_-1__spbs_auto.sol,6,0.2753474000019196,optimal,cie_core_spbs,36.923076875739646,8,-1,checked active primary model at feasibility tolerance 1.000001e-06; removed 13 inactive auxiliaries,0.05641025633793557,auto
0.19184652255174223,0.38848920816727883,0.6474820136121319,0.21582733787071062,0,0.0,834.000001,0.0,cie_core_n008_f006_m002_proc100.lp,0.14748201421165227,0.15227817727544535,414.99999999999983,scip_default,515.0,D:\git\git\RDMCT-A3C\cie\data\core\spbs\cie_core_n008_f006_m002_proc100.lp,0.0,6,0.0,0,75.99999999999999,583.9999999999995,True,spbs_auto,D:\git\git\RDMCT-A3C\cie\results\spbs\cie_spbs_600s_mem2048_repro_v1\s4to6_both\solutions\cie_core_spbs__cie_core_n008_f006_m002_proc100__scip_default__solverseed_4__trainseed_-1__spbs_auto.sol,4,0.3127587000017229,optimal,cie_core_spbs,34.5323740593137,8,-1,checked active primary model at feasibility tolerance 1.000001e-06; removed 13 inactive auxiliaries,0.05275779370172926,auto
0.19184652255174306,0.38848920816728033,0.6474820136121318,0.21582733787071062,0,0.0,834.000001,0.0,cie_core_n008_f006_m002_proc100.lp,0.14748201421165227,0.15227817727544607,415.00000000000034,scip_default,515.0,D:\git\git\RDMCT-A3C\cie\data\core\spbs\cie_core_n008_f006_m002_proc100.lp,92.27181801465682,6,0.0,0,76.0,584.0000000000002,True,spbs_auto,D:\git\git\RDMCT-A3C\cie\results\spbs\cie_spbs_600s_mem2048_repro_v1\s4to6_both\solutions\cie_core_spbs__cie_core_n008_f006_m002_proc100__scip_default__solverseed_5__trainseed_-1__spbs_auto.sol,5,0.5296858000001521,optimal,cie_core_spbs,34.5323740593137,8,-1,checked active primary model at feasibility tolerance 1.000001e-06; removed 13 inactive auxiliaries,0.05275779370172926,auto
0.1918465225517437,0.388489208167281,0.647482013612135,0.21582733787071165,0,0.0,834.000000999996,0.0,cie_core_n008_f006_m002_proc100.lp,0.14748201421165297,0.15227817727544657,415.0,scip_default,515.0,D:\git\git\RDMCT-A3C\cie\data\core\spbs\cie_core_n008_f006_m002_proc100.lp,0.0,6,0.0,0,76.0,584.0,True,spbs_auto,D:\git\git\RDMCT-A3C\cie\results\spbs\cie_spbs_600s_mem2048_repro_v1\s4to6_both\solutions\cie_core_spbs__cie_core_n008_f006_m002_proc100__scip_default__solverseed_6__trainseed_-1__spbs_auto.sol,6,0.2911147000013443,optimal,cie_core_spbs,34.53237405931387,8,-1,checked active primary model at feasibility tolerance 1.000001e-06; removed 13 inactive auxiliaries,0.05275779370172952,auto
0.18018017997727456,0.36486486445398103,0.6689189181656319,0.22297297272187727,0,0.0,888.000001,0.0,cie_core_n008_f006_m002_proc110.lp,0.11261261248579661,0.1430180178569617,452.5,scip_default,551.0,D:\git\git\RDMCT-A3C\cie\data\core\spbs\cie_core_n008_f006_m002_proc110.lp,91.7578748777005,6,0.0,0,91.0,704.0,True,spbs_auto,D:\git\git\RDMCT-A3C\cie\results\spbs\cie_spbs_600s_mem2048_repro_v1\s4to6_both\solutions\cie_core_spbs__cie_core_n008_f006_m002_proc110__scip_default__solverseed_4__trainseed_-1__spbs_auto.sol,4,0.4801005000008445,optimal,cie_core_spbs,32.43243239590942,8,-1,checked active primary model at feasibility tolerance 1.000001e-06; removed 13 inactive auxiliaries,0.049549549493750504,auto
0.1801801799772742,0.3648648644539805,0.6689189181656319,0.22297297272187727,0,0.0,888.000001,0.0,cie_core_n008_f006_m002_proc110.lp,0.11261261248579661,0.1430180167308375,431.7499995000001,scip_default,550.999999,D:\git\git\RDMCT-A3C\cie\data\core\spbs\cie_core_n008_f006_m002_proc110.lp,0.0,4,0.0,0,76.000000000001,537.9999960000057,True,spbs_auto,D:\git\git\RDMCT-A3C\cie\results\spbs\cie_spbs_600s_mem2048_repro_v1\s4to6_both\solutions\cie_core_spbs__cie_core_n008_f006_m002_proc110__scip_default__solverseed_5__trainseed_-1__spbs_auto.sol,5,0.2456549000016821,optimal,cie_core_spbs,32.43243239590942,8,-1,checked active primary model at feasibility tolerance 1.000001e-06; removed 13 inactive auxiliaries,0.049549549493750504,auto
0.1801801799772742,0.36486486445398064,0.6689189181656318,0.22297297272187727,0,0.0,888.000001,0.0,cie_core_n008_f006_m002_proc110.lp,0.13851351335752982,0.14301801785696136,437.49999999999983,scip_default,551.0,D:\git\git\RDMCT-A3C\cie\data\core\spbs\cie_core_n008_f006_m002_proc110.lp,91.7578748777005,6,0.0,0,76.0,583.9999999999997,True,spbs_auto,D:\git\git\RDMCT-A3C\cie\results\spbs\cie_spbs_600s_mem2048_repro_v1\s4to6_both\solutions\cie_core_spbs__cie_core_n008_f006_m002_proc110__scip_default__solverseed_6__trainseed_-1__spbs_auto.sol,6,0.5105489999987185,optimal,cie_core_spbs,32.43243239590942,8,-1,checked active primary model at feasibility tolerance 1.000001e-06; removed 13 inactive auxiliaries,0.049549549493750504,auto
0.30592734196374033,0.6195028674765747,0.7743785843457183,0.7743785843457182,0,0.0,1046.000001,0.0,cie_core_n016_f000_m016_proc090.lp,0.22944550551678264,0.2595602306313953,480.93750006249996,scip_default,487.4999995,D:\git\git\RDMCT-A3C\cie\data\core\spbs\cie_core_n016_f000_m016_proc090.lp,1462.0179419264934,4,0.0,0.0,28.000000000000057,591.0000009999998,True,spbs_auto,D:\git\git\RDMCT-A3C\cie\results\spbs\cie_spbs_600s_mem2048_repro_v1\s4to6_both\solutions\cie_core_spbs__cie_core_n016_f000_m016_proc090__scip_default__solverseed_4__trainseed_-1__spbs_auto.sol,4,44.66690199999721,optimal,cie_core_spbs,55.0669215534733,16,-1,checked active primary model at feasibility tolerance 1.000001e-06; removed 13 inactive auxiliaries,0.045889101294560974,auto
0.30592734196374033,0.6195028674765745,0.7743785843457182,0.7743785843457183,0,0.0,1046.000001,0.0,cie_core_n016_f000_m016_proc090.lp,0.22944550551678264,0.2595602306313955,480.93750006249996,scip_default,487.4999995,D:\git\git\RDMCT-A3C\cie\data\core\spbs\cie_core_n016_f000_m016_proc090.lp,2142.7010322497786,4,0.0,0.0,28.000000000000057,591.0000009999998,True,spbs_auto,D:\git\git\RDMCT-A3C\cie\results\spbs\cie_spbs_600s_mem2048_repro_v1\s4to6_both\solutions\cie_core_spbs__cie_core_n016_f000_m016_proc090__scip_default__solverseed_5__trainseed_-1__spbs_auto.sol,5,63.90609400000176,optimal,cie_core_spbs,55.0669215534733,16,-1,checked active primary model at feasibility tolerance 1.000001e-06; removed 13 inactive auxiliaries,0.045889101294560974,auto
0.30592734196374033,0.6195028674765745,0.7743785843457182,0.7743785843457183,0,0.0,1046.000001,0.0,cie_core_n016_f000_m016_proc090.lp,0.22944550551677503,0.2595602306314031,480.93750006249996,scip_default,487.4999995,D:\git\git\RDMCT-A3C\cie\data\core\spbs\cie_core_n016_f000_m016_proc090.lp,2080.9840839326143,4,0.0,0.0,28.000000000000057,591.0000009999998,True,spbs_auto,D:\git\git\RDMCT-A3C\cie\results\spbs\cie_spbs_600s_mem2048_repro_v1\s4to6_both\solutions\cie_core_spbs__cie_core_n016_f000_m016_proc090__scip_default__solverseed_6__trainseed_-1__spbs_auto.sol,6,23.087955999999394,optimal,cie_core_spbs,55.0669215534733,16,-1,checked active primary model at feasibility tolerance 1.000001e-06; removed 13 inactive auxiliaries,0.045889101294560974,auto
0.2816901405971035,0.5704225347091346,0.7922535204293543,0.7922535204293543,0,0.0,1136.000001,0.0,cie_core_n016_f000_m016_proc100.lp,0.22491197031257662,0.23547535410609646,518.3750001249999,scip_default,532.4999995,D:\git\git\RDMCT-A3C\cie\data\core\spbs\cie_core_n016_f000_m016_proc100.lp,2388.138230218422,4,0.0,0.0,28.0,614.0000019999997,True,spbs_auto,D:\git\git\RDMCT-A3C\cie\results\spbs\cie_spbs_600s_mem2048_repro_v1\s4to6_both\solutions\cie_core_spbs__cie_core_n016_f000_m016_proc100__scip_default__solverseed_4__trainseed_-1__spbs_auto.sol,4,72.80725909999819,optimal,cie_core_spbs,50.70422530747867,16,-1,checked active primary model at feasibility tolerance 1.000001e-06; removed 13 inactive auxiliaries,0.04225352108956576,auto
0.2816901405971035,0.5704225347091348,0.7922535204293543,0.7922535204293543,0,0.0,1136.000001,0.0,cie_core_n016_f000_m016_proc100.lp,0.22491197119285922,0.2354753523455328,518.3749997499998,scip_default,532.4999995,D:\git\git\RDMCT-A3C\cie\data\core\spbs\cie_core_n016_f000_m016_proc100.lp,2333.2256061703993,4,1.797383041026044e-09,2.000000023372195e-06,28.000000000000004,614.0000019999997,True,spbs_auto,D:\git\git\RDMCT-A3C\cie\results\spbs\cie_spbs_600s_mem2048_repro_v1\s4to6_both\solutions\cie_core_spbs__cie_core_n016_f000_m016_proc100__scip_default__solverseed_5__trainseed_-1__spbs_auto.sol,5,54.59715370000049,optimal,cie_core_spbs,50.70422530747867,16,-1,checked active primary model at feasibility tolerance 1.000001e-06; removed 13 inactive auxiliaries,0.04225352108956556,auto
0.2816901405971034,0.5704225347091348,0.7922535204293543,0.7922535204293543,0,0.0,1136.000001,0.0,cie_core_n016_f000_m016_proc100.lp,0.2249119703125705,0.23547535410610257,518.3750001249999,scip_default,532.4999995,D:\git\git\RDMCT-A3C\cie\data\core\spbs\cie_core_n016_f000_m016_proc100.lp,1873.1797622232775,4,0.0,0.0,28.0,614.0000019999997,True,spbs_auto,D:\git\git\RDMCT-A3C\cie\results\spbs\cie_spbs_600s_mem2048_repro_v1\s4to6_both\solutions\cie_core_spbs__cie_core_n016_f000_m016_proc100__scip_default__solverseed_6__trainseed_-1__spbs_auto.sol,6,21.100322800004506,optimal,cie_core_spbs,50.70422530747867,16,-1,checked active primary model at feasibility tolerance 1.000001e-06; removed 13 inactive auxiliaries,0.04225352108956556,auto
0.2610114190366952,0.528548123549308,0.8075040776447765,0.8075040776447764,0,0.0,1226.000001,0.0,cie_core_n016_f000_m016_proc110.lp,0.21574224982402673,0.2255301813005471,556.625000125,scip_default,577.4999995,D:\git\git\RDMCT-A3C\cie\data\core\spbs\cie_core_n016_f000_m016_proc110.lp,4516.579364899585,4,0.0,0.0,33.49999950000006,650.0000019999997,True,spbs_auto,D:\git\git\RDMCT-A3C\cie\results\spbs\cie_spbs_600s_mem2048_repro_v1\s4to6_both\solutions\cie_core_spbs__cie_core_n016_f000_m016_proc110__scip_default__solverseed_4__trainseed_-1__spbs_auto.sol,4,50.64829069999905,optimal,cie_core_spbs,46.98205542660517,16,-1,checked active primary model at feasibility tolerance 1.000001e-06; removed 13 inactive auxiliaries,0.03915171285550449,auto
0.2610114190366951,0.528548123549308,0.8075040776447765,0.8075040776447764,0,0.0,1226.000001,0.0,cie_core_n016_f000_m016_proc110.lp,0.21574224982402757,0.2255301813005471,556.6250001249998,scip_default,577.4999995,D:\git\git\RDMCT-A3C\cie\data\core\spbs\cie_core_n016_f000_m016_proc110.lp,2473.5128635157484,4,1.682453679819378e-15,2.0747847884194925e-12,33.49999950000006,650.0000020000017,True,spbs_auto,D:\git\git\RDMCT-A3C\cie\results\spbs\cie_spbs_600s_mem2048_repro_v1\s4to6_both\solutions\cie_core_spbs__cie_core_n016_f000_m016_proc110__scip_default__solverseed_5__trainseed_-1__spbs_auto.sol,5,28.44314800000211,optimal,cie_core_spbs,46.98205542660517,16,-1,checked active primary model at feasibility tolerance 1.000001e-06; removed 13 inactive auxiliaries,0.03915171285550431,auto
0.2610114190366951,0.528548123549308,0.8075040776447765,0.8075040776447764,0,0.0,1226.000001,0.0,cie_core_n016_f000_m016_proc110.lp,0.21574224982402107,0.22553018130055277,556.625000125,scip_default,577.4999995,D:\git\git\RDMCT-A3C\cie\data\core\spbs\cie_core_n016_f000_m016_proc110.lp,4769.905714091552,4,0.0,0.0,33.49999950000006,650.0000019999997,True,spbs_auto,D:\git\git\RDMCT-A3C\cie\results\spbs\cie_spbs_600s_mem2048_repro_v1\s4to6_both\solutions\cie_core_spbs__cie_core_n016_f000_m016_proc110__scip_default__solverseed_6__trainseed_-1__spbs_auto.sol,6,54.65583379999953,optimal,cie_core_spbs,46.98205542660517,16,-1,checked active primary model at feasibility tolerance 1.000001e-06; removed 13 inactive auxiliaries,0.03915171285550431,auto
0.2877697839138791,0.5827338124255907,0.7284172655320054,0.5827338124256043,0,0.0,1112.00000099999,0.0,cie_core_n016_f004_m012_proc090.lp,0.284172660715662,0.2508992830477789,466.62500012500243,scip_default,538.999999999985,D:\git\git\RDMCT-A3C\cie\data\core\spbs\cie_core_n016_f004_m012_proc090.lp,1932.541428297071,4,2.2450346394477164e-09,9.999939720728435e-07,98.99999899999102,1026.0000060000543,True,spbs_auto,D:\git\git\RDMCT-A3C\cie\results\spbs\cie_spbs_600s_mem2048_repro_v1\s4to6_both\solutions\cie_core_spbs__cie_core_n016_f004_m012_proc090__scip_default__solverseed_4__trainseed_-1__spbs_auto.sol,4,62.092575300001045,optimal,cie_core_spbs,51.798561104498155,16,-1,checked active primary model at feasibility tolerance 1.000001e-06; removed 13 inactive auxiliaries,0.05035971218492917,auto
0.28776978391387625,0.5827338124255991,0.7284172655319988,0.5827338124255991,0,0.0,1112.000001,0.0,cie_core_n016_f004_m012_proc090.lp,0.22841726598163914,0.2239208631079848,455.125,scip_default,503.0,D:\git\git\RDMCT-A3C\cie\data\core\spbs\cie_core_n016_f004_m012_proc090.lp,2169.252677751327,4,0.0,0.0,76.0,842.0000000000002,True,spbs_auto,D:\git\git\RDMCT-A3C\cie\results\spbs\cie_spbs_600s_mem2048_repro_v1\s4to6_both\solutions\cie_core_spbs__cie_core_n016_f004_m012_proc090__scip_default__solverseed_5__trainseed_-1__spbs_auto.sol,5,24.48929169999974,optimal,cie_core_spbs,51.79856110449769,16,-1,checked active primary model at feasibility tolerance 1.000001e-06; removed 13 inactive auxiliaries,0.05035971218492852,auto
0.2877697839138765,0.5827338124255991,0.7284172655319989,0.5827338124255991,0,0.0,1112.000001,0.0,cie_core_n016_f004_m012_proc090.lp,0.28417266071567204,0.2508992830477524,466.62500037500007,scip_default,539.0,D:\git\git\RDMCT-A3C\cie\data\core\spbs\cie_core_n016_f004_m012_proc090.lp,1086.5938967053671,4,0.0,0.0,98.999999,1026.0000060000004,True,spbs_auto,D:\git\git\RDMCT-A3C\cie\results\spbs\cie_spbs_600s_mem2048_repro_v1\s4to6_both\solutions\cie_core_spbs__cie_core_n016_f004_m012_proc090__scip_default__solverseed_6__trainseed_-1__spbs_auto.sol,6,37.422182899998006,optimal,cie_core_spbs,51.79856110449769,16,-1,checked active primary model at feasibility tolerance 1.000001e-06; removed 13 inactive auxiliaries,0.05035971218492872,auto
0.2662229615089682,0.5391014970556605,0.7487520792439728,0.599001663395179,0,0.0,1202.00000099999,0.0,cie_core_n016_f004_m012_proc100.lp,0.20549084841472143,0.2279534091281838,488.8749997500016,scip_default,535.000000000015,D:\git\git\RDMCT-A3C\cie\data\core\spbs\cie_core_n016_f004_m012_proc100.lp,5280.073674249714,4,0.0,0.0,76.0,877.99999800001,True,spbs_auto,D:\git\git\RDMCT-A3C\cie\results\spbs\cie_spbs_600s_mem2048_repro_v1\s4to6_both\solutions\cie_core_spbs__cie_core_n016_f004_m012_proc100__scip_default__solverseed_4__trainseed_-1__spbs_auto.sol,4,257.88652799999545,optimal,cie_core_spbs,47.92013307161426,16,-1,checked active primary model at feasibility tolerance 1.000001e-06; removed 13 inactive auxiliaries,0.04658901826406942,auto
0.2662229615089658,0.5391014970556559,0.7487520792439666,0.5990016633951734,0,0.0,1202.000001,0.0,cie_core_n016_f004_m012_proc100.lp,0.19966722113172441,0.23377703724311383,488.8749996875,scip_default,535.0,D:\git\git\RDMCT-A3C\cie\data\core\spbs\cie_core_n016_f004_m012_proc100.lp,1526.4407107600014,4,1.280990543553943e-09,5.000001692678779e-07,76.0,877.9999979999999,True,spbs_auto,D:\git\git\RDMCT-A3C\cie\results\spbs\cie_spbs_600s_mem2048_repro_v1\s4to6_both\solutions\cie_core_spbs__cie_core_n016_f004_m012_proc100__scip_default__solverseed_5__trainseed_-1__spbs_auto.sol,5,18.128365600005054,optimal,cie_core_spbs,47.92013307161386,16,-1,checked active primary model at feasibility tolerance 1.000001e-06; removed 13 inactive auxiliaries,0.04658901826406903,auto
0.26622296150897257,0.5391014970556695,0.7487520792439861,0.5990016633951891,0,0.0,1202.00000099997,0.0,cie_core_n016_f004_m012_proc100.lp,0.354409318340744,0.23876871693951207,512.8749997500072,scip_default,658.9999990000271,D:\git\git\RDMCT-A3C\cie\data\core\spbs\cie_core_n016_f004_m012_proc100.lp,1420.6909499952394,4,0.0,0.0,201.0,1261.999998000052,True,spbs_auto,D:\git\git\RDMCT-A3C\cie\results\spbs\cie_spbs_600s_mem2048_repro_v1\s4to6_both\solutions\cie_core_spbs__cie_core_n016_f004_m012_proc100__scip_default__solverseed_6__trainseed_-1__spbs_auto.sol,6,16.65207400000145,optimal,cie_core_spbs,47.920133071615055,16,-1,checked active primary model at feasibility tolerance 1.000001e-06; removed 13 inactive auxiliaries,0.04658901826407019,auto
0.24767801838414968,0.5015479872279036,0.7662538693759652,0.6130030955007715,0,0.0,1292.000001,0.0,cie_core_n016_f004_m012_proc110.lp,0.1857585137881126,0.23142414765369448,522.6249996874994,scip_default,593.9999995,D:\git\git\RDMCT-A3C\cie\data\core\spbs\cie_core_n016_f004_m012_proc110.lp,1076.3088365184683,4,1.1668458891571045e-09,5.000022724743758e-07,75.99999999999999,913.9999979999953,True,spbs_auto,D:\git\git\RDMCT-A3C\cie\results\spbs\cie_spbs_600s_mem2048_repro_v1\s4to6_both\solutions\cie_core_spbs__cie_core_n016_f004_m012_proc110__scip_default__solverseed_4__trainseed_-1__spbs_auto.sol,4,35.75736560000223,optimal,cie_core_spbs,44.582043309147025,16,-1,checked active primary model at feasibility tolerance 1.000001e-06; removed 13 inactive auxiliaries,0.04334365321722627,auto
0.2476780183841503,0.5015479872279042,0.7662538693759637,0.6130030955007708,0,0.0,1292.000001,0.0,cie_core_n016_f004_m012_proc110.lp,0.3777089780358289,0.20201238374457262,548.8749999999998,scip_default,695.0000000000002,D:\git\git\RDMCT-A3C\cie\data\core\spbs\cie_core_n016_f004_m012_proc110.lp,2872.477549018746,4,1.677963678498488e-15,9.094947017729282e-13,219.0,1334.0000000000002,True,spbs_auto,D:\git\git\RDMCT-A3C\cie\results\spbs\cie_spbs_600s_mem2048_repro_v1\s4to6_both\solutions\cie_core_spbs__cie_core_n016_f004_m012_proc110__scip_default__solverseed_5__trainseed_-1__spbs_auto.sol,5,35.15596409999853,optimal,cie_core_spbs,44.582043309147025,16,-1,checked active primary model at feasibility tolerance 1.000001e-06; removed 13 inactive auxiliaries,0.04334365321722627,auto
0.24767801838415038,0.501547987227904,0.7662538693759646,0.6130030955007716,0,0.0,1292.000001,0.0,cie_core_n016_f004_m012_proc110.lp,0.2786377706821689,0.23761610043528164,538.625000375,scip_default,605.000001,D:\git\git\RDMCT-A3C\cie\data\core\spbs\cie_core_n016_f004_m012_proc110.lp,1478.32845228239,4,2.0974545981231085e-16,1.1368683772161603e-13,98.999999,1170.0000060000002,True,spbs_auto,D:\git\git\RDMCT-A3C\cie\results\spbs\cie_spbs_600s_mem2048_repro_v1\s4to6_both\solutions\cie_core_spbs__cie_core_n016_f004_m012_proc110__scip_default__solverseed_6__trainseed_-1__spbs_auto.sol,6,42.8873745000019,optimal,cie_core_spbs,44.582043309147025,16,-1,checked active primary model at feasibility tolerance 1.000001e-06; removed 13 inactive auxiliaries,0.04334365321722645,auto
0.2914389796981432,0.5901639338887396,0.5901639338887397,0.5901639338887396,0,0.0,1098.000001,0.0,cie_core_n016_f008_m008_proc090.lp,0.27231329574470553,0.29781421011128123,446.50000025,scip_default,539.0,D:\git\git\RDMCT-A3C\cie\data\core\spbs\cie_core_n016_f008_m008_proc090.lp,2770.325355774434,4,0.0,0.0,98.999999,1368.000004,True,spbs_auto,D:\git\git\RDMCT-A3C\cie\results\spbs\cie_spbs_600s_mem2048_repro_v1\s4to6_both\solutions\cie_core_spbs__cie_core_n016_f008_m008_proc090__scip_default__solverseed_4__trainseed_-1__spbs_auto.sol,4,38.898548299999675,optimal,cie_core_spbs,52.45901634566574,16,-1,checked active primary model at feasibility tolerance 1.000001e-06; removed 13 inactive auxiliaries,0.0582877959396288,auto
0.2914389796981431,0.5901639338887396,0.5901639338887397,0.5901639338887397,0,0.0,1098.000001,0.0,cie_core_n016_f008_m008_proc090.lp,0.2723132957447046,0.29781421011128395,446.50000025000026,scip_default,539.0,D:\git\git\RDMCT-A3C\cie\data\core\spbs\cie_core_n016_f008_m008_proc090.lp,1750.2730829491397,4,0.0,0.0,98.99999899999898,1368.0000040000039,True,spbs_auto,D:\git\git\RDMCT-A3C\cie\results\spbs\cie_spbs_600s_mem2048_repro_v1\s4to6_both\solutions\cie_core_spbs__cie_core_n016_f008_m008_proc090__scip_default__solverseed_5__trainseed_-1__spbs_auto.sol,5,21.296431399994617,optimal,cie_core_spbs,52.45901634566574,16,-1,checked active primary model at feasibility tolerance 1.000001e-06; removed 13 inactive auxiliaries,0.058287795939628594,auto
0.29143897969814275,0.5901639338887396,0.5901639338887394,0.5901639338887397,0,0.0,1098.000001,0.0,cie_core_n016_f008_m008_proc090.lp,0.28779599154116947,0.3041894377921779,466.3750005,scip_default,560.000001,D:\git\git\RDMCT-A3C\cie\data\core\spbs\cie_core_n016_f008_m008_proc090.lp,1899.7168066332463,4,0.10236875903870031,6.9999990000000025,98.999999,1536.0000059999998,True,spbs_auto,D:\git\git\RDMCT-A3C\cie\results\spbs\cie_spbs_600s_mem2048_repro_v1\s4to6_both\solutions\cie_core_spbs__cie_core_n016_f008_m008_proc090__scip_default__solverseed_6__trainseed_-1__spbs_auto.sol,6,28.19495409999945,optimal,cie_core_spbs,52.45901634566574,16,-1,checked active primary model at feasibility tolerance 1.000001e-06; removed 13 inactive auxiliaries,0.058287795939628594,auto
0.27350427327050914,0.553846153372781,0.6153846148586456,0.6153846148586457,0,0.0,1170.000001,0.0,cie_core_n016_f008_m008_proc100.lp,0.2700854689999269,0.30085470230696176,490.62500025,scip_default,573.000001,D:\git\git\RDMCT-A3C\cie\data\core\spbs\cie_core_n016_f008_m008_proc100.lp,1268.5174883976715,4,0.058823529411764705,0.0,98.999999,1550.000004,True,spbs_auto,D:\git\git\RDMCT-A3C\cie\results\spbs\cie_spbs_600s_mem2048_repro_v1\s4to6_both\solutions\cie_core_spbs__cie_core_n016_f008_m008_proc100__scip_default__solverseed_4__trainseed_-1__spbs_auto.sol,4,19.164575600003445,optimal,cie_core_spbs,49.230769188691646,16,-1,checked active primary model at feasibility tolerance 1.000001e-06; removed 13 inactive auxiliaries,0.05470085465410183,auto
0.27350427327051646,0.5538461525181153,0.6153846148586587,0.6153846148586622,0,0.0,1170.00000099997,0.0,cie_core_n016_f008_m008_proc100.lp,0.2700854689999535,0.30085470145224935,490.62499937501457,scip_default,572.999999000024,D:\git\git\RDMCT-A3C\cie\data\core\spbs\cie_core_n016_f008_m008_proc100.lp,2438.846145067862,4,0.0588235283586821,9.99977032734023e-07,98.99999900002399,1549.9999980000464,True,spbs_auto,D:\git\git\RDMCT-A3C\cie\results\spbs\cie_spbs_600s_mem2048_repro_v1\s4to6_both\solutions\cie_core_spbs__cie_core_n016_f008_m008_proc100__scip_default__solverseed_5__trainseed_-1__spbs_auto.sol,5,27.935912399996596,optimal,cie_core_spbs,49.23076918869291,16,-1,checked active primary model at feasibility tolerance 1.000001e-06; removed 13 inactive auxiliaries,0.05470085465410323,auto
0.273504273270509,0.553846153372781,0.6153846148586455,0.6153846148586457,0,0.0,1170.000001,0.0,cie_core_n016_f008_m008_proc100.lp,0.27008546814522605,0.3008547014522608,490.62499937499996,scip_default,573.0,D:\git\git\RDMCT-A3C\cie\data\core\spbs\cie_core_n016_f008_m008_proc100.lp,3078.2066448251426,4,0.058823527004663756,0.0,98.999999,1549.999998,True,spbs_auto,D:\git\git\RDMCT-A3C\cie\results\spbs\cie_spbs_600s_mem2048_repro_v1\s4to6_both\solutions\cie_core_spbs__cie_core_n016_f008_m008_proc100__scip_default__solverseed_6__trainseed_-1__spbs_auto.sol,6,35.20512430000235,optimal,cie_core_spbs,49.230769188691646,16,-1,checked active primary model at feasibility tolerance 1.000001e-06; removed 13 inactive auxiliaries,0.05470085465410183,auto
0.2576489530936806,0.521739130014703,0.6376811589068581,0.6376811589068582,0,0.0,1242.000001,0.0,cie_core_n016_f008_m008_proc110.lp,0.1795491141871586,0.223832528000135,484.1249999999997,scip_default,575.0,D:\git\git\RDMCT-A3C\cie\data\core\spbs\cie_core_n016_f008_m008_proc110.lp,1780.020339476161,4,2.193319816548385e-15,1.0231815394945443e-12,76.0,1106.0000000000002,True,spbs_auto,D:\git\git\RDMCT-A3C\cie\results\spbs\cie_spbs_600s_mem2048_repro_v1\s4to6_both\solutions\cie_core_spbs__cie_core_n016_f008_m008_proc110__scip_default__solverseed_4__trainseed_-1__spbs_auto.sol,4,22.11680669999987,optimal,cie_core_spbs,46.376811556862464,16,-1,checked active primary model at feasibility tolerance 1.000001e-06; removed 13 inactive auxiliaries,0.051529790618736075,auto
0.2576489530936803,0.5217391300147027,0.6376811589068588,0.637681158906859,0,0.0,1242.000001,0.0,cie_core_n016_f008_m008_proc110.lp,0.1964573267339313,0.2624798701590338,497.12499931249994,scip_default,608.999999,D:\git\git\RDMCT-A3C\cie\data\core\spbs\cie_core_n016_f008_m008_proc110.lp,2582.094466979302,4,0.012224937697646474,1.1368683772161603e-13,84.0,1293.999998,True,spbs_auto,D:\git\git\RDMCT-A3C\cie\results\spbs\cie_spbs_600s_mem2048_repro_v1\s4to6_both\solutions\cie_core_spbs__cie_core_n016_f008_m008_proc110__scip_default__solverseed_5__trainseed_-1__spbs_auto.sol,5,38.28698850000001,optimal,cie_core_spbs,46.376811556862464,16,-1,checked active primary model at feasibility tolerance 1.000001e-06; removed 13 inactive auxiliaries,0.051529790618736075,auto
0.25764895309368036,0.5217391300147027,0.6376811589068591,0.637681158906859,0,0.0,1242.000001,0.0,cie_core_n016_f008_m008_proc110.lp,0.25442834037485645,0.29790660362487387,513.1250002500001,scip_default,609.0000010000001,D:\git\git\RDMCT-A3C\cie\data\core\spbs\cie_core_n016_f008_m008_proc110.lp,1256.1127390113854,4,0.012224938875305624,0.0,98.999999,1550.000004,True,spbs_auto,D:\git\git\RDMCT-A3C\cie\results\spbs\cie_spbs_600s_mem2048_repro_v1\s4to6_both\solutions\cie_core_spbs__cie_core_n016_f008_m008_proc110__scip_default__solverseed_6__trainseed_-1__spbs_auto.sol,6,15.067381600001681,optimal,cie_core_spbs,46.376811556862464,16,-1,checked active primary model at feasibility tolerance 1.000001e-06; removed 13 inactive auxiliaries,0.051529790618736075,auto
0.2938475663050072,0.5950413217676388,0.5950413217676388,0.44628099132572907,0,0.0,1089.000001,0.0,cie_core_n016_f012_m004_proc090.lp,0.2304866848204897,0.30303030275203824,417.75000000000006,scip_default,537.0,D:\git\git\RDMCT-A3C\cie\data\core\spbs\cie_core_n016_f012_m004_proc090.lp,999.0394573314303,6,0.31032899487810867,0,84.0,1572.0000000000005,True,spbs_auto,D:\git\git\RDMCT-A3C\cie\results\spbs\cie_spbs_600s_mem2048_repro_v1\s4to6_both\solutions\cie_core_spbs__cie_core_n016_f012_m004_proc090__scip_default__solverseed_4__trainseed_-1__spbs_auto.sol,4,10.679919700000028,optimal,cie_core_spbs,52.892561934901224,16,-1,checked active primary model at feasibility tolerance 1.000001e-06; removed 13 inactive auxiliaries,0.06611570241862695,auto
0.2938475663050125,0.5950413208493929,0.5950413217676479,0.4462809913257372,0,0.0,1089.00000099998,0.0,cie_core_n016_f012_m004_proc090.lp,0.23048668573875014,0.3030303018337861,417.74999962500647,scip_default,536.999999000018,D:\git\git\RDMCT-A3C\cie\data\core\spbs\cie_core_n016_f012_m004_proc090.lp,1273.6323027915275,6,0.31032899328340857,0,84.0,1571.9999940001044,True,spbs_auto,D:\git\git\RDMCT-A3C\cie\results\spbs\cie_spbs_600s_mem2048_repro_v1\s4to6_both\solutions\cie_core_spbs__cie_core_n016_f012_m004_proc090__scip_default__solverseed_5__trainseed_-1__spbs_auto.sol,5,15.768161900003179,optimal,cie_core_spbs,52.8925619349022,16,-1,checked active primary model at feasibility tolerance 1.000001e-06; removed 13 inactive auxiliaries,0.06611570241862774,auto
0.2938475663050068,0.5950413217676388,0.5950413217676388,0.44628099132572907,0,0.0,1089.000001,0.0,cie_core_n016_f012_m004_proc090.lp,0.2304866848204897,0.30303030275203824,417.75,scip_default,537.0,D:\git\git\RDMCT-A3C\cie\data\core\spbs\cie_core_n016_f012_m004_proc090.lp,286.5688676038837,6,0.31032899487810867,0,84.0,1572.0,True,spbs_auto,D:\git\git\RDMCT-A3C\cie\results\spbs\cie_spbs_600s_mem2048_repro_v1\s4to6_both\solutions\cie_core_spbs__cie_core_n016_f012_m004_proc090__scip_default__solverseed_6__trainseed_-1__spbs_auto.sol,6,12.748584799999662,optimal,cie_core_spbs,52.892561934901224,16,-1,checked active primary model at feasibility tolerance 1.000001e-06; removed 13 inactive auxiliaries,0.06611570241862653,auto
0.27633851444184915,0.5595854917447446,0.6217616574941609,0.46632124312062057,0,0.0,1158.000001,0.0,cie_core_n016_f012_m004_proc100.lp,0.20379965440086384,0.21934369583821775,427.5,scip_default,515.0000000000001,D:\git\git\RDMCT-A3C\cie\data\core\spbs\cie_core_n016_f012_m004_proc100.lp,1527.5606104308115,6,0.2861125704223025,0,76.0,1368.0,True,spbs_auto,D:\git\git\RDMCT-A3C\cie\results\spbs\cie_spbs_600s_mem2048_repro_v1\s4to6_both\solutions\cie_core_spbs__cie_core_n016_f012_m004_proc100__scip_default__solverseed_4__trainseed_-1__spbs_auto.sol,4,16.69146240000191,optimal,cie_core_spbs,49.74093259953287,16,-1,checked active primary model at feasibility tolerance 1.000001e-06; removed 13 inactive auxiliaries,0.062176165749416284,auto
0.27633851444185653,0.5595854917447595,0.6217616574941728,0.4663212431206285,0,0.0,1158.00000099997,0.0,cie_core_n016_f012_m004_proc100.lp,0.2037996544008691,0.21934369583822363,427.4999999999988,scip_default,514.9999999999951,D:\git\git\RDMCT-A3C\cie\data\core\spbs\cie_core_n016_f012_m004_proc100.lp,1694.7693565573015,6,0.2861125704223025,0,76.0,1368.0,True,spbs_auto,D:\git\git\RDMCT-A3C\cie\results\spbs\cie_spbs_600s_mem2048_repro_v1\s4to6_both\solutions\cie_core_spbs__cie_core_n016_f012_m004_proc100__scip_default__solverseed_5__trainseed_-1__spbs_auto.sol,5,19.755467700000736,optimal,cie_core_spbs,49.740932599534155,16,-1,checked active primary model at feasibility tolerance 1.000001e-06; removed 13 inactive auxiliaries,0.0621761657494177,auto
0.27633851444184965,0.559585491744743,0.6217616574941609,0.4663212431206206,0,0.0,1158.000001,0.0,cie_core_n016_f012_m004_proc100.lp,0.22797927441451876,0.2754749565842185,437.8749999999988,scip_default,573.0,D:\git\git\RDMCT-A3C\cie\data\core\spbs\cie_core_n016_f012_m004_proc100.lp,1262.4005373200935,6,0.2861125704223025,0,76.0,1534.0000000000005,True,spbs_auto,D:\git\git\RDMCT-A3C\cie\results\spbs\cie_spbs_600s_mem2048_repro_v1\s4to6_both\solutions\cie_core_spbs__cie_core_n016_f012_m004_proc100__scip_default__solverseed_6__trainseed_-1__spbs_auto.sol,6,14.965703699999722,optimal,cie_core_spbs,49.74093259953287,16,-1,checked active primary model at feasibility tolerance 1.000001e-06; removed 13 inactive auxiliaries,0.06217616574941648,auto
0.2601626014145019,0.5268292678643663,0.6439024385008922,0.4829268288756692,0,0.0,1230.000001,0.0,cie_core_n016_f012_m004_proc110.lp,0.19186991854319518,0.2065040648727609,450.0,scip_default,551.0,D:\git\git\RDMCT-A3C\cie\data\core\spbs\cie_core_n016_f012_m004_proc110.lp,974.4440692656417,6,0.26540200902444144,0,76.0,1368.0,True,spbs_auto,D:\git\git\RDMCT-A3C\cie\results\spbs\cie_spbs_600s_mem2048_repro_v1\s4to6_both\solutions\cie_core_spbs__cie_core_n016_f012_m004_proc110__scip_default__solverseed_4__trainseed_-1__spbs_auto.sol,4,11.742976699999417,optimal,cie_core_spbs,46.82926825461035,16,-1,checked active primary model at feasibility tolerance 1.000001e-06; removed 13 inactive auxiliaries,0.05853658531826293,auto
0.26016260141450637,0.5268292678643751,0.6439024385009037,0.482926828875678,0,0.0,1230.00000099998,0.0,cie_core_n016_f012_m004_proc110.lp,0.21463414616696758,0.259349591659104,460.37499962500806,scip_default,608.999999000021,D:\git\git\RDMCT-A3C\cie\data\core\spbs\cie_core_n016_f012_m004_proc110.lp,2566.91389916881,6,0.26540200618090826,0,76.0,1533.9999960000844,True,spbs_auto,D:\git\git\RDMCT-A3C\cie\results\spbs\cie_spbs_600s_mem2048_repro_v1\s4to6_both\solutions\cie_core_spbs__cie_core_n016_f012_m004_proc110__scip_default__solverseed_5__trainseed_-1__spbs_auto.sol,5,29.239332599998306,optimal,cie_core_spbs,46.82926825461111,16,-1,checked active primary model at feasibility tolerance 1.000001e-06; removed 13 inactive auxiliaries,0.05853658531826388,auto
0.26016260141450154,0.5268292678643648,0.6439024385008939,0.48292682887567084,0,0.0,1230.000001,0.0,cie_core_n016_f012_m004_proc110.lp,0.21463414616696408,0.25934959328508156,460.37500000000017,scip_default,609.000000000002,D:\git\git\RDMCT-A3C\cie\data\core\spbs\cie_core_n016_f012_m004_proc110.lp,874.2109698453835,6,0.26540200902444133,0,76.00000000000001,1533.9999999999995,True,spbs_auto,D:\git\git\RDMCT-A3C\cie\results\spbs\cie_spbs_600s_mem2048_repro_v1\s4to6_both\solutions\cie_core_spbs__cie_core_n016_f012_m004_proc110__scip_default__solverseed_6__trainseed_-1__spbs_auto.sol,6,14.402165499999683,optimal,cie_core_spbs,46.82926825461035,16,-1,checked active primary model at feasibility tolerance 1.000001e-06; removed 13 inactive auxiliaries,0.058536585318262564,auto
0.04568383439176939,0.09250976464333302,0.1709336803492038,0.1709336803492038,2,0.04758732749142645,10506.9989503,4.080753843955512,cie_core_n024_f000_m024_proc090.lp,0.02855239649485587,0.034262875793827044,472.0,scip_default,472.0,D:\git\git\RDMCT-A3C\cie\data\core\spbs\cie_core_n024_f000_m024_proc090.lp,43430.70228370028,4,0.0,0.0,28.0,672.0,True,spbs_auto,D:\git\git\RDMCT-A3C\cie\results\spbs\cie_spbs_600s_mem2048_repro_v1\s4to6_both\solutions\cie_core_spbs__cie_core_n024_f000_m024_proc090__scip_default__solverseed_4__trainseed_-1__spbs_auto.sol,4,539.2073710000004,timelimit,cie_core_spbs,8.22309019051849,24,-1,checked active primary model at feasibility tolerance 1.000001e-06; removed 13 inactive auxiliaries,0.010659561358079524,auto
0.04568383439176939,0.09250976464333302,0.1709336803492038,0.1709336803492038,2,0.04758732749142645,10506.9989503,4.061174831069364,cie_core_n024_f000_m024_proc090.lp,0.02855239649485587,0.034262875793827044,472.0,scip_default,472.0,D:\git\git\RDMCT-A3C\cie\data\core\spbs\cie_core_n024_f000_m024_proc090.lp,43391.642605291614,4,0.0,0.0,28.0,672.0,True,spbs_auto,D:\git\git\RDMCT-A3C\cie\results\spbs\cie_spbs_600s_mem2048_repro_v1\s4to6_both\solutions\cie_core_spbs__cie_core_n024_f000_m024_proc090__scip_default__solverseed_5__trainseed_-1__spbs_auto.sol,5,539.822088900004,timelimit,cie_core_spbs,8.22309019051849,24,-1,checked active primary model at feasibility tolerance 1.000001e-06; removed 13 inactive auxiliaries,0.010659561358079524,auto
0.04568383439176939,0.09250976464333302,0.1709336803492038,0.1709336803492038,2,0.04758732749142645,10506.9989503,4.080753843955512,cie_core_n024_f000_m024_proc090.lp,0.02855239649485587,0.034262875793827044,472.0,scip_default,472.0,D:\git\git\RDMCT-A3C\cie\data\core\spbs\cie_core_n024_f000_m024_proc090.lp,43430.70228370028,4,0.0,0.0,28.0,672.0,True,spbs_auto,D:\git\git\RDMCT-A3C\cie\results\spbs\cie_spbs_600s_mem2048_repro_v1\s4to6_both\solutions\cie_core_spbs__cie_core_n024_f000_m024_proc090__scip_default__solverseed_6__trainseed_-1__spbs_auto.sol,6,539.7656910000005,timelimit,cie_core_spbs,8.22309019051849,24,-1,checked active primary model at feasibility tolerance 1.000001e-06; removed 13 inactive auxiliaries,0.010659561358079524,auto
0.04568383439176939,0.09250976464333302,0.18463883066673462,0.18463883066673462,2,0.04758732749142645,10506.9989503,3.749999525,cie_core_n024_f000_m024_proc100.lp,0.02855239649485587,0.034262875793827044,508.0,scip_default,508.0,D:\git\git\RDMCT-A3C\cie\data\core\spbs\cie_core_n024_f000_m024_proc100.lp,42694.73571157884,4,0.0,0.0,28.0,672.0,True,spbs_auto,D:\git\git\RDMCT-A3C\cie\results\spbs\cie_spbs_600s_mem2048_repro_v1\s4to6_both\solutions\cie_core_spbs__cie_core_n024_f000_m024_proc100__scip_default__solverseed_4__trainseed_-1__spbs_auto.sol,4,539.7561171999987,timelimit,cie_core_spbs,8.22309019051849,24,-1,checked active primary model at feasibility tolerance 1.000001e-06; removed 13 inactive auxiliaries,0.010659561358079524,auto
0.04568383439176939,0.09250976464333302,0.18463883066673462,0.18463883066673462,2,0.04758732749142645,10506.9989503,3.7499995250000073,cie_core_n024_f000_m024_proc100.lp,0.02855239649485587,0.034262875793827044,508.0,scip_default,508.0,D:\git\git\RDMCT-A3C\cie\data\core\spbs\cie_core_n024_f000_m024_proc100.lp,42694.735711578855,4,0.0,0.0,28.0,672.0,True,spbs_auto,D:\git\git\RDMCT-A3C\cie\results\spbs\cie_spbs_600s_mem2048_repro_v1\s4to6_both\solutions\cie_core_spbs__cie_core_n024_f000_m024_proc100__scip_default__solverseed_5__trainseed_-1__spbs_auto.sol,5,539.7757468999989,timelimit,cie_core_spbs,8.22309019051849,24,-1,checked active primary model at feasibility tolerance 1.000001e-06; removed 13 inactive auxiliaries,0.010659561358079524,auto
0.04568383439176939,0.09250976464333302,0.18463883066673462,0.18463883066673462,2,0.04758732749142645,10506.9989503,3.741425518637184,cie_core_n024_f000_m024_proc100.lp,0.02855239649485587,0.034262875793827044,508.0,scip_default,508.0,D:\git\git\RDMCT-A3C\cie\data\core\spbs\cie_core_n024_f000_m024_proc100.lp,42689.766778996505,4,0.0,0.0,28.0,672.0,True,spbs_auto,D:\git\git\RDMCT-A3C\cie\results\spbs\cie_spbs_600s_mem2048_repro_v1\s4to6_both\solutions\cie_core_spbs__cie_core_n024_f000_m024_proc100__scip_default__solverseed_6__trainseed_-1__spbs_auto.sol,6,539.8094834000003,timelimit,cie_core_spbs,8.22309019051849,24,-1,checked active primary model at feasibility tolerance 1.000001e-06; removed 13 inactive auxiliaries,0.010659561358079524,auto
0.04568383439176939,0.09250976464333302,0.19834398098426542,0.19834398098426542,2,0.04758732749142645,10506.9989503,3.4521181988559317,cie_core_n024_f000_m024_proc110.lp,0.02855239649485587,0.034262875793827044,544.0,scip_default,544.0,D:\git\git\RDMCT-A3C\cie\data\core\spbs\cie_core_n024_f000_m024_proc110.lp,41940.07039105366,4,0.0,0.0,28.0,672.0,True,spbs_auto,D:\git\git\RDMCT-A3C\cie\results\spbs\cie_spbs_600s_mem2048_repro_v1\s4to6_both\solutions\cie_core_spbs__cie_core_n024_f000_m024_proc110__scip_default__solverseed_4__trainseed_-1__spbs_auto.sol,4,539.7671897999971,timelimit,cie_core_spbs,8.22309019051849,24,-1,checked active primary model at feasibility tolerance 1.000001e-06; removed 13 inactive auxiliaries,0.010659561358079524,auto
0.04568383439176939,0.09250976464333302,0.19834398098426542,0.19834398098426542,2,0.04758732749142645,10506.9989503,3.4596769733870967,cie_core_n024_f000_m024_proc110.lp,0.02855239649485587,0.034262875793827044,544.0,scip_default,544.0,D:\git\git\RDMCT-A3C\cie\data\core\spbs\cie_core_n024_f000_m024_proc110.lp,41960.919783101264,4,0.0,0.0,28.0,672.0,True,spbs_auto,D:\git\git\RDMCT-A3C\cie\results\spbs\cie_spbs_600s_mem2048_repro_v1\s4to6_both\solutions\cie_core_spbs__cie_core_n024_f000_m024_proc110__scip_default__solverseed_5__trainseed_-1__spbs_auto.sol,5,539.8330954999947,timelimit,cie_core_spbs,8.22309019051849,24,-1,checked active primary model at feasibility tolerance 1.000001e-06; removed 13 inactive auxiliaries,0.010659561358079524,auto
0.04568383439176939,0.09250976464333302,0.19834398098426542,0.19834398098426542,2,0.04758732749142645,10506.9989503,3.4596769733870967,cie_core_n024_f000_m024_proc110.lp,0.02855239649485587,0.034262875793827044,544.0,scip_default,544.0,D:\git\git\RDMCT-A3C\cie\data\core\spbs\cie_core_n024_f000_m024_proc110.lp,41958.769139457385,4,0.0,0.0,28.0,672.0,True,spbs_auto,D:\git\git\RDMCT-A3C\cie\results\spbs\cie_spbs_600s_mem2048_repro_v1\s4to6_both\solutions\cie_core_spbs__cie_core_n024_f000_m024_proc110__scip_default__solverseed_6__trainseed_-1__spbs_auto.sol,6,539.7540090000002,timelimit,cie_core_spbs,8.22309019051849,24,-1,checked active primary model at feasibility tolerance 1.000001e-06; removed 13 inactive auxiliaries,0.010659561358079524,auto
0.2091503267062527,0.4235294115801607,0.7825708057592282,0.7119825704958679,2,0.21786492365234644,2295.000001,0.08050847457627118,cie_core_n024_f006_m018_proc090.lp,0.1546840962288966,0.17755991255879658,474.1666668333333,scip_default,621.9999999999991,D:\git\git\RDMCT-A3C\cie\data\core\spbs\cie_core_n024_f006_m018_proc090.lp,6627.625485170869,8,0.21591878550117843,119.4999994999983,125.99999999999909,1442.0000020000045,True,spbs_auto,D:\git\git\RDMCT-A3C\cie\results\spbs\cie_spbs_600s_mem2048_repro_v1\s4to6_both\solutions\cie_core_spbs__cie_core_n024_f006_m018_proc090__scip_default__solverseed_4__trainseed_-1__spbs_auto.sol,4,539.7505845999985,timelimit,cie_core_spbs,37.64705880712547,24,-1,checked active primary model at feasibility tolerance 1.000001e-06; removed 13 inactive auxiliaries,0.05751633984421966,auto
0.0456490773137761,0.0924393815603966,0.17080363094904558,0.15539706735564612,2,0.0475511222018501,10514.9989495,3.9834118239336496,cie_core_n024_f006_m018_proc090.lp,0.03157394514202847,0.0465049975134094,505.1666666666667,scip_default,625.0,D:\git\git\RDMCT-A3C\cie\data\core\spbs\cie_core_n024_f006_m018_proc090.lp,43249.22384170792,8,0.2085761945353705,99.0,126.0,1984.0,True,spbs_auto,D:\git\git\RDMCT-A3C\cie\results\spbs\cie_spbs_600s_mem2048_repro_v1\s4to6_both\solutions\cie_core_spbs__cie_core_n024_f006_m018_proc090__scip_default__solverseed_5__trainseed_-1__spbs_auto.sol,5,539.7478171999974,timelimit,cie_core_spbs,8.216833916479699,24,-1,checked active primary model at feasibility tolerance 1.000001e-06; removed 13 inactive auxiliaries,0.012553496261288427,auto
0.0456490773137761,0.0924393815603966,0.17080363094904558,0.15539706735564612,2,0.0475511222018501,10514.9989495,3.988139918643264,cie_core_n024_f006_m018_proc090.lp,0.03157394514202847,0.0465049975134094,505.1666666666667,scip_default,625.0,D:\git\git\RDMCT-A3C\cie\data\core\spbs\cie_core_n024_f006_m018_proc090.lp,43254.51152649727,8,0.21179203778215375,99.0,126.0,1968.0,True,spbs_auto,D:\git\git\RDMCT-A3C\cie\results\spbs\cie_spbs_600s_mem2048_repro_v1\s4to6_both\solutions\cie_core_spbs__cie_core_n024_f006_m018_proc090__scip_default__solverseed_6__trainseed_-1__spbs_auto.sol,6,539.7976162000014,timelimit,cie_core_spbs,8.216833916479699,24,-1,checked active primary model at feasibility tolerance 1.000001e-06; removed 13 inactive auxiliaries,0.012553496261288427,auto
0.0456490773137761,0.0924393815603966,0.1844983541431784,0.16737995015051235,2,0.0475511222018501,10514.9989495,3.6485406492042443,cie_core_n024_f006_m018_proc100.lp,0.02853067332111006,0.034997625940561675,549.0,scip_default,1034.0,D:\git\git\RDMCT-A3C\cie\data\core\spbs\cie_core_n024_f006_m018_proc100.lp,42481.102034035066,4,0.21465741571734478,0.0,634.0,2488.0,True,spbs_auto,D:\git\git\RDMCT-A3C\cie\results\spbs\cie_spbs_600s_mem2048_repro_v1\s4to6_both\solutions\cie_core_spbs__cie_core_n024_f006_m018_proc100__scip_default__solverseed_4__trainseed_-1__spbs_auto.sol,4,539.7880259000012,timelimit,cie_core_spbs,8.216833916479699,24,-1,checked active primary model at feasibility tolerance 1.000001e-06; removed 13 inactive auxiliaries,0.012553496261288427,auto
0.0456490773137761,0.0924393815603966,0.1844983541431784,0.16737995015051235,2,0.0475511222018501,10514.9989495,3.6609037892287235,cie_core_n024_f006_m018_proc100.lp,0.02853067332111006,0.034997625940561675,549.0,scip_default,1034.0,D:\git\git\RDMCT-A3C\cie\data\core\spbs\cie_core_n024_f006_m018_proc100.lp,42500.19856471315,4,0.21465741571734478,0.0,634.0,2488.0,True,spbs_auto,D:\git\git\RDMCT-A3C\cie\results\spbs\cie_spbs_600s_mem2048_repro_v1\s4to6_both\solutions\cie_core_spbs__cie_core_n024_f006_m018_proc100__scip_default__solverseed_5__trainseed_-1__spbs_auto.sol,5,536.3783088000018,timelimit,cie_core_spbs,8.216833916479699,24,-1,checked active primary model at feasibility tolerance 1.000001e-06; removed 13 inactive auxiliaries,0.012553496261288427,auto
0.14336917558441767,0.29032258055844595,0.5794504179870219,0.5256869771428654,2,0.14934289123376857,3348.000001,0.4787985865724382,cie_core_n024_f006_m018_proc100.lp,0.08960573474026107,0.11230585420779388,526.0833333333333,scip_default,925.9999999999997,D:\git\git\RDMCT-A3C\cie\data\core\spbs\cie_core_n024_f006_m018_proc100.lp,18692.17740946589,6,0.09889605331280386,0.0,518.0,2089.999999999999,True,spbs_auto,D:\git\git\RDMCT-A3C\cie\results\spbs\cie_spbs_600s_mem2048_repro_v1\s4to6_both\solutions\cie_core_spbs__cie_core_n024_f006_m018_proc100__scip_default__solverseed_6__trainseed_-1__spbs_auto.sol,6,539.7420998999987,timelimit,cie_core_spbs,25.806451605195207,24,-1,checked active primary model at feasibility tolerance 1.000001e-06; removed 13 inactive auxiliaries,0.0394265232857149,auto
0.0456490773137761,0.0924393815603966,0.19819307733731123,0.17936283294537858,2,0.0475511222018501,10514.9989495,3.3812495618750003,cie_core_n024_f006_m018_proc110.lp,0.06371850375047913,0.036138852873406076,616.5,scip_default,944.0,D:\git\git\RDMCT-A3C\cie\data\core\spbs\cie_core_n024_f006_m018_proc110.lp,41766.57985131324,8,0.009304036594559837,6.0,404.0,3612.0,True,spbs_auto,D:\git\git\RDMCT-A3C\cie\results\spbs\cie_spbs_600s_mem2048_repro_v1\s4to6_both\solutions\cie_core_spbs__cie_core_n024_f006_m018_proc110__scip_default__solverseed_4__trainseed_-1__spbs_auto.sol,4,539.7503730999997,timelimit,cie_core_spbs,8.216833916479699,24,-1,checked active primary model at feasibility tolerance 1.000001e-06; removed 13 inactive auxiliaries,0.012553496261288427,auto
0.0456490773137761,0.0924393815603966,0.19819307733731123,0.17936283294537858,2,0.0475511222018501,10514.9989495,3.3849036482485406,cie_core_n024_f006_m018_proc110.lp,0.06371850375047913,0.036138852873406076,616.5,scip_default,944.0,D:\git\git\RDMCT-A3C\cie\data\core\spbs\cie_core_n024_f006_m018_proc110.lp,41776.907955056464,8,0.009304036594559837,6.0,404.0,3612.0,True,spbs_auto,D:\git\git\RDMCT-A3C\cie\results\spbs\cie_spbs_600s_mem2048_repro_v1\s4to6_both\solutions\cie_core_spbs__cie_core_n024_f006_m018_proc110__scip_default__solverseed_5__trainseed_-1__spbs_auto.sol,5,539.7553894000011,timelimit,cie_core_spbs,8.216833916479699,24,-1,checked active primary model at feasibility tolerance 1.000001e-06; removed 13 inactive auxiliaries,0.012553496261288427,auto
0.0456490773137761,0.0924393815603966,0.19819307733731123,0.17936283294537858,2,0.0475511222018501,10514.9989495,3.373959629159734,cie_core_n024_f006_m018_proc110.lp,0.06371850375047913,0.036138852873406076,616.5,scip_default,944.0,D:\git\git\RDMCT-A3C\cie\data\core\spbs\cie_core_n024_f006_m018_proc110.lp,41760.87371664847,8,0.009304036594559837,6.0,404.0,3612.0,True,spbs_auto,D:\git\git\RDMCT-A3C\cie\results\spbs\cie_spbs_600s_mem2048_repro_v1\s4to6_both\solutions\cie_core_spbs__cie_core_n024_f006_m018_proc110__scip_default__solverseed_6__trainseed_-1__spbs_auto.sol,6,539.7694020999988,timelimit,cie_core_spbs,8.216833916479699,24,-1,checked active primary model at feasibility tolerance 1.000001e-06; removed 13 inactive auxiliaries,0.012553496261288427,auto
0.2264150942328232,0.45849056582146697,0.770754716617568,0.38207547151788906,1,0.11792452824626203,2120.000001,0.0,cie_core_n024_f012_m012_proc090.lp,0.3349056602193841,0.33113207531550387,522.9999999999998,scip_default,1078.999999999999,D:\git\git\RDMCT-A3C\cie\data\core\spbs\cie_core_n024_f012_m012_proc090.lp,16559.41399240091,6,0.26338599384765404,9.094947017729282e-13,531.9999999999991,3887.9999999999986,True,spbs_auto,D:\git\git\RDMCT-A3C\cie\results\spbs\cie_spbs_600s_mem2048_repro_v1\s4to6_both\solutions\cie_core_spbs__cie_core_n024_f012_m012_proc090__scip_default__solverseed_4__trainseed_-1__spbs_auto.sol,4,207.55427509999936,optimal,cie_core_spbs,40.75471696190815,24,-1,checked active primary model at feasibility tolerance 1.000001e-06; removed 13 inactive auxiliaries,0.052830188654325386,auto
0.0456490773137761,0.0924393815603966,0.15539706735564612,0.07703281796699717,1,0.02377556110092505,10514.9989495,4.031099975358852,cie_core_n024_f012_m012_proc090.lp,0.06324299252846063,0.044222543647720595,683.6666666666666,scip_default,2495.0,D:\git\git\RDMCT-A3C\cie\data\core\spbs\cie_core_n024_f012_m012_proc090.lp,43327.60711155291,4,0.3371333808299439,0.0,1866.0,7400.0,True,spbs_auto,D:\git\git\RDMCT-A3C\cie\results\spbs\cie_spbs_600s_mem2048_repro_v1\s4to6_both\solutions\cie_core_spbs__cie_core_n024_f012_m012_proc090__scip_default__solverseed_5__trainseed_-1__spbs_auto.sol,5,540.0644561000008,timelimit,cie_core_spbs,8.216833916479699,24,-1,checked active primary model at feasibility tolerance 1.000001e-06; removed 13 inactive auxiliaries,0.010651451373214422,auto
0.0456490773137761,0.0924393815603966,0.15539706735564612,0.07703281796699717,1,0.02377556110092505,10514.9989495,4.011915609389887,cie_core_n024_f012_m012_proc090.lp,0.06324299252846063,0.044222543647720595,683.6666666666666,scip_default,2585.0,D:\git\git\RDMCT-A3C\cie\data\core\spbs\cie_core_n024_f012_m012_proc090.lp,43285.978321148665,4,0.3371333808299439,0.0,1866.0,7400.0,True,spbs_auto,D:\git\git\RDMCT-A3C\cie\results\spbs\cie_spbs_600s_mem2048_repro_v1\s4to6_both\solutions\cie_core_spbs__cie_core_n024_f012_m012_proc090__scip_default__solverseed_6__trainseed_-1__spbs_auto.sol,6,539.7405949999993,timelimit,cie_core_spbs,8.216833916479699,24,-1,checked active primary model at feasibility tolerance 1.000001e-06; removed 13 inactive auxiliaries,0.010651451373214422,auto
0.0456490773137761,0.0924393815603966,0.16737995015051235,0.08559201996333018,1,0.02377556110092505,10514.9989495,3.7622277846467393,cie_core_n024_f012_m012_proc100.lp,0.06485973068332354,0.07826914714424527,601.0,scip_default,1292.0,D:\git\git\RDMCT-A3C\cie\data\core\spbs\cie_core_n024_f012_m012_proc100.lp,42724.05806079534,6,0.24014605321403706,0.0,651.0,5112.0,True,spbs_auto,D:\git\git\RDMCT-A3C\cie\results\spbs\cie_spbs_600s_mem2048_repro_v1\s4to6_both\solutions\cie_core_spbs__cie_core_n024_f012_m012_proc100__scip_default__solverseed_4__trainseed_-1__spbs_auto.sol,4,539.7437262999993,timelimit,cie_core_spbs,8.216833916479699,24,-1,checked active primary model at feasibility tolerance 1.000001e-06; removed 13 inactive auxiliaries,0.010651451373214422,auto
0.21371326793690498,0.43276936757223095,0.7836153157686494,0.4007123773816961,1,0.11130899371713758,2246.000001,0.0,cie_core_n024_f012_m012_proc100.lp,0.40739091700472446,0.3455031164979951,571.9166666666675,scip_default,1024.000000000002,D:\git\git\RDMCT-A3C\cie\data\core\spbs\cie_core_n024_f012_m012_proc100.lp,41193.617549399794,6,0.24014605321403615,2.0463630789890885e-12,310.0,4414.0000000000055,True,spbs_auto,D:\git\git\RDMCT-A3C\cie\results\spbs\cie_spbs_600s_mem2048_repro_v1\s4to6_both\solutions\cie_core_spbs__cie_core_n024_f012_m012_proc100__scip_default__solverseed_5__trainseed_-1__spbs_auto.sol,5,521.6636206000003,optimal,cie_core_spbs,38.46838822864275,24,-1,checked active primary model at feasibility tolerance 1.000001e-06; removed 13 inactive auxiliaries,0.04986642918527764,auto
0.0456490773137761,0.0924393815603966,0.16737995015051235,0.08559201996333018,1,0.02377556110092505,10514.9989495,3.7536161611663657,cie_core_n024_f012_m012_proc100.lp,0.043366623448087296,0.09976225437948151,601.0,scip_default,1292.0,D:\git\git\RDMCT-A3C\cie\data\core\spbs\cie_core_n024_f012_m012_proc100.lp,42707.369293941876,6,0.24014605321403706,0.0,651.0,5112.0,True,spbs_auto,D:\git\git\RDMCT-A3C\cie\results\spbs\cie_spbs_600s_mem2048_repro_v1\s4to6_both\solutions\cie_core_spbs__cie_core_n024_f012_m012_proc100__scip_default__solverseed_6__trainseed_-1__spbs_auto.sol,6,539.9565249000007,timelimit,cie_core_spbs,8.216833916479699,24,-1,checked active primary model at feasibility tolerance 1.000001e-06; removed 13 inactive auxiliaries,0.010651451373214422,auto
0.20236087681182127,0.4097807755439373,0.7951096118064466,0.4173693084243806,1,0.10539629000615672,2372.000001,0.0,cie_core_n024_f012_m012_proc110.lp,0.3166104551784948,0.33684654285967686,625.2500000000003,scip_default,911.000000000001,D:\git\git\RDMCT-A3C\cie\data\core\spbs\cie_core_n024_f012_m012_proc110.lp,28994.577868982637,6,0.1916176208285593,1.0231815394945443e-12,282.0,4686.000000000003,True,spbs_auto,D:\git\git\RDMCT-A3C\cie\results\spbs\cie_spbs_600s_mem2048_repro_v1\s4to6_both\solutions\cie_core_spbs__cie_core_n024_f012_m012_proc110__scip_default__solverseed_4__trainseed_-1__spbs_auto.sol,4,388.06094069999745,optimal,cie_core_spbs,36.42495782612776,24,-1,checked active primary model at feasibility tolerance 1.000001e-06; removed 13 inactive auxiliaries,0.04721753792275859,auto
0.0456490773137761,0.0924393815603966,0.17936283294537858,0.0941512219596632,1,0.02377556110092505,10514.9989495,3.4935892942307696,cie_core_n024_f012_m012_proc110.lp,0.06305278803965324,0.05401807482130171,558.5,scip_default,845.0,D:\git\git\RDMCT-A3C\cie\data\core\spbs\cie_core_n024_f012_m012_proc110.lp,42066.05681896897,4,0.2206747516020881,0.0,417.0,3444.0,True,spbs_auto,D:\git\git\RDMCT-A3C\cie\results\spbs\cie_spbs_600s_mem2048_repro_v1\s4to6_both\solutions\cie_core_spbs__cie_core_n024_f012_m012_proc110__scip_default__solverseed_5__trainseed_-1__spbs_auto.sol,5,539.5819189999966,timelimit,cie_core_spbs,8.216833916479699,24,-1,checked active primary model at feasibility tolerance 1.000001e-06; removed 13 inactive auxiliaries,0.010651451373214422,auto
0.0456490773137761,0.0924393815603966,0.17936283294537858,0.0941512219596632,1,0.02377556110092505,10514.9989495,3.4744676376595747,cie_core_n024_f012_m012_proc110.lp,0.06096053866277183,0.05401807482130171,558.5,scip_default,845.0,D:\git\git\RDMCT-A3C\cie\data\core\spbs\cie_core_n024_f012_m012_proc110.lp,41999.01755570578,4,0.25178765122517444,0.0,395.0,3444.0,True,spbs_auto,D:\git\git\RDMCT-A3C\cie\results\spbs\cie_spbs_600s_mem2048_repro_v1\s4to6_both\solutions\cie_core_spbs__cie_core_n024_f012_m012_proc110__scip_default__solverseed_6__trainseed_-1__spbs_auto.sol,6,539.812516500002,timelimit,cie_core_spbs,8.216833916479699,24,-1,checked active primary model at feasibility tolerance 1.000001e-06; removed 13 inactive auxiliaries,0.010651451373214422,auto
0.22388059691050358,0.45335820874376864,0.7621268653161717,0.3022388058291798,1,0.11660447755755389,2144.000001,0.0,cie_core_n024_f018_m006_proc090.lp,0.19682835811715102,0.21548507499277844,457.083333666667,scip_default,850.0000010000011,D:\git\git\RDMCT-A3C\cie\data\core\spbs\cie_core_n024_f018_m006_proc090.lp,28062.792996127027,8,0.5026766996124312,65.99999899999796,314.00000100000204,3302.000008000014,True,spbs_auto,D:\git\git\RDMCT-A3C\cie\results\spbs\cie_spbs_600s_mem2048_repro_v1\s4to6_both\solutions\cie_core_spbs__cie_core_n024_f018_m006_proc090__scip_default__solverseed_4__trainseed_-1__spbs_auto.sol,4,377.55915809999715,optimal,cie_core_spbs,40.29850744389062,24,-1,checked active primary model at feasibility tolerance 1.000001e-06; removed 13 inactive auxiliaries,0.06156716415038845,auto
0.1939393938610345,0.3927272725685934,0.6602020199352717,0.2618181817123968,1,0.10101010096928881,2475.000001,0.1774500475737393,cie_core_n024_f018_m006_proc090.lp,0.2634343437319474,0.4436363634571181,591.9166668333339,scip_default,1264.9999999999998,D:\git\git\RDMCT-A3C\cie\data\core\spbs\cie_core_n024_f018_m006_proc090.lp,43026.976699212886,6,0.40551672424983254,240.9999989999959,612.9999999999998,6194.000004000015,True,spbs_auto,D:\git\git\RDMCT-A3C\cie\results\spbs\cie_spbs_600s_mem2048_repro_v1\s4to6_both\solutions\cie_core_spbs__cie_core_n024_f018_m006_proc090__scip_default__solverseed_5__trainseed_-1__spbs_auto.sol,5,539.9436873999985,timelimit,cie_core_spbs,34.90909089498623,24,-1,checked active primary model at feasibility tolerance 1.000001e-06; removed 13 inactive auxiliaries,0.05333333331178433,auto
0.22388059691050335,0.45335820874376886,0.7621268653161721,0.3022388058291798,1,0.11660447755755389,2144.000001,0.010367577756833177,cie_core_n024_f018_m006_proc090.lp,0.1767723879772517,0.21828358198774087,408.7500000833333,scip_default,526.0,D:\git\git\RDMCT-A3C\cie\data\core\spbs\cie_core_n024_f018_m006_proc090.lp,3442.3912336036515,6,0.27985887092792905,65.99999899999898,76.0,2142.000002000002,True,spbs_auto,D:\git\git\RDMCT-A3C\cie\results\spbs\cie_spbs_600s_mem2048_repro_v1\s4to6_both\solutions\cie_core_spbs__cie_core_n024_f018_m006_proc090__scip_default__solverseed_6__trainseed_-1__spbs_auto.sol,6,539.7516098999986,timelimit,cie_core_spbs,40.29850744389062,24,-1,checked active primary model at feasibility tolerance 1.000001e-06; removed 13 inactive auxiliaries,0.06156716415038845,auto
0.0456490773137761,0.0924393815603966,0.16737995015051235,0.06847361597066415,1,0.02377556110092505,10514.9989495,3.698390951072371,cie_core_n024_f018_m006_proc100.lp,0.02853067332111006,0.03661436409542458,461.0833333333333,scip_default,949.0,D:\git\git\RDMCT-A3C\cie\data\core\spbs\cie_core_n024_f018_m006_proc100.lp,42611.50382712927,6,0.4685118867673158,0.0,288.0,2586.0,True,spbs_auto,D:\git\git\RDMCT-A3C\cie\results\spbs\cie_spbs_600s_mem2048_repro_v1\s4to6_both\solutions\cie_core_spbs__cie_core_n024_f018_m006_proc100__scip_default__solverseed_4__trainseed_-1__spbs_auto.sol,4,539.778665699996,timelimit,cie_core_spbs,8.216833916479699,24,-1,checked active primary model at feasibility tolerance 1.000001e-06; removed 13 inactive auxiliaries,0.012553496261288427,auto
0.19154030319571408,0.3878691139713207,0.7023144450509514,0.2873104547935709,1,0.09976057458110109,2506.000001,0.11476868327402136,cie_core_n024_f018_m006_proc100.lp,0.14724660808170528,0.1572226659388585,453.6666668333334,scip_default,854.9999999999991,D:\git\git\RDMCT-A3C\cie\data\core\spbs\cie_core_n024_f018_m006_proc100.lp,7764.401610843172,6,0.34832996818771617,143.99999899999796,266.0,2532.0000040000077,True,spbs_auto,D:\git\git\RDMCT-A3C\cie\results\spbs\cie_spbs_600s_mem2048_repro_v1\s4to6_both\solutions\cie_core_spbs__cie_core_n024_f018_m006_proc100__scip_default__solverseed_5__trainseed_-1__spbs_auto.sol,5,539.6942200000049,timelimit,cie_core_spbs,34.47725457522855,24,-1,checked active primary model at feasibility tolerance 1.000001e-06; removed 13 inactive auxiliaries,0.0526735833788214,auto
0.0456490773137761,0.0924393815603966,0.16737995015051235,0.06847361597066415,1,0.02377556110092505,10514.9989495,3.68582840842246,cie_core_n024_f018_m006_proc100.lp,0.02853067332111006,0.03566334165138758,461.9166666666667,scip_default,939.0,D:\git\git\RDMCT-A3C\cie\data\core\spbs\cie_core_n024_f018_m006_proc100.lp,42625.56234329803,6,0.4709859469693693,0.0,288.0,2606.0,True,spbs_auto,D:\git\git\RDMCT-A3C\cie\results\spbs\cie_spbs_600s_mem2048_repro_v1\s4to6_both\solutions\cie_core_spbs__cie_core_n024_f018_m006_proc100__scip_default__solverseed_6__trainseed_-1__spbs_auto.sol,6,539.7216985999985,timelimit,cie_core_spbs,8.216833916479699,24,-1,checked active primary model at feasibility tolerance 1.000001e-06; removed 13 inactive auxiliaries,0.012553496261288427,auto
0.2003338897327489,0.4056761267088163,0.787145241741592,0.330550918059035,1,0.10434056756914001,2396.000001,0.0,cie_core_n024_f018_m006_proc110.lp,0.2783806342744656,0.38564273773554103,581.0833335833332,scip_default,1406.000001,D:\git\git\RDMCT-A3C\cie\data\core\spbs\cie_core_n024_f018_m006_proc110.lp,9055.003881483924,6,0.4778399140445696,65.99999899999898,583.000001000001,5198.000006000004,True,spbs_auto,D:\git\git\RDMCT-A3C\cie\results\spbs\cie_spbs_600s_mem2048_repro_v1\s4to6_both\solutions\cie_core_spbs__cie_core_n024_f018_m006_proc110__scip_default__solverseed_4__trainseed_-1__spbs_auto.sol,4,120.28683509999973,optimal,cie_core_spbs,36.06010015189479,24,-1,checked active primary model at feasibility tolerance 1.000001e-06; removed 13 inactive auxiliaries,0.05509181967650554,auto
0.2003338897327489,0.4056761267088159,0.7871452417415922,0.3305509180590355,1,0.10434056756914001,2396.000001,0.0,cie_core_n024_f018_m006_proc110.lp,0.30968280412784527,0.43906510916566655,572.4166666666664,scip_default,936.0,D:\git\git\RDMCT-A3C\cie\data\core\spbs\cie_core_n024_f018_m006_proc110.lp,31270.371423337292,6,0.5044323814469858,65.99999900000194,302.9999989999999,4811.999999999996,True,spbs_auto,D:\git\git\RDMCT-A3C\cie\results\spbs\cie_spbs_600s_mem2048_repro_v1\s4to6_both\solutions\cie_core_spbs__cie_core_n024_f018_m006_proc110__scip_default__solverseed_5__trainseed_-1__spbs_auto.sol,5,465.6637661999994,optimal,cie_core_spbs,36.06010015189479,24,-1,checked active primary model at feasibility tolerance 1.000001e-06; removed 13 inactive auxiliaries,0.055091819676507246,auto
0.0456490773137761,0.0924393815603966,0.17936283294537858,0.07532097756773057,1,0.02377556110092505,10514.9989495,3.455508029025424,cie_core_n024_f018_m006_proc110.lp,0.02853067332111006,0.04174988529322439,486.5833333333333,scip_default,967.0,D:\git\git\RDMCT-A3C\cie\data\core\spbs\cie_core_n024_f018_m006_proc110.lp,42009.52804489004,6,0.47293265751095787,0.0,252.0,2730.0,True,spbs_auto,D:\git\git\RDMCT-A3C\cie\results\spbs\cie_spbs_600s_mem2048_repro_v1\s4to6_both\solutions\cie_core_spbs__cie_core_n024_f018_m006_proc110__scip_default__solverseed_6__trainseed_-1__spbs_auto.sol,6,539.2477207999982,timelimit,cie_core_spbs,8.216833916479699,24,-1,checked active primary model at feasibility tolerance 1.000001e-06; removed 13 inactive auxiliaries,0.012553496261288427,auto
0.060865436418368134,0.12325250874719547,0.20161675813584443,0.20161675813584443,2,0.0475511222018501,10514.9989495,3.373959629159734,cie_core_n032_f000_m032_proc090.lp,0.05839277806387193,0.06600095761616795,498.75,scip_default,525.5,D:\git\git\RDMCT-A3C\cie\data\core\spbs\cie_core_n032_f000_m032_proc090.lp,41868.11740131851,8,0.0,0.0,53.5,1752.0,True,spbs_auto,D:\git\git\RDMCT-A3C\cie\results\spbs\cie_spbs_600s_mem2048_repro_v1\s4to6_both\solutions\cie_core_spbs__cie_core_n032_f000_m032_proc090__scip_default__solverseed_4__trainseed_-1__spbs_auto.sol,4,539.8047918000011,timelimit,cie_core_spbs,10.955778555306264,32,-1,checked active primary model at feasibility tolerance 1.000001e-06; removed 13 inactive auxiliaries,0.012173087283673627,auto
0.060865436418368134,0.12325250874719547,0.20161675813584443,0.20161675813584443,2,0.0475511222018501,10514.9989495,3.373959629159734,cie_core_n032_f000_m032_proc090.lp,0.05839277806387193,0.06600095761616795,498.75,scip_default,525.5,D:\git\git\RDMCT-A3C\cie\data\core\spbs\cie_core_n032_f000_m032_proc090.lp,41860.680164054436,8,0.0,0.0,53.5,1752.0,True,spbs_auto,D:\git\git\RDMCT-A3C\cie\results\spbs\cie_spbs_600s_mem2048_repro_v1\s4to6_both\solutions\cie_core_spbs__cie_core_n032_f000_m032_proc090__scip_default__solverseed_5__trainseed_-1__spbs_auto.sol,5,539.7130437000014,timelimit,cie_core_spbs,10.955778555306264,32,-1,checked active primary model at feasibility tolerance 1.000001e-06; removed 13 inactive auxiliaries,0.012173087283673627,auto
0.060865436418368134,0.12325250874719547,0.20161675813584443,0.20161675813584443,2,0.0475511222018501,10514.9989495,3.373959629159734,cie_core_n032_f000_m032_proc090.lp,0.05839277806387193,0.06600095761616795,498.75,scip_default,525.5,D:\git\git\RDMCT-A3C\cie\data\core\spbs\cie_core_n032_f000_m032_proc090.lp,41866.51328974215,8,0.0,0.0,53.5,1752.0,True,spbs_auto,D:\git\git\RDMCT-A3C\cie\results\spbs\cie_spbs_600s_mem2048_repro_v1\s4to6_both\solutions\cie_core_spbs__cie_core_n032_f000_m032_proc090__scip_default__solverseed_6__trainseed_-1__spbs_auto.sol,6,539.7480553999922,timelimit,cie_core_spbs,10.955778555306264,32,-1,checked active primary model at feasibility tolerance 1.000001e-06; removed 13 inactive auxiliaries,0.012173087283673627,auto
0.060865436418368134,0.12325250874719547,0.21873516212851046,0.21873516212851046,2,0.0475511222018501,10514.9989495,3.069272038893189,cie_core_n032_f000_m032_proc100.lp,0.07417975063488616,0.07256301248002325,602.25,scip_default,1015.0,D:\git\git\RDMCT-A3C\cie\data\core\spbs\cie_core_n032_f000_m032_proc100.lp,40997.207715667566,8,0.16630408907046917,136.0,494.0,3448.0,True,spbs_auto,D:\git\git\RDMCT-A3C\cie\results\spbs\cie_spbs_600s_mem2048_repro_v1\s4to6_both\solutions\cie_core_spbs__cie_core_n032_f000_m032_proc100__scip_default__solverseed_4__trainseed_-1__spbs_auto.sol,4,539.7324133000002,timelimit,cie_core_spbs,10.955778555306264,32,-1,checked active primary model at feasibility tolerance 1.000001e-06; removed 13 inactive auxiliaries,0.012173087283673627,auto
0.060865436418368134,0.12325250874719547,0.21873516212851046,0.21873516212851046,2,0.0475511222018501,10514.9989495,3.1792523642686805,cie_core_n032_f000_m032_proc100.lp,0.07227770574681215,0.07446505736809726,602.25,scip_default,1015.0,D:\git\git\RDMCT-A3C\cie\data\core\spbs\cie_core_n032_f000_m032_proc100.lp,41296.53377054524,8,0.16630408907046917,136.0,494.0,3448.0,True,spbs_auto,D:\git\git\RDMCT-A3C\cie\results\spbs\cie_spbs_600s_mem2048_repro_v1\s4to6_both\solutions\cie_core_spbs__cie_core_n032_f000_m032_proc100__scip_default__solverseed_5__trainseed_-1__spbs_auto.sol,5,539.6976556000009,timelimit,cie_core_spbs,10.955778555306264,32,-1,checked active primary model at feasibility tolerance 1.000001e-06; removed 13 inactive auxiliaries,0.012173087283673627,auto
0.060865436418368134,0.12325250874719547,0.21873516212851046,0.21873516212851046,2,0.0475511222018501,10514.9989495,3.069272038893189,cie_core_n032_f000_m032_proc100.lp,0.07475036410130836,0.07199239901360105,602.25,scip_default,1110.0,D:\git\git\RDMCT-A3C\cie\data\core\spbs\cie_core_n032_f000_m032_proc100.lp,40956.86022040945,8,0.16630408907046917,136.0,494.0,3448.0,True,spbs_auto,D:\git\git\RDMCT-A3C\cie\results\spbs\cie_spbs_600s_mem2048_repro_v1\s4to6_both\solutions\cie_core_spbs__cie_core_n032_f000_m032_proc100__scip_default__solverseed_6__trainseed_-1__spbs_auto.sol,6,539.762945800001,timelimit,cie_core_spbs,10.955778555306264,32,-1,checked active primary model at feasibility tolerance 1.000001e-06; removed 13 inactive auxiliaries,0.012173087283673627,auto
0.060865436418368134,0.12325250874719547,0.2358535661211765,0.2358535661211765,2,0.0475511222018501,10514.9989495,2.88580892405765,cie_core_n032_f000_m032_proc110.lp,0.09348550624883731,0.05287684788845731,691.625,scip_default,1669.0,D:\git\git\RDMCT-A3C\cie\data\core\spbs\cie_core_n032_f000_m032_proc110.lp,40317.87785194946,6,0.014876510003659069,0.0,1049.0,5564.0,True,spbs_auto,D:\git\git\RDMCT-A3C\cie\results\spbs\cie_spbs_600s_mem2048_repro_v1\s4to6_both\solutions\cie_core_spbs__cie_core_n032_f000_m032_proc110__scip_default__solverseed_4__trainseed_-1__spbs_auto.sol,4,539.7599264000019,timelimit,cie_core_spbs,10.955778555306264,32,-1,checked active primary model at feasibility tolerance 1.000001e-06; removed 13 inactive auxiliaries,0.012173087283673627,auto
0.060865436418368134,0.12325250874719547,0.2358535661211765,0.2358535661211765,2,0.0475511222018501,10514.9989495,2.804268794681621,cie_core_n032_f000_m032_proc110.lp,0.08197813467598958,0.06438421946130504,691.625,scip_default,1669.0,D:\git\git\RDMCT-A3C\cie\data\core\spbs\cie_core_n032_f000_m032_proc110.lp,40024.496938160584,6,0.014876510003659069,0.0,1049.0,5564.0,True,spbs_auto,D:\git\git\RDMCT-A3C\cie\results\spbs\cie_spbs_600s_mem2048_repro_v1\s4to6_both\solutions\cie_core_spbs__cie_core_n032_f000_m032_proc110__scip_default__solverseed_5__trainseed_-1__spbs_auto.sol,5,539.7252474999987,timelimit,cie_core_spbs,10.955778555306264,32,-1,checked active primary model at feasibility tolerance 1.000001e-06; removed 13 inactive auxiliaries,0.012173087283673627,auto
0.060865436418368134,0.12325250874719547,0.2358535661211765,0.2358535661211765,2,0.0475511222018501,10514.9989495,2.804268794681621,cie_core_n032_f000_m032_proc110.lp,0.08806467831782638,0.05829767581946822,691.625,scip_default,1600.0,D:\git\git\RDMCT-A3C\cie\data\core\spbs\cie_core_n032_f000_m032_proc110.lp,40023.46983392093,6,0.014876510003659069,0.0,1049.0,5564.0,True,spbs_auto,D:\git\git\RDMCT-A3C\cie\results\spbs\cie_spbs_600s_mem2048_repro_v1\s4to6_both\solutions\cie_core_spbs__cie_core_n032_f000_m032_proc110__scip_default__solverseed_6__trainseed_-1__spbs_auto.sol,6,539.7502322,timelimit,cie_core_spbs,10.955778555306264,32,-1,checked active primary model at feasibility tolerance 1.000001e-06; removed 13 inactive auxiliaries,0.012173087283673627,auto
0.060865436418368134,0.12325250874719547,0.186210194542445,0.186210194542445,2,0.0475511222018501,10514.9989495,3.4668644641036535,cie_core_n032_f008_m024_proc090.lp,0.06291013467304768,0.08392773068626543,598.875,scip_default,2027.0,D:\git\git\RDMCT-A3C\cie\data\core\spbs\cie_core_n032_f008_m024_proc090.lp,42140.54820425315,4,0.0,0.0,1582.0,6284.0,True,spbs_auto,D:\git\git\RDMCT-A3C\cie\results\spbs\cie_spbs_600s_mem2048_repro_v1\s4to6_both\solutions\cie_core_spbs__cie_core_n032_f008_m024_proc090__scip_default__solverseed_4__trainseed_-1__spbs_auto.sol,4,539.7411601999993,timelimit,cie_core_spbs,10.955778555306264,32,-1,checked active primary model at feasibility tolerance 1.000001e-06; removed 13 inactive auxiliaries,0.01369472319413283,auto
0.060865436418368134,0.12325250874719547,0.186210194542445,0.186210194542445,2,0.0475511222018501,10514.9989495,3.323601541324013,cie_core_n032_f008_m024_proc090.lp,0.07165954115818811,0.07517832420112501,598.875,scip_default,2119.0,D:\git\git\RDMCT-A3C\cie\data\core\spbs\cie_core_n032_f008_m024_proc090.lp,41792.52374358904,4,0.0,0.0,1582.0,6284.0,True,spbs_auto,D:\git\git\RDMCT-A3C\cie\results\spbs\cie_spbs_600s_mem2048_repro_v1\s4to6_both\solutions\cie_core_spbs__cie_core_n032_f008_m024_proc090__scip_default__solverseed_5__trainseed_-1__spbs_auto.sol,5,539.6950873999958,timelimit,cie_core_spbs,10.955778555306264,32,-1,checked active primary model at feasibility tolerance 1.000001e-06; removed 13 inactive auxiliaries,0.01369472319413283,auto
0.060865436418368134,0.12325250874719547,0.186210194542445,0.186210194542445,2,0.0475511222018501,10514.9989495,3.3342947025968677,cie_core_n032_f008_m024_proc090.lp,0.07165954115818811,0.07517832420112501,598.875,scip_default,2119.0,D:\git\git\RDMCT-A3C\cie\data\core\spbs\cie_core_n032_f008_m024_proc090.lp,41779.76102238885,4,0.0,0.0,1582.0,6284.0,True,spbs_auto,D:\git\git\RDMCT-A3C\cie\results\spbs\cie_spbs_600s_mem2048_repro_v1\s4to6_both\solutions\cie_core_spbs__cie_core_n032_f008_m024_proc090__scip_default__solverseed_6__trainseed_-1__spbs_auto.sol,6,539.8650940000007,timelimit,cie_core_spbs,10.955778555306264,32,-1,checked active primary model at feasibility tolerance 1.000001e-06; removed 13 inactive auxiliaries,0.01369472319413283,auto
0.060865436418368134,0.12325250874719547,0.20161675813584443,0.20161675813584443,2,0.0475511222018501,10514.9989495,3.185907224721338,cie_core_n032_f008_m024_proc100.lp,0.09833572071342601,0.0469805087354279,752.4375,scip_default,2537.0,D:\git\git\RDMCT-A3C\cie\data\core\spbs\cie_core_n032_f008_m024_proc100.lp,41362.35727166131,6,0.0,0.0,2029.0,10190.0,True,spbs_auto,D:\git\git\RDMCT-A3C\cie\results\spbs\cie_spbs_600s_mem2048_repro_v1\s4to6_both\solutions\cie_core_spbs__cie_core_n032_f008_m024_proc100__scip_default__solverseed_4__trainseed_-1__spbs_auto.sol,4,539.6683988000004,timelimit,cie_core_spbs,10.955778555306264,32,-1,checked active primary model at feasibility tolerance 1.000001e-06; removed 13 inactive auxiliaries,0.01369472319413283,auto
0.060865436418368134,0.12325250874719547,0.20161675813584443,0.20161675813584443,2,0.0475511222018501,10514.9989495,3.172618630357143,cie_core_n032_f008_m024_proc100.lp,0.08806467831782638,0.05725155113102753,752.4375,scip_default,2537.0,D:\git\git\RDMCT-A3C\cie\data\core\spbs\cie_core_n032_f008_m024_proc100.lp,41302.82326665893,6,0.0,0.0,2029.0,10190.0,True,spbs_auto,D:\git\git\RDMCT-A3C\cie\results\spbs\cie_spbs_600s_mem2048_repro_v1\s4to6_both\solutions\cie_core_spbs__cie_core_n032_f008_m024_proc100__scip_default__solverseed_5__trainseed_-1__spbs_auto.sol,5,539.7617728999976,timelimit,cie_core_spbs,10.955778555306264,32,-1,checked active primary model at feasibility tolerance 1.000001e-06; removed 13 inactive auxiliaries,0.01369472319413283,auto
0.060865436418368134,0.12325250874719547,0.20161675813584443,0.20161675813584443,2,0.0475511222018501,10514.9989495,3.15941414102057,cie_core_n032_f008_m024_proc100.lp,0.08806467831782638,0.05725155113102753,752.4375,scip_default,2645.0,D:\git\git\RDMCT-A3C\cie\data\core\spbs\cie_core_n032_f008_m024_proc100.lp,41290.40291353863,6,0.0,0.0,2029.0,10190.0,True,spbs_auto,D:\git\git\RDMCT-A3C\cie\results\spbs\cie_spbs_600s_mem2048_repro_v1\s4to6_both\solutions\cie_core_spbs__cie_core_n032_f008_m024_proc100__scip_default__solverseed_6__trainseed_-1__spbs_auto.sol,6,539.7051734000052,timelimit,cie_core_spbs,10.955778555306264,32,-1,checked active primary model at feasibility tolerance 1.000001e-06; removed 13 inactive auxiliaries,0.01369472319413283,auto
0.060865436418368134,0.12325250874719547,0.21702332172924388,0.21702332172924388,2,0.0475511222018501,10514.9989495,2.812544941443075,cie_core_n032_f008_m024_proc110.lp,0.1273419052565546,0.1328578354319692,641.5625,scip_default,961.0,D:\git\git\RDMCT-A3C\cie\data\core\spbs\cie_core_n032_f008_m024_proc110.lp,40161.387108768286,8,0.060011318302864325,0.0,400.0,5460.0,True,spbs_auto,D:\git\git\RDMCT-A3C\cie\results\spbs\cie_spbs_600s_mem2048_repro_v1\s4to6_both\solutions\cie_core_spbs__cie_core_n032_f008_m024_proc110__scip_default__solverseed_4__trainseed_-1__spbs_auto.sol,4,539.8157843999943,timelimit,cie_core_spbs,10.955778555306264,32,-1,checked active primary model at feasibility tolerance 1.000001e-06; removed 13 inactive auxiliaries,0.01369472319413283,auto
0.060865436418368134,0.12325250874719547,0.21702332172924388,0.21702332172924388,2,0.0475511222018501,10514.9989495,2.9264372473861093,cie_core_n032_f008_m024_proc110.lp,0.16576321199564945,0.0944365286928743,641.5625,scip_default,1078.0,D:\git\git\RDMCT-A3C\cie\data\core\spbs\cie_core_n032_f008_m024_proc110.lp,40532.647250506765,8,0.060011318302864325,0.0,400.0,5460.0,True,spbs_auto,D:\git\git\RDMCT-A3C\cie\results\spbs\cie_spbs_600s_mem2048_repro_v1\s4to6_both\solutions\cie_core_spbs__cie_core_n032_f008_m024_proc110__scip_default__solverseed_5__trainseed_-1__spbs_auto.sol,5,539.7443363000057,timelimit,cie_core_spbs,10.955778555306264,32,-1,checked active primary model at feasibility tolerance 1.000001e-06; removed 13 inactive auxiliaries,0.01369472319413283,auto
0.060865436418368134,0.12325250874719547,0.21702332172924388,0.21702332172924388,2,0.0475511222018501,10514.9989495,2.8886830430843196,cie_core_n032_f008_m024_proc110.lp,0.15368522695637954,0.10651451373214423,641.5625,scip_default,1078.0,D:\git\git\RDMCT-A3C\cie\data\core\spbs\cie_core_n032_f008_m024_proc110.lp,40479.35875647172,8,0.060011318302864325,0.0,400.0,5460.0,True,spbs_auto,D:\git\git\RDMCT-A3C\cie\results\spbs\cie_spbs_600s_mem2048_repro_v1\s4to6_both\solutions\cie_core_spbs__cie_core_n032_f008_m024_proc110__scip_default__solverseed_6__trainseed_-1__spbs_auto.sol,6,539.7255621999939,timelimit,cie_core_spbs,10.955778555306264,32,-1,checked active primary model at feasibility tolerance 1.000001e-06; removed 13 inactive auxiliaries,0.01369472319413283,auto
0.060865436418368134,0.12325250874719547,0.17080363094904558,0.17080363094904558,2,0.0475511222018501,10514.9989495,3.5167521256443233,cie_core_n032_f016_m016_proc090.lp,0.07332383043525285,0.10936758106425523,594.3125,scip_default,1423.0,D:\git\git\RDMCT-A3C\cie\data\core\spbs\cie_core_n032_f016_m016_proc090.lp,42313.83478746164,6,0.8578211073664355,0.0,661.0,6778.0,True,spbs_auto,D:\git\git\RDMCT-A3C\cie\results\spbs\cie_spbs_600s_mem2048_repro_v1\s4to6_both\solutions\cie_core_spbs__cie_core_n032_f016_m016_proc090__scip_default__solverseed_4__trainseed_-1__spbs_auto.sol,4,539.789926700003,timelimit,cie_core_spbs,10.955778555306264,32,-1,checked active primary model at feasibility tolerance 1.000001e-06; removed 13 inactive auxiliaries,0.015216359104592033,auto
0.060865436418368134,0.12325250874719547,0.17080363094904558,0.17080363094904558,2,0.0475511222018501,10514.9989495,3.4993577015404296,cie_core_n032_f016_m016_proc090.lp,0.07332383043525285,0.10860676310902563,594.3125,scip_default,1423.0,D:\git\git\RDMCT-A3C\cie\data\core\spbs\cie_core_n032_f016_m016_proc090.lp,42299.9383331324,6,0.8626712076985685,0.0,661.0,6778.0,True,spbs_auto,D:\git\git\RDMCT-A3C\cie\results\spbs\cie_spbs_600s_mem2048_repro_v1\s4to6_both\solutions\cie_core_spbs__cie_core_n032_f016_m016_proc090__scip_default__solverseed_5__trainseed_-1__spbs_auto.sol,5,539.7293248999995,timelimit,cie_core_spbs,10.955778555306264,32,-1,checked active primary model at feasibility tolerance 1.000001e-06; removed 13 inactive auxiliaries,0.015216359104592033,auto
0.060865436418368134,0.12325250874719547,0.17080363094904558,0.17080363094904558,2,0.0475511222018501,10514.9989495,3.512875085193133,cie_core_n032_f016_m016_proc090.lp,0.07332383043525285,0.10860676310902563,594.3125,scip_default,1423.0,D:\git\git\RDMCT-A3C\cie\data\core\spbs\cie_core_n032_f016_m016_proc090.lp,42311.05922102509,6,0.8626712076985685,0.0,661.0,6778.0,True,spbs_auto,D:\git\git\RDMCT-A3C\cie\results\spbs\cie_spbs_600s_mem2048_repro_v1\s4to6_both\solutions\cie_core_spbs__cie_core_n032_f016_m016_proc090__scip_default__solverseed_6__trainseed_-1__spbs_auto.sol,6,539.5960398000025,timelimit,cie_core_spbs,10.955778555306264,32,-1,checked active primary model at feasibility tolerance 1.000001e-06; removed 13 inactive auxiliaries,0.015216359104592033,auto
0.060865436418368134,0.12325250874719547,0.1844983541431784,0.1844983541431784,2,0.0475511222018501,10514.9989495,3.1267656783751905,cie_core_n032_f016_m016_proc100.lp,0.06657157108259014,0.06657157108259014,555.4375,scip_default,1071.0,D:\git\git\RDMCT-A3C\cie\data\core\spbs\cie_core_n032_f016_m016_proc100.lp,41219.80230984535,8,0.49188079175186167,262.0,277.0,4530.0,True,spbs_auto,D:\git\git\RDMCT-A3C\cie\results\spbs\cie_spbs_600s_mem2048_repro_v1\s4to6_both\solutions\cie_core_spbs__cie_core_n032_f016_m016_proc100__scip_default__solverseed_4__trainseed_-1__spbs_auto.sol,4,539.7144050999996,timelimit,cie_core_spbs,10.955778555306264,32,-1,checked active primary model at feasibility tolerance 1.000001e-06; removed 13 inactive auxiliaries,0.015216359104592033,auto
0.060865436418368134,0.12325250874719547,0.1844983541431784,0.1844983541431784,2,0.0475511222018501,10514.9989495,3.2450540769075435,cie_core_n032_f016_m016_proc100.lp,0.06657157108259014,0.06657157108259014,555.4375,scip_default,1071.0,D:\git\git\RDMCT-A3C\cie\data\core\spbs\cie_core_n032_f016_m016_proc100.lp,41602.711407038834,8,0.49188079175186167,262.0,277.0,4530.0,True,spbs_auto,D:\git\git\RDMCT-A3C\cie\results\spbs\cie_spbs_600s_mem2048_repro_v1\s4to6_both\solutions\cie_core_spbs__cie_core_n032_f016_m016_proc100__scip_default__solverseed_5__trainseed_-1__spbs_auto.sol,5,539.7176715000023,timelimit,cie_core_spbs,10.955778555306264,32,-1,checked active primary model at feasibility tolerance 1.000001e-06; removed 13 inactive auxiliaries,0.015216359104592033,auto
0.060865436418368134,0.12325250874719547,0.1844983541431784,0.1844983541431784,2,0.0475511222018501,10514.9989495,3.1267656783751963,cie_core_n032_f016_m016_proc100.lp,0.06657157108259014,0.06657157108259014,555.4375,scip_default,1071.0,D:\git\git\RDMCT-A3C\cie\data\core\spbs\cie_core_n032_f016_m016_proc100.lp,41367.12775394165,8,0.49188079175186167,262.0,277.0,4530.0,True,spbs_auto,D:\git\git\RDMCT-A3C\cie\results\spbs\cie_spbs_600s_mem2048_repro_v1\s4to6_both\solutions\cie_core_spbs__cie_core_n032_f016_m016_proc100__scip_default__solverseed_6__trainseed_-1__spbs_auto.sol,6,539.6874585000041,timelimit,cie_core_spbs,10.955778555306264,32,-1,checked active primary model at feasibility tolerance 1.000001e-06; removed 13 inactive auxiliaries,0.015216359104592033,auto
0.060865436418368134,0.12325250874719547,0.19819307733731123,0.19819307733731123,2,0.0475511222018501,10514.9989495,3.00266423620099,cie_core_n032_f016_m016_proc110.lp,0.08801712719562454,0.07988588529910817,618.625,scip_default,1401.0,D:\git\git\RDMCT-A3C\cie\data\core\spbs\cie_core_n032_f016_m016_proc110.lp,40857.760563726195,8,0.33309109907122186,0.0,499.0,6116.0,True,spbs_auto,D:\git\git\RDMCT-A3C\cie\results\spbs\cie_spbs_600s_mem2048_repro_v1\s4to6_both\solutions\cie_core_spbs__cie_core_n032_f016_m016_proc110__scip_default__solverseed_4__trainseed_-1__spbs_auto.sol,4,539.6680545999989,timelimit,cie_core_spbs,10.955778555306264,32,-1,checked active primary model at feasibility tolerance 1.000001e-06; removed 13 inactive auxiliaries,0.015216359104592033,auto
0.060865436418368134,0.12325250874719547,0.19819307733731123,0.19819307733731123,2,0.0475511222018501,10514.9989495,3.0011411523972606,cie_core_n032_f016_m016_proc110.lp,0.09980980550168336,0.06809320699304934,618.625,scip_default,1401.0,D:\git\git\RDMCT-A3C\cie\data\core\spbs\cie_core_n032_f016_m016_proc110.lp,40858.800676663595,8,0.33309109907122186,0.0,499.0,6116.0,True,spbs_auto,D:\git\git\RDMCT-A3C\cie\results\spbs\cie_spbs_600s_mem2048_repro_v1\s4to6_both\solutions\cie_core_spbs__cie_core_n032_f016_m016_proc110__scip_default__solverseed_5__trainseed_-1__spbs_auto.sol,5,539.7111200999934,timelimit,cie_core_spbs,10.955778555306264,32,-1,checked active primary model at feasibility tolerance 1.000001e-06; removed 13 inactive auxiliaries,0.015216359104592033,auto
0.060865436418368134,0.12325250874719547,0.19819307733731123,0.19819307733731123,2,0.0475511222018501,10514.9989495,3.008768184712162,cie_core_n032_f016_m016_proc110.lp,0.08849263841764304,0.07941037407708967,618.625,scip_default,1401.0,D:\git\git\RDMCT-A3C\cie\data\core\spbs\cie_core_n032_f016_m016_proc110.lp,40846.36570616886,8,0.33309109907122186,0.0,499.0,6116.0,True,spbs_auto,D:\git\git\RDMCT-A3C\cie\results\spbs\cie_spbs_600s_mem2048_repro_v1\s4to6_both\solutions\cie_core_spbs__cie_core_n032_f016_m016_proc110__scip_default__solverseed_6__trainseed_-1__spbs_auto.sol,6,539.6371225999974,timelimit,cie_core_spbs,10.955778555306264,32,-1,checked active primary model at feasibility tolerance 1.000001e-06; removed 13 inactive auxiliaries,0.015216359104592033,auto
0.060865436418368134,0.12325250874719547,0.15539706735564612,0.15539706735564612,2,0.0475511222018501,10514.9989495,3.67125675188805,cie_core_n032_f024_m008_proc090.lp,0.06172135661800143,0.07313362594644546,452.625,scip_default,691.5,D:\git\git\RDMCT-A3C\cie\data\core\spbs\cie_core_n032_f024_m008_proc090.lp,42910.72406346512,4,0.37358490566037733,0.0,132.0,4260.0,True,spbs_auto,D:\git\git\RDMCT-A3C\cie\results\spbs\cie_spbs_600s_mem2048_repro_v1\s4to6_both\solutions\cie_core_spbs__cie_core_n032_f024_m008_proc090__scip_default__solverseed_4__trainseed_-1__spbs_auto.sol,4,539.7251829000015,timelimit,cie_core_spbs,10.955778555306264,32,-1,checked active primary model at feasibility tolerance 1.000001e-06; removed 13 inactive auxiliaries,0.016737995015051237,auto
0.060865436418368134,0.12325250874719547,0.15539706735564612,0.15539706735564612,2,0.0475511222018501,10514.9989495,3.563801626953125,cie_core_n032_f024_m008_proc090.lp,0.06172135661800143,0.07313362594644546,452.625,scip_default,691.5,D:\git\git\RDMCT-A3C\cie\data\core\spbs\cie_core_n032_f024_m008_proc090.lp,42679.29473394274,4,0.37358490566037733,0.0,132.0,4260.0,True,spbs_auto,D:\git\git\RDMCT-A3C\cie\results\spbs\cie_spbs_600s_mem2048_repro_v1\s4to6_both\solutions\cie_core_spbs__cie_core_n032_f024_m008_proc090__scip_default__solverseed_5__trainseed_-1__spbs_auto.sol,5,539.5307479999974,timelimit,cie_core_spbs,10.955778555306264,32,-1,checked active primary model at feasibility tolerance 1.000001e-06; removed 13 inactive auxiliaries,0.016737995015051237,auto
0.060865436418368134,0.12325250874719547,0.15539706735564612,0.15539706735564612,2,0.0475511222018501,10514.9989495,3.4106539213506712,cie_core_n032_f024_m008_proc090.lp,0.06172135661800143,0.07313362594644546,452.625,scip_default,691.5,D:\git\git\RDMCT-A3C\cie\data\core\spbs\cie_core_n032_f024_m008_proc090.lp,42243.000919876955,4,0.37358490566037733,0.0,132.0,4260.0,True,spbs_auto,D:\git\git\RDMCT-A3C\cie\results\spbs\cie_spbs_600s_mem2048_repro_v1\s4to6_both\solutions\cie_core_spbs__cie_core_n032_f024_m008_proc090__scip_default__solverseed_6__trainseed_-1__spbs_auto.sol,6,539.6729511999947,timelimit,cie_core_spbs,10.955778555306264,32,-1,checked active primary model at feasibility tolerance 1.000001e-06; removed 13 inactive auxiliaries,0.016737995015051237,auto
0.060865436418368134,0.12325250874719547,0.16737995015051235,0.16737995015051235,2,0.0475511222018501,10514.9989495,3.3236015413240003,cie_core_n032_f024_m008_proc100.lp,0.10123633916773887,0.117689027449579,587.25,scip_default,1204.0,D:\git\git\RDMCT-A3C\cie\data\core\spbs\cie_core_n032_f024_m008_proc100.lp,41900.66343094048,4,0.7361933563101336,0.0,640.0,7848.0,True,spbs_auto,D:\git\git\RDMCT-A3C\cie\results\spbs\cie_spbs_600s_mem2048_repro_v1\s4to6_both\solutions\cie_core_spbs__cie_core_n032_f024_m008_proc100__scip_default__solverseed_4__trainseed_-1__spbs_auto.sol,4,539.537762999993,timelimit,cie_core_spbs,10.955778555306264,32,-1,checked active primary model at feasibility tolerance 1.000001e-06; removed 13 inactive auxiliaries,0.016737995015051237,auto
0.060865436418368134,0.12325250874719547,0.16737995015051235,0.16737995015051235,2,0.0475511222018501,10514.9989495,3.320048869556286,cie_core_n032_f024_m008_proc100.lp,0.10123633916773887,0.117689027449579,587.25,scip_default,1204.0,D:\git\git\RDMCT-A3C\cie\data\core\spbs\cie_core_n032_f024_m008_proc100.lp,41909.777839171635,4,0.7361933563101336,0.0,640.0,7848.0,True,spbs_auto,D:\git\git\RDMCT-A3C\cie\results\spbs\cie_spbs_600s_mem2048_repro_v1\s4to6_both\solutions\cie_core_spbs__cie_core_n032_f024_m008_proc100__scip_default__solverseed_5__trainseed_-1__spbs_auto.sol,5,539.5843129000059,timelimit,cie_core_spbs,10.955778555306264,32,-1,checked active primary model at feasibility tolerance 1.000001e-06; removed 13 inactive auxiliaries,0.016737995015051237,auto
0.060865436418368134,0.12325250874719547,0.16737995015051235,0.16737995015051235,2,0.0475511222018501,10514.9989495,3.323601541324013,cie_core_n032_f024_m008_proc100.lp,0.10123633916773887,0.117689027449579,587.25,scip_default,1204.0,D:\git\git\RDMCT-A3C\cie\data\core\spbs\cie_core_n032_f024_m008_proc100.lp,41958.81952816916,4,0.7361933563101336,0.0,640.0,7848.0,True,spbs_auto,D:\git\git\RDMCT-A3C\cie\results\spbs\cie_spbs_600s_mem2048_repro_v1\s4to6_both\solutions\cie_core_spbs__cie_core_n032_f024_m008_proc100__scip_default__solverseed_6__trainseed_-1__spbs_auto.sol,6,539.4433893999885,timelimit,cie_core_spbs,10.955778555306264,32,-1,checked active primary model at feasibility tolerance 1.000001e-06; removed 13 inactive auxiliaries,0.016737995015051237,auto
0.060865436418368134,0.12325250874719547,0.17936283294537858,0.17936283294537858,2,0.0475511222018501,10514.9989495,3.1170708490602976,cie_core_n032_f024_m008_proc110.lp,0.11260105737398104,0.0925344838048003,827.8125,scip_default,2405.0,D:\git\git\RDMCT-A3C\cie\data\core\spbs\cie_core_n032_f024_m008_proc110.lp,41309.0123562286,4,1.1738227511478865,0.0,1678.0,14826.0,True,spbs_auto,D:\git\git\RDMCT-A3C\cie\results\spbs\cie_spbs_600s_mem2048_repro_v1\s4to6_both\solutions\cie_core_spbs__cie_core_n032_f024_m008_proc110__scip_default__solverseed_4__trainseed_-1__spbs_auto.sol,4,539.5255841000035,timelimit,cie_core_spbs,10.955778555306264,32,-1,checked active primary model at feasibility tolerance 1.000001e-06; removed 13 inactive auxiliaries,0.016737995015051237,auto
0.060865436418368134,0.12325250874719547,0.17936283294537858,0.17936283294537858,2,0.0475511222018501,10514.9989495,3.1170708490602976,cie_core_n032_f024_m008_proc110.lp,0.11260105737398104,0.0925344838048003,827.8125,scip_default,2405.0,D:\git\git\RDMCT-A3C\cie\data\core\spbs\cie_core_n032_f024_m008_proc110.lp,41259.45382599481,4,1.1738227511478865,0.0,1678.0,14826.0,True,spbs_auto,D:\git\git\RDMCT-A3C\cie\results\spbs\cie_spbs_600s_mem2048_repro_v1\s4to6_both\solutions\cie_core_spbs__cie_core_n032_f024_m008_proc110__scip_default__solverseed_5__trainseed_-1__spbs_auto.sol,5,539.6393158999999,timelimit,cie_core_spbs,10.955778555306264,32,-1,checked active primary model at feasibility tolerance 1.000001e-06; removed 13 inactive auxiliaries,0.016737995015051237,auto
0.060865436418368134,0.12325250874719547,0.17936283294537858,0.17936283294537858,2,0.0475511222018501,10514.9989495,3.107421464257807,cie_core_n032_f024_m008_proc110.lp,0.06809320699304934,0.137042334185732,827.8125,scip_default,2405.0,D:\git\git\RDMCT-A3C\cie\data\core\spbs\cie_core_n032_f024_m008_proc110.lp,41263.87889757191,4,1.1738227511478865,0.0,1678.0,14826.0,True,spbs_auto,D:\git\git\RDMCT-A3C\cie\results\spbs\cie_spbs_600s_mem2048_repro_v1\s4to6_both\solutions\cie_core_spbs__cie_core_n032_f024_m008_proc110__scip_default__solverseed_6__trainseed_-1__spbs_auto.sol,6,539.5882293000031,timelimit,cie_core_spbs,10.955778555306264,32,-1,checked active primary model at feasibility tolerance 1.000001e-06; removed 13 inactive auxiliaries,0.016737995015051237,auto
0.22408963554049022,0.45378151196949273,0.6806722679542405,0.6806722679542405,0,0.0,714.000001,0.0,cie_core_n008_f000_m008_proc090.lp,0.1400560222128067,0.1680672266553694,472.0000000000007,scip_default,472.000000000001,D:\git\git\RDMCT-A3C\cie\data\core\spbs\cie_core_n008_f000_m008_proc090.lp,0.0,4,2.694599047438369e-15,1.0516032489249483e-12,28.0,224.00000000000375,True,spbs_none,D:\git\git\RDMCT-A3C\cie\results\spbs\cie_spbs_600s_mem2048_repro_v1\s4to6_both\solutions\cie_core_spbs__cie_core_n008_f000_m008_proc090__scip_default__solverseed_4__trainseed_-1__spbs_none.sol,4,0.2948149999938323,optimal,cie_core_spbs,40.336134397288326,8,-1,checked active primary model at feasibility tolerance 1.000001e-06; removed 13 inactive auxiliaries,0.04481792710809862,none
0.2240896355404903,0.45378151196949307,0.6806722679542405,0.6806722679542405,0,0.0,714.000001,0.0,cie_core_n008_f000_m008_proc090.lp,0.1400560222128067,0.16806722525480738,471.99999949999983,scip_default,472.0,D:\git\git\RDMCT-A3C\cie\data\core\spbs\cie_core_n008_f000_m008_proc090.lp,100.0,4,2.608510249705391e-09,9.999999974752427e-07,28.000000000000004,223.99999999999972,True,spbs_none,D:\git\git\RDMCT-A3C\cie\results\spbs\cie_spbs_600s_mem2048_repro_v1\s4to6_both\solutions\cie_core_spbs__cie_core_n008_f000_m008_proc090__scip_default__solverseed_5__trainseed_-1__spbs_none.sol,5,0.3981394000002183,optimal,cie_core_spbs,40.336134397288326,8,-1,checked active primary model at feasibility tolerance 1.000001e-06; removed 13 inactive auxiliaries,0.04481792710809814,none
0.22408963554049022,0.4537815119694929,0.6806722679542405,0.6806722679542405,0,0.0,714.000001,0.0,cie_core_n008_f000_m008_proc090.lp,0.14005602221280383,0.1680672266553694,471.99999999999966,scip_default,472.0,D:\git\git\RDMCT-A3C\cie\data\core\spbs\cie_core_n008_f000_m008_proc090.lp,0.0,4,7.413832043888439e-17,2.842170943040401e-14,28.0,224.0000000000017,True,spbs_none,D:\git\git\RDMCT-A3C\cie\results\spbs\cie_spbs_600s_mem2048_repro_v1\s4to6_both\solutions\cie_core_spbs__cie_core_n008_f000_m008_proc090__scip_default__solverseed_6__trainseed_-1__spbs_none.sol,6,0.358115999995789,optimal,cie_core_spbs,40.336134397288326,8,-1,checked active primary model at feasibility tolerance 1.000001e-06; removed 13 inactive auxiliaries,0.04481792710809862,none
0.2083333330620656,0.42187499945068285,0.7031249990844728,0.7031249990844727,0,0.0,768.000001,0.0,cie_core_n008_f000_m008_proc100.lp,0.13020833316379124,0.15624999979655077,508.00000000000017,scip_default,508.000000000001,D:\git\git\RDMCT-A3C\cie\data\core\spbs\cie_core_n008_f000_m008_proc100.lp,100.0,4,6.688565865681961e-17,2.842170943040401e-14,28.0,224.00000000000176,True,spbs_none,D:\git\git\RDMCT-A3C\cie\results\spbs\cie_spbs_600s_mem2048_repro_v1\s4to6_both\solutions\cie_core_spbs__cie_core_n008_f000_m008_proc100__scip_default__solverseed_4__trainseed_-1__spbs_none.sol,4,0.47702140000183135,optimal,cie_core_spbs,37.49999995117187,8,-1,checked active primary model at feasibility tolerance 1.000001e-06; removed 13 inactive auxiliaries,0.04166666661241364,none
0.20833333306206597,0.4218749994506836,0.7031249990844727,0.7031249990844727,0,0.0,768.000001,0.0,cie_core_n008_f000_m008_proc100.lp,0.13020833316379124,0.1562499997965491,508.0,scip_default,508.0,D:\git\git\RDMCT-A3C\cie\data\core\spbs\cie_core_n008_f000_m008_proc100.lp,0.0,4,0.0,0.0,28.0,224.0,True,spbs_none,D:\git\git\RDMCT-A3C\cie\results\spbs\cie_spbs_600s_mem2048_repro_v1\s4to6_both\solutions\cie_core_spbs__cie_core_n008_f000_m008_proc100__scip_default__solverseed_5__trainseed_-1__spbs_none.sol,5,0.35203929999261163,optimal,cie_core_spbs,37.49999995117187,8,-1,checked active primary model at feasibility tolerance 1.000001e-06; removed 13 inactive auxiliaries,0.04166666661241364,none
0.2083333330620656,0.42187499945068285,0.7031249990844728,0.7031249990844727,0,0.0,768.000001,0.0,cie_core_n008_f000_m008_proc100.lp,0.13020833316379124,0.15624999979654894,507.99999999999966,scip_default,508.0,D:\git\git\RDMCT-A3C\cie\data\core\spbs\cie_core_n008_f000_m008_proc100.lp,100.0,4,7.723290606088045e-17,5.684341886080802e-14,28.0,223.99999999999972,True,spbs_none,D:\git\git\RDMCT-A3C\cie\results\spbs\cie_spbs_600s_mem2048_repro_v1\s4to6_both\solutions\cie_core_spbs__cie_core_n008_f000_m008_proc100__scip_default__solverseed_6__trainseed_-1__spbs_none.sol,6,0.46204510000825394,optimal,cie_core_spbs,37.49999995117187,8,-1,checked active primary model at feasibility tolerance 1.000001e-06; removed 13 inactive auxiliaries,0.04166666661241275,none
0.19464720170967453,0.39416058346209104,0.7226277363471684,0.7226277363471683,0,0.0,822.000001,0.0,cie_core_n008_f000_m008_proc110.lp,0.12165450106854683,0.14598540128225745,544.0000000000002,scip_default,544.000000000001,D:\git\git\RDMCT-A3C\cie\data\core\spbs\cie_core_n008_f000_m008_proc110.lp,0.0,4,6.092555045967727e-17,2.842170943040401e-14,28.0,224.0000000000017,True,spbs_none,D:\git\git\RDMCT-A3C\cie\results\spbs\cie_spbs_600s_mem2048_repro_v1\s4to6_both\solutions\cie_core_spbs__cie_core_n008_f000_m008_proc110__scip_default__solverseed_4__trainseed_-1__spbs_none.sol,4,0.4237862000009045,optimal,cie_core_spbs,35.03649630774149,8,-1,checked active primary model at feasibility tolerance 1.000001e-06; removed 13 inactive auxiliaries,0.0389294403419354,none
0.1946472017096746,0.3941605834620912,0.7226277363471683,0.722627736347168,0,0.0,822.000001,0.0,cie_core_n008_f000_m008_proc110.lp,0.12165450106854683,0.14598540006571245,543.9999995000002,scip_default,544.0,D:\git\git\RDMCT-A3C\cie\data\core\spbs\cie_core_n008_f000_m008_proc110.lp,0.0,4,2.1436250410112384e-09,9.999989742937032e-07,28.0,223.99999999999972,True,spbs_none,D:\git\git\RDMCT-A3C\cie\results\spbs\cie_spbs_600s_mem2048_repro_v1\s4to6_both\solutions\cie_core_spbs__cie_core_n008_f000_m008_proc110__scip_default__solverseed_5__trainseed_-1__spbs_none.sol,5,0.43190039999899454,optimal,cie_core_spbs,35.03649630774149,8,-1,checked active primary model at feasibility tolerance 1.000001e-06; removed 13 inactive auxiliaries,0.03892944034193527,none
0.19464720170967453,0.39416058346209104,0.7226277363471684,0.7226277363471683,0,0.0,822.000001,0.0,cie_core_n008_f000_m008_proc110.lp,0.1216545010685456,0.14598540128225745,543.9999999999999,scip_default,544.000000000001,D:\git\git\RDMCT-A3C\cie\data\core\spbs\cie_core_n008_f000_m008_proc110.lp,0.0,4,6.092555045967727e-17,2.842170943040401e-14,28.0,224.0000000000017,True,spbs_none,D:\git\git\RDMCT-A3C\cie\results\spbs\cie_spbs_600s_mem2048_repro_v1\s4to6_both\solutions\cie_core_spbs__cie_core_n008_f000_m008_proc110__scip_default__solverseed_6__trainseed_-1__spbs_none.sol,6,0.3773810000056983,optimal,cie_core_spbs,35.03649630774149,8,-1,checked active primary model at feasibility tolerance 1.000001e-06; removed 13 inactive auxiliaries,0.0389294403419354,none
0.19323671474246773,0.391304347353497,0.7826086947069942,0.3913043473534972,0,0.0,828.000001,0.0,cie_core_n008_f002_m006_proc090.lp,0.23309178715810172,0.18115941886333492,465.24999975000014,scip_default,494.0,D:\git\git\RDMCT-A3C\cie\data\core\spbs\cie_core_n008_f002_m006_proc090.lp,0.0,4,0.0,0.0,93.0,502.0,True,spbs_none,D:\git\git\RDMCT-A3C\cie\results\spbs\cie_spbs_600s_mem2048_repro_v1\s4to6_both\solutions\cie_core_spbs__cie_core_n008_f002_m006_proc090__scip_default__solverseed_4__trainseed_-1__spbs_none.sol,4,0.36532330000045476,optimal,cie_core_spbs,34.78260865364419,8,-1,checked active primary model at feasibility tolerance 1.000001e-06; removed 13 inactive auxiliaries,0.053140096554178624,none
0.19323671474246773,0.3913043473534969,0.7826086947069943,0.3913043473534972,0,0.0,828.000001,0.0,cie_core_n008_f002_m006_proc090.lp,0.23309178715810047,0.18115942007106595,465.2500000000002,scip_default,494.000000000001,D:\git\git\RDMCT-A3C\cie\data\core\spbs\cie_core_n008_f002_m006_proc090.lp,100.0,4,0.0,0.0,92.99999999999898,502.00000000000205,True,spbs_none,D:\git\git\RDMCT-A3C\cie\results\spbs\cie_spbs_600s_mem2048_repro_v1\s4to6_both\solutions\cie_core_spbs__cie_core_n008_f002_m006_proc090__scip_default__solverseed_5__trainseed_-1__spbs_none.sol,5,0.3190303000010317,optimal,cie_core_spbs,34.78260865364419,8,-1,checked active primary model at feasibility tolerance 1.000001e-06; removed 13 inactive auxiliaries,0.05314009655417904,none
0.19323671474246773,0.3913043473534972,0.7826086947069943,0.3913043473534972,0,0.0,828.000001,0.0,cie_core_n008_f002_m006_proc090.lp,0.14130434765542954,0.1545893717939742,440.7499995,scip_default,479.999999,D:\git\git\RDMCT-A3C\cie\data\core\spbs\cie_core_n008_f002_m006_proc090.lp,0.0,4,2.839786268358103e-09,9.999999974752427e-07,28.0,306.0,True,spbs_none,D:\git\git\RDMCT-A3C\cie\results\spbs\cie_spbs_600s_mem2048_repro_v1\s4to6_both\solutions\cie_core_spbs__cie_core_n008_f002_m006_proc090__scip_default__solverseed_6__trainseed_-1__spbs_none.sol,6,0.41582430000562454,optimal,cie_core_spbs,34.78260865364419,8,-1,checked active primary model at feasibility tolerance 1.000001e-06; removed 13 inactive auxiliaries,0.053140096554178624,none
0.1777777775802469,0.3599999995999999,0.799999999111111,0.39999999955555554,0,0.0,900.000001,0.0,cie_core_n008_f002_m006_proc100.lp,0.21444444420617284,0.18666666645925895,501.24999975000014,scip_default,548.0,D:\git\git\RDMCT-A3C\cie\data\core\spbs\cie_core_n008_f002_m006_proc100.lp,100.0,4,2.56197846805673e-09,0.0,93.0,538.0,True,spbs_none,D:\git\git\RDMCT-A3C\cie\results\spbs\cie_spbs_600s_mem2048_repro_v1\s4to6_both\solutions\cie_core_spbs__cie_core_n008_f002_m006_proc100__scip_default__solverseed_4__trainseed_-1__spbs_none.sol,4,0.5721265000029234,optimal,cie_core_spbs,31.999999964444445,8,-1,checked active primary model at feasibility tolerance 1.000001e-06; removed 13 inactive auxiliaries,0.0488888888345679,none
0.1777777775802469,0.35999999959999973,0.7999999991111111,0.39999999955555554,0,0.0,900.000001,0.0,cie_core_n008_f002_m006_proc100.lp,0.18499999979444445,0.20722222199197532,499.25,scip_default,574.5,D:\git\git\RDMCT-A3C\cie\data\core\spbs\cie_core_n008_f002_m006_proc100.lp,0.0,6,0.0,0.0,66.5,522.0,True,spbs_none,D:\git\git\RDMCT-A3C\cie\results\spbs\cie_spbs_600s_mem2048_repro_v1\s4to6_both\solutions\cie_core_spbs__cie_core_n008_f002_m006_proc100__scip_default__solverseed_5__trainseed_-1__spbs_none.sol,5,0.5090782999905059,optimal,cie_core_spbs,31.999999964444445,8,-1,checked active primary model at feasibility tolerance 1.000001e-06; removed 13 inactive auxiliaries,0.04888888883456828,none
0.1777777775802469,0.3599999995999991,0.7999999991111112,0.39999999955555554,0,0.0,900.000001,0.0,cie_core_n008_f002_m006_proc100.lp,0.21444444420617284,0.18666666645925925,501.2499999999998,scip_default,548.0,D:\git\git\RDMCT-A3C\cie\data\core\spbs\cie_core_n008_f002_m006_proc100.lp,100.0,4,0.0,0.0,93.0,538.0,True,spbs_none,D:\git\git\RDMCT-A3C\cie\results\spbs\cie_spbs_600s_mem2048_repro_v1\s4to6_both\solutions\cie_core_spbs__cie_core_n008_f002_m006_proc100__scip_default__solverseed_6__trainseed_-1__spbs_none.sol,6,0.5766611999933957,optimal,cie_core_spbs,31.999999964444445,8,-1,checked active primary model at feasibility tolerance 1.000001e-06; removed 13 inactive auxiliaries,0.048888888834567525,none
0.16460905332859152,0.3333333329903977,0.8148148139765279,0.407407406988264,0,0.0,972.000001,0.0,cie_core_n008_f002_m006_proc110.lp,0.1985596705776135,0.19135802449448733,537.2499997500001,scip_default,602.0,D:\git\git\RDMCT-A3C\cie\data\core\spbs\cie_core_n008_f002_m006_proc110.lp,0.0,4,2.3336833566650495e-09,0.0,93.0,574.0,True,spbs_none,D:\git\git\RDMCT-A3C\cie\results\spbs\cie_spbs_600s_mem2048_repro_v1\s4to6_both\solutions\cie_core_spbs__cie_core_n008_f002_m006_proc110__scip_default__solverseed_4__trainseed_-1__spbs_none.sol,4,0.3839202999952249,optimal,cie_core_spbs,29.629629599146472,8,-1,checked active primary model at feasibility tolerance 1.000001e-06; removed 13 inactive auxiliaries,0.04526748966536266,none
0.16460905332859152,0.3333333329903977,0.8148148139765279,0.407407406988264,0,0.0,972.000001,0.0,cie_core_n008_f002_m006_proc110.lp,0.18004115207814697,0.2098765429939539,568.7499999999999,scip_default,678.0,D:\git\git\RDMCT-A3C\cie\data\core\spbs\cie_core_n008_f002_m006_proc110.lp,100.0,4,0.15759564624685518,0.0,76.0,674.0,True,spbs_none,D:\git\git\RDMCT-A3C\cie\results\spbs\cie_spbs_600s_mem2048_repro_v1\s4to6_both\solutions\cie_core_spbs__cie_core_n008_f002_m006_proc110__scip_default__solverseed_5__trainseed_-1__spbs_none.sol,5,0.2689389000006486,optimal,cie_core_spbs,29.629629599146472,8,-1,checked active primary model at feasibility tolerance 1.000001e-06; removed 13 inactive auxiliaries,0.04526748966536266,none
0.16460905332859152,0.3333333329903976,0.814814813976528,0.407407406988264,0,0.0,972.000001,0.0,cie_core_n008_f002_m006_proc110.lp,0.12037037024653253,0.1316872426628732,503.75,scip_default,552.0,D:\git\git\RDMCT-A3C\cie\data\core\spbs\cie_core_n008_f002_m006_proc110.lp,0.0,4,0.0,0.0,28.0,306.0,True,spbs_none,D:\git\git\RDMCT-A3C\cie\results\spbs\cie_spbs_600s_mem2048_repro_v1\s4to6_both\solutions\cie_core_spbs__cie_core_n008_f002_m006_proc110__scip_default__solverseed_6__trainseed_-1__spbs_none.sol,6,0.46199889999843435,optimal,cie_core_spbs,29.629629599146472,8,-1,checked active primary model at feasibility tolerance 1.000001e-06; removed 13 inactive auxiliaries,0.045267489665363016,none
0.20512820486521988,0.41538461485207057,0.6230769222781064,0.415384614852071,0,0.0,780.000001,0.0,cie_core_n008_f004_m004_proc090.lp,0.12820512804076264,0.1628205126117682,424.24999999999983,scip_default,479.0,D:\git\git\RDMCT-A3C\cie\data\core\spbs\cie_core_n008_f004_m004_proc090.lp,0.0,6,0.0,0,76.0,505.9999999999997,True,spbs_none,D:\git\git\RDMCT-A3C\cie\results\spbs\cie_spbs_600s_mem2048_repro_v1\s4to6_both\solutions\cie_core_spbs__cie_core_n008_f004_m004_proc090__scip_default__solverseed_4__trainseed_-1__spbs_none.sol,4,0.2360389999957988,optimal,cie_core_spbs,36.923076875739646,8,-1,checked active primary model at feasibility tolerance 1.000001e-06; removed 13 inactive auxiliaries,0.05128205121630506,none
0.20512820486522063,0.41538461485207145,0.6230769222781064,0.415384614852071,0,0.0,780.000001,0.0,cie_core_n008_f004_m004_proc090.lp,0.12820512675871137,0.16282051261176897,424.24999975000014,scip_default,479.0,D:\git\git\RDMCT-A3C\cie\data\core\spbs\cie_core_n008_f004_m004_proc090.lp,100.0,6,0.0,0,76.0,506.0000000000003,True,spbs_none,D:\git\git\RDMCT-A3C\cie\results\spbs\cie_spbs_600s_mem2048_repro_v1\s4to6_both\solutions\cie_core_spbs__cie_core_n008_f004_m004_proc090__scip_default__solverseed_5__trainseed_-1__spbs_none.sol,5,0.28473339999618474,optimal,cie_core_spbs,36.923076875739646,8,-1,checked active primary model at feasibility tolerance 1.000001e-06; removed 13 inactive auxiliaries,0.05128205121630506,none
0.20512820486522024,0.4153846148520608,0.6230769222781065,0.41538461485207107,0,0.0,780.000001,0.0,cie_core_n008_f004_m004_proc090.lp,0.12820512804077155,0.16282051261176858,424.2499999999998,scip_default,479.00000000000006,D:\git\git\RDMCT-A3C\cie\data\core\spbs\cie_core_n008_f004_m004_proc090.lp,0.0,6,2.568226755759398e-16,0,76.00000000000001,506.0000000000139,True,spbs_none,D:\git\git\RDMCT-A3C\cie\results\spbs\cie_spbs_600s_mem2048_repro_v1\s4to6_both\solutions\cie_core_spbs__cie_core_n008_f004_m004_proc090__scip_default__solverseed_6__trainseed_-1__spbs_none.sol,6,0.5161837000050582,optimal,cie_core_spbs,36.923076875739646,8,-1,checked active primary model at feasibility tolerance 1.000001e-06; removed 13 inactive auxiliaries,0.05128205121630506,none
0.19184652255174306,0.3884892081672794,0.6474820136121319,0.43165467574142125,0,0.0,834.000001,0.0,cie_core_n008_f004_m004_proc100.lp,0.11990407659483923,0.1522781772754462,451.25000000000017,scip_default,515.0,D:\git\git\RDMCT-A3C\cie\data\core\spbs\cie_core_n008_f004_m004_proc100.lp,100.0,6,0.0,0,75.99999999999999,506.0000000000003,True,spbs_none,D:\git\git\RDMCT-A3C\cie\results\spbs\cie_spbs_600s_mem2048_repro_v1\s4to6_both\solutions\cie_core_spbs__cie_core_n008_f004_m004_proc100__scip_default__solverseed_4__trainseed_-1__spbs_none.sol,4,0.3240813000011258,optimal,cie_core_spbs,34.5323740593137,8,-1,checked active primary model at feasibility tolerance 1.000001e-06; removed 13 inactive auxiliaries,0.047961630637935695,none
0.19184652255174306,0.3884892081672791,0.6474820136121319,0.43165467574142125,0,0.0,834.000001,0.0,cie_core_n008_f004_m004_proc100.lp,0.11990407659483923,0.15227817727544582,451.25000000000006,scip_default,515.0,D:\git\git\RDMCT-A3C\cie\data\core\spbs\cie_core_n008_f004_m004_proc100.lp,0.0,6,0.0,0,76.0,506.0000000000002,True,spbs_none,D:\git\git\RDMCT-A3C\cie\results\spbs\cie_spbs_600s_mem2048_repro_v1\s4to6_both\solutions\cie_core_spbs__cie_core_n008_f004_m004_proc100__scip_default__solverseed_5__trainseed_-1__spbs_none.sol,5,0.30778270000155317,optimal,cie_core_spbs,34.5323740593137,8,-1,checked active primary model at feasibility tolerance 1.000001e-06; removed 13 inactive auxiliaries,0.047961630637935966,none
0.19184652255174278,0.3884892081672779,0.647482013612132,0.43165467574142125,0,0.0,834.000001,0.0,cie_core_n008_f004_m004_proc100.lp,0.11990407659483923,0.15227817727544582,451.2499999999998,scip_default,515.0,D:\git\git\RDMCT-A3C\cie\data\core\spbs\cie_core_n008_f004_m004_proc100.lp,0.0,6,7.723290606088045e-17,0,76.0,506.0,True,spbs_none,D:\git\git\RDMCT-A3C\cie\results\spbs\cie_spbs_600s_mem2048_repro_v1\s4to6_both\solutions\cie_core_spbs__cie_core_n008_f004_m004_proc100__scip_default__solverseed_6__trainseed_-1__spbs_none.sol,6,0.4389087999952608,optimal,cie_core_spbs,34.5323740593137,8,-1,checked active primary model at feasibility tolerance 1.000001e-06; removed 13 inactive auxiliaries,0.047961630637935695,none
0.18018017997727484,0.36486486445398125,0.6689189181656319,0.44594594544375454,0,0.0,888.000001,0.0,cie_core_n008_f004_m004_proc110.lp,0.11261261248579661,0.14301801785696205,478.25000000000017,scip_default,551.0,D:\git\git\RDMCT-A3C\cie\data\core\spbs\cie_core_n008_f004_m004_proc110.lp,0.0,6,0.0,0,75.99999999999999,506.0000000000003,True,spbs_none,D:\git\git\RDMCT-A3C\cie\results\spbs\cie_spbs_600s_mem2048_repro_v1\s4to6_both\solutions\cie_core_spbs__cie_core_n008_f004_m004_proc110__scip_default__solverseed_4__trainseed_-1__spbs_none.sol,4,0.4618620999972336,optimal,cie_core_spbs,32.43243239590942,8,-1,checked active primary model at feasibility tolerance 1.000001e-06; removed 13 inactive auxiliaries,0.04504504499431864,none
0.1801801799772742,0.36486486445398064,0.6689189181656318,0.44594594544375454,0,0.0,888.000001,0.0,cie_core_n008_f004_m004_proc110.lp,0.11261261248579661,0.14301801785696136,478.24999999999983,scip_default,551.0,D:\git\git\RDMCT-A3C\cie\data\core\spbs\cie_core_n008_f004_m004_proc110.lp,0.0,6,0.0,0,76.0,505.9999999999997,True,spbs_none,D:\git\git\RDMCT-A3C\cie\results\spbs\cie_spbs_600s_mem2048_repro_v1\s4to6_both\solutions\cie_core_spbs__cie_core_n008_f004_m004_proc110__scip_default__solverseed_5__trainseed_-1__spbs_none.sol,5,0.3774806000001263,optimal,cie_core_spbs,32.43243239590942,8,-1,checked active primary model at feasibility tolerance 1.000001e-06; removed 13 inactive auxiliaries,0.04504504499431864,none
0.18018017997727484,0.36486486445398103,0.6689189181656319,0.44594594544375454,0,0.0,888.000001,0.0,cie_core_n008_f004_m004_proc110.lp,0.11261261248579661,0.14301801673083442,478.24999999999983,scip_default,551.0,D:\git\git\RDMCT-A3C\cie\data\core\spbs\cie_core_n008_f004_m004_proc110.lp,0.0,6,2.4752500450037862e-09,0,76.0,505.99999799999824,True,spbs_none,D:\git\git\RDMCT-A3C\cie\results\spbs\cie_spbs_600s_mem2048_repro_v1\s4to6_both\solutions\cie_core_spbs__cie_core_n008_f004_m004_proc110__scip_default__solverseed_6__trainseed_-1__spbs_none.sol,6,0.47314149999874644,optimal,cie_core_spbs,32.43243239590942,8,-1,checked active primary model at feasibility tolerance 1.000001e-06; removed 13 inactive auxiliaries,0.04504504499431903,none
0.2051282048652204,0.4153846148520712,0.6230769222781064,0.2076923074260355,0,0.0,780.000001,0.0,cie_core_n008_f006_m002_proc090.lp,0.15769230749013807,0.1628205126117687,392.50000000000006,scip_default,479.0,D:\git\git\RDMCT-A3C\cie\data\core\spbs\cie_core_n008_f006_m002_proc090.lp,0.0,6,0.0,0,76.0,584.0000000000001,True,spbs_none,D:\git\git\RDMCT-A3C\cie\results\spbs\cie_spbs_600s_mem2048_repro_v1\s4to6_both\solutions\cie_core_spbs__cie_core_n008_f006_m002_proc090__scip_default__solverseed_4__trainseed_-1__spbs_none.sol,4,0.40288320000399835,optimal,cie_core_spbs,36.923076875739646,8,-1,checked active primary model at feasibility tolerance 1.000001e-06; removed 13 inactive auxiliaries,0.05641025633793557,none
0.20512820486522024,0.415384614852071,0.6230769222781065,0.2076923074260355,0,0.0,780.000001,0.0,cie_core_n008_f006_m002_proc090.lp,0.15769230749013807,0.16282051261176858,392.5,scip_default,479.0,D:\git\git\RDMCT-A3C\cie\data\core\spbs\cie_core_n008_f006_m002_proc090.lp,100.0,6,0.0,0,75.99999999999999,584.0,True,spbs_none,D:\git\git\RDMCT-A3C\cie\results\spbs\cie_spbs_600s_mem2048_repro_v1\s4to6_both\solutions\cie_core_spbs__cie_core_n008_f006_m002_proc090__scip_default__solverseed_5__trainseed_-1__spbs_none.sol,5,0.36324949999834644,optimal,cie_core_spbs,36.923076875739646,8,-1,checked active primary model at feasibility tolerance 1.000001e-06; removed 13 inactive auxiliaries,0.05641025633793557,none
0.20512820486521988,0.41538461485207057,0.6230769222781064,0.2076923074260355,0,0.0,780.000001,0.0,cie_core_n008_f006_m002_proc090.lp,0.12820512804076264,0.1628205126117682,407.49999974999986,scip_default,479.0,D:\git\git\RDMCT-A3C\cie\data\core\spbs\cie_core_n008_f006_m002_proc090.lp,0.0,6,0.0,0,90.999999,703.9999979999997,True,spbs_none,D:\git\git\RDMCT-A3C\cie\results\spbs\cie_spbs_600s_mem2048_repro_v1\s4to6_both\solutions\cie_core_spbs__cie_core_n008_f006_m002_proc090__scip_default__solverseed_6__trainseed_-1__spbs_none.sol,6,0.5085290000060922,optimal,cie_core_spbs,36.923076875739646,8,-1,checked active primary model at feasibility tolerance 1.000001e-06; removed 13 inactive auxiliaries,0.05641025633793557,none
0.19184652255174278,0.3884892081672791,0.6474820136121319,0.21582733787071062,0,0.0,834.000001,0.0,cie_core_n008_f006_m002_proc100.lp,0.11990407659483923,0.15227817727544582,430.0,scip_default,515.0,D:\git\git\RDMCT-A3C\cie\data\core\spbs\cie_core_n008_f006_m002_proc100.lp,100.0,6,0.0,0,91.0,704.0,True,spbs_none,D:\git\git\RDMCT-A3C\cie\results\spbs\cie_spbs_600s_mem2048_repro_v1\s4to6_both\solutions\cie_core_spbs__cie_core_n008_f006_m002_proc100__scip_default__solverseed_4__trainseed_-1__spbs_none.sol,4,0.597065299996757,optimal,cie_core_spbs,34.5323740593137,8,-1,checked active primary model at feasibility tolerance 1.000001e-06; removed 13 inactive auxiliaries,0.05275779370172926,none
0.19184652255174306,0.3884892081672794,0.6474820136121319,0.21582733787071062,0,0.0,834.000001,0.0,cie_core_n008_f006_m002_proc100.lp,0.14748201421165227,0.1522781772754462,415.00000000000017,scip_default,515.0,D:\git\git\RDMCT-A3C\cie\data\core\spbs\cie_core_n008_f006_m002_proc100.lp,3.117505995203837,6,0.0,0,75.99999999999999,584.0000000000002,True,spbs_none,D:\git\git\RDMCT-A3C\cie\results\spbs\cie_spbs_600s_mem2048_repro_v1\s4to6_both\solutions\cie_core_spbs__cie_core_n008_f006_m002_proc100__scip_default__solverseed_5__trainseed_-1__spbs_none.sol,5,0.5801046999986283,optimal,cie_core_spbs,34.5323740593137,8,-1,checked active primary model at feasibility tolerance 1.000001e-06; removed 13 inactive auxiliaries,0.05275779370172926,none
0.19184652255174237,0.3884892081672787,0.6474820136121318,0.21582733787071062,0,0.0,834.000001,0.0,cie_core_n008_f006_m002_proc100.lp,0.14748201421165227,0.1522781772754455,414.99999999999983,scip_default,515.0,D:\git\git\RDMCT-A3C\cie\data\core\spbs\cie_core_n008_f006_m002_proc100.lp,0.0,6,0.0,0,76.0,583.9999999999997,True,spbs_none,D:\git\git\RDMCT-A3C\cie\results\spbs\cie_spbs_600s_mem2048_repro_v1\s4to6_both\solutions\cie_core_spbs__cie_core_n008_f006_m002_proc100__scip_default__solverseed_6__trainseed_-1__spbs_none.sol,6,0.36115129999961937,optimal,cie_core_spbs,34.5323740593137,8,-1,checked active primary model at feasibility tolerance 1.000001e-06; removed 13 inactive auxiliaries,0.05275779370172926,none
0.18018017997727456,0.36486486445398103,0.6689189181656319,0.22297297272187727,0,0.0,888.000001,0.0,cie_core_n008_f006_m002_proc110.lp,0.13851351335752982,0.1430180178569617,437.5,scip_default,551.0,D:\git\git\RDMCT-A3C\cie\data\core\spbs\cie_core_n008_f006_m002_proc110.lp,100.0,6,0.0,0,75.99999999999999,584.0,True,spbs_none,D:\git\git\RDMCT-A3C\cie\results\spbs\cie_spbs_600s_mem2048_repro_v1\s4to6_both\solutions\cie_core_spbs__cie_core_n008_f006_m002_proc110__scip_default__solverseed_4__trainseed_-1__spbs_none.sol,4,0.6224051999961375,optimal,cie_core_spbs,32.43243239590942,8,-1,checked active primary model at feasibility tolerance 1.000001e-06; removed 13 inactive auxiliaries,0.049549549493750504,none
0.18018017997727406,0.36486486445398075,0.6689189181656319,0.22297297272187727,0,0.0,888.000001,0.0,cie_core_n008_f006_m002_proc110.lp,0.13851351335752982,0.14301801785696125,437.49999999999983,scip_default,551.0,D:\git\git\RDMCT-A3C\cie\data\core\spbs\cie_core_n008_f006_m002_proc110.lp,0.0,6,0.0,0,75.99999999999999,583.9999999999995,True,spbs_none,D:\git\git\RDMCT-A3C\cie\results\spbs\cie_spbs_600s_mem2048_repro_v1\s4to6_both\solutions\cie_core_spbs__cie_core_n008_f006_m002_proc110__scip_default__solverseed_5__trainseed_-1__spbs_none.sol,5,0.30914750000374625,optimal,cie_core_spbs,32.43243239590942,8,-1,checked active primary model at feasibility tolerance 1.000001e-06; removed 13 inactive auxiliaries,0.049549549493750504,none
0.18018017997727456,0.36486486445398103,0.6689189181656319,0.22297297272187727,0,0.0,888.000001,0.0,cie_core_n008_f006_m002_proc110.lp,0.11261261248579661,0.1430180178569617,431.75,scip_default,551.0,D:\git\git\RDMCT-A3C\cie\data\core\spbs\cie_core_n008_f006_m002_proc110.lp,0.0,4,0.0,0,76.0,538.0,True,spbs_none,D:\git\git\RDMCT-A3C\cie\results\spbs\cie_spbs_600s_mem2048_repro_v1\s4to6_both\solutions\cie_core_spbs__cie_core_n008_f006_m002_proc110__scip_default__solverseed_6__trainseed_-1__spbs_none.sol,6,0.35055849999480415,optimal,cie_core_spbs,32.43243239590942,8,-1,checked active primary model at feasibility tolerance 1.000001e-06; removed 13 inactive auxiliaries,0.049549549493750504,none
0.30592734196374033,0.6195028674765742,0.7743785843457182,0.7743785843457183,0,0.0,1046.000001,0.0,cie_core_n016_f000_m016_proc090.lp,0.22944550551678167,0.25956023063139644,480.93750006249996,scip_default,487.4999995,D:\git\git\RDMCT-A3C\cie\data\core\spbs\cie_core_n016_f000_m016_proc090.lp,2000.0,4,0.0,0.0,28.000000000000057,591.0000009999998,True,spbs_none,D:\git\git\RDMCT-A3C\cie\results\spbs\cie_spbs_600s_mem2048_repro_v1\s4to6_both\solutions\cie_core_spbs__cie_core_n016_f000_m016_proc090__scip_default__solverseed_4__trainseed_-1__spbs_none.sol,4,20.339283900000737,optimal,cie_core_spbs,55.0669215534733,16,-1,checked active primary model at feasibility tolerance 1.000001e-06; removed 13 inactive auxiliaries,0.04588910129456119,none
0.30592734196374033,0.619502867476574,0.7743785843457183,0.7743785843457182,0,0.0,1046.000001,0.0,cie_core_n016_f000_m016_proc090.lp,0.22944550551678167,0.25956023063139744,480.93750006249985,scip_default,487.4999995,D:\git\git\RDMCT-A3C\cie\data\core\spbs\cie_core_n016_f000_m016_proc090.lp,1700.0,4,2.0473231525512915e-15,2.0747847884194925e-12,28.000000000000057,591.0000010000018,True,spbs_none,D:\git\git\RDMCT-A3C\cie\results\spbs\cie_spbs_600s_mem2048_repro_v1\s4to6_both\solutions\cie_core_spbs__cie_core_n016_f000_m016_proc090__scip_default__solverseed_5__trainseed_-1__spbs_none.sol,5,16.94677200001024,optimal,cie_core_spbs,55.0669215534733,16,-1,checked active primary model at feasibility tolerance 1.000001e-06; removed 13 inactive auxiliaries,0.04588910129456163,none
0.30592734196374033,0.6195028674765745,0.7743785843457183,0.7743785843457182,0,0.0,1046.000001,0.0,cie_core_n016_f000_m016_proc090.lp,0.22944550551678167,0.25956023063139644,480.93750006249996,scip_default,487.4999995,D:\git\git\RDMCT-A3C\cie\data\core\spbs\cie_core_n016_f000_m016_proc090.lp,2800.0,4,0.0,0.0,28.000000000000057,591.0000009999998,True,spbs_none,D:\git\git\RDMCT-A3C\cie\results\spbs\cie_spbs_600s_mem2048_repro_v1\s4to6_both\solutions\cie_core_spbs__cie_core_n016_f000_m016_proc090__scip_default__solverseed_6__trainseed_-1__spbs_none.sol,6,28.300035399995977,optimal,cie_core_spbs,55.0669215534733,16,-1,checked active primary model at feasibility tolerance 1.000001e-06; removed 13 inactive auxiliaries,0.045889101294560974,none
0.2816901405971035,0.5704225347091354,0.7922535204293533,0.7922535204293543,0,0.0,1136.000001,0.0,cie_core_n016_f000_m016_proc100.lp,0.2249119703125783,0.2354753532258133,518.375,scip_default,532.4999995000006,D:\git\git\RDMCT-A3C\cie\data\core\spbs\cie_core_n016_f000_m016_proc100.lp,2900.0,4,5.108476561697571e-17,2.842170943040401e-14,28.000000000000004,614.0000019999976,True,spbs_none,D:\git\git\RDMCT-A3C\cie\results\spbs\cie_spbs_600s_mem2048_repro_v1\s4to6_both\solutions\cie_core_spbs__cie_core_n016_f000_m016_proc100__scip_default__solverseed_4__trainseed_-1__spbs_none.sol,4,28.99479170000268,optimal,cie_core_spbs,50.70422530747867,16,-1,checked active primary model at feasibility tolerance 1.000001e-06; removed 13 inactive auxiliaries,0.04225352108956556,none
0.2816901405971034,0.5704225347091348,0.7922535204293543,0.7922535204293543,0,0.0,1136.000001,0.0,cie_core_n016_f000_m016_proc100.lp,0.22491197031257754,0.23547535410609535,518.3750001249999,scip_default,532.4999995,D:\git\git\RDMCT-A3C\cie\data\core\spbs\cie_core_n016_f000_m016_proc100.lp,2500.0,4,0.0,0.0,28.0,614.0000019999997,True,spbs_none,D:\git\git\RDMCT-A3C\cie\results\spbs\cie_spbs_600s_mem2048_repro_v1\s4to6_both\solutions\cie_core_spbs__cie_core_n016_f000_m016_proc100__scip_default__solverseed_5__trainseed_-1__spbs_none.sol,5,24.723582700004044,optimal,cie_core_spbs,50.70422530747867,16,-1,checked active primary model at feasibility tolerance 1.000001e-06; removed 13 inactive auxiliaries,0.04225352108956556,none
0.2816901405971034,0.5704225347091348,0.7922535204293543,0.7922535204293543,0,0.0,1136.000001,0.0,cie_core_n016_f000_m016_proc100.lp,0.2249119703125705,0.23547535410610257,518.3750001249999,scip_default,532.4999995,D:\git\git\RDMCT-A3C\cie\data\core\spbs\cie_core_n016_f000_m016_proc100.lp,2600.0,4,0.0,0.0,28.0,614.0000019999997,True,spbs_none,D:\git\git\RDMCT-A3C\cie\results\spbs\cie_spbs_600s_mem2048_repro_v1\s4to6_both\solutions\cie_core_spbs__cie_core_n016_f000_m016_proc100__scip_default__solverseed_6__trainseed_-1__spbs_none.sol,6,25.976698300000862,optimal,cie_core_spbs,50.70422530747867,16,-1,checked active primary model at feasibility tolerance 1.000001e-06; removed 13 inactive auxiliaries,0.04225352108956556,none
0.2610114190366958,0.5285481235493084,0.8075040776447756,0.8075040776447764,0,0.0,1226.000001,0.0,cie_core_n016_f000_m016_proc110.lp,0.21574224982402507,0.22553018130054878,556.6250001249999,scip_default,577.4999995,D:\git\git\RDMCT-A3C\cie\data\core\spbs\cie_core_n016_f000_m016_proc110.lp,2700.0,4,4.653265778972045e-17,2.842170943040401e-14,33.499999499999944,650.0000020000025,True,spbs_none,D:\git\git\RDMCT-A3C\cie\results\spbs\cie_spbs_600s_mem2048_repro_v1\s4to6_both\solutions\cie_core_spbs__cie_core_n016_f000_m016_proc110__scip_default__solverseed_4__trainseed_-1__spbs_none.sol,4,26.335009700000228,optimal,cie_core_spbs,46.98205542660517,16,-1,checked active primary model at feasibility tolerance 1.000001e-06; removed 13 inactive auxiliaries,0.03915171285550449,none
0.2610114190366952,0.528548123549308,0.8075040776447765,0.8075040776447764,0,0.0,1226.000001,0.0,cie_core_n016_f000_m016_proc110.lp,0.21574224982402673,0.22553018130054794,556.6250001249998,scip_default,577.4999995,D:\git\git\RDMCT-A3C\cie\data\core\spbs\cie_core_n016_f000_m016_proc110.lp,2500.0,4,1.682453679819378e-15,2.0747847884194925e-12,33.49999950000006,650.0000020000017,True,spbs_none,D:\git\git\RDMCT-A3C\cie\results\spbs\cie_spbs_600s_mem2048_repro_v1\s4to6_both\solutions\cie_core_spbs__cie_core_n016_f000_m016_proc110__scip_default__solverseed_5__trainseed_-1__spbs_none.sol,5,25.625226600001042,optimal,cie_core_spbs,46.98205542660517,16,-1,checked active primary model at feasibility tolerance 1.000001e-06; removed 13 inactive auxiliaries,0.03915171285550431,none
0.2610114190366951,0.528548123549308,0.8075040776447765,0.8075040776447764,0,0.0,1226.000001,0.0,cie_core_n016_f000_m016_proc110.lp,0.21574224982402107,0.22553018130055277,556.625000125,scip_default,577.4999995,D:\git\git\RDMCT-A3C\cie\data\core\spbs\cie_core_n016_f000_m016_proc110.lp,11000.0,4,0.0,0.0,33.49999950000006,650.0000019999997,True,spbs_none,D:\git\git\RDMCT-A3C\cie\results\spbs\cie_spbs_600s_mem2048_repro_v1\s4to6_both\solutions\cie_core_spbs__cie_core_n016_f000_m016_proc110__scip_default__solverseed_6__trainseed_-1__spbs_none.sol,6,109.65814479999972,optimal,cie_core_spbs,46.98205542660517,16,-1,checked active primary model at feasibility tolerance 1.000001e-06; removed 13 inactive auxiliaries,0.03915171285550431,none
0.2877697839138765,0.5827338124255855,0.7284172655319969,0.5827338124255991,0,0.0,1112.000001,0.0,cie_core_n016_f004_m012_proc090.lp,0.35251798529449374,0.25629496379829586,476.8749999999982,scip_default,622.999999999992,D:\git\git\RDMCT-A3C\cie\data\core\spbs\cie_core_n016_f004_m012_proc090.lp,800.0,4,1.276162135002614e-16,5.684341886080802e-14,183.00000000000006,1190.0000000000007,True,spbs_none,D:\git\git\RDMCT-A3C\cie\results\spbs\cie_spbs_600s_mem2048_repro_v1\s4to6_both\solutions\cie_core_spbs__cie_core_n016_f004_m012_proc090__scip_default__solverseed_4__trainseed_-1__spbs_none.sol,4,8.223710300000675,optimal,cie_core_spbs,51.79856110449769,16,-1,checked active primary model at feasibility tolerance 1.000001e-06; removed 13 inactive auxiliaries,0.05035971218492872,none
0.2877697839138765,0.5827338124255991,0.7284172655319989,0.5827338124255991,0,0.0,1112.000001,0.0,cie_core_n016_f004_m012_proc090.lp,0.28417266071567204,0.2508992830477524,466.62500037500007,scip_default,539.0,D:\git\git\RDMCT-A3C\cie\data\core\spbs\cie_core_n016_f004_m012_proc090.lp,712.9807692307693,4,0.0,0.0,98.999999,1026.0000060000004,True,spbs_none,D:\git\git\RDMCT-A3C\cie\results\spbs\cie_spbs_600s_mem2048_repro_v1\s4to6_both\solutions\cie_core_spbs__cie_core_n016_f004_m012_proc090__scip_default__solverseed_5__trainseed_-1__spbs_none.sol,5,7.69564939999691,optimal,cie_core_spbs,51.79856110449769,16,-1,checked active primary model at feasibility tolerance 1.000001e-06; removed 13 inactive auxiliaries,0.05035971218492872,none
0.28776978391387575,0.5827338124255989,0.7284172655319989,0.582733812425599,0,0.0,1112.000001,0.0,cie_core_n016_f004_m012_proc090.lp,0.3588129493176142,0.2499999997751796,476.87499999999994,scip_default,622.9999999999997,D:\git\git\RDMCT-A3C\cie\data\core\spbs\cie_core_n016_f004_m012_proc090.lp,2200.0,4,0.0,0.0,183.0,1189.9999999999998,True,spbs_none,D:\git\git\RDMCT-A3C\cie\results\spbs\cie_spbs_600s_mem2048_repro_v1\s4to6_both\solutions\cie_core_spbs__cie_core_n016_f004_m012_proc090__scip_default__solverseed_6__trainseed_-1__spbs_none.sol,6,22.364815799999633,optimal,cie_core_spbs,51.79856110449769,16,-1,checked active primary model at feasibility tolerance 1.000001e-06; removed 13 inactive auxiliaries,0.05035971218492831,none
0.2662229615089655,0.5391014970556556,0.7487520792439658,0.5990016633951725,0,0.0,1202.000001,0.0,cie_core_n016_f004_m012_proc100.lp,0.3760399331314135,0.2171381029807499,512.8749999999995,scip_default,658.9999999999995,D:\git\git\RDMCT-A3C\cie\data\core\spbs\cie_core_n016_f004_m012_proc100.lp,2600.0,4,0.0,0.0,201.0,1261.9999999999995,True,spbs_none,D:\git\git\RDMCT-A3C\cie\results\spbs\cie_spbs_600s_mem2048_repro_v1\s4to6_both\solutions\cie_core_spbs__cie_core_n016_f004_m012_proc100__scip_default__solverseed_4__trainseed_-1__spbs_none.sol,4,26.364245100005064,optimal,cie_core_spbs,47.92013307161386,16,-1,checked active primary model at feasibility tolerance 1.000001e-06; removed 13 inactive auxiliaries,0.04658901826406903,none
0.2662229615089663,0.5391014970556564,0.7487520792439658,0.5990016633951725,0,0.0,1202.000001,0.0,cie_core_n016_f004_m012_proc100.lp,0.3410981694333617,0.2520798666788024,512.8749999999998,scip_default,659.0000000000005,D:\git\git\RDMCT-A3C\cie\data\core\spbs\cie_core_n016_f004_m012_proc100.lp,21444.5179134056,4,0.0,0.0,201.0,1262.0000000000005,True,spbs_none,D:\git\git\RDMCT-A3C\cie\results\spbs\cie_spbs_600s_mem2048_repro_v1\s4to6_both\solutions\cie_core_spbs__cie_core_n016_f004_m012_proc100__scip_default__solverseed_5__trainseed_-1__spbs_none.sol,5,217.49200740000379,optimal,cie_core_spbs,47.92013307161386,16,-1,checked active primary model at feasibility tolerance 1.000001e-06; removed 13 inactive auxiliaries,0.04658901826406903,none
0.2662229615089663,0.5391014970556564,0.7487520792439658,0.5990016633951725,0,0.0,1202.000001,0.0,cie_core_n016_f004_m012_proc100.lp,0.3410981694333617,0.2520798666788024,512.8749999999998,scip_default,659.0000000000005,D:\git\git\RDMCT-A3C\cie\data\core\spbs\cie_core_n016_f004_m012_proc100.lp,2710.773899848255,4,0.0,0.0,201.0,1262.0000000000005,True,spbs_none,D:\git\git\RDMCT-A3C\cie\results\spbs\cie_spbs_600s_mem2048_repro_v1\s4to6_both\solutions\cie_core_spbs__cie_core_n016_f004_m012_proc100__scip_default__solverseed_6__trainseed_-1__spbs_none.sol,6,28.43573560000368,optimal,cie_core_spbs,47.92013307161386,16,-1,checked active primary model at feasibility tolerance 1.000001e-06; removed 13 inactive auxiliaries,0.04658901826406903,none
0.24767801838414977,0.5015479872278972,0.7662538693759637,0.6130030955007707,0,0.0,1292.000001,0.0,cie_core_n016_f004_m012_proc110.lp,0.28482972114177263,0.23142414997569336,538.6250003750022,scip_default,613.00000100001,D:\git\git\RDMCT-A3C\cie\data\core\spbs\cie_core_n016_f004_m012_proc110.lp,4400.0,4,1.677963678498488e-15,9.094947017729282e-13,98.99999899999,1170.0000060000596,True,spbs_none,D:\git\git\RDMCT-A3C\cie\results\spbs\cie_spbs_600s_mem2048_repro_v1\s4to6_both\solutions\cie_core_spbs__cie_core_n016_f004_m012_proc110__scip_default__solverseed_4__trainseed_-1__spbs_none.sol,4,43.802260299999034,optimal,cie_core_spbs,44.582043309147025,16,-1,checked active primary model at feasibility tolerance 1.000001e-06; removed 13 inactive auxiliaries,0.04334365321722592,none
0.24767801838415046,0.501547987227904,0.7662538693759646,0.6130030955007716,0,0.0,1292.000001,0.0,cie_core_n016_f004_m012_proc110.lp,0.24458204238035444,0.27167182873709605,538.6250003750001,scip_default,596.0000010000001,D:\git\git\RDMCT-A3C\cie\data\core\spbs\cie_core_n016_f004_m012_proc110.lp,1601.702786377709,4,2.0974545981231085e-16,1.1368683772161603e-13,98.999999,1170.0000060000004,True,spbs_none,D:\git\git\RDMCT-A3C\cie\results\spbs\cie_spbs_600s_mem2048_repro_v1\s4to6_both\solutions\cie_core_spbs__cie_core_n016_f004_m012_proc110__scip_default__solverseed_5__trainseed_-1__spbs_none.sol,5,16.427029200000106,optimal,cie_core_spbs,44.582043309147025,16,-1,checked active primary model at feasibility tolerance 1.000001e-06; removed 13 inactive auxiliaries,0.04334365321722662,none
0.24767801838415046,0.501547987227904,0.7662538693759644,0.6130030955007716,0,0.0,1292.000001,0.0,cie_core_n016_f004_m012_proc110.lp,0.33668730624095405,0.2430340555394473,548.8750000000001,scip_default,695.0,D:\git\git\RDMCT-A3C\cie\data\core\spbs\cie_core_n016_f004_m012_proc110.lp,3100.0,4,0.0,0.0,219.0,1334.0000000000005,True,spbs_none,D:\git\git\RDMCT-A3C\cie\results\spbs\cie_spbs_600s_mem2048_repro_v1\s4to6_both\solutions\cie_core_spbs__cie_core_n016_f004_m012_proc110__scip_default__solverseed_6__trainseed_-1__spbs_none.sol,6,31.47654770000372,optimal,cie_core_spbs,44.582043309147025,16,-1,checked active primary model at feasibility tolerance 1.000001e-06; removed 13 inactive auxiliaries,0.04334365321722662,none
0.29143897969814264,0.5901639329779915,0.5901639338887397,0.5901639338887394,0,0.0,1098.000001,0.0,cie_core_n016_f008_m008_proc090.lp,0.2723132957447065,0.29781420828978455,446.49999962500016,scip_default,538.999999000001,D:\git\git\RDMCT-A3C\cie\data\core\spbs\cie_core_n016_f008_m008_proc090.lp,2100.0,4,2.6689795357998343e-15,1.0231815394945443e-12,98.99999900000103,1367.9999960000039,True,spbs_none,D:\git\git\RDMCT-A3C\cie\results\spbs\cie_spbs_600s_mem2048_repro_v1\s4to6_both\solutions\cie_core_spbs__cie_core_n016_f008_m008_proc090__scip_default__solverseed_4__trainseed_-1__spbs_none.sol,4,21.38834090000455,optimal,cie_core_spbs,52.45901634566574,16,-1,checked active primary model at feasibility tolerance 1.000001e-06; removed 13 inactive auxiliaries,0.058287795939628594,none
0.2914389796981432,0.5901639338887396,0.5901639338887387,0.5901639338887384,0,0.0,1098.000001,0.0,cie_core_n016_f008_m008_proc090.lp,0.28779599154116947,0.3041894377921781,466.3750005000003,scip_default,560.000001000001,D:\git\git\RDMCT-A3C\cie\data\core\spbs\cie_core_n016_f008_m008_proc090.lp,1702.367941712204,4,0.10236875903869976,6.9999990000000025,98.999999,1536.000006000004,True,spbs_none,D:\git\git\RDMCT-A3C\cie\results\spbs\cie_spbs_600s_mem2048_repro_v1\s4to6_both\solutions\cie_core_spbs__cie_core_n016_f008_m008_proc090__scip_default__solverseed_5__trainseed_-1__spbs_none.sol,5,18.800038499990478,optimal,cie_core_spbs,52.45901634566574,16,-1,checked active primary model at feasibility tolerance 1.000001e-06; removed 13 inactive auxiliaries,0.0582877959396288,none
0.29143897969814275,0.5901639338887383,0.5901639338887396,0.5901639338887396,0,0.0,1098.000001,0.0,cie_core_n016_f008_m008_proc090.lp,0.2030965389771434,0.285063751106499,435.8749993750001,scip_default,531.999998000001,D:\git\git\RDMCT-A3C\cie\data\core\spbs\cie_core_n016_f008_m008_proc090.lp,2107.103825136612,4,0.0030030000090195573,1.0231815394945443e-12,84.0,1193.9999960000018,True,spbs_none,D:\git\git\RDMCT-A3C\cie\results\spbs\cie_spbs_600s_mem2048_repro_v1\s4to6_both\solutions\cie_core_spbs__cie_core_n016_f008_m008_proc090__scip_default__solverseed_6__trainseed_-1__spbs_none.sol,6,21.32488660000672,optimal,cie_core_spbs,52.45901634566574,16,-1,checked active primary model at feasibility tolerance 1.000001e-06; removed 13 inactive auxiliaries,0.058287795939628594,none
0.27350427327050914,0.553846153372781,0.6153846148586456,0.6153846148586457,0,0.0,1170.000001,0.0,cie_core_n016_f008_m008_proc100.lp,0.2555555544824311,0.2820512835196143,473.12500025,scip_default,557.0,D:\git\git\RDMCT-A3C\cie\data\core\spbs\cie_core_n016_f008_m008_proc100.lp,4640.34188034188,4,0.0,0.0,98.999999,1362.000004,True,spbs_none,D:\git\git\RDMCT-A3C\cie\results\spbs\cie_spbs_600s_mem2048_repro_v1\s4to6_both\solutions\cie_core_spbs__cie_core_n016_f008_m008_proc100__scip_default__solverseed_4__trainseed_-1__spbs_none.sol,4,48.66536559999804,optimal,cie_core_spbs,49.230769188691646,16,-1,checked active primary model at feasibility tolerance 1.000001e-06; removed 13 inactive auxiliaries,0.05470085465410183,none
0.273504273270509,0.5538461533727801,0.6153846148586457,0.6153846148586465,0,0.0,1170.000001,0.0,cie_core_n016_f008_m008_proc100.lp,0.2555555544824303,0.27094017241800156,474.75000025000026,scip_default,557.0,D:\git\git\RDMCT-A3C\cie\data\core\spbs\cie_core_n016_f008_m008_proc100.lp,2115.9041658254255,4,0.0,0.0,98.99999899999898,1388.0000040000039,True,spbs_none,D:\git\git\RDMCT-A3C\cie\results\spbs\cie_spbs_600s_mem2048_repro_v1\s4to6_both\solutions\cie_core_spbs__cie_core_n016_f008_m008_proc100__scip_default__solverseed_5__trainseed_-1__spbs_none.sol,5,25.609247999993386,optimal,cie_core_spbs,49.230769188691646,16,-1,checked active primary model at feasibility tolerance 1.000001e-06; removed 13 inactive auxiliaries,0.05470085465410183,none
0.27350427327050936,0.5538461533727812,0.6153846148586456,0.6153846148586448,0,0.0,1170.000001,0.0,cie_core_n016_f008_m008_proc100.lp,0.20854700836876322,0.27863247839433136,476.8749998124998,scip_default,572.999998999999,D:\git\git\RDMCT-A3C\cie\data\core\spbs\cie_core_n016_f008_m008_proc100.lp,3409.4403892944038,4,0.05882353076576037,9.094947017729282e-13,83.99999999999999,1330.0000000000002,True,spbs_none,D:\git\git\RDMCT-A3C\cie\results\spbs\cie_spbs_600s_mem2048_repro_v1\s4to6_both\solutions\cie_core_spbs__cie_core_n016_f008_m008_proc100__scip_default__solverseed_6__trainseed_-1__spbs_none.sol,6,35.66318649999448,optimal,cie_core_spbs,49.230769188691646,16,-1,checked active primary model at feasibility tolerance 1.000001e-06; removed 13 inactive auxiliaries,0.05470085465410183,none
0.2576489530936806,0.5217391300147027,0.637681158906859,0.637681158906859,0,0.0,1242.000001,0.0,cie_core_n016_f008_m008_proc110.lp,0.17954911418715852,0.2238325280001348,484.125,scip_default,575.0,D:\git\git\RDMCT-A3C\cie\data\core\spbs\cie_core_n016_f008_m008_proc110.lp,5708.284746515631,4,0.0,0.0,76.0,1106.0000000000002,True,spbs_none,D:\git\git\RDMCT-A3C\cie\results\spbs\cie_spbs_600s_mem2048_repro_v1\s4to6_both\solutions\cie_core_spbs__cie_core_n016_f008_m008_proc110__scip_default__solverseed_4__trainseed_-1__spbs_none.sol,4,59.31214439999894,optimal,cie_core_spbs,46.376811556862464,16,-1,checked active primary model at feasibility tolerance 1.000001e-06; removed 13 inactive auxiliaries,0.051529790618736256,none
0.25764895309368074,0.5217391300147027,0.6376811589068591,0.637681158906859,0,0.0,1242.000001,0.0,cie_core_n016_f008_m008_proc110.lp,0.25442834037485645,0.29790660362487387,513.1250002500001,scip_default,609.0000010000001,D:\git\git\RDMCT-A3C\cie\data\core\spbs\cie_core_n016_f008_m008_proc110.lp,1303.8647342995168,4,0.012224938875305624,0.0,98.999999,1550.0000040000004,True,spbs_none,D:\git\git\RDMCT-A3C\cie\results\spbs\cie_spbs_600s_mem2048_repro_v1\s4to6_both\solutions\cie_core_spbs__cie_core_n016_f008_m008_proc110__scip_default__solverseed_5__trainseed_-1__spbs_none.sol,5,15.007366599995294,optimal,cie_core_spbs,46.376811556862464,16,-1,checked active primary model at feasibility tolerance 1.000001e-06; removed 13 inactive auxiliaries,0.05152979061873644,none
0.2576489530936802,0.5217391292095495,0.637681158906859,0.637681158906858,0,0.0,1242.000001,0.0,cie_core_n016_f008_m008_proc110.lp,0.2544283403748564,0.2979066028197207,513.1249993750004,scip_default,608.999999,D:\git\git\RDMCT-A3C\cie\data\core\spbs\cie_core_n016_f008_m008_proc110.lp,3006.280193236715,4,0.01222493769764783,1.0000010206567822e-06,98.999999,1549.999998000006,True,spbs_none,D:\git\git\RDMCT-A3C\cie\results\spbs\cie_spbs_600s_mem2048_repro_v1\s4to6_both\solutions\cie_core_spbs__cie_core_n016_f008_m008_proc110__scip_default__solverseed_6__trainseed_-1__spbs_none.sol,6,33.30902010000136,optimal,cie_core_spbs,46.376811556862464,16,-1,checked active primary model at feasibility tolerance 1.000001e-06; removed 13 inactive auxiliaries,0.051529790618736075,none
0.29384756630500647,0.5950413217676386,0.5950413217676389,0.44628099132572896,0,0.0,1089.000001,0.0,cie_core_n016_f012_m004_proc090.lp,0.2304866848204897,0.303030302752038,417.74999999999994,scip_default,537.0000000000001,D:\git\git\RDMCT-A3C\cie\data\core\spbs\cie_core_n016_f012_m004_proc090.lp,1200.0,6,0.31032899487810867,0,84.0,1571.9999999999998,True,spbs_none,D:\git\git\RDMCT-A3C\cie\results\spbs\cie_spbs_600s_mem2048_repro_v1\s4to6_both\solutions\cie_core_spbs__cie_core_n016_f012_m004_proc090__scip_default__solverseed_4__trainseed_-1__spbs_none.sol,4,12.416228900001443,optimal,cie_core_spbs,52.892561934901224,16,-1,checked active primary model at feasibility tolerance 1.000001e-06; removed 13 inactive auxiliaries,0.06611570241862653,none
0.2938475663050072,0.5950413217676391,0.5950413217676379,0.44628099132572907,0,0.0,1089.000001,0.0,cie_core_n016_f012_m004_proc090.lp,0.2304866848204897,0.3030303027520386,417.75,scip_default,536.9999999999991,D:\git\git\RDMCT-A3C\cie\data\core\spbs\cie_core_n016_f012_m004_proc090.lp,2000.0,6,0.31032899487810867,0,84.0,1572.0000000000005,True,spbs_none,D:\git\git\RDMCT-A3C\cie\results\spbs\cie_spbs_600s_mem2048_repro_v1\s4to6_both\solutions\cie_core_spbs__cie_core_n016_f012_m004_proc090__scip_default__solverseed_5__trainseed_-1__spbs_none.sol,5,19.498356299998704,optimal,cie_core_spbs,52.892561934901224,16,-1,checked active primary model at feasibility tolerance 1.000001e-06; removed 13 inactive auxiliaries,0.06611570241862653,none
0.2938475663050069,0.5950413208493652,0.5950413217676389,0.44628099132572907,0,0.0,1089.000001,0.0,cie_core_n016_f012_m004_proc090.lp,0.23048668573876335,0.30303030275203835,417.74999975000003,scip_default,536.999999,D:\git\git\RDMCT-A3C\cie\data\core\spbs\cie_core_n016_f012_m004_proc090.lp,1700.0,6,0.31032899487810867,0,84.0,1571.999998,True,spbs_none,D:\git\git\RDMCT-A3C\cie\results\spbs\cie_spbs_600s_mem2048_repro_v1\s4to6_both\solutions\cie_core_spbs__cie_core_n016_f012_m004_proc090__scip_default__solverseed_6__trainseed_-1__spbs_none.sol,6,17.253294399997685,optimal,cie_core_spbs,52.892561934901224,16,-1,checked active primary model at feasibility tolerance 1.000001e-06; removed 13 inactive auxiliaries,0.06611570241862653,none
0.2763385144418491,0.5595854917447448,0.6217616574941609,0.46632124312062057,0,0.0,1158.000001,0.0,cie_core_n016_f012_m004_proc100.lp,0.22797927355096778,0.2754749565842183,437.87499987499996,scip_default,573.0,D:\git\git\RDMCT-A3C\cie\data\core\spbs\cie_core_n016_f012_m004_proc100.lp,1500.0,6,0.2861125704223025,0,76.0,1533.9999979999998,True,spbs_none,D:\git\git\RDMCT-A3C\cie\results\spbs\cie_spbs_600s_mem2048_repro_v1\s4to6_both\solutions\cie_core_spbs__cie_core_n016_f012_m004_proc100__scip_default__solverseed_4__trainseed_-1__spbs_none.sol,4,14.574800399997912,optimal,cie_core_spbs,49.74093259953287,16,-1,checked active primary model at feasibility tolerance 1.000001e-06; removed 13 inactive auxiliaries,0.06217616574941608,none
0.276338514441849,0.5595854917447448,0.6217616574941618,0.46632124312062073,0,0.0,1158.000001,0.0,cie_core_n016_f012_m004_proc100.lp,0.22797927441452565,0.2754749565842185,437.8750000000001,scip_default,573.000000000001,D:\git\git\RDMCT-A3C\cie\data\core\spbs\cie_core_n016_f012_m004_proc100.lp,3304.7138047138046,6,0.2861125704223025,0,76.0,1533.9999999999998,True,spbs_none,D:\git\git\RDMCT-A3C\cie\results\spbs\cie_spbs_600s_mem2048_repro_v1\s4to6_both\solutions\cie_core_spbs__cie_core_n016_f012_m004_proc100__scip_default__solverseed_5__trainseed_-1__spbs_none.sol,5,33.49152879999747,optimal,cie_core_spbs,49.74093259953287,16,-1,checked active primary model at feasibility tolerance 1.000001e-06; removed 13 inactive auxiliaries,0.06217616574941589,none
0.2763385144418495,0.5595854917447448,0.6217616574941609,0.4663212431206206,0,0.0,1158.000001,0.0,cie_core_n016_f012_m004_proc100.lp,0.22797927441452565,0.2754749565842185,437.875,scip_default,573.0,D:\git\git\RDMCT-A3C\cie\data\core\spbs\cie_core_n016_f012_m004_proc100.lp,2300.0,6,0.2861125704223025,0,76.0,1534.0000000000002,True,spbs_none,D:\git\git\RDMCT-A3C\cie\results\spbs\cie_spbs_600s_mem2048_repro_v1\s4to6_both\solutions\cie_core_spbs__cie_core_n016_f012_m004_proc100__scip_default__solverseed_6__trainseed_-1__spbs_none.sol,6,22.906721800012747,optimal,cie_core_spbs,49.74093259953287,16,-1,checked active primary model at feasibility tolerance 1.000001e-06; removed 13 inactive auxiliaries,0.062176165749416284,none
0.2601626014145019,0.5268292678643663,0.6439024385008922,0.4829268288756692,0,0.0,1230.000001,0.0,cie_core_n016_f012_m004_proc110.lp,0.21463414616696408,0.2593495932850816,460.375,scip_default,609.0,D:\git\git\RDMCT-A3C\cie\data\core\spbs\cie_core_n016_f012_m004_proc110.lp,1800.0,6,0.26540200902444144,0,76.0,1534.0,True,spbs_none,D:\git\git\RDMCT-A3C\cie\results\spbs\cie_spbs_600s_mem2048_repro_v1\s4to6_both\solutions\cie_core_spbs__cie_core_n016_f012_m004_proc110__scip_default__solverseed_4__trainseed_-1__spbs_none.sol,4,18.410610099992482,optimal,cie_core_spbs,46.82926825461035,16,-1,checked active primary model at feasibility tolerance 1.000001e-06; removed 13 inactive auxiliaries,0.05853658531826293,none
0.2601626014145021,0.5268292678643666,0.6439024385008916,0.48292682887566846,0,0.0,1230.000001,0.0,cie_core_n016_f012_m004_proc110.lp,0.21463414616696408,0.2593495932850818,460.37499999999983,scip_default,608.9999999999991,D:\git\git\RDMCT-A3C\cie\data\core\spbs\cie_core_n016_f012_m004_proc110.lp,2655.3517848749616,6,0.26540200902444144,0,76.0,1534.0000000000002,True,spbs_none,D:\git\git\RDMCT-A3C\cie\results\spbs\cie_spbs_600s_mem2048_repro_v1\s4to6_both\solutions\cie_core_spbs__cie_core_n016_f012_m004_proc110__scip_default__solverseed_5__trainseed_-1__spbs_none.sol,5,28.057049000002735,optimal,cie_core_spbs,46.82926825461035,16,-1,checked active primary model at feasibility tolerance 1.000001e-06; removed 13 inactive auxiliaries,0.05853658531826293,none
0.26016260141450176,0.5268292678643599,0.6439024385008906,0.4829268288756675,0,0.0,1230.000001,0.0,cie_core_n016_f012_m004_proc110.lp,0.21463414616696408,0.2593495932850816,460.37499999999847,scip_default,608.999999999998,D:\git\git\RDMCT-A3C\cie\data\core\spbs\cie_core_n016_f012_m004_proc110.lp,5800.0,6,0.26540200902444144,0,76.00000000000001,1533.9999999999998,True,spbs_none,D:\git\git\RDMCT-A3C\cie\results\spbs\cie_spbs_600s_mem2048_repro_v1\s4to6_both\solutions\cie_core_spbs__cie_core_n016_f012_m004_proc110__scip_default__solverseed_6__trainseed_-1__spbs_none.sol,6,57.334200500001316,optimal,cie_core_spbs,46.82926825461035,16,-1,checked active primary model at feasibility tolerance 1.000001e-06; removed 13 inactive auxiliaries,0.05853658531826275,none
0.20270270261710183,0.4104729727996308,0.8800675671959184,0.8800675671959178,2,0.21114864855948115,2368.000001,0.0,cie_core_n024_f000_m024_proc110.lp,0.15836148726420723,0.36444256656906854,592.166666625,scip_default,1002.9999989999999,D:\git\git\RDMCT-A3C\cie\data\core\spbs\cie_core_n024_f000_m024_proc110.lp,51808.040593286496,8,9.224721263154437e-10,5.000012777145457e-07,458.9999989999999,1828.000002,True,spbs_none,D:\git\git\RDMCT-A3C\cie\results\spbs\cie_spbs_600s_mem2048_repro_v1\s4to6_both\solutions\cie_core_spbs__cie_core_n024_f000_m024_proc110__scip_default__solverseed_4__trainseed_-1__spbs_none.sol,4,519.1810495000027,optimal,cie_core_spbs,36.486486471078344,24,-1,checked active primary model at feasibility tolerance 1.000001e-06; removed 13 inactive auxiliaries,0.04729729727732378,none
0.202360876811821,0.4097807755439367,0.7951096118064452,0.41736930842438047,1,0.10539629000615672,2372.000001,0.0,cie_core_n024_f012_m012_proc110.lp,0.26981450241576044,0.3199831364586919,631.1666666666657,scip_default,1102.9999999999982,D:\git\git\RDMCT-A3C\cie\data\core\spbs\cie_core_n024_f012_m012_proc110.lp,30702.253756260434,6,0.22067475160208908,1.9326762412674725e-12,676.9999999999981,5187.9999999999845,True,spbs_none,D:\git\git\RDMCT-A3C\cie\results\spbs\cie_spbs_600s_mem2048_repro_v1\s4to6_both\solutions\cie_core_spbs__cie_core_n024_f012_m012_proc110__scip_default__solverseed_6__trainseed_-1__spbs_none.sol,6,308.41074919999664,optimal,cie_core_spbs,36.42495782612776,24,-1,checked active primary model at feasibility tolerance 1.000001e-06; removed 13 inactive auxiliaries,0.04721753792275821,none
0.22408963554049127,0.4537815119694942,0.6806722679542405,0.6806722679542405,0,0.0,714.000001,0.0,cie_core_n008_f000_m008_proc090.lp,0.1400560222128067,0.16806722665536802,471.99999950000006,scip_default,472.00000000000034,D:\git\git\RDMCT-A3C\cie\data\core\spbs\cie_core_n008_f000_m008_proc090.lp,100.0,4,2.6085102002798482e-09,1.0000000543186616e-06,28.000000000000398,224.0000000000004,True,spbs_auto,D:\git\git\RDMCT-A3C\cie\results\spbs\cie_spbs_600s_mem2048_repro_v1\s7to9_both\solutions\cie_core_spbs__cie_core_n008_f000_m008_proc090__scip_default__solverseed_7__trainseed_-1__spbs_auto.sol,7,0.30882410000413074,optimal,cie_core_spbs,40.336134397288326,8,-1,checked active primary model at feasibility tolerance 1.000001e-06; removed 13 inactive auxiliaries,0.04481792710809798,auto
0.2240896355404911,0.4537815119694937,0.6806722679542405,0.6806722679542405,0,0.0,714.000001,0.0,cie_core_n008_f000_m008_proc090.lp,0.1400560222128067,0.1680672266553694,472.00000000000034,scip_default,472.000000000001,D:\git\git\RDMCT-A3C\cie\data\core\spbs\cie_core_n008_f000_m008_proc090.lp,0.0,4,0.0,0.0,28.0000000000003,224.00000000000233,True,spbs_auto,D:\git\git\RDMCT-A3C\cie\results\spbs\cie_spbs_600s_mem2048_repro_v1\s7to9_both\solutions\cie_core_spbs__cie_core_n008_f000_m008_proc090__scip_default__solverseed_8__trainseed_-1__spbs_auto.sol,8,0.30641129999639816,optimal,cie_core_spbs,40.336134397288326,8,-1,checked active primary model at feasibility tolerance 1.000001e-06; removed 13 inactive auxiliaries,0.04481792710809862,auto
0.2240896355404903,0.45378151196949335,0.6806722679542405,0.6806722679542405,0,0.0,714.000001,0.0,cie_core_n008_f000_m008_proc090.lp,0.14005602221280525,0.1680672238542476,471.9999992500002,scip_default,472.000000000001,D:\git\git\RDMCT-A3C\cie\data\core\spbs\cie_core_n008_f000_m008_proc090.lp,0.0,4,2.6085111393664473e-09,1.0000010206567822e-06,28.0,224.00000000000176,True,spbs_auto,D:\git\git\RDMCT-A3C\cie\results\spbs\cie_spbs_600s_mem2048_repro_v1\s7to9_both\solutions\cie_core_spbs__cie_core_n008_f000_m008_proc090__scip_default__solverseed_9__trainseed_-1__spbs_auto.sol,9,0.3098656999973173,optimal,cie_core_spbs,40.336134397288326,8,-1,checked active primary model at feasibility tolerance 1.000001e-06; removed 13 inactive auxiliaries,0.04481792710809814,auto
0.20833333306206597,0.4218749994506836,0.7031249990844727,0.7031249990844727,0,0.0,768.000001,0.0,cie_core_n008_f000_m008_proc100.lp,0.13020833316379124,0.1562499997965495,508.0,scip_default,508.0,D:\git\git\RDMCT-A3C\cie\data\core\spbs\cie_core_n008_f000_m008_proc100.lp,0.0,4,0.0,0.0,28.0,224.0,True,spbs_auto,D:\git\git\RDMCT-A3C\cie\results\spbs\cie_spbs_600s_mem2048_repro_v1\s7to9_both\solutions\cie_core_spbs__cie_core_n008_f000_m008_proc100__scip_default__solverseed_7__trainseed_-1__spbs_auto.sol,7,0.27531339999768534,optimal,cie_core_spbs,37.49999995117187,8,-1,checked active primary model at feasibility tolerance 1.000001e-06; removed 13 inactive auxiliaries,0.041666666612413195,auto
0.2083333330620656,0.42187499945068285,0.7031249990844727,0.7031249990844728,0,0.0,768.000001,0.0,cie_core_n008_f000_m008_proc100.lp,0.13020833316379124,0.15624999979655077,508.00000000000017,scip_default,508.000000000001,D:\git\git\RDMCT-A3C\cie\data\core\spbs\cie_core_n008_f000_m008_proc100.lp,0.0,4,6.688565865681961e-17,2.842170943040401e-14,28.0,224.00000000000176,True,spbs_auto,D:\git\git\RDMCT-A3C\cie\results\spbs\cie_spbs_600s_mem2048_repro_v1\s7to9_both\solutions\cie_core_spbs__cie_core_n008_f000_m008_proc100__scip_default__solverseed_8__trainseed_-1__spbs_auto.sol,8,0.33167539999703877,optimal,cie_core_spbs,37.49999995117187,8,-1,checked active primary model at feasibility tolerance 1.000001e-06; removed 13 inactive auxiliaries,0.04166666661241364,auto
0.20833333306206597,0.4218749994506836,0.7031249990844727,0.7031249990844727,0,0.0,768.000001,0.0,cie_core_n008_f000_m008_proc100.lp,0.13020833316379124,0.1562499997965495,508.0,scip_default,508.0,D:\git\git\RDMCT-A3C\cie\data\core\spbs\cie_core_n008_f000_m008_proc100.lp,92.69058649662122,4,0.0,0.0,28.0,224.0,True,spbs_auto,D:\git\git\RDMCT-A3C\cie\results\spbs\cie_spbs_600s_mem2048_repro_v1\s7to9_both\solutions\cie_core_spbs__cie_core_n008_f000_m008_proc100__scip_default__solverseed_9__trainseed_-1__spbs_auto.sol,9,0.5118161000027612,optimal,cie_core_spbs,37.49999995117187,8,-1,checked active primary model at feasibility tolerance 1.000001e-06; removed 13 inactive auxiliaries,0.041666666612413195,auto
0.1946472017096746,0.3941605834620912,0.722627736347168,0.7226277363471683,0,0.0,822.000001,0.0,cie_core_n008_f000_m008_proc110.lp,0.12165450106854683,0.14598540006571084,543.9999994999998,scip_default,544.0,D:\git\git\RDMCT-A3C\cie\data\core\spbs\cie_core_n008_f000_m008_proc110.lp,0.0,4,2.14362723433106e-09,9.999999974752427e-07,28.000000000000004,223.99999999999972,True,spbs_auto,D:\git\git\RDMCT-A3C\cie\results\spbs\cie_spbs_600s_mem2048_repro_v1\s7to9_both\solutions\cie_core_spbs__cie_core_n008_f000_m008_proc110__scip_default__solverseed_7__trainseed_-1__spbs_auto.sol,7,0.3161071999966225,optimal,cie_core_spbs,35.03649630774149,8,-1,checked active primary model at feasibility tolerance 1.000001e-06; removed 13 inactive auxiliaries,0.03892944034193499,auto
0.19464720170967528,0.39416058346209176,0.7226277363471683,0.7226277363471683,0,0.0,822.000001,0.0,cie_core_n008_f000_m008_proc110.lp,0.12165450106854683,0.14598540128225745,544.0000000000003,scip_default,544.000000000001,D:\git\git\RDMCT-A3C\cie\data\core\spbs\cie_core_n008_f000_m008_proc110.lp,0.0,4,0.0,0.0,28.0000000000003,224.00000000000233,True,spbs_auto,D:\git\git\RDMCT-A3C\cie\results\spbs\cie_spbs_600s_mem2048_repro_v1\s7to9_both\solutions\cie_core_spbs__cie_core_n008_f000_m008_proc110__scip_default__solverseed_8__trainseed_-1__spbs_auto.sol,8,0.3255659000024025,optimal,cie_core_spbs,35.03649630774149,8,-1,checked active primary model at feasibility tolerance 1.000001e-06; removed 13 inactive auxiliaries,0.0389294403419354,auto
0.19464720170967495,0.39416058346209176,0.7226277363471683,0.7226277363471683,0,0.0,822.000001,0.0,cie_core_n008_f000_m008_proc110.lp,0.12165450106854683,0.1459854012822562,544.0,scip_default,544.0,D:\git\git\RDMCT-A3C\cie\data\core\spbs\cie_core_n008_f000_m008_proc110.lp,100.0,4,0.0,0.0,28.0,224.0,True,spbs_auto,D:\git\git\RDMCT-A3C\cie\results\spbs\cie_spbs_600s_mem2048_repro_v1\s7to9_both\solutions\cie_core_spbs__cie_core_n008_f000_m008_proc110__scip_default__solverseed_9__trainseed_-1__spbs_auto.sol,9,0.5205922999994073,optimal,cie_core_spbs,35.03649630774149,8,-1,checked active primary model at feasibility tolerance 1.000001e-06; removed 13 inactive auxiliaries,0.03892944034193499,auto
0.19323671474246773,0.3913043473534966,0.7826086947069943,0.3913043473534972,0,0.0,828.000001,0.0,cie_core_n008_f002_m006_proc090.lp,0.1902173910746167,0.21437198041742514,463.25,scip_default,529.5,D:\git\git\RDMCT-A3C\cie\data\core\spbs\cie_core_n008_f002_m006_proc090.lp,0.0,6,0.0,0.0,57.5,486.0,True,spbs_auto,D:\git\git\RDMCT-A3C\cie\results\spbs\cie_spbs_600s_mem2048_repro_v1\s7to9_both\solutions\cie_core_spbs__cie_core_n008_f002_m006_proc090__scip_default__solverseed_7__trainseed_-1__spbs_auto.sol,7,0.4486862000012479,optimal,cie_core_spbs,34.78260865364419,8,-1,checked active primary model at feasibility tolerance 1.000001e-06; removed 13 inactive auxiliaries,0.05314009655417918,auto
0.19323671474246773,0.3913043473534972,0.7826086947069943,0.3913043473534972,0,0.0,828.000001,0.0,cie_core_n008_f002_m006_proc090.lp,0.1902173910746167,0.21437198041742514,463.25,scip_default,529.5,D:\git\git\RDMCT-A3C\cie\data\core\spbs\cie_core_n008_f002_m006_proc090.lp,0.0,6,0.0,0.0,57.5,486.0,True,spbs_auto,D:\git\git\RDMCT-A3C\cie\results\spbs\cie_spbs_600s_mem2048_repro_v1\s7to9_both\solutions\cie_core_spbs__cie_core_n008_f002_m006_proc090__scip_default__solverseed_8__trainseed_-1__spbs_auto.sol,8,0.57551070000045,optimal,cie_core_spbs,34.78260865364419,8,-1,checked active primary model at feasibility tolerance 1.000001e-06; removed 13 inactive auxiliaries,0.053140096554178624,auto
0.19323671474246773,0.3913043473534972,0.7826086947069943,0.3913043473534972,0,0.0,828.000001,0.0,cie_core_n008_f002_m006_proc090.lp,0.14130434765542954,0.1545893717939742,440.7499995,scip_default,479.999999,D:\git\git\RDMCT-A3C\cie\data\core\spbs\cie_core_n008_f002_m006_proc090.lp,0.0,4,2.839786268358103e-09,9.999999974752427e-07,28.0,306.0,True,spbs_auto,D:\git\git\RDMCT-A3C\cie\results\spbs\cie_spbs_600s_mem2048_repro_v1\s7to9_both\solutions\cie_core_spbs__cie_core_n008_f002_m006_proc090__scip_default__solverseed_9__trainseed_-1__spbs_auto.sol,9,0.2934690000001865,optimal,cie_core_spbs,34.78260865364419,8,-1,checked active primary model at feasibility tolerance 1.000001e-06; removed 13 inactive auxiliaries,0.053140096554178624,auto
0.177777777580247,0.3599999995999999,0.799999999111111,0.39999999955555554,0,0.0,900.000001,0.0,cie_core_n008_f002_m006_proc100.lp,0.1766666675814837,0.2244444430839481,532.7499999999999,scip_default,642.0,D:\git\git\RDMCT-A3C\cie\data\core\spbs\cie_core_n008_f002_m006_proc100.lp,100.0,4,0.17114686423623443,0.0,73.99999899999801,638.0,True,spbs_auto,D:\git\git\RDMCT-A3C\cie\results\spbs\cie_spbs_600s_mem2048_repro_v1\s7to9_both\solutions\cie_core_spbs__cie_core_n008_f002_m006_proc100__scip_default__solverseed_7__trainseed_-1__spbs_auto.sol,7,0.40890119999676244,optimal,cie_core_spbs,31.999999964444445,8,-1,checked active primary model at feasibility tolerance 1.000001e-06; removed 13 inactive auxiliaries,0.0488888888345679,auto
0.1777777775802469,0.3599999996,0.7999999991111111,0.39999999955555554,0,0.0,900.000001,0.0,cie_core_n008_f002_m006_proc100.lp,0.11111111098765432,0.14222222206419752,499.5,scip_default,642.0,D:\git\git\RDMCT-A3C\cie\data\core\spbs\cie_core_n008_f002_m006_proc100.lp,0.0,4,0.17114686423623443,0.0,50.0,372.0,True,spbs_auto,D:\git\git\RDMCT-A3C\cie\results\spbs\cie_spbs_600s_mem2048_repro_v1\s7to9_both\solutions\cie_core_spbs__cie_core_n008_f002_m006_proc100__scip_default__solverseed_8__trainseed_-1__spbs_auto.sol,8,0.41504210000130115,optimal,cie_core_spbs,31.999999964444445,8,-1,checked active primary model at feasibility tolerance 1.000001e-06; removed 13 inactive auxiliaries,0.0488888888345679,auto
0.1777777775802469,0.3599999996,0.7999999991111111,0.39999999955555554,0,0.0,900.000001,0.0,cie_core_n008_f002_m006_proc100.lp,0.12999999985555555,0.1422222220641972,472.2499997499999,scip_default,515.999999,D:\git\git\RDMCT-A3C\cie\data\core\spbs\cie_core_n008_f002_m006_proc100.lp,91.51006428599528,4,2.5619810894284968e-09,9.999999974752427e-07,28.000000000000004,306.0,True,spbs_auto,D:\git\git\RDMCT-A3C\cie\results\spbs\cie_spbs_600s_mem2048_repro_v1\s7to9_both\solutions\cie_core_spbs__cie_core_n008_f002_m006_proc100__scip_default__solverseed_9__trainseed_-1__spbs_auto.sol,9,0.5063835999972071,optimal,cie_core_spbs,31.999999964444445,8,-1,checked active primary model at feasibility tolerance 1.000001e-06; removed 13 inactive auxiliaries,0.0488888888345679,auto
0.16460905332859152,0.3333333329903977,0.8148148139765279,0.407407406988264,0,0.0,972.000001,0.0,cie_core_n008_f002_m006_proc110.lp,0.1985596705776135,0.19135802449448733,537.2499999999999,scip_default,602.0,D:\git\git\RDMCT-A3C\cie\data\core\spbs\cie_core_n008_f002_m006_proc110.lp,0.0,4,0.0,0.0,93.0,574.0,True,spbs_auto,D:\git\git\RDMCT-A3C\cie\results\spbs\cie_spbs_600s_mem2048_repro_v1\s7to9_both\solutions\cie_core_spbs__cie_core_n008_f002_m006_proc110__scip_default__solverseed_7__trainseed_-1__spbs_auto.sol,7,0.45582700000159093,optimal,cie_core_spbs,29.629629599146472,8,-1,checked active primary model at feasibility tolerance 1.000001e-06; removed 13 inactive auxiliaries,0.04526748966536266,auto
0.16460905332859152,0.3333333329903978,0.814814813976528,0.407407406988264,0,0.0,972.000001,0.0,cie_core_n008_f002_m006_proc110.lp,0.1985596705776135,0.19135802449448763,537.25,scip_default,602.0,D:\git\git\RDMCT-A3C\cie\data\core\spbs\cie_core_n008_f002_m006_proc110.lp,100.0,4,0.0,0.0,93.0,574.0,True,spbs_auto,D:\git\git\RDMCT-A3C\cie\results\spbs\cie_spbs_600s_mem2048_repro_v1\s7to9_both\solutions\cie_core_spbs__cie_core_n008_f002_m006_proc110__scip_default__solverseed_8__trainseed_-1__spbs_auto.sol,8,0.5163389000008465,optimal,cie_core_spbs,29.629629599146472,8,-1,checked active primary model at feasibility tolerance 1.000001e-06; removed 13 inactive auxiliaries,0.04526748966536266,auto
0.16460905332859152,0.3333333329903978,0.814814813976528,0.407407406988264,0,0.0,972.000001,0.0,cie_core_n008_f002_m006_proc110.lp,0.19855966954880694,0.1913580265521008,537.24999975,scip_default,602.0,D:\git\git\RDMCT-A3C\cie\data\core\spbs\cie_core_n008_f002_m006_proc110.lp,0.0,4,2.333685744449232e-09,9.999999974752427e-07,92.999999,574.000002,True,spbs_auto,D:\git\git\RDMCT-A3C\cie\results\spbs\cie_spbs_600s_mem2048_repro_v1\s7to9_both\solutions\cie_core_spbs__cie_core_n008_f002_m006_proc110__scip_default__solverseed_9__trainseed_-1__spbs_auto.sol,9,0.4466270999982953,optimal,cie_core_spbs,29.629629599146472,8,-1,checked active primary model at feasibility tolerance 1.000001e-06; removed 13 inactive auxiliaries,0.04526748966536266,auto
0.20512820486522942,0.41538461485208916,0.6230769222781328,0.41538461485208855,0,0.0,780.000000999967,0.0,cie_core_n008_f004_m004_proc090.lp,0.12820512804076808,0.16282051261177596,424.2499997500082,scip_default,478.999999000032,D:\git\git\RDMCT-A3C\cie\data\core\spbs\cie_core_n008_f004_m004_proc090.lp,0.0,6,3.0119518001273476e-09,0,76.0,506.0000000000004,True,spbs_auto,D:\git\git\RDMCT-A3C\cie\results\spbs\cie_spbs_600s_mem2048_repro_v1\s7to9_both\solutions\cie_core_spbs__cie_core_n008_f004_m004_proc090__scip_default__solverseed_7__trainseed_-1__spbs_auto.sol,7,0.24292170000262558,optimal,cie_core_spbs,36.92307687574121,8,-1,checked active primary model at feasibility tolerance 1.000001e-06; removed 13 inactive auxiliaries,0.05128205121630723,auto
0.20512820486522024,0.415384614852071,0.6230769222781065,0.415384614852071,0,0.0,780.000001,0.0,cie_core_n008_f004_m004_proc090.lp,0.12820512804076264,0.16282051261176858,424.25,scip_default,479.0,D:\git\git\RDMCT-A3C\cie\data\core\spbs\cie_core_n008_f004_m004_proc090.lp,0.0,6,0.0,0,75.99999999999999,505.99999999999994,True,spbs_auto,D:\git\git\RDMCT-A3C\cie\results\spbs\cie_spbs_600s_mem2048_repro_v1\s7to9_both\solutions\cie_core_spbs__cie_core_n008_f004_m004_proc090__scip_default__solverseed_8__trainseed_-1__spbs_auto.sol,8,0.35669379999671946,optimal,cie_core_spbs,36.923076875739646,8,-1,checked active primary model at feasibility tolerance 1.000001e-06; removed 13 inactive auxiliaries,0.05128205121630506,auto
0.20512820486522906,0.41538461485208855,0.6230769222781328,0.41538461485208855,0,0.0,780.000000999967,0.0,cie_core_n008_f004_m004_proc090.lp,0.12820512804076808,0.16282051004775508,424.24999950001603,scip_default,479.0,D:\git\git\RDMCT-A3C\cie\data\core\spbs\cie_core_n008_f004_m004_proc090.lp,2.8205128205087413,6,3.0119517819836405e-09,0,75.999999000032,505.99999600012814,True,spbs_auto,D:\git\git\RDMCT-A3C\cie\results\spbs\cie_spbs_600s_mem2048_repro_v1\s7to9_both\solutions\cie_core_spbs__cie_core_n008_f004_m004_proc090__scip_default__solverseed_9__trainseed_-1__spbs_auto.sol,9,0.28269700000601006,optimal,cie_core_spbs,36.92307687574121,8,-1,checked active primary model at feasibility tolerance 1.000001e-06; removed 13 inactive auxiliaries,0.05128205121630723,auto
0.19184652255174306,0.3884892081672794,0.6474820136121319,0.43165467574142125,0,0.0,834.000001,0.0,cie_core_n008_f004_m004_proc100.lp,0.11990407659483923,0.1522781772754461,451.2500000000001,scip_default,515.0,D:\git\git\RDMCT-A3C\cie\data\core\spbs\cie_core_n008_f004_m004_proc100.lp,0.0,6,0.0,0,75.99999999999999,506.00000000000017,True,spbs_auto,D:\git\git\RDMCT-A3C\cie\results\spbs\cie_spbs_600s_mem2048_repro_v1\s7to9_both\solutions\cie_core_spbs__cie_core_n008_f004_m004_proc100__scip_default__solverseed_7__trainseed_-1__spbs_auto.sol,7,0.30259750000186614,optimal,cie_core_spbs,34.5323740593137,8,-1,checked active primary model at feasibility tolerance 1.000001e-06; removed 13 inactive auxiliaries,0.047961630637935695,auto
0.19184652255174361,0.38848920816728083,0.6474820136121351,0.43165467574142347,0,0.0,834.000000999996,0.0,cie_core_n008_f004_m004_proc100.lp,0.11990407659483981,0.15227817727544657,451.2499997500005,scip_default,514.9999990000019,D:\git\git\RDMCT-A3C\cie\data\core\spbs\cie_core_n008_f004_m004_proc100.lp,0.0,6,2.7173860530336467e-09,0,76.00000000000001,506.0,True,spbs_auto,D:\git\git\RDMCT-A3C\cie\results\spbs\cie_spbs_600s_mem2048_repro_v1\s7to9_both\solutions\cie_core_spbs__cie_core_n008_f004_m004_proc100__scip_default__solverseed_8__trainseed_-1__spbs_auto.sol,8,0.38979749999998603,optimal,cie_core_spbs,34.53237405931387,8,-1,checked active primary model at feasibility tolerance 1.000001e-06; removed 13 inactive auxiliaries,0.047961630637935924,auto
0.1918465225517505,0.3884892081672945,0.6474820136121575,0.43165467574143834,0,0.0,834.000000999967,0.0,cie_core_n008_f004_m004_proc100.lp,0.11990407659484398,0.1522781748774472,451.24999950001603,scip_default,515.0,D:\git\git\RDMCT-A3C\cie\data\core\spbs\cie_core_n008_f004_m004_proc100.lp,92.27181801465682,6,2.7173044030840117e-09,0,75.999999000032,505.99999600012814,True,spbs_auto,D:\git\git\RDMCT-A3C\cie\results\spbs\cie_spbs_600s_mem2048_repro_v1\s7to9_both\solutions\cie_core_spbs__cie_core_n008_f004_m004_proc100__scip_default__solverseed_9__trainseed_-1__spbs_auto.sol,9,0.30726359999971464,optimal,cie_core_spbs,34.53237405931507,8,-1,checked active primary model at feasibility tolerance 1.000001e-06; removed 13 inactive auxiliaries,0.04796163063793759,auto
0.1801801799772742,0.36486486445397986,0.6689189181656318,0.44594594544375454,0,0.0,888.000001,0.0,cie_core_n008_f004_m004_proc110.lp,0.11261261248579661,0.14301801673083447,478.24999999999943,scip_default,551.0,D:\git\git\RDMCT-A3C\cie\data\core\spbs\cie_core_n008_f004_m004_proc110.lp,0.0,6,2.475249974653021e-09,0,76.0,505.9999979999978,True,spbs_auto,D:\git\git\RDMCT-A3C\cie\results\spbs\cie_spbs_600s_mem2048_repro_v1\s7to9_both\solutions\cie_core_spbs__cie_core_n008_f004_m004_proc110__scip_default__solverseed_7__trainseed_-1__spbs_auto.sol,7,0.3182664999985718,optimal,cie_core_spbs,32.43243239590942,8,-1,checked active primary model at feasibility tolerance 1.000001e-06; removed 13 inactive auxiliaries,0.04504504499431826,auto
0.18018017997727495,0.36486486445398114,0.668918918165632,0.44594594544375454,0,0.0,888.000001,0.0,cie_core_n008_f004_m004_proc110.lp,0.11261261248579661,0.14301801785696058,478.24999999999955,scip_default,551.0,D:\git\git\RDMCT-A3C\cie\data\core\spbs\cie_core_n008_f004_m004_proc110.lp,0.0,6,2.46227680708945e-15,0,75.999999999999,505.9999999999983,True,spbs_auto,D:\git\git\RDMCT-A3C\cie\results\spbs\cie_spbs_600s_mem2048_repro_v1\s7to9_both\solutions\cie_core_spbs__cie_core_n008_f004_m004_proc110__scip_default__solverseed_8__trainseed_-1__spbs_auto.sol,8,0.2914926999983436,optimal,cie_core_spbs,32.43243239590942,8,-1,checked active primary model at feasibility tolerance 1.000001e-06; removed 13 inactive auxiliaries,0.04504504499431903,auto
0.18018017997728172,0.3648648644539951,0.6689189181656567,0.44594594544377114,0,0.0,888.000000999967,0.0,cie_core_n008_f004_m004_proc110.lp,0.11261261248580079,0.14301801560478727,478.2499995000162,scip_default,550.999999000032,D:\git\git\RDMCT-A3C\cie\data\core\spbs\cie_core_n008_f004_m004_proc110.lp,91.7578748777005,6,2.4751682974141955e-09,0,76.0,505.99999400019243,True,spbs_auto,D:\git\git\RDMCT-A3C\cie\results\spbs\cie_spbs_600s_mem2048_repro_v1\s7to9_both\solutions\cie_core_spbs__cie_core_n008_f004_m004_proc110__scip_default__solverseed_9__trainseed_-1__spbs_auto.sol,9,0.269530700003088,optimal,cie_core_spbs,32.432432395910624,8,-1,checked active primary model at feasibility tolerance 1.000001e-06; removed 13 inactive auxiliaries,0.04504504499432031,auto
0.20512820486521988,0.4153846148520697,0.6230769222781066,0.2076923074260355,0,0.0,780.000001,0.0,cie_core_n008_f006_m002_proc090.lp,0.12820512804076264,0.16282051261176853,386.74999999999966,scip_default,479.0,D:\git\git\RDMCT-A3C\cie\data\core\spbs\cie_core_n008_f006_m002_proc090.lp,0.0,4,0.0,0,76.0,537.9999999999997,True,spbs_auto,D:\git\git\RDMCT-A3C\cie\results\spbs\cie_spbs_600s_mem2048_repro_v1\s7to9_both\solutions\cie_core_spbs__cie_core_n008_f006_m002_proc090__scip_default__solverseed_7__trainseed_-1__spbs_auto.sol,7,0.22746200000256067,optimal,cie_core_spbs,36.923076875739646,8,-1,checked active primary model at feasibility tolerance 1.000001e-06; removed 13 inactive auxiliaries,0.05641025633793513,auto
0.20512820486522032,0.4153846148520712,0.6230769222781064,0.20769230742603542,0,0.0,780.000001,0.0,cie_core_n008_f006_m002_proc090.lp,0.15769230749013807,0.16282051261176858,392.5,scip_default,478.99999999999994,D:\git\git\RDMCT-A3C\cie\data\core\spbs\cie_core_n008_f006_m002_proc090.lp,0.0,6,0.0,0,76.00000000000001,584.0,True,spbs_auto,D:\git\git\RDMCT-A3C\cie\results\spbs\cie_spbs_600s_mem2048_repro_v1\s7to9_both\solutions\cie_core_spbs__cie_core_n008_f006_m002_proc090__scip_default__solverseed_8__trainseed_-1__spbs_auto.sol,8,0.37088240000230144,optimal,cie_core_spbs,36.923076875739646,8,-1,checked active primary model at feasibility tolerance 1.000001e-06; removed 13 inactive auxiliaries,0.05641025633793557,auto
0.20512820486522068,0.4153846148520713,0.6230769222781065,0.2076923074260355,0,0.0,780.000001,0.0,cie_core_n008_f006_m002_proc090.lp,0.12820512804076264,0.16282051261176897,407.50000000000017,scip_default,479.0,D:\git\git\RDMCT-A3C\cie\data\core\spbs\cie_core_n008_f006_m002_proc090.lp,92.78576115161314,6,0.0,0,91.0,704.0000000000003,True,spbs_auto,D:\git\git\RDMCT-A3C\cie\results\spbs\cie_spbs_600s_mem2048_repro_v1\s7to9_both\solutions\cie_core_spbs__cie_core_n008_f006_m002_proc090__scip_default__solverseed_9__trainseed_-1__spbs_auto.sol,9,0.43348929999774555,optimal,cie_core_spbs,36.923076875739646,8,-1,checked active primary model at feasibility tolerance 1.000001e-06; removed 13 inactive auxiliaries,0.05641025633793557,auto
0.19184652255174237,0.3884892081672779,0.647482013612132,0.21582733787071062,0,0.0,834.000001,0.0,cie_core_n008_f006_m002_proc100.lp,0.11990407659483923,0.1522781772754458,409.24999999999966,scip_default,515.0,D:\git\git\RDMCT-A3C\cie\data\core\spbs\cie_core_n008_f006_m002_proc100.lp,0.0,4,0.0,0,76.0,537.9999999999997,True,spbs_auto,D:\git\git\RDMCT-A3C\cie\results\spbs\cie_spbs_600s_mem2048_repro_v1\s7to9_both\solutions\cie_core_spbs__cie_core_n008_f006_m002_proc100__scip_default__solverseed_7__trainseed_-1__spbs_auto.sol,7,0.22917689999667346,optimal,cie_core_spbs,34.5323740593137,8,-1,checked active primary model at feasibility tolerance 1.000001e-06; removed 13 inactive auxiliaries,0.05275779370172885,auto
0.19184652255174245,0.3884892081672787,0.6474820136121318,0.21582733787071062,0,0.0,834.000001,0.0,cie_core_n008_f006_m002_proc100.lp,0.14748201421165227,0.1522781772754455,414.99999999999983,scip_default,515.0,D:\git\git\RDMCT-A3C\cie\data\core\spbs\cie_core_n008_f006_m002_proc100.lp,0.0,6,0.0,0,76.00000000000001,583.9999999999997,True,spbs_auto,D:\git\git\RDMCT-A3C\cie\results\spbs\cie_spbs_600s_mem2048_repro_v1\s7to9_both\solutions\cie_core_spbs__cie_core_n008_f006_m002_proc100__scip_default__solverseed_8__trainseed_-1__spbs_auto.sol,8,0.254953800002113,optimal,cie_core_spbs,34.5323740593137,8,-1,checked active primary model at feasibility tolerance 1.000001e-06; removed 13 inactive auxiliaries,0.05275779370172913,auto
0.19184652255174223,0.38848920816727883,0.6474820136121319,0.21582733787071062,0,0.0,834.000001,0.0,cie_core_n008_f006_m002_proc100.lp,0.11990407659483923,0.15227817727544538,409.24999999999983,scip_default,515.0,D:\git\git\RDMCT-A3C\cie\data\core\spbs\cie_core_n008_f006_m002_proc100.lp,100.0,4,0.0,0,75.99999999999999,537.9999999999995,True,spbs_auto,D:\git\git\RDMCT-A3C\cie\results\spbs\cie_spbs_600s_mem2048_repro_v1\s7to9_both\solutions\cie_core_spbs__cie_core_n008_f006_m002_proc100__scip_default__solverseed_9__trainseed_-1__spbs_auto.sol,9,0.32427889999598847,optimal,cie_core_spbs,34.5323740593137,8,-1,checked active primary model at feasibility tolerance 1.000001e-06; removed 13 inactive auxiliaries,0.05275779370172926,auto
0.1801801799772742,0.36486486445397986,0.668918918165632,0.22297297272187727,0,0.0,888.000001,0.0,cie_core_n008_f006_m002_proc110.lp,0.11261261248579661,0.1430180178569617,431.74999999999966,scip_default,551.0,D:\git\git\RDMCT-A3C\cie\data\core\spbs\cie_core_n008_f006_m002_proc110.lp,0.0,4,0.0,0,76.0,537.9999999999997,True,spbs_auto,D:\git\git\RDMCT-A3C\cie\results\spbs\cie_spbs_600s_mem2048_repro_v1\s7to9_both\solutions\cie_core_spbs__cie_core_n008_f006_m002_proc110__scip_default__solverseed_7__trainseed_-1__spbs_auto.sol,7,0.30593729999964125,optimal,cie_core_spbs,32.43243239590942,8,-1,checked active primary model at feasibility tolerance 1.000001e-06; removed 13 inactive auxiliaries,0.04954954949375012,auto
0.18018017997727484,0.36486486445398103,0.6689189181656319,0.22297297272187727,0,0.0,888.000001,0.0,cie_core_n008_f006_m002_proc110.lp,0.13851351335752982,0.1430180178569617,437.50000000000006,scip_default,551.0,D:\git\git\RDMCT-A3C\cie\data\core\spbs\cie_core_n008_f006_m002_proc110.lp,0.0,6,0.0,0,76.0,584.0000000000003,True,spbs_auto,D:\git\git\RDMCT-A3C\cie\results\spbs\cie_spbs_600s_mem2048_repro_v1\s7to9_both\solutions\cie_core_spbs__cie_core_n008_f006_m002_proc110__scip_default__solverseed_8__trainseed_-1__spbs_auto.sol,8,0.3413005999973393,optimal,cie_core_spbs,32.43243239590942,8,-1,checked active primary model at feasibility tolerance 1.000001e-06; removed 13 inactive auxiliaries,0.04954954949375089,auto
0.18018017997727484,0.36486486445398103,0.6689189181656319,0.22297297272187727,0,0.0,888.000001,0.0,cie_core_n008_f006_m002_proc110.lp,0.11261261248579661,0.1430180178569617,431.75000000000006,scip_default,551.0,D:\git\git\RDMCT-A3C\cie\data\core\spbs\cie_core_n008_f006_m002_proc110.lp,0.0,4,0.0,0,76.0,538.0000000000003,True,spbs_auto,D:\git\git\RDMCT-A3C\cie\results\spbs\cie_spbs_600s_mem2048_repro_v1\s7to9_both\solutions\cie_core_spbs__cie_core_n008_f006_m002_proc110__scip_default__solverseed_9__trainseed_-1__spbs_auto.sol,9,0.2057217000037781,optimal,cie_core_spbs,32.43243239590942,8,-1,checked active primary model at feasibility tolerance 1.000001e-06; removed 13 inactive auxiliaries,0.04954954949375089,auto
0.30592734196374033,0.6195028674765747,0.7743785843457182,0.7743785843457183,0,0.0,1046.000001,0.0,cie_core_n016_f000_m016_proc090.lp,0.22944550551678167,0.25956023063139627,480.93750006249996,scip_default,487.4999995,D:\git\git\RDMCT-A3C\cie\data\core\spbs\cie_core_n016_f000_m016_proc090.lp,810.4025797906149,4,0.0,0.0,28.000000000000057,591.0000009999998,True,spbs_auto,D:\git\git\RDMCT-A3C\cie\results\spbs\cie_spbs_600s_mem2048_repro_v1\s7to9_both\solutions\cie_core_spbs__cie_core_n016_f000_m016_proc090__scip_default__solverseed_7__trainseed_-1__spbs_auto.sol,7,8.775225099998352,optimal,cie_core_spbs,55.0669215534733,16,-1,checked active primary model at feasibility tolerance 1.000001e-06; removed 13 inactive auxiliaries,0.045889101294560974,auto
0.305927341963741,0.619502867476575,0.7743785843457182,0.7743785843457183,0,0.0,1046.000001,0.0,cie_core_n016_f000_m016_proc090.lp,0.22944550551678167,0.2595602306313955,480.93750006249996,scip_default,487.4999995,D:\git\git\RDMCT-A3C\cie\data\core\spbs\cie_core_n016_f000_m016_proc090.lp,2701.3419326353833,4,0.0,0.0,28.000000000000412,591.0000010000005,True,spbs_auto,D:\git\git\RDMCT-A3C\cie\results\spbs\cie_spbs_600s_mem2048_repro_v1\s7to9_both\solutions\cie_core_spbs__cie_core_n016_f000_m016_proc090__scip_default__solverseed_8__trainseed_-1__spbs_auto.sol,8,30.926334899999347,optimal,cie_core_spbs,55.0669215534733,16,-1,checked active primary model at feasibility tolerance 1.000001e-06; removed 13 inactive auxiliaries,0.045889101294560974,auto
0.30592734196374033,0.6195028674765742,0.7743785843457183,0.7743785843457182,0,0.0,1046.000001,0.0,cie_core_n016_f000_m016_proc090.lp,0.22944550551677406,0.2595602306314041,480.93750006249996,scip_default,487.4999995,D:\git\git\RDMCT-A3C\cie\data\core\spbs\cie_core_n016_f000_m016_proc090.lp,1020.8333333333334,4,0.0,0.0,28.000000000000057,591.0000009999998,True,spbs_auto,D:\git\git\RDMCT-A3C\cie\results\spbs\cie_spbs_600s_mem2048_repro_v1\s7to9_both\solutions\cie_core_spbs__cie_core_n016_f000_m016_proc090__scip_default__solverseed_9__trainseed_-1__spbs_auto.sol,9,32.33423229999971,optimal,cie_core_spbs,55.0669215534733,16,-1,checked active primary model at feasibility tolerance 1.000001e-06; removed 13 inactive auxiliaries,0.04588910129456119,auto
0.281690140597104,0.5704225347091356,0.7922535204293543,0.7922535204293543,0,0.0,1136.000001,0.0,cie_core_n016_f000_m016_proc100.lp,0.22491197031257754,0.23547535410609535,518.3750001249999,scip_default,532.4999995,D:\git\git\RDMCT-A3C\cie\data\core\spbs\cie_core_n016_f000_m016_proc100.lp,2157.8245317728374,4,1.787966796594151e-15,9.947598300641403e-13,28.000000000000412,614.0000020000004,True,spbs_auto,D:\git\git\RDMCT-A3C\cie\results\spbs\cie_spbs_600s_mem2048_repro_v1\s7to9_both\solutions\cie_core_spbs__cie_core_n016_f000_m016_proc100__scip_default__solverseed_7__trainseed_-1__spbs_auto.sol,7,24.759041299999808,optimal,cie_core_spbs,50.70422530747867,16,-1,checked active primary model at feasibility tolerance 1.000001e-06; removed 13 inactive auxiliaries,0.04225352108956556,auto
0.2816901405971035,0.5704225347091348,0.7922535204293543,0.7922535204293543,0,0.0,1136.000001,0.0,cie_core_n016_f000_m016_proc100.lp,0.22491197031257662,0.23547535410609735,518.3749999999998,scip_default,532.4999995,D:\git\git\RDMCT-A3C\cie\data\core\spbs\cie_core_n016_f000_m016_proc100.lp,3478.3382085238372,4,1.8470415398017086e-15,2.0747847884194925e-12,28.0,614.0000020000017,True,spbs_auto,D:\git\git\RDMCT-A3C\cie\results\spbs\cie_spbs_600s_mem2048_repro_v1\s7to9_both\solutions\cie_core_spbs__cie_core_n016_f000_m016_proc100__scip_default__solverseed_8__trainseed_-1__spbs_auto.sol,8,39.52959109999938,optimal,cie_core_spbs,50.70422530747867,16,-1,checked active primary model at feasibility tolerance 1.000001e-06; removed 13 inactive auxiliaries,0.04225352108956556,auto
0.281690140597104,0.5704225347091346,0.7922535204293552,0.7922535204293534,0,0.0,1136.000001,0.0,cie_core_n016_f000_m016_proc100.lp,0.22491197031257493,0.23547535410609996,518.3750001250002,scip_default,532.4999995,D:\git\git\RDMCT-A3C\cie\data\core\spbs\cie_core_n016_f000_m016_proc100.lp,867.9734457626366,4,7.723290606088045e-17,5.684341886080802e-14,28.000000000000412,614.0000020000044,True,spbs_auto,D:\git\git\RDMCT-A3C\cie\results\spbs\cie_spbs_600s_mem2048_repro_v1\s7to9_both\solutions\cie_core_spbs__cie_core_n016_f000_m016_proc100__scip_default__solverseed_9__trainseed_-1__spbs_auto.sol,9,22.30068680000113,optimal,cie_core_spbs,50.70422530747867,16,-1,checked active primary model at feasibility tolerance 1.000001e-06; removed 13 inactive auxiliaries,0.04225352108956556,auto
0.2610114190366952,0.528548123549308,0.8075040776447764,0.8075040776447765,0,0.0,1226.000001,0.0,cie_core_n016_f000_m016_proc110.lp,0.21574224982402673,0.2255301813005469,556.6249999374999,scip_default,577.4999995,D:\git\git\RDMCT-A3C\cie\data\core\spbs\cie_core_n016_f000_m016_proc110.lp,2826.8392127077154,4,1.0718136165052711e-09,5.000030682822398e-07,33.49999950000006,650.0000019999997,True,spbs_auto,D:\git\git\RDMCT-A3C\cie\results\spbs\cie_spbs_600s_mem2048_repro_v1\s7to9_both\solutions\cie_core_spbs__cie_core_n016_f000_m016_proc110__scip_default__solverseed_7__trainseed_-1__spbs_auto.sol,7,31.80798309999591,optimal,cie_core_spbs,46.98205542660517,16,-1,checked active primary model at feasibility tolerance 1.000001e-06; removed 13 inactive auxiliaries,0.03915171285550431,auto
0.2610114190366951,0.5285481235493076,0.8075040776447765,0.8075040776447772,0,0.0,1226.000001,0.0,cie_core_n016_f000_m016_proc110.lp,0.2157422498240259,0.22553018130054794,556.6250001249998,scip_default,577.4999995,D:\git\git\RDMCT-A3C\cie\data\core\spbs\cie_core_n016_f000_m016_proc110.lp,2826.6107935357345,4,1.675175680429937e-15,1.0231815394945443e-12,33.49999950000006,650.0000019999997,True,spbs_auto,D:\git\git\RDMCT-A3C\cie\results\spbs\cie_spbs_600s_mem2048_repro_v1\s7to9_both\solutions\cie_core_spbs__cie_core_n016_f000_m016_proc110__scip_default__solverseed_8__trainseed_-1__spbs_auto.sol,8,32.39574949999951,optimal,cie_core_spbs,46.98205542660517,16,-1,checked active primary model at feasibility tolerance 1.000001e-06; removed 13 inactive auxiliaries,0.03915171285550468,auto
0.2610114190366954,0.5285481235493084,0.8075040776447764,0.8075040776447765,0,0.0,1226.000001,0.0,cie_core_n016_f000_m016_proc110.lp,0.21574224982402024,0.2255301813005534,556.6250001249999,scip_default,577.4999995,D:\git\git\RDMCT-A3C\cie\data\core\spbs\cie_core_n016_f000_m016_proc110.lp,963.7336990311219,4,2.5326275730062976e-15,3.069544618483633e-12,33.49999950000006,650.0000019999999,True,spbs_auto,D:\git\git\RDMCT-A3C\cie\results\spbs\cie_spbs_600s_mem2048_repro_v1\s7to9_both\solutions\cie_core_spbs__cie_core_n016_f000_m016_proc110__scip_default__solverseed_9__trainseed_-1__spbs_auto.sol,9,25.540188599999965,optimal,cie_core_spbs,46.98205542660517,16,-1,checked active primary model at feasibility tolerance 1.000001e-06; removed 13 inactive auxiliaries,0.03915171285550431,auto
0.2877697839138834,0.5827338115263625,0.7284172655320185,0.5827338124256147,0,0.0,1112.00000099997,0.0,cie_core_n016_f004_m012_proc090.lp,0.35881294841837214,0.25000000067443895,476.87499975000816,scip_default,622.9999990000326,D:\git\git\RDMCT-A3C\cie\data\core\spbs\cie_core_n016_f004_m012_proc090.lp,1618.6288434146122,4,2.24497647197749e-09,1.9999361597911047e-06,182.999999000032,1190.0000000000036,True,spbs_auto,D:\git\git\RDMCT-A3C\cie\results\spbs\cie_spbs_600s_mem2048_repro_v1\s7to9_both\solutions\cie_core_spbs__cie_core_n016_f004_m012_proc090__scip_default__solverseed_7__trainseed_-1__spbs_auto.sol,7,19.72851400000218,optimal,cie_core_spbs,51.79856110449909,16,-1,checked active primary model at feasibility tolerance 1.000001e-06; removed 13 inactive auxiliaries,0.05035971218492967,auto
0.28776978391387587,0.5827338124255989,0.7284172655319988,0.5827338124255991,0,0.0,1112.000001,0.0,cie_core_n016_f004_m012_proc090.lp,0.36690647538946897,0.24190647280405053,476.8749997500017,scip_default,622.9999990000067,D:\git\git\RDMCT-A3C\cie\data\core\spbs\cie_core_n016_f004_m012_proc090.lp,2241.600811696962,4,0.0,0.0,183.0,1189.9999980000198,True,spbs_auto,D:\git\git\RDMCT-A3C\cie\results\spbs\cie_spbs_600s_mem2048_repro_v1\s7to9_both\solutions\cie_core_spbs__cie_core_n016_f004_m012_proc090__scip_default__solverseed_8__trainseed_-1__spbs_auto.sol,8,25.43416029999935,optimal,cie_core_spbs,51.79856110449769,16,-1,checked active primary model at feasibility tolerance 1.000001e-06; removed 13 inactive auxiliaries,0.05035971218492831,auto
0.28776978391387625,0.5827338124255991,0.7284172655319989,0.5827338124255991,0,0.0,1112.000001,0.0,cie_core_n016_f004_m012_proc090.lp,0.29136690621279954,0.24370503755062495,466.625000375,scip_default,539.0,D:\git\git\RDMCT-A3C\cie\data\core\spbs\cie_core_n016_f004_m012_proc090.lp,430.86554787620037,4,0.0,0.0,98.999999,1026.0000060000002,True,spbs_auto,D:\git\git\RDMCT-A3C\cie\results\spbs\cie_spbs_600s_mem2048_repro_v1\s7to9_both\solutions\cie_core_spbs__cie_core_n016_f004_m012_proc090__scip_default__solverseed_9__trainseed_-1__spbs_auto.sol,9,12.999473799998668,optimal,cie_core_spbs,51.79856110449769,16,-1,checked active primary model at feasibility tolerance 1.000001e-06; removed 13 inactive auxiliaries,0.05035971218492852,auto
0.2662229615089662,0.5391014970556564,0.7487520792439666,0.5990016633951734,0,0.0,1202.000001,0.0,cie_core_n016_f004_m012_proc100.lp,0.19966722113172441,0.23377703724311347,488.8749996874999,scip_default,535.0,D:\git\git\RDMCT-A3C\cie\data\core\spbs\cie_core_n016_f004_m012_proc100.lp,1769.135732021603,4,1.280990543553943e-09,5.000001692678779e-07,75.99999999999899,877.9999979999984,True,spbs_auto,D:\git\git\RDMCT-A3C\cie\results\spbs\cie_spbs_600s_mem2048_repro_v1\s7to9_both\solutions\cie_core_spbs__cie_core_n016_f004_m012_proc100__scip_default__solverseed_7__trainseed_-1__spbs_auto.sol,7,86.89510930000324,optimal,cie_core_spbs,47.92013307161386,16,-1,checked active primary model at feasibility tolerance 1.000001e-06; removed 13 inactive auxiliaries,0.04658901826406903,auto
0.2662229615089662,0.5391014970556564,0.7487520792439657,0.5990016633951725,0,0.0,1202.000001,0.0,cie_core_n016_f004_m012_proc100.lp,0.2262895189465128,0.2071547394283259,488.87499974999974,scip_default,557.000000999999,D:\git\git\RDMCT-A3C\cie\data\core\spbs\cie_core_n016_f004_m012_proc100.lp,3834.9301052432725,4,0.0,0.0,75.99999999999899,877.9999980000005,True,spbs_auto,D:\git\git\RDMCT-A3C\cie\results\spbs\cie_spbs_600s_mem2048_repro_v1\s7to9_both\solutions\cie_core_spbs__cie_core_n016_f004_m012_proc100__scip_default__solverseed_8__trainseed_-1__spbs_auto.sol,8,43.312393500000326,optimal,cie_core_spbs,47.92013307161386,16,-1,checked active primary model at feasibility tolerance 1.000001e-06; removed 13 inactive auxiliaries,0.04658901826406903,auto
0.26622296150896607,0.5391014970556559,0.7487520792439658,0.5990016633951732,0,0.0,1202.000001,0.0,cie_core_n016_f004_m012_proc100.lp,0.26289517365815535,0.2620632302312311,502.6250003750002,scip_default,557.0,D:\git\git\RDMCT-A3C\cie\data\core\spbs\cie_core_n016_f004_m012_proc100.lp,2574.568485437105,4,0.0,0.0,98.99999899999898,1098.0000060000064,True,spbs_auto,D:\git\git\RDMCT-A3C\cie\results\spbs\cie_spbs_600s_mem2048_repro_v1\s7to9_both\solutions\cie_core_spbs__cie_core_n016_f004_m012_proc100__scip_default__solverseed_9__trainseed_-1__spbs_auto.sol,9,72.15115320000041,optimal,cie_core_spbs,47.92013307161386,16,-1,checked active primary model at feasibility tolerance 1.000001e-06; removed 13 inactive auxiliaries,0.04658901826406922,auto
0.24767801838415013,0.501547987227904,0.7662538693759644,0.6130030955007716,0,0.0,1292.000001,0.0,cie_core_n016_f004_m012_proc110.lp,0.33668730624095405,0.2430340555394473,548.875,scip_default,695.0,D:\git\git\RDMCT-A3C\cie\data\core\spbs\cie_core_n016_f004_m012_proc110.lp,2123.568012468324,4,0.0,0.0,219.0,1334.0,True,spbs_auto,D:\git\git\RDMCT-A3C\cie\results\spbs\cie_spbs_600s_mem2048_repro_v1\s7to9_both\solutions\cie_core_spbs__cie_core_n016_f004_m012_proc110__scip_default__solverseed_7__trainseed_-1__spbs_auto.sol,7,31.93016329999591,optimal,cie_core_spbs,44.582043309147025,16,-1,checked active primary model at feasibility tolerance 1.000001e-06; removed 13 inactive auxiliaries,0.04334365321722627,auto
0.24767801838415013,0.501547987227904,0.7662538693759646,0.6130030955007716,0,0.0,1292.000001,0.0,cie_core_n016_f004_m012_proc110.lp,0.24458204238035444,0.27167182873709605,538.625000375,scip_default,596.0000010000001,D:\git\git\RDMCT-A3C\cie\data\core\spbs\cie_core_n016_f004_m012_proc110.lp,967.079076838297,4,2.0974545981231085e-16,1.1368683772161603e-13,98.999999,1170.000006,True,spbs_auto,D:\git\git\RDMCT-A3C\cie\results\spbs\cie_spbs_600s_mem2048_repro_v1\s7to9_both\solutions\cie_core_spbs__cie_core_n016_f004_m012_proc110__scip_default__solverseed_8__trainseed_-1__spbs_auto.sol,8,11.238079900002049,optimal,cie_core_spbs,44.582043309147025,16,-1,checked active primary model at feasibility tolerance 1.000001e-06; removed 13 inactive auxiliaries,0.04334365321722627,auto
0.24767801838415046,0.501547987227904,0.7662538693759637,0.6130030955007716,0,0.0,1292.000001,0.0,cie_core_n016_f004_m012_proc110.lp,0.28482972114177263,0.23142414997567945,538.6250003750002,scip_default,613.000001000001,D:\git\git\RDMCT-A3C\cie\data\core\spbs\cie_core_n016_f004_m012_proc110.lp,2252.1140761408465,4,1.677963678498488e-15,9.094947017729282e-13,98.99999899999898,1170.0000060000066,True,spbs_auto,D:\git\git\RDMCT-A3C\cie\results\spbs\cie_spbs_600s_mem2048_repro_v1\s7to9_both\solutions\cie_core_spbs__cie_core_n016_f004_m012_proc110__scip_default__solverseed_9__trainseed_-1__spbs_auto.sol,9,64.9197736999995,optimal,cie_core_spbs,44.582043309147025,16,-1,checked active primary model at feasibility tolerance 1.000001e-06; removed 13 inactive auxiliaries,0.04334365321722662,auto
0.29143897969814286,0.5901639338887393,0.5901639338887394,0.5901639338887397,0,0.0,1098.000001,0.0,cie_core_n016_f008_m008_proc090.lp,0.2030965389771434,0.285063752017246,435.875,scip_default,532.0,D:\git\git\RDMCT-A3C\cie\data\core\spbs\cie_core_n016_f008_m008_proc090.lp,2796.513303288444,4,0.003003003003003003,0.0,84.0,1194.0,True,spbs_auto,D:\git\git\RDMCT-A3C\cie\results\spbs\cie_spbs_600s_mem2048_repro_v1\s7to9_both\solutions\cie_core_spbs__cie_core_n016_f008_m008_proc090__scip_default__solverseed_7__trainseed_-1__spbs_auto.sol,7,32.29542109999966,optimal,cie_core_spbs,52.45901634566574,16,-1,checked active primary model at feasibility tolerance 1.000001e-06; removed 13 inactive auxiliaries,0.058287795939628594,auto
0.2914389796981433,0.5901639338887384,0.5901639338887387,0.5901639338887384,0,0.0,1098.000001,0.0,cie_core_n016_f008_m008_proc090.lp,0.2877959915411685,0.30418943779218083,466.37500050000074,scip_default,560.000001000002,D:\git\git\RDMCT-A3C\cie\data\core\spbs\cie_core_n016_f008_m008_proc090.lp,1450.813005016054,4,0.10236875903870073,6.999998999998979,98.99999899999898,1536.0000060000102,True,spbs_auto,D:\git\git\RDMCT-A3C\cie\results\spbs\cie_spbs_600s_mem2048_repro_v1\s7to9_both\solutions\cie_core_spbs__cie_core_n016_f008_m008_proc090__scip_default__solverseed_8__trainseed_-1__spbs_auto.sol,8,17.107498200002738,optimal,cie_core_spbs,52.45901634566574,16,-1,checked active primary model at feasibility tolerance 1.000001e-06; removed 13 inactive auxiliaries,0.05828779593962901,auto
0.2914389796981432,0.5901639338887396,0.5901639338887397,0.5901639338887396,0,0.0,1098.000001,0.0,cie_core_n016_f008_m008_proc090.lp,0.27231329574470553,0.2887067419957151,447.75000025,scip_default,539.0,D:\git\git\RDMCT-A3C\cie\data\core\spbs\cie_core_n016_f008_m008_proc090.lp,997.0787530398815,4,0.0,0.0,98.999999,1388.0000040000002,True,spbs_auto,D:\git\git\RDMCT-A3C\cie\results\spbs\cie_spbs_600s_mem2048_repro_v1\s7to9_both\solutions\cie_core_spbs__cie_core_n016_f008_m008_proc090__scip_default__solverseed_9__trainseed_-1__spbs_auto.sol,9,12.342708699998184,optimal,cie_core_spbs,52.45901634566574,16,-1,checked active primary model at feasibility tolerance 1.000001e-06; removed 13 inactive auxiliaries,0.0582877959396288,auto
0.27350427327050886,0.5538461533727809,0.6153846148586448,0.6153846148586447,0,0.0,1170.000001,0.0,cie_core_n016_f008_m008_proc100.lp,0.2555555544824311,0.282051283519614,473.1249997499998,scip_default,556.999999000001,D:\git\git\RDMCT-A3C\cie\data\core\spbs\cie_core_n016_f008_m008_proc100.lp,1014.6373792118591,4,2.7173899146796826e-09,1.0231815394945443e-12,98.999999,1362.0000019999998,True,spbs_auto,D:\git\git\RDMCT-A3C\cie\results\spbs\cie_spbs_600s_mem2048_repro_v1\s7to9_both\solutions\cie_core_spbs__cie_core_n016_f008_m008_proc100__scip_default__solverseed_7__trainseed_-1__spbs_auto.sol,7,11.780826800000796,optimal,cie_core_spbs,49.230769188691646,16,-1,checked active primary model at feasibility tolerance 1.000001e-06; removed 13 inactive auxiliaries,0.05470085465410183,auto
0.27350427327050914,0.553846153372781,0.6153846148586446,0.6153846148586465,0,0.0,1170.000001,0.0,cie_core_n016_f008_m008_proc100.lp,0.19059829043538692,0.25299145277522095,459.37499981249977,scip_default,557.0,D:\git\git\RDMCT-A3C\cie\data\core\spbs\cie_core_n016_f008_m008_proc100.lp,813.9753857509355,4,1.3586984309742334e-09,1.1368683772161603e-13,76.0,1142.000000000002,True,spbs_auto,D:\git\git\RDMCT-A3C\cie\results\spbs\cie_spbs_600s_mem2048_repro_v1\s7to9_both\solutions\cie_core_spbs__cie_core_n016_f008_m008_proc100__scip_default__solverseed_8__trainseed_-1__spbs_auto.sol,8,40.05024599999524,optimal,cie_core_spbs,49.230769188691646,16,-1,checked active primary model at feasibility tolerance 1.000001e-06; removed 13 inactive auxiliaries,0.05470085465410202,auto
0.27350427327050914,0.553846153372781,0.6153846148586456,0.6153846148586457,0,0.0,1170.000001,0.0,cie_core_n016_f008_m008_proc100.lp,0.2555555544824311,0.2820512835196143,473.12500025,scip_default,557.0,D:\git\git\RDMCT-A3C\cie\data\core\spbs\cie_core_n016_f008_m008_proc100.lp,2240.3111288475284,4,0.0,0.0,98.999999,1362.000004,True,spbs_auto,D:\git\git\RDMCT-A3C\cie\results\spbs\cie_spbs_600s_mem2048_repro_v1\s7to9_both\solutions\cie_core_spbs__cie_core_n016_f008_m008_proc100__scip_default__solverseed_9__trainseed_-1__spbs_auto.sol,9,25.800389499996527,optimal,cie_core_spbs,49.230769188691646,16,-1,checked active primary model at feasibility tolerance 1.000001e-06; removed 13 inactive auxiliaries,0.05470085465410183,auto
0.2576489530936803,0.5217391300147036,0.6376811589068558,0.6376811589068581,0,0.0,1242.000001,0.0,cie_core_n016_f008_m008_proc110.lp,0.2544283403748541,0.29790660362487853,513.1250002499997,scip_default,609.0000009999991,D:\git\git\RDMCT-A3C\cie\data\core\spbs\cie_core_n016_f008_m008_proc110.lp,1846.5288567972773,4,0.012224938875310547,3.979039320256561e-12,98.99999899999705,1550.0000040000118,True,spbs_auto,D:\git\git\RDMCT-A3C\cie\results\spbs\cie_spbs_600s_mem2048_repro_v1\s7to9_both\solutions\cie_core_spbs__cie_core_n016_f008_m008_proc110__scip_default__solverseed_7__trainseed_-1__spbs_auto.sol,7,28.393043000000034,optimal,cie_core_spbs,46.376811556862464,16,-1,checked active primary model at feasibility tolerance 1.000001e-06; removed 13 inactive auxiliaries,0.051529790618736075,auto
0.25764895309368074,0.5217391300147027,0.637681158906859,0.637681158906859,0,0.0,1242.000001,0.0,cie_core_n016_f008_m008_proc110.lp,0.1964573267339313,0.2624798709641869,497.12500000000006,scip_default,609.0,D:\git\git\RDMCT-A3C\cie\data\core\spbs\cie_core_n016_f008_m008_proc110.lp,5840.040399705625,4,0.012224938875305624,0.0,84.0,1294.0000000000005,True,spbs_auto,D:\git\git\RDMCT-A3C\cie\results\spbs\cie_spbs_600s_mem2048_repro_v1\s7to9_both\solutions\cie_core_spbs__cie_core_n016_f008_m008_proc110__scip_default__solverseed_8__trainseed_-1__spbs_auto.sol,8,67.77902240000185,optimal,cie_core_spbs,46.376811556862464,16,-1,checked active primary model at feasibility tolerance 1.000001e-06; removed 13 inactive auxiliaries,0.05152979061873644,auto
0.25764895309368063,0.5217391300147013,0.6376811589068588,0.637681158906859,0,0.0,1242.000001,0.0,cie_core_n016_f008_m008_proc110.lp,0.1964573259287783,0.2624798693538811,497.1249991249998,scip_default,608.999999,D:\git\git\RDMCT-A3C\cie\data\core\spbs\cie_core_n016_f008_m008_proc110.lp,3856.536331058483,4,0.01222493646020644,1.0231815394945443e-12,83.99999999999999,1293.9999939999982,True,spbs_auto,D:\git\git\RDMCT-A3C\cie\results\spbs\cie_spbs_600s_mem2048_repro_v1\s7to9_both\solutions\cie_core_spbs__cie_core_n016_f008_m008_proc110__scip_default__solverseed_9__trainseed_-1__spbs_auto.sol,9,43.67101309999998,optimal,cie_core_spbs,46.376811556862464,16,-1,checked active primary model at feasibility tolerance 1.000001e-06; removed 13 inactive auxiliaries,0.051529790618736075,auto
0.2938475663050068,0.5950413217676369,0.5950413217676407,0.44628099132572907,0,0.0,1089.000001,0.0,cie_core_n016_f012_m004_proc090.lp,0.20477502276880155,0.24977043135925578,407.0,scip_default,479.00000000000205,D:\git\git\RDMCT-A3C\cie\data\core\spbs\cie_core_n016_f012_m004_proc090.lp,1271.1306686198086,6,0.31032899487810867,0,84.0,1399.9999999999998,True,spbs_auto,D:\git\git\RDMCT-A3C\cie\results\spbs\cie_spbs_600s_mem2048_repro_v1\s7to9_both\solutions\cie_core_spbs__cie_core_n016_f012_m004_proc090__scip_default__solverseed_7__trainseed_-1__spbs_auto.sol,7,14.357847400002356,optimal,cie_core_spbs,52.892561934901224,16,-1,checked active primary model at feasibility tolerance 1.000001e-06; removed 13 inactive auxiliaries,0.06611570241862653,auto
0.2938475663050066,0.5950413217676386,0.5950413217676352,0.44628099132572907,0,0.0,1089.000001,0.0,cie_core_n016_f012_m004_proc090.lp,0.2304866848204897,0.30303030275203807,417.74999999999943,scip_default,536.9999999999961,D:\git\git\RDMCT-A3C\cie\data\core\spbs\cie_core_n016_f012_m004_proc090.lp,1171.6299980762847,6,0.31032899487810867,0,84.0,1571.9999999999998,True,spbs_auto,D:\git\git\RDMCT-A3C\cie\results\spbs\cie_spbs_600s_mem2048_repro_v1\s7to9_both\solutions\cie_core_spbs__cie_core_n016_f012_m004_proc090__scip_default__solverseed_8__trainseed_-1__spbs_auto.sol,8,14.011983799999143,optimal,cie_core_spbs,52.892561934901224,16,-1,checked active primary model at feasibility tolerance 1.000001e-06; removed 13 inactive auxiliaries,0.06611570241862653,auto
0.293847566305007,0.595041321767639,0.5950413217676379,0.44628099132572907,0,0.0,1089.000001,0.0,cie_core_n016_f012_m004_proc090.lp,0.2047750227688016,0.24977043135925597,406.99999999999994,scip_default,479.0,D:\git\git\RDMCT-A3C\cie\data\core\spbs\cie_core_n016_f012_m004_proc090.lp,1168.9661799874675,6,0.31032899487810867,0,84.0,1400.0000000000002,True,spbs_auto,D:\git\git\RDMCT-A3C\cie\results\spbs\cie_spbs_600s_mem2048_repro_v1\s7to9_both\solutions\cie_core_spbs__cie_core_n016_f012_m004_proc090__scip_default__solverseed_9__trainseed_-1__spbs_auto.sol,9,13.687529199996789,optimal,cie_core_spbs,52.892561934901224,16,-1,checked active primary model at feasibility tolerance 1.000001e-06; removed 13 inactive auxiliaries,0.06611570241862653,auto
0.27633851444184887,0.5595854917447448,0.6217616574941627,0.4663212431206206,0,0.0,1158.000001,0.0,cie_core_n016_f012_m004_proc100.lp,0.22797927441452565,0.2754749565842185,437.87500000000017,scip_default,573.000000000002,D:\git\git\RDMCT-A3C\cie\data\core\spbs\cie_core_n016_f012_m004_proc100.lp,2140.751281730858,6,0.2861125704223025,0,76.00000000000001,1533.9999999999995,True,spbs_auto,D:\git\git\RDMCT-A3C\cie\results\spbs\cie_spbs_600s_mem2048_repro_v1\s7to9_both\solutions\cie_core_spbs__cie_core_n016_f012_m004_proc100__scip_default__solverseed_7__trainseed_-1__spbs_auto.sol,7,24.901487499999348,optimal,cie_core_spbs,49.74093259953287,16,-1,checked active primary model at feasibility tolerance 1.000001e-06; removed 13 inactive auxiliaries,0.062176165749415695,auto
0.27633851444184926,0.5595854917447448,0.6217616574941609,0.4663212431206206,0,0.0,1158.000001,0.0,cie_core_n016_f012_m004_proc100.lp,0.19257340225166372,0.2253886008416333,425.5,scip_default,515.0,D:\git\git\RDMCT-A3C\cie\data\core\spbs\cie_core_n016_f012_m004_proc100.lp,1611.5466032301977,6,0.2861125704223025,0,76.0,1336.0,True,spbs_auto,D:\git\git\RDMCT-A3C\cie\results\spbs\cie_spbs_600s_mem2048_repro_v1\s7to9_both\solutions\cie_core_spbs__cie_core_n016_f012_m004_proc100__scip_default__solverseed_8__trainseed_-1__spbs_auto.sol,8,19.05833469999925,optimal,cie_core_spbs,49.74093259953287,16,-1,checked active primary model at feasibility tolerance 1.000001e-06; removed 13 inactive auxiliaries,0.06217616574941608,auto
0.276338514441849,0.5595854917447446,0.6217616574941609,0.46632124312062057,0,0.0,1158.000001,0.0,cie_core_n016_f012_m004_proc100.lp,0.20379965440086384,0.2193436958382176,427.49999999999994,scip_default,515.0000000000001,D:\git\git\RDMCT-A3C\cie\data\core\spbs\cie_core_n016_f012_m004_proc100.lp,892.398347251372,6,0.2861125704223025,0,76.0,1367.9999999999998,True,spbs_auto,D:\git\git\RDMCT-A3C\cie\results\spbs\cie_spbs_600s_mem2048_repro_v1\s7to9_both\solutions\cie_core_spbs__cie_core_n016_f012_m004_proc100__scip_default__solverseed_9__trainseed_-1__spbs_auto.sol,9,10.038176199999725,optimal,cie_core_spbs,49.74093259953287,16,-1,checked active primary model at feasibility tolerance 1.000001e-06; removed 13 inactive auxiliaries,0.062176165749416284,auto
0.2601626014145019,0.5268292678643663,0.6439024385008916,0.4829268288756683,0,0.0,1230.000001,0.0,cie_core_n016_f012_m004_proc110.lp,0.18130081286073113,0.21219512177870314,447.9999999999998,scip_default,550.9999999999991,D:\git\git\RDMCT-A3C\cie\data\core\spbs\cie_core_n016_f012_m004_proc110.lp,1158.5745018064447,6,0.26540200902444144,0,76.0,1336.0,True,spbs_auto,D:\git\git\RDMCT-A3C\cie\results\spbs\cie_spbs_600s_mem2048_repro_v1\s7to9_both\solutions\cie_core_spbs__cie_core_n016_f012_m004_proc110__scip_default__solverseed_7__trainseed_-1__spbs_auto.sol,7,14.185419899997214,optimal,cie_core_spbs,46.82926825461035,16,-1,checked active primary model at feasibility tolerance 1.000001e-06; removed 13 inactive auxiliaries,0.05853658531826293,auto
0.2601626014145023,0.5268292678643668,0.6439024385008916,0.48292682887566846,0,0.0,1230.000001,0.0,cie_core_n016_f012_m004_proc110.lp,0.19186991854319518,0.20650406487276127,449.9999999999999,scip_default,550.9999999999991,D:\git\git\RDMCT-A3C\cie\data\core\spbs\cie_core_n016_f012_m004_proc110.lp,2401.4930752372775,6,0.26540200902444144,0,76.0,1368.0000000000005,True,spbs_auto,D:\git\git\RDMCT-A3C\cie\results\spbs\cie_spbs_600s_mem2048_repro_v1\s7to9_both\solutions\cie_core_spbs__cie_core_n016_f012_m004_proc110__scip_default__solverseed_8__trainseed_-1__spbs_auto.sol,8,27.183682499995484,optimal,cie_core_spbs,46.82926825461035,16,-1,checked active primary model at feasibility tolerance 1.000001e-06; removed 13 inactive auxiliaries,0.05853658531826293,auto
0.2601626014145021,0.5268292678643666,0.6439024385008916,0.48292682887566846,0,0.0,1230.000001,0.0,cie_core_n016_f012_m004_proc110.lp,0.19186991854319518,0.2065040648727611,449.99999999999983,scip_default,550.9999999999991,D:\git\git\RDMCT-A3C\cie\data\core\spbs\cie_core_n016_f012_m004_proc110.lp,708.6428363564646,6,0.26540200902444144,0,76.0,1368.0000000000002,True,spbs_auto,D:\git\git\RDMCT-A3C\cie\results\spbs\cie_spbs_600s_mem2048_repro_v1\s7to9_both\solutions\cie_core_spbs__cie_core_n016_f012_m004_proc110__scip_default__solverseed_9__trainseed_-1__spbs_auto.sol,9,8.477232599998388,optimal,cie_core_spbs,46.82926825461035,16,-1,checked active primary model at feasibility tolerance 1.000001e-06; removed 13 inactive auxiliaries,0.05853658531826293,auto
0.04568383439176939,0.09250976464333302,0.1709336803492038,0.1709336803492038,2,0.04758732749142645,10506.9989503,4.080753843955593,cie_core_n024_f000_m024_proc090.lp,0.02855239649485587,0.034262875793827044,472.0,scip_default,472.0,D:\git\git\RDMCT-A3C\cie\data\core\spbs\cie_core_n024_f000_m024_proc090.lp,43430.70228370045,4,0.0,0.0,28.0,672.0,True,spbs_auto,D:\git\git\RDMCT-A3C\cie\results\spbs\cie_spbs_600s_mem2048_repro_v1\s7to9_both\solutions\cie_core_spbs__cie_core_n024_f000_m024_proc090__scip_default__solverseed_7__trainseed_-1__spbs_auto.sol,7,539.4818717000016,timelimit,cie_core_spbs,8.22309019051849,24,-1,checked active primary model at feasibility tolerance 1.000001e-06; removed 13 inactive auxiliaries,0.010659561358079524,auto
0.04568383439176939,0.09250976464333302,0.1709336803492038,0.1709336803492038,2,0.04758732749142645,10506.9989503,4.0660554239633555,cie_core_n024_f000_m024_proc090.lp,0.02855239649485587,0.034262875793827044,472.0,scip_default,472.0,D:\git\git\RDMCT-A3C\cie\data\core\spbs\cie_core_n024_f000_m024_proc090.lp,43410.92524514321,4,0.0,0.0,28.0,672.0,True,spbs_auto,D:\git\git\RDMCT-A3C\cie\results\spbs\cie_spbs_600s_mem2048_repro_v1\s7to9_both\solutions\cie_core_spbs__cie_core_n024_f000_m024_proc090__scip_default__solverseed_8__trainseed_-1__spbs_auto.sol,8,539.822694399998,timelimit,cie_core_spbs,8.22309019051849,24,-1,checked active primary model at feasibility tolerance 1.000001e-06; removed 13 inactive auxiliaries,0.010659561358079524,auto
0.04568383439176939,0.09250976464333302,0.1709336803492038,0.1709336803492038,2,0.04758732749142645,10506.9989503,4.061174831069364,cie_core_n024_f000_m024_proc090.lp,0.02855239649485587,0.034262875793827044,472.0,scip_default,472.0,D:\git\git\RDMCT-A3C\cie\data\core\spbs\cie_core_n024_f000_m024_proc090.lp,43398.55228524402,4,0.0,0.0,28.0,672.0,True,spbs_auto,D:\git\git\RDMCT-A3C\cie\results\spbs\cie_spbs_600s_mem2048_repro_v1\s7to9_both\solutions\cie_core_spbs__cie_core_n024_f000_m024_proc090__scip_default__solverseed_9__trainseed_-1__spbs_auto.sol,9,539.7656287999998,timelimit,cie_core_spbs,8.22309019051849,24,-1,checked active primary model at feasibility tolerance 1.000001e-06; removed 13 inactive auxiliaries,0.010659561358079524,auto
0.04568383439176939,0.09250976464333302,0.18463883066673462,0.18463883066673462,2,0.04758732749142645,10506.9989503,3.741425518637184,cie_core_n024_f000_m024_proc100.lp,0.02855239649485587,0.034262875793827044,508.0,scip_default,508.0,D:\git\git\RDMCT-A3C\cie\data\core\spbs\cie_core_n024_f000_m024_proc100.lp,42678.784439402225,4,0.0,0.0,28.0,672.0,True,spbs_auto,D:\git\git\RDMCT-A3C\cie\results\spbs\cie_spbs_600s_mem2048_repro_v1\s7to9_both\solutions\cie_core_spbs__cie_core_n024_f000_m024_proc100__scip_default__solverseed_7__trainseed_-1__spbs_auto.sol,7,539.7544616000014,timelimit,cie_core_spbs,8.22309019051849,24,-1,checked active primary model at feasibility tolerance 1.000001e-06; removed 13 inactive auxiliaries,0.010659561358079524,auto
0.04568383439176939,0.09250976464333302,0.18463883066673462,0.18463883066673462,2,0.04758732749142645,10506.9989503,3.737150112398557,cie_core_n024_f000_m024_proc100.lp,0.02855239649485587,0.034262875793827044,508.0,scip_default,508.0,D:\git\git\RDMCT-A3C\cie\data\core\spbs\cie_core_n024_f000_m024_proc100.lp,42682.95776366038,4,0.0,0.0,28.0,672.0,True,spbs_auto,D:\git\git\RDMCT-A3C\cie\results\spbs\cie_spbs_600s_mem2048_repro_v1\s7to9_both\solutions\cie_core_spbs__cie_core_n024_f000_m024_proc100__scip_default__solverseed_8__trainseed_-1__spbs_auto.sol,8,539.8276796000027,timelimit,cie_core_spbs,8.22309019051849,24,-1,checked active primary model at feasibility tolerance 1.000001e-06; removed 13 inactive auxiliaries,0.010659561358079524,auto
0.04568383439176939,0.09250976464333302,0.18463883066673462,0.18463883066673462,2,0.04758732749142645,10506.9989503,3.749999524999992,cie_core_n024_f000_m024_proc100.lp,0.02855239649485587,0.034262875793827044,508.0,scip_default,508.0,D:\git\git\RDMCT-A3C\cie\data\core\spbs\cie_core_n024_f000_m024_proc100.lp,42694.73571157882,4,0.0,0.0,28.0,672.0,True,spbs_auto,D:\git\git\RDMCT-A3C\cie\results\spbs\cie_spbs_600s_mem2048_repro_v1\s7to9_both\solutions\cie_core_spbs__cie_core_n024_f000_m024_proc100__scip_default__solverseed_9__trainseed_-1__spbs_auto.sol,9,539.8071046999976,timelimit,cie_core_spbs,8.22309019051849,24,-1,checked active primary model at feasibility tolerance 1.000001e-06; removed 13 inactive auxiliaries,0.010659561358079524,auto
0.04568383439176939,0.09250976464333302,0.19834398098426542,0.19834398098426542,2,0.04758732749142645,10506.9989503,3.44458500393401,cie_core_n024_f000_m024_proc110.lp,0.02855239649485587,0.034262875793827044,544.0,scip_default,544.0,D:\git\git\RDMCT-A3C\cie\data\core\spbs\cie_core_n024_f000_m024_proc110.lp,41924.92503214227,4,0.0,0.0,28.0,672.0,True,spbs_auto,D:\git\git\RDMCT-A3C\cie\results\spbs\cie_spbs_600s_mem2048_repro_v1\s7to9_both\solutions\cie_core_spbs__cie_core_n024_f000_m024_proc110__scip_default__solverseed_7__trainseed_-1__spbs_auto.sol,7,539.7872304999983,timelimit,cie_core_spbs,8.22309019051849,24,-1,checked active primary model at feasibility tolerance 1.000001e-06; removed 13 inactive auxiliaries,0.010659561358079524,auto
0.04568383439176939,0.09250976464333302,0.19834398098426542,0.19834398098426542,2,0.04758732749142645,10506.9989503,3.4521181988559317,cie_core_n024_f000_m024_proc110.lp,0.02855239649485587,0.034262875793827044,544.0,scip_default,544.0,D:\git\git\RDMCT-A3C\cie\data\core\spbs\cie_core_n024_f000_m024_proc110.lp,41956.51577998322,4,0.0,0.0,28.0,672.0,True,spbs_auto,D:\git\git\RDMCT-A3C\cie\results\spbs\cie_spbs_600s_mem2048_repro_v1\s7to9_both\solutions\cie_core_spbs__cie_core_n024_f000_m024_proc110__scip_default__solverseed_8__trainseed_-1__spbs_auto.sol,8,539.7334594000022,timelimit,cie_core_spbs,8.22309019051849,24,-1,checked active primary model at feasibility tolerance 1.000001e-06; removed 13 inactive auxiliaries,0.010659561358079524,auto
0.04568383439176939,0.09250976464333302,0.19834398098426542,0.19834398098426542,2,0.04758732749142645,10506.9989503,3.4483484120660455,cie_core_n024_f000_m024_proc110.lp,0.02855239649485587,0.034262875793827044,544.0,scip_default,544.0,D:\git\git\RDMCT-A3C\cie\data\core\spbs\cie_core_n024_f000_m024_proc110.lp,41928.54119158219,4,0.0,0.0,28.0,672.0,True,spbs_auto,D:\git\git\RDMCT-A3C\cie\results\spbs\cie_spbs_600s_mem2048_repro_v1\s7to9_both\solutions\cie_core_spbs__cie_core_n024_f000_m024_proc110__scip_default__solverseed_9__trainseed_-1__spbs_auto.sol,9,539.8272029,timelimit,cie_core_spbs,8.22309019051849,24,-1,checked active primary model at feasibility tolerance 1.000001e-06; removed 13 inactive auxiliaries,0.010659561358079524,auto
0.0456490773137761,0.0924393815603966,0.17080363094904558,0.15539706735564612,2,0.0475511222018501,10514.9989495,3.9505644766949155,cie_core_n024_f006_m018_proc090.lp,0.03157394514202847,0.0465049975134094,505.1666666666667,scip_default,625.0,D:\git\git\RDMCT-A3C\cie\data\core\spbs\cie_core_n024_f006_m018_proc090.lp,43192.80919032229,8,0.21179203778215375,99.0,126.0,1968.0,True,spbs_auto,D:\git\git\RDMCT-A3C\cie\results\spbs\cie_spbs_600s_mem2048_repro_v1\s7to9_both\solutions\cie_core_spbs__cie_core_n024_f006_m018_proc090__scip_default__solverseed_7__trainseed_-1__spbs_auto.sol,7,539.786509900001,timelimit,cie_core_spbs,8.216833916479699,24,-1,checked active primary model at feasibility tolerance 1.000001e-06; removed 13 inactive auxiliaries,0.012553496261288427,auto
0.0456490773137761,0.0924393815603966,0.17080363094904558,0.15539706735564612,2,0.0475511222018501,10514.9989495,3.9599051643867926,cie_core_n024_f006_m018_proc090.lp,0.03518783042936908,0.04289111222606879,505.1666666666667,scip_default,625.0,D:\git\git\RDMCT-A3C\cie\data\core\spbs\cie_core_n024_f006_m018_proc090.lp,43227.56906065514,8,0.21179203778215375,99.0,126.0,1968.0,True,spbs_auto,D:\git\git\RDMCT-A3C\cie\results\spbs\cie_spbs_600s_mem2048_repro_v1\s7to9_both\solutions\cie_core_spbs__cie_core_n024_f006_m018_proc090__scip_default__solverseed_8__trainseed_-1__spbs_auto.sol,8,539.7546361000022,timelimit,cie_core_spbs,8.216833916479699,24,-1,checked active primary model at feasibility tolerance 1.000001e-06; removed 13 inactive auxiliaries,0.012553496261288427,auto
0.0456490773137761,0.0924393815603966,0.17080363094904558,0.15539706735564612,2,0.0475511222018501,10514.9989495,3.969281166587885,cie_core_n024_f006_m018_proc090.lp,0.03518783042936908,0.04365193018129839,505.1666666666667,scip_default,625.0,D:\git\git\RDMCT-A3C\cie\data\core\spbs\cie_core_n024_f006_m018_proc090.lp,43232.95184768888,8,0.2085761945353705,99.0,126.0,1984.0,True,spbs_auto,D:\git\git\RDMCT-A3C\cie\results\spbs\cie_spbs_600s_mem2048_repro_v1\s7to9_both\solutions\cie_core_spbs__cie_core_n024_f006_m018_proc090__scip_default__solverseed_9__trainseed_-1__spbs_auto.sol,9,539.773150699999,timelimit,cie_core_spbs,8.216833916479699,24,-1,checked active primary model at feasibility tolerance 1.000001e-06; removed 13 inactive auxiliaries,0.012553496261288427,auto
0.13590033971237236,0.2751981879175543,0.5492638730041722,0.4983012456120322,2,0.1415628538670547,3532.000001,0.5642161204605846,cie_core_n024_f006_m018_proc100.lp,0.35079275188256154,0.10617214054185384,625.5833330416666,scip_default,982.9999994999998,D:\git\git\RDMCT-A3C\cie\data\core\spbs\cie_core_n024_f006_m018_proc100.lp,19998.28629629178,4,0.21465741619296744,1.4779288903810084e-12,570.0,4325.999998000002,True,spbs_auto,D:\git\git\RDMCT-A3C\cie\results\spbs\cie_spbs_600s_mem2048_repro_v1\s7to9_both\solutions\cie_core_spbs__cie_core_n024_f006_m018_proc100__scip_default__solverseed_7__trainseed_-1__spbs_auto.sol,7,539.8233596999999,timelimit,cie_core_spbs,24.46206114822705,24,-1,checked active primary model at feasibility tolerance 1.000001e-06; removed 13 inactive auxiliaries,0.03737259342090244,auto
0.0456490773137761,0.0924393815603966,0.1844983541431784,0.16737995015051235,2,0.0475511222018501,10514.9989495,3.6403349287290383,cie_core_n024_f006_m018_proc100.lp,0.02853067332111006,0.034997625940561675,549.0,scip_default,1034.0,D:\git\git\RDMCT-A3C\cie\data\core\spbs\cie_core_n024_f006_m018_proc100.lp,42473.18001707549,4,0.21465741571734478,0.0,634.0,2488.0,True,spbs_auto,D:\git\git\RDMCT-A3C\cie\results\spbs\cie_spbs_600s_mem2048_repro_v1\s7to9_both\solutions\cie_core_spbs__cie_core_n024_f006_m018_proc100__scip_default__solverseed_8__trainseed_-1__spbs_auto.sol,8,539.8013880000035,timelimit,cie_core_spbs,8.216833916479699,24,-1,checked active primary model at feasibility tolerance 1.000001e-06; removed 13 inactive auxiliaries,0.012553496261288427,auto
0.0456490773137761,0.0924393815603966,0.1844983541431784,0.16737995015051235,2,0.0475511222018501,10514.9989495,3.6691824815719287,cie_core_n024_f006_m018_proc100.lp,0.02853067332111006,0.034997625940561675,549.0,scip_default,1034.0,D:\git\git\RDMCT-A3C\cie\data\core\spbs\cie_core_n024_f006_m018_proc100.lp,42520.47436322193,4,0.21465741571734478,0.0,634.0,2488.0,True,spbs_auto,D:\git\git\RDMCT-A3C\cie\results\spbs\cie_spbs_600s_mem2048_repro_v1\s7to9_both\solutions\cie_core_spbs__cie_core_n024_f006_m018_proc100__scip_default__solverseed_9__trainseed_-1__spbs_auto.sol,9,536.3000577999992,timelimit,cie_core_spbs,8.216833916479699,24,-1,checked active primary model at feasibility tolerance 1.000001e-06; removed 13 inactive auxiliaries,0.012553496261288427,auto
0.0456490773137761,0.0924393815603966,0.19819307733731123,0.17936283294537858,2,0.0475511222018501,10514.9989495,3.373959629159734,cie_core_n024_f006_m018_proc110.lp,0.05943890275231263,0.040418453871572585,616.5,scip_default,944.0,D:\git\git\RDMCT-A3C\cie\data\core\spbs\cie_core_n024_f006_m018_proc110.lp,41752.04822836697,8,0.009304036594559837,6.0,404.0,3612.0,True,spbs_auto,D:\git\git\RDMCT-A3C\cie\results\spbs\cie_spbs_600s_mem2048_repro_v1\s7to9_both\solutions\cie_core_spbs__cie_core_n024_f006_m018_proc110__scip_default__solverseed_7__trainseed_-1__spbs_auto.sol,7,539.7856826000025,timelimit,cie_core_spbs,8.216833916479699,24,-1,checked active primary model at feasibility tolerance 1.000001e-06; removed 13 inactive auxiliaries,0.012553496261288427,auto
0.0456490773137761,0.0924393815603966,0.19819307733731123,0.17936283294537858,2,0.0475511222018501,10514.9989495,3.3812495618750003,cie_core_n024_f006_m018_proc110.lp,0.06371850375047913,0.036138852873406076,616.5,scip_default,944.0,D:\git\git\RDMCT-A3C\cie\data\core\spbs\cie_core_n024_f006_m018_proc110.lp,41779.47571565561,8,0.009304036594559837,6.0,404.0,3612.0,True,spbs_auto,D:\git\git\RDMCT-A3C\cie\results\spbs\cie_spbs_600s_mem2048_repro_v1\s7to9_both\solutions\cie_core_spbs__cie_core_n024_f006_m018_proc110__scip_default__solverseed_8__trainseed_-1__spbs_auto.sol,8,539.7845620000007,timelimit,cie_core_spbs,8.216833916479699,24,-1,checked active primary model at feasibility tolerance 1.000001e-06; removed 13 inactive auxiliaries,0.012553496261288427,auto
0.0456490773137761,0.0924393815603966,0.19819307733731123,0.17936283294537858,2,0.0475511222018501,10514.9989495,3.3630701031120136,cie_core_n024_f006_m018_proc110.lp,0.06371850375047913,0.036138852873406076,616.5,scip_default,944.0,D:\git\git\RDMCT-A3C\cie\data\core\spbs\cie_core_n024_f006_m018_proc110.lp,41738.75293459804,8,0.009304036594559837,6.0,404.0,3612.0,True,spbs_auto,D:\git\git\RDMCT-A3C\cie\results\spbs\cie_spbs_600s_mem2048_repro_v1\s7to9_both\solutions\cie_core_spbs__cie_core_n024_f006_m018_proc110__scip_default__solverseed_9__trainseed_-1__spbs_auto.sol,9,539.8299730000035,timelimit,cie_core_spbs,8.216833916479699,24,-1,checked active primary model at feasibility tolerance 1.000001e-06; removed 13 inactive auxiliaries,0.012553496261288427,auto
0.0456490773137761,0.0924393815603966,0.15539706735564612,0.07703281796699717,1,0.02377556110092505,10514.9989495,4.031099975358852,cie_core_n024_f012_m012_proc090.lp,0.06324299252846063,0.044222543647720595,683.6666666666666,scip_default,2495.0,D:\git\git\RDMCT-A3C\cie\data\core\spbs\cie_core_n024_f012_m012_proc090.lp,43344.80348999535,4,0.3371333808299439,0.0,1866.0,7400.0,True,spbs_auto,D:\git\git\RDMCT-A3C\cie\results\spbs\cie_spbs_600s_mem2048_repro_v1\s7to9_both\solutions\cie_core_spbs__cie_core_n024_f012_m012_proc090__scip_default__solverseed_7__trainseed_-1__spbs_auto.sol,7,539.8017157999966,timelimit,cie_core_spbs,8.216833916479699,24,-1,checked active primary model at feasibility tolerance 1.000001e-06; removed 13 inactive auxiliaries,0.010651451373214422,auto
0.22641509423282308,0.45849056582146674,0.7707547166175699,0.38207547151789023,1,0.11792452824626203,2120.000001,0.0,cie_core_n024_f012_m012_proc090.lp,0.40188679226326096,0.37028301869326413,518.2500000000013,scip_default,805.000000000003,D:\git\git\RDMCT-A3C\cie\data\core\spbs\cie_core_n024_f012_m012_proc090.lp,16088.806075832581,6,0.26338599384765204,2.9558577807620168e-12,259.0,3774.0,True,spbs_auto,D:\git\git\RDMCT-A3C\cie\results\spbs\cie_spbs_600s_mem2048_repro_v1\s7to9_both\solutions\cie_core_spbs__cie_core_n024_f012_m012_proc090__scip_default__solverseed_8__trainseed_-1__spbs_auto.sol,8,200.623472700001,optimal,cie_core_spbs,40.75471696190815,24,-1,checked active primary model at feasibility tolerance 1.000001e-06; removed 13 inactive auxiliaries,0.05283018865432517,auto
0.16973125878015144,0.34370579902980686,0.5777934934307661,0.28642149919150584,1,0.08840169728132896,2828.000001,0.35181644359464626,cie_core_n024_f012_m012_proc090.lp,0.11421499288747702,0.13755304096974777,613.333333125,scip_default,2155.9999999999995,D:\git\git\RDMCT-A3C\cie\data\core\spbs\cie_core_n024_f012_m012_proc090.lp,15138.74365288993,4,0.2887358302378579,5.000007377020665e-07,1792.0,5819.999997999999,True,spbs_auto,D:\git\git\RDMCT-A3C\cie\results\spbs\cie_spbs_600s_mem2048_repro_v1\s7to9_both\solutions\cie_core_spbs__cie_core_n024_f012_m012_proc090__scip_default__solverseed_9__trainseed_-1__spbs_auto.sol,9,539.9923690000032,timelimit,cie_core_spbs,30.55162658042729,24,-1,checked active primary model at feasibility tolerance 1.000001e-06; removed 13 inactive auxiliaries,0.039603960382035376,auto
0.0456490773137761,0.0924393815603966,0.16737995015051235,0.08559201996333018,1,0.02377556110092505,10514.9989495,3.7450356265794147,cie_core_n024_f012_m012_proc100.lp,0.08283405487562288,0.06029482295194593,601.0,scip_default,1292.0,D:\git\git\RDMCT-A3C\cie\data\core\spbs\cie_core_n024_f012_m012_proc100.lp,42689.10966301461,6,0.24014605321403706,0.0,651.0,5112.0,True,spbs_auto,D:\git\git\RDMCT-A3C\cie\results\spbs\cie_spbs_600s_mem2048_repro_v1\s7to9_both\solutions\cie_core_spbs__cie_core_n024_f012_m012_proc100__scip_default__solverseed_7__trainseed_-1__spbs_auto.sol,7,539.6721961000003,timelimit,cie_core_spbs,8.216833916479699,24,-1,checked active primary model at feasibility tolerance 1.000001e-06; removed 13 inactive auxiliaries,0.010651451373214422,auto
0.0456490773137761,0.0924393815603966,0.16737995015051235,0.08559201996333018,1,0.02377556110092505,10514.9989495,3.7322227490998947,cie_core_n024_f012_m012_proc100.lp,0.06428911721690134,0.07883976061066747,601.0,scip_default,1292.0,D:\git\git\RDMCT-A3C\cie\data\core\spbs\cie_core_n024_f012_m012_proc100.lp,42680.183954138745,6,0.24014605321403706,0.0,651.0,5112.0,True,spbs_auto,D:\git\git\RDMCT-A3C\cie\results\spbs\cie_spbs_600s_mem2048_repro_v1\s7to9_both\solutions\cie_core_spbs__cie_core_n024_f012_m012_proc100__scip_default__solverseed_8__trainseed_-1__spbs_auto.sol,8,539.7999304000004,timelimit,cie_core_spbs,8.216833916479699,24,-1,checked active primary model at feasibility tolerance 1.000001e-06; removed 13 inactive auxiliaries,0.010651451373214422,auto
0.0456490773137761,0.0924393815603966,0.16737995015051235,0.08559201996333018,1,0.02377556110092505,10514.9989495,3.749322018292683,cie_core_n024_f012_m012_proc100.lp,0.07246791023561956,0.07066096759194926,601.0,scip_default,1292.0,D:\git\git\RDMCT-A3C\cie\data\core\spbs\cie_core_n024_f012_m012_proc100.lp,42703.08457459334,6,0.24014605321403706,0.0,651.0,5112.0,True,spbs_auto,D:\git\git\RDMCT-A3C\cie\results\spbs\cie_spbs_600s_mem2048_repro_v1\s7to9_both\solutions\cie_core_spbs__cie_core_n024_f012_m012_proc100__scip_default__solverseed_9__trainseed_-1__spbs_auto.sol,9,539.7879263999966,timelimit,cie_core_spbs,8.216833916479699,24,-1,checked active primary model at feasibility tolerance 1.000001e-06; removed 13 inactive auxiliaries,0.010651451373214422,auto
0.0456490773137761,0.0924393815603966,0.17936283294537858,0.0941512219596632,1,0.02377556110092505,10514.9989495,3.4974332542771602,cie_core_n024_f012_m012_proc110.lp,0.07522587532332686,0.04184498753762809,558.5,scip_default,845.0,D:\git\git\RDMCT-A3C\cie\data\core\spbs\cie_core_n024_f012_m012_proc110.lp,42060.35068430421,4,0.2206747516020881,0.0,417.0,3444.0,True,spbs_auto,D:\git\git\RDMCT-A3C\cie\results\spbs\cie_spbs_600s_mem2048_repro_v1\s7to9_both\solutions\cie_core_spbs__cie_core_n024_f012_m012_proc110__scip_default__solverseed_7__trainseed_-1__spbs_auto.sol,7,539.7754592000019,timelimit,cie_core_spbs,8.216833916479699,24,-1,checked active primary model at feasibility tolerance 1.000001e-06; removed 13 inactive auxiliaries,0.010651451373214422,auto
0.0456490773137761,0.0924393815603966,0.17936283294537858,0.0941512219596632,1,0.02377556110092505,10514.9989495,3.485921053114328,cie_core_n024_f012_m012_proc110.lp,0.07313362594644546,0.043937236914509493,558.5,scip_default,845.0,D:\git\git\RDMCT-A3C\cie\data\core\spbs\cie_core_n024_f012_m012_proc110.lp,42036.857047580954,4,0.2206747516020881,0.0,417.0,3444.0,True,spbs_auto,D:\git\git\RDMCT-A3C\cie\results\spbs\cie_spbs_600s_mem2048_repro_v1\s7to9_both\solutions\cie_core_spbs__cie_core_n024_f012_m012_proc110__scip_default__solverseed_8__trainseed_-1__spbs_auto.sol,8,539.7919990000009,timelimit,cie_core_spbs,8.216833916479699,24,-1,checked active primary model at feasibility tolerance 1.000001e-06; removed 13 inactive auxiliaries,0.010651451373214422,auto
0.2023608768118208,0.40978077554393577,0.7951096118064473,0.4173693084243806,1,0.10539629000615672,2372.000001,0.0,cie_core_n024_f012_m012_proc110.lp,0.38167509863054727,0.4367622253639282,642.2500000000009,scip_default,852.000000000003,D:\git\git\RDMCT-A3C\cie\data\core\spbs\cie_core_n024_f012_m012_proc110.lp,27727.370180333877,6,0.21454791037768406,1.3415046851150692e-11,393.00000000000296,5422.0000000000155,True,spbs_auto,D:\git\git\RDMCT-A3C\cie\results\spbs\cie_spbs_600s_mem2048_repro_v1\s7to9_both\solutions\cie_core_spbs__cie_core_n024_f012_m012_proc110__scip_default__solverseed_9__trainseed_-1__spbs_auto.sol,9,469.87738040000113,optimal,cie_core_spbs,36.42495782612776,24,-1,checked active primary model at feasibility tolerance 1.000001e-06; removed 13 inactive auxiliaries,0.04721753792275801,auto
0.22388059691050335,0.4533582087437685,0.7621268653161721,0.3022388058291798,1,0.11660447755755389,2144.000001,0.0,cie_core_n024_f018_m006_proc090.lp,0.19682835811715083,0.1996268660449511,472.2500002500003,scip_default,1109.0000010000022,D:\git\git\RDMCT-A3C\cie\data\core\spbs\cie_core_n024_f018_m006_proc090.lp,40893.97625039714,6,0.7876895473871237,65.99999899999801,530.0000000000001,3666.000006000012,True,spbs_auto,D:\git\git\RDMCT-A3C\cie\results\spbs\cie_spbs_600s_mem2048_repro_v1\s7to9_both\solutions\cie_core_spbs__cie_core_n024_f018_m006_proc090__scip_default__solverseed_7__trainseed_-1__spbs_auto.sol,7,514.3250110000045,optimal,cie_core_spbs,40.29850744389062,24,-1,checked active primary model at feasibility tolerance 1.000001e-06; removed 13 inactive auxiliaries,0.06156716415038845,auto
0.22388059691050335,0.45335820874376864,0.7621268653161717,0.3022388058291798,1,0.11660447755755389,2144.000001,0.0,cie_core_n024_f018_m006_proc090.lp,0.30270522373940806,0.21455223870589915,445.5000001666665,scip_default,672.9999999999991,D:\git\git\RDMCT-A3C\cie\data\core\spbs\cie_core_n024_f018_m006_proc090.lp,3266.7195934537135,6,0.45061721070421695,65.99999899999699,194.0,2932.000004000008,True,spbs_auto,D:\git\git\RDMCT-A3C\cie\results\spbs\cie_spbs_600s_mem2048_repro_v1\s7to9_both\solutions\cie_core_spbs__cie_core_n024_f018_m006_proc090__scip_default__solverseed_8__trainseed_-1__spbs_auto.sol,8,406.372313799995,optimal,cie_core_spbs,40.29850744389062,24,-1,checked active primary model at feasibility tolerance 1.000001e-06; removed 13 inactive auxiliaries,0.06156716415038845,auto
0.22388059691050316,0.45335820874377186,0.7621268653161721,0.3022388058291798,1,0.11660447755755389,2144.000001,0.0,cie_core_n024_f018_m006_proc090.lp,0.19402985065576966,0.2957089555523721,478.0000003333321,scip_default,844.0000009999951,D:\git\git\RDMCT-A3C\cie\data\core\spbs\cie_core_n024_f018_m006_proc090.lp,14440.316823403065,8,0.4967518800918457,65.999999000005,314.000000999995,3804.00000799996,True,spbs_auto,D:\git\git\RDMCT-A3C\cie\results\spbs\cie_spbs_600s_mem2048_repro_v1\s7to9_both\solutions\cie_core_spbs__cie_core_n024_f018_m006_proc090__scip_default__solverseed_9__trainseed_-1__spbs_auto.sol,9,255.01698059999762,optimal,cie_core_spbs,40.29850744389062,24,-1,checked active primary model at feasibility tolerance 1.000001e-06; removed 13 inactive auxiliaries,0.06156716415038845,auto
0.0456490773137761,0.0924393815603966,0.16737995015051235,0.06847361597066415,1,0.02377556110092505,10514.9989495,3.702593447450805,cie_core_n024_f018_m006_proc100.lp,0.02853067332111006,0.03566334165138758,463.75,scip_default,917.0,D:\git\git\RDMCT-A3C\cie\data\core\spbs\cie_core_n024_f018_m006_proc100.lp,42648.90043407692,6,0.47678960597356934,0.0,266.0,2650.0,True,spbs_auto,D:\git\git\RDMCT-A3C\cie\results\spbs\cie_spbs_600s_mem2048_repro_v1\s7to9_both\solutions\cie_core_spbs__cie_core_n024_f018_m006_proc100__scip_default__solverseed_7__trainseed_-1__spbs_auto.sol,7,539.224349199998,timelimit,cie_core_spbs,8.216833916479699,24,-1,checked active primary model at feasibility tolerance 1.000001e-06; removed 13 inactive auxiliaries,0.012553496261288427,auto
0.0456490773137761,0.0924393815603966,0.16737995015051235,0.06847361597066415,1,0.02377556110092505,10514.9989495,3.6774906354537142,cie_core_n024_f018_m006_proc100.lp,0.02853067332111006,0.03870661347230599,461.0833333333333,scip_default,949.0,D:\git\git\RDMCT-A3C\cie\data\core\spbs\cie_core_n024_f018_m006_proc100.lp,42562.76392686772,6,0.4685118867673158,0.0,266.0,2586.0,True,spbs_auto,D:\git\git\RDMCT-A3C\cie\results\spbs\cie_spbs_600s_mem2048_repro_v1\s7to9_both\solutions\cie_core_spbs__cie_core_n024_f018_m006_proc100__scip_default__solverseed_8__trainseed_-1__spbs_auto.sol,8,539.7437886000043,timelimit,cie_core_spbs,8.216833916479699,24,-1,checked active primary model at feasibility tolerance 1.000001e-06; removed 13 inactive auxiliaries,0.012553496261288427,auto
0.21145374440023906,0.42819383241048553,0.7753303961342157,0.3171806166003632,1,0.11013215854179201,2270.000001,0.0,cie_core_n024_f018_m006_proc100.lp,0.2145374443988822,0.26064610781470443,474.0555554166688,scip_default,792.9999999999959,D:\git\git\RDMCT-A3C\cie\data\core\spbs\cie_core_n024_f018_m006_proc100.lp,15297.166232129528,6,0.3964895292560299,65.999999,173.999999000005,3168.6666659999964,True,spbs_auto,D:\git\git\RDMCT-A3C\cie\results\spbs\cie_spbs_600s_mem2048_repro_v1\s7to9_both\solutions\cie_core_spbs__cie_core_n024_f018_m006_proc100__scip_default__solverseed_9__trainseed_-1__spbs_auto.sol,9,196.59370710000076,optimal,cie_core_spbs,38.06167399204332,24,-1,checked active primary model at feasibility tolerance 1.000001e-06; removed 13 inactive auxiliaries,0.05814977971006638,auto
0.0456490773137761,0.0924393815603966,0.17936283294537858,0.07532097756773057,1,0.02377556110092505,10514.9989495,3.4517353719305675,cie_core_n024_f018_m006_proc110.lp,0.02853067332111006,0.04174988529322439,486.5833333333333,scip_default,967.0,D:\git\git\RDMCT-A3C\cie\data\core\spbs\cie_core_n024_f018_m006_proc110.lp,41966.44672817106,6,0.47293265751095787,0.0,252.0,2730.0,True,spbs_auto,D:\git\git\RDMCT-A3C\cie\results\spbs\cie_spbs_600s_mem2048_repro_v1\s7to9_both\solutions\cie_core_spbs__cie_core_n024_f018_m006_proc110__scip_default__solverseed_7__trainseed_-1__spbs_auto.sol,7,539.8710398999974,timelimit,cie_core_spbs,8.216833916479699,24,-1,checked active primary model at feasibility tolerance 1.000001e-06; removed 13 inactive auxiliaries,0.012553496261288427,auto
0.2003338897327489,0.4056761267088159,0.787145241741592,0.3305509180590354,1,0.10434056756914001,2396.000001,0.009267059814658803,cie_core_n024_f018_m006_proc110.lp,0.25667779622008363,0.25626043394980785,527.3333335833336,scip_default,772.5,D:\git\git\RDMCT-A3C\cie\data\core\spbs\cie_core_n024_f018_m006_proc110.lp,7586.521672411327,6,0.42147056292624185,65.99999899999898,289.0,3808.0000060000066,True,spbs_auto,D:\git\git\RDMCT-A3C\cie\results\spbs\cie_spbs_600s_mem2048_repro_v1\s7to9_both\solutions\cie_core_spbs__cie_core_n024_f018_m006_proc110__scip_default__solverseed_8__trainseed_-1__spbs_auto.sol,8,539.7102859000006,timelimit,cie_core_spbs,36.06010015189479,24,-1,checked active primary model at feasibility tolerance 1.000001e-06; removed 13 inactive auxiliaries,0.05509181967650611,auto
0.0456490773137761,0.0924393815603966,0.17936283294537858,0.07532097756773057,1,0.02377556110092505,10514.9989495,3.4744676376595676,cie_core_n024_f018_m006_proc110.lp,0.02853067332111006,0.04174988529322439,486.5833333333333,scip_default,967.0,D:\git\git\RDMCT-A3C\cie\data\core\spbs\cie_core_n024_f018_m006_proc110.lp,42043.27032120766,6,0.47293265751095787,0.0,252.0,2730.0,True,spbs_auto,D:\git\git\RDMCT-A3C\cie\results\spbs\cie_spbs_600s_mem2048_repro_v1\s7to9_both\solutions\cie_core_spbs__cie_core_n024_f018_m006_proc110__scip_default__solverseed_9__trainseed_-1__spbs_auto.sol,9,539.7424794000035,timelimit,cie_core_spbs,8.216833916479699,24,-1,checked active primary model at feasibility tolerance 1.000001e-06; removed 13 inactive auxiliaries,0.012553496261288427,auto
0.060865436418368134,0.12325250874719547,0.20161675813584443,0.20161675813584443,2,0.0475511222018501,10514.9989495,3.515522537420063,cie_core_n032_f000_m032_proc090.lp,0.05839277806387193,0.06600095761616795,498.75,scip_default,525.5,D:\git\git\RDMCT-A3C\cie\data\core\spbs\cie_core_n032_f000_m032_proc090.lp,42228.635974344535,8,0.0,0.0,53.5,1752.0,True,spbs_auto,D:\git\git\RDMCT-A3C\cie\results\spbs\cie_spbs_600s_mem2048_repro_v1\s7to9_both\solutions\cie_core_spbs__cie_core_n032_f000_m032_proc090__scip_default__solverseed_7__trainseed_-1__spbs_auto.sol,7,539.7745836999966,timelimit,cie_core_spbs,10.955778555306264,32,-1,checked active primary model at feasibility tolerance 1.000001e-06; removed 13 inactive auxiliaries,0.012173087283673627,auto
0.060865436418368134,0.12325250874719547,0.20161675813584443,0.20161675813584443,2,0.0475511222018501,10514.9989495,3.3812495618750003,cie_core_n032_f000_m032_proc090.lp,0.05839277806387193,0.06600095761616795,498.75,scip_default,525.5,D:\git\git\RDMCT-A3C\cie\data\core\spbs\cie_core_n032_f000_m032_proc090.lp,41901.24472550868,8,0.0,0.0,53.5,1752.0,True,spbs_auto,D:\git\git\RDMCT-A3C\cie\results\spbs\cie_spbs_600s_mem2048_repro_v1\s7to9_both\solutions\cie_core_spbs__cie_core_n032_f000_m032_proc090__scip_default__solverseed_8__trainseed_-1__spbs_auto.sol,8,539.7089006000024,timelimit,cie_core_spbs,10.955778555306264,32,-1,checked active primary model at feasibility tolerance 1.000001e-06; removed 13 inactive auxiliaries,0.012173087283673627,auto
0.060865436418368134,0.12325250874719547,0.20161675813584443,0.20161675813584443,2,0.0475511222018501,10514.9989495,3.373959629159734,cie_core_n032_f000_m032_proc090.lp,0.05839277806387193,0.06600095761616795,498.75,scip_default,525.5,D:\git\git\RDMCT-A3C\cie\data\core\spbs\cie_core_n032_f000_m032_proc090.lp,41932.314118396884,8,0.0,0.0,53.5,1752.0,True,spbs_auto,D:\git\git\RDMCT-A3C\cie\results\spbs\cie_spbs_600s_mem2048_repro_v1\s7to9_both\solutions\cie_core_spbs__cie_core_n032_f000_m032_proc090__scip_default__solverseed_9__trainseed_-1__spbs_auto.sol,9,539.716648200003,timelimit,cie_core_spbs,10.955778555306264,32,-1,checked active primary model at feasibility tolerance 1.000001e-06; removed 13 inactive auxiliaries,0.012173087283673627,auto
0.060865436418368134,0.12325250874719547,0.21873516212851046,0.21873516212851046,2,0.0475511222018501,10514.9989495,3.081909529697205,cie_core_n032_f000_m032_proc100.lp,0.07389444390167506,0.07284831921323436,602.25,scip_default,1110.0,D:\git\git\RDMCT-A3C\cie\data\core\spbs\cie_core_n032_f000_m032_proc100.lp,41071.611433759586,8,0.16630408907046917,136.0,494.0,3448.0,True,spbs_auto,D:\git\git\RDMCT-A3C\cie\results\spbs\cie_spbs_600s_mem2048_repro_v1\s7to9_both\solutions\cie_core_spbs__cie_core_n032_f000_m032_proc100__scip_default__solverseed_7__trainseed_-1__spbs_auto.sol,7,539.7338842999961,timelimit,cie_core_spbs,10.955778555306264,32,-1,checked active primary model at feasibility tolerance 1.000001e-06; removed 13 inactive auxiliaries,0.012173087283673627,auto
0.060865436418368134,0.12325250874719547,0.21873516212851046,0.21873516212851046,2,0.0475511222018501,10514.9989495,3.075580987790698,cie_core_n032_f000_m032_proc100.lp,0.07417975063488616,0.07256301248002325,602.25,scip_default,1015.0,D:\git\git\RDMCT-A3C\cie\data\core\spbs\cie_core_n032_f000_m032_proc100.lp,40977.84806083268,8,0.16630408907046917,136.0,494.0,3448.0,True,spbs_auto,D:\git\git\RDMCT-A3C\cie\results\spbs\cie_spbs_600s_mem2048_repro_v1\s7to9_both\solutions\cie_core_spbs__cie_core_n032_f000_m032_proc100__scip_default__solverseed_8__trainseed_-1__spbs_auto.sol,8,539.6845919000043,timelimit,cie_core_spbs,10.955778555306264,32,-1,checked active primary model at feasibility tolerance 1.000001e-06; removed 13 inactive auxiliaries,0.012173087283673627,auto
0.060865436418368134,0.12325250874719547,0.21873516212851046,0.21873516212851046,2,0.0475511222018501,10514.9989495,3.1859072247213382,cie_core_n032_f000_m032_proc100.lp,0.08378507731965988,0.06295768579524953,602.25,scip_default,1015.0,D:\git\git\RDMCT-A3C\cie\data\core\spbs\cie_core_n032_f000_m032_proc100.lp,41314.79339381305,8,0.16630408907046917,136.0,494.0,3448.0,True,spbs_auto,D:\git\git\RDMCT-A3C\cie\results\spbs\cie_spbs_600s_mem2048_repro_v1\s7to9_both\solutions\cie_core_spbs__cie_core_n032_f000_m032_proc100__scip_default__solverseed_9__trainseed_-1__spbs_auto.sol,9,539.7965305000034,timelimit,cie_core_spbs,10.955778555306264,32,-1,checked active primary model at feasibility tolerance 1.000001e-06; removed 13 inactive auxiliaries,0.012173087283673627,auto
0.060865436418368134,0.12325250874719547,0.2358535661211765,0.2358535661211765,2,0.0475511222018501,10514.9989495,2.807023515025344,cie_core_n032_f000_m032_proc110.lp,0.08806467831782638,0.05829767581946822,691.625,scip_default,1600.0,D:\git\git\RDMCT-A3C\cie\data\core\spbs\cie_core_n032_f000_m032_proc110.lp,40030.31719551864,6,0.014876510003659069,0.0,1049.0,5564.0,True,spbs_auto,D:\git\git\RDMCT-A3C\cie\results\spbs\cie_spbs_600s_mem2048_repro_v1\s7to9_both\solutions\cie_core_spbs__cie_core_n032_f000_m032_proc110__scip_default__solverseed_7__trainseed_-1__spbs_auto.sol,7,539.7277011000042,timelimit,cie_core_spbs,10.955778555306264,32,-1,checked active primary model at feasibility tolerance 1.000001e-06; removed 13 inactive auxiliaries,0.012173087283673627,auto
0.060865436418368134,0.12325250874719547,0.2358535661211765,0.2358535661211765,2,0.0475511222018501,10514.9989495,2.7987712964234106,cie_core_n032_f000_m032_proc110.lp,0.0885401895398449,0.057822164597449724,691.625,scip_default,1600.0,D:\git\git\RDMCT-A3C\cie\data\core\spbs\cie_core_n032_f000_m032_proc110.lp,40027.48314863514,6,0.014876510003659069,0.0,1049.0,5564.0,True,spbs_auto,D:\git\git\RDMCT-A3C\cie\results\spbs\cie_spbs_600s_mem2048_repro_v1\s7to9_both\solutions\cie_core_spbs__cie_core_n032_f000_m032_proc110__scip_default__solverseed_8__trainseed_-1__spbs_auto.sol,8,539.7585266999959,timelimit,cie_core_spbs,10.955778555306264,32,-1,checked active primary model at feasibility tolerance 1.000001e-06; removed 13 inactive auxiliaries,0.012173087283673627,auto
0.060865436418368134,0.12325250874719547,0.2358535661211765,0.2358535661211765,2,0.0475511222018501,10514.9989495,2.7987712964234106,cie_core_n032_f000_m032_proc110.lp,0.07655730674497867,0.06980504739231595,691.625,scip_default,1600.0,D:\git\git\RDMCT-A3C\cie\data\core\spbs\cie_core_n032_f000_m032_proc110.lp,40006.76987980205,6,0.014876510003659069,0.0,1049.0,5564.0,True,spbs_auto,D:\git\git\RDMCT-A3C\cie\results\spbs\cie_spbs_600s_mem2048_repro_v1\s7to9_both\solutions\cie_core_spbs__cie_core_n032_f000_m032_proc110__scip_default__solverseed_9__trainseed_-1__spbs_auto.sol,9,539.7220242999974,timelimit,cie_core_spbs,10.955778555306264,32,-1,checked active primary model at feasibility tolerance 1.000001e-06; removed 13 inactive auxiliaries,0.012173087283673627,auto
0.060865436418368134,0.12325250874719547,0.186210194542445,0.186210194542445,2,0.0475511222018501,10514.9989495,3.459287085877863,cie_core_n032_f008_m024_proc090.lp,0.07165954115818811,0.07517832420112501,598.875,scip_default,2119.0,D:\git\git\RDMCT-A3C\cie\data\core\spbs\cie_core_n032_f008_m024_proc090.lp,42133.17990371339,4,0.0,0.0,1582.0,6284.0,True,spbs_auto,D:\git\git\RDMCT-A3C\cie\results\spbs\cie_spbs_600s_mem2048_repro_v1\s7to9_both\solutions\cie_core_spbs__cie_core_n032_f008_m024_proc090__scip_default__solverseed_7__trainseed_-1__spbs_auto.sol,7,539.7130763999958,timelimit,cie_core_spbs,10.955778555306264,32,-1,checked active primary model at feasibility tolerance 1.000001e-06; removed 13 inactive auxiliaries,0.01369472319413283,auto
0.060865436418368134,0.12325250874719547,0.186210194542445,0.186210194542445,2,0.0475511222018501,10514.9989495,3.466864464103647,cie_core_n032_f008_m024_proc090.lp,0.06291013467304768,0.08392773068626543,598.875,scip_default,2027.0,D:\git\git\RDMCT-A3C\cie\data\core\spbs\cie_core_n032_f008_m024_proc090.lp,42157.17308753434,4,0.0,0.0,1582.0,6284.0,True,spbs_auto,D:\git\git\RDMCT-A3C\cie\results\spbs\cie_spbs_600s_mem2048_repro_v1\s7to9_both\solutions\cie_core_spbs__cie_core_n032_f008_m024_proc090__scip_default__solverseed_8__trainseed_-1__spbs_auto.sol,8,539.7269384000028,timelimit,cie_core_spbs,10.955778555306264,32,-1,checked active primary model at feasibility tolerance 1.000001e-06; removed 13 inactive auxiliaries,0.01369472319413283,auto
0.060865436418368134,0.12325250874719547,0.186210194542445,0.186210194542445,2,0.0475511222018501,10514.9989495,3.455508029025424,cie_core_n032_f008_m024_proc090.lp,0.07165954115818811,0.07517832420112501,598.875,scip_default,2119.0,D:\git\git\RDMCT-A3C\cie\data\core\spbs\cie_core_n032_f008_m024_proc090.lp,42122.45244990573,4,0.0,0.0,1582.0,6284.0,True,spbs_auto,D:\git\git\RDMCT-A3C\cie\results\spbs\cie_spbs_600s_mem2048_repro_v1\s7to9_both\solutions\cie_core_spbs__cie_core_n032_f008_m024_proc090__scip_default__solverseed_9__trainseed_-1__spbs_auto.sol,9,539.7217410000012,timelimit,cie_core_spbs,10.955778555306264,32,-1,checked active primary model at feasibility tolerance 1.000001e-06; removed 13 inactive auxiliaries,0.01369472319413283,auto
0.060865436418368134,0.12325250874719547,0.20161675813584443,0.20161675813584443,2,0.0475511222018501,10514.9989495,3.1825771473746958,cie_core_n032_f008_m024_proc100.lp,0.08806467831782638,0.05725155113102753,752.4375,scip_default,2537.0,D:\git\git\RDMCT-A3C\cie\data\core\spbs\cie_core_n032_f008_m024_proc100.lp,41561.92929154485,6,0.0,0.0,2029.0,10190.0,True,spbs_auto,D:\git\git\RDMCT-A3C\cie\results\spbs\cie_spbs_600s_mem2048_repro_v1\s7to9_both\solutions\cie_core_spbs__cie_core_n032_f008_m024_proc100__scip_default__solverseed_7__trainseed_-1__spbs_auto.sol,7,539.7699689000001,timelimit,cie_core_spbs,10.955778555306264,32,-1,checked active primary model at feasibility tolerance 1.000001e-06; removed 13 inactive auxiliaries,0.01369472319413283,auto
0.060865436418368134,0.12325250874719547,0.20161675813584443,0.20161675813584443,2,0.0475511222018501,10514.9989495,3.1792523642686805,cie_core_n032_f008_m024_proc100.lp,0.09833572071342601,0.0469805087354279,752.4375,scip_default,2537.0,D:\git\git\RDMCT-A3C\cie\data\core\spbs\cie_core_n032_f008_m024_proc100.lp,41354.71085892669,6,0.0,0.0,2029.0,10190.0,True,spbs_auto,D:\git\git\RDMCT-A3C\cie\results\spbs\cie_spbs_600s_mem2048_repro_v1\s7to9_both\solutions\cie_core_spbs__cie_core_n032_f008_m024_proc100__scip_default__solverseed_8__trainseed_-1__spbs_auto.sol,8,539.760136500001,timelimit,cie_core_spbs,10.955778555306264,32,-1,checked active primary model at feasibility tolerance 1.000001e-06; removed 13 inactive auxiliaries,0.01369472319413283,auto
0.060865436418368134,0.12325250874719547,0.20161675813584443,0.20161675813584443,2,0.0475511222018501,10514.9989495,3.15941414102057,cie_core_n032_f008_m024_proc100.lp,0.07779363592222677,0.06752259352662715,752.4375,scip_default,2645.0,D:\git\git\RDMCT-A3C\cie\data\core\spbs\cie_core_n032_f008_m024_proc100.lp,41305.2578841159,6,0.0,0.0,2029.0,10190.0,True,spbs_auto,D:\git\git\RDMCT-A3C\cie\results\spbs\cie_spbs_600s_mem2048_repro_v1\s7to9_both\solutions\cie_core_spbs__cie_core_n032_f008_m024_proc100__scip_default__solverseed_9__trainseed_-1__spbs_auto.sol,9,539.7082818999988,timelimit,cie_core_spbs,10.955778555306264,32,-1,checked active primary model at feasibility tolerance 1.000001e-06; removed 13 inactive auxiliaries,0.01369472319413283,auto
0.060865436418368134,0.12325250874719547,0.21702332172924388,0.21702332172924388,2,0.0475511222018501,10514.9989495,2.929371804372192,cie_core_n032_f008_m024_proc110.lp,0.16576321199564945,0.0944365286928743,641.5625,scip_default,1078.0,D:\git\git\RDMCT-A3C\cie\data\core\spbs\cie_core_n032_f008_m024_proc110.lp,40491.61063204265,8,0.060011318302864325,0.0,400.0,5460.0,True,spbs_auto,D:\git\git\RDMCT-A3C\cie\results\spbs\cie_spbs_600s_mem2048_repro_v1\s7to9_both\solutions\cie_core_spbs__cie_core_n032_f008_m024_proc110__scip_default__solverseed_7__trainseed_-1__spbs_auto.sol,7,539.763291700001,timelimit,cie_core_spbs,10.955778555306264,32,-1,checked active primary model at feasibility tolerance 1.000001e-06; removed 13 inactive auxiliaries,0.01369472319413283,auto
0.060865436418368134,0.12325250874719547,0.21702332172924388,0.21702332172924388,2,0.0475511222018501,10514.9989495,2.926437247386104,cie_core_n032_f008_m024_proc110.lp,0.17013791523821967,0.0900618254503041,641.5625,scip_default,1078.0,D:\git\git\RDMCT-A3C\cie\data\core\spbs\cie_core_n032_f008_m024_proc110.lp,40686.23737523332,8,0.060011318302864325,0.0,400.0,5460.0,True,spbs_auto,D:\git\git\RDMCT-A3C\cie\results\spbs\cie_spbs_600s_mem2048_repro_v1\s7to9_both\solutions\cie_core_spbs__cie_core_n032_f008_m024_proc110__scip_default__solverseed_8__trainseed_-1__spbs_auto.sol,8,539.7933669999984,timelimit,cie_core_spbs,10.955778555306264,32,-1,checked active primary model at feasibility tolerance 1.000001e-06; removed 13 inactive auxiliaries,0.01369472319413283,auto
0.060865436418368134,0.12325250874719547,0.21702332172924388,0.21702332172924388,2,0.0475511222018501,10514.9989495,2.920581263422819,cie_core_n032_f008_m024_proc110.lp,0.15368522695637954,0.10651451373214423,641.5625,scip_default,1078.0,D:\git\git\RDMCT-A3C\cie\data\core\spbs\cie_core_n032_f008_m024_proc110.lp,40496.318193141095,8,0.060011318302864325,0.0,400.0,5460.0,True,spbs_auto,D:\git\git\RDMCT-A3C\cie\results\spbs\cie_spbs_600s_mem2048_repro_v1\s7to9_both\solutions\cie_core_spbs__cie_core_n032_f008_m024_proc110__scip_default__solverseed_9__trainseed_-1__spbs_auto.sol,9,539.7651484999951,timelimit,cie_core_spbs,10.955778555306264,32,-1,checked active primary model at feasibility tolerance 1.000001e-06; removed 13 inactive auxiliaries,0.01369472319413283,auto
0.060865436418368134,0.12325250874719547,0.17080363094904558,0.17080363094904558,2,0.0475511222018501,10514.9989495,3.4993577015404296,cie_core_n032_f016_m016_proc090.lp,0.08340466834204507,0.09852592520223341,594.3125,scip_default,1529.0,D:\git\git\RDMCT-A3C\cie\data\core\spbs\cie_core_n032_f016_m016_proc090.lp,42287.62021726253,6,0.8626712076985685,0.0,661.0,6778.0,True,spbs_auto,D:\git\git\RDMCT-A3C\cie\results\spbs\cie_spbs_600s_mem2048_repro_v1\s7to9_both\solutions\cie_core_spbs__cie_core_n032_f016_m016_proc090__scip_default__solverseed_7__trainseed_-1__spbs_auto.sol,7,539.782214800005,timelimit,cie_core_spbs,10.955778555306264,32,-1,checked active primary model at feasibility tolerance 1.000001e-06; removed 13 inactive auxiliaries,0.015216359104592033,auto
0.060865436418368134,0.12325250874719547,0.17080363094904558,0.17080363094904558,2,0.0475511222018501,10514.9989495,3.5051409376606686,cie_core_n032_f016_m016_proc090.lp,0.07332383043525285,0.10936758106425523,594.3125,scip_default,1423.0,D:\git\git\RDMCT-A3C\cie\data\core\spbs\cie_core_n032_f016_m016_proc090.lp,42299.11437912684,6,0.8578211073664355,0.0,661.0,6778.0,True,spbs_auto,D:\git\git\RDMCT-A3C\cie\results\spbs\cie_spbs_600s_mem2048_repro_v1\s7to9_both\solutions\cie_core_spbs__cie_core_n032_f016_m016_proc090__scip_default__solverseed_8__trainseed_-1__spbs_auto.sol,8,539.7182016000006,timelimit,cie_core_spbs,10.955778555306264,32,-1,checked active primary model at feasibility tolerance 1.000001e-06; removed 13 inactive auxiliaries,0.015216359104592033,auto
0.060865436418368134,0.12325250874719547,0.17080363094904558,0.17080363094904558,2,0.0475511222018501,10514.9989495,3.3739596291597276,cie_core_n032_f016_m016_proc090.lp,0.07332383043525285,0.10860676310902563,594.3125,scip_default,1423.0,D:\git\git\RDMCT-A3C\cie\data\core\spbs\cie_core_n032_f016_m016_proc090.lp,42037.846060273354,6,0.8626712076985685,0.0,661.0,6778.0,True,spbs_auto,D:\git\git\RDMCT-A3C\cie\results\spbs\cie_spbs_600s_mem2048_repro_v1\s7to9_both\solutions\cie_core_spbs__cie_core_n032_f016_m016_proc090__scip_default__solverseed_9__trainseed_-1__spbs_auto.sol,9,539.6640649000037,timelimit,cie_core_spbs,10.955778555306264,32,-1,checked active primary model at feasibility tolerance 1.000001e-06; removed 13 inactive auxiliaries,0.015216359104592033,auto
0.060865436418368134,0.12325250874719547,0.1844983541431784,0.1844983541431784,2,0.0475511222018501,10514.9989495,3.2536403513349517,cie_core_n032_f016_m016_proc100.lp,0.06657157108259014,0.06657157108259014,555.4375,scip_default,1071.0,D:\git\git\RDMCT-A3C\cie\data\core\spbs\cie_core_n032_f016_m016_proc100.lp,41675.84157294051,8,0.49188079175186167,262.0,277.0,4530.0,True,spbs_auto,D:\git\git\RDMCT-A3C\cie\results\spbs\cie_spbs_600s_mem2048_repro_v1\s7to9_both\solutions\cie_core_spbs__cie_core_n032_f016_m016_proc100__scip_default__solverseed_7__trainseed_-1__spbs_auto.sol,7,539.6457451000024,timelimit,cie_core_spbs,10.955778555306264,32,-1,checked active primary model at feasibility tolerance 1.000001e-06; removed 13 inactive auxiliaries,0.015216359104592033,auto
0.060865436418368134,0.12325250874719547,0.1844983541431784,0.1844983541431784,2,0.0475511222018501,10514.9989495,3.229685819991955,cie_core_n032_f016_m016_proc100.lp,0.06657157108259014,0.06657157108259014,555.4375,scip_default,1071.0,D:\git\git\RDMCT-A3C\cie\data\core\spbs\cie_core_n032_f016_m016_proc100.lp,41555.893309023886,8,0.49188079175186167,262.0,277.0,4530.0,True,spbs_auto,D:\git\git\RDMCT-A3C\cie\results\spbs\cie_spbs_600s_mem2048_repro_v1\s7to9_both\solutions\cie_core_spbs__cie_core_n032_f016_m016_proc100__scip_default__solverseed_8__trainseed_-1__spbs_auto.sol,8,539.7378631000029,timelimit,cie_core_spbs,10.955778555306264,32,-1,checked active primary model at feasibility tolerance 1.000001e-06; removed 13 inactive auxiliaries,0.015216359104592033,auto
0.060865436418368134,0.12325250874719547,0.1844983541431784,0.1844983541431784,2,0.0475511222018501,10514.9989495,3.2433409800242132,cie_core_n032_f016_m016_proc100.lp,0.06657157108259014,0.06657157108259014,555.4375,scip_default,1071.0,D:\git\git\RDMCT-A3C\cie\data\core\spbs\cie_core_n032_f016_m016_proc100.lp,41591.71178279827,8,0.49188079175186167,262.0,277.0,4530.0,True,spbs_auto,D:\git\git\RDMCT-A3C\cie\results\spbs\cie_spbs_600s_mem2048_repro_v1\s7to9_both\solutions\cie_core_spbs__cie_core_n032_f016_m016_proc100__scip_default__solverseed_9__trainseed_-1__spbs_auto.sol,9,539.6084925999894,timelimit,cie_core_spbs,10.955778555306264,32,-1,checked active primary model at feasibility tolerance 1.000001e-06; removed 13 inactive auxiliaries,0.015216359104592033,auto
0.060865436418368134,0.12325250874719547,0.19819307733731123,0.19819307733731123,2,0.0475511222018501,10514.9989495,3.0164243500763943,cie_core_n032_f016_m016_proc110.lp,0.09980980550168336,0.06809320699304934,618.625,scip_default,1401.0,D:\git\git\RDMCT-A3C\cie\data\core\spbs\cie_core_n032_f016_m016_proc110.lp,40890.2126690498,8,0.33309109907122186,0.0,499.0,6116.0,True,spbs_auto,D:\git\git\RDMCT-A3C\cie\results\spbs\cie_spbs_600s_mem2048_repro_v1\s7to9_both\solutions\cie_core_spbs__cie_core_n032_f016_m016_proc110__scip_default__solverseed_7__trainseed_-1__spbs_auto.sol,7,539.6806135999941,timelimit,cie_core_spbs,10.955778555306264,32,-1,checked active primary model at feasibility tolerance 1.000001e-06; removed 13 inactive auxiliaries,0.015216359104592033,auto
0.060865436418368134,0.12325250874719547,0.19819307733731123,0.19819307733731123,2,0.0475511222018501,10514.9989495,3.0133583772900767,cie_core_n032_f016_m016_proc110.lp,0.09933429427966486,0.06809320699304934,618.625,scip_default,1401.0,D:\git\git\RDMCT-A3C\cie\data\core\spbs\cie_core_n032_f016_m016_proc110.lp,40852.75189497561,8,0.3370677459769818,0.0,494.0,6116.0,True,spbs_auto,D:\git\git\RDMCT-A3C\cie\results\spbs\cie_spbs_600s_mem2048_repro_v1\s7to9_both\solutions\cie_core_spbs__cie_core_n032_f016_m016_proc110__scip_default__solverseed_8__trainseed_-1__spbs_auto.sol,8,539.7243077999956,timelimit,cie_core_spbs,10.955778555306264,32,-1,checked active primary model at feasibility tolerance 1.000001e-06; removed 13 inactive auxiliaries,0.015216359104592033,auto
0.060865436418368134,0.12325250874719547,0.19819307733731123,0.19819307733731123,2,0.0475511222018501,10514.9989495,3.0102970818077806,cie_core_n032_f016_m016_proc110.lp,0.08849263841764304,0.07941037407708967,618.625,scip_default,1401.0,D:\git\git\RDMCT-A3C\cie\data\core\spbs\cie_core_n032_f016_m016_proc110.lp,40905.52413040024,8,0.33309109907122186,0.0,499.0,6116.0,True,spbs_auto,D:\git\git\RDMCT-A3C\cie\results\spbs\cie_spbs_600s_mem2048_repro_v1\s7to9_both\solutions\cie_core_spbs__cie_core_n032_f016_m016_proc110__scip_default__solverseed_9__trainseed_-1__spbs_auto.sol,9,539.6352751000086,timelimit,cie_core_spbs,10.955778555306264,32,-1,checked active primary model at feasibility tolerance 1.000001e-06; removed 13 inactive auxiliaries,0.015216359104592033,auto
0.060865436418368134,0.12325250874719547,0.15539706735564612,0.15539706735564612,2,0.0475511222018501,10514.9989495,3.5598434295316568,cie_core_n032_f024_m008_proc090.lp,0.06172135661800143,0.07313362594644546,452.625,scip_default,691.5,D:\git\git\RDMCT-A3C\cie\data\core\spbs\cie_core_n032_f024_m008_proc090.lp,42545.39870857631,4,0.37358490566037733,0.0,132.0,4260.0,True,spbs_auto,D:\git\git\RDMCT-A3C\cie\results\spbs\cie_spbs_600s_mem2048_repro_v1\s7to9_both\solutions\cie_core_spbs__cie_core_n032_f024_m008_proc090__scip_default__solverseed_7__trainseed_-1__spbs_auto.sol,7,539.7613997000008,timelimit,cie_core_spbs,10.955778555306264,32,-1,checked active primary model at feasibility tolerance 1.000001e-06; removed 13 inactive auxiliaries,0.016737995015051237,auto
0.060865436418368134,0.12325250874719547,0.15539706735564612,0.15539706735564612,2,0.0475511222018501,10514.9989495,3.575717558093995,cie_core_n032_f024_m008_proc090.lp,0.06172135661800143,0.07313362594644546,452.625,scip_default,691.5,D:\git\git\RDMCT-A3C\cie\data\core\spbs\cie_core_n032_f024_m008_proc090.lp,42538.94008714582,4,0.37358490566037733,0.0,132.0,4260.0,True,spbs_auto,D:\git\git\RDMCT-A3C\cie\results\spbs\cie_spbs_600s_mem2048_repro_v1\s7to9_both\solutions\cie_core_spbs__cie_core_n032_f024_m008_proc090__scip_default__solverseed_8__trainseed_-1__spbs_auto.sol,8,539.5047516999985,timelimit,cie_core_spbs,10.955778555306264,32,-1,checked active primary model at feasibility tolerance 1.000001e-06; removed 13 inactive auxiliaries,0.016737995015051237,auto
0.060865436418368134,0.12325250874719547,0.15539706735564612,0.15539706735564612,2,0.0475511222018501,10514.9989495,3.715246165246637,cie_core_n032_f024_m008_proc090.lp,0.06172135661800143,0.07313362594644546,452.625,scip_default,691.5,D:\git\git\RDMCT-A3C\cie\data\core\spbs\cie_core_n032_f024_m008_proc090.lp,42891.570776597546,4,0.37358490566037733,0.0,132.0,4260.0,True,spbs_auto,D:\git\git\RDMCT-A3C\cie\results\spbs\cie_spbs_600s_mem2048_repro_v1\s7to9_both\solutions\cie_core_spbs__cie_core_n032_f024_m008_proc090__scip_default__solverseed_9__trainseed_-1__spbs_auto.sol,9,539.5630566999971,timelimit,cie_core_spbs,10.955778555306264,32,-1,checked active primary model at feasibility tolerance 1.000001e-06; removed 13 inactive auxiliaries,0.016737995015051237,auto
0.060865436418368134,0.12325250874719547,0.16737995015051235,0.16737995015051235,2,0.0475511222018501,10514.9989495,3.323601541324013,cie_core_n032_f024_m008_proc100.lp,0.10123633916773887,0.117689027449579,587.25,scip_default,1204.0,D:\git\git\RDMCT-A3C\cie\data\core\spbs\cie_core_n032_f024_m008_proc100.lp,42019.13726763326,4,0.7361933563101336,0.0,640.0,7848.0,True,spbs_auto,D:\git\git\RDMCT-A3C\cie\results\spbs\cie_spbs_600s_mem2048_repro_v1\s7to9_both\solutions\cie_core_spbs__cie_core_n032_f024_m008_proc100__scip_default__solverseed_7__trainseed_-1__spbs_auto.sol,7,539.5593614000027,timelimit,cie_core_spbs,10.955778555306264,32,-1,checked active primary model at feasibility tolerance 1.000001e-06; removed 13 inactive auxiliaries,0.016737995015051237,auto
0.060865436418368134,0.12325250874719547,0.16737995015051235,0.16737995015051235,2,0.0475511222018501,10514.9989495,3.3922301372180454,cie_core_n032_f024_m008_proc100.lp,0.1116024838077422,0.10732288280957568,587.25,scip_default,1204.0,D:\git\git\RDMCT-A3C\cie\data\core\spbs\cie_core_n032_f024_m008_proc100.lp,42080.02733867319,4,0.7361933563101336,0.0,640.0,7848.0,True,spbs_auto,D:\git\git\RDMCT-A3C\cie\results\spbs\cie_spbs_600s_mem2048_repro_v1\s7to9_both\solutions\cie_core_spbs__cie_core_n032_f024_m008_proc100__scip_default__solverseed_8__trainseed_-1__spbs_auto.sol,8,539.6666915999958,timelimit,cie_core_spbs,10.955778555306264,32,-1,checked active primary model at feasibility tolerance 1.000001e-06; removed 13 inactive auxiliaries,0.016737995015051237,auto
0.060865436418368134,0.12325250874719547,0.16737995015051235,0.16737995015051235,2,0.0475511222018501,10514.9989495,3.26745087195615,cie_core_n032_f024_m008_proc100.lp,0.10123633916773887,0.117689027449579,587.25,scip_default,1204.0,D:\git\git\RDMCT-A3C\cie\data\core\spbs\cie_core_n032_f024_m008_proc100.lp,41836.27077601889,4,0.7361933563101336,0.0,640.0,7848.0,True,spbs_auto,D:\git\git\RDMCT-A3C\cie\results\spbs\cie_spbs_600s_mem2048_repro_v1\s7to9_both\solutions\cie_core_spbs__cie_core_n032_f024_m008_proc100__scip_default__solverseed_9__trainseed_-1__spbs_auto.sol,9,539.4459098000007,timelimit,cie_core_spbs,10.955778555306264,32,-1,checked active primary model at feasibility tolerance 1.000001e-06; removed 13 inactive auxiliaries,0.016737995015051237,auto
0.060865436418368134,0.12325250874719547,0.17936283294537858,0.17936283294537858,2,0.0475511222018501,10514.9989495,2.992026935649203,cie_core_n032_f024_m008_proc110.lp,0.11260105737398104,0.0925344838048003,827.8125,scip_default,2405.0,D:\git\git\RDMCT-A3C\cie\data\core\spbs\cie_core_n032_f024_m008_proc110.lp,41071.68670931714,4,1.1738227511478865,0.0,1678.0,14826.0,True,spbs_auto,D:\git\git\RDMCT-A3C\cie\results\spbs\cie_spbs_600s_mem2048_repro_v1\s7to9_both\solutions\cie_core_spbs__cie_core_n032_f024_m008_proc110__scip_default__solverseed_7__trainseed_-1__spbs_auto.sol,7,539.5533457999991,timelimit,cie_core_spbs,10.955778555306264,32,-1,checked active primary model at feasibility tolerance 1.000001e-06; removed 13 inactive auxiliaries,0.016737995015051237,auto
0.060865436418368134,0.12325250874719547,0.17936283294537858,0.17936283294537858,2,0.0475511222018501,10514.9989495,3.1106328962079752,cie_core_n032_f024_m008_proc110.lp,0.1283880299449953,0.0925344838048003,827.8125,scip_default,2405.0,D:\git\git\RDMCT-A3C\cie\data\core\spbs\cie_core_n032_f024_m008_proc110.lp,41252.65994073463,4,1.1738227511478865,0.0,1512.0,14826.0,True,spbs_auto,D:\git\git\RDMCT-A3C\cie\results\spbs\cie_spbs_600s_mem2048_repro_v1\s7to9_both\solutions\cie_core_spbs__cie_core_n032_f024_m008_proc110__scip_default__solverseed_8__trainseed_-1__spbs_auto.sol,8,539.566740299997,timelimit,cie_core_spbs,10.955778555306264,32,-1,checked active primary model at feasibility tolerance 1.000001e-06; removed 13 inactive auxiliaries,0.016737995015051237,auto
0.060865436418368134,0.12325250874719547,0.17936283294537858,0.17936283294537858,2,0.0475511222018501,10514.9989495,3.1942556635420822,cie_core_n032_f024_m008_proc110.lp,0.1283880299449953,0.07674751123378606,827.8125,scip_default,2571.0,D:\git\git\RDMCT-A3C\cie\data\core\spbs\cie_core_n032_f024_m008_proc110.lp,41511.07115288259,4,1.1738227511478865,0.0,1678.0,14826.0,True,spbs_auto,D:\git\git\RDMCT-A3C\cie\results\spbs\cie_spbs_600s_mem2048_repro_v1\s7to9_both\solutions\cie_core_spbs__cie_core_n032_f024_m008_proc110__scip_default__solverseed_9__trainseed_-1__spbs_auto.sol,9,539.5821544999999,timelimit,cie_core_spbs,10.955778555306264,32,-1,checked active primary model at feasibility tolerance 1.000001e-06; removed 13 inactive auxiliaries,0.016737995015051237,auto
0.22408963554049072,0.4537815119694937,0.6806722679542405,0.6806722679542405,0,0.0,714.000001,0.0,cie_core_n008_f000_m008_proc090.lp,0.1400560222128067,0.16806722665536802,472.0,scip_default,472.0,D:\git\git\RDMCT-A3C\cie\data\core\spbs\cie_core_n008_f000_m008_proc090.lp,0.0,4,0.0,0.0,28.0,224.0,True,spbs_none,D:\git\git\RDMCT-A3C\cie\results\spbs\cie_spbs_600s_mem2048_repro_v1\s7to9_both\solutions\cie_core_spbs__cie_core_n008_f000_m008_proc090__scip_default__solverseed_7__trainseed_-1__spbs_none.sol,7,0.47083130000100937,optimal,cie_core_spbs,40.336134397288326,8,-1,checked active primary model at feasibility tolerance 1.000001e-06; removed 13 inactive auxiliaries,0.04481792710809814,none
0.2240896355404911,0.4537815119694937,0.6806722679542405,0.6806722679542405,0,0.0,714.000001,0.0,cie_core_n008_f000_m008_proc090.lp,0.1400560222128067,0.1680672266553694,472.00000000000034,scip_default,472.000000000001,D:\git\git\RDMCT-A3C\cie\data\core\spbs\cie_core_n008_f000_m008_proc090.lp,0.0,4,0.0,0.0,28.0000000000003,224.00000000000233,True,spbs_none,D:\git\git\RDMCT-A3C\cie\results\spbs\cie_spbs_600s_mem2048_repro_v1\s7to9_both\solutions\cie_core_spbs__cie_core_n008_f000_m008_proc090__scip_default__solverseed_8__trainseed_-1__spbs_none.sol,8,0.3924851999981911,optimal,cie_core_spbs,40.336134397288326,8,-1,checked active primary model at feasibility tolerance 1.000001e-06; removed 13 inactive auxiliaries,0.04481792710809862,none
0.22408963554049072,0.4537815119694937,0.6806722679542405,0.6806722679542405,0,0.0,714.000001,0.0,cie_core_n008_f000_m008_proc090.lp,0.1400560222128067,0.16806722665536802,472.0,scip_default,472.0,D:\git\git\RDMCT-A3C\cie\data\core\spbs\cie_core_n008_f000_m008_proc090.lp,100.0,4,0.0,0.0,28.0,224.0,True,spbs_none,D:\git\git\RDMCT-A3C\cie\results\spbs\cie_spbs_600s_mem2048_repro_v1\s7to9_both\solutions\cie_core_spbs__cie_core_n008_f000_m008_proc090__scip_default__solverseed_9__trainseed_-1__spbs_none.sol,9,0.40814229999523377,optimal,cie_core_spbs,40.336134397288326,8,-1,checked active primary model at feasibility tolerance 1.000001e-06; removed 13 inactive auxiliaries,0.04481792710809814,none
0.20833333306206597,0.4218749994506836,0.7031249990844727,0.7031249990844727,0,0.0,768.000001,0.0,cie_core_n008_f000_m008_proc100.lp,0.13020833316379124,0.1562499984944668,507.9999992500001,scip_default,508.0,D:\git\git\RDMCT-A3C\cie\data\core\spbs\cie_core_n008_f000_m008_proc100.lp,0.0,4,2.3533298988440206e-09,9.999999974752427e-07,28.0,224.0,True,spbs_none,D:\git\git\RDMCT-A3C\cie\results\spbs\cie_spbs_600s_mem2048_repro_v1\s7to9_both\solutions\cie_core_spbs__cie_core_n008_f000_m008_proc100__scip_default__solverseed_7__trainseed_-1__spbs_none.sol,7,0.5560486999966088,optimal,cie_core_spbs,37.49999995117187,8,-1,checked active primary model at feasibility tolerance 1.000001e-06; removed 13 inactive auxiliaries,0.041666666612413195,none
0.20833333306206597,0.4218749994506836,0.7031249990844727,0.7031249990844727,0,0.0,768.000001,0.0,cie_core_n008_f000_m008_proc100.lp,0.13020833316379124,0.1562499997965495,508.0,scip_default,508.0,D:\git\git\RDMCT-A3C\cie\data\core\spbs\cie_core_n008_f000_m008_proc100.lp,0.0,4,0.0,0.0,28.0,224.0,True,spbs_none,D:\git\git\RDMCT-A3C\cie\results\spbs\cie_spbs_600s_mem2048_repro_v1\s7to9_both\solutions\cie_core_spbs__cie_core_n008_f000_m008_proc100__scip_default__solverseed_8__trainseed_-1__spbs_none.sol,8,0.5143800000078045,optimal,cie_core_spbs,37.49999995117187,8,-1,checked active primary model at feasibility tolerance 1.000001e-06; removed 13 inactive auxiliaries,0.041666666612413195,none
0.20833333306206597,0.4218749994506836,0.7031249990844727,0.7031249990844727,0,0.0,768.000001,0.0,cie_core_n008_f000_m008_proc100.lp,0.13020833316379124,0.15624999979654988,507.99999950000006,scip_default,508.0,D:\git\git\RDMCT-A3C\cie\data\core\spbs\cie_core_n008_f000_m008_proc100.lp,100.0,4,2.3533298988440206e-09,9.999999974752427e-07,28.0,224.0,True,spbs_none,D:\git\git\RDMCT-A3C\cie\results\spbs\cie_spbs_600s_mem2048_repro_v1\s7to9_both\solutions\cie_core_spbs__cie_core_n008_f000_m008_proc100__scip_default__solverseed_9__trainseed_-1__spbs_none.sol,9,0.45935779999854276,optimal,cie_core_spbs,37.49999995117187,8,-1,checked active primary model at feasibility tolerance 1.000001e-06; removed 13 inactive auxiliaries,0.041666666612413195,none
0.1946472017096746,0.3941605834620913,0.722627736347168,0.7226277363471683,0,0.0,822.000001,0.0,cie_core_n008_f000_m008_proc110.lp,0.12165450106854683,0.1459854012822562,543.9999995,scip_default,544.0,D:\git\git\RDMCT-A3C\cie\data\core\spbs\cie_core_n008_f000_m008_proc110.lp,0.0,4,2.14362723433106e-09,9.999999974752427e-07,28.0,223.9999999999997,True,spbs_none,D:\git\git\RDMCT-A3C\cie\results\spbs\cie_spbs_600s_mem2048_repro_v1\s7to9_both\solutions\cie_core_spbs__cie_core_n008_f000_m008_proc110__scip_default__solverseed_7__trainseed_-1__spbs_none.sol,7,0.5435376000023098,optimal,cie_core_spbs,35.03649630774149,8,-1,checked active primary model at feasibility tolerance 1.000001e-06; removed 13 inactive auxiliaries,0.03892944034193499,none
0.19464720170967528,0.39416058346209204,0.7226277363471683,0.7226277363471683,0,0.0,822.000001,0.0,cie_core_n008_f000_m008_proc110.lp,0.12165450106854683,0.1459854012822562,544.0000000000001,scip_default,544.0000000000003,D:\git\git\RDMCT-A3C\cie\data\core\spbs\cie_core_n008_f000_m008_proc110.lp,100.0,4,0.0,0.0,28.0000000000003,224.00000000000028,True,spbs_none,D:\git\git\RDMCT-A3C\cie\results\spbs\cie_spbs_600s_mem2048_repro_v1\s7to9_both\solutions\cie_core_spbs__cie_core_n008_f000_m008_proc110__scip_default__solverseed_8__trainseed_-1__spbs_none.sol,8,0.4632056999980705,optimal,cie_core_spbs,35.03649630774149,8,-1,checked active primary model at feasibility tolerance 1.000001e-06; removed 13 inactive auxiliaries,0.03892944034193499,none
0.1946472017096746,0.3941605834620915,0.7226277363471683,0.7226277363471683,0,0.0,822.000001,0.0,cie_core_n008_f000_m008_proc110.lp,0.12165450106854683,0.1459854012822562,543.9999996249999,scip_default,544.0,D:\git\git\RDMCT-A3C\cie\data\core\spbs\cie_core_n008_f000_m008_proc110.lp,0.0,4,1.2376237607832506e-09,0.0,28.0,223.99999999999972,True,spbs_none,D:\git\git\RDMCT-A3C\cie\results\spbs\cie_spbs_600s_mem2048_repro_v1\s7to9_both\solutions\cie_core_spbs__cie_core_n008_f000_m008_proc110__scip_default__solverseed_9__trainseed_-1__spbs_none.sol,9,0.43566419999842765,optimal,cie_core_spbs,35.03649630774149,8,-1,checked active primary model at feasibility tolerance 1.000001e-06; removed 13 inactive auxiliaries,0.03892944034193499,none
0.19323671474246773,0.3913043473534966,0.7826086947069943,0.3913043473534972,0,0.0,828.000001,0.0,cie_core_n008_f002_m006_proc090.lp,0.16787439834797901,0.2463768088811862,496.75,scip_default,606.0,D:\git\git\RDMCT-A3C\cie\data\core\spbs\cie_core_n008_f002_m006_proc090.lp,100.0,4,0.18724778874626347,0.0,75.99999799999898,602.0,True,spbs_none,D:\git\git\RDMCT-A3C\cie\results\spbs\cie_spbs_600s_mem2048_repro_v1\s7to9_both\solutions\cie_core_spbs__cie_core_n008_f002_m006_proc090__scip_default__solverseed_7__trainseed_-1__spbs_none.sol,7,0.4120284000018728,optimal,cie_core_spbs,34.78260865364419,8,-1,checked active primary model at feasibility tolerance 1.000001e-06; removed 13 inactive auxiliaries,0.05314009655417918,none
0.19323671474246773,0.391304347353497,0.7826086947069942,0.3913043473534972,0,0.0,828.000001,0.0,cie_core_n008_f002_m006_proc090.lp,0.23309178715810172,0.18115942007106317,465.24999975000014,scip_default,494.0,D:\git\git\RDMCT-A3C\cie\data\core\spbs\cie_core_n008_f002_m006_proc090.lp,0.0,4,0.0,0.0,93.0,502.0,True,spbs_none,D:\git\git\RDMCT-A3C\cie\results\spbs\cie_spbs_600s_mem2048_repro_v1\s7to9_both\solutions\cie_core_spbs__cie_core_n008_f002_m006_proc090__scip_default__solverseed_8__trainseed_-1__spbs_none.sol,8,0.5177246999955969,optimal,cie_core_spbs,34.78260865364419,8,-1,checked active primary model at feasibility tolerance 1.000001e-06; removed 13 inactive auxiliaries,0.053140096554178624,none
0.19323671474246773,0.3913043473534972,0.7826086947069943,0.3913043473534972,0,0.0,828.000001,0.0,cie_core_n008_f002_m006_proc090.lp,0.14130434765542954,0.1545893717939742,440.7499995,scip_default,479.999999,D:\git\git\RDMCT-A3C\cie\data\core\spbs\cie_core_n008_f002_m006_proc090.lp,100.0,4,2.839786268358103e-09,9.999999974752427e-07,28.0,306.0,True,spbs_none,D:\git\git\RDMCT-A3C\cie\results\spbs\cie_spbs_600s_mem2048_repro_v1\s7to9_both\solutions\cie_core_spbs__cie_core_n008_f002_m006_proc090__scip_default__solverseed_9__trainseed_-1__spbs_none.sol,9,0.381409600006009,optimal,cie_core_spbs,34.78260865364419,8,-1,checked active primary model at feasibility tolerance 1.000001e-06; removed 13 inactive auxiliaries,0.053140096554178624,none
0.1777777775802469,0.3599999996,0.7999999991111111,0.39999999955555554,0,0.0,900.000001,0.0,cie_core_n008_f002_m006_proc100.lp,0.11111111098765432,0.1333333331851863,466.0000000000002,scip_default,508.000000000001,D:\git\git\RDMCT-A3C\cie\data\core\spbs\cie_core_n008_f002_m006_proc100.lp,0.0,6,0.0,0.0,28.0,256.00000000000205,True,spbs_none,D:\git\git\RDMCT-A3C\cie\results\spbs\cie_spbs_600s_mem2048_repro_v1\s7to9_both\solutions\cie_core_spbs__cie_core_n008_f002_m006_proc100__scip_default__solverseed_7__trainseed_-1__spbs_none.sol,7,0.27041800000006333,optimal,cie_core_spbs,31.999999964444445,8,-1,checked active primary model at feasibility tolerance 1.000001e-06; removed 13 inactive auxiliaries,0.0488888888345679,none
0.1777777775802469,0.3599999996,0.7999999991111111,0.39999999955555554,0,0.0,900.000001,0.0,cie_core_n008_f002_m006_proc100.lp,0.21444444309506172,0.18666666868148146,501.24999975000026,scip_default,548.0,D:\git\git\RDMCT-A3C\cie\data\core\spbs\cie_core_n008_f002_m006_proc100.lp,0.0,4,2.5619824001153787e-09,9.999999974752427e-07,92.999999,538.000002,True,spbs_none,D:\git\git\RDMCT-A3C\cie\results\spbs\cie_spbs_600s_mem2048_repro_v1\s7to9_both\solutions\cie_core_spbs__cie_core_n008_f002_m006_proc100__scip_default__solverseed_8__trainseed_-1__spbs_none.sol,8,0.46072650000132853,optimal,cie_core_spbs,31.999999964444445,8,-1,checked active primary model at feasibility tolerance 1.000001e-06; removed 13 inactive auxiliaries,0.0488888888345679,none
0.1777777775802469,0.3599999995999999,0.799999999111111,0.39999999955555554,0,0.0,900.000001,0.0,cie_core_n008_f002_m006_proc100.lp,0.21444444420617284,0.18666666645925895,501.2499999999999,scip_default,548.0,D:\git\git\RDMCT-A3C\cie\data\core\spbs\cie_core_n008_f002_m006_proc100.lp,100.0,4,0.0,0.0,93.0,538.0,True,spbs_none,D:\git\git\RDMCT-A3C\cie\results\spbs\cie_spbs_600s_mem2048_repro_v1\s7to9_both\solutions\cie_core_spbs__cie_core_n008_f002_m006_proc100__scip_default__solverseed_9__trainseed_-1__spbs_none.sol,9,0.41310699999303324,optimal,cie_core_spbs,31.999999964444445,8,-1,checked active primary model at feasibility tolerance 1.000001e-06; removed 13 inactive auxiliaries,0.0488888888345679,none
0.16460905332859152,0.3333333329903978,0.814814813976528,0.407407406988264,0,0.0,972.000001,0.0,cie_core_n008_f002_m006_proc110.lp,0.1805555553697988,0.20113168703587275,535.25,scip_default,619.5,D:\git\git\RDMCT-A3C\cie\data\core\spbs\cie_core_n008_f002_m006_proc110.lp,0.0,6,0.0,0.0,75.5,558.0,True,spbs_none,D:\git\git\RDMCT-A3C\cie\results\spbs\cie_spbs_600s_mem2048_repro_v1\s7to9_both\solutions\cie_core_spbs__cie_core_n008_f002_m006_proc110__scip_default__solverseed_7__trainseed_-1__spbs_none.sol,7,0.40009590000408934,optimal,cie_core_spbs,29.629629599146472,8,-1,checked active primary model at feasibility tolerance 1.000001e-06; removed 13 inactive auxiliaries,0.04526748966536266,none
0.16460905332859152,0.3333333329903978,0.814814813976528,0.407407406988264,0,0.0,972.000001,0.0,cie_core_n008_f002_m006_proc110.lp,0.1985596705776135,0.19135802449448763,537.25,scip_default,602.0,D:\git\git\RDMCT-A3C\cie\data\core\spbs\cie_core_n008_f002_m006_proc110.lp,100.0,4,0.0,0.0,93.0,574.0,True,spbs_none,D:\git\git\RDMCT-A3C\cie\results\spbs\cie_spbs_600s_mem2048_repro_v1\s7to9_both\solutions\cie_core_spbs__cie_core_n008_f002_m006_proc110__scip_default__solverseed_8__trainseed_-1__spbs_none.sol,8,0.49472989999776473,optimal,cie_core_spbs,29.629629599146472,8,-1,checked active primary model at feasibility tolerance 1.000001e-06; removed 13 inactive auxiliaries,0.04526748966536266,none
0.16460905332859152,0.3333333329903978,0.814814813976528,0.407407406988264,0,0.0,972.000001,0.0,cie_core_n008_f002_m006_proc110.lp,0.1985596705776135,0.19135802449448763,537.25,scip_default,602.0,D:\git\git\RDMCT-A3C\cie\data\core\spbs\cie_core_n008_f002_m006_proc110.lp,100.0,4,0.0,0.0,93.0,574.0,True,spbs_none,D:\git\git\RDMCT-A3C\cie\results\spbs\cie_spbs_600s_mem2048_repro_v1\s7to9_both\solutions\cie_core_spbs__cie_core_n008_f002_m006_proc110__scip_default__solverseed_9__trainseed_-1__spbs_none.sol,9,0.6007020999968518,optimal,cie_core_spbs,29.629629599146472,8,-1,checked active primary model at feasibility tolerance 1.000001e-06; removed 13 inactive auxiliaries,0.04526748966536266,none
0.20512820486522024,0.415384614852071,0.6230769222781065,0.415384614852071,0,0.0,780.000001,0.0,cie_core_n008_f004_m004_proc090.lp,0.12820512804076264,0.16282051261176858,424.25,scip_default,479.0,D:\git\git\RDMCT-A3C\cie\data\core\spbs\cie_core_n008_f004_m004_proc090.lp,0.0,6,0.0,0,76.0,506.0,True,spbs_none,D:\git\git\RDMCT-A3C\cie\results\spbs\cie_spbs_600s_mem2048_repro_v1\s7to9_both\solutions\cie_core_spbs__cie_core_n008_f004_m004_proc090__scip_default__solverseed_7__trainseed_-1__spbs_none.sol,7,0.294586399992113,optimal,cie_core_spbs,36.923076875739646,8,-1,checked active primary model at feasibility tolerance 1.000001e-06; removed 13 inactive auxiliaries,0.05128205121630506,none
0.20512820486522063,0.4153846148520712,0.6230769222781064,0.415384614852071,0,0.0,780.000001,0.0,cie_core_n008_f004_m004_proc090.lp,0.12820512804076264,0.16282051132971478,424.24999999999955,scip_default,479.0,D:\git\git\RDMCT-A3C\cie\data\core\spbs\cie_core_n008_f004_m004_proc090.lp,0.0,6,3.0120510867509316e-09,0,75.999999999999,505.99999799999637,True,spbs_none,D:\git\git\RDMCT-A3C\cie\results\spbs\cie_spbs_600s_mem2048_repro_v1\s7to9_both\solutions\cie_core_spbs__cie_core_n008_f004_m004_proc090__scip_default__solverseed_8__trainseed_-1__spbs_none.sol,8,0.3055284000001848,optimal,cie_core_spbs,36.923076875739646,8,-1,checked active primary model at feasibility tolerance 1.000001e-06; removed 13 inactive auxiliaries,0.0512820512163055,none
0.20512820486522063,0.415384614852071,0.6230769222781065,0.415384614852071,0,0.0,780.000001,0.0,cie_core_n008_f004_m004_proc090.lp,0.12820512804076264,0.16282051261176858,424.25000000000006,scip_default,479.0,D:\git\git\RDMCT-A3C\cie\data\core\spbs\cie_core_n008_f004_m004_proc090.lp,0.0,6,8.560755852531328e-17,0,76.0,506.0000000000003,True,spbs_none,D:\git\git\RDMCT-A3C\cie\results\spbs\cie_spbs_600s_mem2048_repro_v1\s7to9_both\solutions\cie_core_spbs__cie_core_n008_f004_m004_proc090__scip_default__solverseed_9__trainseed_-1__spbs_none.sol,9,0.22288320000370732,optimal,cie_core_spbs,36.923076875739646,8,-1,checked active primary model at feasibility tolerance 1.000001e-06; removed 13 inactive auxiliaries,0.0512820512163055,none
0.19184652255174237,0.3884892081672779,0.647482013612132,0.43165467574142125,0,0.0,834.000001,0.0,cie_core_n008_f004_m004_proc100.lp,0.11990407659483923,0.15227817727544582,451.24999999999966,scip_default,515.0,D:\git\git\RDMCT-A3C\cie\data\core\spbs\cie_core_n008_f004_m004_proc100.lp,0.0,6,7.723290606088045e-17,0,76.0,505.9999999999997,True,spbs_none,D:\git\git\RDMCT-A3C\cie\results\spbs\cie_spbs_600s_mem2048_repro_v1\s7to9_both\solutions\cie_core_spbs__cie_core_n008_f004_m004_proc100__scip_default__solverseed_7__trainseed_-1__spbs_none.sol,7,0.3466889999981504,optimal,cie_core_spbs,34.5323740593137,8,-1,checked active primary model at feasibility tolerance 1.000001e-06; removed 13 inactive auxiliaries,0.047961630637935286,none
0.19184652255174237,0.38848920816727806,0.647482013612132,0.43165467574142125,0,0.0,834.000001,0.0,cie_core_n008_f004_m004_proc100.lp,0.11990407659483923,0.15227817727544582,451.2499999999999,scip_default,515.000000000001,D:\git\git\RDMCT-A3C\cie\data\core\spbs\cie_core_n008_f004_m004_proc100.lp,0.0,6,7.723290606088045e-17,0,76.0,506.00000000000176,True,spbs_none,D:\git\git\RDMCT-A3C\cie\results\spbs\cie_spbs_600s_mem2048_repro_v1\s7to9_both\solutions\cie_core_spbs__cie_core_n008_f004_m004_proc100__scip_default__solverseed_8__trainseed_-1__spbs_none.sol,8,0.36747620000096504,optimal,cie_core_spbs,34.5323740593137,8,-1,checked active primary model at feasibility tolerance 1.000001e-06; removed 13 inactive auxiliaries,0.047961630637935286,none
0.19184652255174306,0.3884892081672791,0.6474820136121319,0.43165467574142125,0,0.0,834.000001,0.0,cie_core_n008_f004_m004_proc100.lp,0.11990407659483923,0.15227817727544582,451.25000000000006,scip_default,515.0,D:\git\git\RDMCT-A3C\cie\data\core\spbs\cie_core_n008_f004_m004_proc100.lp,100.0,6,0.0,0,76.0,506.0000000000003,True,spbs_none,D:\git\git\RDMCT-A3C\cie\results\spbs\cie_spbs_600s_mem2048_repro_v1\s7to9_both\solutions\cie_core_spbs__cie_core_n008_f004_m004_proc100__scip_default__solverseed_9__trainseed_-1__spbs_none.sol,9,0.4334104000008665,optimal,cie_core_spbs,34.5323740593137,8,-1,checked active primary model at feasibility tolerance 1.000001e-06; removed 13 inactive auxiliaries,0.047961630637936105,none
0.1801801799772742,0.3648648644539805,0.6689189181656319,0.44594594544375454,0,0.0,888.000001,0.0,cie_core_n008_f004_m004_proc110.lp,0.11261261248579661,0.1430180156047114,478.2499995000001,scip_default,550.999999,D:\git\git\RDMCT-A3C\cie\data\core\spbs\cie_core_n008_f004_m004_proc110.lp,0.0,6,2.5326275730063043e-15,0,75.999999000001,505.9999980000017,True,spbs_none,D:\git\git\RDMCT-A3C\cie\results\spbs\cie_spbs_600s_mem2048_repro_v1\s7to9_both\solutions\cie_core_spbs__cie_core_n008_f004_m004_proc110__scip_default__solverseed_7__trainseed_-1__spbs_none.sol,7,0.23369670000101905,optimal,cie_core_spbs,32.43243239590942,8,-1,checked active primary model at feasibility tolerance 1.000001e-06; removed 13 inactive auxiliaries,0.04504504499431864,none
0.18018017997727495,0.36486486445398103,0.6689189181656319,0.44594594544375454,0,0.0,888.000001,0.0,cie_core_n008_f004_m004_proc110.lp,0.11261261248579661,0.1430180167308322,478.2499999999993,scip_default,550.999999999999,D:\git\git\RDMCT-A3C\cie\data\core\spbs\cie_core_n008_f004_m004_proc110.lp,0.0,6,2.475247442025448e-09,0,75.999999999999,505.9999979999943,True,spbs_none,D:\git\git\RDMCT-A3C\cie\results\spbs\cie_spbs_600s_mem2048_repro_v1\s7to9_both\solutions\cie_core_spbs__cie_core_n008_f004_m004_proc110__scip_default__solverseed_8__trainseed_-1__spbs_none.sol,8,0.2802588000049582,optimal,cie_core_spbs,32.43243239590942,8,-1,checked active primary model at feasibility tolerance 1.000001e-06; removed 13 inactive auxiliaries,0.04504504499431903,none
0.1801801799772742,0.36486486445398064,0.6689189181656318,0.44594594544375454,0,0.0,888.000001,0.0,cie_core_n008_f004_m004_proc110.lp,0.11261261248579661,0.14301801785696136,478.24999999999983,scip_default,551.0,D:\git\git\RDMCT-A3C\cie\data\core\spbs\cie_core_n008_f004_m004_proc110.lp,100.0,6,0.0,0,76.0,505.9999999999997,True,spbs_none,D:\git\git\RDMCT-A3C\cie\results\spbs\cie_spbs_600s_mem2048_repro_v1\s7to9_both\solutions\cie_core_spbs__cie_core_n008_f004_m004_proc110__scip_default__solverseed_9__trainseed_-1__spbs_none.sol,9,0.34564880000107223,optimal,cie_core_spbs,32.43243239590942,8,-1,checked active primary model at feasibility tolerance 1.000001e-06; removed 13 inactive auxiliaries,0.04504504499431864,none
0.20512820486522054,0.415384614852071,0.6230769222781065,0.2076923074260355,0,0.0,780.000001,0.0,cie_core_n008_f006_m002_proc090.lp,0.15769230749013807,0.16282051261176858,392.50000000000006,scip_default,479.0,D:\git\git\RDMCT-A3C\cie\data\core\spbs\cie_core_n008_f006_m002_proc090.lp,0.0,6,0.0,0,76.0,584.0000000000003,True,spbs_none,D:\git\git\RDMCT-A3C\cie\results\spbs\cie_spbs_600s_mem2048_repro_v1\s7to9_both\solutions\cie_core_spbs__cie_core_n008_f006_m002_proc090__scip_default__solverseed_7__trainseed_-1__spbs_none.sol,7,0.3935805000073742,optimal,cie_core_spbs,36.923076875739646,8,-1,checked active primary model at feasibility tolerance 1.000001e-06; removed 13 inactive auxiliaries,0.056410256337936004,none
0.20512820486522076,0.41538461485207145,0.6230769222781064,0.20769230742603542,0,0.0,780.000001,0.0,cie_core_n008_f006_m002_proc090.lp,0.15769230749013807,0.16282051261176908,392.50000000000017,scip_default,478.99999999999994,D:\git\git\RDMCT-A3C\cie\data\core\spbs\cie_core_n008_f006_m002_proc090.lp,100.0,6,0.0,0,76.00000000000001,584.0000000000005,True,spbs_none,D:\git\git\RDMCT-A3C\cie\results\spbs\cie_spbs_600s_mem2048_repro_v1\s7to9_both\solutions\cie_core_spbs__cie_core_n008_f006_m002_proc090__scip_default__solverseed_8__trainseed_-1__spbs_none.sol,8,0.25569549999636365,optimal,cie_core_spbs,36.923076875739646,8,-1,checked active primary model at feasibility tolerance 1.000001e-06; removed 13 inactive auxiliaries,0.05641025633793557,none
0.20512820486522024,0.415384614852071,0.6230769222781065,0.2076923074260355,0,0.0,780.000001,0.0,cie_core_n008_f006_m002_proc090.lp,0.15769230749013807,0.16282051261176858,392.5,scip_default,479.0,D:\git\git\RDMCT-A3C\cie\data\core\spbs\cie_core_n008_f006_m002_proc090.lp,0.0,6,0.0,0,75.99999999999999,584.0,True,spbs_none,D:\git\git\RDMCT-A3C\cie\results\spbs\cie_spbs_600s_mem2048_repro_v1\s7to9_both\solutions\cie_core_spbs__cie_core_n008_f006_m002_proc090__scip_default__solverseed_9__trainseed_-1__spbs_none.sol,9,0.35742580000078306,optimal,cie_core_spbs,36.923076875739646,8,-1,checked active primary model at feasibility tolerance 1.000001e-06; removed 13 inactive auxiliaries,0.05641025633793557,none
0.19184652255174278,0.3884892081672791,0.6474820136121319,0.21582733787071062,0,0.0,834.000001,0.0,cie_core_n008_f006_m002_proc100.lp,0.11990407659483923,0.15227817727544582,430.0,scip_default,515.0,D:\git\git\RDMCT-A3C\cie\data\core\spbs\cie_core_n008_f006_m002_proc100.lp,0.0,6,0.0,0,91.0,704.0,True,spbs_none,D:\git\git\RDMCT-A3C\cie\results\spbs\cie_spbs_600s_mem2048_repro_v1\s7to9_both\solutions\cie_core_spbs__cie_core_n008_f006_m002_proc100__scip_default__solverseed_7__trainseed_-1__spbs_none.sol,7,0.35605930000019725,optimal,cie_core_spbs,34.5323740593137,8,-1,checked active primary model at feasibility tolerance 1.000001e-06; removed 13 inactive auxiliaries,0.05275779370172926,none
0.19184652255174237,0.3884892081672779,0.647482013612132,0.21582733787071062,0,0.0,834.000001,0.0,cie_core_n008_f006_m002_proc100.lp,0.11990407659483923,0.15227817727544582,429.99999999999966,scip_default,515.0,D:\git\git\RDMCT-A3C\cie\data\core\spbs\cie_core_n008_f006_m002_proc100.lp,0.0,6,0.0,0,90.0,703.9999999999997,True,spbs_none,D:\git\git\RDMCT-A3C\cie\results\spbs\cie_spbs_600s_mem2048_repro_v1\s7to9_both\solutions\cie_core_spbs__cie_core_n008_f006_m002_proc100__scip_default__solverseed_8__trainseed_-1__spbs_none.sol,8,0.4340481999970507,optimal,cie_core_spbs,34.5323740593137,8,-1,checked active primary model at feasibility tolerance 1.000001e-06; removed 13 inactive auxiliaries,0.05275779370172885,none
0.19184652255174306,0.3884892081672791,0.6474820136121319,0.21582733787071062,0,0.0,834.000001,0.0,cie_core_n008_f006_m002_proc100.lp,0.14748201421165227,0.15227817727544582,415.00000000000006,scip_default,515.0,D:\git\git\RDMCT-A3C\cie\data\core\spbs\cie_core_n008_f006_m002_proc100.lp,0.0,6,0.0,0,76.0,584.0000000000003,True,spbs_none,D:\git\git\RDMCT-A3C\cie\results\spbs\cie_spbs_600s_mem2048_repro_v1\s7to9_both\solutions\cie_core_spbs__cie_core_n008_f006_m002_proc100__scip_default__solverseed_9__trainseed_-1__spbs_none.sol,9,0.2497637999986182,optimal,cie_core_spbs,34.5323740593137,8,-1,checked active primary model at feasibility tolerance 1.000001e-06; removed 13 inactive auxiliaries,0.05275779370172967,none
0.18018017997727456,0.36486486445398103,0.6689189181656319,0.22297297272187727,0,0.0,888.000001,0.0,cie_core_n008_f006_m002_proc110.lp,0.11261261248579661,0.1430180178569617,452.5,scip_default,551.0,D:\git\git\RDMCT-A3C\cie\data\core\spbs\cie_core_n008_f006_m002_proc110.lp,100.0,6,0.0,0,91.0,704.0,True,spbs_none,D:\git\git\RDMCT-A3C\cie\results\spbs\cie_spbs_600s_mem2048_repro_v1\s7to9_both\solutions\cie_core_spbs__cie_core_n008_f006_m002_proc110__scip_default__solverseed_7__trainseed_-1__spbs_none.sol,7,0.2911450999963563,optimal,cie_core_spbs,32.43243239590942,8,-1,checked active primary model at feasibility tolerance 1.000001e-06; removed 13 inactive auxiliaries,0.049549549493750504,none
0.18018017997727456,0.36486486445397986,0.668918918165632,0.22297297272187727,0,0.0,888.000001,0.0,cie_core_n008_f006_m002_proc110.lp,0.13851351335752982,0.1430180178569617,437.4999999999998,scip_default,551.0,D:\git\git\RDMCT-A3C\cie\data\core\spbs\cie_core_n008_f006_m002_proc110.lp,0.0,6,0.0,0,76.0,584.0,True,spbs_none,D:\git\git\RDMCT-A3C\cie\results\spbs\cie_spbs_600s_mem2048_repro_v1\s7to9_both\solutions\cie_core_spbs__cie_core_n008_f006_m002_proc110__scip_default__solverseed_8__trainseed_-1__spbs_none.sol,8,0.4524241000035545,optimal,cie_core_spbs,32.43243239590942,8,-1,checked active primary model at feasibility tolerance 1.000001e-06; removed 13 inactive auxiliaries,0.049549549493750504,none
0.18018017997727456,0.36486486445398103,0.6689189181656319,0.22297297272187727,0,0.0,888.000001,0.0,cie_core_n008_f006_m002_proc110.lp,0.11261261248579661,0.1430180178569617,436.0,scip_default,551.0,D:\git\git\RDMCT-A3C\cie\data\core\spbs\cie_core_n008_f006_m002_proc110.lp,0.0,4,0.0,0,76.0,572.0,True,spbs_none,D:\git\git\RDMCT-A3C\cie\results\spbs\cie_spbs_600s_mem2048_repro_v1\s7to9_both\solutions\cie_core_spbs__cie_core_n008_f006_m002_proc110__scip_default__solverseed_9__trainseed_-1__spbs_none.sol,9,0.35593519999383716,optimal,cie_core_spbs,32.43243239590942,8,-1,checked active primary model at feasibility tolerance 1.000001e-06; removed 13 inactive auxiliaries,0.049549549493750504,none
0.30592734196374033,0.6195028674765745,0.7743785843457182,0.7743785843457183,0,0.0,1046.000001,0.0,cie_core_n016_f000_m016_proc090.lp,0.22944550551678167,0.25956023063139644,480.93750006249996,scip_default,487.4999995,D:\git\git\RDMCT-A3C\cie\data\core\spbs\cie_core_n016_f000_m016_proc090.lp,1100.0,4,0.0,0.0,28.000000000000057,591.0000009999998,True,spbs_none,D:\git\git\RDMCT-A3C\cie\results\spbs\cie_spbs_600s_mem2048_repro_v1\s7to9_both\solutions\cie_core_spbs__cie_core_n016_f000_m016_proc090__scip_default__solverseed_7__trainseed_-1__spbs_none.sol,7,10.68505659999937,optimal,cie_core_spbs,55.0669215534733,16,-1,checked active primary model at feasibility tolerance 1.000001e-06; removed 13 inactive auxiliaries,0.045889101294560974,none
0.3059273419637408,0.6195028674765749,0.7743785843457182,0.7743785843457183,0,0.0,1046.000001,0.0,cie_core_n016_f000_m016_proc090.lp,0.22944550551678167,0.25956023063139655,480.93749987500007,scip_default,487.4999995000002,D:\git\git\RDMCT-A3C\cie\data\core\spbs\cie_core_n016_f000_m016_proc090.lp,1911.5059221658207,4,1.3042551238705756e-09,4.999999987376214e-07,28.0000000000001,591.0000010000001,True,spbs_none,D:\git\git\RDMCT-A3C\cie\results\spbs\cie_spbs_600s_mem2048_repro_v1\s7to9_both\solutions\cie_core_spbs__cie_core_n016_f000_m016_proc090__scip_default__solverseed_8__trainseed_-1__spbs_none.sol,8,19.429583099998126,optimal,cie_core_spbs,55.0669215534733,16,-1,checked active primary model at feasibility tolerance 1.000001e-06; removed 13 inactive auxiliaries,0.045889101294560974,none
0.30592734196374044,0.619502867476574,0.7743785843457184,0.7743785843457182,0,0.0,1046.000001,0.0,cie_core_n016_f000_m016_proc090.lp,0.22944550551678264,0.2595602306313955,480.9375000624999,scip_default,487.49999949999994,D:\git\git\RDMCT-A3C\cie\data\core\spbs\cie_core_n016_f000_m016_proc090.lp,1200.0,4,5.662407755134658e-17,2.842170943040401e-14,28.000000000000057,591.000001,True,spbs_none,D:\git\git\RDMCT-A3C\cie\results\spbs\cie_spbs_600s_mem2048_repro_v1\s7to9_both\solutions\cie_core_spbs__cie_core_n016_f000_m016_proc090__scip_default__solverseed_9__trainseed_-1__spbs_none.sol,9,12.283704400004353,optimal,cie_core_spbs,55.0669215534733,16,-1,checked active primary model at feasibility tolerance 1.000001e-06; removed 13 inactive auxiliaries,0.04588910129456076,none
0.2816901405971035,0.5704225347091348,0.7922535204293543,0.7922535204293543,0,0.0,1136.000001,0.0,cie_core_n016_f000_m016_proc100.lp,0.22491197031257662,0.23547535410609646,518.3750001249999,scip_default,532.4999995,D:\git\git\RDMCT-A3C\cie\data\core\spbs\cie_core_n016_f000_m016_proc100.lp,1700.0,4,0.0,0.0,28.0,614.0000019999997,True,spbs_none,D:\git\git\RDMCT-A3C\cie\results\spbs\cie_spbs_600s_mem2048_repro_v1\s7to9_both\solutions\cie_core_spbs__cie_core_n016_f000_m016_proc100__scip_default__solverseed_7__trainseed_-1__spbs_none.sol,7,17.084465300002194,optimal,cie_core_spbs,50.70422530747867,16,-1,checked active primary model at feasibility tolerance 1.000001e-06; removed 13 inactive auxiliaries,0.04225352108956556,none
0.281690140597104,0.5704225347091353,0.7922535204293543,0.7922535204293543,0,0.0,1136.000001,0.0,cie_core_n016_f000_m016_proc100.lp,0.22491197031257573,0.23547535410609646,518.3750001249999,scip_default,532.4999995,D:\git\git\RDMCT-A3C\cie\data\core\spbs\cie_core_n016_f000_m016_proc100.lp,1700.0,4,0.0,0.0,28.000000000000412,614.0000020000004,True,spbs_none,D:\git\git\RDMCT-A3C\cie\results\spbs\cie_spbs_600s_mem2048_repro_v1\s7to9_both\solutions\cie_core_spbs__cie_core_n016_f000_m016_proc100__scip_default__solverseed_8__trainseed_-1__spbs_none.sol,8,17.141170300004887,optimal,cie_core_spbs,50.70422530747867,16,-1,checked active primary model at feasibility tolerance 1.000001e-06; removed 13 inactive auxiliaries,0.04225352108956576,none
0.2816901405971041,0.5704225347091354,0.7922535204293543,0.7922535204293543,0,0.0,1136.000001,0.0,cie_core_n016_f000_m016_proc100.lp,0.22491197031257662,0.23547535410609555,518.3750001249999,scip_default,532.4999995,D:\git\git\RDMCT-A3C\cie\data\core\spbs\cie_core_n016_f000_m016_proc100.lp,1300.0,4,0.0,0.0,28.000000000000412,614.0000020000004,True,spbs_none,D:\git\git\RDMCT-A3C\cie\results\spbs\cie_spbs_600s_mem2048_repro_v1\s7to9_both\solutions\cie_core_spbs__cie_core_n016_f000_m016_proc100__scip_default__solverseed_9__trainseed_-1__spbs_none.sol,9,12.912349999998696,optimal,cie_core_spbs,50.70422530747867,16,-1,checked active primary model at feasibility tolerance 1.000001e-06; removed 13 inactive auxiliaries,0.04225352108956556,none
0.2610114190366951,0.5285481235493081,0.8075040776447764,0.8075040776447765,0,0.0,1226.000001,0.0,cie_core_n016_f000_m016_proc110.lp,0.21574224982402757,0.22553018130054608,556.625000125,scip_default,577.4999995,D:\git\git\RDMCT-A3C\cie\data\core\spbs\cie_core_n016_f000_m016_proc110.lp,4600.0,4,0.0,0.0,33.49999950000006,650.0000019999997,True,spbs_none,D:\git\git\RDMCT-A3C\cie\results\spbs\cie_spbs_600s_mem2048_repro_v1\s7to9_both\solutions\cie_core_spbs__cie_core_n016_f000_m016_proc110__scip_default__solverseed_7__trainseed_-1__spbs_none.sol,7,45.99514040000213,optimal,cie_core_spbs,46.98205542660517,16,-1,checked active primary model at feasibility tolerance 1.000001e-06; removed 13 inactive auxiliaries,0.03915171285550431,none
0.2610114190366952,0.528548123549308,0.8075040776447765,0.8075040776447764,0,0.0,1226.000001,0.0,cie_core_n016_f000_m016_proc110.lp,0.21574224982402673,0.2255301813005471,556.625000125,scip_default,577.4999995,D:\git\git\RDMCT-A3C\cie\data\core\spbs\cie_core_n016_f000_m016_proc110.lp,4200.0,4,0.0,0.0,33.49999950000006,650.0000019999997,True,spbs_none,D:\git\git\RDMCT-A3C\cie\results\spbs\cie_spbs_600s_mem2048_repro_v1\s7to9_both\solutions\cie_core_spbs__cie_core_n016_f000_m016_proc110__scip_default__solverseed_8__trainseed_-1__spbs_none.sol,8,41.73879069999384,optimal,cie_core_spbs,46.98205542660517,16,-1,checked active primary model at feasibility tolerance 1.000001e-06; removed 13 inactive auxiliaries,0.03915171285550449,none
0.26101141903669584,0.5285481235493091,0.8075040776447765,0.8075040776447764,0,0.0,1226.000001,0.0,cie_core_n016_f000_m016_proc110.lp,0.21574224982402745,0.22553018130054575,556.6250001249997,scip_default,577.4999995000004,D:\git\git\RDMCT-A3C\cie\data\core\spbs\cie_core_n016_f000_m016_proc110.lp,14300.0,4,2.1737703640428768e-15,2.0463630789890885e-12,33.49999950000097,650.0000019999984,True,spbs_none,D:\git\git\RDMCT-A3C\cie\results\spbs\cie_spbs_600s_mem2048_repro_v1\s7to9_both\solutions\cie_core_spbs__cie_core_n016_f000_m016_proc110__scip_default__solverseed_9__trainseed_-1__spbs_none.sol,9,142.8775481000048,optimal,cie_core_spbs,46.98205542660517,16,-1,checked active primary model at feasibility tolerance 1.000001e-06; removed 13 inactive auxiliaries,0.03915171285550431,none
0.2877697839138761,0.5827338124255991,0.7284172655319989,0.5827338124255991,0,0.0,1112.000001,0.0,cie_core_n016_f004_m012_proc090.lp,0.29856115081064644,0.23651079295277805,466.625000375,scip_default,539.0,D:\git\git\RDMCT-A3C\cie\data\core\spbs\cie_core_n016_f004_m012_proc090.lp,2330.622039605091,4,0.0,0.0,98.999999,1026.000006,True,spbs_none,D:\git\git\RDMCT-A3C\cie\results\spbs\cie_spbs_600s_mem2048_repro_v1\s7to9_both\solutions\cie_core_spbs__cie_core_n016_f004_m012_proc090__scip_default__solverseed_7__trainseed_-1__spbs_none.sol,7,27.178039399994304,optimal,cie_core_spbs,51.79856110449769,16,-1,checked active primary model at feasibility tolerance 1.000001e-06; removed 13 inactive auxiliaries,0.05035971218492831,none
0.28776978391387575,0.5827338124255989,0.7284172655319989,0.582733812425599,0,0.0,1112.000001,0.0,cie_core_n016_f004_m012_proc090.lp,0.3525179852944982,0.25629496379829564,476.87499999999994,scip_default,622.9999999999997,D:\git\git\RDMCT-A3C\cie\data\core\spbs\cie_core_n016_f004_m012_proc090.lp,1900.0,4,0.0,0.0,183.0,1189.9999999999998,True,spbs_none,D:\git\git\RDMCT-A3C\cie\results\spbs\cie_spbs_600s_mem2048_repro_v1\s7to9_both\solutions\cie_core_spbs__cie_core_n016_f004_m012_proc090__scip_default__solverseed_8__trainseed_-1__spbs_none.sol,8,18.891778600002,optimal,cie_core_spbs,51.79856110449769,16,-1,checked active primary model at feasibility tolerance 1.000001e-06; removed 13 inactive auxiliaries,0.05035971218492831,none
0.287769783913876,0.5827338124255991,0.7284172655319988,0.5827338124255991,0,0.0,1112.000001,0.0,cie_core_n016_f004_m012_proc090.lp,0.3525179843952176,0.25629496559685694,476.87499987499996,scip_default,622.9999989999999,D:\git\git\RDMCT-A3C\cie\data\core\spbs\cie_core_n016_f004_m012_proc090.lp,1300.0,4,2.2450481667663745e-09,9.999999974752427e-07,182.999999,1190.000002,True,spbs_none,D:\git\git\RDMCT-A3C\cie\results\spbs\cie_spbs_600s_mem2048_repro_v1\s7to9_both\solutions\cie_core_spbs__cie_core_n016_f004_m012_proc090__scip_default__solverseed_9__trainseed_-1__spbs_none.sol,9,12.74985509999533,optimal,cie_core_spbs,51.79856110449769,16,-1,checked active primary model at feasibility tolerance 1.000001e-06; removed 13 inactive auxiliaries,0.05035971218492831,none
0.2662229615089663,0.5391014970556559,0.7487520792439666,0.5990016633951732,0,0.0,1202.000001,0.0,cie_core_n016_f004_m012_proc100.lp,0.3469217967163712,0.24625623939579344,512.8750000000001,scip_default,659.0,D:\git\git\RDMCT-A3C\cie\data\core\spbs\cie_core_n016_f004_m012_proc100.lp,2206.6666666666665,4,0.0,0.0,201.0,1262.0000000000005,True,spbs_none,D:\git\git\RDMCT-A3C\cie\results\spbs\cie_spbs_600s_mem2048_repro_v1\s7to9_both\solutions\cie_core_spbs__cie_core_n016_f004_m012_proc100__scip_default__solverseed_7__trainseed_-1__spbs_none.sol,7,22.365531100003864,optimal,cie_core_spbs,47.92013307161386,16,-1,checked active primary model at feasibility tolerance 1.000001e-06; removed 13 inactive auxiliaries,0.04658901826406941,none
0.2662229615089657,0.5391014970556559,0.7487520792439666,0.5990016633951732,0,0.0,1202.000001,0.0,cie_core_n016_f004_m012_proc100.lp,0.3469217967163712,0.24625623939579327,512.875,scip_default,659.0,D:\git\git\RDMCT-A3C\cie\data\core\spbs\cie_core_n016_f004_m012_proc100.lp,3107.8125,4,0.0,0.0,201.0,1261.9999999999998,True,spbs_none,D:\git\git\RDMCT-A3C\cie\results\spbs\cie_spbs_600s_mem2048_repro_v1\s7to9_both\solutions\cie_core_spbs__cie_core_n016_f004_m012_proc100__scip_default__solverseed_8__trainseed_-1__spbs_none.sol,8,32.68398019999586,optimal,cie_core_spbs,47.92013307161386,16,-1,checked active primary model at feasibility tolerance 1.000001e-06; removed 13 inactive auxiliaries,0.04658901826406903,none
0.2662229615089656,0.5391014970556551,0.7487520792439675,0.5990016633951741,0,0.0,1202.000001,0.0,cie_core_n016_f004_m012_proc100.lp,0.3544093175088117,0.2387687186033538,512.8750000000002,scip_default,658.999999999999,D:\git\git\RDMCT-A3C\cie\data\core\spbs\cie_core_n016_f004_m012_proc100.lp,2307.523510971787,4,0.0,0.0,201.0,1261.9999999999998,True,spbs_none,D:\git\git\RDMCT-A3C\cie\results\spbs\cie_spbs_600s_mem2048_repro_v1\s7to9_both\solutions\cie_core_spbs__cie_core_n016_f004_m012_proc100__scip_default__solverseed_9__trainseed_-1__spbs_none.sol,9,23.1778725999975,optimal,cie_core_spbs,47.92013307161386,16,-1,checked active primary model at feasibility tolerance 1.000001e-06; removed 13 inactive auxiliaries,0.046589018264068846,none
0.24767801838414993,0.501547987227904,0.7662538693759644,0.6130030955007716,0,0.0,1292.000001,0.0,cie_core_n016_f004_m012_proc110.lp,0.3312693495888008,0.2484520121916004,548.875,scip_default,695.0,D:\git\git\RDMCT-A3C\cie\data\core\spbs\cie_core_n016_f004_m012_proc110.lp,3100.0,4,0.0,0.0,219.0,1333.9999999999998,True,spbs_none,D:\git\git\RDMCT-A3C\cie\results\spbs\cie_spbs_600s_mem2048_repro_v1\s7to9_both\solutions\cie_core_spbs__cie_core_n016_f004_m012_proc110__scip_default__solverseed_7__trainseed_-1__spbs_none.sol,7,31.5667706000022,optimal,cie_core_spbs,44.582043309147025,16,-1,checked active primary model at feasibility tolerance 1.000001e-06; removed 13 inactive auxiliaries,0.04334365321722627,none
0.24767801838415013,0.501547987227904,0.7662538693759644,0.6130030955007716,0,0.0,1292.000001,0.0,cie_core_n016_f004_m012_proc110.lp,0.3312693495888008,0.2484520121916006,548.875,scip_default,695.0,D:\git\git\RDMCT-A3C\cie\data\core\spbs\cie_core_n016_f004_m012_proc110.lp,5303.405572755418,4,0.0,0.0,219.0,1334.0,True,spbs_none,D:\git\git\RDMCT-A3C\cie\results\spbs\cie_spbs_600s_mem2048_repro_v1\s7to9_both\solutions\cie_core_spbs__cie_core_n016_f004_m012_proc110__scip_default__solverseed_8__trainseed_-1__spbs_none.sol,8,54.458771700003126,optimal,cie_core_spbs,44.582043309147025,16,-1,checked active primary model at feasibility tolerance 1.000001e-06; removed 13 inactive auxiliaries,0.04334365321722627,none
0.24767801838415004,0.501547987227904,0.7662538693759644,0.6130030955007716,0,0.0,1292.000001,0.0,cie_core_n016_f004_m012_proc110.lp,0.3777089780358289,0.20201238297057855,548.87499975,scip_default,694.9999989999999,D:\git\git\RDMCT-A3C\cie\data\core\spbs\cie_core_n016_f004_m012_proc110.lp,7214.327485380117,4,0.0,0.0,219.0,1333.999998,True,spbs_none,D:\git\git\RDMCT-A3C\cie\results\spbs\cie_spbs_600s_mem2048_repro_v1\s7to9_both\solutions\cie_core_spbs__cie_core_n016_f004_m012_proc110__scip_default__solverseed_9__trainseed_-1__spbs_none.sol,9,73.73265030000039,optimal,cie_core_spbs,44.582043309147025,16,-1,checked active primary model at feasibility tolerance 1.000001e-06; removed 13 inactive auxiliaries,0.04334365321722627,none
0.2914389796981431,0.5901639329779936,0.5901639338887387,0.5901639338887384,0,0.0,1098.000001,0.0,cie_core_n016_f008_m008_proc090.lp,0.22222222110908732,0.29690346056748323,454.8750004374999,scip_default,560.0,D:\git\git\RDMCT-A3C\cie\data\core\spbs\cie_core_n016_f008_m008_proc090.lp,1622.3893747246668,4,0.10236875755863285,6.999999000000116,84.000001,1352.0000030000003,True,spbs_none,D:\git\git\RDMCT-A3C\cie\results\spbs\cie_spbs_600s_mem2048_repro_v1\s7to9_both\solutions\cie_core_spbs__cie_core_n016_f008_m008_proc090__scip_default__solverseed_7__trainseed_-1__spbs_none.sol,7,22.39925409999705,optimal,cie_core_spbs,52.45901634566574,16,-1,checked active primary model at feasibility tolerance 1.000001e-06; removed 13 inactive auxiliaries,0.058287795939628594,none
0.29143897969814286,0.5901639338887384,0.5901639338887397,0.5901639338887394,0,0.0,1098.000001,0.0,cie_core_n016_f008_m008_proc090.lp,0.2877959915411685,0.30418943779218083,466.3750005000004,scip_default,560.000001000001,D:\git\git\RDMCT-A3C\cie\data\core\spbs\cie_core_n016_f008_m008_proc090.lp,1620.4020023692156,4,0.10236875903870128,6.999998999998979,98.99999899999898,1536.0000060000057,True,spbs_none,D:\git\git\RDMCT-A3C\cie\results\spbs\cie_spbs_600s_mem2048_repro_v1\s7to9_both\solutions\cie_core_spbs__cie_core_n016_f008_m008_proc090__scip_default__solverseed_8__trainseed_-1__spbs_none.sol,8,18.777182799996808,optimal,cie_core_spbs,52.45901634566574,16,-1,checked active primary model at feasibility tolerance 1.000001e-06; removed 13 inactive auxiliaries,0.058287795939628594,none
0.29143897969814336,0.5901639338887396,0.5901639338887387,0.5901639338887384,0,0.0,1098.000001,0.0,cie_core_n016_f008_m008_proc090.lp,0.28779599154116947,0.3041894377921781,466.37500050000034,scip_default,560.000001000001,D:\git\git\RDMCT-A3C\cie\data\core\spbs\cie_core_n016_f008_m008_proc090.lp,1304.3715846994535,4,0.10236875903869976,6.9999990000000025,98.999999,1536.0000060000045,True,spbs_none,D:\git\git\RDMCT-A3C\cie\results\spbs\cie_spbs_600s_mem2048_repro_v1\s7to9_both\solutions\cie_core_spbs__cie_core_n016_f008_m008_proc090__scip_default__solverseed_9__trainseed_-1__spbs_none.sol,9,14.73364820000279,optimal,cie_core_spbs,52.45901634566574,16,-1,checked active primary model at feasibility tolerance 1.000001e-06; removed 13 inactive auxiliaries,0.05828779593962901,none
0.2735042732705094,0.5538461525180797,0.6153846148586457,0.6153846148586455,0,0.0,1170.000001,0.0,cie_core_n016_f008_m008_proc100.lp,0.2700854689999269,0.3008547014522604,490.62499949999983,scip_default,573.0,D:\git\git\RDMCT-A3C\cie\data\core\spbs\cie_core_n016_f008_m008_proc100.lp,5007.692307692308,4,0.05882352700466253,1.0231815394945443e-12,98.99999900000103,1549.9999979999984,True,spbs_none,D:\git\git\RDMCT-A3C\cie\results\spbs\cie_spbs_600s_mem2048_repro_v1\s7to9_both\solutions\cie_core_spbs__cie_core_n016_f008_m008_proc100__scip_default__solverseed_7__trainseed_-1__spbs_none.sol,7,51.13664560000325,optimal,cie_core_spbs,49.230769188691646,16,-1,checked active primary model at feasibility tolerance 1.000001e-06; removed 13 inactive auxiliaries,0.05470085465410183,none
0.2735042732705095,0.553846153372781,0.6153846148586456,0.6153846148586457,0,0.0,1170.000001,0.0,cie_core_n016_f008_m008_proc100.lp,0.2700854689999269,0.30085470230696176,490.6250002500001,scip_default,573.000001,D:\git\git\RDMCT-A3C\cie\data\core\spbs\cie_core_n016_f008_m008_proc100.lp,1403.7606837606838,4,0.058823529411764705,0.0,98.999999,1550.0000040000004,True,spbs_none,D:\git\git\RDMCT-A3C\cie\results\spbs\cie_spbs_600s_mem2048_repro_v1\s7to9_both\solutions\cie_core_spbs__cie_core_n016_f008_m008_proc100__scip_default__solverseed_8__trainseed_-1__spbs_none.sol,8,16.259974200002034,optimal,cie_core_spbs,49.230769188691646,16,-1,checked active primary model at feasibility tolerance 1.000001e-06; removed 13 inactive auxiliaries,0.05470085465410222,none
0.273504273270509,0.553846153372781,0.6153846148586457,0.6153846148586456,0,0.0,1170.000001,0.0,cie_core_n016_f008_m008_proc100.lp,0.20854701007816492,0.2786324775396302,476.87499987499996,scip_default,572.999999,D:\git\git\RDMCT-A3C\cie\data\core\spbs\cie_core_n016_f008_m008_proc100.lp,2408.3760683760684,4,0.058823529411764705,0.0,84.0,1329.999998,True,spbs_none,D:\git\git\RDMCT-A3C\cie\results\spbs\cie_spbs_600s_mem2048_repro_v1\s7to9_both\solutions\cie_core_spbs__cie_core_n016_f008_m008_proc100__scip_default__solverseed_9__trainseed_-1__spbs_none.sol,9,24.90792249999504,optimal,cie_core_spbs,49.230769188691646,16,-1,checked active primary model at feasibility tolerance 1.000001e-06; removed 13 inactive auxiliaries,0.05470085465410183,none
0.2576489530936806,0.5217391300147027,0.637681158906859,0.637681158906859,0,0.0,1242.000001,0.0,cie_core_n016_f008_m008_proc110.lp,0.1964573267339313,0.2624798709641869,497.125,scip_default,609.0,D:\git\git\RDMCT-A3C\cie\data\core\spbs\cie_core_n016_f008_m008_proc110.lp,2604.186795491143,4,0.012224938875305624,0.0,84.0,1294.0000000000002,True,spbs_none,D:\git\git\RDMCT-A3C\cie\results\spbs\cie_spbs_600s_mem2048_repro_v1\s7to9_both\solutions\cie_core_spbs__cie_core_n016_f008_m008_proc110__scip_default__solverseed_7__trainseed_-1__spbs_none.sol,7,27.81929709999531,optimal,cie_core_spbs,46.376811556862464,16,-1,checked active primary model at feasibility tolerance 1.000001e-06; removed 13 inactive auxiliaries,0.051529790618736256,none
0.25764895309368063,0.5217391300147018,0.6376811589068597,0.6376811589068591,0,0.0,1242.000001,0.0,cie_core_n016_f008_m008_proc110.lp,0.2544283403748557,0.29790660362487553,513.1250002500003,scip_default,609.0000010000011,D:\git\git\RDMCT-A3C\cie\data\core\spbs\cie_core_n016_f008_m008_proc110.lp,4007.7294685990337,4,0.012224938875305624,0.0,98.99999899999898,1550.0000040000043,True,spbs_none,D:\git\git\RDMCT-A3C\cie\results\spbs\cie_spbs_600s_mem2048_repro_v1\s7to9_both\solutions\cie_core_spbs__cie_core_n016_f008_m008_proc110__scip_default__solverseed_8__trainseed_-1__spbs_none.sol,8,43.83576089999406,optimal,cie_core_spbs,46.376811556862464,16,-1,checked active primary model at feasibility tolerance 1.000001e-06; removed 13 inactive auxiliaries,0.05152979061873644,none
0.25764895309368036,0.5217391300147027,0.6376811589068591,0.637681158906859,0,0.0,1242.000001,0.0,cie_core_n016_f008_m008_proc110.lp,0.25442834037485645,0.29790660362487387,513.1250002500001,scip_default,609.0000010000001,D:\git\git\RDMCT-A3C\cie\data\core\spbs\cie_core_n016_f008_m008_proc110.lp,5320.547645798851,4,0.012224938875305624,0.0,98.999999,1550.000004,True,spbs_none,D:\git\git\RDMCT-A3C\cie\results\spbs\cie_spbs_600s_mem2048_repro_v1\s7to9_both\solutions\cie_core_spbs__cie_core_n016_f008_m008_proc110__scip_default__solverseed_9__trainseed_-1__spbs_none.sol,9,57.01291640000272,optimal,cie_core_spbs,46.376811556862464,16,-1,checked active primary model at feasibility tolerance 1.000001e-06; removed 13 inactive auxiliaries,0.051529790618736075,none
0.293847566305007,0.595041321767639,0.5950413217676379,0.44628099132572907,0,0.0,1089.000001,0.0,cie_core_n016_f012_m004_proc090.lp,0.2304866848204897,0.30303030275203846,417.74999999999994,scip_default,536.9999999999991,D:\git\git\RDMCT-A3C\cie\data\core\spbs\cie_core_n016_f012_m004_proc090.lp,1500.0,6,0.31032899487810867,0,84.0,1572.0000000000002,True,spbs_none,D:\git\git\RDMCT-A3C\cie\results\spbs\cie_spbs_600s_mem2048_repro_v1\s7to9_both\solutions\cie_core_spbs__cie_core_n016_f012_m004_proc090__scip_default__solverseed_7__trainseed_-1__spbs_none.sol,7,14.226872200008074,optimal,cie_core_spbs,52.892561934901224,16,-1,checked active primary model at feasibility tolerance 1.000001e-06; removed 13 inactive auxiliaries,0.06611570241862653,none
0.2938475663050067,0.5950413217676386,0.5950413217676389,0.44628099132572896,0,0.0,1089.000001,0.0,cie_core_n016_f012_m004_proc090.lp,0.2304866848204897,0.30027548181792874,417.75,scip_default,537.0000000000001,D:\git\git\RDMCT-A3C\cie\data\core\spbs\cie_core_n016_f012_m004_proc090.lp,1106.8870523415978,6,0.31549538130944244,0,84.0,1572.0,True,spbs_none,D:\git\git\RDMCT-A3C\cie\results\spbs\cie_spbs_600s_mem2048_repro_v1\s7to9_both\solutions\cie_core_spbs__cie_core_n016_f012_m004_proc090__scip_default__solverseed_8__trainseed_-1__spbs_none.sol,8,13.981797599997662,optimal,cie_core_spbs,52.892561934901224,16,-1,checked active primary model at feasibility tolerance 1.000001e-06; removed 13 inactive auxiliaries,0.06611570241862653,none
0.29384756630500647,0.5950413217676386,0.5950413217676389,0.44628099132572896,0,0.0,1089.000001,0.0,cie_core_n016_f012_m004_proc090.lp,0.2047750227688016,0.24977043135925553,406.99999999999994,scip_default,479.0000000000001,D:\git\git\RDMCT-A3C\cie\data\core\spbs\cie_core_n016_f012_m004_proc090.lp,1313.8461538461538,6,0.31032899487810867,0,84.0,1399.9999999999998,True,spbs_none,D:\git\git\RDMCT-A3C\cie\results\spbs\cie_spbs_600s_mem2048_repro_v1\s7to9_both\solutions\cie_core_spbs__cie_core_n016_f012_m004_proc090__scip_default__solverseed_9__trainseed_-1__spbs_none.sol,9,14.665656700002728,optimal,cie_core_spbs,52.892561934901224,16,-1,checked active primary model at feasibility tolerance 1.000001e-06; removed 13 inactive auxiliaries,0.06611570241862653,none
0.2763385144418496,0.559585491744744,0.6217616574941618,0.4663212431206215,0,0.0,1158.000001,0.0,cie_core_n016_f012_m004_proc100.lp,0.20379965440086384,0.21934369583821786,427.50000000000017,scip_default,515.000000000001,D:\git\git\RDMCT-A3C\cie\data\core\spbs\cie_core_n016_f012_m004_proc100.lp,1700.0,6,0.2861125704223025,0,76.0,1368.0000000000002,True,spbs_none,D:\git\git\RDMCT-A3C\cie\results\spbs\cie_spbs_600s_mem2048_repro_v1\s7to9_both\solutions\cie_core_spbs__cie_core_n016_f012_m004_proc100__scip_default__solverseed_7__trainseed_-1__spbs_none.sol,7,17.205770699991263,optimal,cie_core_spbs,49.74093259953287,16,-1,checked active primary model at feasibility tolerance 1.000001e-06; removed 13 inactive auxiliaries,0.06217616574941648,none
0.2763385144418495,0.5595854917447441,0.6217616574941601,0.4663212431206206,0,0.0,1158.000001,0.0,cie_core_n016_f012_m004_proc100.lp,0.22797927441452565,0.27547495658421867,437.87499999999983,scip_default,572.9999999999991,D:\git\git\RDMCT-A3C\cie\data\core\spbs\cie_core_n016_f012_m004_proc100.lp,826.0010476319399,6,0.2861125704223025,0,76.0,1534.0000000000002,True,spbs_none,D:\git\git\RDMCT-A3C\cie\results\spbs\cie_spbs_600s_mem2048_repro_v1\s7to9_both\solutions\cie_core_spbs__cie_core_n016_f012_m004_proc100__scip_default__solverseed_8__trainseed_-1__spbs_none.sol,8,9.823963900002127,optimal,cie_core_spbs,49.74093259953287,16,-1,checked active primary model at feasibility tolerance 1.000001e-06; removed 13 inactive auxiliaries,0.06217616574941608,none
0.27633851444184926,0.5595854917447448,0.6217616574941609,0.4663212431206206,0,0.0,1158.000001,0.0,cie_core_n016_f012_m004_proc100.lp,0.22797927441452565,0.2754749565842185,437.875,scip_default,573.0,D:\git\git\RDMCT-A3C\cie\data\core\spbs\cie_core_n016_f012_m004_proc100.lp,3100.0,6,0.2861125704223025,0,76.0,1534.0,True,spbs_none,D:\git\git\RDMCT-A3C\cie\results\spbs\cie_spbs_600s_mem2048_repro_v1\s7to9_both\solutions\cie_core_spbs__cie_core_n016_f012_m004_proc100__scip_default__solverseed_9__trainseed_-1__spbs_none.sol,9,31.454344600002514,optimal,cie_core_spbs,49.74093259953287,16,-1,checked active primary model at feasibility tolerance 1.000001e-06; removed 13 inactive auxiliaries,0.06217616574941608,none
0.2601626014145021,0.5268292678643599,0.6439024385008906,0.4829268288756675,0,0.0,1230.000001,0.0,cie_core_n016_f012_m004_proc110.lp,0.19186991854319518,0.20650406487276096,449.9999999999985,scip_default,550.999999999998,D:\git\git\RDMCT-A3C\cie\data\core\spbs\cie_core_n016_f012_m004_proc110.lp,1807.361963190184,6,0.26540200902444144,0,76.00000000000001,1368.0000000000002,True,spbs_none,D:\git\git\RDMCT-A3C\cie\results\spbs\cie_spbs_600s_mem2048_repro_v1\s7to9_both\solutions\cie_core_spbs__cie_core_n016_f012_m004_proc110__scip_default__solverseed_7__trainseed_-1__spbs_none.sol,7,18.241537299996708,optimal,cie_core_spbs,46.82926825461035,16,-1,checked active primary model at feasibility tolerance 1.000001e-06; removed 13 inactive auxiliaries,0.05853658531826312,none
0.2601626014145023,0.5268292678643657,0.6439024385008922,0.48292682887567,0,0.0,1230.000001,0.0,cie_core_n016_f012_m004_proc110.lp,0.18130081286073102,0.21219512177870314,448.00000000000017,scip_default,551.000000000001,D:\git\git\RDMCT-A3C\cie\data\core\spbs\cie_core_n016_f012_m004_proc110.lp,2000.0,6,0.26540200902444144,0,76.0,1336.0000000000005,True,spbs_none,D:\git\git\RDMCT-A3C\cie\results\spbs\cie_spbs_600s_mem2048_repro_v1\s7to9_both\solutions\cie_core_spbs__cie_core_n016_f012_m004_proc110__scip_default__solverseed_8__trainseed_-1__spbs_none.sol,8,20.323524900006305,optimal,cie_core_spbs,46.82926825461035,16,-1,checked active primary model at feasibility tolerance 1.000001e-06; removed 13 inactive auxiliaries,0.0585365853182633,none
0.2601626014145021,0.5268292678643668,0.6439024385008922,0.4829268288756701,0,0.0,1230.000001,0.0,cie_core_n016_f012_m004_proc110.lp,0.2146341453539568,0.25934959247207373,460.3749996250003,scip_default,609.0,D:\git\git\RDMCT-A3C\cie\data\core\spbs\cie_core_n016_f012_m004_proc110.lp,1700.0,6,0.26540200748447956,0,76.0,1533.9999960000023,True,spbs_none,D:\git\git\RDMCT-A3C\cie\results\spbs\cie_spbs_600s_mem2048_repro_v1\s7to9_both\solutions\cie_core_spbs__cie_core_n016_f012_m004_proc110__scip_default__solverseed_9__trainseed_-1__spbs_none.sol,9,16.667363200002,optimal,cie_core_spbs,46.82926825461035,16,-1,checked active primary model at feasibility tolerance 1.000001e-06; removed 13 inactive auxiliaries,0.05853658531826293,none
0.20033388973274852,0.4056761267088156,0.787145241741592,0.3305509180590354,1,0.10434056756914001,2396.000001,0.0,cie_core_n024_f018_m006_proc110.lp,0.19282136886777076,0.2120200333004925,468.83333341666645,scip_default,597.9999999999998,D:\git\git\RDMCT-A3C\cie\data\core\spbs\cie_core_n024_f018_m006_proc110.lp,41905.48050365556,6,0.28613863496882247,65.99999899999796,116.0,2504.0000020000016,True,spbs_none,D:\git\git\RDMCT-A3C\cie\results\spbs\cie_spbs_600s_mem2048_repro_v1\s7to9_both\solutions\cie_core_spbs__cie_core_n024_f018_m006_proc110__scip_default__solverseed_9__trainseed_-1__spbs_none.sol,9,421.4057538999987,optimal,cie_core_spbs,36.06010015189479,24,-1,checked active primary model at feasibility tolerance 1.000001e-06; removed 13 inactive auxiliaries,0.055091819676505734,none
