suite,family,scale,split,time_limit,solver_seeds,path,relative_path,instance,method,seed,training_seed,run_label,warm_start,started_at,status,solving_time,nodes,gap,primal_dual_integral,best_objective,schedule_total_wait,schedule_max_wait,schedule_cadence_cv,schedule_cadence_deviation_sum,n_solutions,has_incumbent,solution_file,solution_write_error,acs_weights,acs_weight_source,policy_model,feature_dim,structure_rerank,decode_type,error
cie_core_nominal,dual_source_cluster_tool,8_to_32_wafers_nominal_processing,test,600.0,[],D:\git\git\RDMCT-A3C\cie\data\core\pure41\cie_core_n008_f008_m000_proc100.lp,pure41\cie_core_n008_f008_m000_proc100.lp,cie_core_n008_f008_m000_proc100.lp,scip_default,2,1,trainseed_1,auto,2026-07-21T09:18:32,optimal,0.0,1,0.0,0.0,610.0,408.0,58.0,0.0,0.0,1,True,D:\git\git\RDMCT-A3C\cie\results\main\cie_main_600s_fast_v1\seed2\solutions\cie_core_nominal__cie_core_n008_f008_m000_proc100__scip_default__solverseed_2__trainseed_1__trainseed_1.sol,,,,,,False,,
cie_core_nominal,dual_source_cluster_tool,8_to_32_wafers_nominal_processing,test,600.0,[],D:\git\git\RDMCT-A3C\cie\data\core\pure41\cie_core_n008_f008_m000_proc100.lp,pure41\cie_core_n008_f008_m000_proc100.lp,cie_core_n008_f008_m000_proc100.lp,adaptive_cutsel,2,1,trainseed_1,auto,2026-07-21T09:18:32,optimal,0.0,1,0.0,0.0,610.0,408.0,58.0,0.0,0.0,1,True,D:\git\git\RDMCT-A3C\cie\results\main\cie_main_600s_fast_v1\seed2\solutions\cie_core_nominal__cie_core_n008_f008_m000_proc100__adaptive_cutsel__solverseed_2__trainseed_1__trainseed_1.sol,,"{""dircutoffdistweight"": 0.0, ""efficacyweight"": 0.0, ""intsupportweight"": 0.75, ""objparalweight"": 0.25}",global_default,,,False,,
cie_core_nominal,dual_source_cluster_tool,8_to_32_wafers_nominal_processing,test,600.0,[],D:\git\git\RDMCT-A3C\cie\data\core\pure41\cie_core_n008_f008_m000_proc100.lp,pure41\cie_core_n008_f008_m000_proc100.lp,cie_core_n008_f008_m000_proc100.lp,hem,2,1,trainseed_1,auto,2026-07-21T09:18:32,optimal,1.0,1,0.0,2.622950819672131,610.0,408.0,58.0,0.0,0.0,1,True,D:\git\git\RDMCT-A3C\cie\results\main\cie_main_600s_fast_v1\seed2\solutions\cie_core_nominal__cie_core_n008_f008_m000_proc100__hem__solverseed_2__trainseed_1__trainseed_1.sol,,,,D:\git\git\RDMCT-A3C\aaai\models\hem_submodular_data\aaai27_hem_generic13_submodular_data_all_aaai27_hem\aaai27_hem_generic13_submodular_data_all_aaai27_hem_2026_07_10_10_51_52_0000--s-1\itr_60.pkl,13,False,greedy,
cie_core_nominal,dual_source_cluster_tool,8_to_32_wafers_nominal_processing,test,600.0,[],D:\git\git\RDMCT-A3C\cie\data\core\pure41\cie_core_n008_f008_m000_proc100.lp,pure41\cie_core_n008_f008_m000_proc100.lp,cie_core_n008_f008_m000_proc100.lp,rdmct_feature_only,2,1,trainseed_1,auto,2026-07-21T09:18:33,optimal,0.0,1,0.0,0.0,610.0,408.0,58.0,0.0,0.0,1,True,D:\git\git\RDMCT-A3C\cie\results\main\cie_main_600s_fast_v1\seed2\solutions\cie_core_nominal__cie_core_n008_f008_m000_proc100__rdmct_feature_only__solverseed_2__trainseed_1__trainseed_1.sol,,,,D:\git\git\RDMCT-A3C\aaai\models\final_ablation\feature_only\aaai27_rdmct_role23_feature_only_all_aaai27_feature_only\aaai27_rdmct_role23_feature_only_all_aaai27_feature_only_2026_07_14_14_37_07_0000--s-1\itr_60.pkl,23,False,greedy,
cie_core_nominal,dual_source_cluster_tool,8_to_32_wafers_nominal_processing,test,600.0,[],D:\git\git\RDMCT-A3C\cie\data\core\pure41\cie_core_n008_f008_m000_proc100.lp,pure41\cie_core_n008_f008_m000_proc100.lp,cie_core_n008_f008_m000_proc100.lp,hem_beam,2,1,trainseed_1,auto,2026-07-21T09:18:33,optimal,0.0,1,0.0,0.0,610.0,408.0,58.0,0.0,0.0,1,True,D:\git\git\RDMCT-A3C\cie\results\main\cie_main_600s_fast_v1\seed2\solutions\cie_core_nominal__cie_core_n008_f008_m000_proc100__hem_beam__solverseed_2__trainseed_1__trainseed_1.sol,,,,D:\git\git\RDMCT-A3C\aaai\models\hem_submodular_data\aaai27_hem_generic13_submodular_data_all_aaai27_hem\aaai27_hem_generic13_submodular_data_all_aaai27_hem_2026_07_10_10_51_52_0000--s-1\itr_60.pkl,13,False,beam_search,
cie_core_nominal,dual_source_cluster_tool,8_to_32_wafers_nominal_processing,test,600.0,[],D:\git\git\RDMCT-A3C\cie\data\core\pure41\cie_core_n008_f008_m000_proc100.lp,pure41\cie_core_n008_f008_m000_proc100.lp,cie_core_n008_f008_m000_proc100.lp,hem_structure,2,1,trainseed_1,auto,2026-07-21T09:18:33,optimal,0.0,1,0.0,0.0,610.0,408.0,58.0,0.0,0.0,1,True,D:\git\git\RDMCT-A3C\cie\results\main\cie_main_600s_fast_v1\seed2\solutions\cie_core_nominal__cie_core_n008_f008_m000_proc100__hem_structure__solverseed_2__trainseed_1__trainseed_1.sol,,,,D:\git\git\RDMCT-A3C\aaai\models\proposed_submodular\aaai27_rdmct_role_submodular23_all_aaai27_proposed_submodular\aaai27_rdmct_role_submodular23_all_aaai27_proposed_submodular_2026_07_10_21_54_35_0000--s-1\itr_60.pkl,23,True,greedy,
cie_core_nominal,dual_source_cluster_tool,8_to_32_wafers_nominal_processing,test,600.0,[],D:\git\git\RDMCT-A3C\cie\data\core\pure41\cie_core_n008_f008_m000_proc100.lp,pure41\cie_core_n008_f008_m000_proc100.lp,cie_core_n008_f008_m000_proc100.lp,proposed,2,1,trainseed_1,auto,2026-07-21T09:18:33,optimal,0.0,1,0.0,0.0,610.0,408.0,58.0,0.0,0.0,1,True,D:\git\git\RDMCT-A3C\cie\results\main\cie_main_600s_fast_v1\seed2\solutions\cie_core_nominal__cie_core_n008_f008_m000_proc100__proposed__solverseed_2__trainseed_1__trainseed_1.sol,,,,D:\git\git\RDMCT-A3C\aaai\models\proposed_submodular\aaai27_rdmct_role_submodular23_all_aaai27_proposed_submodular\aaai27_rdmct_role_submodular23_all_aaai27_proposed_submodular_2026_07_10_21_54_35_0000--s-1\itr_60.pkl,23,True,beam_search,
cie_core_nominal,dual_source_cluster_tool,8_to_32_wafers_nominal_processing,test,600.0,[],D:\git\git\RDMCT-A3C\cie\data\core\pure41\cie_core_n016_f016_m000_proc100.lp,pure41\cie_core_n016_f016_m000_proc100.lp,cie_core_n016_f016_m000_proc100.lp,adaptive_cutsel,2,1,trainseed_1,auto,2026-07-21T09:18:33,optimal,0.0,1,0.0,0.0,944.0,20702.0,10000.0,0.015197568389057751,0.0,2,True,D:\git\git\RDMCT-A3C\cie\results\main\cie_main_600s_fast_v1\seed2\solutions\cie_core_nominal__cie_core_n016_f016_m000_proc100__adaptive_cutsel__solverseed_2__trainseed_1__trainseed_1.sol,,"{""dircutoffdistweight"": 0.0, ""efficacyweight"": 0.0, ""intsupportweight"": 0.75, ""objparalweight"": 0.25}",global_default,,,False,,
cie_core_nominal,dual_source_cluster_tool,8_to_32_wafers_nominal_processing,test,600.0,[],D:\git\git\RDMCT-A3C\cie\data\core\pure41\cie_core_n016_f016_m000_proc100.lp,pure41\cie_core_n016_f016_m000_proc100.lp,cie_core_n016_f016_m000_proc100.lp,hem,2,1,trainseed_1,auto,2026-07-21T09:18:33,optimal,1.0,1,0.0,100.0,944.0,20738.0,10000.0,0.015197568389057751,0.0,2,True,D:\git\git\RDMCT-A3C\cie\results\main\cie_main_600s_fast_v1\seed2\solutions\cie_core_nominal__cie_core_n016_f016_m000_proc100__hem__solverseed_2__trainseed_1__trainseed_1.sol,,,,D:\git\git\RDMCT-A3C\aaai\models\hem_submodular_data\aaai27_hem_generic13_submodular_data_all_aaai27_hem\aaai27_hem_generic13_submodular_data_all_aaai27_hem_2026_07_10_10_51_52_0000--s-1\itr_60.pkl,13,False,greedy,
cie_core_nominal,dual_source_cluster_tool,8_to_32_wafers_nominal_processing,test,600.0,[],D:\git\git\RDMCT-A3C\cie\data\core\pure41\cie_core_n016_f016_m000_proc100.lp,pure41\cie_core_n016_f016_m000_proc100.lp,cie_core_n016_f016_m000_proc100.lp,rdmct_feature_only,2,1,trainseed_1,auto,2026-07-21T09:18:34,optimal,0.0,1,0.0,0.0,944.0,20678.0,10000.0,0.0,0.0,2,True,D:\git\git\RDMCT-A3C\cie\results\main\cie_main_600s_fast_v1\seed2\solutions\cie_core_nominal__cie_core_n016_f016_m000_proc100__rdmct_feature_only__solverseed_2__trainseed_1__trainseed_1.sol,,,,D:\git\git\RDMCT-A3C\aaai\models\final_ablation\feature_only\aaai27_rdmct_role23_feature_only_all_aaai27_feature_only\aaai27_rdmct_role23_feature_only_all_aaai27_feature_only_2026_07_14_14_37_07_0000--s-1\itr_60.pkl,23,False,greedy,
cie_core_nominal,dual_source_cluster_tool,8_to_32_wafers_nominal_processing,test,600.0,[],D:\git\git\RDMCT-A3C\cie\data\core\pure41\cie_core_n016_f016_m000_proc100.lp,pure41\cie_core_n016_f016_m000_proc100.lp,cie_core_n016_f016_m000_proc100.lp,hem_beam,2,1,trainseed_1,auto,2026-07-21T09:18:34,optimal,0.0,1,0.0,0.0,944.0,20738.0,10000.0,0.015197568389057751,0.0,2,True,D:\git\git\RDMCT-A3C\cie\results\main\cie_main_600s_fast_v1\seed2\solutions\cie_core_nominal__cie_core_n016_f016_m000_proc100__hem_beam__solverseed_2__trainseed_1__trainseed_1.sol,,,,D:\git\git\RDMCT-A3C\aaai\models\hem_submodular_data\aaai27_hem_generic13_submodular_data_all_aaai27_hem\aaai27_hem_generic13_submodular_data_all_aaai27_hem_2026_07_10_10_51_52_0000--s-1\itr_60.pkl,13,False,beam_search,
cie_core_nominal,dual_source_cluster_tool,8_to_32_wafers_nominal_processing,test,600.0,[],D:\git\git\RDMCT-A3C\cie\data\core\pure41\cie_core_n016_f016_m000_proc100.lp,pure41\cie_core_n016_f016_m000_proc100.lp,cie_core_n016_f016_m000_proc100.lp,hem_structure,2,1,trainseed_1,auto,2026-07-21T09:18:34,optimal,1.0,1,0.0,0.5296610169491526,944.0,20702.0,10000.0,0.015197568389057751,0.0,2,True,D:\git\git\RDMCT-A3C\cie\results\main\cie_main_600s_fast_v1\seed2\solutions\cie_core_nominal__cie_core_n016_f016_m000_proc100__hem_structure__solverseed_2__trainseed_1__trainseed_1.sol,,,,D:\git\git\RDMCT-A3C\aaai\models\proposed_submodular\aaai27_rdmct_role_submodular23_all_aaai27_proposed_submodular\aaai27_rdmct_role_submodular23_all_aaai27_proposed_submodular_2026_07_10_21_54_35_0000--s-1\itr_60.pkl,23,True,greedy,
cie_core_nominal,dual_source_cluster_tool,8_to_32_wafers_nominal_processing,test,600.0,[],D:\git\git\RDMCT-A3C\cie\data\core\pure41\cie_core_n016_f016_m000_proc100.lp,pure41\cie_core_n016_f016_m000_proc100.lp,cie_core_n016_f016_m000_proc100.lp,proposed,2,1,trainseed_1,auto,2026-07-21T09:18:35,optimal,0.0,1,0.0,0.0,944.0,20702.0,10000.0,0.015197568389057751,0.0,2,True,D:\git\git\RDMCT-A3C\cie\results\main\cie_main_600s_fast_v1\seed2\solutions\cie_core_nominal__cie_core_n016_f016_m000_proc100__proposed__solverseed_2__trainseed_1__trainseed_1.sol,,,,D:\git\git\RDMCT-A3C\aaai\models\proposed_submodular\aaai27_rdmct_role_submodular23_all_aaai27_proposed_submodular\aaai27_rdmct_role_submodular23_all_aaai27_proposed_submodular_2026_07_10_21_54_35_0000--s-1\itr_60.pkl,23,True,beam_search,
cie_core_nominal,dual_source_cluster_tool,8_to_32_wafers_nominal_processing,test,600.0,[],D:\git\git\RDMCT-A3C\cie\data\core\pure41\cie_core_n016_f016_m000_proc100.lp,pure41\cie_core_n016_f016_m000_proc100.lp,cie_core_n016_f016_m000_proc100.lp,scip_default,2,1,trainseed_1,auto,2026-07-21T09:18:35,optimal,0.0,1,0.0,0.0,944.0,20568.0,10000.0,0.015197568389057751,0.0,2,True,D:\git\git\RDMCT-A3C\cie\results\main\cie_main_600s_fast_v1\seed2\solutions\cie_core_nominal__cie_core_n016_f016_m000_proc100__scip_default__solverseed_2__trainseed_1__trainseed_1.sol,,,,,,False,,
cie_core_nominal,dual_source_cluster_tool,8_to_32_wafers_nominal_processing,test,600.0,[],D:\git\git\RDMCT-A3C\cie\data\core\pure41\cie_core_n024_f024_m000_proc100.lp,pure41\cie_core_n024_f024_m000_proc100.lp,cie_core_n024_f024_m000_proc100.lp,hem,2,1,trainseed_1,auto,2026-07-21T09:18:35,optimal,2.0,1,0.0,200.0,1268.0,40231.0,10000.0,0.0132622573320741,10.0,1,True,D:\git\git\RDMCT-A3C\cie\results\main\cie_main_600s_fast_v1\seed2\solutions\cie_core_nominal__cie_core_n024_f024_m000_proc100__hem__solverseed_2__trainseed_1__trainseed_1.sol,,,,D:\git\git\RDMCT-A3C\aaai\models\hem_submodular_data\aaai27_hem_generic13_submodular_data_all_aaai27_hem\aaai27_hem_generic13_submodular_data_all_aaai27_hem_2026_07_10_10_51_52_0000--s-1\itr_60.pkl,13,False,greedy,
cie_core_nominal,dual_source_cluster_tool,8_to_32_wafers_nominal_processing,test,600.0,[],D:\git\git\RDMCT-A3C\cie\data\core\pure41\cie_core_n024_f024_m000_proc100.lp,pure41\cie_core_n024_f024_m000_proc100.lp,cie_core_n024_f024_m000_proc100.lp,rdmct_feature_only,2,1,trainseed_1,auto,2026-07-21T09:18:37,optimal,2.0,1,0.0,200.0,1268.0,40231.0,10000.0,0.0132622573320741,10.0,1,True,D:\git\git\RDMCT-A3C\cie\results\main\cie_main_600s_fast_v1\seed2\solutions\cie_core_nominal__cie_core_n024_f024_m000_proc100__rdmct_feature_only__solverseed_2__trainseed_1__trainseed_1.sol,,,,D:\git\git\RDMCT-A3C\aaai\models\final_ablation\feature_only\aaai27_rdmct_role23_feature_only_all_aaai27_feature_only\aaai27_rdmct_role23_feature_only_all_aaai27_feature_only_2026_07_14_14_37_07_0000--s-1\itr_60.pkl,23,False,greedy,
cie_core_nominal,dual_source_cluster_tool,8_to_32_wafers_nominal_processing,test,600.0,[],D:\git\git\RDMCT-A3C\cie\data\core\pure41\cie_core_n024_f024_m000_proc100.lp,pure41\cie_core_n024_f024_m000_proc100.lp,cie_core_n024_f024_m000_proc100.lp,hem_beam,2,1,trainseed_1,auto,2026-07-21T09:18:39,optimal,2.0,1,0.0,200.0,1268.0,40231.0,10000.0,0.0132622573320741,10.0,1,True,D:\git\git\RDMCT-A3C\cie\results\main\cie_main_600s_fast_v1\seed2\solutions\cie_core_nominal__cie_core_n024_f024_m000_proc100__hem_beam__solverseed_2__trainseed_1__trainseed_1.sol,,,,D:\git\git\RDMCT-A3C\aaai\models\hem_submodular_data\aaai27_hem_generic13_submodular_data_all_aaai27_hem\aaai27_hem_generic13_submodular_data_all_aaai27_hem_2026_07_10_10_51_52_0000--s-1\itr_60.pkl,13,False,beam_search,
cie_core_nominal,dual_source_cluster_tool,8_to_32_wafers_nominal_processing,test,600.0,[],D:\git\git\RDMCT-A3C\cie\data\core\pure41\cie_core_n024_f024_m000_proc100.lp,pure41\cie_core_n024_f024_m000_proc100.lp,cie_core_n024_f024_m000_proc100.lp,hem_structure,2,1,trainseed_1,auto,2026-07-21T09:18:42,optimal,2.0,1,0.0,200.0,1268.0,40231.0,10000.0,0.0132622573320741,10.0,1,True,D:\git\git\RDMCT-A3C\cie\results\main\cie_main_600s_fast_v1\seed2\solutions\cie_core_nominal__cie_core_n024_f024_m000_proc100__hem_structure__solverseed_2__trainseed_1__trainseed_1.sol,,,,D:\git\git\RDMCT-A3C\aaai\models\proposed_submodular\aaai27_rdmct_role_submodular23_all_aaai27_proposed_submodular\aaai27_rdmct_role_submodular23_all_aaai27_proposed_submodular_2026_07_10_21_54_35_0000--s-1\itr_60.pkl,23,True,greedy,
cie_core_nominal,dual_source_cluster_tool,8_to_32_wafers_nominal_processing,test,600.0,[],D:\git\git\RDMCT-A3C\cie\data\core\pure41\cie_core_n024_f024_m000_proc100.lp,pure41\cie_core_n024_f024_m000_proc100.lp,cie_core_n024_f024_m000_proc100.lp,proposed,2,1,trainseed_1,auto,2026-07-21T09:18:44,optimal,2.0,1,0.0,200.0,1268.0,40231.0,10000.0,0.0132622573320741,10.0,1,True,D:\git\git\RDMCT-A3C\cie\results\main\cie_main_600s_fast_v1\seed2\solutions\cie_core_nominal__cie_core_n024_f024_m000_proc100__proposed__solverseed_2__trainseed_1__trainseed_1.sol,,,,D:\git\git\RDMCT-A3C\aaai\models\proposed_submodular\aaai27_rdmct_role_submodular23_all_aaai27_proposed_submodular\aaai27_rdmct_role_submodular23_all_aaai27_proposed_submodular_2026_07_10_21_54_35_0000--s-1\itr_60.pkl,23,True,beam_search,
cie_core_nominal,dual_source_cluster_tool,8_to_32_wafers_nominal_processing,test,600.0,[],D:\git\git\RDMCT-A3C\cie\data\core\pure41\cie_core_n024_f024_m000_proc100.lp,pure41\cie_core_n024_f024_m000_proc100.lp,cie_core_n024_f024_m000_proc100.lp,scip_default,2,1,trainseed_1,auto,2026-07-21T09:18:46,optimal,2.0,1,0.0,200.0,1268.0,40231.0,10000.0,0.0132622573320741,10.0,1,True,D:\git\git\RDMCT-A3C\cie\results\main\cie_main_600s_fast_v1\seed2\solutions\cie_core_nominal__cie_core_n024_f024_m000_proc100__scip_default__solverseed_2__trainseed_1__trainseed_1.sol,,,,,,False,,
cie_core_nominal,dual_source_cluster_tool,8_to_32_wafers_nominal_processing,test,600.0,[],D:\git\git\RDMCT-A3C\cie\data\core\pure41\cie_core_n024_f024_m000_proc100.lp,pure41\cie_core_n024_f024_m000_proc100.lp,cie_core_n024_f024_m000_proc100.lp,adaptive_cutsel,2,1,trainseed_1,auto,2026-07-21T09:18:48,optimal,2.0,1,0.0,200.0,1268.0,40231.0,10000.0,0.0132622573320741,10.0,1,True,D:\git\git\RDMCT-A3C\cie\results\main\cie_main_600s_fast_v1\seed2\solutions\cie_core_nominal__cie_core_n024_f024_m000_proc100__adaptive_cutsel__solverseed_2__trainseed_1__trainseed_1.sol,,"{""dircutoffdistweight"": 0.0, ""efficacyweight"": 0.0, ""intsupportweight"": 0.75, ""objparalweight"": 0.25}",global_default,,,False,,
cie_core_nominal,dual_source_cluster_tool,8_to_32_wafers_nominal_processing,test,600.0,[],D:\git\git\RDMCT-A3C\cie\data\core\pure41\cie_core_n032_f032_m000_proc100.lp,pure41\cie_core_n032_f032_m000_proc100.lp,cie_core_n032_f032_m000_proc100.lp,rdmct_feature_only,2,1,trainseed_1,auto,2026-07-21T09:18:50,optimal,7.0,1,0.0,700.0,1592.0,61080.0,10000.0,0.011443541338279375,10.0,2,True,D:\git\git\RDMCT-A3C\cie\results\main\cie_main_600s_fast_v1\seed2\solutions\cie_core_nominal__cie_core_n032_f032_m000_proc100__rdmct_feature_only__solverseed_2__trainseed_1__trainseed_1.sol,,,,D:\git\git\RDMCT-A3C\aaai\models\final_ablation\feature_only\aaai27_rdmct_role23_feature_only_all_aaai27_feature_only\aaai27_rdmct_role23_feature_only_all_aaai27_feature_only_2026_07_14_14_37_07_0000--s-1\itr_60.pkl,23,False,greedy,
cie_core_nominal,dual_source_cluster_tool,8_to_32_wafers_nominal_processing,test,600.0,[],D:\git\git\RDMCT-A3C\cie\data\core\pure41\cie_core_n032_f032_m000_proc100.lp,pure41\cie_core_n032_f032_m000_proc100.lp,cie_core_n032_f032_m000_proc100.lp,hem_beam,2,1,trainseed_1,auto,2026-07-21T09:18:58,optimal,7.0,1,0.0,700.0,1592.0,61080.0,10000.0,0.011443541338279375,10.0,2,True,D:\git\git\RDMCT-A3C\cie\results\main\cie_main_600s_fast_v1\seed2\solutions\cie_core_nominal__cie_core_n032_f032_m000_proc100__hem_beam__solverseed_2__trainseed_1__trainseed_1.sol,,,,D:\git\git\RDMCT-A3C\aaai\models\hem_submodular_data\aaai27_hem_generic13_submodular_data_all_aaai27_hem\aaai27_hem_generic13_submodular_data_all_aaai27_hem_2026_07_10_10_51_52_0000--s-1\itr_60.pkl,13,False,beam_search,
cie_core_nominal,dual_source_cluster_tool,8_to_32_wafers_nominal_processing,test,600.0,[],D:\git\git\RDMCT-A3C\cie\data\core\pure41\cie_core_n032_f032_m000_proc100.lp,pure41\cie_core_n032_f032_m000_proc100.lp,cie_core_n032_f032_m000_proc100.lp,hem_structure,2,1,trainseed_1,auto,2026-07-21T09:19:05,optimal,8.0,1,0.0,800.0,1592.0,61054.0,10000.0,0.011443541338279375,10.0,2,True,D:\git\git\RDMCT-A3C\cie\results\main\cie_main_600s_fast_v1\seed2\solutions\cie_core_nominal__cie_core_n032_f032_m000_proc100__hem_structure__solverseed_2__trainseed_1__trainseed_1.sol,,,,D:\git\git\RDMCT-A3C\aaai\models\proposed_submodular\aaai27_rdmct_role_submodular23_all_aaai27_proposed_submodular\aaai27_rdmct_role_submodular23_all_aaai27_proposed_submodular_2026_07_10_21_54_35_0000--s-1\itr_60.pkl,23,True,greedy,
cie_core_nominal,dual_source_cluster_tool,8_to_32_wafers_nominal_processing,test,600.0,[],D:\git\git\RDMCT-A3C\cie\data\core\pure41\cie_core_n032_f032_m000_proc100.lp,pure41\cie_core_n032_f032_m000_proc100.lp,cie_core_n032_f032_m000_proc100.lp,proposed,2,1,trainseed_1,auto,2026-07-21T09:19:13,optimal,7.0,1,0.0,700.0,1592.0,61054.0,10000.0,0.011443541338279375,10.0,2,True,D:\git\git\RDMCT-A3C\cie\results\main\cie_main_600s_fast_v1\seed2\solutions\cie_core_nominal__cie_core_n032_f032_m000_proc100__proposed__solverseed_2__trainseed_1__trainseed_1.sol,,,,D:\git\git\RDMCT-A3C\aaai\models\proposed_submodular\aaai27_rdmct_role_submodular23_all_aaai27_proposed_submodular\aaai27_rdmct_role_submodular23_all_aaai27_proposed_submodular_2026_07_10_21_54_35_0000--s-1\itr_60.pkl,23,True,beam_search,
cie_core_nominal,dual_source_cluster_tool,8_to_32_wafers_nominal_processing,test,600.0,[],D:\git\git\RDMCT-A3C\cie\data\core\pure41\cie_core_n032_f032_m000_proc100.lp,pure41\cie_core_n032_f032_m000_proc100.lp,cie_core_n032_f032_m000_proc100.lp,scip_default,2,1,trainseed_1,auto,2026-07-21T09:19:20,optimal,8.0,1,0.0,800.0,1592.0,61028.0,10000.0,0.0,0.0,2,True,D:\git\git\RDMCT-A3C\cie\results\main\cie_main_600s_fast_v1\seed2\solutions\cie_core_nominal__cie_core_n032_f032_m000_proc100__scip_default__solverseed_2__trainseed_1__trainseed_1.sol,,,,,,False,,
cie_core_nominal,dual_source_cluster_tool,8_to_32_wafers_nominal_processing,test,600.0,[],D:\git\git\RDMCT-A3C\cie\data\core\pure41\cie_core_n032_f032_m000_proc100.lp,pure41\cie_core_n032_f032_m000_proc100.lp,cie_core_n032_f032_m000_proc100.lp,adaptive_cutsel,2,1,trainseed_1,auto,2026-07-21T09:19:28,optimal,7.0,1,0.0,700.0,1592.0,61066.0,10000.0,0.011443541338279375,10.0,2,True,D:\git\git\RDMCT-A3C\cie\results\main\cie_main_600s_fast_v1\seed2\solutions\cie_core_nominal__cie_core_n032_f032_m000_proc100__adaptive_cutsel__solverseed_2__trainseed_1__trainseed_1.sol,,"{""dircutoffdistweight"": 0.0, ""efficacyweight"": 0.0, ""intsupportweight"": 0.75, ""objparalweight"": 0.25}",global_default,,,False,,
cie_core_nominal,dual_source_cluster_tool,8_to_32_wafers_nominal_processing,test,600.0,[],D:\git\git\RDMCT-A3C\cie\data\core\pure41\cie_core_n032_f032_m000_proc100.lp,pure41\cie_core_n032_f032_m000_proc100.lp,cie_core_n032_f032_m000_proc100.lp,hem,2,1,trainseed_1,auto,2026-07-21T09:19:35,optimal,7.0,1,0.0,684.54,1592.0,61080.0,10000.0,0.011443541338279375,10.0,2,True,D:\git\git\RDMCT-A3C\cie\results\main\cie_main_600s_fast_v1\seed2\solutions\cie_core_nominal__cie_core_n032_f032_m000_proc100__hem__solverseed_2__trainseed_1__trainseed_1.sol,,,,D:\git\git\RDMCT-A3C\aaai\models\hem_submodular_data\aaai27_hem_generic13_submodular_data_all_aaai27_hem\aaai27_hem_generic13_submodular_data_all_aaai27_hem_2026_07_10_10_51_52_0000--s-1\itr_60.pkl,13,False,greedy,
cie_core_nominal,dual_source_cluster_tool,8_to_32_wafers_nominal_processing,test,600.0,[],D:\git\git\RDMCT-A3C\cie\data\core\spbs\cie_core_n008_f000_m008_proc100.lp,spbs\cie_core_n008_f000_m008_proc100.lp,cie_core_n008_f000_m008_proc100.lp,hem_beam,2,1,trainseed_1,auto,2026-07-21T09:19:43,optimal,0.0,327,0.0,0.0,768.0,60284.0,10000.0,0.04134869301888566,18.0,3,True,D:\git\git\RDMCT-A3C\cie\results\main\cie_main_600s_fast_v1\seed2\solutions\cie_core_nominal__cie_core_n008_f000_m008_proc100__hem_beam__solverseed_2__trainseed_1__trainseed_1.sol,,,,D:\git\git\RDMCT-A3C\aaai\models\hem_submodular_data\aaai27_hem_generic13_submodular_data_all_aaai27_hem\aaai27_hem_generic13_submodular_data_all_aaai27_hem_2026_07_10_10_51_52_0000--s-1\itr_60.pkl,13,False,beam_search,
cie_core_nominal,dual_source_cluster_tool,8_to_32_wafers_nominal_processing,test,600.0,[],D:\git\git\RDMCT-A3C\cie\data\core\spbs\cie_core_n008_f000_m008_proc100.lp,spbs\cie_core_n008_f000_m008_proc100.lp,cie_core_n008_f000_m008_proc100.lp,hem_structure,2,1,trainseed_1,auto,2026-07-21T09:19:43,optimal,0.0,594,0.0,0.0,768.0,60148.0,10000.0,0.0,0.0,4,True,D:\git\git\RDMCT-A3C\cie\results\main\cie_main_600s_fast_v1\seed2\solutions\cie_core_nominal__cie_core_n008_f000_m008_proc100__hem_structure__solverseed_2__trainseed_1__trainseed_1.sol,,,,D:\git\git\RDMCT-A3C\aaai\models\proposed_submodular\aaai27_rdmct_role_submodular23_all_aaai27_proposed_submodular\aaai27_rdmct_role_submodular23_all_aaai27_proposed_submodular_2026_07_10_21_54_35_0000--s-1\itr_60.pkl,23,True,greedy,
cie_core_nominal,dual_source_cluster_tool,8_to_32_wafers_nominal_processing,test,600.0,[],D:\git\git\RDMCT-A3C\cie\data\core\spbs\cie_core_n008_f000_m008_proc100.lp,spbs\cie_core_n008_f000_m008_proc100.lp,cie_core_n008_f000_m008_proc100.lp,proposed,2,1,trainseed_1,auto,2026-07-21T09:19:43,optimal,0.0,594,0.0,0.0,768.0,60148.0,10000.0,0.0,0.0,4,True,D:\git\git\RDMCT-A3C\cie\results\main\cie_main_600s_fast_v1\seed2\solutions\cie_core_nominal__cie_core_n008_f000_m008_proc100__proposed__solverseed_2__trainseed_1__trainseed_1.sol,,,,D:\git\git\RDMCT-A3C\aaai\models\proposed_submodular\aaai27_rdmct_role_submodular23_all_aaai27_proposed_submodular\aaai27_rdmct_role_submodular23_all_aaai27_proposed_submodular_2026_07_10_21_54_35_0000--s-1\itr_60.pkl,23,True,beam_search,
cie_core_nominal,dual_source_cluster_tool,8_to_32_wafers_nominal_processing,test,600.0,[],D:\git\git\RDMCT-A3C\cie\data\core\spbs\cie_core_n008_f000_m008_proc100.lp,spbs\cie_core_n008_f000_m008_proc100.lp,cie_core_n008_f000_m008_proc100.lp,scip_default,2,1,trainseed_1,auto,2026-07-21T09:19:44,optimal,0.0,475,0.0,0.0,768.0,60212.0,10000.0,0.0,0.0,3,True,D:\git\git\RDMCT-A3C\cie\results\main\cie_main_600s_fast_v1\seed2\solutions\cie_core_nominal__cie_core_n008_f000_m008_proc100__scip_default__solverseed_2__trainseed_1__trainseed_1.sol,,,,,,False,,
cie_core_nominal,dual_source_cluster_tool,8_to_32_wafers_nominal_processing,test,600.0,[],D:\git\git\RDMCT-A3C\cie\data\core\spbs\cie_core_n008_f000_m008_proc100.lp,spbs\cie_core_n008_f000_m008_proc100.lp,cie_core_n008_f000_m008_proc100.lp,adaptive_cutsel,2,1,trainseed_1,auto,2026-07-21T09:19:44,optimal,1.0,404,0.0,92.69058722756257,768.0,60236.0,10000.0,0.04134869301888566,18.0,3,True,D:\git\git\RDMCT-A3C\cie\results\main\cie_main_600s_fast_v1\seed2\solutions\cie_core_nominal__cie_core_n008_f000_m008_proc100__adaptive_cutsel__solverseed_2__trainseed_1__trainseed_1.sol,,"{""dircutoffdistweight"": 0.0, ""efficacyweight"": 0.0, ""intsupportweight"": 0.75, ""objparalweight"": 0.25}",global_default,,,False,,
cie_core_nominal,dual_source_cluster_tool,8_to_32_wafers_nominal_processing,test,600.0,[],D:\git\git\RDMCT-A3C\cie\data\core\spbs\cie_core_n008_f000_m008_proc100.lp,spbs\cie_core_n008_f000_m008_proc100.lp,cie_core_n008_f000_m008_proc100.lp,hem,2,1,trainseed_1,auto,2026-07-21T09:19:45,optimal,0.0,944,0.0,0.0,768.0,60220.0,10000.0,0.023217839243550635,10.0,6,True,D:\git\git\RDMCT-A3C\cie\results\main\cie_main_600s_fast_v1\seed2\solutions\cie_core_nominal__cie_core_n008_f000_m008_proc100__hem__solverseed_2__trainseed_1__trainseed_1.sol,,,,D:\git\git\RDMCT-A3C\aaai\models\hem_submodular_data\aaai27_hem_generic13_submodular_data_all_aaai27_hem\aaai27_hem_generic13_submodular_data_all_aaai27_hem_2026_07_10_10_51_52_0000--s-1\itr_60.pkl,13,False,greedy,
cie_core_nominal,dual_source_cluster_tool,8_to_32_wafers_nominal_processing,test,600.0,[],D:\git\git\RDMCT-A3C\cie\data\core\spbs\cie_core_n008_f000_m008_proc100.lp,spbs\cie_core_n008_f000_m008_proc100.lp,cie_core_n008_f000_m008_proc100.lp,rdmct_feature_only,2,1,trainseed_1,auto,2026-07-21T09:19:45,optimal,1.0,826,0.0,92.69058722756257,768.0,60240.0,10000.0,0.0,0.0,4,True,D:\git\git\RDMCT-A3C\cie\results\main\cie_main_600s_fast_v1\seed2\solutions\cie_core_nominal__cie_core_n008_f000_m008_proc100__rdmct_feature_only__solverseed_2__trainseed_1__trainseed_1.sol,,,,D:\git\git\RDMCT-A3C\aaai\models\final_ablation\feature_only\aaai27_rdmct_role23_feature_only_all_aaai27_feature_only\aaai27_rdmct_role23_feature_only_all_aaai27_feature_only_2026_07_14_14_37_07_0000--s-1\itr_60.pkl,23,False,greedy,
cie_core_nominal,dual_source_cluster_tool,8_to_32_wafers_nominal_processing,test,600.0,[],D:\git\git\RDMCT-A3C\cie\data\core\spbs\cie_core_n008_f002_m006_proc100.lp,spbs\cie_core_n008_f002_m006_proc100.lp,cie_core_n008_f002_m006_proc100.lp,hem_structure,2,1,trainseed_1,auto,2026-07-21T09:19:46,optimal,0.0,981,0.0,0.0,900.0,61176.0,10000.0,0.0,0.0,4,True,D:\git\git\RDMCT-A3C\cie\results\main\cie_main_600s_fast_v1\seed2\solutions\cie_core_nominal__cie_core_n008_f002_m006_proc100__hem_structure__solverseed_2__trainseed_1__trainseed_1.sol,,,,D:\git\git\RDMCT-A3C\aaai\models\proposed_submodular\aaai27_rdmct_role_submodular23_all_aaai27_proposed_submodular\aaai27_rdmct_role_submodular23_all_aaai27_proposed_submodular_2026_07_10_21_54_35_0000--s-1\itr_60.pkl,23,True,greedy,
cie_core_nominal,dual_source_cluster_tool,8_to_32_wafers_nominal_processing,test,600.0,[],D:\git\git\RDMCT-A3C\cie\data\core\spbs\cie_core_n008_f002_m006_proc100.lp,spbs\cie_core_n008_f002_m006_proc100.lp,cie_core_n008_f002_m006_proc100.lp,proposed,2,1,trainseed_1,auto,2026-07-21T09:19:47,optimal,0.0,981,0.0,0.0,900.0,61176.0,10000.0,0.0,0.0,4,True,D:\git\git\RDMCT-A3C\cie\results\main\cie_main_600s_fast_v1\seed2\solutions\cie_core_nominal__cie_core_n008_f002_m006_proc100__proposed__solverseed_2__trainseed_1__trainseed_1.sol,,,,D:\git\git\RDMCT-A3C\aaai\models\proposed_submodular\aaai27_rdmct_role_submodular23_all_aaai27_proposed_submodular\aaai27_rdmct_role_submodular23_all_aaai27_proposed_submodular_2026_07_10_21_54_35_0000--s-1\itr_60.pkl,23,True,beam_search,
cie_core_nominal,dual_source_cluster_tool,8_to_32_wafers_nominal_processing,test,600.0,[],D:\git\git\RDMCT-A3C\cie\data\core\spbs\cie_core_n008_f002_m006_proc100.lp,spbs\cie_core_n008_f002_m006_proc100.lp,cie_core_n008_f002_m006_proc100.lp,scip_default,2,1,trainseed_1,auto,2026-07-21T09:19:47,optimal,1.0,407,0.0,91.51012468495571,900.0,61258.0,10000.0,0.1510325163699422,0.0,3,True,D:\git\git\RDMCT-A3C\cie\results\main\cie_main_600s_fast_v1\seed2\solutions\cie_core_nominal__cie_core_n008_f002_m006_proc100__scip_default__solverseed_2__trainseed_1__trainseed_1.sol,,,,,,False,,
cie_core_nominal,dual_source_cluster_tool,8_to_32_wafers_nominal_processing,test,600.0,[],D:\git\git\RDMCT-A3C\cie\data\core\spbs\cie_core_n008_f002_m006_proc100.lp,spbs\cie_core_n008_f002_m006_proc100.lp,cie_core_n008_f002_m006_proc100.lp,adaptive_cutsel,2,1,trainseed_1,auto,2026-07-21T09:19:48,optimal,0.0,610,0.0,0.0,900.0,60828.0,10000.0,0.0,0.0,2,True,D:\git\git\RDMCT-A3C\cie\results\main\cie_main_600s_fast_v1\seed2\solutions\cie_core_nominal__cie_core_n008_f002_m006_proc100__adaptive_cutsel__solverseed_2__trainseed_1__trainseed_1.sol,,"{""dircutoffdistweight"": 0.0, ""efficacyweight"": 0.0, ""intsupportweight"": 0.75, ""objparalweight"": 0.25}",global_default,,,False,,
cie_core_nominal,dual_source_cluster_tool,8_to_32_wafers_nominal_processing,test,600.0,[],D:\git\git\RDMCT-A3C\cie\data\core\spbs\cie_core_n008_f002_m006_proc100.lp,spbs\cie_core_n008_f002_m006_proc100.lp,cie_core_n008_f002_m006_proc100.lp,hem,2,1,trainseed_1,auto,2026-07-21T09:19:48,optimal,1.0,417,0.0,91.51042162367945,900.0,61098.0,10000.0,0.13446620756990085,0.0,3,True,D:\git\git\RDMCT-A3C\cie\results\main\cie_main_600s_fast_v1\seed2\solutions\cie_core_nominal__cie_core_n008_f002_m006_proc100__hem__solverseed_2__trainseed_1__trainseed_1.sol,,,,D:\git\git\RDMCT-A3C\aaai\models\hem_submodular_data\aaai27_hem_generic13_submodular_data_all_aaai27_hem\aaai27_hem_generic13_submodular_data_all_aaai27_hem_2026_07_10_10_51_52_0000--s-1\itr_60.pkl,13,False,greedy,
cie_core_nominal,dual_source_cluster_tool,8_to_32_wafers_nominal_processing,test,600.0,[],D:\git\git\RDMCT-A3C\cie\data\core\spbs\cie_core_n008_f002_m006_proc100.lp,spbs\cie_core_n008_f002_m006_proc100.lp,cie_core_n008_f002_m006_proc100.lp,rdmct_feature_only,2,1,trainseed_1,auto,2026-07-21T09:19:49,optimal,0.0,746,0.0,0.0,900.0,61528.0,10000.0,0.1551072939376943,0.0,3,True,D:\git\git\RDMCT-A3C\cie\results\main\cie_main_600s_fast_v1\seed2\solutions\cie_core_nominal__cie_core_n008_f002_m006_proc100__rdmct_feature_only__solverseed_2__trainseed_1__trainseed_1.sol,,,,D:\git\git\RDMCT-A3C\aaai\models\final_ablation\feature_only\aaai27_rdmct_role23_feature_only_all_aaai27_feature_only\aaai27_rdmct_role23_feature_only_all_aaai27_feature_only_2026_07_14_14_37_07_0000--s-1\itr_60.pkl,23,False,greedy,
cie_core_nominal,dual_source_cluster_tool,8_to_32_wafers_nominal_processing,test,600.0,[],D:\git\git\RDMCT-A3C\cie\data\core\spbs\cie_core_n008_f002_m006_proc100.lp,spbs\cie_core_n008_f002_m006_proc100.lp,cie_core_n008_f002_m006_proc100.lp,hem_beam,2,1,trainseed_1,auto,2026-07-21T09:19:50,optimal,0.0,728,0.0,0.0,900.0,60986.0,10000.0,0.13446620756990085,0.0,2,True,D:\git\git\RDMCT-A3C\cie\results\main\cie_main_600s_fast_v1\seed2\solutions\cie_core_nominal__cie_core_n008_f002_m006_proc100__hem_beam__solverseed_2__trainseed_1__trainseed_1.sol,,,,D:\git\git\RDMCT-A3C\aaai\models\hem_submodular_data\aaai27_hem_generic13_submodular_data_all_aaai27_hem\aaai27_hem_generic13_submodular_data_all_aaai27_hem_2026_07_10_10_51_52_0000--s-1\itr_60.pkl,13,False,beam_search,
cie_core_nominal,dual_source_cluster_tool,8_to_32_wafers_nominal_processing,test,600.0,[],D:\git\git\RDMCT-A3C\cie\data\core\spbs\cie_core_n008_f004_m004_proc100.lp,spbs\cie_core_n008_f004_m004_proc100.lp,cie_core_n008_f004_m004_proc100.lp,proposed,2,1,trainseed_1,auto,2026-07-21T09:19:50,optimal,1.0,346,0.0,92.27181878747501,834.0,51072.0,10000.0,0.226890756302521,0.0,4,True,D:\git\git\RDMCT-A3C\cie\results\main\cie_main_600s_fast_v1\seed2\solutions\cie_core_nominal__cie_core_n008_f004_m004_proc100__proposed__solverseed_2__trainseed_1__trainseed_1.sol,,,,D:\git\git\RDMCT-A3C\aaai\models\proposed_submodular\aaai27_rdmct_role_submodular23_all_aaai27_proposed_submodular\aaai27_rdmct_role_submodular23_all_aaai27_proposed_submodular_2026_07_10_21_54_35_0000--s-1\itr_60.pkl,23,True,beam_search,
cie_core_nominal,dual_source_cluster_tool,8_to_32_wafers_nominal_processing,test,600.0,[],D:\git\git\RDMCT-A3C\cie\data\core\spbs\cie_core_n008_f004_m004_proc100.lp,spbs\cie_core_n008_f004_m004_proc100.lp,cie_core_n008_f004_m004_proc100.lp,scip_default,2,1,trainseed_1,auto,2026-07-21T09:19:51,optimal,0.0,671,0.0,0.0,834.0,51072.0,10000.0,0.226890756302521,0.0,3,True,D:\git\git\RDMCT-A3C\cie\results\main\cie_main_600s_fast_v1\seed2\solutions\cie_core_nominal__cie_core_n008_f004_m004_proc100__scip_default__solverseed_2__trainseed_1__trainseed_1.sol,,,,,,False,,
cie_core_nominal,dual_source_cluster_tool,8_to_32_wafers_nominal_processing,test,600.0,[],D:\git\git\RDMCT-A3C\cie\data\core\spbs\cie_core_n008_f004_m004_proc100.lp,spbs\cie_core_n008_f004_m004_proc100.lp,cie_core_n008_f004_m004_proc100.lp,adaptive_cutsel,2,1,trainseed_1,auto,2026-07-21T09:19:51,optimal,0.0,671,0.0,0.0,834.0,51072.0,10000.0,0.226890756302521,0.0,3,True,D:\git\git\RDMCT-A3C\cie\results\main\cie_main_600s_fast_v1\seed2\solutions\cie_core_nominal__cie_core_n008_f004_m004_proc100__adaptive_cutsel__solverseed_2__trainseed_1__trainseed_1.sol,,"{""dircutoffdistweight"": 0.0, ""efficacyweight"": 0.0, ""intsupportweight"": 0.75, ""objparalweight"": 0.25}",global_default,,,False,,
cie_core_nominal,dual_source_cluster_tool,8_to_32_wafers_nominal_processing,test,600.0,[],D:\git\git\RDMCT-A3C\cie\data\core\spbs\cie_core_n008_f004_m004_proc100.lp,spbs\cie_core_n008_f004_m004_proc100.lp,cie_core_n008_f004_m004_proc100.lp,hem,2,1,trainseed_1,auto,2026-07-21T09:19:52,optimal,0.0,333,0.0,0.0,834.0,50428.0,10000.0,0.0,0.0,3,True,D:\git\git\RDMCT-A3C\cie\results\main\cie_main_600s_fast_v1\seed2\solutions\cie_core_nominal__cie_core_n008_f004_m004_proc100__hem__solverseed_2__trainseed_1__trainseed_1.sol,,,,D:\git\git\RDMCT-A3C\aaai\models\hem_submodular_data\aaai27_hem_generic13_submodular_data_all_aaai27_hem\aaai27_hem_generic13_submodular_data_all_aaai27_hem_2026_07_10_10_51_52_0000--s-1\itr_60.pkl,13,False,greedy,
cie_core_nominal,dual_source_cluster_tool,8_to_32_wafers_nominal_processing,test,600.0,[],D:\git\git\RDMCT-A3C\cie\data\core\spbs\cie_core_n008_f004_m004_proc100.lp,spbs\cie_core_n008_f004_m004_proc100.lp,cie_core_n008_f004_m004_proc100.lp,rdmct_feature_only,2,1,trainseed_1,auto,2026-07-21T09:19:52,optimal,0.0,536,0.0,0.0,834.0,50799.0,10000.0,0.04415584415584416,0.0,4,True,D:\git\git\RDMCT-A3C\cie\results\main\cie_main_600s_fast_v1\seed2\solutions\cie_core_nominal__cie_core_n008_f004_m004_proc100__rdmct_feature_only__solverseed_2__trainseed_1__trainseed_1.sol,,,,D:\git\git\RDMCT-A3C\aaai\models\final_ablation\feature_only\aaai27_rdmct_role23_feature_only_all_aaai27_feature_only\aaai27_rdmct_role23_feature_only_all_aaai27_feature_only_2026_07_14_14_37_07_0000--s-1\itr_60.pkl,23,False,greedy,
cie_core_nominal,dual_source_cluster_tool,8_to_32_wafers_nominal_processing,test,600.0,[],D:\git\git\RDMCT-A3C\cie\data\core\spbs\cie_core_n008_f004_m004_proc100.lp,spbs\cie_core_n008_f004_m004_proc100.lp,cie_core_n008_f004_m004_proc100.lp,hem_beam,2,1,trainseed_1,auto,2026-07-21T09:19:52,optimal,1.0,333,0.0,92.23823992484157,834.0,50428.0,10000.0,0.0,0.0,3,True,D:\git\git\RDMCT-A3C\cie\results\main\cie_main_600s_fast_v1\seed2\solutions\cie_core_nominal__cie_core_n008_f004_m004_proc100__hem_beam__solverseed_2__trainseed_1__trainseed_1.sol,,,,D:\git\git\RDMCT-A3C\aaai\models\hem_submodular_data\aaai27_hem_generic13_submodular_data_all_aaai27_hem\aaai27_hem_generic13_submodular_data_all_aaai27_hem_2026_07_10_10_51_52_0000--s-1\itr_60.pkl,13,False,beam_search,
cie_core_nominal,dual_source_cluster_tool,8_to_32_wafers_nominal_processing,test,600.0,[],D:\git\git\RDMCT-A3C\cie\data\core\spbs\cie_core_n008_f004_m004_proc100.lp,spbs\cie_core_n008_f004_m004_proc100.lp,cie_core_n008_f004_m004_proc100.lp,hem_structure,2,1,trainseed_1,auto,2026-07-21T09:19:53,optimal,0.0,346,0.0,0.0,834.0,51072.0,10000.0,0.226890756302521,0.0,4,True,D:\git\git\RDMCT-A3C\cie\results\main\cie_main_600s_fast_v1\seed2\solutions\cie_core_nominal__cie_core_n008_f004_m004_proc100__hem_structure__solverseed_2__trainseed_1__trainseed_1.sol,,,,D:\git\git\RDMCT-A3C\aaai\models\proposed_submodular\aaai27_rdmct_role_submodular23_all_aaai27_proposed_submodular\aaai27_rdmct_role_submodular23_all_aaai27_proposed_submodular_2026_07_10_21_54_35_0000--s-1\itr_60.pkl,23,True,greedy,
cie_core_nominal,dual_source_cluster_tool,8_to_32_wafers_nominal_processing,test,600.0,[],D:\git\git\RDMCT-A3C\cie\data\core\spbs\cie_core_n008_f006_m002_proc100.lp,spbs\cie_core_n008_f006_m002_proc100.lp,cie_core_n008_f006_m002_proc100.lp,scip_default,2,1,trainseed_1,auto,2026-07-21T09:19:53,optimal,0.0,396,0.0,0.0,834.0,30376.0,10000.0,0.0,0.0,4,True,D:\git\git\RDMCT-A3C\cie\results\main\cie_main_600s_fast_v1\seed2\solutions\cie_core_nominal__cie_core_n008_f006_m002_proc100__scip_default__solverseed_2__trainseed_1__trainseed_1.sol,,,,,,False,,
cie_core_nominal,dual_source_cluster_tool,8_to_32_wafers_nominal_processing,test,600.0,[],D:\git\git\RDMCT-A3C\cie\data\core\spbs\cie_core_n008_f006_m002_proc100.lp,spbs\cie_core_n008_f006_m002_proc100.lp,cie_core_n008_f006_m002_proc100.lp,adaptive_cutsel,2,1,trainseed_1,auto,2026-07-21T09:19:53,optimal,1.0,403,0.0,92.27181878747501,834.0,31192.0,10000.0,0.0,0.0,2,True,D:\git\git\RDMCT-A3C\cie\results\main\cie_main_600s_fast_v1\seed2\solutions\cie_core_nominal__cie_core_n008_f006_m002_proc100__adaptive_cutsel__solverseed_2__trainseed_1__trainseed_1.sol,,"{""dircutoffdistweight"": 0.0, ""efficacyweight"": 0.0, ""intsupportweight"": 0.75, ""objparalweight"": 0.25}",global_default,,,False,,
cie_core_nominal,dual_source_cluster_tool,8_to_32_wafers_nominal_processing,test,600.0,[],D:\git\git\RDMCT-A3C\cie\data\core\spbs\cie_core_n008_f006_m002_proc100.lp,spbs\cie_core_n008_f006_m002_proc100.lp,cie_core_n008_f006_m002_proc100.lp,hem,2,1,trainseed_1,auto,2026-07-21T09:19:54,optimal,0.0,503,0.0,0.0,834.0,30718.0,10000.0,0.0,0.0,3,True,D:\git\git\RDMCT-A3C\cie\results\main\cie_main_600s_fast_v1\seed2\solutions\cie_core_nominal__cie_core_n008_f006_m002_proc100__hem__solverseed_2__trainseed_1__trainseed_1.sol,,,,D:\git\git\RDMCT-A3C\aaai\models\hem_submodular_data\aaai27_hem_generic13_submodular_data_all_aaai27_hem\aaai27_hem_generic13_submodular_data_all_aaai27_hem_2026_07_10_10_51_52_0000--s-1\itr_60.pkl,13,False,greedy,
cie_core_nominal,dual_source_cluster_tool,8_to_32_wafers_nominal_processing,test,600.0,[],D:\git\git\RDMCT-A3C\cie\data\core\spbs\cie_core_n008_f006_m002_proc100.lp,spbs\cie_core_n008_f006_m002_proc100.lp,cie_core_n008_f006_m002_proc100.lp,rdmct_feature_only,2,1,trainseed_1,auto,2026-07-21T09:19:54,optimal,1.0,590,0.0,92.27181878747501,834.0,31035.0,10000.0,0.0,0.0,3,True,D:\git\git\RDMCT-A3C\cie\results\main\cie_main_600s_fast_v1\seed2\solutions\cie_core_nominal__cie_core_n008_f006_m002_proc100__rdmct_feature_only__solverseed_2__trainseed_1__trainseed_1.sol,,,,D:\git\git\RDMCT-A3C\aaai\models\final_ablation\feature_only\aaai27_rdmct_role23_feature_only_all_aaai27_feature_only\aaai27_rdmct_role23_feature_only_all_aaai27_feature_only_2026_07_14_14_37_07_0000--s-1\itr_60.pkl,23,False,greedy,
cie_core_nominal,dual_source_cluster_tool,8_to_32_wafers_nominal_processing,test,600.0,[],D:\git\git\RDMCT-A3C\cie\data\core\spbs\cie_core_n008_f006_m002_proc100.lp,spbs\cie_core_n008_f006_m002_proc100.lp,cie_core_n008_f006_m002_proc100.lp,hem_beam,2,1,trainseed_1,auto,2026-07-21T09:19:55,optimal,0.0,503,0.0,0.0,834.0,30718.0,10000.0,0.0,0.0,3,True,D:\git\git\RDMCT-A3C\cie\results\main\cie_main_600s_fast_v1\seed2\solutions\cie_core_nominal__cie_core_n008_f006_m002_proc100__hem_beam__solverseed_2__trainseed_1__trainseed_1.sol,,,,D:\git\git\RDMCT-A3C\aaai\models\hem_submodular_data\aaai27_hem_generic13_submodular_data_all_aaai27_hem\aaai27_hem_generic13_submodular_data_all_aaai27_hem_2026_07_10_10_51_52_0000--s-1\itr_60.pkl,13,False,beam_search,
cie_core_nominal,dual_source_cluster_tool,8_to_32_wafers_nominal_processing,test,600.0,[],D:\git\git\RDMCT-A3C\cie\data\core\spbs\cie_core_n008_f006_m002_proc100.lp,spbs\cie_core_n008_f006_m002_proc100.lp,cie_core_n008_f006_m002_proc100.lp,hem_structure,2,1,trainseed_1,auto,2026-07-21T09:19:55,optimal,0.0,608,0.0,0.0,834.0,30874.0,10000.0,0.0,0.0,3,True,D:\git\git\RDMCT-A3C\cie\results\main\cie_main_600s_fast_v1\seed2\solutions\cie_core_nominal__cie_core_n008_f006_m002_proc100__hem_structure__solverseed_2__trainseed_1__trainseed_1.sol,,,,D:\git\git\RDMCT-A3C\aaai\models\proposed_submodular\aaai27_rdmct_role_submodular23_all_aaai27_proposed_submodular\aaai27_rdmct_role_submodular23_all_aaai27_proposed_submodular_2026_07_10_21_54_35_0000--s-1\itr_60.pkl,23,True,greedy,
cie_core_nominal,dual_source_cluster_tool,8_to_32_wafers_nominal_processing,test,600.0,[],D:\git\git\RDMCT-A3C\cie\data\core\spbs\cie_core_n008_f006_m002_proc100.lp,spbs\cie_core_n008_f006_m002_proc100.lp,cie_core_n008_f006_m002_proc100.lp,proposed,2,1,trainseed_1,auto,2026-07-21T09:19:55,optimal,0.0,608,0.0,0.0,834.0,30874.0,10000.0,0.0,0.0,3,True,D:\git\git\RDMCT-A3C\cie\results\main\cie_main_600s_fast_v1\seed2\solutions\cie_core_nominal__cie_core_n008_f006_m002_proc100__proposed__solverseed_2__trainseed_1__trainseed_1.sol,,,,D:\git\git\RDMCT-A3C\aaai\models\proposed_submodular\aaai27_rdmct_role_submodular23_all_aaai27_proposed_submodular\aaai27_rdmct_role_submodular23_all_aaai27_proposed_submodular_2026_07_10_21_54_35_0000--s-1\itr_60.pkl,23,True,beam_search,
cie_core_nominal,dual_source_cluster_tool,8_to_32_wafers_nominal_processing,test,600.0,[],D:\git\git\RDMCT-A3C\cie\data\core\spbs\cie_core_n016_f000_m016_proc100.lp,spbs\cie_core_n016_f000_m016_proc100.lp,cie_core_n016_f000_m016_proc100.lp,adaptive_cutsel,2,1,trainseed_1,auto,2026-07-21T09:19:56,optimal,60.0,102984,0.0,1996.8385797873598,1136.0,100700.0,10000.0,0.03196209637527694,18.0,17,True,D:\git\git\RDMCT-A3C\cie\results\main\cie_main_600s_fast_v1\seed2\solutions\cie_core_nominal__cie_core_n016_f000_m016_proc100__adaptive_cutsel__solverseed_2__trainseed_1__trainseed_1.sol,,"{""dircutoffdistweight"": 0.0, ""efficacyweight"": 0.0, ""intsupportweight"": 0.75, ""objparalweight"": 0.25}",global_default,,,False,,
cie_core_nominal,dual_source_cluster_tool,8_to_32_wafers_nominal_processing,test,600.0,[],D:\git\git\RDMCT-A3C\cie\data\core\spbs\cie_core_n016_f000_m016_proc100.lp,spbs\cie_core_n016_f000_m016_proc100.lp,cie_core_n016_f000_m016_proc100.lp,hem,2,1,trainseed_1,auto,2026-07-21T09:20:56,optimal,39.0,19158,0.0,3487.246597506424,1136.0,100250.0,10000.0,0.02109561563154592,26.0,2,True,D:\git\git\RDMCT-A3C\cie\results\main\cie_main_600s_fast_v1\seed2\solutions\cie_core_nominal__cie_core_n016_f000_m016_proc100__hem__solverseed_2__trainseed_1__trainseed_1.sol,,,,D:\git\git\RDMCT-A3C\aaai\models\hem_submodular_data\aaai27_hem_generic13_submodular_data_all_aaai27_hem\aaai27_hem_generic13_submodular_data_all_aaai27_hem_2026_07_10_10_51_52_0000--s-1\itr_60.pkl,13,False,greedy,
cie_core_nominal,dual_source_cluster_tool,8_to_32_wafers_nominal_processing,test,600.0,[],D:\git\git\RDMCT-A3C\cie\data\core\spbs\cie_core_n016_f000_m016_proc100.lp,spbs\cie_core_n016_f000_m016_proc100.lp,cie_core_n016_f000_m016_proc100.lp,rdmct_feature_only,2,1,trainseed_1,auto,2026-07-21T09:21:35,optimal,50.0,27262,0.0,4078.560038244331,1136.0,100648.0,10000.0,0.017852572949153784,10.0,8,True,D:\git\git\RDMCT-A3C\cie\results\main\cie_main_600s_fast_v1\seed2\solutions\cie_core_nominal__cie_core_n016_f000_m016_proc100__rdmct_feature_only__solverseed_2__trainseed_1__trainseed_1.sol,,,,D:\git\git\RDMCT-A3C\aaai\models\final_ablation\feature_only\aaai27_rdmct_role23_feature_only_all_aaai27_feature_only\aaai27_rdmct_role23_feature_only_all_aaai27_feature_only_2026_07_14_14_37_07_0000--s-1\itr_60.pkl,23,False,greedy,
cie_core_nominal,dual_source_cluster_tool,8_to_32_wafers_nominal_processing,test,600.0,[],D:\git\git\RDMCT-A3C\cie\data\core\spbs\cie_core_n016_f000_m016_proc100.lp,spbs\cie_core_n016_f000_m016_proc100.lp,cie_core_n016_f000_m016_proc100.lp,hem_beam,2,1,trainseed_1,auto,2026-07-21T09:22:25,optimal,40.0,19158,0.0,3576.6631769296655,1136.0,100250.0,10000.0,0.02109561563154592,26.0,2,True,D:\git\git\RDMCT-A3C\cie\results\main\cie_main_600s_fast_v1\seed2\solutions\cie_core_nominal__cie_core_n016_f000_m016_proc100__hem_beam__solverseed_2__trainseed_1__trainseed_1.sol,,,,D:\git\git\RDMCT-A3C\aaai\models\hem_submodular_data\aaai27_hem_generic13_submodular_data_all_aaai27_hem\aaai27_hem_generic13_submodular_data_all_aaai27_hem_2026_07_10_10_51_52_0000--s-1\itr_60.pkl,13,False,beam_search,
cie_core_nominal,dual_source_cluster_tool,8_to_32_wafers_nominal_processing,test,600.0,[],D:\git\git\RDMCT-A3C\cie\data\core\spbs\cie_core_n016_f000_m016_proc100.lp,spbs\cie_core_n016_f000_m016_proc100.lp,cie_core_n016_f000_m016_proc100.lp,hem_structure,2,1,trainseed_1,auto,2026-07-21T09:23:05,optimal,24.0,14258,0.0,2140.74426572761,1136.0,100744.0,10000.0,0.0,0.0,4,True,D:\git\git\RDMCT-A3C\cie\results\main\cie_main_600s_fast_v1\seed2\solutions\cie_core_nominal__cie_core_n016_f000_m016_proc100__hem_structure__solverseed_2__trainseed_1__trainseed_1.sol,,,,D:\git\git\RDMCT-A3C\aaai\models\proposed_submodular\aaai27_rdmct_role_submodular23_all_aaai27_proposed_submodular\aaai27_rdmct_role_submodular23_all_aaai27_proposed_submodular_2026_07_10_21_54_35_0000--s-1\itr_60.pkl,23,True,greedy,
cie_core_nominal,dual_source_cluster_tool,8_to_32_wafers_nominal_processing,test,600.0,[],D:\git\git\RDMCT-A3C\cie\data\core\spbs\cie_core_n016_f000_m016_proc100.lp,spbs\cie_core_n016_f000_m016_proc100.lp,cie_core_n016_f000_m016_proc100.lp,proposed,2,1,trainseed_1,auto,2026-07-21T09:23:29,optimal,25.0,14258,0.0,2240.5158465784716,1136.0,100744.0,10000.0,0.0,0.0,4,True,D:\git\git\RDMCT-A3C\cie\results\main\cie_main_600s_fast_v1\seed2\solutions\cie_core_nominal__cie_core_n016_f000_m016_proc100__proposed__solverseed_2__trainseed_1__trainseed_1.sol,,,,D:\git\git\RDMCT-A3C\aaai\models\proposed_submodular\aaai27_rdmct_role_submodular23_all_aaai27_proposed_submodular\aaai27_rdmct_role_submodular23_all_aaai27_proposed_submodular_2026_07_10_21_54_35_0000--s-1\itr_60.pkl,23,True,beam_search,
cie_core_nominal,dual_source_cluster_tool,8_to_32_wafers_nominal_processing,test,600.0,[],D:\git\git\RDMCT-A3C\cie\data\core\spbs\cie_core_n016_f000_m016_proc100.lp,spbs\cie_core_n016_f000_m016_proc100.lp,cie_core_n016_f000_m016_proc100.lp,scip_default,2,1,trainseed_1,auto,2026-07-21T09:23:54,optimal,27.0,15616,0.0,2408.3087465499193,1136.0,100564.0,10000.0,0.03196209637527694,18.0,4,True,D:\git\git\RDMCT-A3C\cie\results\main\cie_main_600s_fast_v1\seed2\solutions\cie_core_nominal__cie_core_n016_f000_m016_proc100__scip_default__solverseed_2__trainseed_1__trainseed_1.sol,,,,,,False,,
cie_core_nominal,dual_source_cluster_tool,8_to_32_wafers_nominal_processing,test,600.0,[],D:\git\git\RDMCT-A3C\cie\data\core\spbs\cie_core_n016_f004_m012_proc100.lp,spbs\cie_core_n016_f004_m012_proc100.lp,cie_core_n016_f004_m012_proc100.lp,hem,2,1,trainseed_1,auto,2026-07-21T09:24:21,optimal,148.0,56280,0.0,13066.680414115459,1202.0,90149.0,10000.0,0.0,0.0,4,True,D:\git\git\RDMCT-A3C\cie\results\main\cie_main_600s_fast_v1\seed2\solutions\cie_core_nominal__cie_core_n016_f004_m012_proc100__hem__solverseed_2__trainseed_1__trainseed_1.sol,,,,D:\git\git\RDMCT-A3C\aaai\models\hem_submodular_data\aaai27_hem_generic13_submodular_data_all_aaai27_hem\aaai27_hem_generic13_submodular_data_all_aaai27_hem_2026_07_10_10_51_52_0000--s-1\itr_60.pkl,13,False,greedy,
cie_core_nominal,dual_source_cluster_tool,8_to_32_wafers_nominal_processing,test,600.0,[],D:\git\git\RDMCT-A3C\cie\data\core\spbs\cie_core_n016_f004_m012_proc100.lp,spbs\cie_core_n016_f004_m012_proc100.lp,cie_core_n016_f004_m012_proc100.lp,rdmct_feature_only,2,1,trainseed_1,auto,2026-07-21T09:26:49,optimal,30.0,31391,0.0,1542.5510396386164,1202.0,90247.0,10000.0,0.016086819982012873,16.0,4,True,D:\git\git\RDMCT-A3C\cie\results\main\cie_main_600s_fast_v1\seed2\solutions\cie_core_nominal__cie_core_n016_f004_m012_proc100__rdmct_feature_only__solverseed_2__trainseed_1__trainseed_1.sol,,,,D:\git\git\RDMCT-A3C\aaai\models\final_ablation\feature_only\aaai27_rdmct_role23_feature_only_all_aaai27_feature_only\aaai27_rdmct_role23_feature_only_all_aaai27_feature_only_2026_07_14_14_37_07_0000--s-1\itr_60.pkl,23,False,greedy,
cie_core_nominal,dual_source_cluster_tool,8_to_32_wafers_nominal_processing,test,600.0,[],D:\git\git\RDMCT-A3C\cie\data\core\spbs\cie_core_n016_f004_m012_proc100.lp,spbs\cie_core_n016_f004_m012_proc100.lp,cie_core_n016_f004_m012_proc100.lp,hem_beam,2,1,trainseed_1,auto,2026-07-21T09:27:19,optimal,171.0,56280,0.0,15190.796611782622,1202.0,90149.0,10000.0,0.0,0.0,4,True,D:\git\git\RDMCT-A3C\cie\results\main\cie_main_600s_fast_v1\seed2\solutions\cie_core_nominal__cie_core_n016_f004_m012_proc100__hem_beam__solverseed_2__trainseed_1__trainseed_1.sol,,,,D:\git\git\RDMCT-A3C\aaai\models\hem_submodular_data\aaai27_hem_generic13_submodular_data_all_aaai27_hem\aaai27_hem_generic13_submodular_data_all_aaai27_hem_2026_07_10_10_51_52_0000--s-1\itr_60.pkl,13,False,beam_search,
cie_core_nominal,dual_source_cluster_tool,8_to_32_wafers_nominal_processing,test,600.0,[],D:\git\git\RDMCT-A3C\cie\data\core\spbs\cie_core_n016_f004_m012_proc100.lp,spbs\cie_core_n016_f004_m012_proc100.lp,cie_core_n016_f004_m012_proc100.lp,hem_structure,2,1,trainseed_1,auto,2026-07-21T09:30:11,optimal,35.0,19710,0.0,3027.4349181922535,1202.0,89913.0,10000.0,0.0,0.0,11,True,D:\git\git\RDMCT-A3C\cie\results\main\cie_main_600s_fast_v1\seed2\solutions\cie_core_nominal__cie_core_n016_f004_m012_proc100__hem_structure__solverseed_2__trainseed_1__trainseed_1.sol,,,,D:\git\git\RDMCT-A3C\aaai\models\proposed_submodular\aaai27_rdmct_role_submodular23_all_aaai27_proposed_submodular\aaai27_rdmct_role_submodular23_all_aaai27_proposed_submodular_2026_07_10_21_54_35_0000--s-1\itr_60.pkl,23,True,greedy,
cie_core_nominal,dual_source_cluster_tool,8_to_32_wafers_nominal_processing,test,600.0,[],D:\git\git\RDMCT-A3C\cie\data\core\spbs\cie_core_n016_f004_m012_proc100.lp,spbs\cie_core_n016_f004_m012_proc100.lp,cie_core_n016_f004_m012_proc100.lp,proposed,2,1,trainseed_1,auto,2026-07-21T09:30:46,optimal,28.0,19710,0.0,2416.975224654612,1202.0,89913.0,10000.0,0.0,0.0,11,True,D:\git\git\RDMCT-A3C\cie\results\main\cie_main_600s_fast_v1\seed2\solutions\cie_core_nominal__cie_core_n016_f004_m012_proc100__proposed__solverseed_2__trainseed_1__trainseed_1.sol,,,,D:\git\git\RDMCT-A3C\aaai\models\proposed_submodular\aaai27_rdmct_role_submodular23_all_aaai27_proposed_submodular\aaai27_rdmct_role_submodular23_all_aaai27_proposed_submodular_2026_07_10_21_54_35_0000--s-1\itr_60.pkl,23,True,beam_search,
cie_core_nominal,dual_source_cluster_tool,8_to_32_wafers_nominal_processing,test,600.0,[],D:\git\git\RDMCT-A3C\cie\data\core\spbs\cie_core_n016_f004_m012_proc100.lp,spbs\cie_core_n016_f004_m012_proc100.lp,cie_core_n016_f004_m012_proc100.lp,scip_default,2,1,trainseed_1,auto,2026-07-21T09:31:14,optimal,42.0,20941,0.0,3729.913391072618,1202.0,90333.0,10000.0,0.11172482428917992,46.0,3,True,D:\git\git\RDMCT-A3C\cie\results\main\cie_main_600s_fast_v1\seed2\solutions\cie_core_nominal__cie_core_n016_f004_m012_proc100__scip_default__solverseed_2__trainseed_1__trainseed_1.sol,,,,,,False,,
cie_core_nominal,dual_source_cluster_tool,8_to_32_wafers_nominal_processing,test,600.0,[],D:\git\git\RDMCT-A3C\cie\data\core\spbs\cie_core_n016_f004_m012_proc100.lp,spbs\cie_core_n016_f004_m012_proc100.lp,cie_core_n016_f004_m012_proc100.lp,adaptive_cutsel,2,1,trainseed_1,auto,2026-07-21T09:31:57,optimal,40.0,25671,0.0,3548.5383276165753,1202.0,90031.0,10000.0,0.11172482428917992,46.0,5,True,D:\git\git\RDMCT-A3C\cie\results\main\cie_main_600s_fast_v1\seed2\solutions\cie_core_nominal__cie_core_n016_f004_m012_proc100__adaptive_cutsel__solverseed_2__trainseed_1__trainseed_1.sol,,"{""dircutoffdistweight"": 0.0, ""efficacyweight"": 0.0, ""intsupportweight"": 0.75, ""objparalweight"": 0.25}",global_default,,,False,,
cie_core_nominal,dual_source_cluster_tool,8_to_32_wafers_nominal_processing,test,600.0,[],D:\git\git\RDMCT-A3C\cie\data\core\spbs\cie_core_n016_f008_m008_proc100.lp,spbs\cie_core_n016_f008_m008_proc100.lp,cie_core_n016_f008_m008_proc100.lp,rdmct_feature_only,2,1,trainseed_1,auto,2026-07-21T09:32:37,optimal,22.0,11781,0.0,1875.8033090700708,1170.0,81372.0,10000.0,0.11452756277895079,10.0,8,True,D:\git\git\RDMCT-A3C\cie\results\main\cie_main_600s_fast_v1\seed2\solutions\cie_core_nominal__cie_core_n016_f008_m008_proc100__rdmct_feature_only__solverseed_2__trainseed_1__trainseed_1.sol,,,,D:\git\git\RDMCT-A3C\aaai\models\final_ablation\feature_only\aaai27_rdmct_role23_feature_only_all_aaai27_feature_only\aaai27_rdmct_role23_feature_only_all_aaai27_feature_only_2026_07_14_14_37_07_0000--s-1\itr_60.pkl,23,False,greedy,
cie_core_nominal,dual_source_cluster_tool,8_to_32_wafers_nominal_processing,test,600.0,[],D:\git\git\RDMCT-A3C\cie\data\core\spbs\cie_core_n016_f008_m008_proc100.lp,spbs\cie_core_n016_f008_m008_proc100.lp,cie_core_n016_f008_m008_proc100.lp,hem_beam,2,1,trainseed_1,auto,2026-07-21T09:33:00,optimal,20.0,21128,0.0,1137.3769083690866,1170.0,81070.0,10000.0,0.0,0.0,9,True,D:\git\git\RDMCT-A3C\cie\results\main\cie_main_600s_fast_v1\seed2\solutions\cie_core_nominal__cie_core_n016_f008_m008_proc100__hem_beam__solverseed_2__trainseed_1__trainseed_1.sol,,,,D:\git\git\RDMCT-A3C\aaai\models\hem_submodular_data\aaai27_hem_generic13_submodular_data_all_aaai27_hem\aaai27_hem_generic13_submodular_data_all_aaai27_hem_2026_07_10_10_51_52_0000--s-1\itr_60.pkl,13,False,beam_search,
cie_core_nominal,dual_source_cluster_tool,8_to_32_wafers_nominal_processing,test,600.0,[],D:\git\git\RDMCT-A3C\cie\data\core\spbs\cie_core_n016_f008_m008_proc100.lp,spbs\cie_core_n016_f008_m008_proc100.lp,cie_core_n016_f008_m008_proc100.lp,hem_structure,2,1,trainseed_1,auto,2026-07-21T09:33:20,optimal,20.0,7404,0.0,1804.3176414645745,1170.0,80872.0,10000.0,0.10540196305692506,29.0,6,True,D:\git\git\RDMCT-A3C\cie\results\main\cie_main_600s_fast_v1\seed2\solutions\cie_core_nominal__cie_core_n016_f008_m008_proc100__hem_structure__solverseed_2__trainseed_1__trainseed_1.sol,,,,D:\git\git\RDMCT-A3C\aaai\models\proposed_submodular\aaai27_rdmct_role_submodular23_all_aaai27_proposed_submodular\aaai27_rdmct_role_submodular23_all_aaai27_proposed_submodular_2026_07_10_21_54_35_0000--s-1\itr_60.pkl,23,True,greedy,
cie_core_nominal,dual_source_cluster_tool,8_to_32_wafers_nominal_processing,test,600.0,[],D:\git\git\RDMCT-A3C\cie\data\core\spbs\cie_core_n016_f008_m008_proc100.lp,spbs\cie_core_n016_f008_m008_proc100.lp,cie_core_n016_f008_m008_proc100.lp,proposed,2,1,trainseed_1,auto,2026-07-21T09:33:40,optimal,20.0,7404,0.0,1805.0023775558725,1170.0,80872.0,10000.0,0.10540196305692506,29.0,6,True,D:\git\git\RDMCT-A3C\cie\results\main\cie_main_600s_fast_v1\seed2\solutions\cie_core_nominal__cie_core_n016_f008_m008_proc100__proposed__solverseed_2__trainseed_1__trainseed_1.sol,,,,D:\git\git\RDMCT-A3C\aaai\models\proposed_submodular\aaai27_rdmct_role_submodular23_all_aaai27_proposed_submodular\aaai27_rdmct_role_submodular23_all_aaai27_proposed_submodular_2026_07_10_21_54_35_0000--s-1\itr_60.pkl,23,True,beam_search,
cie_core_nominal,dual_source_cluster_tool,8_to_32_wafers_nominal_processing,test,600.0,[],D:\git\git\RDMCT-A3C\cie\data\core\spbs\cie_core_n016_f008_m008_proc100.lp,spbs\cie_core_n016_f008_m008_proc100.lp,cie_core_n016_f008_m008_proc100.lp,scip_default,2,1,trainseed_1,auto,2026-07-21T09:34:01,optimal,117.0,140585,0.0,3655.08126804955,1170.0,81451.0,10000.0,0.016318109896342047,7.0,7,True,D:\git\git\RDMCT-A3C\cie\results\main\cie_main_600s_fast_v1\seed2\solutions\cie_core_nominal__cie_core_n016_f008_m008_proc100__scip_default__solverseed_2__trainseed_1__trainseed_1.sol,,,,,,False,,
cie_core_nominal,dual_source_cluster_tool,8_to_32_wafers_nominal_processing,test,600.0,[],D:\git\git\RDMCT-A3C\cie\data\core\spbs\cie_core_n016_f008_m008_proc100.lp,spbs\cie_core_n016_f008_m008_proc100.lp,cie_core_n016_f008_m008_proc100.lp,adaptive_cutsel,2,1,trainseed_1,auto,2026-07-21T09:35:58,optimal,31.0,15894,0.0,2599.7759001182676,1170.0,81482.0,10000.0,0.16597047050414304,78.0,6,True,D:\git\git\RDMCT-A3C\cie\results\main\cie_main_600s_fast_v1\seed2\solutions\cie_core_nominal__cie_core_n016_f008_m008_proc100__adaptive_cutsel__solverseed_2__trainseed_1__trainseed_1.sol,,"{""dircutoffdistweight"": 0.0, ""efficacyweight"": 0.0, ""intsupportweight"": 0.75, ""objparalweight"": 0.25}",global_default,,,False,,
cie_core_nominal,dual_source_cluster_tool,8_to_32_wafers_nominal_processing,test,600.0,[],D:\git\git\RDMCT-A3C\cie\data\core\spbs\cie_core_n016_f008_m008_proc100.lp,spbs\cie_core_n016_f008_m008_proc100.lp,cie_core_n016_f008_m008_proc100.lp,hem,2,1,trainseed_1,auto,2026-07-21T09:36:29,optimal,26.0,21128,0.0,1545.4688648114688,1170.0,81070.0,10000.0,0.0,0.0,9,True,D:\git\git\RDMCT-A3C\cie\results\main\cie_main_600s_fast_v1\seed2\solutions\cie_core_nominal__cie_core_n016_f008_m008_proc100__hem__solverseed_2__trainseed_1__trainseed_1.sol,,,,D:\git\git\RDMCT-A3C\aaai\models\hem_submodular_data\aaai27_hem_generic13_submodular_data_all_aaai27_hem\aaai27_hem_generic13_submodular_data_all_aaai27_hem_2026_07_10_10_51_52_0000--s-1\itr_60.pkl,13,False,greedy,
cie_core_nominal,dual_source_cluster_tool,8_to_32_wafers_nominal_processing,test,600.0,[],D:\git\git\RDMCT-A3C\cie\data\core\spbs\cie_core_n016_f012_m004_proc100.lp,spbs\cie_core_n016_f012_m004_proc100.lp,cie_core_n016_f012_m004_proc100.lp,hem_beam,2,1,trainseed_1,auto,2026-07-21T09:36:56,optimal,36.0,19530,0.0,3141.0283245772503,1158.0,69827.0,10000.0,0.2861125704223025,0.0,6,True,D:\git\git\RDMCT-A3C\cie\results\main\cie_main_600s_fast_v1\seed2\solutions\cie_core_nominal__cie_core_n016_f012_m004_proc100__hem_beam__solverseed_2__trainseed_1__trainseed_1.sol,,,,D:\git\git\RDMCT-A3C\aaai\models\hem_submodular_data\aaai27_hem_generic13_submodular_data_all_aaai27_hem\aaai27_hem_generic13_submodular_data_all_aaai27_hem_2026_07_10_10_51_52_0000--s-1\itr_60.pkl,13,False,beam_search,
cie_core_nominal,dual_source_cluster_tool,8_to_32_wafers_nominal_processing,test,600.0,[],D:\git\git\RDMCT-A3C\cie\data\core\spbs\cie_core_n016_f012_m004_proc100.lp,spbs\cie_core_n016_f012_m004_proc100.lp,cie_core_n016_f012_m004_proc100.lp,hem_structure,2,1,trainseed_1,auto,2026-07-21T09:37:32,optimal,38.0,18787,0.0,3328.4631111976532,1158.0,69350.0,10000.0,0.2861125704223025,0.0,11,True,D:\git\git\RDMCT-A3C\cie\results\main\cie_main_600s_fast_v1\seed2\solutions\cie_core_nominal__cie_core_n016_f012_m004_proc100__hem_structure__solverseed_2__trainseed_1__trainseed_1.sol,,,,D:\git\git\RDMCT-A3C\aaai\models\proposed_submodular\aaai27_rdmct_role_submodular23_all_aaai27_proposed_submodular\aaai27_rdmct_role_submodular23_all_aaai27_proposed_submodular_2026_07_10_21_54_35_0000--s-1\itr_60.pkl,23,True,greedy,
cie_core_nominal,dual_source_cluster_tool,8_to_32_wafers_nominal_processing,test,600.0,[],D:\git\git\RDMCT-A3C\cie\data\core\spbs\cie_core_n016_f012_m004_proc100.lp,spbs\cie_core_n016_f012_m004_proc100.lp,cie_core_n016_f012_m004_proc100.lp,proposed,2,1,trainseed_1,auto,2026-07-21T09:38:10,optimal,35.0,18787,0.0,3067.4136869265612,1158.0,69350.0,10000.0,0.2861125704223025,0.0,11,True,D:\git\git\RDMCT-A3C\cie\results\main\cie_main_600s_fast_v1\seed2\solutions\cie_core_nominal__cie_core_n016_f012_m004_proc100__proposed__solverseed_2__trainseed_1__trainseed_1.sol,,,,D:\git\git\RDMCT-A3C\aaai\models\proposed_submodular\aaai27_rdmct_role_submodular23_all_aaai27_proposed_submodular\aaai27_rdmct_role_submodular23_all_aaai27_proposed_submodular_2026_07_10_21_54_35_0000--s-1\itr_60.pkl,23,True,beam_search,
cie_core_nominal,dual_source_cluster_tool,8_to_32_wafers_nominal_processing,test,600.0,[],D:\git\git\RDMCT-A3C\cie\data\core\spbs\cie_core_n016_f012_m004_proc100.lp,spbs\cie_core_n016_f012_m004_proc100.lp,cie_core_n016_f012_m004_proc100.lp,scip_default,2,1,trainseed_1,auto,2026-07-21T09:38:45,optimal,42.0,22455,0.0,3271.892842689698,1158.0,69370.0,10000.0,0.2861125704223025,0.0,10,True,D:\git\git\RDMCT-A3C\cie\results\main\cie_main_600s_fast_v1\seed2\solutions\cie_core_nominal__cie_core_n016_f012_m004_proc100__scip_default__solverseed_2__trainseed_1__trainseed_1.sol,,,,,,False,,
cie_core_nominal,dual_source_cluster_tool,8_to_32_wafers_nominal_processing,test,600.0,[],D:\git\git\RDMCT-A3C\cie\data\core\spbs\cie_core_n016_f012_m004_proc100.lp,spbs\cie_core_n016_f012_m004_proc100.lp,cie_core_n016_f012_m004_proc100.lp,adaptive_cutsel,2,1,trainseed_1,auto,2026-07-21T09:39:27,optimal,34.0,15140,0.0,3043.5187826913934,1158.0,69406.0,10000.0,0.2861125704223025,0.0,4,True,D:\git\git\RDMCT-A3C\cie\results\main\cie_main_600s_fast_v1\seed2\solutions\cie_core_nominal__cie_core_n016_f012_m004_proc100__adaptive_cutsel__solverseed_2__trainseed_1__trainseed_1.sol,,"{""dircutoffdistweight"": 0.0, ""efficacyweight"": 0.0, ""intsupportweight"": 0.75, ""objparalweight"": 0.25}",global_default,,,False,,
cie_core_nominal,dual_source_cluster_tool,8_to_32_wafers_nominal_processing,test,600.0,[],D:\git\git\RDMCT-A3C\cie\data\core\spbs\cie_core_n016_f012_m004_proc100.lp,spbs\cie_core_n016_f012_m004_proc100.lp,cie_core_n016_f012_m004_proc100.lp,hem,2,1,trainseed_1,auto,2026-07-21T09:40:01,optimal,31.0,19530,0.0,2688.633065519527,1158.0,69827.0,10000.0,0.2861125704223025,0.0,6,True,D:\git\git\RDMCT-A3C\cie\results\main\cie_main_600s_fast_v1\seed2\solutions\cie_core_nominal__cie_core_n016_f012_m004_proc100__hem__solverseed_2__trainseed_1__trainseed_1.sol,,,,D:\git\git\RDMCT-A3C\aaai\models\hem_submodular_data\aaai27_hem_generic13_submodular_data_all_aaai27_hem\aaai27_hem_generic13_submodular_data_all_aaai27_hem_2026_07_10_10_51_52_0000--s-1\itr_60.pkl,13,False,greedy,
cie_core_nominal,dual_source_cluster_tool,8_to_32_wafers_nominal_processing,test,600.0,[],D:\git\git\RDMCT-A3C\cie\data\core\spbs\cie_core_n016_f012_m004_proc100.lp,spbs\cie_core_n016_f012_m004_proc100.lp,cie_core_n016_f012_m004_proc100.lp,rdmct_feature_only,2,1,trainseed_1,auto,2026-07-21T09:40:32,optimal,22.0,11922,0.0,1881.475305081292,1158.0,69110.0,10000.0,0.24130494170294664,0.0,4,True,D:\git\git\RDMCT-A3C\cie\results\main\cie_main_600s_fast_v1\seed2\solutions\cie_core_nominal__cie_core_n016_f012_m004_proc100__rdmct_feature_only__solverseed_2__trainseed_1__trainseed_1.sol,,,,D:\git\git\RDMCT-A3C\aaai\models\final_ablation\feature_only\aaai27_rdmct_role23_feature_only_all_aaai27_feature_only\aaai27_rdmct_role23_feature_only_all_aaai27_feature_only_2026_07_14_14_37_07_0000--s-1\itr_60.pkl,23,False,greedy,
cie_core_nominal,dual_source_cluster_tool,8_to_32_wafers_nominal_processing,test,600.0,[],D:\git\git\RDMCT-A3C\cie\data\core\spbs\cie_core_n024_f000_m024_proc100.lp,spbs\cie_core_n024_f000_m024_proc100.lp,cie_core_n024_f000_m024_proc100.lp,hem_structure,2,1,trainseed_1,auto,2026-07-21T09:40:54,timelimit,600.0,111703,3.8915270018621975,47832.797182830494,10507.0,154594.0,10000.0,0.0,0.0,1,True,D:\git\git\RDMCT-A3C\cie\results\main\cie_main_600s_fast_v1\seed2\solutions\cie_core_nominal__cie_core_n024_f000_m024_proc100__hem_structure__solverseed_2__trainseed_1__trainseed_1.sol,,,,D:\git\git\RDMCT-A3C\aaai\models\proposed_submodular\aaai27_rdmct_role_submodular23_all_aaai27_proposed_submodular\aaai27_rdmct_role_submodular23_all_aaai27_proposed_submodular_2026_07_10_21_54_35_0000--s-1\itr_60.pkl,23,True,greedy,
cie_core_nominal,dual_source_cluster_tool,8_to_32_wafers_nominal_processing,test,600.0,[],D:\git\git\RDMCT-A3C\cie\data\core\spbs\cie_core_n024_f000_m024_proc100.lp,spbs\cie_core_n024_f000_m024_proc100.lp,cie_core_n024_f000_m024_proc100.lp,proposed,2,1,trainseed_1,auto,2026-07-21T09:50:54,timelimit,600.0,111635,3.8915270018621975,47832.94946226325,10507.0,154594.0,10000.0,0.0,0.0,1,True,D:\git\git\RDMCT-A3C\cie\results\main\cie_main_600s_fast_v1\seed2\solutions\cie_core_nominal__cie_core_n024_f000_m024_proc100__proposed__solverseed_2__trainseed_1__trainseed_1.sol,,,,D:\git\git\RDMCT-A3C\aaai\models\proposed_submodular\aaai27_rdmct_role_submodular23_all_aaai27_proposed_submodular\aaai27_rdmct_role_submodular23_all_aaai27_proposed_submodular_2026_07_10_21_54_35_0000--s-1\itr_60.pkl,23,True,beam_search,
cie_core_nominal,dual_source_cluster_tool,8_to_32_wafers_nominal_processing,test,600.0,[],D:\git\git\RDMCT-A3C\cie\data\core\spbs\cie_core_n024_f000_m024_proc100.lp,spbs\cie_core_n024_f000_m024_proc100.lp,cie_core_n024_f000_m024_proc100.lp,scip_default,2,1,trainseed_1,auto,2026-07-21T10:00:54,timelimit,600.0,88170,3.75,47439.09740506091,10507.0,154594.0,10000.0,0.0,0.0,1,True,D:\git\git\RDMCT-A3C\cie\results\main\cie_main_600s_fast_v1\seed2\solutions\cie_core_nominal__cie_core_n024_f000_m024_proc100__scip_default__solverseed_2__trainseed_1__trainseed_1.sol,,,,,,False,,
cie_core_nominal,dual_source_cluster_tool,8_to_32_wafers_nominal_processing,test,600.0,[],D:\git\git\RDMCT-A3C\cie\data\core\spbs\cie_core_n024_f000_m024_proc100.lp,spbs\cie_core_n024_f000_m024_proc100.lp,cie_core_n024_f000_m024_proc100.lp,adaptive_cutsel,2,1,trainseed_1,auto,2026-07-21T10:10:54,timelimit,600.0,144164,3.7414259927797833,47427.86713619492,10507.0,154594.0,10000.0,0.0,0.0,1,True,D:\git\git\RDMCT-A3C\cie\results\main\cie_main_600s_fast_v1\seed2\solutions\cie_core_nominal__cie_core_n024_f000_m024_proc100__adaptive_cutsel__solverseed_2__trainseed_1__trainseed_1.sol,,"{""dircutoffdistweight"": 0.0, ""efficacyweight"": 0.0, ""intsupportweight"": 0.75, ""objparalweight"": 0.25}",global_default,,,False,,
cie_core_nominal,dual_source_cluster_tool,8_to_32_wafers_nominal_processing,test,600.0,[],D:\git\git\RDMCT-A3C\cie\data\core\spbs\cie_core_n024_f000_m024_proc100.lp,spbs\cie_core_n024_f000_m024_proc100.lp,cie_core_n024_f000_m024_proc100.lp,hem,2,1,trainseed_1,auto,2026-07-21T10:20:54,timelimit,600.0,152398,3.745709123757904,47433.27240913085,10507.0,154594.0,10000.0,0.0,0.0,1,True,D:\git\git\RDMCT-A3C\cie\results\main\cie_main_600s_fast_v1\seed2\solutions\cie_core_nominal__cie_core_n024_f000_m024_proc100__hem__solverseed_2__trainseed_1__trainseed_1.sol,,,,D:\git\git\RDMCT-A3C\aaai\models\hem_submodular_data\aaai27_hem_generic13_submodular_data_all_aaai27_hem\aaai27_hem_generic13_submodular_data_all_aaai27_hem_2026_07_10_10_51_52_0000--s-1\itr_60.pkl,13,False,greedy,
cie_core_nominal,dual_source_cluster_tool,8_to_32_wafers_nominal_processing,test,600.0,[],D:\git\git\RDMCT-A3C\cie\data\core\spbs\cie_core_n024_f000_m024_proc100.lp,spbs\cie_core_n024_f000_m024_proc100.lp,cie_core_n024_f000_m024_proc100.lp,rdmct_feature_only,2,1,trainseed_1,auto,2026-07-21T10:30:54,timelimit,600.0,132627,3.732882882882883,47409.25097554012,10507.0,154594.0,10000.0,0.0,0.0,1,True,D:\git\git\RDMCT-A3C\cie\results\main\cie_main_600s_fast_v1\seed2\solutions\cie_core_nominal__cie_core_n024_f000_m024_proc100__rdmct_feature_only__solverseed_2__trainseed_1__trainseed_1.sol,,,,D:\git\git\RDMCT-A3C\aaai\models\final_ablation\feature_only\aaai27_rdmct_role23_feature_only_all_aaai27_feature_only\aaai27_rdmct_role23_feature_only_all_aaai27_feature_only_2026_07_14_14_37_07_0000--s-1\itr_60.pkl,23,False,greedy,
cie_core_nominal,dual_source_cluster_tool,8_to_32_wafers_nominal_processing,test,600.0,[],D:\git\git\RDMCT-A3C\cie\data\core\spbs\cie_core_n024_f000_m024_proc100.lp,spbs\cie_core_n024_f000_m024_proc100.lp,cie_core_n024_f000_m024_proc100.lp,hem_beam,2,1,trainseed_1,auto,2026-07-21T10:40:54,timelimit,600.0,153262,3.745709123757904,47433.23433927266,10507.0,154594.0,10000.0,0.0,0.0,1,True,D:\git\git\RDMCT-A3C\cie\results\main\cie_main_600s_fast_v1\seed2\solutions\cie_core_nominal__cie_core_n024_f000_m024_proc100__hem_beam__solverseed_2__trainseed_1__trainseed_1.sol,,,,D:\git\git\RDMCT-A3C\aaai\models\hem_submodular_data\aaai27_hem_generic13_submodular_data_all_aaai27_hem\aaai27_hem_generic13_submodular_data_all_aaai27_hem_2026_07_10_10_51_52_0000--s-1\itr_60.pkl,13,False,beam_search,
cie_core_nominal,dual_source_cluster_tool,8_to_32_wafers_nominal_processing,test,600.0,[],D:\git\git\RDMCT-A3C\cie\data\core\spbs\cie_core_n024_f006_m018_proc100.lp,spbs\cie_core_n024_f006_m018_proc100.lp,cie_core_n024_f006_m018_proc100.lp,proposed,2,1,trainseed_1,auto,2026-07-21T10:50:54,timelimit,600.0,92756,3.660904255319149,47231.04136947219,10515.0,131448.0,8462.0,0.2557955888460807,524.0,1,True,D:\git\git\RDMCT-A3C\cie\results\main\cie_main_600s_fast_v1\seed2\solutions\cie_core_nominal__cie_core_n024_f006_m018_proc100__proposed__solverseed_2__trainseed_1__trainseed_1.sol,,,,D:\git\git\RDMCT-A3C\aaai\models\proposed_submodular\aaai27_rdmct_role_submodular23_all_aaai27_proposed_submodular\aaai27_rdmct_role_submodular23_all_aaai27_proposed_submodular_2026_07_10_21_54_35_0000--s-1\itr_60.pkl,23,True,beam_search,
cie_core_nominal,dual_source_cluster_tool,8_to_32_wafers_nominal_processing,test,600.0,[],D:\git\git\RDMCT-A3C\cie\data\core\spbs\cie_core_n024_f006_m018_proc100.lp,spbs\cie_core_n024_f006_m018_proc100.lp,cie_core_n024_f006_m018_proc100.lp,scip_default,2,1,trainseed_1,auto,2026-07-21T11:00:54,timelimit,600.0,103107,3.660904255319149,47234.88349976225,10515.0,131448.0,8462.0,0.2557955888460807,524.0,1,True,D:\git\git\RDMCT-A3C\cie\results\main\cie_main_600s_fast_v1\seed2\solutions\cie_core_nominal__cie_core_n024_f006_m018_proc100__scip_default__solverseed_2__trainseed_1__trainseed_1.sol,,,,,,False,,
cie_core_nominal,dual_source_cluster_tool,8_to_32_wafers_nominal_processing,test,600.0,[],D:\git\git\RDMCT-A3C\cie\data\core\spbs\cie_core_n024_f006_m018_proc100.lp,spbs\cie_core_n024_f006_m018_proc100.lp,cie_core_n024_f006_m018_proc100.lp,adaptive_cutsel,2,1,trainseed_1,auto,2026-07-21T11:10:54,timelimit,600.0,138433,3.6485411140583555,47197.63195435093,10515.0,131448.0,8462.0,0.2557955888460807,524.0,1,True,D:\git\git\RDMCT-A3C\cie\results\main\cie_main_600s_fast_v1\seed2\solutions\cie_core_nominal__cie_core_n024_f006_m018_proc100__adaptive_cutsel__solverseed_2__trainseed_1__trainseed_1.sol,,"{""dircutoffdistweight"": 0.0, ""efficacyweight"": 0.0, ""intsupportweight"": 0.75, ""objparalweight"": 0.25}",global_default,,,False,,
cie_core_nominal,dual_source_cluster_tool,8_to_32_wafers_nominal_processing,test,600.0,[],D:\git\git\RDMCT-A3C\cie\data\core\spbs\cie_core_n024_f006_m018_proc100.lp,spbs\cie_core_n024_f006_m018_proc100.lp,cie_core_n024_f006_m018_proc100.lp,hem,2,1,trainseed_1,auto,2026-07-21T11:20:54,timelimit,600.0,118426,3.665039929015084,47226.64764621969,10515.0,131448.0,8462.0,0.2557955888460807,524.0,1,True,D:\git\git\RDMCT-A3C\cie\results\main\cie_main_600s_fast_v1\seed2\solutions\cie_core_nominal__cie_core_n024_f006_m018_proc100__hem__solverseed_2__trainseed_1__trainseed_1.sol,,,,D:\git\git\RDMCT-A3C\aaai\models\hem_submodular_data\aaai27_hem_generic13_submodular_data_all_aaai27_hem\aaai27_hem_generic13_submodular_data_all_aaai27_hem_2026_07_10_10_51_52_0000--s-1\itr_60.pkl,13,False,greedy,
cie_core_nominal,dual_source_cluster_tool,8_to_32_wafers_nominal_processing,test,600.0,[],D:\git\git\RDMCT-A3C\cie\data\core\spbs\cie_core_n024_f006_m018_proc100.lp,spbs\cie_core_n024_f006_m018_proc100.lp,cie_core_n024_f006_m018_proc100.lp,rdmct_feature_only,2,1,trainseed_1,auto,2026-07-21T11:30:54,timelimit,600.0,161021,0.009700176366843033,40658.43964767307,2290.0,152064.0,10000.0,0.05668483484954114,34.0,20,True,D:\git\git\RDMCT-A3C\cie\results\main\cie_main_600s_fast_v1\seed2\solutions\cie_core_nominal__cie_core_n024_f006_m018_proc100__rdmct_feature_only__solverseed_2__trainseed_1__trainseed_1.sol,,,,D:\git\git\RDMCT-A3C\aaai\models\final_ablation\feature_only\aaai27_rdmct_role23_feature_only_all_aaai27_feature_only\aaai27_rdmct_role23_feature_only_all_aaai27_feature_only_2026_07_14_14_37_07_0000--s-1\itr_60.pkl,23,False,greedy,
cie_core_nominal,dual_source_cluster_tool,8_to_32_wafers_nominal_processing,test,600.0,[],D:\git\git\RDMCT-A3C\cie\data\core\spbs\cie_core_n024_f006_m018_proc100.lp,spbs\cie_core_n024_f006_m018_proc100.lp,cie_core_n024_f006_m018_proc100.lp,hem_beam,2,1,trainseed_1,auto,2026-07-21T11:40:54,timelimit,600.0,118396,3.665039929015084,47226.64764621969,10515.0,131448.0,8462.0,0.2557955888460807,524.0,1,True,D:\git\git\RDMCT-A3C\cie\results\main\cie_main_600s_fast_v1\seed2\solutions\cie_core_nominal__cie_core_n024_f006_m018_proc100__hem_beam__solverseed_2__trainseed_1__trainseed_1.sol,,,,D:\git\git\RDMCT-A3C\aaai\models\hem_submodular_data\aaai27_hem_generic13_submodular_data_all_aaai27_hem\aaai27_hem_generic13_submodular_data_all_aaai27_hem_2026_07_10_10_51_52_0000--s-1\itr_60.pkl,13,False,beam_search,
cie_core_nominal,dual_source_cluster_tool,8_to_32_wafers_nominal_processing,test,600.0,[],D:\git\git\RDMCT-A3C\cie\data\core\spbs\cie_core_n024_f006_m018_proc100.lp,spbs\cie_core_n024_f006_m018_proc100.lp,cie_core_n024_f006_m018_proc100.lp,hem_structure,2,1,trainseed_1,auto,2026-07-21T11:50:54,timelimit,600.0,92236,3.660904255319149,47231.11745126011,10515.0,131448.0,8462.0,0.2557955888460807,524.0,1,True,D:\git\git\RDMCT-A3C\cie\results\main\cie_main_600s_fast_v1\seed2\solutions\cie_core_nominal__cie_core_n024_f006_m018_proc100__hem_structure__solverseed_2__trainseed_1__trainseed_1.sol,,,,D:\git\git\RDMCT-A3C\aaai\models\proposed_submodular\aaai27_rdmct_role_submodular23_all_aaai27_proposed_submodular\aaai27_rdmct_role_submodular23_all_aaai27_proposed_submodular_2026_07_10_21_54_35_0000--s-1\itr_60.pkl,23,True,greedy,
cie_core_nominal,dual_source_cluster_tool,8_to_32_wafers_nominal_processing,test,600.0,[],D:\git\git\RDMCT-A3C\cie\data\core\spbs\cie_core_n024_f012_m012_proc100.lp,spbs\cie_core_n024_f012_m012_proc100.lp,cie_core_n024_f012_m012_proc100.lp,scip_default,2,1,trainseed_1,auto,2026-07-21T12:00:54,timelimit,600.0,116084,3.7450361010830324,47426.36233951498,10515.0,105863.0,9447.0,0.35873905444339443,0.0,1,True,D:\git\git\RDMCT-A3C\cie\results\main\cie_main_600s_fast_v1\seed2\solutions\cie_core_nominal__cie_core_n024_f012_m012_proc100__scip_default__solverseed_2__trainseed_1__trainseed_1.sol,,,,,,False,,
cie_core_nominal,dual_source_cluster_tool,8_to_32_wafers_nominal_processing,test,600.0,[],D:\git\git\RDMCT-A3C\cie\data\core\spbs\cie_core_n024_f012_m012_proc100.lp,spbs\cie_core_n024_f012_m012_proc100.lp,cie_core_n024_f012_m012_proc100.lp,adaptive_cutsel,2,1,trainseed_1,auto,2026-07-21T12:10:54,timelimit,600.0,111443,3.7622282608695654,47463.85164051355,10515.0,105863.0,9447.0,0.35873905444339443,0.0,1,True,D:\git\git\RDMCT-A3C\cie\results\main\cie_main_600s_fast_v1\seed2\solutions\cie_core_nominal__cie_core_n024_f012_m012_proc100__adaptive_cutsel__solverseed_2__trainseed_1__trainseed_1.sol,,"{""dircutoffdistweight"": 0.0, ""efficacyweight"": 0.0, ""intsupportweight"": 0.75, ""objparalweight"": 0.25}",global_default,,,False,,
cie_core_nominal,dual_source_cluster_tool,8_to_32_wafers_nominal_processing,test,600.0,[],D:\git\git\RDMCT-A3C\cie\data\core\spbs\cie_core_n024_f012_m012_proc100.lp,spbs\cie_core_n024_f012_m012_proc100.lp,cie_core_n024_f012_m012_proc100.lp,hem,2,1,trainseed_1,auto,2026-07-21T12:20:54,timelimit,600.0,92619,3.7450361010830324,47431.47883975273,10515.0,105863.0,9447.0,0.35873905444339443,0.0,1,True,D:\git\git\RDMCT-A3C\cie\results\main\cie_main_600s_fast_v1\seed2\solutions\cie_core_nominal__cie_core_n024_f012_m012_proc100__hem__solverseed_2__trainseed_1__trainseed_1.sol,,,,D:\git\git\RDMCT-A3C\aaai\models\hem_submodular_data\aaai27_hem_generic13_submodular_data_all_aaai27_hem\aaai27_hem_generic13_submodular_data_all_aaai27_hem_2026_07_10_10_51_52_0000--s-1\itr_60.pkl,13,False,greedy,
cie_core_nominal,dual_source_cluster_tool,8_to_32_wafers_nominal_processing,test,600.0,[],D:\git\git\RDMCT-A3C\cie\data\core\spbs\cie_core_n024_f012_m012_proc100.lp,spbs\cie_core_n024_f012_m012_proc100.lp,cie_core_n024_f012_m012_proc100.lp,rdmct_feature_only,2,1,trainseed_1,auto,2026-07-21T12:30:54,timelimit,600.0,76268,3.7364864864864864,47438.15501664289,10515.0,105863.0,9447.0,0.35873905444339443,0.0,1,True,D:\git\git\RDMCT-A3C\cie\results\main\cie_main_600s_fast_v1\seed2\solutions\cie_core_nominal__cie_core_n024_f012_m012_proc100__rdmct_feature_only__solverseed_2__trainseed_1__trainseed_1.sol,,,,D:\git\git\RDMCT-A3C\aaai\models\final_ablation\feature_only\aaai27_rdmct_role23_feature_only_all_aaai27_feature_only\aaai27_rdmct_role23_feature_only_all_aaai27_feature_only_2026_07_14_14_37_07_0000--s-1\itr_60.pkl,23,False,greedy,
cie_core_nominal,dual_source_cluster_tool,8_to_32_wafers_nominal_processing,test,600.0,[],D:\git\git\RDMCT-A3C\cie\data\core\spbs\cie_core_n024_f012_m012_proc100.lp,spbs\cie_core_n024_f012_m012_proc100.lp,cie_core_n024_f012_m012_proc100.lp,hem_beam,2,1,trainseed_1,auto,2026-07-21T12:40:54,timelimit,600.0,89435,3.7450361010830324,47433.00047551117,10515.0,105863.0,9447.0,0.35873905444339443,0.0,1,True,D:\git\git\RDMCT-A3C\cie\results\main\cie_main_600s_fast_v1\seed2\solutions\cie_core_nominal__cie_core_n024_f012_m012_proc100__hem_beam__solverseed_2__trainseed_1__trainseed_1.sol,,,,D:\git\git\RDMCT-A3C\aaai\models\hem_submodular_data\aaai27_hem_generic13_submodular_data_all_aaai27_hem\aaai27_hem_generic13_submodular_data_all_aaai27_hem_2026_07_10_10_51_52_0000--s-1\itr_60.pkl,13,False,beam_search,
cie_core_nominal,dual_source_cluster_tool,8_to_32_wafers_nominal_processing,test,600.0,[],D:\git\git\RDMCT-A3C\cie\data\core\spbs\cie_core_n024_f012_m012_proc100.lp,spbs\cie_core_n024_f012_m012_proc100.lp,cie_core_n024_f012_m012_proc100.lp,hem_structure,2,1,trainseed_1,auto,2026-07-21T12:50:54,timelimit,600.0,66647,3.753616636528029,47465.49690917737,10515.0,105863.0,9447.0,0.35873905444339443,0.0,1,True,D:\git\git\RDMCT-A3C\cie\results\main\cie_main_600s_fast_v1\seed2\solutions\cie_core_nominal__cie_core_n024_f012_m012_proc100__hem_structure__solverseed_2__trainseed_1__trainseed_1.sol,,,,D:\git\git\RDMCT-A3C\aaai\models\proposed_submodular\aaai27_rdmct_role_submodular23_all_aaai27_proposed_submodular\aaai27_rdmct_role_submodular23_all_aaai27_proposed_submodular_2026_07_10_21_54_35_0000--s-1\itr_60.pkl,23,True,greedy,
cie_core_nominal,dual_source_cluster_tool,8_to_32_wafers_nominal_processing,test,600.0,[],D:\git\git\RDMCT-A3C\cie\data\core\spbs\cie_core_n024_f012_m012_proc100.lp,spbs\cie_core_n024_f012_m012_proc100.lp,cie_core_n024_f012_m012_proc100.lp,proposed,2,1,trainseed_1,auto,2026-07-21T13:00:54,timelimit,600.0,67881,3.753616636528029,47485.04041844983,10515.0,105863.0,9447.0,0.35873905444339443,0.0,1,True,D:\git\git\RDMCT-A3C\cie\results\main\cie_main_600s_fast_v1\seed2\solutions\cie_core_nominal__cie_core_n024_f012_m012_proc100__proposed__solverseed_2__trainseed_1__trainseed_1.sol,,,,D:\git\git\RDMCT-A3C\aaai\models\proposed_submodular\aaai27_rdmct_role_submodular23_all_aaai27_proposed_submodular\aaai27_rdmct_role_submodular23_all_aaai27_proposed_submodular_2026_07_10_21_54_35_0000--s-1\itr_60.pkl,23,True,beam_search,
cie_core_nominal,dual_source_cluster_tool,8_to_32_wafers_nominal_processing,test,600.0,[],D:\git\git\RDMCT-A3C\cie\data\core\spbs\cie_core_n024_f018_m006_proc100.lp,spbs\cie_core_n024_f018_m006_proc100.lp,cie_core_n024_f018_m006_proc100.lp,adaptive_cutsel,2,1,trainseed_1,auto,2026-07-21T13:10:54,optimal,266.0,27723,0.0,21135.24173753961,2270.0,112907.0,10000.0,0.3044659599278615,66.0,4,True,D:\git\git\RDMCT-A3C\cie\results\main\cie_main_600s_fast_v1\seed2\solutions\cie_core_nominal__cie_core_n024_f018_m006_proc100__adaptive_cutsel__solverseed_2__trainseed_1__trainseed_1.sol,,"{""dircutoffdistweight"": 0.0, ""efficacyweight"": 0.0, ""intsupportweight"": 0.75, ""objparalweight"": 0.25}",global_default,,,False,,
cie_core_nominal,dual_source_cluster_tool,8_to_32_wafers_nominal_processing,test,600.0,[],D:\git\git\RDMCT-A3C\cie\data\core\spbs\cie_core_n024_f018_m006_proc100.lp,spbs\cie_core_n024_f018_m006_proc100.lp,cie_core_n024_f018_m006_proc100.lp,hem,2,1,trainseed_1,auto,2026-07-21T13:15:20,timelimit,600.0,43836,3.7279676258992804,47458.20256776034,10515.0,104599.0,10000.0,0.48533958039345193,76.0,1,True,D:\git\git\RDMCT-A3C\cie\results\main\cie_main_600s_fast_v1\seed2\solutions\cie_core_nominal__cie_core_n024_f018_m006_proc100__hem__solverseed_2__trainseed_1__trainseed_1.sol,,,,D:\git\git\RDMCT-A3C\aaai\models\hem_submodular_data\aaai27_hem_generic13_submodular_data_all_aaai27_hem\aaai27_hem_generic13_submodular_data_all_aaai27_hem_2026_07_10_10_51_52_0000--s-1\itr_60.pkl,13,False,greedy,
cie_core_nominal,dual_source_cluster_tool,8_to_32_wafers_nominal_processing,test,600.0,[],D:\git\git\RDMCT-A3C\cie\data\core\spbs\cie_core_n024_f018_m006_proc100.lp,spbs\cie_core_n024_f018_m006_proc100.lp,cie_core_n024_f018_m006_proc100.lp,rdmct_feature_only,2,1,trainseed_1,auto,2026-07-21T13:25:21,timelimit,600.0,60637,3.7279676258992804,47437.05183071802,10515.0,104599.0,10000.0,0.48533958039345193,76.0,1,True,D:\git\git\RDMCT-A3C\cie\results\main\cie_main_600s_fast_v1\seed2\solutions\cie_core_nominal__cie_core_n024_f018_m006_proc100__rdmct_feature_only__solverseed_2__trainseed_1__trainseed_1.sol,,,,D:\git\git\RDMCT-A3C\aaai\models\final_ablation\feature_only\aaai27_rdmct_role23_feature_only_all_aaai27_feature_only\aaai27_rdmct_role23_feature_only_all_aaai27_feature_only_2026_07_14_14_37_07_0000--s-1\itr_60.pkl,23,False,greedy,
cie_core_nominal,dual_source_cluster_tool,8_to_32_wafers_nominal_processing,test,600.0,[],D:\git\git\RDMCT-A3C\cie\data\core\spbs\cie_core_n024_f018_m006_proc100.lp,spbs\cie_core_n024_f018_m006_proc100.lp,cie_core_n024_f018_m006_proc100.lp,hem_beam,2,1,trainseed_1,auto,2026-07-21T13:35:21,timelimit,600.0,40071,3.7279676258992804,47458.20256776034,10515.0,104599.0,10000.0,0.48533958039345193,76.0,1,True,D:\git\git\RDMCT-A3C\cie\results\main\cie_main_600s_fast_v1\seed2\solutions\cie_core_nominal__cie_core_n024_f018_m006_proc100__hem_beam__solverseed_2__trainseed_1__trainseed_1.sol,,,,D:\git\git\RDMCT-A3C\aaai\models\hem_submodular_data\aaai27_hem_generic13_submodular_data_all_aaai27_hem\aaai27_hem_generic13_submodular_data_all_aaai27_hem_2026_07_10_10_51_52_0000--s-1\itr_60.pkl,13,False,beam_search,
cie_core_nominal,dual_source_cluster_tool,8_to_32_wafers_nominal_processing,test,600.0,[],D:\git\git\RDMCT-A3C\cie\data\core\spbs\cie_core_n024_f018_m006_proc100.lp,spbs\cie_core_n024_f018_m006_proc100.lp,cie_core_n024_f018_m006_proc100.lp,hem_structure,2,1,trainseed_1,auto,2026-07-21T13:45:21,timelimit,600.0,54138,3.711021505376344,47426.08654303376,10515.0,104599.0,10000.0,0.48533958039345193,76.0,1,True,D:\git\git\RDMCT-A3C\cie\results\main\cie_main_600s_fast_v1\seed2\solutions\cie_core_nominal__cie_core_n024_f018_m006_proc100__hem_structure__solverseed_2__trainseed_1__trainseed_1.sol,,,,D:\git\git\RDMCT-A3C\aaai\models\proposed_submodular\aaai27_rdmct_role_submodular23_all_aaai27_proposed_submodular\aaai27_rdmct_role_submodular23_all_aaai27_proposed_submodular_2026_07_10_21_54_35_0000--s-1\itr_60.pkl,23,True,greedy,
cie_core_nominal,dual_source_cluster_tool,8_to_32_wafers_nominal_processing,test,600.0,[],D:\git\git\RDMCT-A3C\cie\data\core\spbs\cie_core_n024_f018_m006_proc100.lp,spbs\cie_core_n024_f018_m006_proc100.lp,cie_core_n024_f018_m006_proc100.lp,proposed,2,1,trainseed_1,auto,2026-07-21T13:55:21,timelimit,600.0,57799,3.711021505376344,47404.88825487399,10515.0,104599.0,10000.0,0.48533958039345193,76.0,1,True,D:\git\git\RDMCT-A3C\cie\results\main\cie_main_600s_fast_v1\seed2\solutions\cie_core_nominal__cie_core_n024_f018_m006_proc100__proposed__solverseed_2__trainseed_1__trainseed_1.sol,,,,D:\git\git\RDMCT-A3C\aaai\models\proposed_submodular\aaai27_rdmct_role_submodular23_all_aaai27_proposed_submodular\aaai27_rdmct_role_submodular23_all_aaai27_proposed_submodular_2026_07_10_21_54_35_0000--s-1\itr_60.pkl,23,True,beam_search,
cie_core_nominal,dual_source_cluster_tool,8_to_32_wafers_nominal_processing,test,600.0,[],D:\git\git\RDMCT-A3C\cie\data\core\spbs\cie_core_n024_f018_m006_proc100.lp,spbs\cie_core_n024_f018_m006_proc100.lp,cie_core_n024_f018_m006_proc100.lp,scip_default,2,1,trainseed_1,auto,2026-07-21T14:05:21,timelimit,600.0,153616,3.702593917710197,47428.14545264258,10515.0,104599.0,10000.0,0.48533958039345193,76.0,1,True,D:\git\git\RDMCT-A3C\cie\results\main\cie_main_600s_fast_v1\seed2\solutions\cie_core_nominal__cie_core_n024_f018_m006_proc100__scip_default__solverseed_2__trainseed_1__trainseed_1.sol,,,,,,False,,
cie_core_nominal,dual_source_cluster_tool,8_to_32_wafers_nominal_processing,test,600.0,[],D:\git\git\RDMCT-A3C\cie\data\core\spbs\cie_core_n032_f000_m032_proc100.lp,spbs\cie_core_n032_f000_m032_proc100.lp,cie_core_n032_f000_m032_proc100.lp,hem,2,1,trainseed_1,auto,2026-07-21T14:15:21,timelimit,600.0,43139,3.0755813953488373,45695.29243937232,10515.0,183554.0,10000.0,0.248098907591169,796.0,1,True,D:\git\git\RDMCT-A3C\cie\results\main\cie_main_600s_fast_v1\seed2\solutions\cie_core_nominal__cie_core_n032_f000_m032_proc100__hem__solverseed_2__trainseed_1__trainseed_1.sol,,,,D:\git\git\RDMCT-A3C\aaai\models\hem_submodular_data\aaai27_hem_generic13_submodular_data_all_aaai27_hem\aaai27_hem_generic13_submodular_data_all_aaai27_hem_2026_07_10_10_51_52_0000--s-1\itr_60.pkl,13,False,greedy,
cie_core_nominal,dual_source_cluster_tool,8_to_32_wafers_nominal_processing,test,600.0,[],D:\git\git\RDMCT-A3C\cie\data\core\spbs\cie_core_n032_f000_m032_proc100.lp,spbs\cie_core_n032_f000_m032_proc100.lp,cie_core_n032_f000_m032_proc100.lp,rdmct_feature_only,2,1,trainseed_1,auto,2026-07-21T14:25:21,timelimit,600.0,52060,3.0755813953488373,45621.683309557775,10515.0,183554.0,10000.0,0.248098907591169,796.0,1,True,D:\git\git\RDMCT-A3C\cie\results\main\cie_main_600s_fast_v1\seed2\solutions\cie_core_nominal__cie_core_n032_f000_m032_proc100__rdmct_feature_only__solverseed_2__trainseed_1__trainseed_1.sol,,,,D:\git\git\RDMCT-A3C\aaai\models\final_ablation\feature_only\aaai27_rdmct_role23_feature_only_all_aaai27_feature_only\aaai27_rdmct_role23_feature_only_all_aaai27_feature_only_2026_07_14_14_37_07_0000--s-1\itr_60.pkl,23,False,greedy,
cie_core_nominal,dual_source_cluster_tool,8_to_32_wafers_nominal_processing,test,600.0,[],D:\git\git\RDMCT-A3C\cie\data\core\spbs\cie_core_n032_f000_m032_proc100.lp,spbs\cie_core_n032_f000_m032_proc100.lp,cie_core_n032_f000_m032_proc100.lp,hem_beam,2,1,trainseed_1,auto,2026-07-21T14:35:21,timelimit,600.0,42290,3.0755813953488373,45597.14693295292,10515.0,183554.0,10000.0,0.248098907591169,796.0,1,True,D:\git\git\RDMCT-A3C\cie\results\main\cie_main_600s_fast_v1\seed2\solutions\cie_core_nominal__cie_core_n032_f000_m032_proc100__hem_beam__solverseed_2__trainseed_1__trainseed_1.sol,,,,D:\git\git\RDMCT-A3C\aaai\models\hem_submodular_data\aaai27_hem_generic13_submodular_data_all_aaai27_hem\aaai27_hem_generic13_submodular_data_all_aaai27_hem_2026_07_10_10_51_52_0000--s-1\itr_60.pkl,13,False,beam_search,
cie_core_nominal,dual_source_cluster_tool,8_to_32_wafers_nominal_processing,test,600.0,[],D:\git\git\RDMCT-A3C\cie\data\core\spbs\cie_core_n032_f000_m032_proc100.lp,spbs\cie_core_n032_f000_m032_proc100.lp,cie_core_n032_f000_m032_proc100.lp,hem_structure,2,1,trainseed_1,auto,2026-07-21T14:45:21,timelimit,600.0,45119,3.0755813953488373,45621.683309557775,10515.0,183554.0,10000.0,0.248098907591169,796.0,1,True,D:\git\git\RDMCT-A3C\cie\results\main\cie_main_600s_fast_v1\seed2\solutions\cie_core_nominal__cie_core_n032_f000_m032_proc100__hem_structure__solverseed_2__trainseed_1__trainseed_1.sol,,,,D:\git\git\RDMCT-A3C\aaai\models\proposed_submodular\aaai27_rdmct_role_submodular23_all_aaai27_proposed_submodular\aaai27_rdmct_role_submodular23_all_aaai27_proposed_submodular_2026_07_10_21_54_35_0000--s-1\itr_60.pkl,23,True,greedy,
cie_core_nominal,dual_source_cluster_tool,8_to_32_wafers_nominal_processing,test,600.0,[],D:\git\git\RDMCT-A3C\cie\data\core\spbs\cie_core_n032_f000_m032_proc100.lp,spbs\cie_core_n032_f000_m032_proc100.lp,cie_core_n032_f000_m032_proc100.lp,proposed,2,1,trainseed_1,auto,2026-07-21T14:55:21,timelimit,600.0,44648,3.0755813953488373,45572.610556348074,10515.0,183554.0,10000.0,0.248098907591169,796.0,1,True,D:\git\git\RDMCT-A3C\cie\results\main\cie_main_600s_fast_v1\seed2\solutions\cie_core_nominal__cie_core_n032_f000_m032_proc100__proposed__solverseed_2__trainseed_1__trainseed_1.sol,,,,D:\git\git\RDMCT-A3C\aaai\models\proposed_submodular\aaai27_rdmct_role_submodular23_all_aaai27_proposed_submodular\aaai27_rdmct_role_submodular23_all_aaai27_proposed_submodular_2026_07_10_21_54_35_0000--s-1\itr_60.pkl,23,True,beam_search,
cie_core_nominal,dual_source_cluster_tool,8_to_32_wafers_nominal_processing,test,600.0,[],D:\git\git\RDMCT-A3C\cie\data\core\spbs\cie_core_n032_f000_m032_proc100.lp,spbs\cie_core_n032_f000_m032_proc100.lp,cie_core_n032_f000_m032_proc100.lp,scip_default,2,1,trainseed_1,auto,2026-07-21T15:05:21,timelimit,600.0,45500,3.0692724458204332,45603.347598668566,10515.0,183554.0,10000.0,0.248098907591169,796.0,1,True,D:\git\git\RDMCT-A3C\cie\results\main\cie_main_600s_fast_v1\seed2\solutions\cie_core_nominal__cie_core_n032_f000_m032_proc100__scip_default__solverseed_2__trainseed_1__trainseed_1.sol,,,,,,False,,
cie_core_nominal,dual_source_cluster_tool,8_to_32_wafers_nominal_processing,test,600.0,[],D:\git\git\RDMCT-A3C\cie\data\core\spbs\cie_core_n032_f000_m032_proc100.lp,spbs\cie_core_n032_f000_m032_proc100.lp,cie_core_n032_f000_m032_proc100.lp,adaptive_cutsel,2,1,trainseed_1,auto,2026-07-21T15:15:21,timelimit,600.0,42810,3.0755813953488373,45646.21968616262,10515.0,183554.0,10000.0,0.248098907591169,796.0,1,True,D:\git\git\RDMCT-A3C\cie\results\main\cie_main_600s_fast_v1\seed2\solutions\cie_core_nominal__cie_core_n032_f000_m032_proc100__adaptive_cutsel__solverseed_2__trainseed_1__trainseed_1.sol,,"{""dircutoffdistweight"": 0.0, ""efficacyweight"": 0.0, ""intsupportweight"": 0.75, ""objparalweight"": 0.25}",global_default,,,False,,
cie_core_nominal,dual_source_cluster_tool,8_to_32_wafers_nominal_processing,test,600.0,[],D:\git\git\RDMCT-A3C\cie\data\core\spbs\cie_core_n032_f008_m024_proc100.lp,spbs\cie_core_n032_f008_m024_proc100.lp,cie_core_n032_f008_m024_proc100.lp,rdmct_feature_only,2,1,trainseed_1,auto,2026-07-21T15:25:21,timelimit,600.0,41818,3.062982998454405,45833.30480266287,10515.0,159735.0,10000.0,0.035662632154359136,24.0,1,True,D:\git\git\RDMCT-A3C\cie\results\main\cie_main_600s_fast_v1\seed2\solutions\cie_core_nominal__cie_core_n032_f008_m024_proc100__rdmct_feature_only__solverseed_2__trainseed_1__trainseed_1.sol,,,,D:\git\git\RDMCT-A3C\aaai\models\final_ablation\feature_only\aaai27_rdmct_role23_feature_only_all_aaai27_feature_only\aaai27_rdmct_role23_feature_only_all_aaai27_feature_only_2026_07_14_14_37_07_0000--s-1\itr_60.pkl,23,False,greedy,
cie_core_nominal,dual_source_cluster_tool,8_to_32_wafers_nominal_processing,test,600.0,[],D:\git\git\RDMCT-A3C\cie\data\core\spbs\cie_core_n032_f008_m024_proc100.lp,spbs\cie_core_n032_f008_m024_proc100.lp,cie_core_n032_f008_m024_proc100.lp,hem_beam,2,1,trainseed_1,auto,2026-07-21T15:35:21,timelimit,600.0,38917,3.1660063391442157,45988.25487398954,10515.0,159735.0,10000.0,0.035662632154359136,24.0,1,True,D:\git\git\RDMCT-A3C\cie\results\main\cie_main_600s_fast_v1\seed2\solutions\cie_core_nominal__cie_core_n032_f008_m024_proc100__hem_beam__solverseed_2__trainseed_1__trainseed_1.sol,,,,D:\git\git\RDMCT-A3C\aaai\models\hem_submodular_data\aaai27_hem_generic13_submodular_data_all_aaai27_hem\aaai27_hem_generic13_submodular_data_all_aaai27_hem_2026_07_10_10_51_52_0000--s-1\itr_60.pkl,13,False,beam_search,
cie_core_nominal,dual_source_cluster_tool,8_to_32_wafers_nominal_processing,test,600.0,[],D:\git\git\RDMCT-A3C\cie\data\core\spbs\cie_core_n032_f008_m024_proc100.lp,spbs\cie_core_n032_f008_m024_proc100.lp,cie_core_n032_f008_m024_proc100.lp,hem_structure,2,1,trainseed_1,auto,2026-07-21T15:45:21,timelimit,600.0,42809,3.056712962962963,45664.384213029014,10515.0,159735.0,10000.0,0.035662632154359136,24.0,1,True,D:\git\git\RDMCT-A3C\cie\results\main\cie_main_600s_fast_v1\seed2\solutions\cie_core_nominal__cie_core_n032_f008_m024_proc100__hem_structure__solverseed_2__trainseed_1__trainseed_1.sol,,,,D:\git\git\RDMCT-A3C\aaai\models\proposed_submodular\aaai27_rdmct_role_submodular23_all_aaai27_proposed_submodular\aaai27_rdmct_role_submodular23_all_aaai27_proposed_submodular_2026_07_10_21_54_35_0000--s-1\itr_60.pkl,23,True,greedy,
cie_core_nominal,dual_source_cluster_tool,8_to_32_wafers_nominal_processing,test,600.0,[],D:\git\git\RDMCT-A3C\cie\data\core\spbs\cie_core_n032_f008_m024_proc100.lp,spbs\cie_core_n032_f008_m024_proc100.lp,cie_core_n032_f008_m024_proc100.lp,proposed,2,1,trainseed_1,auto,2026-07-21T15:55:21,timelimit,600.0,42042,3.056712962962963,45716.76652401332,10515.0,159735.0,10000.0,0.035662632154359136,24.0,1,True,D:\git\git\RDMCT-A3C\cie\results\main\cie_main_600s_fast_v1\seed2\solutions\cie_core_nominal__cie_core_n032_f008_m024_proc100__proposed__solverseed_2__trainseed_1__trainseed_1.sol,,,,D:\git\git\RDMCT-A3C\aaai\models\proposed_submodular\aaai27_rdmct_role_submodular23_all_aaai27_proposed_submodular\aaai27_rdmct_role_submodular23_all_aaai27_proposed_submodular_2026_07_10_21_54_35_0000--s-1\itr_60.pkl,23,True,beam_search,
cie_core_nominal,dual_source_cluster_tool,8_to_32_wafers_nominal_processing,test,600.0,[],D:\git\git\RDMCT-A3C\cie\data\core\spbs\cie_core_n032_f008_m024_proc100.lp,spbs\cie_core_n032_f008_m024_proc100.lp,cie_core_n032_f008_m024_proc100.lp,scip_default,2,1,trainseed_1,auto,2026-07-21T16:05:21,timelimit,600.0,40973,3.1726190476190474,46029.27246790299,10515.0,159735.0,10000.0,0.035662632154359136,24.0,1,True,D:\git\git\RDMCT-A3C\cie\results\main\cie_main_600s_fast_v1\seed2\solutions\cie_core_nominal__cie_core_n032_f008_m024_proc100__scip_default__solverseed_2__trainseed_1__trainseed_1.sol,,,,,,False,,
cie_core_nominal,dual_source_cluster_tool,8_to_32_wafers_nominal_processing,test,600.0,[],D:\git\git\RDMCT-A3C\cie\data\core\spbs\cie_core_n032_f008_m024_proc100.lp,spbs\cie_core_n032_f008_m024_proc100.lp,cie_core_n032_f008_m024_proc100.lp,adaptive_cutsel,2,1,trainseed_1,auto,2026-07-21T16:15:21,timelimit,600.0,46526,3.056712962962963,45704.55539705183,10515.0,159735.0,10000.0,0.035662632154359136,24.0,1,True,D:\git\git\RDMCT-A3C\cie\results\main\cie_main_600s_fast_v1\seed2\solutions\cie_core_nominal__cie_core_n032_f008_m024_proc100__adaptive_cutsel__solverseed_2__trainseed_1__trainseed_1.sol,,"{""dircutoffdistweight"": 0.0, ""efficacyweight"": 0.0, ""intsupportweight"": 0.75, ""objparalweight"": 0.25}",global_default,,,False,,
cie_core_nominal,dual_source_cluster_tool,8_to_32_wafers_nominal_processing,test,600.0,[],D:\git\git\RDMCT-A3C\cie\data\core\spbs\cie_core_n032_f008_m024_proc100.lp,spbs\cie_core_n032_f008_m024_proc100.lp,cie_core_n032_f008_m024_proc100.lp,hem,2,1,trainseed_1,auto,2026-07-21T16:25:21,timelimit,600.0,38270,3.1726190476190474,46010.61340941512,10515.0,159735.0,10000.0,0.035662632154359136,24.0,1,True,D:\git\git\RDMCT-A3C\cie\results\main\cie_main_600s_fast_v1\seed2\solutions\cie_core_nominal__cie_core_n032_f008_m024_proc100__hem__solverseed_2__trainseed_1__trainseed_1.sol,,,,D:\git\git\RDMCT-A3C\aaai\models\hem_submodular_data\aaai27_hem_generic13_submodular_data_all_aaai27_hem\aaai27_hem_generic13_submodular_data_all_aaai27_hem_2026_07_10_10_51_52_0000--s-1\itr_60.pkl,13,False,greedy,
cie_core_nominal,dual_source_cluster_tool,8_to_32_wafers_nominal_processing,test,600.0,[],D:\git\git\RDMCT-A3C\cie\data\core\spbs\cie_core_n032_f016_m016_proc100.lp,spbs\cie_core_n032_f016_m016_proc100.lp,cie_core_n032_f016_m016_proc100.lp,hem_beam,2,1,trainseed_1,auto,2026-07-21T16:35:21,timelimit,600.0,44619,3.246768982229402,46399.20114122682,10515.0,152296.0,8377.0,0.5625596180199705,142.0,1,True,D:\git\git\RDMCT-A3C\cie\results\main\cie_main_600s_fast_v1\seed2\solutions\cie_core_nominal__cie_core_n032_f016_m016_proc100__hem_beam__solverseed_2__trainseed_1__trainseed_1.sol,,,,D:\git\git\RDMCT-A3C\aaai\models\hem_submodular_data\aaai27_hem_generic13_submodular_data_all_aaai27_hem\aaai27_hem_generic13_submodular_data_all_aaai27_hem_2026_07_10_10_51_52_0000--s-1\itr_60.pkl,13,False,beam_search,
cie_core_nominal,dual_source_cluster_tool,8_to_32_wafers_nominal_processing,test,600.0,[],D:\git\git\RDMCT-A3C\cie\data\core\spbs\cie_core_n032_f016_m016_proc100.lp,spbs\cie_core_n032_f016_m016_proc100.lp,cie_core_n032_f016_m016_proc100.lp,hem_structure,2,1,trainseed_1,auto,2026-07-21T16:45:21,timelimit,600.0,39318,3.253640776699029,46466.4384213029,10515.0,152296.0,8377.0,0.5625596180199705,142.0,1,True,D:\git\git\RDMCT-A3C\cie\results\main\cie_main_600s_fast_v1\seed2\solutions\cie_core_nominal__cie_core_n032_f016_m016_proc100__hem_structure__solverseed_2__trainseed_1__trainseed_1.sol,,,,D:\git\git\RDMCT-A3C\aaai\models\proposed_submodular\aaai27_rdmct_role_submodular23_all_aaai27_proposed_submodular\aaai27_rdmct_role_submodular23_all_aaai27_proposed_submodular_2026_07_10_21_54_35_0000--s-1\itr_60.pkl,23,True,greedy,
cie_core_nominal,dual_source_cluster_tool,8_to_32_wafers_nominal_processing,test,600.0,[],D:\git\git\RDMCT-A3C\cie\data\core\spbs\cie_core_n032_f016_m016_proc100.lp,spbs\cie_core_n032_f016_m016_proc100.lp,cie_core_n032_f016_m016_proc100.lp,proposed,2,1,trainseed_1,auto,2026-07-21T16:55:21,timelimit,600.0,39135,3.253640776699029,46394.36043747028,10515.0,152296.0,8377.0,0.5625596180199705,142.0,1,True,D:\git\git\RDMCT-A3C\cie\results\main\cie_main_600s_fast_v1\seed2\solutions\cie_core_nominal__cie_core_n032_f016_m016_proc100__proposed__solverseed_2__trainseed_1__trainseed_1.sol,,,,D:\git\git\RDMCT-A3C\aaai\models\proposed_submodular\aaai27_rdmct_role_submodular23_all_aaai27_proposed_submodular\aaai27_rdmct_role_submodular23_all_aaai27_proposed_submodular_2026_07_10_21_54_35_0000--s-1\itr_60.pkl,23,True,beam_search,
cie_core_nominal,dual_source_cluster_tool,8_to_32_wafers_nominal_processing,test,600.0,[],D:\git\git\RDMCT-A3C\cie\data\core\spbs\cie_core_n032_f016_m016_proc100.lp,spbs\cie_core_n032_f016_m016_proc100.lp,cie_core_n032_f016_m016_proc100.lp,scip_default,2,1,trainseed_1,auto,2026-07-21T17:05:21,timelimit,600.0,45345,3.2433414043583535,46368.30702227035,10515.0,152296.0,8377.0,0.5625596180199705,142.0,1,True,D:\git\git\RDMCT-A3C\cie\results\main\cie_main_600s_fast_v1\seed2\solutions\cie_core_nominal__cie_core_n032_f016_m016_proc100__scip_default__solverseed_2__trainseed_1__trainseed_1.sol,,,,,,False,,
cie_core_nominal,dual_source_cluster_tool,8_to_32_wafers_nominal_processing,test,600.0,[],D:\git\git\RDMCT-A3C\cie\data\core\spbs\cie_core_n032_f016_m016_proc100.lp,spbs\cie_core_n032_f016_m016_proc100.lp,cie_core_n032_f016_m016_proc100.lp,adaptive_cutsel,2,1,trainseed_1,auto,2026-07-21T17:15:21,timelimit,600.0,42984,3.209367493995196,46233.32254181471,10515.0,152296.0,8377.0,0.5625596180199705,142.0,1,True,D:\git\git\RDMCT-A3C\cie\results\main\cie_main_600s_fast_v1\seed2\solutions\cie_core_nominal__cie_core_n032_f016_m016_proc100__adaptive_cutsel__solverseed_2__trainseed_1__trainseed_1.sol,,"{""dircutoffdistweight"": 0.0, ""efficacyweight"": 0.0, ""intsupportweight"": 0.75, ""objparalweight"": 0.25}",global_default,,,False,,
cie_core_nominal,dual_source_cluster_tool,8_to_32_wafers_nominal_processing,test,600.0,[],D:\git\git\RDMCT-A3C\cie\data\core\spbs\cie_core_n032_f016_m016_proc100.lp,spbs\cie_core_n032_f016_m016_proc100.lp,cie_core_n032_f016_m016_proc100.lp,hem,2,1,trainseed_1,auto,2026-07-21T17:25:21,timelimit,600.0,44764,3.246768982229402,46400.532572515454,10515.0,152296.0,8377.0,0.5625596180199705,142.0,1,True,D:\git\git\RDMCT-A3C\cie\results\main\cie_main_600s_fast_v1\seed2\solutions\cie_core_nominal__cie_core_n032_f016_m016_proc100__hem__solverseed_2__trainseed_1__trainseed_1.sol,,,,D:\git\git\RDMCT-A3C\aaai\models\hem_submodular_data\aaai27_hem_generic13_submodular_data_all_aaai27_hem\aaai27_hem_generic13_submodular_data_all_aaai27_hem_2026_07_10_10_51_52_0000--s-1\itr_60.pkl,13,False,greedy,
cie_core_nominal,dual_source_cluster_tool,8_to_32_wafers_nominal_processing,test,600.0,[],D:\git\git\RDMCT-A3C\cie\data\core\spbs\cie_core_n032_f016_m016_proc100.lp,spbs\cie_core_n032_f016_m016_proc100.lp,cie_core_n032_f016_m016_proc100.lp,rdmct_feature_only,2,1,trainseed_1,auto,2026-07-21T17:35:21,timelimit,600.0,51843,3.1332547169811322,46031.53590109368,10515.0,152296.0,8377.0,0.5625596180199705,142.0,1,True,D:\git\git\RDMCT-A3C\cie\results\main\cie_main_600s_fast_v1\seed2\solutions\cie_core_nominal__cie_core_n032_f016_m016_proc100__rdmct_feature_only__solverseed_2__trainseed_1__trainseed_1.sol,,,,D:\git\git\RDMCT-A3C\aaai\models\final_ablation\feature_only\aaai27_rdmct_role23_feature_only_all_aaai27_feature_only\aaai27_rdmct_role23_feature_only_all_aaai27_feature_only_2026_07_14_14_37_07_0000--s-1\itr_60.pkl,23,False,greedy,
cie_core_nominal,dual_source_cluster_tool,8_to_32_wafers_nominal_processing,test,600.0,[],D:\git\git\RDMCT-A3C\cie\data\core\spbs\cie_core_n032_f024_m008_proc100.lp,spbs\cie_core_n032_f024_m008_proc100.lp,cie_core_n032_f024_m008_proc100.lp,hem_structure,2,1,trainseed_1,auto,2026-07-21T17:45:21,timelimit,600.0,33957,3.3147312269183424,46618.19140645639,10515.0,171925.0,10000.0,1.7908126633957895,5056.0,1,True,D:\git\git\RDMCT-A3C\cie\results\main\cie_main_600s_fast_v1\seed2\solutions\cie_core_nominal__cie_core_n032_f024_m008_proc100__hem_structure__solverseed_2__trainseed_1__trainseed_1.sol,,,,D:\git\git\RDMCT-A3C\aaai\models\proposed_submodular\aaai27_rdmct_role_submodular23_all_aaai27_proposed_submodular\aaai27_rdmct_role_submodular23_all_aaai27_proposed_submodular_2026_07_10_21_54_35_0000--s-1\itr_60.pkl,23,True,greedy,
cie_core_nominal,dual_source_cluster_tool,8_to_32_wafers_nominal_processing,test,600.0,[],D:\git\git\RDMCT-A3C\cie\data\core\spbs\cie_core_n032_f024_m008_proc100.lp,spbs\cie_core_n032_f024_m008_proc100.lp,cie_core_n032_f024_m008_proc100.lp,proposed,2,1,trainseed_1,auto,2026-07-21T17:55:21,timelimit,600.0,32600,3.3147312269183424,46664.06872457336,10515.0,171925.0,10000.0,1.7908126633957895,5056.0,1,True,D:\git\git\RDMCT-A3C\cie\results\main\cie_main_600s_fast_v1\seed2\solutions\cie_core_nominal__cie_core_n032_f024_m008_proc100__proposed__solverseed_2__trainseed_1__trainseed_1.sol,,,,D:\git\git\RDMCT-A3C\aaai\models\proposed_submodular\aaai27_rdmct_role_submodular23_all_aaai27_proposed_submodular\aaai27_rdmct_role_submodular23_all_aaai27_proposed_submodular_2026_07_10_21_54_35_0000--s-1\itr_60.pkl,23,True,beam_search,
cie_core_nominal,dual_source_cluster_tool,8_to_32_wafers_nominal_processing,test,600.0,[],D:\git\git\RDMCT-A3C\cie\data\core\spbs\cie_core_n032_f024_m008_proc100.lp,spbs\cie_core_n032_f024_m008_proc100.lp,cie_core_n032_f024_m008_proc100.lp,scip_default,2,1,trainseed_1,auto,2026-07-21T18:05:21,timelimit,600.0,36401,3.3006134969325154,46584.312857289595,10515.0,171925.0,10000.0,1.7908126633957895,5056.0,1,True,D:\git\git\RDMCT-A3C\cie\results\main\cie_main_600s_fast_v1\seed2\solutions\cie_core_nominal__cie_core_n032_f024_m008_proc100__scip_default__solverseed_2__trainseed_1__trainseed_1.sol,,,,,,False,,
cie_core_nominal,dual_source_cluster_tool,8_to_32_wafers_nominal_processing,test,600.0,[],D:\git\git\RDMCT-A3C\cie\data\core\spbs\cie_core_n032_f024_m008_proc100.lp,spbs\cie_core_n032_f024_m008_proc100.lp,cie_core_n032_f024_m008_proc100.lp,adaptive_cutsel,2,1,trainseed_1,auto,2026-07-21T18:15:21,timelimit,600.0,51665,3.3236019736842106,46736.57448695828,10515.0,171925.0,10000.0,1.7908126633957895,5056.0,1,True,D:\git\git\RDMCT-A3C\cie\results\main\cie_main_600s_fast_v1\seed2\solutions\cie_core_nominal__cie_core_n032_f024_m008_proc100__adaptive_cutsel__solverseed_2__trainseed_1__trainseed_1.sol,,"{""dircutoffdistweight"": 0.0, ""efficacyweight"": 0.0, ""intsupportweight"": 0.75, ""objparalweight"": 0.25}",global_default,,,False,,
cie_core_nominal,dual_source_cluster_tool,8_to_32_wafers_nominal_processing,test,600.0,[],D:\git\git\RDMCT-A3C\cie\data\core\spbs\cie_core_n032_f024_m008_proc100.lp,spbs\cie_core_n032_f024_m008_proc100.lp,cie_core_n032_f024_m008_proc100.lp,hem,2,1,trainseed_1,auto,2026-07-21T18:25:21,timelimit,600.0,21803,3.330724876441516,46878.93485496909,10515.0,171925.0,10000.0,1.7908126633957895,5056.0,1,True,D:\git\git\RDMCT-A3C\cie\results\main\cie_main_600s_fast_v1\seed2\solutions\cie_core_nominal__cie_core_n032_f024_m008_proc100__hem__solverseed_2__trainseed_1__trainseed_1.sol,,,,D:\git\git\RDMCT-A3C\aaai\models\hem_submodular_data\aaai27_hem_generic13_submodular_data_all_aaai27_hem\aaai27_hem_generic13_submodular_data_all_aaai27_hem_2026_07_10_10_51_52_0000--s-1\itr_60.pkl,13,False,greedy,
cie_core_nominal,dual_source_cluster_tool,8_to_32_wafers_nominal_processing,test,600.0,[],D:\git\git\RDMCT-A3C\cie\data\core\spbs\cie_core_n032_f024_m008_proc100.lp,spbs\cie_core_n032_f024_m008_proc100.lp,cie_core_n032_f024_m008_proc100.lp,rdmct_feature_only,2,1,trainseed_1,auto,2026-07-21T18:35:21,timelimit,600.0,43196,3.3094262295081966,46599.82881597718,10515.0,171925.0,10000.0,1.7908126633957895,5056.0,1,True,D:\git\git\RDMCT-A3C\cie\results\main\cie_main_600s_fast_v1\seed2\solutions\cie_core_nominal__cie_core_n032_f024_m008_proc100__rdmct_feature_only__solverseed_2__trainseed_1__trainseed_1.sol,,,,D:\git\git\RDMCT-A3C\aaai\models\final_ablation\feature_only\aaai27_rdmct_role23_feature_only_all_aaai27_feature_only\aaai27_rdmct_role23_feature_only_all_aaai27_feature_only_2026_07_14_14_37_07_0000--s-1\itr_60.pkl,23,False,greedy,
cie_core_nominal,dual_source_cluster_tool,8_to_32_wafers_nominal_processing,test,600.0,[],D:\git\git\RDMCT-A3C\cie\data\core\spbs\cie_core_n032_f024_m008_proc100.lp,spbs\cie_core_n032_f024_m008_proc100.lp,cie_core_n032_f024_m008_proc100.lp,hem_beam,2,1,trainseed_1,auto,2026-07-21T18:45:21,timelimit,600.0,22265,3.330724876441516,46807.44650499287,10515.0,171925.0,10000.0,1.7908126633957895,5056.0,1,True,D:\git\git\RDMCT-A3C\cie\results\main\cie_main_600s_fast_v1\seed2\solutions\cie_core_nominal__cie_core_n032_f024_m008_proc100__hem_beam__solverseed_2__trainseed_1__trainseed_1.sol,,,,D:\git\git\RDMCT-A3C\aaai\models\hem_submodular_data\aaai27_hem_generic13_submodular_data_all_aaai27_hem\aaai27_hem_generic13_submodular_data_all_aaai27_hem_2026_07_10_10_51_52_0000--s-1\itr_60.pkl,13,False,beam_search,
