train 1th process seed,train 2th process seed,evaluate 1th process seed,evaluate 2th process seed,training_highlevel_policy/Neg Reward Mean,training_highlevel_policy/Neg Reward Std,training_highlevel_policy/Neg Reward Max,training_highlevel_policy/Neg Reward Min,training_highlevel_policy/Neg Advantage,training_highlevel_policy/logprobs Mean,training_highlevel_policy/logprobs Std,training_highlevel_policy/logprobs Max,training_highlevel_policy/logprobs Min,training_highlevel_policy/cut_percent_actions Mean,training_highlevel_policy/cut_percent_actions Std,training_highlevel_policy/cut_percent_actions Max,training_highlevel_policy/cut_percent_actions Min,training_highlevel_policy/reinforce loss,training_highlevel_policy/Critic Value,training_highlevel_policypre_log_prob Mean,training_highlevel_policypre_log_prob Std,training_highlevel_policypre_log_prob Max,training_highlevel_policypre_log_prob Min,training_highlevel_policymean Mean,training_highlevel_policymean Std,training_highlevel_policymean Max,training_highlevel_policymean Min,training_highlevel_policystd Mean,training_highlevel_policystd Std,training_highlevel_policystd Max,training_highlevel_policystd Min,training_highlevel_policyentropy Mean,training_highlevel_policyentropy Std,training_highlevel_policyentropy Max,training_highlevel_policyentropy Min,pos_1_entropy,Epoch,training/Neg Reward Mean,training/Neg Reward Std,training/Neg Reward Max,training/Neg Reward Min,training/Neg Advantage,training/logprobs Mean,training/logprobs Std,training/logprobs Max,training/logprobs Min,training/raw_logprobs Mean,training/raw_logprobs Std,training/raw_logprobs Max,training/raw_logprobs Min,training/reinforce loss,training/Critic Value,training/len cuts Mean,training/len cuts Std,training/len cuts Max,training/len cuts Min,training/cut 1 th feature Mean,training/cut 1 th feature Std,training/cut 1 th feature Max,training/cut 1 th feature Min,training/cut 2 th feature Mean,training/cut 2 th feature Std,training/cut 2 th feature Max,training/cut 2 th feature Min,training/cut 3 th feature Mean,training/cut 3 th feature Std,training/cut 3 th feature Max,training/cut 3 th feature Min,training/cut 4 th feature Mean,training/cut 4 th feature Std,training/cut 4 th feature Max,training/cut 4 th feature Min,training/cut 5 th feature Mean,training/cut 5 th feature Std,training/cut 5 th feature Max,training/cut 5 th feature Min,training/cut 6 th feature Mean,training/cut 6 th feature Std,training/cut 6 th feature Max,training/cut 6 th feature Min,training/cut 7 th feature Mean,training/cut 7 th feature Std,training/cut 7 th feature Max,training/cut 7 th feature Min,training/cut 8 th feature Mean,training/cut 8 th feature Std,training/cut 8 th feature Max,training/cut 8 th feature Min,training/cut 9 th feature Mean,training/cut 9 th feature Std,training/cut 9 th feature Max,training/cut 9 th feature Min,training/cut 10 th feature Mean,training/cut 10 th feature Std,training/cut 10 th feature Max,training/cut 10 th feature Min,training/cut 11 th feature Mean,training/cut 11 th feature Std,training/cut 11 th feature Max,training/cut 11 th feature Min,training/cut 12 th feature Mean,training/cut 12 th feature Std,training/cut 12 th feature Max,training/cut 12 th feature Min,training/cut 13 th feature Mean,training/cut 13 th feature Std,training/cut 13 th feature Max,training/cut 13 th feature Min,training/sel cuts num Mean,training/sel cuts num Std,training/sel cuts num Max,training/sel cuts num Min,training/solving_time Mean,training/solving_time Std,training/solving_time Max,training/solving_time Min,training/ntotal_nodes Mean,training/ntotal_nodes Std,training/ntotal_nodes Max,training/ntotal_nodes Min,training/primal_dual_gap Mean,training/primal_dual_gap Std,training/primal_dual_gap Max,training/primal_dual_gap Min,training/primaldualintegral Mean,training/primaldualintegral Std,training/primaldualintegral Max,training/primaldualintegral Min,training/schedule_wait_penalty Mean,training/schedule_wait_penalty Std,training/schedule_wait_penalty Max,training/schedule_wait_penalty Min,time/evaluating (s),time/online_testing (s),time/sampling data (s),time/training (s),time/epoch (s),time/total (s)
717354021,1061650667,946286476,784077896,400.0,333.8091841585121,1100.0,100.0,0.0,-0.5157336,0.35492906,-0.11367583,-0.9369255,-0.568968224206141,0.3935811433726308,-0.019022244960069656,-0.9477973580360413,-75.86923217773438,400.0,-1.553657020841326,0.5852377644272645,-0.9361526370048523,-2.3995890617370605,-0.06882858382804054,0.0015396631753352688,-0.06654174625873566,-0.07184185087680817,1.0165739570345198,0.001154920567689423,1.0178327560424805,1.0148077011108398,1.4353759629385812,0.0011365839060786286,1.4366141557693481,1.4336376190185547,4.859635353088379,1,400.0,333.8091841585121,1100.0,100.0,0.0,-4.8065653,0.013381782,-4.790377,-4.83043,-67.94033,14.496295,-38.64344,-76.871155,0.46239471435546875,400.0,128.0,0.0,128,128,0.0004315021868276353,0.004718566527066141,0.07669649888473704,0.0,2.9475026020432624,5.092377042606052,22.498611289689446,0.7574261973351405,0.012931440071284788,0.010413407350118049,0.06790081542706526,0.0028409050555325915,0.6077364497810157,0.3198872440913226,0.9499525023748812,0.0,0.8694892173661612,0.2394444406778699,1.2239118228861283,0.01798818127592278,-105.55522281827812,203.5331355800545,88.5,-1347.5,44.77828417211777,117.16330894179502,933.0,-1.0,-311.1752232142857,529.7749790699925,-1.0,-2694.0,124.2713771230838,210.65343686356834,1346.5,0.28484190950069965,0.0006531604993620287,0.00021714613394526502,0.0010976948408342481,0.0004086636697997548,1.0,0.0,1.0,1.0,0.0,0.0,0.0,0.0,0.02522532972277446,0.004045920001424379,0.0331132889769448,0.020211300398656703,14.142857142857142,3.0438965360946453,16,8,4.0,3.3380918415851206,11.0,1.0,1297.4285714285713,1529.8857900550106,4900,72,0.0,0.0,0.0,0.0,400.0,333.8091841585121,1100.0,100.0,18.790790850640253,9.94682466769742,37.2398,0.03424000000000001,1.6999983927235007e-06,0.0005777000042144209,26.492434600004344,1.273342300002696,27.766356300009647,27.76649840000755
491263,550290313,224766667,1069620869,400.0,333.8091841585121,1100.0,100.0,0.0,-0.5157336,0.35492906,-0.11367583,-0.9369255,-0.568968224206141,0.3935811433726308,-0.019022244960069656,-0.9477973580360413,-75.86923217773438,400.0,-1.553657020841326,0.5852377644272645,-0.9361526370048523,-2.3995890617370605,-0.06882858382804054,0.0015396631753352688,-0.06654174625873566,-0.07184185087680817,1.0165739570345198,0.001154920567689423,1.0178327560424805,1.0148077011108398,1.4353759629385812,0.0011365839060786286,1.4366141557693481,1.4336376190185547,4.859469413757324,2,387.5,236.84119151870522,800.0,100.0,-11.25,-4.8057547,0.0112311,-4.794481,-4.8316984,-72.06038,12.6268835,-38.653587,-77.02849,53.343204498291016,398.75,128.0,0.0,128,128,0.0006585086357727181,0.006163838803689752,0.07669649888473704,0.0,3.2036927809443156,5.380507070413227,22.498611289689446,0.9934741644695483,0.01125112309599888,0.009505096999169012,0.03896093776379802,0.0028409050555325915,0.5905761832366028,0.3242052627208711,0.9499525023748812,0.0,0.8302935957890387,0.28065671798076675,1.1160351705700695,0.01798818127592278,-118.04456092722012,178.95109475069896,88.5,-585.5,45.07888104089265,111.22968764161482,933.0,-1.0,-333.3515625,471.6364705874468,-1.0,-1612.0,133.8850069595551,176.48059705605,584.5,0.33410059142782145,0.0006224149437637543,0.00013444748607079906,0.0007524454477050414,0.0004086636697997548,1.0,0.0,1.0,1.0,0.0,0.0,0.0,0.0,0.024788106658555825,0.002749406401222546,0.0274204170929851,0.020211300398656703,15.0,2.6457513110645907,16,8,3.875,2.368411915187052,8.0,1.0,1227.375,1177.0230390162292,3964,294,0.0,0.0,0.0,0.0,387.5,236.84119151870522,800.0,100.0,21.5846386980389,5.980602144199989,37.26164,18.582300000000004,2.6000052457675338e-06,0.0073599999959697016,24.69196880000527,0.7526504999987083,25.451981900005194,53.22189800001797
630311759,1013994432,396591248,629559425,320.13457797146674,212.50119958057005,600.0,0.0,-71.8788833618164,-0.668216,0.19546664,-0.38635874,-0.95687973,0.23426558574040732,0.6239027844958716,0.9139317274093628,-0.7413651943206787,54.066768646240234,392.01345779714666,-1.4055496752262115,0.40953823329830075,-0.997734010219574,-2.189807415008545,-0.0836866224805514,0.0022559355898050756,-0.08101999014616013,-0.08653673529624939,1.0402257442474365,0.0005681392928101087,1.040981650352478,1.0396119356155396,1.458376129468282,0.0005460703342072236,1.4591026306152344,1.4577860832214355,4.858601093292236,3,320.13457797146674,212.50119958057005,600.0,0.0,-70.7538833618164,-4.795496,0.010284277,-4.780731,-4.8113613,-76.727936,0.16454843,-76.4917,-76.98178,339.66412353515625,390.88845779714666,128.0,0.0,128,128,0.00012305163432612236,0.0010645873238337798,0.015149776296267386,0.0,2.8236678218856657,5.016245309473248,22.498611289689446,0.7574261973351405,0.014958975798264012,0.011187144887321102,0.06790081542706526,0.0028409050555325915,0.6338504859578667,0.31483814447604364,0.9499525023748812,0.0,0.9207698934569292,0.158840546550534,1.2239118228861283,0.1217220637300839,-91.15235568977555,232.84352803298717,88.5,-1347.5,61.64877670494477,160.47790683670686,933.0,-1.0,-294.9192708333333,606.0492934464723,-1.0,-2694.0,117.97058393340826,251.657658574484,1346.5,0.28484190950069965,0.0006755499579324582,0.00030196016525533615,0.0010976948408342481,0.0004086636697997548,1.0,0.0,1.0,1.0,0.0,0.0,0.0,0.0,0.025376183624961562,0.0055724065606905845,0.0331132889769448,0.020211300398656703,16.0,0.0,16,16,3.5,2.217355782608345,6.0,0.0,982.1666666666666,694.4262419836649,1769,25,0.0,0.0,0.0,0.0,320.13457797146674,212.50119958057005,600.0,0.0,19.083455941758558,16.053637996705486,41.17731993449563,0.041800000000000004,1.6999983927235007e-06,0.005767700000433251,18.471164399998088,0.7351187999956892,19.212052599992603,72.43660510001064
799981516,592322119,410430189,729053692,320.13457797146674,212.50119958057005,600.0,0.0,-71.8788833618164,-0.668216,0.19546664,-0.38635874,-0.95687973,0.23426558574040732,0.6239027844958716,0.9139317274093628,-0.7413651943206787,54.066768646240234,392.01345779714666,-1.4055496752262115,0.40953823329830075,-0.997734010219574,-2.189807415008545,-0.0836866224805514,0.0022559355898050756,-0.08101999014616013,-0.08653673529624939,1.0402257442474365,0.0005681392928101087,1.040981650352478,1.0396119356155396,1.458376129468282,0.0005460703342072236,1.4591026306152344,1.4577860832214355,4.858272075653076,4,285.38194444444446,187.6731614240681,500.0,100.0,-94.95585632324219,-4.81469,0.034125984,-4.781187,-4.886941,-67.26116,21.338802,-19.547764,-77.05338,456.2822265625,380.3378064618765,128.0,0.0,128,128,0.0006628401012037699,0.00616349247240786,0.07669649888473704,0.0,3.04037868716146,5.146782188098536,22.498611289689443,0.9934741644695483,0.01141078827605037,0.009513602175106627,0.03896093776379802,0.002919703766855815,0.5881509226483773,0.3222365477124082,0.944391978223432,0.0,0.8310287102980852,0.27921253458549977,1.1160351705700695,0.01798818127592278,-116.35737316465507,177.6532871633746,88.5,-585.5,32.12541477249752,65.83500211928549,411.0,-1.0,-323.3671875,464.0463653944936,-1.0,-1597.0,128.99697201534045,173.50859986370907,584.5,0.33410059142782145,0.0006363684054342065,0.0001160770422708349,0.0007524454477050414,0.0005202913631633715,1.0,0.0,1.0,1.0,0.0,0.0,0.0,0.0,0.025112189296134135,0.002308227796850965,0.0274204170929851,0.02280396149928317,14.0,4.47213595499958,16,4,3.0,2.0,5.0,1.0,775.8333333333334,498.62056939342386,1417,240,0.0,0.0,0.0,0.0,285.38194444444446,187.6731614240681,500.0,100.0,18.982990457331532,0.6211006618545678,20.332530121994584,18.582300000000004,1.5999976312741637e-06,0.005305499995301943,14.183116000000155,0.6042797000045539,14.792702799997642,87.23262969999632
630361478,796884249,166716594,413652244,225.0,192.0286436967152,500.0,0.0,-150.31210327148438,-0.68312824,0.39578828,-0.0008096695,-0.9687255,-0.19998112320899963,0.5348021717175564,0.40939822793006897,-0.985628068447113,169.12059020996094,375.312112017432,-1.662197321653366,1.0946780489429249,-0.9923070669174194,-3.557316780090332,-0.075368732213974,0.0009119721647388519,-0.07455650717020035,-0.0767674446105957,1.0495668649673462,0.0012429303624434524,1.0507713556289673,1.0474830865859985,1.4673154056072235,0.001184920859653473,1.4684630632400513,1.4653286933898926,4.858255863189697,5,225.0,192.0286436967152,500.0,0.0,-139.80401611328125,-4.8042355,0.015996508,-4.7865815,-4.8299637,-68.45871,8.556268,-57.438976,-76.85031,669.93408203125,364.8040258156888,128.0,0.0,128,128,0.00042239447216510685,0.004460500265449775,0.07669649888473704,0.0,2.5428229708435177,4.526006168421874,22.498611289689443,0.7574261973351405,0.014663554091938952,0.011195272515142,0.06790081542706526,0.002919703766855815,0.6110846383144897,0.3081317071656634,0.944391978223432,0.0,0.8721548873918936,0.23212724586139286,1.2239118228861283,0.01798818127592278,-107.97019960417721,226.31855055055556,88.5,-1347.5,26.271114682738236,63.548118334740266,411.0,-1.0,-304.482421875,564.7364841817904,-1.0,-2694.0,123.3793869636657,235.1889602099475,1346.5,0.28484190950069965,0.0007226807537165081,0.00023634954694367566,0.0010976948408342481,0.0005202913631633715,1.0,0.0,1.0,1.0,0.0,0.0,0.0,0.0,0.02653540726712406,0.004239668183270365,0.0331132889769448,0.02280396149928317,14.25,1.7853571071357126,16,12,2.25,1.920286436967152,5.0,0.0,627.75,424.52230506770786,1116,94,0.0,0.0,0.0,0.0,225.0,192.0286436967152,500.0,0.0,14.128473779880002,8.133810309069142,18.929826309760003,0.041800000000000004,2.0000006770715117e-06,0.005143199996382464,11.444759099998919,0.5604462000046624,12.01035050000064,99.2455611000114
726684926,271757669,795511698,105433556,225.0,192.0286436967152,500.0,0.0,-150.31210327148438,-0.68312824,0.39578828,-0.0008096695,-0.9687255,-0.19998112320899963,0.5348021717175564,0.40939822793006897,-0.985628068447113,169.12059020996094,375.312112017432,-1.662197321653366,1.0946780489429249,-0.9923070669174194,-3.557316780090332,-0.075368732213974,0.0009119721647388519,-0.07455650717020035,-0.0767674446105957,1.0495668649673462,0.0012429303624434524,1.0507713556289673,1.0474830865859985,1.4673154056072235,0.001184920859653473,1.4684630632400513,1.4653286933898926,4.858036994934082,6,314.2857142857143,289.9683304312062,800.0,0.0,-45.46648406982422,-4.794539,0.013860385,-4.7736793,-4.8180547,-76.71262,0.22176616,-76.37887,-77.088875,220.86053466796875,359.7521946626914,128.0,0.0,128,128,0.0004315021868276353,0.004718566527066141,0.07669649888473704,0.0,2.9475026020432624,5.092377042606052,22.498611289689446,0.7574261973351405,0.012931440071284788,0.01041340735011805,0.06790081542706526,0.0028409050555325915,0.6077364497810157,0.3198872440913226,0.9499525023748812,0.0,0.8694892173661612,0.23944444067786985,1.2239118228861283,0.01798818127592278,-105.55522281827812,203.5331355800545,88.5,-1347.5,44.77828417211777,117.16330894179504,933.0,-1.0,-311.1752232142857,529.7749790699925,-1.0,-2694.0,124.2713771230838,210.65343686356834,1346.5,0.28484190950069965,0.0006531604993620285,0.00021714613394526497,0.0010976948408342481,0.0004086636697997548,1.0,0.0,1.0,1.0,0.0,0.0,0.0,0.0,0.02522532972277446,0.004045920001424379,0.0331132889769448,0.020211300398656703,16.0,0.0,16,16,3.142857142857143,2.899683304312063,8.0,0.0,985.7142857142857,925.0181024152546,2889,25,0.0,0.0,0.0,0.0,314.2857142857143,289.9683304312062,800.0,0.0,19.2271250795969,10.100213306648538,37.73883941302298,0.041800000000000004,1.5999976312741637e-06,0.005185499998333398,21.048509200001718,0.8609260999946855,21.914622399992368,121.16294180001569
878115723,830873852,550260202,986026652,519.253438113949,388.35391824613464,1100.0,0.0,129.54721069335938,-0.6241284,0.32979968,-0.008656263,-0.9439358,-0.2037921647230784,0.6150092660872155,0.6324453949928284,-0.9767281413078308,-46.5159912109375,389.7062446270837,-1.5024840235710144,0.7272784199638074,-1.0128881931304932,-3.0877017974853516,-0.06765374913811684,0.0002913021963117556,-0.06702180951833725,-0.06787488609552383,1.0444726943969727,0.00016209417120060352,1.0448213815689087,1.0443435907363892,1.462450623512268,0.000155173913025714,1.4627844095230103,1.462327003479004,4.857997894287109,7,519.253438113949,388.35391824613464,1100.0,0.0,143.55111694335938,-4.7913966,0.031517383,-4.758617,-4.853176,-68.573715,17.646328,-29.119057,-76.83841,-684.8328857421875,375.70231900781715,128.0,0.0,128,128,0.00012882692156752486,0.001064814638157843,0.015149776296267386,0.0,2.605915696841859,4.65883117662519,22.498611289689446,0.7574261973351405,0.015171862704999331,0.011125549444698362,0.06790081542706526,0.0028409050555325915,0.630616805173566,0.3125754853058613,0.9499525023748812,0.0,0.9217500461356579,0.15483748268806574,1.2239118228861283,0.1217220637300839,-88.90277200635546,231.25046816797226,88.5,-1347.5,44.3774883470846,124.6350268291898,933.0,-1.0,-281.6067708333333,597.2930094357563,-1.0,-2694.0,111.45320400778876,248.4484416583732,1346.5,0.28484190950069965,0.000694154573493061,0.00028806243494008135,0.0010976948408342481,0.0004086636697997548,1.0,0.0,1.0,1.0,0.0,0.0,0.0,0.0,0.025808293808399305,0.005246114148021775,0.0331132889769448,0.020211300398656703,14.333333333333334,3.726779962499649,16,6,5.333333333333333,3.858612300930075,11.0,0.0,1701.0,1533.0269621460238,4336,67,0.0,0.0,0.0,0.0,519.253438113949,388.35391824613464,1100.0,0.0,16.431531686999097,13.083868788642532,37.50824000000001,0.041800000000000004,1.400003384333104e-06,0.0053222999995341524,25.963028700003633,0.6654677999977139,26.633820200004266,147.7993944000118
117628829,147806606,732152370,704211524,519.253438113949,388.35391824613464,1100.0,0.0,129.54721069335938,-0.6241284,0.32979968,-0.008656263,-0.9439358,-0.2037921647230784,0.6150092660872155,0.6324453949928284,-0.9767281413078308,-46.5159912109375,389.7062446270837,-1.5024840235710144,0.7272784199638074,-1.0128881931304932,-3.0877017974853516,-0.06765374913811684,0.0002913021963117556,-0.06702180951833725,-0.06787488609552383,1.0444726943969727,0.00016209417120060352,1.0448213815689087,1.0443435907363892,1.462450623512268,0.000155173913025714,1.4627844095230103,1.462327003479004,4.858193397521973,8,347.85271881638175,317.5832123717919,910.6295149638803,0.0,-25.06464195251465,-4.823165,0.030824756,-4.7995615,-4.8834004,-62.520447,28.818716,-4.8834004,-77.0967,120.41773986816406,372.9173589886736,128.0,0.0,128,128,0.00033896702107718147,0.003993168249193323,0.07669649888473704,0.0,2.910352167995984,5.069975169896755,22.498611289689446,0.7574261973351405,0.013539700789378556,0.01069187959634303,0.06790081542706526,0.0028409050555325915,0.615570660634071,0.3186057429233159,0.9499525023748812,0.0,0.8848734201933917,0.2196699399419201,1.2239118228861283,0.01798818127592278,-101.23436267972734,212.85302817086773,88.5,-1347.5,49.83943193196587,131.88929102540365,933.0,-1.0,-306.2984375,553.8115992804399,-1.0,-2694.0,122.38113916618113,223.76375814320969,1346.5,0.28484190950069965,0.0006598773369331575,0.0002458982783816056,0.0010976948408342481,0.0004086636697997548,1.0,0.0,1.0,1.0,0.0,0.0,0.0,0.0,0.025270585893430585,0.004558390228227,0.0331132889769448,0.020211300398656703,13.0,6.0,16,1,4.0,3.521363372331802,10.0,0.0,1228.2,1364.8027549796343,3829,60,0.0,0.0,0.0,0.0,347.85271881638175,317.5832123717919,910.6295149638803,0.0,19.003266524398917,11.748007064323899,37.13036,0.041800000000000004,5.699999746866524e-06,0.007542499995906837,17.768030699997325,0.49362980000296375,18.269208699995943,166.0712515000123
718568663,889937879,252070889,776094449,613.0398671096345,288.91922763257674,1100.0,100.0,201.00025939941406,-0.5553943,0.31087306,-0.09259701,-0.9398456,-0.04016671143472195,0.7145609076592502,0.9406708478927612,-0.9477130174636841,-79.20323181152344,412.0396068753388,-1.5752376914024353,0.5472405612833325,-0.9647960662841797,-2.4489336013793945,-0.05561434989795089,0.0016698700943395888,-0.054975803941488266,-0.06003236025571823,1.042006939649582,0.0005788153063838333,1.0426620244979858,1.0409094095230103,1.4600869864225388,0.0005555607709609844,1.460715651512146,1.4590332508087158,4.85803747177124,9,613.0398671096345,288.91922763257674,1100.0,100.0,216.11029052734375,-4.801393,0.016067937,-4.774327,-4.821139,-76.82229,0.257087,-76.38923,-77.13822,-1034.6220703125,396.9296098007697,128.0,0.0,128,128,0.0001826473341382079,0.003095263228368399,0.07669649888473704,0.0,3.555504107896186,5.75799060690486,22.498611289689446,0.9934741644695483,0.010114908293519782,0.00770031818774183,0.03896093776379802,0.0028409050555325915,0.6148980113317145,0.34420231593995654,0.9499525023748812,0.0,0.9117731846511985,0.18880599074366303,1.1160351705700695,0.01798818127592278,-79.7460412399145,148.45277861057906,88.5,-585.5,77.25548058459628,169.17242392208246,933.0,-1.0,-286.060546875,473.5305521654077,-1.0,-1612.0,106.37624915337338,160.354846826861,584.5,0.33410059142782145,0.000507450238719724,0.00010604161266373673,0.0007524454477050414,0.0004086636697997548,1.0,0.0,1.0,1.0,0.0,0.0,0.0,0.0,0.022408770535760986,0.0022424297596449383,0.0274204170929851,0.020211300398656703,16.0,0.0,16,16,6.25,2.8613807855648994,11.0,1.0,2563.375,1962.2299137397229,6560,222,0.0,0.0,0.0,0.0,613.0398671096345,288.91922763257674,1100.0,100.0,26.418670806011605,8.315954948655834,37.13046370187879,18.582300000000004,2.0000006770715117e-06,0.006676599994534627,30.703494800000044,0.9909021999992547,31.70107559999451,197.7752317000195
602957303,812297694,850839392,121930838,613.0398671096345,288.91922763257674,1100.0,100.0,201.00025939941406,-0.5553943,0.31087306,-0.09259701,-0.9398456,-0.04016671143472195,0.7145609076592502,0.9406708478927612,-0.9477130174636841,-79.20323181152344,412.0396068753388,-1.5752376914024353,0.5472405612833325,-0.9647960662841797,-2.4489336013793945,-0.05561434989795089,0.0016698700943395888,-0.054975803941488266,-0.06003236025571823,1.042006939649582,0.0005788153063838333,1.0426620244979858,1.0409094095230103,1.4600869864225388,0.0005555607709609844,1.460715651512146,1.4590332508087158,4.858361721038818,10,580.0187617260788,165.3393100220299,900.0,400.0,164.78024291992188,-4.804418,0.021601217,-4.7793126,-4.842494,-73.64236,6.949569,-58.10993,-77.134094,-792.0852661132812,415.2385249933006,128.0,0.0,128,128,2.2583078449687197e-05,9.40417686287256e-05,0.0006926383769704485,0.0,3.7272125814744275,5.937862994554725,22.498611289689446,1.0072067682033523,0.00968294829934292,0.0069385853789958665,0.028409050555325915,0.0028409050555325915,0.6238137075594937,0.3507661466187955,0.9499525023748812,0.0,0.9386880094355696,0.13655069336458284,1.1160351705700695,0.16361343296583433,-67.54226393166765,135.16043960392972,88.5,-484.2,92.2988358552959,189.2329764294435,933.0,-1.0,-273.625,476.00069754413175,-1.0,-1612.0,98.83600819938435,154.99162404580554,550.2620777108547,0.33410059142782145,0.0004644775164815633,5.5813846681808366e-05,0.0005202913631633715,0.0004086636697997548,1.0,0.0,1.0,1.0,0.0,0.0,0.0,0.0,0.02150763094896994,0.0012963305503132345,0.02280396149928317,0.020211300398656703,15.333333333333334,1.4907119849998596,16,12,6.333333333333333,2.2852182001336816,10.0,4.0,2777.8333333333335,2084.7937880972518,6519,709,0.0,0.0,0.0,0.0,580.0187617260788,165.3393100220299,900.0,400.0,28.28558943562503,8.932873986058393,37.24510503429213,18.872678694577775,2.5000044843181968e-06,0.00633910000033211,29.172555700002704,0.6437064000056125,29.822603700013133,227.60092330002954
217946253,927586281,937426313,226591751,257.14285714285717,255.55062599997595,600.0,0.0,-139.40707397460938,-0.63319445,0.32234704,-0.18314469,-0.9423283,0.008902827543871743,0.6356217780491494,0.9423239827156067,-0.9236337542533875,111.14712524414062,396.54993190209063,-1.5347750612667628,0.6608400763385306,-0.9504588842391968,-2.479227066040039,-0.04788370856216976,0.002392484521939255,-0.04636354744434357,-0.05357959121465683,1.0319801739283971,0.0008586336226103155,1.0335086584091187,1.0310885906219482,1.4504176037652152,0.0008319092476666406,1.4518979787826538,1.4495536088943481,4.859518527984619,11,257.14285714285717,255.55062599997595,600.0,0.0,-142.28610229492188,-4.802939,0.010657273,-4.790522,-4.8248096,-74.78571,5.007544,-62.526413,-77.19695,682.6145629882812,399.42895820825623,128.0,0.0,128,128,0.0003346875139348418,0.0035126477246979924,0.07669649888473704,0.0,2.369273920770886,4.371880226510952,22.498611289689446,0.7574261973351405,0.01696008079130074,0.011955953313075942,0.06790081542706526,0.0028409050555325915,0.6265287698113686,0.29544915967331276,0.9499525023748812,0.0,0.8848906319951794,0.21186898213265595,1.2239118228861283,0.01798818127592278,-111.8452702586599,260.229690617692,88.5,-1347.5,35.69921092404492,113.69278047522381,933.0,-1.0,-315.2154017857143,635.4924266747789,-1.0,-2694.0,132.0550238048311,275.5501206203869,1346.5,0.28484190950069965,0.000784968052333469,0.00028689578507186663,0.0010976948408342481,0.0004086636697997548,1.0,0.0,1.0,1.0,0.0,0.0,0.0,0.0,0.02751135820300608,0.0052339982923844276,0.0331132889769448,0.020211300398656703,15.571428571428571,1.0497813183356477,16,13,2.5714285714285716,2.5555062599997598,6.0,0.0,885.0,1070.0189584435275,2818,17,0.0,0.0,0.0,0.0,257.14285714285717,255.55062599997595,600.0,0.0,14.389411559365858,14.312254966013045,41.36371850174358,0.03424000000000001,2.0000006770715117e-06,0.008897899999283254,15.459077100000286,0.9163404000064475,16.384317400006694,243.98782770002435
272404799,398576445,826019350,77964601,257.14285714285717,255.55062599997595,600.0,0.0,-139.40707397460938,-0.63319445,0.32234704,-0.18314469,-0.9423283,0.008902827543871743,0.6356217780491494,0.9423239827156067,-0.9236337542533875,111.14712524414062,396.54993190209063,-1.5347750612667628,0.6608400763385306,-0.9504588842391968,-2.479227066040039,-0.04788370856216976,0.002392484521939255,-0.04636354744434357,-0.05357959121465683,1.0319801739283971,0.0008586336226103155,1.0335086584091187,1.0310885906219482,1.4504176037652152,0.0008319092476666406,1.4518979787826538,1.4495536088943481,4.85873556137085,12,350.0,206.15528128088303,600.0,0.0,-44.486053466796875,-4.795347,0.010940095,-4.779629,-4.8073006,-73.52069,7.082416,-57.687607,-76.91149,215.37159729003906,394.4860623874306,128.0,0.0,128,128,0.00027757343311049536,0.0036476266231753054,0.07669649888473704,0.0,3.373123757808101,5.679192267666227,22.498611289689446,0.7574261973351405,0.012577578347602971,0.010292137934903347,0.06790081542706526,0.0028409050555325915,0.6217950229647594,0.3276601331659727,0.9499525023748812,0.0,0.8923722893823284,0.21336128051028613,1.2239118228861283,0.01798818127592278,-98.99338841351414,204.9819514265074,88.5,-1347.5,82.82293178931114,187.5359727291172,933.0,-1.0,-320.8216145833333,555.341433265662,-1.0,-2694.0,128.23302056014427,219.1906501197626,1346.5,0.28484190950069965,0.0005994037768503208,0.000254007833467329,0.0010976948408342481,0.0004086636697997548,1.0,0.0,1.0,1.0,0.0,0.0,0.0,0.0,0.023995261460863865,0.004817405879509962,0.0331132889769448,0.020211300398656703,15.333333333333334,1.4907119849998596,16,12,3.5,2.0615528128088303,6.0,0.0,1109.5,907.3271644414342,2775,25,0.0,0.0,0.0,0.0,350.0,206.15528128088303,600.0,0.0,24.842740308431445,13.817799895680844,37.24622543163299,0.03424000000000001,1.5999976312741637e-06,0.005212100004428066,15.629199599999993,0.6317246999969939,16.266137999999046,260.25650970003335
542837249,494008192,621080892,339933393,240.0,185.47236990991408,500.0,0.0,-140.89492797851562,-0.6909319,0.17431349,-0.35141253,-0.8065121,0.08594325780868531,0.6197110223485126,0.6670771837234497,-0.8598401546478271,73.03858947753906,380.8949387118816,-1.2572550535202027,0.23444733027705247,-1.0297484397888184,-1.695889949798584,-0.04327097162604332,0.0038548075357995484,-0.03794018551707268,-0.04771719127893448,1.0207703351974486,0.0009495217048265241,1.021655797958374,1.0190562009811401,1.4394956588745118,0.0009305723052913535,1.4403631687164307,1.4378154277801514,4.85922908782959,13,240.0,185.47236990991408,500.0,0.0,-139.03746032714844,-4.810229,0.016258586,-4.796803,-4.842131,-67.286575,16.795706,-33.894917,-76.86693,666.8011474609375,379.03745614868757,128.0,0.0,128,128,0.0005812091407994487,0.005575418492849939,0.07669649888473704,0.0,3.1582237103759327,5.474517908100385,22.498611289689446,0.7574261973351405,0.013719908203896769,0.011350425901681288,0.06790081542706526,0.0028409050555325915,0.6090663805519464,0.31261222893224216,0.9499525023748812,0.0,0.8394573341094492,0.26974321944248303,1.2239118228861283,0.01798818127592278,-126.15940721313045,226.4793393292246,88.5,-1347.5,67.22115555771094,169.40028840929338,933.0,-1.0,-358.1453125,568.6383070078707,-1.0,-2694.0,150.0872365140504,234.82640307152647,1346.5,0.28484190950069965,0.0006839826151687682,0.0002577336485215216,0.0010976948408342481,0.0004086636697997548,1.0,0.0,1.0,1.0,0.0,0.0,0.0,0.0,0.025675344792045685,0.004921892535083181,0.0331132889769448,0.020211300398656703,14.0,3.521363372331802,16,7,2.4,1.8547236990991407,5.0,0.0,777.4,798.2740381598289,2103,16,0.0,0.0,0.0,0.0,240.0,185.47236990991408,500.0,0.0,22.452246804324666,13.996509421455091,37.72137152162332,0.03424000000000001,1.8999999156221747e-06,0.006683399995381478,10.645869899999525,0.4567532000000938,11.109308399994916,271.36846530003095
365262088,341893848,167739021,98998899,240.0,185.47236990991408,500.0,0.0,-140.89492797851562,-0.6909319,0.17431349,-0.35141253,-0.8065121,0.08594325780868531,0.6197110223485126,0.6670771837234497,-0.8598401546478271,73.03858947753906,380.8949387118816,-1.2572550535202027,0.23444733027705247,-1.0297484397888184,-1.695889949798584,-0.04327097162604332,0.0038548075357995484,-0.03794018551707268,-0.04771719127893448,1.0207703351974486,0.0009495217048265241,1.021655797958374,1.0190562009811401,1.4394956588745118,0.0009305723052913535,1.4403631687164307,1.4378154277801514,4.859559535980225,14,220.0,193.90719429665316,500.0,0.0,-143.13369750976562,-4.806046,0.01116953,-4.7945514,-4.824817,-71.10695,11.429799,-48.248173,-76.95821,688.0661010742188,363.1337105338188,128.0,0.0,128,128,0.000402713326947884,0.004072193134890362,0.07669649888473704,0.0,2.2375740372164423,4.095749599541729,22.498611289689443,0.7574261973351405,0.0168330494327724,0.01189639112068379,0.06790081542706526,0.002919703766855815,0.6196525192025144,0.29391826700686075,0.944391978223432,0.0,0.8747106422134445,0.2245596987111962,1.2239118228861283,0.01798818127592278,-114.05066752454002,256.2759470849972,88.5,-1347.5,21.086623427039097,57.78531409106048,411.0,-1.0,-311.0875,620.0959541423811,-1.0,-2694.0,129.95145665122376,269.0250406173533,1346.5,0.28484190950069965,0.0007976835711400561,0.00025921145259857805,0.0010976948408342481,0.0005202913631633715,1.0,0.0,1.0,1.0,0.0,0.0,0.0,0.0,0.02785098360908821,0.004615494934406397,0.0331132889769448,0.02280396149928317,14.8,2.4,16,10,2.2,1.9390719429665317,5.0,0.0,836.6,924.1079157760743,2415,12,0.0,0.0,0.0,0.0,220.0,193.90719429665316,500.0,0.0,11.69783385630939,9.536285016039805,20.332530121994584,0.03424000000000001,2.0000006770715117e-06,0.005122099995787721,14.21001769999566,0.584802800003672,14.799944599995797,286.17095910002536
729416111,254447594,550367865,732412360,236.1056105610561,172.77560274317253,416.63366336633663,0.0,-130.31040954589844,-0.72723436,0.21042338,-0.31441998,-0.93099254,-0.10264308874805768,0.5454396498009547,0.9625122547149658,-0.628557562828064,109.46659851074219,366.41600589679905,-1.3496464987595875,0.709659330527029,-0.9300436973571777,-2.923922538757324,-0.04107717672983805,0.0033364991838851672,-0.03812360763549805,-0.0479523129761219,1.0108906825383503,0.0007684819636402382,1.0120447874069214,1.009896993637085,1.429770012696584,0.0007602159603018307,1.4309113025665283,1.4287868738174438,4.859556674957275,15,236.1056105610561,172.77560274317253,416.63366336633663,0.0,-114.32530212402344,-4.8008733,0.007524744,-4.7879605,-4.8120813,-76.81397,0.120395906,-76.60737,-76.9933,549.0474853515625,350.43090053654254,128.0,0.0,128,128,0.0003364706419108166,0.0037204152435466645,0.07669649888473704,0.0,2.5947231904480095,4.6830411948440425,22.498611289689446,0.7574261973351405,0.015534922457166494,0.011569778395112567,0.06790081542706526,0.0028409050555325915,0.6219628909874947,0.30535904721201473,0.9499525023748812,0.0,0.8848834604111012,0.21515375753244836,1.2239118228861283,0.01798818127592278,-107.42405876743801,241.6776249169612,88.5,-1347.5,41.59096967734532,121.80566460469907,933.0,-1.0,-311.5,602.8213333118141,-1.0,-2694.0,128.02423853872696,255.29707100599896,1346.5,0.28484190950069965,0.0007328469209166725,0.00027750874525469345,0.0010976948408342481,0.0004086636697997548,1.0,0.0,1.0,1.0,0.0,0.0,0.0,0.0,0.02657770307401629,0.005085129743960103,0.0331132889769448,0.020211300398656703,16.0,0.0,16,16,2.5,1.8929694486000912,5.0,0.0,611.3333333333334,499.0726956622207,1465,20,0.0,0.0,0.0,0.0,236.1056105610561,172.77560274317253,416.63366336633663,0.0,15.845682157419885,12.84904964930286,37.13656,0.03424000000000001,1.700005668681115e-06,0.0050652999998419546,14.412319100003515,0.7426855000012438,15.16007160001027,301.3342212000425
422396446,399713351,734901635,737248710,236.1056105610561,172.77560274317253,416.63366336633663,0.0,-130.31040954589844,-0.72723436,0.21042338,-0.31441998,-0.93099254,-0.10264308874805768,0.5454396498009547,0.9625122547149658,-0.628557562828064,109.46659851074219,366.41600589679905,-1.3496464987595875,0.709659330527029,-0.9300436973571777,-2.923922538757324,-0.04107717672983805,0.0033364991838851672,-0.03812360763549805,-0.0479523129761219,1.0108906825383503,0.0007684819636402382,1.0120447874069214,1.009896993637085,1.429770012696584,0.0007602159603018307,1.4309113025665283,1.4287868738174438,4.859369277954102,16,389.3419504429679,221.06163810918832,700.0,100.0,35.019954681396484,-4.801832,0.00973906,-4.7881527,-4.8121166,-76.829315,0.15582496,-76.61044,-76.993866,-167.3984832763672,354.32200552718507,128.0,0.0,128,128,0.0004941129146531455,0.005345678643635441,0.07669649888473704,0.0,3.5387153483054123,5.790120641973622,22.498611289689446,0.9934741644695483,0.010659497921770528,0.008934587469445376,0.03896093776379802,0.0028409050555325915,0.6019171400526075,0.33364959148240986,0.9499525023748812,0.0,0.8564733060643634,0.2588428960366729,1.1160351705700695,0.01798818127592278,-107.5279713815383,172.29821611116677,88.5,-585.5,73.07570257998736,166.8604984534975,933.0,-1.0,-330.900390625,482.8182866156505,-1.0,-1612.0,131.2328009497807,175.8836778870128,584.5,0.33410059142782145,0.0005654887598551413,0.00015113170801633655,0.0007524454477050414,0.0004086636697997548,1.0,0.0,1.0,1.0,0.0,0.0,0.0,0.0,0.023562884434186467,0.0031522402614052236,0.0274204170929851,0.020211300398656703,16.0,0.0,16,16,4.125,2.368411915187052,7.0,1.0,1682.375,1223.4007864861785,3994,163,0.0,0.0,0.0,0.0,389.3419504429679,221.06163810918832,700.0,100.0,25.713942408738365,9.050199795069968,37.806684132708625,18.582300000000004,1.6999983927235007e-06,0.005991799996991176,24.64588989999902,0.8475260999985039,25.499409499992908,326.8361123000359
892878741,694873649,142443833,848474627,302.6333333333333,231.01516304250583,600.0,0.0,-57.4044189453125,-0.7648353,0.20154734,-0.39746273,-0.92022204,-0.3357437526186307,0.43574065970442805,0.11685812473297119,-0.9941682815551758,82.78721618652344,360.03773864045246,-1.7287476857503254,1.5009472969959077,-0.919050931930542,-5.04189920425415,-0.04538537561893463,0.003499784996781902,-0.040926091372966766,-0.05006774514913559,0.9996651609738668,0.0008426710832902622,1.0005172491073608,0.9979933500289917,1.4186032613118489,0.0008433026824465119,1.419455647468567,1.416929841041565,4.859557151794434,17,302.6333333333333,231.01516304250583,600.0,0.0,-46.519805908203125,-4.8257813,0.03718248,-4.7953086,-4.904502,-56.09724,28.591667,-4.904502,-77.044945,222.30035400390625,349.1531383077999,128.0,0.0,128,128,0.0004909924406951896,0.005093855869432368,0.07669649888473704,0.0,3.1441791263704446,5.410450315306092,22.498611289689446,0.7574261973351405,0.013153525006505453,0.010834148811218611,0.06790081542706526,0.0028409050555325915,0.6099074279943871,0.318112609685579,0.9499525023748812,0.0,0.8564858563365002,0.2540584159957667,1.2239118228861283,0.01798818127592278,-115.26509149117663,214.3697561146818,88.5,-1347.5,62.76512476171168,158.43805302977947,933.0,-1.0,-337.40234375,551.03807655862,-1.0,-2694.0,138.28667516546298,222.89730473576017,1346.5,0.28484190950069965,0.0006567007398345353,0.00024305767132982197,0.0010976948408342481,0.0004086636697997548,1.0,0.0,1.0,1.0,0.0,0.0,0.0,0.0,0.025196780909918597,0.004618726958676566,0.0331132889769448,0.020211300398656703,11.666666666666666,5.962847939999439,16,1,3.1666666666666665,2.3392781412696997,6.0,0.0,1150.6666666666667,962.3216140609587,2692,79,0.0,0.0,0.0,0.0,302.6333333333333,231.01516304250583,600.0,0.0,21.806141406904374,12.81161447965055,37.50738363570764,0.03424000000000001,2.0000006770715117e-06,0.0065811999957077205,15.102897299999313,0.5711283999989973,15.680608899994695,342.51926920002734
824105924,170208024,281387505,610401323,302.6333333333333,231.01516304250583,600.0,0.0,-57.4044189453125,-0.7648353,0.20154734,-0.39746273,-0.92022204,-0.3357437526186307,0.43574065970442805,0.11685812473297119,-0.9941682815551758,82.78721618652344,360.03773864045246,-1.7287476857503254,1.5009472969959077,-0.919050931930542,-5.04189920425415,-0.04538537561893463,0.003499784996781902,-0.040926091372966766,-0.05006774514913559,0.9996651609738668,0.0008426710832902622,1.0005172491073608,0.9979933500289917,1.4186032613118489,0.0008433026824465119,1.419455647468567,1.416929841041565,4.859377384185791,18,133.33333333333334,169.96731711975949,500.0,0.0,-194.2378387451172,-4.7959538,0.0054903803,-4.7874165,-4.8032055,-76.73526,0.087846085,-76.59866,-76.85129,931.502685546875,327.5711578103532,128.0,0.0,128,128,0.0009178304558645781,0.007138519234033522,0.07669649888473704,0.0,2.6862898634951335,4.795620330193262,22.498611289689443,0.7574261973351405,0.014305418324310419,0.011759670383362376,0.06790081542706526,0.002919703766855815,0.5861322380536428,0.2966760558338757,0.944391978223432,0.0,0.7847129902448439,0.3079999151174231,1.2239118228861283,0.01798818127592278,-147.80849764650156,228.55932766457096,88.5,-1347.5,22.649510706512768,50.54180519283794,411.0,-1.0,-370.5638020833333,540.8060160269677,-1.0,-2694.0,158.3939843761004,228.81015569684044,1346.5,0.28484190950069965,0.0007712946658029641,0.00016880013047390692,0.0010976948408342481,0.0005202913631633715,1.0,0.0,1.0,1.0,0.0,0.0,0.0,0.0,0.027599819808028062,0.002986841713549949,0.0331132889769448,0.02280396149928317,16.0,0.0,16,16,1.3333333333333333,1.699673171197595,5.0,0.0,478.5,484.8596876073187,1541,67,0.0,0.0,0.0,0.0,133.33333333333334,169.96731711975949,500.0,0.0,15.543924294920748,6.933686258262223,18.892545176241708,0.041800000000000004,1.6999983927235007e-06,0.005875499999092426,11.653126799996244,1.144218199995521,12.80322219998925,355.3249772000272
801015372,143084570,363464500,698099024,442.85714285714283,333.19725113401716,1100.0,0.0,74.53746032714844,-0.6373161,0.21769975,-0.21208882,-0.88458157,-0.11519562133720943,0.6378885676344564,0.8412869572639465,-0.9589480757713318,-7.4030632972717285,368.3196790621215,-1.434895396232605,0.6136422495382685,-0.9104213714599609,-2.73258638381958,-0.04426356617893491,0.0012680908493427111,-0.04243221879005432,-0.04530152678489685,0.9864432385989598,0.0014107970819481523,0.9875628352165222,0.9843403697013855,1.4052879810333252,0.001430852955693599,1.4064233303070068,1.403154969215393,4.8595290184021,19,442.85714285714283,333.19725113401716,1100.0,0.0,103.75740051269531,-4.797032,0.013858691,-4.7830253,-4.8275447,-73.30426,8.247708,-53.10299,-76.818665,-500.657958984375,339.09975631503215,128.0,0.0,128,128,0.000101273614176257,0.0009864103936313194,0.015149776296267386,0.0,3.232712662597526,5.5623097218508315,22.498611289689446,0.7574261973351405,0.013931545846901303,0.010898661559447303,0.06790081542706526,0.0028409050555325915,0.6365742500522004,0.3230450070821207,0.9499525023748812,0.0,0.9220694280097982,0.16108101641065276,1.2239118228861283,0.1217220637300839,-90.6718073173002,223.8396223352838,88.5,-1347.5,88.23329875795801,198.42561784379376,933.0,-1.0,-308.99330357142856,600.3159045227895,-1.0,-2694.0,123.61656159005851,244.42852102191776,1346.5,0.28484190950069965,0.0006214765320044122,0.0003035418189597703,0.0010976948408342481,0.0004086636697997548,1.0,0.0,1.0,1.0,0.0,0.0,0.0,0.0,0.024267963006828513,0.0056625200033135125,0.0331132889769448,0.020211300398656703,15.285714285714286,1.7496355305594127,16,11,4.428571428571429,3.3319725113401715,11.0,0.0,1492.857142857143,1494.6210631624926,4696,19,0.0,0.0,0.0,0.0,442.85714285714283,333.19725113401716,1100.0,0.0,25.11149661608255,17.113487500199362,42.74008,0.03424000000000001,1.3999961083754897e-06,0.005488899994816165,24.977504099995713,0.8382180999979028,25.82121249998454,381.1486800999992
78547565,146764659,619817,532704722,442.85714285714283,333.19725113401716,1100.0,0.0,74.53746032714844,-0.6373161,0.21769975,-0.21208882,-0.88458157,-0.11519562133720943,0.6378885676344564,0.8412869572639465,-0.9589480757713318,-7.4030632972717285,368.3196790621215,-1.434895396232605,0.6136422495382685,-0.9104213714599609,-2.73258638381958,-0.04426356617893491,0.0012680908493427111,-0.04243221879005432,-0.04530152678489685,0.9864432385989598,0.0014107970819481523,0.9875628352165222,0.9843403697013855,1.4052879810333252,0.001430852955693599,1.4064233303070068,1.403154969215393,4.8594136238098145,20,83.33333333333333,146.24940645653535,400.0,0.0,-230.18978881835938,-4.8004756,0.00609109,-4.790982,-4.80795,-76.80761,0.09745744,-76.65571,-76.9272,1104.578125,313.5231140168623,128.0,0.0,128,128,0.0004311639105458493,0.0038608282880809404,0.07669649888473704,0.0,1.908930555903054,3.6939472418781487,22.498611289689446,0.7574261973351405,0.02059806304935227,0.012364990844634036,0.06790081542706526,0.0028409050555325915,0.6352333501701685,0.26604162739915305,0.9499525023748812,0.0,0.8659851917537321,0.22824437099367356,1.2239118228861283,0.01798818127592278,-133.28373420896594,304.99571508942836,88.5,-1347.5,28.212198884854363,114.22134289655276,933.0,-1.0,-346.1067708333333,715.3135960425485,-1.0,-2694.0,153.67619419837038,323.277425986889,1346.5,0.28484190950069965,0.0009253147468069647,0.0002632083196545151,0.0010976948408342481,0.0004086636697997548,1.0,0.0,1.0,1.0,0.0,0.0,0.0,0.0,0.030014145566570172,0.004851837457655336,0.0331132889769448,0.020211300398656703,16.0,0.0,16,16,0.8333333333333334,1.4624940645653537,4.0,0.0,284.6666666666667,397.7070390235618,1136,31,0.0,0.0,0.0,0.0,83.33333333333333,146.24940645653535,400.0,0.0,9.33561499340657,14.213446801186851,37.27930996043942,0.03424000000000001,2.9000002541579306e-06,0.005633900000248104,7.623397000003024,0.5330801000018255,8.162113900005352,389.31365939999523
1025900559,689925184,1065863364,208285721,388.20297349709114,232.6483573517211,700.0,0.0,17.89495849609375,-0.69148,0.21835208,-0.29974997,-0.8891696,-0.26069705489291145,0.4873737138182324,0.34564709663391113,-0.897220253944397,-31.643693923950195,370.3080085056185,-1.1878226399421692,0.35167885746180516,-0.8891723155975342,-1.934522032737732,-0.04744975907461984,0.002302590695792776,-0.04535217583179474,-0.052809085696935654,0.9722105094364711,0.0013655485709918012,0.9738479256629944,0.9695187211036682,1.3907546315874373,0.0014051639839372956,1.3924384117126465,1.3879830837249756,4.859190464019775,21,388.20297349709114,232.6483573517211,700.0,0.0,67.21188354492188,-4.80091,0.007398713,-4.7889743,-4.8106327,-76.12789,1.6480361,-72.10041,-76.97012,-323.86444091796875,320.99109996488517,128.0,0.0,128,128,0.0002485716088978974,0.003378242343603837,0.07669649888473704,0.0,3.1437408575612538,5.3451300252573075,22.498611289689446,0.7574261973351405,0.012437771506511227,0.009921972176973265,0.06790081542706526,0.0028409050555325915,0.6179258168984774,0.32813737207460797,0.9499525023748812,0.0,0.9002490171197283,0.20096330633506598,1.2239118228861283,0.01798818127592278,-91.60804875171029,194.4554302487587,88.5,-1347.5,61.97069019577445,151.7364228551872,933.0,-1.0,-296.96316964285717,532.945298997826,-1.0,-2694.0,115.65395888995349,206.73926506723458,1346.5,0.28484190950069965,0.0006040488168041306,0.00022775444219110802,0.0010976948408342481,0.0004086636697997548,1.0,0.0,1.0,1.0,0.0,0.0,0.0,0.0,0.024195455909298974,0.004267550009815897,0.0331132889769448,0.020211300398656703,15.857142857142858,0.34992710611188255,16,15,4.0,2.2038926600773587,7.0,0.0,1530.0,1205.10367070342,3457,36,0.0,0.0,0.0,0.0,388.20297349709114,232.6483573517211,700.0,0.0,21.48992180842774,11.854377800825096,37.3296812027461,0.041800000000000004,1.3999961083754897e-06,0.005231600000115577,18.897814500000095,0.8779637000043294,19.78101120000065,409.0971735999992
130755951,842391266,168703447,954017671,388.20297349709114,232.6483573517211,700.0,0.0,17.89495849609375,-0.69148,0.21835208,-0.29974997,-0.8891696,-0.26069705489291145,0.4873737138182324,0.34564709663391113,-0.897220253944397,-31.643693923950195,370.3080085056185,-1.1878226399421692,0.35167885746180516,-0.8891723155975342,-1.934522032737732,-0.04744975907461984,0.002302590695792776,-0.04535217583179474,-0.052809085696935654,0.9722105094364711,0.0013655485709918012,0.9738479256629944,0.9695187211036682,1.3907546315874373,0.0014051639839372956,1.3924384117126465,1.3879830837249756,4.859029293060303,22,205.9277732666562,190.0579906669017,500.0,0.0,-103.55701446533203,-4.834295,0.043935213,-4.786828,-4.9028244,-50.84488,31.094673,-4.9028244,-76.935875,498.8292541503906,309.4847672950623,128.0,0.0,128,128,0.0006045322723435405,0.005749698814659278,0.07669649888473704,0.0,3.1245537037432265,5.383178888611954,22.498611289689446,0.7574261973351405,0.013060159653083511,0.010907371596902632,0.06790081542706526,0.0028409050555325915,0.6030905354366409,0.31553350545156794,0.9499525023748812,0.0,0.837049155877631,0.27250892233288937,1.2239118228861283,0.01798818127592278,-123.35882605642321,213.71646555798543,88.5,-1347.5,57.19380104764997,148.2808005812352,933.0,-1.0,-348.20870535714283,541.0510356548126,-1.0,-2694.0,144.06144665727615,219.27252901366816,1346.5,0.28484190950069965,0.0006703785552446076,0.00022750813492460916,0.0010976948408342481,0.0004086636697997548,1.0,0.0,1.0,1.0,0.0,0.0,0.0,0.0,0.025514443221785237,0.0043463289070336366,0.0331132889769448,0.020211300398656703,10.571428571428571,6.499607523472758,16,1,2.4285714285714284,1.8405855323893037,5.0,0.0,895.7142857142857,730.5840548660295,2325,16,0.0,0.0,0.0,0.0,205.9277732666562,190.0579906669017,500.0,0.0,21.686594988334015,12.394102032047003,39.90949977185,0.041800000000000004,2.5999979698099196e-06,0.0061084999979357235,14.421119400001771,0.5779353000034462,15.005165800001123,424.105226700005
443352346,315096729,849946216,941622294,249.5438856015779,162.87391037913554,410.4166666666667,0.0,-108.68771362304688,-0.5227115,0.14256003,-0.2717836,-0.7032907,-0.2838995712144034,0.807388663113411,0.9839829206466675,-0.9845731258392334,59.987003326416016,358.23159621521444,-2.486812744821821,1.204226625235587,-1.1081827878952026,-4.152252197265625,-0.05184925986187799,0.0022497087030433267,-0.04982448369264603,-0.057036302983760834,0.9641916326114109,0.00249361068879214,0.9660177230834961,0.9603190422058105,1.3824699776513236,0.0025890461692948045,1.384365439414978,1.3784488439559937,4.8593645095825195,23,249.5438856015779,162.87391037913554,410.4166666666667,0.0,-53.94681167602539,-4.806889,0.015360847,-4.786527,-4.8380322,-69.99875,16.726728,-29.028193,-77.016655,259.49420166015625,303.4906791257138,128.0,0.0,128,128,0.00027925394589907855,0.003446791597798968,0.07669649888473704,0.0,3.2231190856885124,5.580787451083225,22.498611289689446,0.7574261973351405,0.014242739920187443,0.01132301063020138,0.06790081542706526,0.0028409050555325915,0.629156609321282,0.317227649811016,0.9499525023748812,0.0,0.8904694973887496,0.21274897774747967,1.2239118228861283,0.01798818127592278,-106.54719596965666,233.05972954167154,88.5,-1347.5,85.84485418389578,197.44748910553082,933.0,-1.0,-334.61607142857144,603.9635639071479,-1.0,-2694.0,137.82030547371983,249.78092365156766,1346.5,0.28484190950069965,0.0006546414012246509,0.00030335705262363253,0.0010976948408342481,0.0004086636697997548,1.0,0.0,1.0,1.0,0.0,0.0,0.0,0.0,0.024927456663071643,0.005722125887269712,0.0331132889769448,0.020211300398656703,14.571428571428571,3.499271061118826,16,6,2.7142857142857144,1.8294640678379568,5.0,0.0,973.1428571428571,859.623410664964,2283,19,0.0,0.0,0.0,0.0,249.5438856015779,162.87391037913554,410.4166666666667,0.0,24.010730269706272,16.437130173768985,37.73872,0.03424000000000001,1.6999983927235007e-06,0.006113600000389852,16.355478600002243,0.7914340999996057,17.15302800000063,441.2608785000193
681162505,413056707,187321319,658719870,249.5438856015779,162.87391037913554,410.4166666666667,0.0,-108.68771362304688,-0.5227115,0.14256003,-0.2717836,-0.7032907,-0.2838995712144034,0.807388663113411,0.9839829206466675,-0.9845731258392334,59.987003326416016,358.23159621521444,-2.486812744821821,1.204226625235587,-1.1081827878952026,-4.152252197265625,-0.05184925986187799,0.0022497087030433267,-0.04982448369264603,-0.057036302983760834,0.9641916326114109,0.00249361068879214,0.9660177230834961,0.9603190422058105,1.3824699776513236,0.0025890461692948045,1.384365439414978,1.3784488439559937,4.8593010902404785,24,160.0,174.35595774162695,500.0,0.0,-129.1416015625,-4.8048058,0.020332126,-4.786609,-4.843757,-70.09564,13.251239,-43.593815,-76.872215,621.4847412109375,289.1416112131424,128.0,0.0,128,128,0.0006518857913598343,0.005628952873500059,0.07669649888473704,0.0,2.224143029543823,4.127546559141278,22.498611289689443,0.7574261973351405,0.017268721135373,0.012334639379522182,0.06790081542706526,0.002919703766855815,0.6092678221792287,0.28423776823147257,0.944391978223432,0.0,0.8304707393439765,0.2696638984588393,1.2239118228861283,0.01798818127592278,-136.27621163783905,265.32006148395175,88.5,-1347.5,17.742801023351955,48.423072894488826,411.0,-1.0,-346.959375,624.6206960825181,-1.0,-2694.0,149.83669808834964,275.15966964079007,1346.5,0.28484190950069965,0.0008441143880483901,0.00022372922596888847,0.0010976948408342481,0.0005202913631633715,1.0,0.0,1.0,1.0,0.0,0.0,0.0,0.0,0.0287742747278286,0.003923380948770064,0.0331132889769448,0.02280396149928317,14.6,2.8000000000000003,16,9,1.6,1.7435595774162693,5.0,0.0,613.8,766.3438914743172,2119,74,0.0,0.0,0.0,0.0,160.0,174.35595774162695,500.0,0.0,11.574442761952001,9.43932616815346,20.37318630976,0.03424000000000001,1.400003384333104e-06,0.004971099995600525,11.637621800000488,0.4533865000048536,12.095980800004327,453.35949450002954
162243863,513207677,558468452,106512539,283.3333333333333,267.18699236468996,700.0,0.0,-67.40843200683594,-0.57147366,0.2208699,-0.27721155,-0.8237139,-0.33466875553131104,0.6137886033887842,0.929293155670166,-0.9199051260948181,32.5652961730957,350.7417699270263,-1.5443833569685619,0.626544945577526,-0.9097848534584045,-2.4668827056884766,-0.05726677427689234,0.002923066865684942,-0.053913265466690063,-0.06017565354704857,0.9608579675356547,0.0020680883204045146,0.9627905488014221,0.9565945863723755,1.3790075381596882,0.0021553182305484014,1.381019115447998,1.3745628595352173,4.8587541580200195,25,283.3333333333333,267.18699236468996,700.0,0.0,-5.2274580001831055,-4.796368,0.0075914976,-4.7898445,-4.812019,-76.74189,0.12146396,-76.63751,-76.9923,23.355369567871094,288.5607834251615,128.0,0.0,128,128,0.0007044114482798839,0.006204712717717637,0.07669649888473704,0.0,2.9152344949327884,5.117410392683342,22.498611289689446,0.7574261973351405,0.013729471665407937,0.011321043615691128,0.06790081542706526,0.0028409050555325915,0.5980198330240151,0.3078107733449835,0.9499525023748812,0.0,0.8205994232906723,0.28459207526222796,1.2239118228861283,0.01798818127592278,-131.5367945688391,222.17481320037618,88.5,-1347.5,42.70731773411222,119.29317240632601,933.0,-1.0,-353.9830729166667,546.197743471987,-1.0,-2694.0,148.3403297707817,226.0967135434799,1346.5,0.28484190950069965,0.0007139977028187498,0.0002169520679490203,0.0010976948408342481,0.0004086636697997548,1.0,0.0,1.0,1.0,0.0,0.0,0.0,0.0,0.026398300358973333,0.004070697735863058,0.0331132889769448,0.020211300398656703,16.0,0.0,16,16,2.8333333333333335,2.6718699236468995,7.0,0.0,1361.3333333333333,1589.6498216763198,3636,63,0.0,0.0,0.0,0.0,283.3333333333333,267.18699236468996,700.0,0.0,18.95315933051748,10.822866129222337,37.45852050898239,0.041800000000000004,1.4999968698248267e-06,0.006969199996092357,19.945630200003507,0.693969299994933,20.6465701999914,474.0085673000067
83180453,359158073,768092755,716663974,283.3333333333333,267.18699236468996,700.0,0.0,-67.40843200683594,-0.57147366,0.2208699,-0.27721155,-0.8237139,-0.33466875553131104,0.6137886033887842,0.929293155670166,-0.9199051260948181,32.5652961730957,350.7417699270263,-1.5443833569685619,0.626544945577526,-0.9097848534584045,-2.4668827056884766,-0.05726677427689234,0.002923066865684942,-0.053913265466690063,-0.06017565354704857,0.9608579675356547,0.0020680883204045146,0.9627905488014221,0.9565945863723755,1.3790075381596882,0.0021553182305484014,1.381019115447998,1.3745628595352173,4.8586297035217285,26,200.66085489313835,206.48299707955658,600.0,0.0,-79.10992431640625,-4.8040075,0.01660448,-4.780157,-4.8399706,-69.610306,17.240152,-24.199852,-76.97412,379.71197509765625,279.7707905719592,128.0,0.0,128,128,0.0004535729824721922,0.004504857984806665,0.07669649888473704,0.0,2.448964826672014,4.4908975329272725,22.498611289689446,0.7574261973351405,0.016402566633957127,0.011969629572945999,0.06790081542706526,0.0028409050555325915,0.6184863210962179,0.2963228375426235,0.9499525023748812,0.0,0.8643329221363338,0.23837278595153047,1.2239118228861283,0.01798818127592278,-119.35476565731524,254.56821414506848,88.5,-1347.5,34.20754190394926,107.58598204130347,933.0,-1.0,-327.4443359375,618.2354053536259,-1.0,-2694.0,137.88690528024662,267.03532482858725,1346.5,0.28484190950069965,0.0007809027267549156,0.00026858188818295215,0.0010976948408342481,0.0004086636697997548,1.0,0.0,1.0,1.0,0.0,0.0,0.0,0.0,0.027499990564253455,0.004896049470907477,0.0331132889769448,0.020211300398656703,14.5,3.605551275463989,16,5,2.125,2.1469455046647083,6.0,0.0,562.125,611.9623022499017,1582,15,0.0,0.0,0.0,0.0,200.66085489313835,206.48299707955658,600.0,0.0,14.309073646556907,12.530836527362833,37.753263265522776,0.03424000000000001,1.600004907231778e-06,0.005578999996942002,17.35722490000626,0.7218454000030761,18.084650900011184,492.0957048000346
908935816,689120544,66772386,210153226,265.3881278538813,195.43892687312808,500.0,0.0,-76.81829833984375,-0.7178952,0.096941695,-0.60059714,-0.8781103,0.34128053626045585,0.48270914677902876,0.7838259339332581,-0.644790530204773,57.92323303222656,342.2064057197118,-1.1939697563648224,0.20950480633990357,-0.8813769221305847,-1.5535054206848145,-0.05629273783415556,0.0027994078263880824,-0.05410628020763397,-0.061062343418598175,0.9602174609899521,0.0022542630627103363,0.9624537229537964,0.9566399455070496,1.378340244293213,0.0023495221001657404,1.3806692361831665,1.3746103048324585,4.859066963195801,27,265.3881278538813,195.43892687312808,500.0,0.0,-12.944393157958984,-4.798562,0.009121451,-4.780637,-4.8075895,-76.77699,0.14594321,-76.49019,-76.92143,62.398895263671875,278.3325243001514,128.0,0.0,128,128,0.00041373154130300315,0.0044609861968019325,0.07669649888473704,0.0,2.8694511584092277,5.067287161774154,22.498611289689446,0.7574261973351405,0.014344223731835973,0.011271070922602044,0.06790081542706526,0.0028409050555325915,0.6159351594909408,0.3118593010070311,0.9499525023748812,0.0,0.8706846583738007,0.23583895996760001,1.2239118228861283,0.01798818127592278,-111.34457512930732,228.46576069430944,88.5,-1347.5,52.178047219528494,141.70993084365693,933.0,-1.0,-324.451171875,577.655601296797,-1.0,-2694.0,133.15545685209497,239.7002938311375,1346.5,0.28484190950069965,0.0006947738303756039,0.00026361644081108343,0.0010976948408342481,0.0004086636697997548,1.0,0.0,1.0,1.0,0.0,0.0,0.0,0.0,0.025887241991967444,0.00490635589023878,0.0331132889769448,0.020211300398656703,16.0,0.0,16,16,2.75,2.0463381929681126,5.0,0.0,830.0,753.9345130712613,2032,14,0.0,0.0,0.0,0.0,265.3881278538813,195.43892687312808,500.0,0.0,18.90452884070135,13.151386406253646,37.26164300782204,0.041800000000000004,2.2999956854619086e-06,0.006100000005972106,17.08930749999854,0.9737289999975474,18.069138799997745,510.16753360004077
1037548823,362448527,229190383,283090007,265.3881278538813,195.43892687312808,500.0,0.0,-76.81829833984375,-0.7178952,0.096941695,-0.60059714,-0.8781103,0.34128053626045585,0.48270914677902876,0.7838259339332581,-0.644790530204773,57.92323303222656,342.2064057197118,-1.1939697563648224,0.20950480633990357,-0.8813769221305847,-1.5535054206848145,-0.05629273783415556,0.0027994078263880824,-0.05410628020763397,-0.061062343418598175,0.9602174609899521,0.0022542630627103363,0.9624537229537964,0.9566399455070496,1.378340244293213,0.0023495221001657404,1.3806692361831665,1.3746103048324585,4.858981132507324,28,50.0,50.0,100.0,0.0,-205.499267578125,-4.801335,0.008669723,-4.788941,-4.813363,-70.80466,10.310463,-52.94699,-76.84145,986.6800537109375,255.49927187013628,128.0,0.0,128,128,0.0005644343751176558,0.004632675955661057,0.07669649888473704,0.0,1.5141340190260841,2.756225119279444,22.49861128968944,0.7574261973351405,0.02225826498021761,0.012161126737770223,0.06790081542706526,0.0051947917018397355,0.6309903270885004,0.24808697680915287,0.9332711152589828,0.0,0.8438074844058402,0.2481936464533981,1.2239118228861283,0.01798818127592278,-146.75971276646914,320.30866815403346,88.5,-1347.5,6.202958494001818,24.578040854707485,178.0,-1.0,-356.392578125,735.6477509382739,-1.0,-2694.0,161.85732045313085,337.89839892401085,1346.5,0.28484190950069965,0.0010113824925519462,0.00014949737254552683,0.0010976948408342481,0.0007524454477050414,1.0,0.0,1.0,1.0,0.0,0.0,0.0,0.0,0.031690071005954876,0.002465085835999638,0.0331132889769448,0.0274204170929851,14.75,2.165063509461097,16,11,0.5,0.5,1.0,0.0,82.5,85.21883594605127,227,15,0.0,0.0,0.0,0.0,50.0,50.0,100.0,0.0,4.675035000000001,8.02936378461426,18.582300000000004,0.03424000000000001,1.7999991541728377e-06,0.005054699999163859,6.001964999995835,0.34687019999546465,6.353891699989617,516.5239514000205
318332697,489361351,630194419,887063900,233.33333333333334,179.5054935711501,500.0,0.0,-97.98576354980469,-0.6613548,0.19648448,-0.31925488,-0.8536075,-0.2541523476441701,0.5606422145974774,0.606212854385376,-0.9757232069969177,41.03983688354492,331.319098481074,-1.461462030808131,0.8650663243747972,-0.9007349610328674,-3.356534004211426,-0.058192783345778785,0.0023096454932269163,-0.05664345994591713,-0.0632515549659729,0.9574925204118093,0.00260385019968901,0.9600275754928589,0.9540179371833801,1.3754974404970806,0.002720973960249713,1.3781452178955078,1.3718657493591309,4.8581647872924805,29,233.33333333333334,179.5054935711501,500.0,0.0,-19.949352264404297,-4.7923064,0.020898648,-4.761822,-4.8287377,-72.65296,8.739651,-53.116116,-76.89609,96.6900405883789,253.28267801645598,128.0,0.0,128,128,0.0003306953546694141,0.0037206725124773405,0.07669649888473704,0.0,2.8124753154918167,5.039221992453547,22.498611289689446,0.7574261973351405,0.015322035550431176,0.011635665590360444,0.06790081542706526,0.0028409050555325915,0.6251965717717954,0.3077657208156519,0.9499525023748812,0.0,0.8839033077323725,0.2178865365233012,1.2239118228861283,0.01798818127592278,-109.67364245085805,243.03101352596576,88.5,-1347.5,58.86225803520549,158.59426892132518,933.0,-1.0,-324.8125,610.8473292365422,-1.0,-2694.0,134.54161846434647,258.0029921635836,1346.5,0.28484190950069965,0.0007142423053560698,0.00029436506444916794,0.0010976948408342481,0.0004086636697997548,1.0,0.0,1.0,1.0,0.0,0.0,0.0,0.0,0.02614559289057855,0.005482105881344312,0.0331132889769448,0.020211300398656703,15.166666666666666,1.863389981249825,16,11,2.3333333333333335,1.7950549357115015,5.0,0.0,714.5,646.6257933818189,1858,17,0.0,0.0,0.0,0.0,233.33333333333334,179.5054935711501,500.0,0.0,18.925862260779144,15.217888720133129,37.29076736314663,0.03424000000000001,1.4999968698248267e-06,0.005058300004748162,12.261724199997843,0.6622432000003755,12.929027199999837,529.4560272000017
383564362,47154366,857955630,992203680,233.33333333333334,179.5054935711501,500.0,0.0,-97.98576354980469,-0.6613548,0.19648448,-0.31925488,-0.8536075,-0.2541523476441701,0.5606422145974774,0.606212854385376,-0.9757232069969177,41.03983688354492,331.319098481074,-1.461462030808131,0.8650663243747972,-0.9007349610328674,-3.356534004211426,-0.058192783345778785,0.0023096454932269163,-0.05664345994591713,-0.0632515549659729,0.9574925204118093,0.00260385019968901,0.9600275754928589,0.9540179371833801,1.3754974404970806,0.002720973960249713,1.3781452178955078,1.3718657493591309,4.858642101287842,30,560.0,101.9803902718557,700.0,400.0,276.0456237792969,-4.8103857,0.0063911024,-4.802251,-4.8187685,-76.002426,1.862051,-72.281525,-77.07,-1327.3779296875,283.95441021481037,128.0,0.0,128,128,3.297859548421166e-05,0.00010842485028426332,0.0006926383769704485,0.0,3.335258756395576,5.447367918381172,22.498611289689446,1.0072067682033523,0.010066144731466494,0.0070461596899019175,0.028409050555325915,0.0028409050555325915,0.6179930821477522,0.3469144989159487,0.9499525023748812,0.0,0.940452284257281,0.12775473282706806,1.1160351705700695,0.16361343296583433,-63.49301330151153,129.3795101221768,88.5,-484.2,61.21051681114758,137.44309782358744,933.0,-1.0,-249.6625,454.24077642672063,-1.0,-1612.0,87.10472433326922,143.60843755121505,550.2620777108547,0.33410059142782145,0.0004979658244906483,4.465107734544669e-05,0.0005202913631633715,0.0004086636697997548,1.0,0.0,1.0,1.0,0.0,0.0,0.0,0.0,0.02228542927915788,0.0010370644402505874,0.02280396149928317,0.020211300398656703,15.8,0.39999999999999997,16,15,5.6,1.0198039027185568,7.0,4.0,2368.6,872.7727310130628,3307,792,0.0,0.0,0.0,0.0,560.0,101.9803902718557,700.0,400.0,23.138761991262033,7.023107644754069,37.13036300782204,18.9293425,1.3999961083754897e-06,0.005107600001792889,19.037046900004498,0.5752174000008381,19.617373300003237,549.0759352000168
439523032,143660183,704615095,858727745,480.95022624434387,278.3012316188463,800.0,0.0,134.66802978515625,-0.7832191,0.08828446,-0.6527076,-0.8825033,0.2037705034017563,0.4124644940207164,0.7254303693771362,-0.2668634057044983,-100.72895812988281,346.28221125740095,-1.0655513286590577,0.22113755133500848,-0.8779029250144958,-1.3997793197631836,-0.061419036239385605,0.00024259080881530175,-0.06101786345243454,-0.06178354099392891,0.9569364786148071,0.002023426869829691,0.9598596692085266,0.953495979309082,1.374917984008789,0.002115336344945735,1.3779703378677368,1.3713184595108032,4.857935905456543,31,480.95022624434387,278.3012316188463,800.0,0.0,177.29624938964844,-4.799521,0.01700722,-4.7667503,-4.8157496,-76.792336,0.27211553,-76.268005,-77.051994,-852.6329345703125,303.6539918177637,128.0,0.0,128,128,8.979455666523127e-05,0.0008289135418275715,0.015149776296267386,0.0,2.9237831756686026,5.042295057533793,22.498611289689446,0.7574261973351405,0.013104029086777958,0.01002236624204972,0.06790081542706526,0.0028409050555325915,0.6259553576573565,0.32707117280394116,0.9499525023748812,0.0,0.9291133230628598,0.14542965321452575,1.2239118228861283,0.1217220637300839,-79.0088185664283,197.56363357235662,88.5,-1347.5,53.18325433565301,134.81276926245138,933.0,-1.0,-270.4265625,546.0385496756924,-1.0,-2694.0,102.49589772905529,213.63503295292085,1346.5,0.28484190950069965,0.0006134465200248236,0.00024595369552120805,0.0010976948408342481,0.0004086636697997548,1.0,0.0,1.0,1.0,0.0,0.0,0.0,0.0,0.024347294774690206,0.004496548379134327,0.0331132889769448,0.020211300398656703,16.0,0.0,16,16,5.0,2.756809750418044,8.0,0.0,1753.6,1364.6149053853985,3989,14,0.0,0.0,0.0,0.0,480.95022624434387,278.3012316188463,800.0,0.0,19.4411696958719,11.868533186456089,37.48194835736491,0.03424000000000001,1.400003384333104e-06,0.005043400000431575,17.58962099999917,0.659150999999838,18.253816800002824,567.3323148999989
834942321,1043933005,705144579,174377856,480.95022624434387,278.3012316188463,800.0,0.0,134.66802978515625,-0.7832191,0.08828446,-0.6527076,-0.8825033,0.2037705034017563,0.4124644940207164,0.7254303693771362,-0.2668634057044983,-100.72895812988281,346.28221125740095,-1.0655513286590577,0.22113755133500848,-0.8779029250144958,-1.3997793197631836,-0.061419036239385605,0.00024259080881530175,-0.06101786345243454,-0.06178354099392891,0.9569364786148071,0.002023426869829691,0.9598596692085266,0.953495979309082,1.374917984008789,0.002115336344945735,1.3779703378677368,1.3713184595108032,4.857702255249023,32,406.578762826063,211.96809863452322,610.651499482937,0.0,92.63228607177734,-4.80544,0.033636104,-4.767914,-4.867727,-65.2045,22.8677,-19.470907,-76.90632,-446.98046875,313.94646891859367,128.0,0.0,128,128,8.286421197554829e-05,0.0008282317230775721,0.015149776296267386,0.0,3.18508572572117,5.4218863259522205,22.498611289689446,0.7574261973351405,0.012848564798695571,0.0100513514088029,0.06790081542706526,0.0028409050555325915,0.6298357745985175,0.32971619165084776,0.9499525023748812,0.0,0.9279371398483853,0.15057782841997858,1.2239118228861283,0.1217220637300839,-81.70831898653238,199.9269557752491,88.5,-1347.5,73.90880036508523,173.20798240027452,933.0,-1.0,-286.4015625,557.778576417254,-1.0,-2694.0,110.31675363979869,218.39363396972573,1346.5,0.28484190950069965,0.0005911209813521002,0.000258159673773415,0.0010976948408342481,0.0004086636697997548,1.0,0.0,1.0,1.0,0.0,0.0,0.0,0.0,0.02382876255456491,0.004784870535187751,0.0331132889769448,0.020211300398656703,13.6,4.8,16,4,4.4,2.33238075793812,7.0,0.0,2019.6,1740.4078372611402,5266,97,0.0,0.0,0.0,0.0,406.578762826063,211.96809863452322,610.651499482937,0.0,22.60521714076102,14.008289291252884,37.90123529913935,0.041800000000000004,2.3999964469112456e-06,0.006372900003043469,22.57704879999801,0.491255100001581,23.074679199999082,590.4096678999995
214548472,66508029,154173901,194758406,415.09254864736596,318.63470780875235,1000.0,100.0,61.9293212890625,-0.6990137,0.07115162,-0.6113761,-0.8252316,-0.5070244584764753,0.12206819731584487,-0.2667422294616699,-0.6343032121658325,-46.292423248291016,353.16324499639745,-1.0274574841771806,0.07574975143607288,-0.8990401029586792,-1.1261085271835327,-0.06993433726685387,0.002734519490811705,-0.06756269931793213,-0.07309188693761826,0.9600421190261841,0.001331398984928283,0.9609519839286804,0.9579383134841919,1.3781594378607613,0.0013876986288924424,1.3791077136993408,1.3759666681289673,4.857507705688477,33,415.09254864736596,318.63470780875235,1000.0,100.0,91.03150177001953,-4.791541,0.021601036,-4.75829,-4.81936,-70.477936,15.024752,-33.68326,-77.10976,-438.2212829589844,324.0610768914709,128.0,0.0,128,128,0.0005639494429285264,0.005711312225279324,0.07669649888473704,0.0,3.4184648328339216,5.65068196126047,22.498611289689446,0.9934741644695483,0.010890242256432465,0.009185774763651627,0.03896093776379802,0.0028409050555325915,0.5974031957869235,0.3299502878188285,0.9499525023748812,0.0,0.8451484138736463,0.2689418477825011,1.1160351705700695,0.01798818127592278,-112.27610801005407,175.45313195390617,88.5,-585.5,62.92755995871751,149.88619412597063,933.0,-1.0,-333.37723214285717,479.10677970221286,-1.0,-1612.0,133.06775137457183,176.5608804209082,584.5,0.33410059142782145,0.0005878923441487681,0.00014862166365265961,0.0007524454477050414,0.0004086636697997548,1.0,0.0,1.0,1.0,0.0,0.0,0.0,0.0,0.024041682153547867,0.0030857993404190586,0.0274204170929851,0.020211300398656703,14.714285714285714,3.1493439550069438,16,7,4.285714285714286,3.282607226593159,10.0,1.0,1751.142857142857,1922.4738102300403,6049,147,0.0,0.0,0.0,0.0,415.09254864736596,318.63470780875235,1000.0,100.0,24.221756990985035,8.272969567494176,37.276477924277735,18.582300000000004,1.7999991541728377e-06,0.017697600000246894,19.950778600003105,0.8509436999956961,20.819421699998202,611.2318332999857
703492660,601149909,63948230,182121986,415.09254864736596,318.63470780875235,1000.0,100.0,61.9293212890625,-0.6990137,0.07115162,-0.6113761,-0.8252316,-0.5070244584764753,0.12206819731584487,-0.2667422294616699,-0.6343032121658325,-46.292423248291016,353.16324499639745,-1.0274574841771806,0.07574975143607288,-0.8990401029586792,-1.1261085271835327,-0.06993433726685387,0.002734519490811705,-0.06756269931793213,-0.07309188693761826,0.9600421190261841,0.001331398984928283,0.9609519839286804,0.9579383134841919,1.3781594378607613,0.0013876986288924424,1.3791077136993408,1.3759666681289673,4.856897354125977,34,464.58781362007164,260.32437448089667,700.0,100.0,126.47407531738281,-4.80464,0.018203136,-4.785473,-4.8336973,-76.87424,0.29125017,-76.567566,-77.33916,-607.85302734375,338.113750564331,128.0,0.0,128,128,0.0005243931796184289,0.005519582415601658,0.07669649888473704,0.0,3.5696992911029057,5.833223037632045,22.498611289689446,0.9934741644695483,0.010682023848585305,0.009042933622707562,0.03896093776379802,0.0028409050555325915,0.601104105042342,0.3329137632768665,0.9499525023748812,0.0,0.8507962953038707,0.264511065401798,1.1160351705700695,0.01798818127592278,-110.6436019482137,174.53858649387806,88.5,-585.5,75.24841803320552,170.84264181069085,933.0,-1.0,-337.38125,484.94216629247404,-1.0,-1612.0,134.69606311826436,177.7410158218175,584.5,0.33410059142782145,0.0005685019196345929,0.00015562212761288208,0.0007524454477050414,0.0004086636697997548,1.0,0.0,1.0,1.0,0.0,0.0,0.0,0.0,0.023613479296513355,0.0032493233862601278,0.0274204170929851,0.020211300398656703,16.0,0.0,16,16,4.8,2.7129319932501077,7.0,1.0,2759.0,1999.1542211645403,5077,226,0.0,0.0,0.0,0.0,464.58781362007164,260.32437448089667,700.0,100.0,27.620795555976702,10.384420643253971,41.69668830517797,18.582300000000004,1.8999999156221747e-06,0.007008299995504785,21.090645199998107,0.6770875000001979,21.774742899993726,633.0092828999768
835778124,127995867,371751061,571769547,232.86496599302322,230.4480485109642,711.340206185567,0.0,-108.2684555053711,-0.78195494,0.10660237,-0.5841254,-0.88648605,0.023616937388266836,0.44315217585518324,0.8219456076622009,-0.505478024482727,75.18843841552734,341.13341709606004,-1.056005937712533,0.2717145537946733,-0.8868393301963806,-1.709883451461792,-0.07402959678854261,0.0027981721513685594,-0.0713401734828949,-0.0772518664598465,0.9618747404643467,0.003145715403601312,0.9642303586006165,0.9569175839424133,1.380062120301383,0.0032754108363745836,1.3825135231018066,1.374900460243225,4.857706546783447,35,232.86496599302322,230.4480485109642,711.340206185567,0.0,-94.7238998413086,-4.814937,0.010542637,-4.798911,-4.8317466,-73.58775,8.344983,-53.14921,-77.232834,454.90771484375,327.58887210720025,128.0,0.0,128,128,0.0006451151017585544,0.005787546254836922,0.07669649888473704,0.0,2.8306425746525314,5.08470803121218,22.498611289689446,0.7574261973351405,0.015230077049734557,0.012006080512836807,0.06790081542706526,0.0028409050555325915,0.6087778750863583,0.3003180015064015,0.9499525023748812,0.0,0.8289498978816157,0.27579215371947663,1.2239118228861283,0.01798818127592278,-134.4415441027923,245.6013039667536,88.5,-1347.5,51.46004213658242,146.43349504111222,933.0,-1.0,-363.04017857142856,596.2291462300832,-1.0,-2694.0,155.05514193998047,254.45120709706944,1346.5,0.28484190950069965,0.0007528647663404469,0.0002604295566270642,0.0010976948408342481,0.0004086636697997548,1.0,0.0,1.0,1.0,0.0,0.0,0.0,0.0,0.026987204290022614,0.004890904010371735,0.0331132889769448,0.020211300398656703,15.285714285714286,1.7496355305594127,16,11,2.5714285714285716,2.6649654437396615,8.0,0.0,1120.857142857143,1544.3625063502443,4453,67,0.0,0.0,0.0,0.0,232.86496599302322,230.4480485109642,711.340206185567,0.0,18.66234339490458,14.054440205022061,37.3201875237647,0.041800000000000004,1.5999976312741637e-06,0.006069700000807643,13.406088399999135,0.8106666000021505,14.222826299999724,647.2345797999806
658856199,175183949,590449352,850318411,232.86496599302322,230.4480485109642,711.340206185567,0.0,-108.2684555053711,-0.78195494,0.10660237,-0.5841254,-0.88648605,0.023616937388266836,0.44315217585518324,0.8219456076622009,-0.505478024482727,75.18843841552734,341.13341709606004,-1.056005937712533,0.2717145537946733,-0.8868393301963806,-1.709883451461792,-0.07402959678854261,0.0027981721513685594,-0.0713401734828949,-0.0772518664598465,0.9618747404643467,0.003145715403601312,0.9642303586006165,0.9569175839424133,1.380062120301383,0.0032754108363745836,1.3825135231018066,1.374900460243225,4.856167316436768,36,414.2857142857143,313.6356914300021,800.0,0.0,78.02717590332031,-4.8010445,0.011291509,-4.783627,-4.8155665,-76.81671,0.18066414,-76.53803,-77.049065,-374.278564453125,336.2585563250517,128.0,0.0,128,128,0.0002891544383129114,0.0034464573559623017,0.07669649888473704,0.0,2.849829728470558,5.045526180575104,22.498611289689446,0.7574261973351405,0.014607688903162275,0.01123929747545932,0.06790081542706526,0.0028409050555325915,0.6236131565481948,0.31326489964458004,0.9499525023748812,0.0,0.8921497591237129,0.20787061783316207,1.2239118228861283,0.01798818127592278,-102.6907667980794,230.56876856600582,88.5,-1347.5,56.2369312847069,150.11426891295858,933.0,-1.0,-311.79464285714283,590.1726501080736,-1.0,-2694.0,126.6476541726578,245.01164270737883,1346.5,0.28484190950069965,0.00068653502789997,0.00028085274800105454,0.0010976948408342481,0.0004086636697997548,1.0,0.0,1.0,1.0,0.0,0.0,0.0,0.0,0.02566821697753635,0.0052084024886227265,0.0331132889769448,0.020211300398656703,16.0,0.0,16,16,4.142857142857143,3.136356914300021,8.0,0.0,1669.0,1600.0917830817436,4239,15,0.0,0.0,0.0,0.0,414.2857142857143,313.6356914300021,800.0,0.0,18.964350234329295,14.140145055817989,37.60536009561771,0.041800000000000004,3.3999967854470015e-06,0.006451000001106877,20.016072099999292,0.7862593000027118,20.808785799999896,668.046136399993
598187340,610468907,246493716,547970590,100.0,63.245553203367585,200.0,0.0,-217.0200653076172,-0.61929137,0.21165475,-0.2660855,-0.8827045,-0.20316841304302216,0.6144889542765324,0.7676368355751038,-0.8996654748916626,136.2126922607422,317.02007538645404,-1.307904589176178,0.3762086929199355,-0.929926872253418,-1.9236479997634888,-0.07820876836776733,0.0019119948148727417,-0.07438477873802185,-0.0791647657752037,0.9626391053199768,0.0029059410095214843,0.9640920758247375,0.9568272233009338,1.3808572053909303,0.0030255794525146486,1.3823699951171875,1.3748060464859009,4.855775356292725,37,100.0,63.245553203367585,200.0,0.0,-212.6326904296875,-4.8043466,0.027136069,-4.7708874,-4.8536673,-68.13294,17.079597,-33.97567,-76.84116,1021.709228515625,312.63270069254656,128.0,0.0,128,128,0.0010934147590027146,0.0078078456495096924,0.07669649888473704,0.0,2.6087565949255582,4.733440975242132,22.49861128968944,0.7574261973351405,0.015102180185262732,0.012330499235753285,0.06790081542706526,0.0051947917018397355,0.5805361526230531,0.2858811158627288,0.9332711152589828,0.0,0.7533298947994617,0.3239965409400058,1.2239118228861283,0.01798818127592278,-165.2114945995204,240.27024519610012,88.5,-1347.5,19.082418691472242,41.00584119803946,178.0,-1.0,-397.9390625,555.0031906206676,-1.0,-2694.0,174.21600756681534,240.17076264843686,1346.5,0.28484190950069965,0.0008214953263308827,0.0001380997572516827,0.0010976948408342481,0.0007524454477050414,1.0,0.0,1.0,1.0,0.0,0.0,0.0,0.0,0.02855899146977704,0.00227714875358388,0.0331132889769448,0.0274204170929851,14.2,3.6,16,7,1.0,0.6324555320336759,2.0,0.0,298.6,190.94774154202503,618,54,0.0,0.0,0.0,0.0,100.0,63.245553203367585,200.0,0.0,14.883852529297622,7.421049805131107,18.630562500000003,0.041800000000000004,1.6999983927235007e-06,0.0056899000046541914,7.276549499998509,0.49386699999740813,7.7761080999989645,675.8249133999925
634267172,165032807,710190855,654118701,100.0,63.245553203367585,200.0,0.0,-217.0200653076172,-0.61929137,0.21165475,-0.2660855,-0.8827045,-0.20316841304302216,0.6144889542765324,0.7676368355751038,-0.8996654748916626,136.2126922607422,317.02007538645404,-1.307904589176178,0.3762086929199355,-0.929926872253418,-1.9236479997634888,-0.07820876836776733,0.0019119948148727417,-0.07438477873802185,-0.0791647657752037,0.9626391053199768,0.0029059410095214843,0.9640920758247375,0.9568272233009338,1.3808572053909303,0.0030255794525146486,1.3823699951171875,1.3748060464859009,4.857786655426025,38,358.95621406457315,219.8600133707028,700.0,0.0,41.6911735534668,-4.809593,0.045182988,-4.7723765,-4.913396,-63.681396,23.43628,-9.826792,-76.83896,-205.40577697753906,317.2650520297492,128.0,0.0,128,128,0.00024362136269098092,0.0033783570049886885,0.07669649888473704,0.0,3.33038553617023,5.5981661634996485,22.498611289689446,0.7574261973351405,0.012255297015023814,0.009931329249829632,0.06790081542706526,0.0028409050555325915,0.6206975432850211,0.330094815387322,0.9499525023748812,0.0,0.8994088862522466,0.20353508806448317,1.2239118228861283,0.01798818127592278,-93.53626333749891,196.05308548933743,88.5,-1347.5,76.77465164536888,176.91507345370877,933.0,-1.0,-308.37388392857144,541.0485064454751,-1.0,-2694.0,121.24028454048448,209.94061507423675,1346.5,0.28484190950069965,0.000588102003466471,0.0002367894001623244,0.0010976948408342481,0.0004086636697997548,1.0,0.0,1.0,1.0,0.0,0.0,0.0,0.0,0.023825075752066625,0.004479490561241046,0.0331132889769448,0.020211300398656703,13.285714285714286,4.919764387920733,16,2,3.7142857142857144,2.249716535431946,7.0,0.0,1541.0,1122.7453597575645,3596,17,0.0,0.0,0.0,0.0,358.95621406457315,219.8600133707028,700.0,0.0,24.54444015680292,13.25049261557845,39.52143529458458,0.03424000000000001,1.7999991541728377e-06,0.007808000002114568,23.386012900002243,0.7179835999995703,24.11180630000308,699.9397026999723
762393540,477862457,419901168,304979452,380.95238095238096,231.60682925166319,700.0,0.0,57.5390739440918,-0.57648534,0.18557657,-0.2797711,-0.80939585,-0.09938215017318726,0.7071762605150372,0.794707715511322,-0.8961325883865356,-29.1276912689209,323.41330594304674,-1.4113876819610596,0.33341531838431804,-0.903923511505127,-1.9045897722244263,-0.07601753920316696,0.0001397313430058227,-0.07573850452899933,-0.07609228789806366,0.962444257736206,0.0034755783680679624,0.9649357199668884,0.9560762047767639,1.3806528568267822,0.0036178911650917925,1.3832447528839111,1.3740208148956299,4.856814384460449,39,380.95238095238096,231.60682925166319,700.0,0.0,57.3185920715332,-4.792173,0.01829862,-4.7754583,-4.8249664,-71.84981,9.388487,-53.07463,-76.759575,-272.3619079589844,323.63378492201235,128.0,0.0,128,128,7.593386728586531e-05,0.0008274913020956317,0.015149776296267386,0.0,3.4463882757737387,5.764755430244866,22.498611289689446,0.7574261973351405,0.01259310051061319,0.01007377690797942,0.06790081542706526,0.0028409050555325915,0.6337161915396786,0.3322948490766251,0.9499525023748812,0.0,0.9267609566339111,0.15554682245339432,1.2239118228861283,0.1217220637300839,-84.40781940663645,202.22663369538668,88.5,-1347.5,94.63434639451744,202.40659836502468,933.0,-1.0,-302.3765625,568.8280773996512,-1.0,-2694.0,118.13760955054211,222.77634487946938,1346.5,0.28484190950069965,0.0005687954426793769,0.000267960360185977,0.0010976948408342481,0.0004086636697997548,1.0,0.0,1.0,1.0,0.0,0.0,0.0,0.0,0.02331023033443962,0.005003326236065778,0.0331132889769448,0.020211300398656703,15.0,2.0,16,11,4.0,2.3664319132398464,7.0,0.0,1832.6,1463.0511405962538,4348,37,0.0,0.0,0.0,0.0,380.95238095238096,231.60682925166319,700.0,0.0,26.20844595496127,14.904620013653986,37.72304045722431,0.041800000000000004,2.1999949240125716e-06,0.006037999999534804,19.162075899999763,0.6709011000057217,19.839017199999944,719.7813027999873
3487954,592003168,970653965,542518282,380.95238095238096,231.60682925166319,700.0,0.0,57.5390739440918,-0.57648534,0.18557657,-0.2797711,-0.80939585,-0.09938215017318726,0.7071762605150372,0.794707715511322,-0.8961325883865356,-29.1276912689209,323.41330594304674,-1.4113876819610596,0.33341531838431804,-0.903923511505127,-1.9045897722244263,-0.07601753920316696,0.0001397313430058227,-0.07573850452899933,-0.07609228789806366,0.962444257736206,0.0034755783680679624,0.9649357199668884,0.9560762047767639,1.3806528568267822,0.0036178911650917925,1.3832447528839111,1.3740208148956299,4.856629848480225,40,328.57142857142856,211.89138534559038,600.0,0.0,4.4438652992248535,-4.809436,0.029628066,-4.7696657,-4.8534427,-70.01748,16.700314,-29.120655,-77.47607,-19.220195770263672,324.127549286954,128.0,0.0,128,128,0.0004216016944138024,0.004719109313011145,0.07669649888473704,0.0,3.320791959261217,5.616692762736198,22.498611289689446,0.7574261973351405,0.012566491088309956,0.010445301528269392,0.06790081542706526,0.0028409050555325915,0.6132799025541027,0.3240406717311041,0.9499525023748812,0.0,0.867808955631198,0.24353525958960756,1.2239118228861283,0.01798818127592278,-109.41165198985537,206.29717552968972,88.5,-1347.5,74.38620707130664,175.661582781991,933.0,-1.0,-333.9966517857143,545.1220323218629,-1.0,-2694.0,135.44402842414584,216.30481698342868,1346.5,0.28484190950069965,0.0006212668726867096,0.0002411862543695654,0.0010976948408342481,0.0004086636697997548,1.0,0.0,1.0,1.0,0.0,0.0,0.0,0.0,0.024484569408309755,0.0046182886700570115,0.0331132889769448,0.020211300398656703,14.571428571428571,3.499271061118826,16,6,3.2857142857142856,2.1189138534559038,6.0,0.0,1066.5714285714287,850.933748830048,2564,61,0.0,0.0,0.0,0.0,328.57142857142856,211.89138534559038,600.0,0.0,24.03258268874273,13.062372848242266,37.700333313377065,0.041800000000000004,1.8999999156221747e-06,0.012183700004243292,16.05769529999816,0.6954678999973112,16.76534879999963,736.5492648999643
572545303,816922492,531168081,634578823,271.42857142857144,237.33211036908787,600.0,0.0,-46.78627395629883,-0.689449,0.16068847,-0.45972902,-0.8893909,-0.042261017220360894,0.5837322809984834,0.9014577269554138,-0.7633192539215088,26.7185115814209,318.21483249159917,-1.2266928723880224,0.4166599061612641,-0.9023421406745911,-2.193509578704834,-0.08366635016032628,0.0037313577146587,-0.08002766966819763,-0.08796244859695435,0.960592372076852,0.0029355061614766485,0.9636592864990234,0.954208254814148,1.3787286962781633,0.003061319267390846,1.3819210529327393,1.3720651865005493,4.85551643371582,41,271.42857142857144,237.33211036908787,600.0,0.0,-47.42909622192383,-4.7979155,0.013286668,-4.773925,-4.8235135,-76.76665,0.21258669,-76.3828,-77.176216,226.34432983398438,318.8576515011157,128.0,0.0,128,128,0.0006045322723435405,0.005749698814659278,0.07669649888473704,0.0,3.1245537037432256,5.383178888611954,22.498611289689446,0.7574261973351405,0.013060159653083511,0.010907371596902632,0.06790081542706526,0.0028409050555325915,0.6030905354366408,0.3155335054515679,0.9499525023748812,0.0,0.837049155877631,0.27250892233288937,1.2239118228861283,0.01798818127592278,-123.35882605642321,213.71646555798543,88.5,-1347.5,57.19380104764996,148.2808005812352,933.0,-1.0,-348.20870535714283,541.0510356548126,-1.0,-2694.0,144.06144665727615,219.27252901366816,1346.5,0.28484190950069965,0.0006703785552446075,0.00022750813492460916,0.0010976948408342481,0.0004086636697997548,1.0,0.0,1.0,1.0,0.0,0.0,0.0,0.0,0.025514443221785237,0.0043463289070336366,0.0331132889769448,0.020211300398656703,16.0,0.0,16,16,2.7142857142857144,2.3733211036908783,6.0,0.0,1150.5714285714287,1269.2157147672908,3290,10,0.0,0.0,0.0,0.0,271.42857142857144,237.33211036908787,600.0,0.0,21.742991843754425,12.457693627972542,38.86705053655832,0.03424000000000001,1.6999983927235007e-06,0.005358400005206931,19.583250900002895,0.9023376000041026,20.490948600010597,757.0428193999614
4047737,446415000,424765130,56835548,271.42857142857144,237.33211036908787,600.0,0.0,-46.78627395629883,-0.689449,0.16068847,-0.45972902,-0.8893909,-0.042261017220360894,0.5837322809984834,0.9014577269554138,-0.7633192539215088,26.7185115814209,318.21483249159917,-1.2266928723880224,0.4166599061612641,-0.9023421406745911,-2.193509578704834,-0.08366635016032628,0.0037313577146587,-0.08002766966819763,-0.08796244859695435,0.960592372076852,0.0029355061614766485,0.9636592864990234,0.954208254814148,1.3787286962781633,0.003061319267390846,1.3819210529327393,1.3720651865005493,4.857395648956299,42,386.3312766967252,304.2196170680325,900.0,0.0,60.72627639770508,-4.810363,0.02928699,-4.7731757,-4.8592544,-67.946686,18.086441,-24.29627,-77.118416,-299.021240234375,325.6050140206766,128.0,0.0,128,128,0.0004265519406207189,0.004718840524343484,0.07669649888473704,0.0,3.1341472806522397,5.364196771518567,22.498611289689446,0.7574261973351405,0.012748965579797373,0.010430962815963988,0.06790081542706526,0.0028409050555325915,0.6105081761675591,0.32198258555596626,0.9499525023748812,0.0,0.8686490864986796,0.2414999735762558,1.2239118228861283,0.01798818127592278,-107.48343740406675,204.9288875848817,88.5,-1347.5,59.58224562171221,150.03757392211284,933.0,-1.0,-322.5859375,537.6243890358535,-1.0,-2694.0,129.85770277361482,213.57089968113112,1346.5,0.28484190950069965,0.0006372136860243691,0.00023003462184576471,0.0010976948408342481,0.0004086636697997548,1.0,0.0,1.0,1.0,0.0,0.0,0.0,0.0,0.024854949565542104,0.004357316939335818,0.0331132889769448,0.020211300398656703,14.142857142857142,3.7958086444532633,16,5,4.0,3.0237157840738176,9.0,0.0,1796.2857142857142,1873.0232791083065,5507,38,0.0,0.0,0.0,0.0,386.3312766967252,304.2196170680325,900.0,0.0,21.69375445555107,12.023612365022238,37.93903728466715,0.041800000000000004,1.3999961083754897e-06,0.005205399997066706,23.38584780000383,0.9677519999968354,24.35880659999384,781.4041006999687
85589652,457550240,626576524,11975873,314.2184949155209,137.39511726412934,500.0,112.09876543209876,-3.5966949462890625,-0.6845263,0.22100526,-0.3375634,-0.8859848,-0.3419965412467718,0.3970991179402667,0.16083605587482452,-0.8521342277526855,4.811823844909668,317.8151987339914,-1.1200623959302902,0.30387581664079866,-0.8756300806999207,-1.6326714754104614,-0.08790526539087296,0.003405686432037152,-0.08558443188667297,-0.09375099092721939,0.9587593078613281,0.0015965858984688106,0.9614479541778564,0.9575581550598145,1.376821905374527,0.0016638976637920826,1.3796236515045166,1.3755697011947632,4.854936599731445,43,314.2184949155209,137.39511726412934,500.0,112.09876543209876,-10.247879028320312,-4.7768927,0.018483587,-4.7585692,-4.807749,-76.43028,0.2957374,-76.13711,-76.92398,47.24390411376953,324.46636211016107,128.0,0.0,128,128,0.00034271158982672863,0.004370494699646033,0.07669649888473704,0.0,3.383795634317944,5.5670213863887446,22.498611289689446,0.9934741644695483,0.010546868287696643,0.008370941073151898,0.03896093776379802,0.0028409050555325915,0.6059823151039354,0.3372752580676633,0.9499525023748812,0.0,0.8848583598668274,0.22627526784139979,1.1160351705700695,0.01798818127592278,-91.94981854816135,159.71927297385596,88.5,-585.5,62.212125313896706,144.8340208217609,933.0,-1.0,-298.49609375,470.71904354242054,-1.0,-1612.0,113.9164901073624,165.2006047509735,584.5,0.33410059142782145,0.0005504229609578848,0.00012522440671895908,0.0007524454477050414,0.0004086636697997548,1.0,0.0,1.0,1.0,0.0,0.0,0.0,0.0,0.023309910122552034,0.0025985389064709444,0.0274204170929851,0.020211300398656703,16.0,0.0,16,16,3.75,1.0897247358851685,5.0,2.0,1081.75,424.2483794901284,1693,518,0.0,0.0,0.0,0.0,314.2184949155209,137.39511726412934,500.0,112.09876543209876,23.53735509688474,8.177563673324144,37.69891564152275,18.582300000000004,1.6999983927235007e-06,0.007234800003061537,15.015421800002514,0.5628660000002128,15.585524300004181,796.9921843999691
764895838,564108860,922730985,50118808,314.2184949155209,137.39511726412934,500.0,112.09876543209876,-3.5966949462890625,-0.6845263,0.22100526,-0.3375634,-0.8859848,-0.3419965412467718,0.3970991179402667,0.16083605587482452,-0.8521342277526855,4.811823844909668,317.8151987339914,-1.1200623959302902,0.30387581664079866,-0.8756300806999207,-1.6326714754104614,-0.08790526539087296,0.003405686432037152,-0.08558443188667297,-0.09375099092721939,0.9587593078613281,0.0015965858984688106,0.9614479541778564,0.9575581550598145,1.376821905374527,0.0016638976637920826,1.3796236515045166,1.3755697011947632,4.854362487792969,44,301.37125716428307,207.364512719613,700.0,100.0,-20.785606384277344,-4.7998896,0.020372592,-4.7713904,-4.827412,-73.36959,8.403393,-52.801064,-77.238594,99.1817398071289,322.15685161557326,128.0,0.0,128,128,0.0005639494429285265,0.005711312225279324,0.07669649888473704,0.0,3.4184648328339216,5.65068196126047,22.498611289689446,0.9934741644695483,0.010890242256432465,0.009185774763651627,0.03896093776379802,0.0028409050555325915,0.5974031957869236,0.3299502878188285,0.9499525023748812,0.0,0.8451484138736463,0.2689418477825011,1.1160351705700695,0.01798818127592278,-112.27610801005407,175.45313195390617,88.5,-585.5,62.92755995871752,149.8861941259706,933.0,-1.0,-333.37723214285717,479.10677970221286,-1.0,-1612.0,133.06775137457183,176.56088042090818,584.5,0.33410059142782145,0.0005878923441487681,0.00014862166365265961,0.0007524454477050414,0.0004086636697997548,1.0,0.0,1.0,1.0,0.0,0.0,0.0,0.0,0.02404168215354786,0.003085799340419058,0.0274204170929851,0.020211300398656703,15.285714285714286,1.7496355305594127,16,11,3.2857142857142856,2.1852940772540506,7.0,1.0,1052.0,789.5269831632464,2701,236,0.0,0.0,0.0,0.0,301.37125716428307,207.364512719613,700.0,100.0,24.016504810313933,8.364233766547757,37.34848,18.582300000000004,3.3000032999552786e-06,0.006135199997515883,16.279799299998558,0.7476452000046265,17.033583000004,814.0282565999732
701975890,1065620339,522679137,316934274,384.1269841269841,247.50709720031276,800.0,100.0,59.68060302734375,-0.6650905,0.17078674,-0.42198312,-0.8498544,-0.14087542394797006,0.5856131499225302,0.5015982389450073,-0.7849116921424866,-55.5004997253418,324.44637727329064,-1.1558430790901184,0.12239008287899274,-1.0154762268066406,-1.379318118095398,-0.09194589406251907,0.0035536429422831826,-0.08832982182502747,-0.09691454470157623,0.9575033088525137,0.0020411470084809335,0.9595404863357544,0.9553388953208923,1.3755101561546326,0.0021317505842939777,1.3776377439498901,1.3732494115829468,4.855123043060303,45,384.1269841269841,247.50709720031276,800.0,100.0,55.77313232421875,-4.78515,0.024463477,-4.7516413,-4.8142147,-76.5624,0.39141563,-76.02626,-77.027435,-262.8392028808594,328.3538648667144,128.0,0.0,128,128,0.0004378705191362708,0.005042437330696672,0.07669649888473704,0.0,3.704827568686729,5.98000841876742,22.498611289689446,0.9934741644695483,0.010409067803677246,0.008718681164065836,0.03896093776379802,0.0028409050555325915,0.6065058791873511,0.3372432992078292,0.9499525023748812,0.0,0.8649548379864562,0.2511146506014087,1.1160351705700695,0.01798818127592278,-104.58483745383272,170.37416295965764,88.5,-585.5,86.72579851581732,186.90421329642265,933.0,-1.0,-333.4114583333333,488.8896592598443,-1.0,-1612.0,131.97807726126078,176.6619871583582,584.5,0.33410059142782145,0.0005418622113287866,0.00015404623481948213,0.0007524454477050414,0.0004086636697997548,1.0,0.0,1.0,1.0,0.0,0.0,0.0,0.0,0.023046449480203915,0.0032258383075825553,0.0274204170929851,0.020211300398656703,16.0,0.0,16,16,4.0,2.449489742783178,8.0,1.0,1517.8333333333333,1175.4758492722094,3624,308,0.0,0.0,0.0,0.0,384.1269841269841,247.50709720031276,800.0,100.0,28.33283946382264,9.479181557355462,39.00989463835559,18.582300000000004,2.0000006770715117e-06,0.00515149999409914,20.575696899999457,0.7457127000016044,21.326563099995838,835.3573934999731
492830188,158705372,856799847,275167074,384.1269841269841,247.50709720031276,800.0,100.0,59.68060302734375,-0.6650905,0.17078674,-0.42198312,-0.8498544,-0.14087542394797006,0.5856131499225302,0.5015982389450073,-0.7849116921424866,-55.5004997253418,324.44637727329064,-1.1558430790901184,0.12239008287899274,-1.0154762268066406,-1.379318118095398,-0.09194589406251907,0.0035536429422831826,-0.08832982182502747,-0.09691454470157623,0.9575033088525137,0.0020411470084809335,0.9595404863357544,0.9553388953208923,1.3755101561546326,0.0021317505842939777,1.3776377439498901,1.3732494115829468,4.856734752655029,46,128.57142857142858,197.94866372215742,600.0,0.0,-179.80418395996094,-4.799733,0.01372019,-4.778605,-4.8210964,-70.605515,9.726061,-53.03206,-76.94554,864.8545532226562,308.3756212371858,128.0,0.0,128,128,0.0006955984235874011,0.005823976382935989,0.07669649888473704,0.0,2.163442088343882,4.0443581119472425,22.498611289689443,0.7574261973351405,0.017764943429360434,0.012478415954979977,0.06790081542706526,0.002919703766855815,0.6089217619629884,0.2794536683800398,0.944391978223432,0.0,0.8225309016205636,0.27552193637817995,1.2239118228861283,0.01798818127592278,-141.6678329775842,271.78183196312574,88.5,-1347.5,16.118360326325995,44.785229731116814,411.0,-1.0,-355.0502232142857,635.0655871112731,-1.0,-2694.0,154.87618592162275,281.85038453088174,1346.5,0.28484190950069965,0.0008672446041116057,0.00021355328045646586,0.0010976948408342481,0.0005202913631633715,1.0,0.0,1.0,1.0,0.0,0.0,0.0,0.0,0.029200725672724696,0.003710054728831936,0.0331132889769448,0.02280396149928317,14.714285714285714,2.0503857277724746,16,11,1.2857142857142858,1.979486637221574,6.0,0.0,452.42857142857144,746.0005471355437,2268,47,0.0,0.0,0.0,0.0,128.57142857142858,197.94866372215742,600.0,0.0,10.883287965993448,9.413018463864814,20.333395630106164,0.03424000000000001,1.5999976312741637e-06,0.0051012999974773265,13.803737099995487,0.7499506000021938,14.55879059999279,849.9187499999753
858616074,452304566,336680800,823933417,325.0,178.53571071357126,500.0,100.0,0.498260498046875,-0.77684987,0.15251055,-0.5152528,-0.88733935,-0.04741016170009971,0.42376074455391094,0.4617618918418884,-0.7119089365005493,12.281387329101562,324.5017395459616,-1.015335962176323,0.1415419800871079,-0.8750152587890625,-1.2221204042434692,-0.09791450202465057,0.003513641655445099,-0.09440086036920547,-0.10142814368009567,0.9563726186752319,0.0026767849922180176,0.95904940366745,0.9536958336830139,1.3743269443511963,0.002798914909362793,1.377125859260559,1.3715280294418335,4.854561805725098,47,325.0,178.53571071357126,500.0,100.0,14.961944580078125,-4.7862606,0.005725548,-4.777727,-4.793655,-76.58017,0.09160877,-76.443634,-76.69848,-71.12239074707031,310.0380591134672,128.0,0.0,128,128,0.0006455142394795626,0.006164859420950947,0.07669649888473704,0.0,3.69363506229288,6.0009388219798145,22.498611289689446,0.9934741644695483,0.010772127555844412,0.009463386348407,0.03896093776379802,0.0028409050555325915,0.5978519650012797,0.3299340067221826,0.9499525023748812,0.0,0.8280882522618994,0.2849339752677257,1.0520703258134771,0.01798818127592278,-123.10612421491525,182.6957763591798,88.5,-585.5,83.93927984607802,185.66616191128742,933.0,-1.0,-363.3046875,492.4941633314321,-1.0,-1612.0,148.54911179219903,184.33444399149894,584.5,0.3341005914278215,0.0005805545587523979,0.0001718908889526433,0.0007524454477050414,0.0004086636697997548,1.0,0.0,1.0,1.0,0.0,0.0,0.0,0.0,0.0238158587458209,0.003604558347164199,0.0274204170929851,0.020211300398656703,16.0,0.0,16,16,3.25,1.7853571071357126,5.0,1.0,967.75,699.2676079298969,1984,304,0.0,0.0,0.0,0.0,325.0,178.53571071357126,500.0,100.0,28.055527825896363,9.4738726415187,37.68507191057217,18.582300000000004,1.5999976312741637e-06,0.005914000001212116,11.47493189999659,0.6356909000023734,12.116538399997808,862.0378568999731
679192402,557500886,1018023110,55491266,325.0,178.53571071357126,500.0,100.0,0.498260498046875,-0.77684987,0.15251055,-0.5152528,-0.88733935,-0.04741016170009971,0.42376074455391094,0.4617618918418884,-0.7119089365005493,12.281387329101562,324.5017395459616,-1.015335962176323,0.1415419800871079,-0.8750152587890625,-1.2221204042434692,-0.09791450202465057,0.003513641655445099,-0.09440086036920547,-0.10142814368009567,0.9563726186752319,0.0026767849922180176,0.95904940366745,0.9536958336830139,1.3743269443511963,0.002798914909362793,1.377125859260559,1.3715280294418335,4.853226184844971,48,435.7957894406822,214.25225272432414,700.0,0.0,113.18196105957031,-4.8250885,0.025658559,-4.7969246,-4.8706684,-55.333088,30.572098,-9.741337,-77.04248,-542.4866943359375,322.6138321461887,128.0,0.0,128,128,7.570500000860603e-05,0.0007577327843581341,0.015149776296267386,0.0,3.1665641391581434,5.3661708054319615,22.498611289689446,0.7574261973351405,0.012427405502171125,0.00966917546082277,0.06790081542706526,0.0028409050555325915,0.6272152563665299,0.33223746379402064,0.9499525023748812,0.0,0.9302190277856138,0.14622616934717939,1.2239118228861283,0.1217220637300839,-78.22251796901156,189.70142212756113,88.5,-1347.5,68.33816210119025,162.00499537755084,933.0,-1.0,-277.6158854166667,540.0775210634768,-1.0,-2694.0,105.14460610358655,207.15770381748325,1346.5,0.28484190950069965,0.000579316044987312,0.00023714017707229668,0.0010976948408342481,0.0004086636697997548,1.0,0.0,1.0,1.0,0.0,0.0,0.0,0.0,0.023657962378684626,0.004384634367024646,0.0331132889769448,0.020211300398656703,11.5,6.370504951205464,16,2,4.666666666666667,2.2852182001336816,7.0,0.0,1668.3333333333333,1293.1073256135996,4174,65,0.0,0.0,0.0,0.0,435.7957894406822,214.25225272432414,700.0,0.0,22.090959625852083,12.689492956059716,37.26290174678753,0.04179959717247636,1.600004907231778e-06,0.0051804999966407195,18.998673300004157,0.5003103999988525,19.504165800004557,881.5468366999776
658760007,92749799,316450992,220591670,242.85714285714286,296.9229955832361,800.0,0.0,-73.48014068603516,-0.7430967,0.11593659,-0.54906017,-0.8821626,0.006467002843107496,0.5042453608261191,0.7974656820297241,-0.6791363954544067,81.31095886230469,316.3372798770797,-1.0922788637025016,0.26119976449109855,-0.8655654191970825,-1.644445538520813,-0.09696529167039054,0.004096172793501696,-0.093780517578125,-0.10330985486507416,0.9512904712132045,0.00381748494211571,0.9584475755691528,0.947635293006897,1.3689946447099959,0.00400773966719172,1.3764981031417847,1.3651529550552368,4.856339931488037,49,242.85714285714286,296.9229955832361,800.0,0.0,-71.78101348876953,-4.78875,0.01653056,-4.7622914,-4.813742,-76.62,0.26448897,-76.19666,-77.019875,344.810302734375,314.6381632172841,128.0,0.0,128,128,0.0005126678456576633,0.004812792819684239,0.07669649888473704,0.0,2.3596803438618723,4.393480273698439,22.498611289689446,0.7574261973351405,0.017271274864586877,0.012267421950754634,0.06790081542706526,0.0028409050555325915,0.6191111290804504,0.2888191192231009,0.9499525023748812,0.0,0.8532907013741307,0.24870425112041042,1.2239118228861283,0.01798818127592278,-127.72065891101636,266.9454606828773,88.5,-1347.5,33.31076634998267,110.8507282587464,933.0,-1.0,-340.83816964285717,638.6897297664569,-1.0,-2694.0,146.25876768849244,279.8809771903707,1346.5,0.28484190950069965,0.0008181329215537075,0.0002671192752880852,0.0010976948408342481,0.0004086636697997548,1.0,0.0,1.0,1.0,0.0,0.0,0.0,0.0,0.028170851859249214,0.004878046011814826,0.0331132889769448,0.020211300398656703,16.0,0.0,16,16,2.4285714285714284,2.9692299558323607,8.0,0.0,798.2857142857143,1115.4628397839058,3028,12,0.0,0.0,0.0,0.0,242.85714285714286,296.9229955832361,800.0,0.0,13.63649616259095,13.576683439571395,39.3094936546258,0.03424000000000001,1.500004145782441e-06,0.0074944000007235445,15.629959000005329,0.8994286999950418,16.53688360000524,898.0862831999839
12327951,97663877,503133585,656828586,242.85714285714286,296.9229955832361,800.0,0.0,-73.48014068603516,-0.7430967,0.11593659,-0.54906017,-0.8821626,0.006467002843107496,0.5042453608261191,0.7974656820297241,-0.6791363954544067,81.31095886230469,316.3372798770797,-1.0922788637025016,0.26119976449109855,-0.8655654191970825,-1.644445538520813,-0.09696529167039054,0.004096172793501696,-0.093780517578125,-0.10330985486507416,0.9512904712132045,0.00381748494211571,0.9584475755691528,0.947635293006897,1.3689946447099959,0.00400773966719172,1.3764981031417847,1.3651529550552368,4.85265588760376,50,300.0,209.76176963403032,500.0,0.0,-13.174346923828125,-4.8022127,0.02021866,-4.7671247,-4.8272033,-74.91295,3.8270864,-67.28591,-77.23525,62.50200653076172,313.1743468955557,128.0,0.0,128,128,0.0003389670210771814,0.003993168249193323,0.07669649888473704,0.0,2.9103521679959834,5.069975169896755,22.498611289689446,0.7574261973351405,0.013539700789378556,0.01069187959634303,0.06790081542706526,0.0028409050555325915,0.615570660634071,0.3186057429233159,0.9499525023748812,0.0,0.8848734201933917,0.2196699399419201,1.2239118228861283,0.01798818127592278,-101.23436267972735,212.85302817086776,88.5,-1347.5,49.839431931965876,131.88929102540365,933.0,-1.0,-306.2984375,553.8115992804399,-1.0,-2694.0,122.38113916618113,223.76375814320966,1346.5,0.28484190950069965,0.0006598773369331575,0.0002458982783816056,0.0010976948408342481,0.0004086636697997548,1.0,0.0,1.0,1.0,0.0,0.0,0.0,0.0,0.02527058589343059,0.004558390228227,0.0331132889769448,0.020211300398656703,15.6,0.7999999999999999,16,14,3.0,2.0976176963403033,5.0,0.0,1149.6,1168.64239183764,3315,18,0.0,0.0,0.0,0.0,300.0,209.76176963403032,500.0,0.0,18.24378715889852,11.762430033294367,37.130431710538865,0.03424000000000001,1.400003384333104e-06,0.0054000000018277206,16.101170400004776,0.5722661999971024,16.67883800000709,914.7783610999904
329187348,337730166,116213680,38689046,461.55554308167274,199.78569535209053,800.0,100.0,130.6964569091797,-0.6761667,0.2450512,-0.2748072,-0.8841084,-0.264528770798019,0.46117048108266706,0.38306012749671936,-0.8820310831069946,-82.70365905761719,330.859106197539,-1.148910471371242,0.34693315058717844,-0.8678948283195496,-1.7797852754592896,-0.09879335335322789,0.00271870109186289,-0.09661014378070831,-0.10520872473716736,0.9533179146902901,0.003004725189271419,0.955647885799408,0.9473210573196411,1.3711266687938146,0.003156420374366112,1.3735727071762085,1.3648213148117065,4.852575302124023,51,461.55554308167274,199.78569535209053,800.0,100.0,133.54306030273438,-4.807591,0.02296588,-4.771185,-4.835544,-76.921455,0.36745408,-76.33896,-77.368706,-641.0706787109375,328.0124665141674,128.0,0.0,128,128,0.00019808828706905054,0.0033082287221252484,0.07669649888473704,0.0,3.810941343869903,6.06298000828043,22.498611289689446,0.9934741644695483,0.009902905126885351,0.007737783817374175,0.03896093776379802,0.0028409050555325915,0.6177819300218472,0.34608275793580173,0.9499525023748812,0.0,0.9066680133807802,0.19884033930557682,1.1160351705700695,0.01798818127592278,-84.38175987691842,153.44073042877176,88.5,-585.5,97.31237200603087,198.04039179865495,933.0,-1.0,-304.953125,486.9700324813399,-1.0,-1612.0,115.83291490831118,167.51399750663086,584.5,0.33410059142782145,0.000489668979032972,0.00011782212610741372,0.0007524454477050414,0.0004086636697997548,1.0,0.0,1.0,1.0,0.0,0.0,0.0,0.0,0.02198193452659689,0.0024919622266301963,0.0274204170929851,0.020211300398656703,16.0,0.0,16,16,4.857142857142857,2.099562636671296,8.0,1.0,1612.142857142857,937.9685387004389,2941,121,0.0,0.0,0.0,0.0,461.55554308167274,199.78569535209053,800.0,100.0,29.857140239018772,9.125028574968292,38.635212246146274,18.582300000000004,1.8999999156221747e-06,0.006862599999294616,22.309880100001465,0.848199799998838,23.164944399999513,937.9459629000121
583866853,897830797,460720113,947645042,461.55554308167274,199.78569535209053,800.0,100.0,130.6964569091797,-0.6761667,0.2450512,-0.2748072,-0.8841084,-0.264528770798019,0.46117048108266706,0.38306012749671936,-0.8820310831069946,-82.70365905761719,330.859106197539,-1.148910471371242,0.34693315058717844,-0.8678948283195496,-1.7797852754592896,-0.09879335335322789,0.00271870109186289,-0.09661014378070831,-0.10520872473716736,0.9533179146902901,0.003004725189271419,0.955647885799408,0.9473210573196411,1.3711266687938146,0.003156420374366112,1.3735727071762085,1.3648213148117065,4.852295398712158,52,203.62575509394983,152.5137469757039,500.0,100.0,-111.94804382324219,-4.8141303,0.015316152,-4.792923,-4.8415046,-57.76378,27.225681,-19.234537,-77.46407,538.5624389648438,315.57379537214564,128.0,0.0,128,128,0.000704411448279884,0.0062047127177176364,0.07669649888473704,0.0,2.9152344949327893,5.117410392683343,22.498611289689446,0.7574261973351405,0.013729471665407937,0.01132104361569113,0.06790081542706526,0.0028409050555325915,0.598019833024015,0.3078107733449835,0.9499525023748812,0.0,0.820599423290672,0.28459207526222796,1.2239118228861283,0.01798818127592278,-131.5367945688391,222.17481320037618,88.5,-1347.5,42.70731773411222,119.29317240632601,933.0,-1.0,-353.9830729166667,546.197743471987,-1.0,-2694.0,148.3403297707817,226.09671354347986,1346.5,0.28484190950069965,0.0007139977028187498,0.0002169520679490203,0.0010976948408342481,0.0004086636697997548,1.0,0.0,1.0,1.0,0.0,0.0,0.0,0.0,0.026398300358973326,0.004070697735863058,0.0331132889769448,0.020211300398656703,12.0,5.656854249492381,16,4,2.3333333333333335,1.5986105077709065,5.0,1.0,530.3333333333334,422.0014481281104,1072,31,0.0,0.0,0.0,0.0,203.62575509394983,152.5137469757039,500.0,100.0,18.707726246587416,10.826622913793452,37.53587497952448,0.03424000000000001,1.8999999156221747e-06,0.009815099998377264,11.842803899999126,0.5826431000023149,12.435263999999734,950.3840913999957
680903265,62674613,529827668,933694474,332.9814684494487,238.90003562046468,600.0,0.0,1.9101171493530273,-0.734502,0.20022166,-0.26300025,-0.87341166,0.024101827954707136,0.5059235183412248,0.6180355548858643,-0.8943815231323242,6.107900619506836,331.07134242272997,-1.131628496306283,0.325347835688682,-0.8700993657112122,-1.8720247745513916,-0.09916901482003075,0.003909435631296966,-0.09575807303190231,-0.10525956004858017,0.9483539376940046,0.003925511147081457,0.9544970989227295,0.9429227709770203,1.3659024579184396,0.004139195565764583,1.3723678588867188,1.3601676225662231,4.852849960327148,53,332.9814684494487,238.90003562046468,600.0,0.0,15.666893005371094,-4.810036,0.026619548,-4.7624435,-4.846235,-64.51881,20.057632,-24.167618,-77.15111,-73.00504302978516,317.31456267987596,128.0,0.0,128,128,0.0004315021868276353,0.004718566527066141,0.07669649888473704,0.0,2.9475026020432624,5.092377042606052,22.498611289689446,0.7574261973351405,0.012931440071284788,0.010413407350118049,0.06790081542706526,0.0028409050555325915,0.6077364497810157,0.3198872440913226,0.9499525023748812,0.0,0.8694892173661612,0.2394444406778699,1.2239118228861283,0.01798818127592278,-105.55522281827812,203.5331355800545,88.5,-1347.5,44.77828417211777,117.16330894179502,933.0,-1.0,-311.1752232142857,529.7749790699925,-1.0,-2694.0,124.2713771230838,210.65343686356834,1346.5,0.28484190950069965,0.0006531604993620287,0.00021714613394526502,0.0010976948408342481,0.0004086636697997548,1.0,0.0,1.0,1.0,0.0,0.0,0.0,0.0,0.02522532972277446,0.004045920001424379,0.0331132889769448,0.020211300398656703,13.428571428571429,4.203982562732046,16,5,3.4285714285714284,2.4411439272335804,6.0,0.0,1152.857142857143,993.4959096287108,2869,57,0.0,0.0,0.0,0.0,332.9814684494487,238.90003562046468,600.0,0.0,18.70718496948818,9.962920211829076,37.25756122990616,0.04179959717247636,1.4999968698248267e-06,0.005909499996050727,17.70882719999645,0.7201897000049939,18.434927899994364,968.8214985000086
67951712,81608887,770677053,350867000,332.9814684494487,238.90003562046468,600.0,0.0,1.9101171493530273,-0.734502,0.20022166,-0.26300025,-0.87341166,0.024101827954707136,0.5059235183412248,0.6180355548858643,-0.8943815231323242,6.107900619506836,331.07134242272997,-1.131628496306283,0.325347835688682,-0.8700993657112122,-1.8720247745513916,-0.09916901482003075,0.003909435631296966,-0.09575807303190231,-0.10525956004858017,0.9483539376940046,0.003925511147081457,0.9544970989227295,0.9429227709770203,1.3659024579184396,0.004139195565764583,1.3723678588867188,1.3601676225662231,4.855679512023926,54,262.5,268.9679348918752,700.0,0.0,-49.333099365234375,-4.788607,0.0571273,-4.737957,-4.92283,-68.61812,20.357582,-14.76849,-77.26686,238.8328399658203,311.83310641188837,128.0,0.0,128,128,0.00032468723709075696,0.0033487886862877928,0.07669649888473704,0.0,2.5268151560787526,4.727575350595559,22.498611289689446,0.7574261973351405,0.01770961918179844,0.01228597072195102,0.06790081542706526,0.0028409050555325915,0.6348037001057254,0.2914196591978456,0.9499525023748812,0.0,0.8834257816651451,0.2135670426011386,1.2239118228861283,0.01798818127592278,-118.53555440220643,274.964337275288,88.5,-1347.5,57.187324395859875,165.01924190907752,933.0,-1.0,-337.970703125,669.6223305326242,-1.0,-2694.0,144.8541826428385,293.0591221975406,1346.5,0.28484190950069965,0.0007961519775551622,0.0003193869557979759,0.0010976948408342481,0.0004086636697997548,1.0,0.0,1.0,1.0,0.0,0.0,0.0,0.0,0.027563434274591805,0.005972704793183852,0.0331132889769448,0.020211300398656703,14.375,4.29934588047996,16,3,2.625,2.6896793489187516,7.0,0.0,1051.875,1242.6447035959234,2888,16,0.0,0.0,0.0,0.0,262.5,268.9679348918752,700.0,0.0,16.307300628600686,17.24330063422555,37.326640000000005,0.03424000000000001,5.800000508315861e-06,0.009245900000678375,19.35009980000177,0.7893324999968172,20.148683999999776,988.9734515000164
819896025,220438933,1062243559,300997728,320.8041958041958,290.9809277618107,700.0,0.0,-9.240423202514648,-0.75501734,0.104515925,-0.56952095,-0.85462785,0.08339505394299825,0.49260359161312733,0.9021285772323608,-0.5224196314811707,14.720420837402344,330.04462776087655,-1.169080634911855,0.49631620980987373,-0.8647049069404602,-2.250642776489258,-0.09814293930927913,0.003181763213345909,-0.095821812748909,-0.10497864335775375,0.9447456995646158,0.005459988097045443,0.9514128565788269,0.9391124248504639,1.362082342306773,0.005776707619147611,1.369131326675415,1.3561184406280518,4.8523969650268555,55,320.8041958041958,290.9809277618107,700.0,0.0,8.073969841003418,-4.7837505,0.035773765,-4.72075,-4.8235254,-76.54001,0.57238024,-75.532,-77.17641,-36.01542663574219,312.7302153511191,128.0,0.0,128,128,0.0003306953546694142,0.0037206725124773405,0.07669649888473704,0.0,2.8124753154918163,5.039221992453546,22.498611289689446,0.7574261973351405,0.015322035550431176,0.011635665590360444,0.06790081542706526,0.0028409050555325915,0.6251965717717954,0.3077657208156519,0.9499525023748812,0.0,0.8839033077323726,0.2178865365233012,1.2239118228861283,0.01798818127592278,-109.67364245085805,243.03101352596576,88.5,-1347.5,58.86225803520549,158.59426892132518,933.0,-1.0,-324.8125,610.8473292365422,-1.0,-2694.0,134.54161846434647,258.0029921635836,1346.5,0.28484190950069965,0.0007142423053560698,0.00029436506444916794,0.0010976948408342481,0.0004086636697997548,1.0,0.0,1.0,1.0,0.0,0.0,0.0,0.0,0.02614559289057855,0.005482105881344311,0.0331132889769448,0.020211300398656703,16.0,0.0,16,16,3.3333333333333335,2.9249881291307074,7.0,0.0,1044.0,1099.9860605177382,3042,36,0.0,0.0,0.0,0.0,320.8041958041958,290.9809277618107,700.0,0.0,18.83482722606359,15.343010569431268,37.73883941302298,0.041800000000000004,2.0999941625632346e-06,0.006709500004944857,17.033662900001218,0.8224049000054947,17.86277940000582,1006.8390156000169
740196857,955523027,588993561,1042666993,320.8041958041958,290.9809277618107,700.0,0.0,-9.240423202514648,-0.75501734,0.104515925,-0.56952095,-0.85462785,0.08339505394299825,0.49260359161312733,0.9021285772323608,-0.5224196314811707,14.720420837402344,330.04462776087655,-1.169080634911855,0.49631620980987373,-0.8647049069404602,-2.250642776489258,-0.09814293930927913,0.003181763213345909,-0.095821812748909,-0.10497864335775375,0.9447456995646158,0.005459988097045443,0.9514128565788269,0.9391124248504639,1.362082342306773,0.005776707619147611,1.369131326675415,1.3561184406280518,4.850876808166504,56,583.8224228743417,397.46098761381575,1200.0,100.0,243.9829559326172,-4.8067956,0.031780858,-4.7719917,-4.85872,-72.859795,8.689088,-53.44592,-77.42374,-1174.2073974609375,339.83943610344136,128.0,0.0,128,128,0.0004494210936190758,0.005041805523351536,0.07669649888473704,0.0,3.2693233185991164,5.432968635750435,22.498611289689446,0.9934741644695483,0.010834841617147886,0.008777841554683929,0.03896093776379802,0.0028409050555325915,0.6000385176187494,0.3324442632292408,0.9499525023748812,0.0,0.8669151433439133,0.24650381150412423,1.1160351705700695,0.01798818127592278,-100.0856700869926,166.3112896950756,88.5,-585.5,52.18322180009699,125.02200887974017,933.0,-1.0,-306.7864583333333,468.65205501607477,-1.0,-1612.0,118.94331741002175,168.1659178740092,584.5,0.33410059142782145,0.0005790714424499921,0.00012879000578383068,0.0007524454477050414,0.0004086636697997548,1.0,0.0,1.0,1.0,0.0,0.0,0.0,0.0,0.023910669847079402,0.0026456377894392537,0.0274204170929851,0.020211300398656703,15.166666666666666,1.863389981249825,16,11,6.0,3.958114029012639,12.0,1.0,2619.0,1955.1107385516555,5658,226,0.0,0.0,0.0,0.0,583.8224228743417,397.46098761381575,1200.0,100.0,22.55247493038385,6.576302747665851,37.153019582303074,18.582300000000004,1.600004907231778e-06,0.005723900001612492,24.831569000001764,0.6020533000046271,25.43934780001291,1032.2809926000336
784241550,824445069,845327572,920460916,626.1904761904761,190.01432097836928,800.0,304.76190476190476,266.53125,-0.5745357,0.11943139,-0.37721717,-0.67289007,0.08074040710926056,0.7593276273969838,0.8954235315322876,-0.8190334439277649,-144.26309204101562,359.6592126038365,-1.5580700635910034,0.4304072840793146,-0.9891223907470703,-2.20027494430542,-0.09795065224170685,0.0007864683866500854,-0.09716418385505676,-0.09873712062835693,0.9442915320396423,0.0022263526916503906,0.9465178847312927,0.9420651793479919,1.3616154193878174,0.0023577213287353516,1.3639731407165527,1.359257698059082,4.8505377769470215,57,626.1904761904761,190.01432097836928,800.0,304.76190476190476,257.7159423828125,-4.8176975,0.021687977,-4.788313,-4.8476825,-77.08316,0.34700763,-76.61301,-77.56292,-1245.25048828125,368.47454011214484,128.0,0.0,128,128,2.2583078449687193e-05,9.404176862872558e-05,0.0006926383769704485,0.0,3.727212581474428,5.937862994554725,22.498611289689446,1.0072067682033523,0.009682948299342919,0.006938585378995866,0.028409050555325915,0.0028409050555325915,0.6238137075594936,0.3507661466187955,0.9499525023748812,0.0,0.9386880094355696,0.13655069336458284,1.1160351705700695,0.16361343296583433,-67.54226393166765,135.16043960392972,88.5,-484.2,92.29883585529589,189.2329764294435,933.0,-1.0,-273.625,476.00069754413175,-1.0,-1612.0,98.83600819938434,154.99162404580554,550.2620777108547,0.33410059142782145,0.0004644775164815632,5.5813846681808366e-05,0.0005202913631633715,0.0004086636697997548,1.0,0.0,1.0,1.0,0.0,0.0,0.0,0.0,0.021507630948969937,0.001296330550313234,0.02280396149928317,0.020211300398656703,16.0,0.0,16,16,6.5,1.5,8.0,4.0,2260.25,1515.2000486734416,4872,1152,0.0,0.0,0.0,0.0,626.1904761904761,190.01432097836928,800.0,304.76190476190476,28.058781641338285,9.12953418945793,37.246,18.889170121994585,1.400003384333104e-06,0.005041399999754503,20.261590399997658,0.48738730000332,20.754020500004117,1053.0375276000268
283468587,989400710,23463629,35422904,626.1904761904761,190.01432097836928,800.0,304.76190476190476,266.53125,-0.5745357,0.11943139,-0.37721717,-0.67289007,0.08074040710926056,0.7593276273969838,0.8954235315322876,-0.8190334439277649,-144.26309204101562,359.6592126038365,-1.5580700635910034,0.4304072840793146,-0.9891223907470703,-2.20027494430542,-0.09795065224170685,0.0007864683866500854,-0.09716418385505676,-0.09873712062835693,0.9442915320396423,0.0022263526916503906,0.9465178847312927,0.9420651793479919,1.3616154193878174,0.0023577213287353516,1.3639731407165527,1.359257698059082,4.849997520446777,58,370.2292441140025,246.20090337226682,621.3754646840149,0.0,1.5792236328125,-4.800531,0.06465691,-4.751008,-4.933294,-61.369034,21.015467,-28.942263,-76.58388,-11.894866943359375,368.6500105123306,128.0,0.0,128,128,0.0005025430151779945,0.0050931099676348995,0.07669649888473704,0.0,2.7086748762828314,4.747766902876242,22.498611289689443,0.7574261973351405,0.013579298819976092,0.010773896489377413,0.06790081542706526,0.002919703766855815,0.6034400664257854,0.3130906830719777,0.944391978223432,0.0,0.8584461616939575,0.24956851495706045,1.2239118228861283,0.01798818127592278,-110.7659241243365,211.38255962442196,88.5,-1347.5,28.222548045991335,64.37862674533615,411.0,-1.0,-310.77734375,533.3639716042361,-1.0,-2694.0,125.25191531422395,216.60560658370096,1346.5,0.28484190950069965,0.000693909970955741,0.00020829677871353833,0.0010976948408342481,0.0005202913631633715,1.0,0.0,1.0,1.0,0.0,0.0,0.0,0.0,0.026061001276794084,0.003769520501451581,0.0331132889769448,0.02280396149928317,12.833333333333334,4.487637339278753,16,6,3.8333333333333335,2.608745973749755,7.0,0.0,777.1666666666666,622.853759365355,1601,33,0.0,0.0,0.0,0.0,370.2292441140025,246.20090337226682,621.3754646840149,0.0,15.67244125539471,6.992105796878135,18.96859531564857,0.04179959718149156,1.400003384333104e-06,0.00495740000042133,16.68773599999986,0.795608499996888,17.488303300000553,1070.5283442000218
16648123,895794063,743134744,211760123,332.2601284196955,215.044868141352,600.0,100.0,-24.659181594848633,-0.7142348,0.15728174,-0.41992545,-0.8599515,-0.2469967111412968,0.46319627080872805,0.5032748579978943,-0.9805976748466492,17.52545166015625,356.9193041854224,-1.3487621630941118,0.9578067761277715,-0.8576133847236633,-3.678863525390625,-0.10207810997962952,0.004023987365395888,-0.09705543518066406,-0.10661143809556961,0.9313873648643494,0.005951581736261373,0.9395719766616821,0.9262786507606506,1.3478381293160575,0.006381269181812825,1.3566076755523682,1.3423583507537842,4.8521809577941895,59,332.2601284196955,215.044868141352,600.0,100.0,-32.750885009765625,-4.7903266,0.02846582,-4.7511706,-4.8415337,-71.824196,11.615698,-43.389297,-77.46454,158.36593627929688,365.0110223030671,128.0,0.0,128,128,0.0006045322723435405,0.005749698814659278,0.07669649888473704,0.0,3.1245537037432265,5.383178888611953,22.498611289689446,0.7574261973351405,0.01306015965308351,0.010907371596902632,0.06790081542706526,0.0028409050555325915,0.6030905354366409,0.3155335054515679,0.9499525023748812,0.0,0.837049155877631,0.27250892233288937,1.2239118228861283,0.01798818127592278,-123.35882605642323,213.7164655579854,88.5,-1347.5,57.19380104764996,148.2808005812352,933.0,-1.0,-348.20870535714283,541.0510356548127,-1.0,-2694.0,144.06144665727615,219.27252901366816,1346.5,0.28484190950069965,0.0006703785552446075,0.00022750813492460916,0.0010976948408342481,0.0004086636697997548,1.0,0.0,1.0,1.0,0.0,0.0,0.0,0.0,0.025514443221785244,0.0043463289070336366,0.0331132889769448,0.020211300398656703,15.0,2.449489742783178,16,9,3.5714285714285716,2.4411439272335804,7.0,1.0,873.7142857142857,814.0027578552289,2123,58,0.0,0.0,0.0,0.0,332.2601284196955,215.044868141352,600.0,100.0,21.51017699122625,12.129263506447225,38.5692,0.041800000000000004,3.0000010156072676e-06,0.009828800000832416,20.123303399996075,0.8780244000008679,21.01115959999879,1091.5442689000047
908491913,81011138,533739719,739929909,332.2601284196955,215.044868141352,600.0,100.0,-24.659181594848633,-0.7142348,0.15728174,-0.41992545,-0.8599515,-0.2469967111412968,0.46319627080872805,0.5032748579978943,-0.9805976748466492,17.52545166015625,356.9193041854224,-1.3487621630941118,0.9578067761277715,-0.8576133847236633,-3.678863525390625,-0.10207810997962952,0.004023987365395888,-0.09705543518066406,-0.10661143809556961,0.9313873648643494,0.005951581736261373,0.9395719766616821,0.9262786507606506,1.3478381293160575,0.006381269181812825,1.3566076755523682,1.3423583507537842,4.854808807373047,60,350.0,250.0,600.0,100.0,-13.509918212890625,-4.809611,0.04380356,-4.7656455,-4.8804035,-57.505524,25.44045,-14.641211,-76.95696,56.103485107421875,363.5099200727604,128.0,0.0,128,128,0.00041373154130300315,0.0044609861968019325,0.07669649888473704,0.0,2.8694511584092277,5.067287161774154,22.498611289689446,0.7574261973351405,0.014344223731835973,0.011271070922602044,0.06790081542706526,0.0028409050555325915,0.6159351594909408,0.3118593010070311,0.9499525023748812,0.0,0.8706846583738007,0.23583895996760001,1.2239118228861283,0.01798818127592278,-111.34457512930732,228.46576069430944,88.5,-1347.5,52.17804721952849,141.70993084365693,933.0,-1.0,-324.451171875,577.655601296797,-1.0,-2694.0,133.15545685209497,239.7002938311375,1346.5,0.28484190950069965,0.0006947738303756039,0.00026361644081108343,0.0010976948408342481,0.0004086636697997548,1.0,0.0,1.0,1.0,0.0,0.0,0.0,0.0,0.025887241991967444,0.00490635589023878,0.0331132889769448,0.020211300398656703,12.0,5.338539126015656,16,3,3.5,2.5,6.0,1.0,1076.5,975.9245616337361,2060,28,0.0,0.0,0.0,0.0,350.0,250.0,600.0,100.0,19.02173599366175,13.134628689395049,37.13043397463799,0.041800000000000004,2.1999949240125716e-06,0.006697099997836631,19.53627029999916,0.54426070000045,20.08723029999237,1111.6345423000093
