al_utilization,atr_utilization,ch2_utilization,ch3_utilization,clean_count,clean_time_share,cmax,gap,instance,lllower_capacity_utilization,llupper_capacity_utilization,mean_cycle_time,method,p95_cycle_time,path,pdi,pec_peak_in_tool,physically_feasible,run_label,solution_file,solver_seed,solving_time,status,suite,throughput_wph,total_wafers,training_seed,validation_note,vtr_utilization,warm_start
0.27027026981373264,0.5472972963728087,0.27364864818640433,0.27364864818640433,0,0.0,592.000001,0.0,cie_core_n008_f008_m000_proc090.lp,0.1689189186335829,0.2027027023602995,373.0,scip_default,440.0,D:\git\git\RDMCT-A3C\cie\data\core\pure41\cie_core_n008_f008_m000_proc090.lp,0.0,0,True,manufacturing_doe,D:\git\git\RDMCT-A3C\cie\results\doe\cie_doe_600s_mem2048_repro_v1\seed5\solutions\cie_core__cie_core_n008_f008_m000_proc090__scip_default__solverseed_5__trainseed_-1__manufacturing_doe.sol,5,0.03768659999968804,optimal,cie_core,48.64864856647188,8,-1,checked active primary model at feasibility tolerance 1.000001e-06; removed 13 inactive auxiliaries,0.05405405396274653,auto
0.2622950815372212,0.5311475401128729,0.2950819667293738,0.2950819667293738,0,0.0,610.000001,0.0,cie_core_n008_f008_m000_proc100.lp,0.16393442596076324,0.19672131115291588,391.0,scip_default,458.0,D:\git\git\RDMCT-A3C\cie\data\core\pure41\cie_core_n008_f008_m000_proc100.lp,0.0,0,True,manufacturing_doe,D:\git\git\RDMCT-A3C\cie\results\doe\cie_doe_600s_mem2048_repro_v1\seed5\solutions\cie_core__cie_core_n008_f008_m000_proc100__scip_default__solverseed_5__trainseed_-1__manufacturing_doe.sol,5,0.03569280000010622,optimal,cie_core,47.21311467669981,8,-1,checked active primary model at feasibility tolerance 1.000001e-06; removed 13 inactive auxiliaries,0.052459016307444234,auto
0.2547770696579983,0.5159235660574466,0.3152866237017729,0.3152866237017729,0,0.0,628.000001,0.0,cie_core_n008_f008_m000_proc110.lp,0.15923566853624893,0.19108280224349872,409.0,scip_default,476.0,D:\git\git\RDMCT-A3C\cie\data\core\pure41\cie_core_n008_f008_m000_proc110.lp,0.0,0,True,manufacturing_doe,D:\git\git\RDMCT-A3C\cie\results\doe\cie_doe_600s_mem2048_repro_v1\seed5\solutions\cie_core__cie_core_n008_f008_m000_proc110__scip_default__solverseed_5__trainseed_-1__manufacturing_doe.sol,5,0.03628430000026128,optimal,cie_core,45.859872538439696,8,-1,checked active primary model at feasibility tolerance 1.000001e-06; removed 13 inactive auxiliaries,0.05095541393159966,auto
0.3512623486813801,0.7113062560797857,0.3556531280398978,0.3556531280398978,0,0.0,911.000001,0.0,cie_core_n016_f016_m000_proc090.lp,0.2700329305488124,0.29527991186028435,384.9999999999988,scip_default,476.0,D:\git\git\RDMCT-A3C\cie\data\core\pure41\cie_core_n016_f016_m000_proc090.lp,0.0,0,True,manufacturing_doe,D:\git\git\RDMCT-A3C\cie\results\doe\cie_doe_600s_mem2048_repro_v1\seed5\solutions\cie_core__cie_core_n016_f016_m000_proc090__scip_default__solverseed_5__trainseed_-1__manufacturing_doe.sol,5,0.26461860000017623,optimal,cie_core,63.227222762648495,16,-1,checked active primary model at feasibility tolerance 1.000001e-06; removed 13 inactive auxiliaries,0.07025246973627573,auto
0.3389830504883654,0.68644067723894,0.3813559317994111,0.3813559317994111,0,0.0,944.000001,0.0,cie_core_n016_f016_m000_proc100.lp,0.2605932200629309,0.26906779632514005,398.0,scip_default,481.0,D:\git\git\RDMCT-A3C\cie\data\core\pure41\cie_core_n016_f016_m000_proc100.lp,0.0,0,True,manufacturing_doe,D:\git\git\RDMCT-A3C\cie\results\doe\cie_doe_600s_mem2048_repro_v1\seed5\solutions\cie_core__cie_core_n016_f016_m000_proc100__scip_default__solverseed_5__trainseed_-1__manufacturing_doe.sol,5,0.258326200000738,optimal,cie_core,61.01694908790577,16,-1,checked active primary model at feasibility tolerance 1.000001e-06; removed 13 inactive auxiliaries,0.06779661009767309,auto
0.32653061191170346,0.6612244891211995,0.404081632240733,0.404081632240733,0,0.0,980.000001,0.0,cie_core_n016_f016_m000_proc110.lp,0.25102040790712205,0.25918367320491464,416.0,scip_default,499.0,D:\git\git\RDMCT-A3C\cie\data\core\pure41\cie_core_n016_f016_m000_proc110.lp,0.0,0,True,manufacturing_doe,D:\git\git\RDMCT-A3C\cie\results\doe\cie_doe_600s_mem2048_repro_v1\seed5\solutions\cie_core__cie_core_n016_f016_m000_proc110__scip_default__solverseed_5__trainseed_-1__manufacturing_doe.sol,5,0.25904129999889847,optimal,cie_core,58.775510144106626,16,-1,checked active primary model at feasibility tolerance 1.000001e-06; removed 13 inactive auxiliaries,0.0653061223823407,auto
0.38866396729662833,0.7870445337756724,0.3935222668878362,0.3935222668878362,0,0.0,1235.000001,0.0,cie_core_n024_f024_m000_proc090.lp,0.3174089066255798,0.33198380539920336,391.6666666666667,scip_default,486.0,D:\git\git\RDMCT-A3C\cie\data\core\pure41\cie_core_n024_f024_m000_proc090.lp,200.0,0,True,manufacturing_doe,D:\git\git\RDMCT-A3C\cie\results\doe\cie_doe_600s_mem2048_repro_v1\seed5\solutions\cie_core__cie_core_n024_f024_m000_proc090__scip_default__solverseed_5__trainseed_-1__manufacturing_doe.sol,5,2.383725499999855,optimal,cie_core,69.9595141133931,24,-1,checked active primary model at feasibility tolerance 1.000001e-06; removed 13 inactive auxiliaries,0.07773279345932567,auto
0.3785488956005138,0.7665615135910397,0.4258675075505776,0.4258675075505776,0,0.0,1268.000001,0.0,cie_core_n024_f024_m000_proc100.lp,0.30914826474041934,0.30599369061041504,400.3333333333334,scip_default,486.0,D:\git\git\RDMCT-A3C\cie\data\core\pure41\cie_core_n024_f024_m000_proc100.lp,200.0,0,True,manufacturing_doe,D:\git\git\RDMCT-A3C\cie\results\doe\cie_doe_600s_mem2048_repro_v1\seed5\solutions\cie_core__cie_core_n024_f024_m000_proc100__scip_default__solverseed_5__trainseed_-1__manufacturing_doe.sol,5,2.359323300000142,optimal,cie_core,68.13880120809242,24,-1,checked active primary model at feasibility tolerance 1.000001e-06; removed 13 inactive auxiliaries,0.07570977912010304,auto
0.36308623270568396,0.7352496212290093,0.4493192129732835,0.4493192129732835,0,0.0,1322.000001,0.0,cie_core_n024_f024_m000_proc110.lp,0.2965204233763083,0.2934947047704276,418.3333333333334,scip_default,504.0,D:\git\git\RDMCT-A3C\cie\data\core\pure41\cie_core_n024_f024_m000_proc110.lp,200.0,0,True,manufacturing_doe,D:\git\git\RDMCT-A3C\cie\results\doe\cie_doe_600s_mem2048_repro_v1\seed5\solutions\cie_core__cie_core_n024_f024_m000_proc110__scip_default__solverseed_5__trainseed_-1__manufacturing_doe.sol,5,2.394054600000345,optimal,cie_core,65.35552188702304,24,-1,checked active primary model at feasibility tolerance 1.000001e-06; removed 13 inactive auxiliaries,0.07261724654113706,auto
0.4105195635596419,0.8313021162082732,0.41565105810413655,0.41565105810413644,0,0.0,1559.000001,0.0,cie_core_n032_f032_m000_proc090.lp,0.3450930087587608,0.3579217451199996,395.0000002500003,scip_default,486.00000100000113,D:\git\git\RDMCT-A3C\cie\data\core\pure41\cie_core_n032_f032_m000_proc090.lp,800.0,0,True,manufacturing_doe,D:\git\git\RDMCT-A3C\cie\results\doe\cie_doe_600s_mem2048_repro_v1\seed5\solutions\cie_core__cie_core_n032_f032_m000_proc090__scip_default__solverseed_5__trainseed_-1__manufacturing_doe.sol,5,7.8383288999993965,optimal,cie_core,73.89352144073538,32,-1,checked active primary model at feasibility tolerance 1.000001e-06; removed 13 inactive auxiliaries,0.0821039127119285,auto
0.4020100499987377,0.8140703512474422,0.45226130624857824,0.4522613062485784,0,0.0,1592.000001,0.0,cie_core_n032_f032_m000_proc100.lp,0.33793969828018866,0.3278894470302204,401.49999999999943,scip_default,486.00000000000006,D:\git\git\RDMCT-A3C\cie\data\core\pure41\cie_core_n032_f032_m000_proc100.lp,800.0,0,True,manufacturing_doe,D:\git\git\RDMCT-A3C\cie\results\doe\cie_doe_600s_mem2048_repro_v1\seed5\solutions\cie_core__cie_core_n032_f032_m000_proc100__scip_default__solverseed_5__trainseed_-1__manufacturing_doe.sol,5,7.561210099999698,optimal,cie_core,72.36180899977273,32,-1,checked active primary model at feasibility tolerance 1.000001e-06; removed 13 inactive auxiliaries,0.08040200999974748,auto
0.3846153843842454,0.7788461533780965,0.4759615381755033,0.47596153817550396,0,0.0,1664.000001,0.0,cie_core_n032_f032_m000_proc110.lp,0.3233173074980064,0.3137019228883996,419.4999999999997,scip_default,504.0,D:\git\git\RDMCT-A3C\cie\data\core\pure41\cie_core_n032_f032_m000_proc110.lp,800.0,0,True,manufacturing_doe,D:\git\git\RDMCT-A3C\cie\results\doe\cie_doe_600s_mem2048_repro_v1\seed5\solutions\cie_core__cie_core_n032_f032_m000_proc110__scip_default__solverseed_5__trainseed_-1__manufacturing_doe.sol,5,7.8118403000007675,optimal,cie_core,69.23076918916419,32,-1,checked active primary model at feasibility tolerance 1.000001e-06; removed 13 inactive auxiliaries,0.07692307687684924,auto
0.22408963554049072,0.4537815119694937,0.6806722679542404,0.6806722679542405,0,0.0,714.000001,0.0,cie_core_n008_f000_m008_proc090.lp,0.1400560222128067,0.16806722665536564,471.9999999999995,scip_default,472.0,D:\git\git\RDMCT-A3C\cie\data\core\spbs\cie_core_n008_f000_m008_proc090.lp,93.07600098345287,4,True,manufacturing_doe,D:\git\git\RDMCT-A3C\cie\results\doe\cie_doe_600s_mem2048_repro_v1\seed5\solutions\cie_core__cie_core_n008_f000_m008_proc090__scip_default__solverseed_5__trainseed_-1__manufacturing_doe.sol,5,0.4751930000002176,optimal,cie_core,40.336134397288326,8,-1,checked active primary model at feasibility tolerance 1.000001e-06; removed 13 inactive auxiliaries,0.04481792710809766,auto
0.20833333306206597,0.4218749994506836,0.7031249990844727,0.7031249990844727,0,0.0,768.000001,0.0,cie_core_n008_f000_m008_proc100.lp,0.13020833316379124,0.1562499997965491,508.0,scip_default,508.0,D:\git\git\RDMCT-A3C\cie\data\core\spbs\cie_core_n008_f000_m008_proc100.lp,0.0,4,True,manufacturing_doe,D:\git\git\RDMCT-A3C\cie\results\doe\cie_doe_600s_mem2048_repro_v1\seed5\solutions\cie_core__cie_core_n008_f000_m008_proc100__scip_default__solverseed_5__trainseed_-1__manufacturing_doe.sol,5,0.45628169999963575,optimal,cie_core,37.49999995117187,8,-1,checked active primary model at feasibility tolerance 1.000001e-06; removed 13 inactive auxiliaries,0.04166666661241364,auto
0.19464720170967495,0.39416058346209176,0.7226277363471683,0.7226277363471683,0,0.0,822.000001,0.0,cie_core_n008_f000_m008_proc110.lp,0.1216545010685456,0.14598540128225584,543.9999999999998,scip_default,544.0,D:\git\git\RDMCT-A3C\cie\data\core\spbs\cie_core_n008_f000_m008_proc110.lp,92.0303344243833,4,True,manufacturing_doe,D:\git\git\RDMCT-A3C\cie\results\doe\cie_doe_600s_mem2048_repro_v1\seed5\solutions\cie_core__cie_core_n008_f000_m008_proc110__scip_default__solverseed_5__trainseed_-1__manufacturing_doe.sol,5,0.4737020999991728,optimal,cie_core,35.03649630774149,8,-1,checked active primary model at feasibility tolerance 1.000001e-06; removed 13 inactive auxiliaries,0.0389294403419354,auto
0.19323671474246773,0.3913043473534969,0.7826086947069943,0.3913043473534972,0,0.0,828.000001,0.0,cie_core_n008_f002_m006_proc090.lp,0.14130434765542707,0.15458937179397664,440.75,scip_default,480.000000000001,D:\git\git\RDMCT-A3C\cie\data\core\spbs\cie_core_n008_f002_m006_proc090.lp,0.0,4,True,manufacturing_doe,D:\git\git\RDMCT-A3C\cie\results\doe\cie_doe_600s_mem2048_repro_v1\seed5\solutions\cie_core__cie_core_n008_f002_m006_proc090__scip_default__solverseed_5__trainseed_-1__manufacturing_doe.sol,5,0.36332109999966633,optimal,cie_core,34.78260865364419,8,-1,checked active primary model at feasibility tolerance 1.000001e-06; removed 13 inactive auxiliaries,0.05314009655417904,auto
0.1777777775802469,0.35999999959999973,0.7999999991111111,0.39999999955555554,0,0.0,900.000001,0.0,cie_core_n008_f002_m006_proc100.lp,0.1744444464728395,0.2266666641925926,532.75,scip_default,642.0,D:\git\git\RDMCT-A3C\cie\data\core\spbs\cie_core_n008_f002_m006_proc100.lp,91.45331598172638,4,True,manufacturing_doe,D:\git\git\RDMCT-A3C\cie\results\doe\cie_doe_600s_mem2048_repro_v1\seed5\solutions\cie_core__cie_core_n008_f002_m006_proc100__scip_default__solverseed_5__trainseed_-1__manufacturing_doe.sol,5,0.42542060000050697,optimal,cie_core,31.999999964444445,8,-1,checked active primary model at feasibility tolerance 1.000001e-06; removed 13 inactive auxiliaries,0.04888888883456828,auto
0.16460905332859174,0.3333333329903978,0.814814813976528,0.407407406988264,0,0.0,972.000001,0.0,cie_core_n008_f002_m006_proc110.lp,0.1805555553697988,0.20113168703587275,535.2500000000001,scip_default,619.5,D:\git\git\RDMCT-A3C\cie\data\core\spbs\cie_core_n008_f002_m006_proc110.lp,0.0,6,True,manufacturing_doe,D:\git\git\RDMCT-A3C\cie\results\doe\cie_doe_600s_mem2048_repro_v1\seed5\solutions\cie_core__cie_core_n008_f002_m006_proc110__scip_default__solverseed_5__trainseed_-1__manufacturing_doe.sol,5,0.5537970999994286,optimal,cie_core,29.629629599146472,8,-1,checked active primary model at feasibility tolerance 1.000001e-06; removed 13 inactive auxiliaries,0.045267489665363016,auto
0.20512820486522101,0.41538461485207284,0.6230769222781097,0.4153846148520731,0,0.0,780.000000999996,0.0,cie_core_n008_f004_m004_proc090.lp,0.1282051267587159,0.16282051132972172,424.2499995000009,scip_default,479.0,D:\git\git\RDMCT-A3C\cie\data\core\spbs\cie_core_n008_f004_m004_proc090.lp,0.0,6,True,manufacturing_doe,D:\git\git\RDMCT-A3C\cie\results\doe\cie_doe_600s_mem2048_repro_v1\seed5\solutions\cie_core__cie_core_n008_f004_m004_proc090__scip_default__solverseed_5__trainseed_-1__manufacturing_doe.sol,5,0.32058820000020205,optimal,cie_core,36.92307687573983,8,-1,checked active primary model at feasibility tolerance 1.000001e-06; removed 13 inactive auxiliaries,0.05128205121630532,auto
0.1918465225517439,0.388489208167281,0.647482013612135,0.4316546757414233,0,0.0,834.000000999996,0.0,cie_core_n008_f004_m004_proc100.lp,0.11990407659483981,0.15227817727544668,451.2499997500008,scip_default,514.9999990000031,D:\git\git\RDMCT-A3C\cie\data\core\spbs\cie_core_n008_f004_m004_proc100.lp,100.0,6,True,manufacturing_doe,D:\git\git\RDMCT-A3C\cie\results\doe\cie_doe_600s_mem2048_repro_v1\seed5\solutions\cie_core__cie_core_n008_f004_m004_proc100__scip_default__solverseed_5__trainseed_-1__manufacturing_doe.sol,5,0.2650262000006478,optimal,cie_core,34.53237405931387,8,-1,checked active primary model at feasibility tolerance 1.000001e-06; removed 13 inactive auxiliaries,0.047961630637935924,auto
0.18018017997727456,0.36486486445398103,0.6689189181656319,0.44594594544375454,0,0.0,888.000001,0.0,cie_core_n008_f004_m004_proc110.lp,0.11261261248579661,0.1430180178569617,478.25,scip_default,551.0,D:\git\git\RDMCT-A3C\cie\data\core\spbs\cie_core_n008_f004_m004_proc110.lp,0.0,6,True,manufacturing_doe,D:\git\git\RDMCT-A3C\cie\results\doe\cie_doe_600s_mem2048_repro_v1\seed5\solutions\cie_core__cie_core_n008_f004_m004_proc110__scip_default__solverseed_5__trainseed_-1__manufacturing_doe.sol,5,0.36226759999954083,optimal,cie_core,32.43243239590942,8,-1,checked active primary model at feasibility tolerance 1.000001e-06; removed 13 inactive auxiliaries,0.04504504499431864,auto
0.20512820486522054,0.415384614852071,0.6230769222781065,0.2076923074260355,0,0.0,780.000001,0.0,cie_core_n008_f006_m002_proc090.lp,0.15769230749013807,0.16282051261176858,392.50000000000006,scip_default,479.0,D:\git\git\RDMCT-A3C\cie\data\core\spbs\cie_core_n008_f006_m002_proc090.lp,92.78576115161314,6,True,manufacturing_doe,D:\git\git\RDMCT-A3C\cie\results\doe\cie_doe_600s_mem2048_repro_v1\seed5\solutions\cie_core__cie_core_n008_f006_m002_proc090__scip_default__solverseed_5__trainseed_-1__manufacturing_doe.sol,5,0.39889039999980014,optimal,cie_core,36.923076875739646,8,-1,checked active primary model at feasibility tolerance 1.000001e-06; removed 13 inactive auxiliaries,0.056410256337936004,auto
0.19184652255174306,0.38848920816728033,0.6474820136121318,0.21582733787071062,0,0.0,834.000001,0.0,cie_core_n008_f006_m002_proc100.lp,0.14748201421165227,0.15227817727544607,415.00000000000034,scip_default,515.0,D:\git\git\RDMCT-A3C\cie\data\core\spbs\cie_core_n008_f006_m002_proc100.lp,0.0,6,True,manufacturing_doe,D:\git\git\RDMCT-A3C\cie\results\doe\cie_doe_600s_mem2048_repro_v1\seed5\solutions\cie_core__cie_core_n008_f006_m002_proc100__scip_default__solverseed_5__trainseed_-1__manufacturing_doe.sol,5,0.5334732000001168,optimal,cie_core,34.5323740593137,8,-1,checked active primary model at feasibility tolerance 1.000001e-06; removed 13 inactive auxiliaries,0.05275779370172926,auto
0.1801801799772742,0.3648648644539805,0.6689189181656319,0.22297297272187727,0,0.0,888.000001,0.0,cie_core_n008_f006_m002_proc110.lp,0.11261261248579661,0.1430180167308375,431.7499995000001,scip_default,550.999999,D:\git\git\RDMCT-A3C\cie\data\core\spbs\cie_core_n008_f006_m002_proc110.lp,0.0,4,True,manufacturing_doe,D:\git\git\RDMCT-A3C\cie\results\doe\cie_doe_600s_mem2048_repro_v1\seed5\solutions\cie_core__cie_core_n008_f006_m002_proc110__scip_default__solverseed_5__trainseed_-1__manufacturing_doe.sol,5,0.2466764000009789,optimal,cie_core,32.43243239590942,8,-1,checked active primary model at feasibility tolerance 1.000001e-06; removed 13 inactive auxiliaries,0.049549549493750504,auto
0.30592734196374033,0.6195028674765745,0.7743785843457182,0.7743785843457183,0,0.0,1046.000001,0.0,cie_core_n016_f000_m016_proc090.lp,0.22944550551678264,0.2595602306313955,480.93750006249996,scip_default,487.4999995,D:\git\git\RDMCT-A3C\cie\data\core\spbs\cie_core_n016_f000_m016_proc090.lp,2174.1558159981405,4,True,manufacturing_doe,D:\git\git\RDMCT-A3C\cie\results\doe\cie_doe_600s_mem2048_repro_v1\seed5\solutions\cie_core__cie_core_n016_f000_m016_proc090__scip_default__solverseed_5__trainseed_-1__manufacturing_doe.sol,5,64.85447059999933,optimal,cie_core,55.0669215534733,16,-1,checked active primary model at feasibility tolerance 1.000001e-06; removed 13 inactive auxiliaries,0.045889101294560974,auto
0.2816901405971035,0.5704225347091348,0.7922535204293543,0.7922535204293543,0,0.0,1136.000001,0.0,cie_core_n016_f000_m016_proc100.lp,0.22491197119285922,0.2354753523455328,518.3749997499998,scip_default,532.4999995,D:\git\git\RDMCT-A3C\cie\data\core\spbs\cie_core_n016_f000_m016_proc100.lp,2333.2256061703993,4,True,manufacturing_doe,D:\git\git\RDMCT-A3C\cie\results\doe\cie_doe_600s_mem2048_repro_v1\seed5\solutions\cie_core__cie_core_n016_f000_m016_proc100__scip_default__solverseed_5__trainseed_-1__manufacturing_doe.sol,5,54.74415829999998,optimal,cie_core,50.70422530747867,16,-1,checked active primary model at feasibility tolerance 1.000001e-06; removed 13 inactive auxiliaries,0.04225352108956556,auto
0.2610114190366951,0.528548123549308,0.8075040776447765,0.8075040776447764,0,0.0,1226.000001,0.0,cie_core_n016_f000_m016_proc110.lp,0.21574224982402757,0.2255301813005471,556.6250001249998,scip_default,577.4999995,D:\git\git\RDMCT-A3C\cie\data\core\spbs\cie_core_n016_f000_m016_proc110.lp,2573.2844443437675,4,True,manufacturing_doe,D:\git\git\RDMCT-A3C\cie\results\doe\cie_doe_600s_mem2048_repro_v1\seed5\solutions\cie_core__cie_core_n016_f000_m016_proc110__scip_default__solverseed_5__trainseed_-1__manufacturing_doe.sol,5,28.53048310000031,optimal,cie_core,46.98205542660517,16,-1,checked active primary model at feasibility tolerance 1.000001e-06; removed 13 inactive auxiliaries,0.03915171285550431,auto
0.28776978391387625,0.5827338124255991,0.7284172655319988,0.5827338124255991,0,0.0,1112.000001,0.0,cie_core_n016_f004_m012_proc090.lp,0.22841726598163914,0.2239208631079848,455.125,scip_default,503.0,D:\git\git\RDMCT-A3C\cie\data\core\spbs\cie_core_n016_f004_m012_proc090.lp,2069.874717356418,4,True,manufacturing_doe,D:\git\git\RDMCT-A3C\cie\results\doe\cie_doe_600s_mem2048_repro_v1\seed5\solutions\cie_core__cie_core_n016_f004_m012_proc090__scip_default__solverseed_5__trainseed_-1__manufacturing_doe.sol,5,24.506343099999867,optimal,cie_core,51.79856110449769,16,-1,checked active primary model at feasibility tolerance 1.000001e-06; removed 13 inactive auxiliaries,0.05035971218492852,auto
0.2662229615089658,0.5391014970556559,0.7487520792439666,0.5990016633951734,0,0.0,1202.000001,0.0,cie_core_n016_f004_m012_proc100.lp,0.19966722113172441,0.23377703724311383,488.8749996875,scip_default,535.0,D:\git\git\RDMCT-A3C\cie\data\core\spbs\cie_core_n016_f004_m012_proc100.lp,1609.7268297401713,4,True,manufacturing_doe,D:\git\git\RDMCT-A3C\cie\results\doe\cie_doe_600s_mem2048_repro_v1\seed5\solutions\cie_core__cie_core_n016_f004_m012_proc100__scip_default__solverseed_5__trainseed_-1__manufacturing_doe.sol,5,18.013149700000213,optimal,cie_core,47.92013307161386,16,-1,checked active primary model at feasibility tolerance 1.000001e-06; removed 13 inactive auxiliaries,0.04658901826406903,auto
0.2476780183841503,0.5015479872279042,0.7662538693759637,0.6130030955007708,0,0.0,1292.000001,0.0,cie_core_n016_f004_m012_proc110.lp,0.3777089780358289,0.20201238374457262,548.8749999999998,scip_default,695.0000000000002,D:\git\git\RDMCT-A3C\cie\data\core\spbs\cie_core_n016_f004_m012_proc110.lp,2774.1803353964547,4,True,manufacturing_doe,D:\git\git\RDMCT-A3C\cie\results\doe\cie_doe_600s_mem2048_repro_v1\seed5\solutions\cie_core__cie_core_n016_f004_m012_proc110__scip_default__solverseed_5__trainseed_-1__manufacturing_doe.sol,5,35.18037480000021,optimal,cie_core,44.582043309147025,16,-1,checked active primary model at feasibility tolerance 1.000001e-06; removed 13 inactive auxiliaries,0.04334365321722627,auto
0.2914389796981431,0.5901639338887396,0.5901639338887397,0.5901639338887397,0,0.0,1098.000001,0.0,cie_core_n016_f008_m008_proc090.lp,0.2723132957447046,0.29781421011128395,446.50000025000026,scip_default,539.0,D:\git\git\RDMCT-A3C\cie\data\core\spbs\cie_core_n016_f008_m008_proc090.lp,1722.6427907785787,4,True,manufacturing_doe,D:\git\git\RDMCT-A3C\cie\results\doe\cie_doe_600s_mem2048_repro_v1\seed5\solutions\cie_core__cie_core_n016_f008_m008_proc090__scip_default__solverseed_5__trainseed_-1__manufacturing_doe.sol,5,21.359801999999945,optimal,cie_core,52.45901634566574,16,-1,checked active primary model at feasibility tolerance 1.000001e-06; removed 13 inactive auxiliaries,0.058287795939628594,auto
0.27350427327051646,0.5538461525181153,0.6153846148586587,0.6153846148586622,0,0.0,1170.00000099997,0.0,cie_core_n016_f008_m008_proc100.lp,0.2700854689999535,0.30085470145224935,490.62499937501457,scip_default,572.999999000024,D:\git\git\RDMCT-A3C\cie\data\core\spbs\cie_core_n016_f008_m008_proc100.lp,2421.5184376135703,4,True,manufacturing_doe,D:\git\git\RDMCT-A3C\cie\results\doe\cie_doe_600s_mem2048_repro_v1\seed5\solutions\cie_core__cie_core_n016_f008_m008_proc100__scip_default__solverseed_5__trainseed_-1__manufacturing_doe.sol,5,27.489024399998925,optimal,cie_core,49.23076918869291,16,-1,checked active primary model at feasibility tolerance 1.000001e-06; removed 13 inactive auxiliaries,0.05470085465410323,auto
0.2576489530936803,0.5217391300147027,0.6376811589068588,0.637681158906859,0,0.0,1242.000001,0.0,cie_core_n016_f008_m008_proc110.lp,0.1964573267339313,0.2624798701590338,497.12499931249994,scip_default,608.999999,D:\git\git\RDMCT-A3C\cie\data\core\spbs\cie_core_n016_f008_m008_proc110.lp,2581.93343638349,4,True,manufacturing_doe,D:\git\git\RDMCT-A3C\cie\results\doe\cie_doe_600s_mem2048_repro_v1\seed5\solutions\cie_core__cie_core_n016_f008_m008_proc110__scip_default__solverseed_5__trainseed_-1__manufacturing_doe.sol,5,38.11905400000069,optimal,cie_core,46.376811556862464,16,-1,checked active primary model at feasibility tolerance 1.000001e-06; removed 13 inactive auxiliaries,0.051529790618736075,auto
0.2938475663050125,0.5950413208493929,0.5950413217676479,0.4462809913257372,0,0.0,1089.00000099998,0.0,cie_core_n016_f012_m004_proc090.lp,0.23048668573875014,0.3030303018337861,417.74999962500647,scip_default,536.999999000018,D:\git\git\RDMCT-A3C\cie\data\core\spbs\cie_core_n016_f012_m004_proc090.lp,1272.7140291459814,6,True,manufacturing_doe,D:\git\git\RDMCT-A3C\cie\results\doe\cie_doe_600s_mem2048_repro_v1\seed5\solutions\cie_core__cie_core_n016_f012_m004_proc090__scip_default__solverseed_5__trainseed_-1__manufacturing_doe.sol,5,15.650871599999846,optimal,cie_core,52.8925619349022,16,-1,checked active primary model at feasibility tolerance 1.000001e-06; removed 13 inactive auxiliaries,0.06611570241862774,auto
0.27633851444185653,0.5595854917447595,0.6217616574941728,0.4663212431206285,0,0.0,1158.00000099997,0.0,cie_core_n016_f012_m004_proc100.lp,0.2037996544008691,0.21934369583822363,427.4999999999988,scip_default,514.9999999999951,D:\git\git\RDMCT-A3C\cie\data\core\spbs\cie_core_n016_f012_m004_proc100.lp,1694.7693565573015,6,True,manufacturing_doe,D:\git\git\RDMCT-A3C\cie\results\doe\cie_doe_600s_mem2048_repro_v1\seed5\solutions\cie_core__cie_core_n016_f012_m004_proc100__scip_default__solverseed_5__trainseed_-1__manufacturing_doe.sol,5,19.59845039999982,optimal,cie_core,49.740932599534155,16,-1,checked active primary model at feasibility tolerance 1.000001e-06; removed 13 inactive auxiliaries,0.0621761657494177,auto
0.26016260141450637,0.5268292678643751,0.6439024385009037,0.482926828875678,0,0.0,1230.00000099998,0.0,cie_core_n016_f012_m004_proc110.lp,0.21463414616696758,0.259349591659104,460.37499962500806,scip_default,608.999999000021,D:\git\git\RDMCT-A3C\cie\data\core\spbs\cie_core_n016_f012_m004_proc110.lp,2478.402250293869,6,True,manufacturing_doe,D:\git\git\RDMCT-A3C\cie\results\doe\cie_doe_600s_mem2048_repro_v1\seed5\solutions\cie_core__cie_core_n016_f012_m004_proc110__scip_default__solverseed_5__trainseed_-1__manufacturing_doe.sol,5,28.87734360000013,optimal,cie_core,46.82926825461111,16,-1,checked active primary model at feasibility tolerance 1.000001e-06; removed 13 inactive auxiliaries,0.05853658531826388,auto
0.04568383439176939,0.09250976464333302,0.1709336803492038,0.1709336803492038,2,0.04758732749142645,10506.9989503,4.061174831069364,cie_core_n024_f000_m024_proc090.lp,0.02855239649485587,0.034262875793827044,472.0,scip_default,472.0,D:\git\git\RDMCT-A3C\cie\data\core\spbs\cie_core_n024_f000_m024_proc090.lp,43391.604535429615,4,True,manufacturing_doe,D:\git\git\RDMCT-A3C\cie\results\doe\cie_doe_600s_mem2048_repro_v1\seed5\solutions\cie_core__cie_core_n024_f000_m024_proc090__scip_default__solverseed_5__trainseed_-1__manufacturing_doe.sol,5,540.0196479000006,timelimit,cie_core,8.22309019051849,24,-1,checked active primary model at feasibility tolerance 1.000001e-06; removed 13 inactive auxiliaries,0.010659561358079524,auto
0.04568383439176939,0.09250976464333302,0.18463883066673462,0.18463883066673462,2,0.04758732749142645,10506.9989503,3.7499995250000073,cie_core_n024_f000_m024_proc100.lp,0.02855239649485587,0.034262875793827044,508.0,scip_default,508.0,D:\git\git\RDMCT-A3C\cie\data\core\spbs\cie_core_n024_f000_m024_proc100.lp,42694.735711578855,4,True,manufacturing_doe,D:\git\git\RDMCT-A3C\cie\results\doe\cie_doe_600s_mem2048_repro_v1\seed5\solutions\cie_core__cie_core_n024_f000_m024_proc100__scip_default__solverseed_5__trainseed_-1__manufacturing_doe.sol,5,539.7898949999999,timelimit,cie_core,8.22309019051849,24,-1,checked active primary model at feasibility tolerance 1.000001e-06; removed 13 inactive auxiliaries,0.010659561358079524,auto
0.04568383439176939,0.09250976464333302,0.19834398098426542,0.19834398098426542,2,0.04758732749142645,10506.9989503,3.4596769733870967,cie_core_n024_f000_m024_proc110.lp,0.02855239649485587,0.034262875793827044,544.0,scip_default,544.0,D:\git\git\RDMCT-A3C\cie\data\core\spbs\cie_core_n024_f000_m024_proc110.lp,41960.92622926457,4,True,manufacturing_doe,D:\git\git\RDMCT-A3C\cie\results\doe\cie_doe_600s_mem2048_repro_v1\seed5\solutions\cie_core__cie_core_n024_f000_m024_proc110__scip_default__solverseed_5__trainseed_-1__manufacturing_doe.sol,5,539.7851173000008,timelimit,cie_core,8.22309019051849,24,-1,checked active primary model at feasibility tolerance 1.000001e-06; removed 13 inactive auxiliaries,0.010659561358079524,auto
0.0456490773137761,0.0924393815603966,0.17080363094904558,0.15539706735564612,2,0.0475511222018501,10514.9989495,3.9834118239336496,cie_core_n024_f006_m018_proc090.lp,0.03157394514202847,0.0465049975134094,505.1666666666667,scip_default,625.0,D:\git\git\RDMCT-A3C\cie\data\core\spbs\cie_core_n024_f006_m018_proc090.lp,43249.16678036128,8,True,manufacturing_doe,D:\git\git\RDMCT-A3C\cie\results\doe\cie_doe_600s_mem2048_repro_v1\seed5\solutions\cie_core__cie_core_n024_f006_m018_proc090__scip_default__solverseed_5__trainseed_-1__manufacturing_doe.sol,5,539.7202324999998,timelimit,cie_core,8.216833916479699,24,-1,checked active primary model at feasibility tolerance 1.000001e-06; removed 13 inactive auxiliaries,0.012553496261288427,auto
0.0456490773137761,0.0924393815603966,0.1844983541431784,0.16737995015051235,2,0.0475511222018501,10514.9989495,3.6609037892287235,cie_core_n024_f006_m018_proc100.lp,0.02853067332111006,0.034997625940561675,549.0,scip_default,1034.0,D:\git\git\RDMCT-A3C\cie\data\core\spbs\cie_core_n024_f006_m018_proc100.lp,42500.19856471315,4,True,manufacturing_doe,D:\git\git\RDMCT-A3C\cie\results\doe\cie_doe_600s_mem2048_repro_v1\seed5\solutions\cie_core__cie_core_n024_f006_m018_proc100__scip_default__solverseed_5__trainseed_-1__manufacturing_doe.sol,5,539.8067685999995,timelimit,cie_core,8.216833916479699,24,-1,checked active primary model at feasibility tolerance 1.000001e-06; removed 13 inactive auxiliaries,0.012553496261288427,auto
0.0456490773137761,0.0924393815603966,0.19819307733731123,0.17936283294537858,2,0.0475511222018501,10514.9989495,3.3849036482485406,cie_core_n024_f006_m018_proc110.lp,0.06371850375047913,0.036138852873406076,616.5,scip_default,944.0,D:\git\git\RDMCT-A3C\cie\data\core\spbs\cie_core_n024_f006_m018_proc110.lp,41776.907955056464,8,True,manufacturing_doe,D:\git\git\RDMCT-A3C\cie\results\doe\cie_doe_600s_mem2048_repro_v1\seed5\solutions\cie_core__cie_core_n024_f006_m018_proc110__scip_default__solverseed_5__trainseed_-1__manufacturing_doe.sol,5,539.7805057000005,timelimit,cie_core,8.216833916479699,24,-1,checked active primary model at feasibility tolerance 1.000001e-06; removed 13 inactive auxiliaries,0.012553496261288427,auto
0.0456490773137761,0.0924393815603966,0.15539706735564612,0.07703281796699717,1,0.02377556110092505,10514.9989495,4.031099975358852,cie_core_n024_f012_m012_proc090.lp,0.06324299252846063,0.044222543647720595,683.6666666666666,scip_default,2495.0,D:\git\git\RDMCT-A3C\cie\data\core\spbs\cie_core_n024_f012_m012_proc090.lp,43327.64515245068,4,True,manufacturing_doe,D:\git\git\RDMCT-A3C\cie\results\doe\cie_doe_600s_mem2048_repro_v1\seed5\solutions\cie_core__cie_core_n024_f012_m012_proc090__scip_default__solverseed_5__trainseed_-1__manufacturing_doe.sol,5,539.7609346999998,timelimit,cie_core,8.216833916479699,24,-1,checked active primary model at feasibility tolerance 1.000001e-06; removed 13 inactive auxiliaries,0.010651451373214422,auto
0.21371326793690498,0.43276936757223095,0.7836153157686494,0.4007123773816961,1,0.11130899371713758,2246.000001,0.0,cie_core_n024_f012_m012_proc100.lp,0.40739091700472446,0.3455031164979951,571.9166666666675,scip_default,1024.000000000002,D:\git\git\RDMCT-A3C\cie\data\core\spbs\cie_core_n024_f012_m012_proc100.lp,41193.617549399794,6,True,manufacturing_doe,D:\git\git\RDMCT-A3C\cie\results\doe\cie_doe_600s_mem2048_repro_v1\seed5\solutions\cie_core__cie_core_n024_f012_m012_proc100__scip_default__solverseed_5__trainseed_-1__manufacturing_doe.sol,5,521.7178265000002,optimal,cie_core,38.46838822864275,24,-1,checked active primary model at feasibility tolerance 1.000001e-06; removed 13 inactive auxiliaries,0.04986642918527764,auto
0.0456490773137761,0.0924393815603966,0.17936283294537858,0.0941512219596632,1,0.02377556110092505,10514.9989495,3.4935892942307696,cie_core_n024_f012_m012_proc110.lp,0.06305278803965324,0.05401807482130171,558.5,scip_default,845.0,D:\git\git\RDMCT-A3C\cie\data\core\spbs\cie_core_n024_f012_m012_proc110.lp,42066.09485986674,4,True,manufacturing_doe,D:\git\git\RDMCT-A3C\cie\results\doe\cie_doe_600s_mem2048_repro_v1\seed5\solutions\cie_core__cie_core_n024_f012_m012_proc110__scip_default__solverseed_5__trainseed_-1__manufacturing_doe.sol,5,539.8601338999997,timelimit,cie_core,8.216833916479699,24,-1,checked active primary model at feasibility tolerance 1.000001e-06; removed 13 inactive auxiliaries,0.010651451373214422,auto
0.1971252565925573,0.39917864459992664,0.671047227650494,0.266119096399951,1,0.10266940447528977,2435.000001,0.15512333965844402,cie_core_n024_f018_m006_proc090.lp,0.18562628329132388,0.4447638610083126,562.5000001666672,scip_default,1023.9999999999998,D:\git\git\RDMCT-A3C\cie\data\core\spbs\cie_core_n024_f018_m006_proc090.lp,42360.72196927965,6,True,manufacturing_doe,D:\git\git\RDMCT-A3C\cie\results\doe\cie_doe_600s_mem2048_repro_v1\seed5\solutions\cie_core__cie_core_n024_f018_m006_proc090__scip_default__solverseed_5__trainseed_-1__manufacturing_doe.sol,5,539.8316323000017,timelimit,cie_core,35.482546186660144,24,-1,checked active primary model at feasibility tolerance 1.000001e-06; removed 13 inactive auxiliaries,0.054209445562953935,auto
0.19154030319571408,0.3878691139713207,0.7023144450509514,0.2873104547935709,1,0.09976057458110109,2506.000001,0.11476868327402136,cie_core_n024_f018_m006_proc100.lp,0.14724660808170528,0.1572226659388585,453.6666668333334,scip_default,854.9999999999991,D:\git\git\RDMCT-A3C\cie\data\core\spbs\cie_core_n024_f018_m006_proc100.lp,7698.180223041506,6,True,manufacturing_doe,D:\git\git\RDMCT-A3C\cie\results\doe\cie_doe_600s_mem2048_repro_v1\seed5\solutions\cie_core__cie_core_n024_f018_m006_proc100__scip_default__solverseed_5__trainseed_-1__manufacturing_doe.sol,5,539.7186160000001,timelimit,cie_core,34.47725457522855,24,-1,checked active primary model at feasibility tolerance 1.000001e-06; removed 13 inactive auxiliaries,0.0526735833788214,auto
0.2003338897327489,0.4056761267088159,0.7871452417415922,0.3305509180590355,1,0.10434056756914001,2396.000001,0.0,cie_core_n024_f018_m006_proc110.lp,0.30968280412784527,0.43906510916566655,572.4166666666664,scip_default,936.0,D:\git\git\RDMCT-A3C\cie\data\core\spbs\cie_core_n024_f018_m006_proc110.lp,31526.48267656251,6,True,manufacturing_doe,D:\git\git\RDMCT-A3C\cie\results\doe\cie_doe_600s_mem2048_repro_v1\seed5\solutions\cie_core__cie_core_n024_f018_m006_proc110__scip_default__solverseed_5__trainseed_-1__manufacturing_doe.sol,5,468.8775941999975,optimal,cie_core,36.06010015189479,24,-1,checked active primary model at feasibility tolerance 1.000001e-06; removed 13 inactive auxiliaries,0.055091819676507246,auto
0.060865436418368134,0.12325250874719547,0.20161675813584443,0.20161675813584443,2,0.0475511222018501,10514.9989495,3.373959629159734,cie_core_n032_f000_m032_proc090.lp,0.05839277806387193,0.06600095761616795,498.75,scip_default,525.5,D:\git\git\RDMCT-A3C\cie\data\core\spbs\cie_core_n032_f000_m032_proc090.lp,41882.6297620649,8,True,manufacturing_doe,D:\git\git\RDMCT-A3C\cie\results\doe\cie_doe_600s_mem2048_repro_v1\seed5\solutions\cie_core__cie_core_n032_f000_m032_proc090__scip_default__solverseed_5__trainseed_-1__manufacturing_doe.sol,5,539.5802906999998,timelimit,cie_core,10.955778555306264,32,-1,checked active primary model at feasibility tolerance 1.000001e-06; removed 13 inactive auxiliaries,0.012173087283673627,auto
0.060865436418368134,0.12325250874719547,0.21873516212851046,0.21873516212851046,2,0.0475511222018501,10514.9989495,3.1792523642686805,cie_core_n032_f000_m032_proc100.lp,0.07227770574681215,0.07446505736809726,602.25,scip_default,1015.0,D:\git\git\RDMCT-A3C\cie\data\core\spbs\cie_core_n032_f000_m032_proc100.lp,41296.38798094541,8,True,manufacturing_doe,D:\git\git\RDMCT-A3C\cie\results\doe\cie_doe_600s_mem2048_repro_v1\seed5\solutions\cie_core__cie_core_n032_f000_m032_proc100__scip_default__solverseed_5__trainseed_-1__manufacturing_doe.sol,5,539.760459000001,timelimit,cie_core,10.955778555306264,32,-1,checked active primary model at feasibility tolerance 1.000001e-06; removed 13 inactive auxiliaries,0.012173087283673627,auto
0.060865436418368134,0.12325250874719547,0.2358535661211765,0.2358535661211765,2,0.0475511222018501,10514.9989495,2.804268794681621,cie_core_n032_f000_m032_proc110.lp,0.08197813467598958,0.06438421946130504,691.625,scip_default,1669.0,D:\git\git\RDMCT-A3C\cie\data\core\spbs\cie_core_n032_f000_m032_proc110.lp,40024.42085636505,6,True,manufacturing_doe,D:\git\git\RDMCT-A3C\cie\results\doe\cie_doe_600s_mem2048_repro_v1\seed5\solutions\cie_core__cie_core_n032_f000_m032_proc110__scip_default__solverseed_5__trainseed_-1__manufacturing_doe.sol,5,539.8006159999986,timelimit,cie_core,10.955778555306264,32,-1,checked active primary model at feasibility tolerance 1.000001e-06; removed 13 inactive auxiliaries,0.012173087283673627,auto
0.060865436418368134,0.12325250874719547,0.186210194542445,0.186210194542445,2,0.0475511222018501,10514.9989495,3.323601541324013,cie_core_n032_f008_m024_proc090.lp,0.07165954115818811,0.07517832420112501,598.875,scip_default,2119.0,D:\git\git\RDMCT-A3C\cie\data\core\spbs\cie_core_n032_f008_m024_proc090.lp,41847.45479996184,4,True,manufacturing_doe,D:\git\git\RDMCT-A3C\cie\results\doe\cie_doe_600s_mem2048_repro_v1\seed5\solutions\cie_core__cie_core_n032_f008_m024_proc090__scip_default__solverseed_5__trainseed_-1__manufacturing_doe.sol,5,539.5718873999995,timelimit,cie_core,10.955778555306264,32,-1,checked active primary model at feasibility tolerance 1.000001e-06; removed 13 inactive auxiliaries,0.01369472319413283,auto
0.060865436418368134,0.12325250874719547,0.20161675813584443,0.20161675813584443,2,0.0475511222018501,10514.9989495,3.172618630357143,cie_core_n032_f008_m024_proc100.lp,0.08806467831782638,0.05725155113102753,752.4375,scip_default,2537.0,D:\git\git\RDMCT-A3C\cie\data\core\spbs\cie_core_n032_f008_m024_proc100.lp,41302.7471848634,6,True,manufacturing_doe,D:\git\git\RDMCT-A3C\cie\results\doe\cie_doe_600s_mem2048_repro_v1\seed5\solutions\cie_core__cie_core_n032_f008_m024_proc100__scip_default__solverseed_5__trainseed_-1__manufacturing_doe.sol,5,539.7615091000007,timelimit,cie_core,10.955778555306264,32,-1,checked active primary model at feasibility tolerance 1.000001e-06; removed 13 inactive auxiliaries,0.01369472319413283,auto
0.060865436418368134,0.12325250874719547,0.21702332172924388,0.21702332172924388,2,0.0475511222018501,10514.9989495,2.9264372473861093,cie_core_n032_f008_m024_proc110.lp,0.16576321199564945,0.0944365286928743,641.5625,scip_default,1078.0,D:\git\git\RDMCT-A3C\cie\data\core\spbs\cie_core_n032_f008_m024_proc110.lp,40531.98153479587,8,True,manufacturing_doe,D:\git\git\RDMCT-A3C\cie\results\doe\cie_doe_600s_mem2048_repro_v1\seed5\solutions\cie_core__cie_core_n032_f008_m024_proc110__scip_default__solverseed_5__trainseed_-1__manufacturing_doe.sol,5,539.7104509000037,timelimit,cie_core,10.955778555306264,32,-1,checked active primary model at feasibility tolerance 1.000001e-06; removed 13 inactive auxiliaries,0.01369472319413283,auto
0.060865436418368134,0.12325250874719547,0.17080363094904558,0.17080363094904558,2,0.0475511222018501,10514.9989495,3.4993577015404296,cie_core_n032_f016_m016_proc090.lp,0.07332383043525285,0.10860676310902563,594.3125,scip_default,1423.0,D:\git\git\RDMCT-A3C\cie\data\core\spbs\cie_core_n032_f016_m016_proc090.lp,42276.300148033886,6,True,manufacturing_doe,D:\git\git\RDMCT-A3C\cie\results\doe\cie_doe_600s_mem2048_repro_v1\seed5\solutions\cie_core__cie_core_n032_f016_m016_proc090__scip_default__solverseed_5__trainseed_-1__manufacturing_doe.sol,5,539.7471044000013,timelimit,cie_core,10.955778555306264,32,-1,checked active primary model at feasibility tolerance 1.000001e-06; removed 13 inactive auxiliaries,0.015216359104592033,auto
0.060865436418368134,0.12325250874719547,0.1844983541431784,0.1844983541431784,2,0.0475511222018501,10514.9989495,3.2450540769075435,cie_core_n032_f016_m016_proc100.lp,0.06657157108259014,0.06657157108259014,555.4375,scip_default,1071.0,D:\git\git\RDMCT-A3C\cie\data\core\spbs\cie_core_n032_f016_m016_proc100.lp,41577.965803042636,8,True,manufacturing_doe,D:\git\git\RDMCT-A3C\cie\results\doe\cie_doe_600s_mem2048_repro_v1\seed5\solutions\cie_core__cie_core_n032_f016_m016_proc100__scip_default__solverseed_5__trainseed_-1__manufacturing_doe.sol,5,539.6694052000021,timelimit,cie_core,10.955778555306264,32,-1,checked active primary model at feasibility tolerance 1.000001e-06; removed 13 inactive auxiliaries,0.015216359104592033,auto
0.060865436418368134,0.12325250874719547,0.19819307733731123,0.19819307733731123,2,0.0475511222018501,10514.9989495,3.0011411523972606,cie_core_n032_f016_m016_proc110.lp,0.09980980550168336,0.06809320699304934,618.625,scip_default,1401.0,D:\git\git\RDMCT-A3C\cie\data\core\spbs\cie_core_n032_f016_m016_proc110.lp,40831.070849664124,8,True,manufacturing_doe,D:\git\git\RDMCT-A3C\cie\results\doe\cie_doe_600s_mem2048_repro_v1\seed5\solutions\cie_core__cie_core_n032_f016_m016_proc110__scip_default__solverseed_5__trainseed_-1__manufacturing_doe.sol,5,539.6952888000014,timelimit,cie_core,10.955778555306264,32,-1,checked active primary model at feasibility tolerance 1.000001e-06; removed 13 inactive auxiliaries,0.015216359104592033,auto
0.060865436418368134,0.12325250874719547,0.15539706735564612,0.15539706735564612,2,0.0475511222018501,10514.9989495,3.563801626953125,cie_core_n032_f024_m008_proc090.lp,0.06172135661800143,0.07313362594644546,452.625,scip_default,691.5,D:\git\git\RDMCT-A3C\cie\data\core\spbs\cie_core_n032_f024_m008_proc090.lp,42651.304122359536,4,True,manufacturing_doe,D:\git\git\RDMCT-A3C\cie\results\doe\cie_doe_600s_mem2048_repro_v1\seed5\solutions\cie_core__cie_core_n032_f024_m008_proc090__scip_default__solverseed_5__trainseed_-1__manufacturing_doe.sol,5,539.7130133999999,timelimit,cie_core,10.955778555306264,32,-1,checked active primary model at feasibility tolerance 1.000001e-06; removed 13 inactive auxiliaries,0.016737995015051237,auto
0.060865436418368134,0.12325250874719547,0.16737995015051235,0.16737995015051235,2,0.0475511222018501,10514.9989495,3.320048869556286,cie_core_n032_f024_m008_proc100.lp,0.10123633916773887,0.117689027449579,587.25,scip_default,1204.0,D:\git\git\RDMCT-A3C\cie\data\core\spbs\cie_core_n032_f024_m008_proc100.lp,41907.43191491702,4,True,manufacturing_doe,D:\git\git\RDMCT-A3C\cie\results\doe\cie_doe_600s_mem2048_repro_v1\seed5\solutions\cie_core__cie_core_n032_f024_m008_proc100__scip_default__solverseed_5__trainseed_-1__manufacturing_doe.sol,5,539.6613171999961,timelimit,cie_core,10.955778555306264,32,-1,checked active primary model at feasibility tolerance 1.000001e-06; removed 13 inactive auxiliaries,0.016737995015051237,auto
0.060865436418368134,0.12325250874719547,0.17936283294537858,0.17936283294537858,2,0.0475511222018501,10514.9989495,3.1170708490602976,cie_core_n032_f024_m008_proc110.lp,0.11260105737398104,0.0925344838048003,827.8125,scip_default,2405.0,D:\git\git\RDMCT-A3C\cie\data\core\spbs\cie_core_n032_f024_m008_proc110.lp,41259.00684544607,4,True,manufacturing_doe,D:\git\git\RDMCT-A3C\cie\results\doe\cie_doe_600s_mem2048_repro_v1\seed5\solutions\cie_core__cie_core_n032_f024_m008_proc110__scip_default__solverseed_5__trainseed_-1__manufacturing_doe.sol,5,539.6036077999997,timelimit,cie_core,10.955778555306264,32,-1,checked active primary model at feasibility tolerance 1.000001e-06; removed 13 inactive auxiliaries,0.016737995015051237,auto
0.2702702698137322,0.5472972963728087,0.27364864818640433,0.27364864818640433,0,0.0,592.000001,0.0,cie_core_n008_f008_m000_proc090.lp,0.1689189186335829,0.202702702360299,372.99999999999994,scip_default,440.0,D:\git\git\RDMCT-A3C\cie\data\core\pure41\cie_core_n008_f008_m000_proc090.lp,0.0,0,True,manufacturing_doe,D:\git\git\RDMCT-A3C\cie\results\doe\cie_doe_600s_mem2048_repro_v1\seeds1to2\solutions\cie_core__cie_core_n008_f008_m000_proc090__scip_default__solverseed_1__trainseed_-1__manufacturing_doe.sol,1,0.03663490000053571,optimal,cie_core,48.64864856647188,8,-1,checked active primary model at feasibility tolerance 1.000001e-06; removed 13 inactive auxiliaries,0.05405405396274653,auto
0.27027026981373314,0.5472972963728103,0.2736486481864044,0.27364864818640433,0,0.0,592.000001,0.0,cie_core_n008_f008_m000_proc090.lp,0.1689189186335829,0.2027027023603,373.00000000000034,scip_default,440.000000000001,D:\git\git\RDMCT-A3C\cie\data\core\pure41\cie_core_n008_f008_m000_proc090.lp,0.0,0,True,manufacturing_doe,D:\git\git\RDMCT-A3C\cie\results\doe\cie_doe_600s_mem2048_repro_v1\seeds1to2\solutions\cie_core__cie_core_n008_f008_m000_proc090__scip_default__solverseed_2__trainseed_-1__manufacturing_doe.sol,2,0.03616729999976087,optimal,cie_core,48.64864856647188,8,-1,checked active primary model at feasibility tolerance 1.000001e-06; removed 13 inactive auxiliaries,0.05405405396274653,auto
0.2622950815372212,0.5311475401128729,0.2950819667293738,0.2950819667293738,0,0.0,610.000001,0.0,cie_core_n008_f008_m000_proc100.lp,0.16393442596076324,0.19672131115291588,391.0,scip_default,458.0,D:\git\git\RDMCT-A3C\cie\data\core\pure41\cie_core_n008_f008_m000_proc100.lp,0.0,0,True,manufacturing_doe,D:\git\git\RDMCT-A3C\cie\results\doe\cie_doe_600s_mem2048_repro_v1\seeds1to2\solutions\cie_core__cie_core_n008_f008_m000_proc100__scip_default__solverseed_1__trainseed_-1__manufacturing_doe.sol,1,0.03476379999938217,optimal,cie_core,47.21311467669981,8,-1,checked active primary model at feasibility tolerance 1.000001e-06; removed 13 inactive auxiliaries,0.052459016307444234,auto
0.26229508153722164,0.5311475401128746,0.29508196672937387,0.2950819667293738,0,0.0,610.000001,0.0,cie_core_n008_f008_m000_proc100.lp,0.16393442596076324,0.19672131115291638,391.00000000000034,scip_default,458.000000000001,D:\git\git\RDMCT-A3C\cie\data\core\pure41\cie_core_n008_f008_m000_proc100.lp,0.0,0,True,manufacturing_doe,D:\git\git\RDMCT-A3C\cie\results\doe\cie_doe_600s_mem2048_repro_v1\seeds1to2\solutions\cie_core__cie_core_n008_f008_m000_proc100__scip_default__solverseed_2__trainseed_-1__manufacturing_doe.sol,2,0.03469249999943713,optimal,cie_core,47.21311467669981,8,-1,checked active primary model at feasibility tolerance 1.000001e-06; removed 13 inactive auxiliaries,0.052459016307444234,auto
0.2547770696579983,0.5159235660574466,0.3152866237017729,0.3152866237017729,0,0.0,628.000001,0.0,cie_core_n008_f008_m000_proc110.lp,0.15923566853624893,0.19108280224349872,409.0,scip_default,476.0,D:\git\git\RDMCT-A3C\cie\data\core\pure41\cie_core_n008_f008_m000_proc110.lp,0.0,0,True,manufacturing_doe,D:\git\git\RDMCT-A3C\cie\results\doe\cie_doe_600s_mem2048_repro_v1\seeds1to2\solutions\cie_core__cie_core_n008_f008_m000_proc110__scip_default__solverseed_1__trainseed_-1__manufacturing_doe.sol,1,0.03449389999968844,optimal,cie_core,45.859872538439696,8,-1,checked active primary model at feasibility tolerance 1.000001e-06; removed 13 inactive auxiliaries,0.05095541393159966,auto
0.25477706965799873,0.5159235660574482,0.31528662370177296,0.3152866237017729,0,0.0,628.000001,0.0,cie_core_n008_f008_m000_proc110.lp,0.15923566853624893,0.1910828022434992,409.00000000000034,scip_default,476.000000000001,D:\git\git\RDMCT-A3C\cie\data\core\pure41\cie_core_n008_f008_m000_proc110.lp,0.0,0,True,manufacturing_doe,D:\git\git\RDMCT-A3C\cie\results\doe\cie_doe_600s_mem2048_repro_v1\seeds1to2\solutions\cie_core__cie_core_n008_f008_m000_proc110__scip_default__solverseed_2__trainseed_-1__manufacturing_doe.sol,2,0.03423600000041915,optimal,cie_core,45.859872538439696,8,-1,checked active primary model at feasibility tolerance 1.000001e-06; removed 13 inactive auxiliaries,0.05095541393159966,auto
0.3512623486813809,0.7113062560797945,0.35565312803989774,0.3556531280398978,0,0.0,911.000001,0.0,cie_core_n016_f016_m000_proc090.lp,0.2700329305488113,0.29527991186028446,384.99999999999994,scip_default,476.0,D:\git\git\RDMCT-A3C\cie\data\core\pure41\cie_core_n016_f016_m000_proc090.lp,0.0,0,True,manufacturing_doe,D:\git\git\RDMCT-A3C\cie\results\doe\cie_doe_600s_mem2048_repro_v1\seeds1to2\solutions\cie_core__cie_core_n016_f016_m000_proc090__scip_default__solverseed_1__trainseed_-1__manufacturing_doe.sol,1,0.2495280000002822,optimal,cie_core,63.227222762648495,16,-1,checked active primary model at feasibility tolerance 1.000001e-06; removed 13 inactive auxiliaries,0.07025246973627661,auto
0.3512623486813809,0.7113062560797946,0.3556531280398978,0.3556531280398978,0,0.0,911.000001,0.0,cie_core_n016_f016_m000_proc090.lp,0.27003293054881017,0.29527991186028435,384.99999999999966,scip_default,475.999999999999,D:\git\git\RDMCT-A3C\cie\data\core\pure41\cie_core_n016_f016_m000_proc090.lp,0.0,0,True,manufacturing_doe,D:\git\git\RDMCT-A3C\cie\results\doe\cie_doe_600s_mem2048_repro_v1\seeds1to2\solutions\cie_core__cie_core_n016_f016_m000_proc090__scip_default__solverseed_2__trainseed_-1__manufacturing_doe.sol,2,0.24557409999943047,optimal,cie_core,63.227222762648495,16,-1,checked active primary model at feasibility tolerance 1.000001e-06; removed 13 inactive auxiliaries,0.07025246973627648,auto
0.3389830504883654,0.68644067723894,0.3813559317994111,0.3813559317994111,0,0.0,944.000001,0.0,cie_core_n016_f016_m000_proc100.lp,0.2605932200629309,0.26906779632514005,398.0,scip_default,481.0,D:\git\git\RDMCT-A3C\cie\data\core\pure41\cie_core_n016_f016_m000_proc100.lp,0.0,0,True,manufacturing_doe,D:\git\git\RDMCT-A3C\cie\results\doe\cie_doe_600s_mem2048_repro_v1\seeds1to2\solutions\cie_core__cie_core_n016_f016_m000_proc100__scip_default__solverseed_1__trainseed_-1__manufacturing_doe.sol,1,0.2467343999996956,optimal,cie_core,61.01694908790577,16,-1,checked active primary model at feasibility tolerance 1.000001e-06; removed 13 inactive auxiliaries,0.06779661009767309,auto
0.3389830504883654,0.68644067723894,0.3813559317994111,0.3813559317994111,0,0.0,944.000001,0.0,cie_core_n016_f016_m000_proc100.lp,0.2605932200629309,0.26906779632514005,398.0,scip_default,481.0,D:\git\git\RDMCT-A3C\cie\data\core\pure41\cie_core_n016_f016_m000_proc100.lp,0.0,0,True,manufacturing_doe,D:\git\git\RDMCT-A3C\cie\results\doe\cie_doe_600s_mem2048_repro_v1\seeds1to2\solutions\cie_core__cie_core_n016_f016_m000_proc100__scip_default__solverseed_2__trainseed_-1__manufacturing_doe.sol,2,0.2544092999996792,optimal,cie_core,61.01694908790577,16,-1,checked active primary model at feasibility tolerance 1.000001e-06; removed 13 inactive auxiliaries,0.06779661009767309,auto
0.32653061191170346,0.6612244891211975,0.404081632240733,0.404081632240733,0,0.0,980.000001,0.0,cie_core_n016_f016_m000_proc110.lp,0.25102040790712205,0.2591836732049146,415.9999999999997,scip_default,498.99999999999994,D:\git\git\RDMCT-A3C\cie\data\core\pure41\cie_core_n016_f016_m000_proc110.lp,0.0,0,True,manufacturing_doe,D:\git\git\RDMCT-A3C\cie\results\doe\cie_doe_600s_mem2048_repro_v1\seeds1to2\solutions\cie_core__cie_core_n016_f016_m000_proc110__scip_default__solverseed_1__trainseed_-1__manufacturing_doe.sol,1,0.24324069999966014,optimal,cie_core,58.775510144106626,16,-1,checked active primary model at feasibility tolerance 1.000001e-06; removed 13 inactive auxiliaries,0.0653061223823407,auto
0.3265306119117037,0.6612244891211995,0.404081632240733,0.404081632240733,0,0.0,980.000001,0.0,cie_core_n016_f016_m000_proc110.lp,0.25102040790712205,0.25918367320491464,416.00000000000006,scip_default,499.0,D:\git\git\RDMCT-A3C\cie\data\core\pure41\cie_core_n016_f016_m000_proc110.lp,0.0,0,True,manufacturing_doe,D:\git\git\RDMCT-A3C\cie\results\doe\cie_doe_600s_mem2048_repro_v1\seeds1to2\solutions\cie_core__cie_core_n016_f016_m000_proc110__scip_default__solverseed_2__trainseed_-1__manufacturing_doe.sol,2,0.23688099999981205,optimal,cie_core,58.775510144106626,16,-1,checked active primary model at feasibility tolerance 1.000001e-06; removed 13 inactive auxiliaries,0.06530612238234104,auto
0.38866396729662794,0.7870445337756709,0.3935222668878362,0.39352226688783787,0,0.0,1235.000001,0.0,cie_core_n024_f024_m000_proc090.lp,0.3174089066255814,0.33198380539920336,391.66666666666714,scip_default,485.99999999999994,D:\git\git\RDMCT-A3C\cie\data\core\pure41\cie_core_n024_f024_m000_proc090.lp,200.0,0,True,manufacturing_doe,D:\git\git\RDMCT-A3C\cie\results\doe\cie_doe_600s_mem2048_repro_v1\seeds1to2\solutions\cie_core__cie_core_n024_f024_m000_proc090__scip_default__solverseed_1__trainseed_-1__manufacturing_doe.sol,1,2.221313399999417,optimal,cie_core,69.9595141133931,24,-1,checked active primary model at feasibility tolerance 1.000001e-06; removed 13 inactive auxiliaries,0.0777327934593253,auto
0.38866396729662805,0.7870445337756716,0.39352226688783626,0.39352226688783704,0,0.0,1235.000001,0.0,cie_core_n024_f024_m000_proc090.lp,0.31740890662558063,0.33198380539920336,391.6666666666669,scip_default,486.0,D:\git\git\RDMCT-A3C\cie\data\core\pure41\cie_core_n024_f024_m000_proc090.lp,200.0,0,True,manufacturing_doe,D:\git\git\RDMCT-A3C\cie\results\doe\cie_doe_600s_mem2048_repro_v1\seeds1to2\solutions\cie_core__cie_core_n024_f024_m000_proc090__scip_default__solverseed_2__trainseed_-1__manufacturing_doe.sol,2,2.2828726999996434,optimal,cie_core,69.9595141133931,24,-1,checked active primary model at feasibility tolerance 1.000001e-06; removed 13 inactive auxiliaries,0.07773279345932549,auto
0.37854889560051364,0.7665615135910397,0.4258675075505776,0.4258675075505776,0,0.0,1268.000001,0.0,cie_core_n024_f024_m000_proc100.lp,0.30914826474041934,0.30599369061041504,400.3333333333333,scip_default,486.0,D:\git\git\RDMCT-A3C\cie\data\core\pure41\cie_core_n024_f024_m000_proc100.lp,200.0,0,True,manufacturing_doe,D:\git\git\RDMCT-A3C\cie\results\doe\cie_doe_600s_mem2048_repro_v1\seeds1to2\solutions\cie_core__cie_core_n024_f024_m000_proc100__scip_default__solverseed_1__trainseed_-1__manufacturing_doe.sol,1,2.3507716999993136,optimal,cie_core,68.13880120809242,24,-1,checked active primary model at feasibility tolerance 1.000001e-06; removed 13 inactive auxiliaries,0.07570977912010288,auto
0.3785488956005138,0.7665615135910397,0.4258675075505776,0.4258675075505776,0,0.0,1268.000001,0.0,cie_core_n024_f024_m000_proc100.lp,0.30914826474041934,0.30599369061041504,400.3333333333334,scip_default,486.0,D:\git\git\RDMCT-A3C\cie\data\core\pure41\cie_core_n024_f024_m000_proc100.lp,200.0,0,True,manufacturing_doe,D:\git\git\RDMCT-A3C\cie\results\doe\cie_doe_600s_mem2048_repro_v1\seeds1to2\solutions\cie_core__cie_core_n024_f024_m000_proc100__scip_default__solverseed_2__trainseed_-1__manufacturing_doe.sol,2,2.2791243000001487,optimal,cie_core,68.13880120809242,24,-1,checked active primary model at feasibility tolerance 1.000001e-06; removed 13 inactive auxiliaries,0.07570977912010304,auto
0.3630862327056834,0.7352496212290084,0.44931921297328276,0.4493192129732835,0,0.0,1322.000001,0.0,cie_core_n024_f024_m000_proc110.lp,0.2965204233763083,0.29349470477042666,418.33333333333286,scip_default,504.0,D:\git\git\RDMCT-A3C\cie\data\core\pure41\cie_core_n024_f024_m000_proc110.lp,200.0,0,True,manufacturing_doe,D:\git\git\RDMCT-A3C\cie\results\doe\cie_doe_600s_mem2048_repro_v1\seeds1to2\solutions\cie_core__cie_core_n024_f024_m000_proc110__scip_default__solverseed_1__trainseed_-1__manufacturing_doe.sol,1,2.3314977999989424,optimal,cie_core,65.35552188702304,24,-1,checked active primary model at feasibility tolerance 1.000001e-06; removed 13 inactive auxiliaries,0.0726172465411369,auto
0.3630862327056837,0.735249621229007,0.44931921297328425,0.4493192129732835,0,0.0,1322.000001,0.0,cie_core_n024_f024_m000_proc110.lp,0.2965204233763083,0.29349470477042605,418.333333333333,scip_default,504.0,D:\git\git\RDMCT-A3C\cie\data\core\pure41\cie_core_n024_f024_m000_proc110.lp,300.0,0,True,manufacturing_doe,D:\git\git\RDMCT-A3C\cie\results\doe\cie_doe_600s_mem2048_repro_v1\seeds1to2\solutions\cie_core__cie_core_n024_f024_m000_proc110__scip_default__solverseed_2__trainseed_-1__manufacturing_doe.sol,2,2.3364720999989004,optimal,cie_core,65.35552188702304,24,-1,checked active primary model at feasibility tolerance 1.000001e-06; removed 13 inactive auxiliaries,0.0726172465411369,auto
0.4105195635596429,0.8313021162082732,0.41565105810413655,0.41565105810413716,0,0.0,1559.000001,0.0,cie_core_n032_f032_m000_proc090.lp,0.34509300875876203,0.36305324094737246,395.00000025000077,scip_default,486.00000100000307,D:\git\git\RDMCT-A3C\cie\data\core\pure41\cie_core_n032_f032_m000_proc090.lp,700.0,0,True,manufacturing_doe,D:\git\git\RDMCT-A3C\cie\results\doe\cie_doe_600s_mem2048_repro_v1\seeds1to2\solutions\cie_core__cie_core_n032_f032_m000_proc090__scip_default__solverseed_1__trainseed_-1__manufacturing_doe.sol,1,7.55152679999992,optimal,cie_core,73.89352144073538,32,-1,checked active primary model at feasibility tolerance 1.000001e-06; removed 13 inactive auxiliaries,0.08210391271192821,auto
0.4105195635596438,0.8313021162082732,0.41565105810413655,0.41565105810413716,0,0.0,1559.000001,0.0,cie_core_n032_f032_m000_proc090.lp,0.3450930087587627,0.3630532409473777,395.00000025000105,scip_default,486.0000010000041,D:\git\git\RDMCT-A3C\cie\data\core\pure41\cie_core_n032_f032_m000_proc090.lp,700.0,0,True,manufacturing_doe,D:\git\git\RDMCT-A3C\cie\results\doe\cie_doe_600s_mem2048_repro_v1\seeds1to2\solutions\cie_core__cie_core_n032_f032_m000_proc090__scip_default__solverseed_2__trainseed_-1__manufacturing_doe.sol,2,7.258810000000267,optimal,cie_core,73.89352144073538,32,-1,checked active primary model at feasibility tolerance 1.000001e-06; removed 13 inactive auxiliaries,0.08210391271192835,auto
0.4020100499987377,0.8140703512474422,0.45226130624857824,0.4522613062485784,0,0.0,1592.000001,0.0,cie_core_n032_f032_m000_proc100.lp,0.33793969828018866,0.3278894470302204,401.49999999999943,scip_default,486.00000000000006,D:\git\git\RDMCT-A3C\cie\data\core\pure41\cie_core_n032_f032_m000_proc100.lp,600.0,0,True,manufacturing_doe,D:\git\git\RDMCT-A3C\cie\results\doe\cie_doe_600s_mem2048_repro_v1\seeds1to2\solutions\cie_core__cie_core_n032_f032_m000_proc100__scip_default__solverseed_1__trainseed_-1__manufacturing_doe.sol,1,7.2909836000008,optimal,cie_core,72.36180899977273,32,-1,checked active primary model at feasibility tolerance 1.000001e-06; removed 13 inactive auxiliaries,0.08040200999974748,auto
0.40201004999873724,0.8140703512474422,0.45226130624857885,0.45226130624857896,0,0.0,1592.000001,0.0,cie_core_n032_f032_m000_proc100.lp,0.33793969828018866,0.3278894470302199,401.49999999999966,scip_default,486.0,D:\git\git\RDMCT-A3C\cie\data\core\pure41\cie_core_n032_f032_m000_proc100.lp,700.0,0,True,manufacturing_doe,D:\git\git\RDMCT-A3C\cie\results\doe\cie_doe_600s_mem2048_repro_v1\seeds1to2\solutions\cie_core__cie_core_n032_f032_m000_proc100__scip_default__solverseed_2__trainseed_-1__manufacturing_doe.sol,2,7.145458600000893,optimal,cie_core,72.36180899977273,32,-1,checked active primary model at feasibility tolerance 1.000001e-06; removed 13 inactive auxiliaries,0.08040200999974748,auto
0.3846153843842458,0.7788461533780973,0.47596153817550385,0.47596153817550385,0,0.0,1664.000001,0.0,cie_core_n032_f032_m000_proc110.lp,0.3233173074980064,0.31370192288840026,419.50000000000006,scip_default,504.0,D:\git\git\RDMCT-A3C\cie\data\core\pure41\cie_core_n032_f032_m000_proc110.lp,600.0,0,True,manufacturing_doe,D:\git\git\RDMCT-A3C\cie\results\doe\cie_doe_600s_mem2048_repro_v1\seeds1to2\solutions\cie_core__cie_core_n032_f032_m000_proc110__scip_default__solverseed_1__trainseed_-1__manufacturing_doe.sol,1,7.038972399999693,optimal,cie_core,69.23076918916419,32,-1,checked active primary model at feasibility tolerance 1.000001e-06; removed 13 inactive auxiliaries,0.07692307687684938,auto
0.3846153843842457,0.7788461533780946,0.4759615381755051,0.47596153817550396,0,0.0,1664.000001,0.0,cie_core_n032_f032_m000_proc110.lp,0.3233173074980064,0.31370192288839904,419.4999999999998,scip_default,504.00000000000205,D:\git\git\RDMCT-A3C\cie\data\core\pure41\cie_core_n032_f032_m000_proc110.lp,700.0,0,True,manufacturing_doe,D:\git\git\RDMCT-A3C\cie\results\doe\cie_doe_600s_mem2048_repro_v1\seeds1to2\solutions\cie_core__cie_core_n032_f032_m000_proc110__scip_default__solverseed_2__trainseed_-1__manufacturing_doe.sol,2,7.168660299999829,optimal,cie_core,69.23076918916419,32,-1,checked active primary model at feasibility tolerance 1.000001e-06; removed 13 inactive auxiliaries,0.07692307687684938,auto
0.2240896355404911,0.453781511969494,0.6806722679542405,0.6806722679542405,0,0.0,714.000001,0.0,cie_core_n008_f000_m008_proc090.lp,0.1400560222128067,0.16806722665536802,472.00000000000006,scip_default,472.0000000000003,D:\git\git\RDMCT-A3C\cie\data\core\spbs\cie_core_n008_f000_m008_proc090.lp,93.20452963357755,4,True,manufacturing_doe,D:\git\git\RDMCT-A3C\cie\results\doe\cie_doe_600s_mem2048_repro_v1\seeds1to2\solutions\cie_core__cie_core_n008_f000_m008_proc090__scip_default__solverseed_1__trainseed_-1__manufacturing_doe.sol,1,0.32484740000018064,optimal,cie_core,40.336134397288326,8,-1,checked active primary model at feasibility tolerance 1.000001e-06; removed 13 inactive auxiliaries,0.04481792710809814,auto
0.2240896355404903,0.4537815119694935,0.6806722679542405,0.6806722679542405,0,0.0,714.000001,0.0,cie_core_n008_f000_m008_proc090.lp,0.1400560222128067,0.16806722665536844,471.9999995,scip_default,472.0,D:\git\git\RDMCT-A3C\cie\data\core\spbs\cie_core_n008_f000_m008_proc090.lp,0.0,4,True,manufacturing_doe,D:\git\git\RDMCT-A3C\cie\results\doe\cie_doe_600s_mem2048_repro_v1\seeds1to2\solutions\cie_core__cie_core_n008_f000_m008_proc090__scip_default__solverseed_2__trainseed_-1__manufacturing_doe.sol,2,0.40796339999997144,optimal,cie_core,40.336134397288326,8,-1,checked active primary model at feasibility tolerance 1.000001e-06; removed 13 inactive auxiliaries,0.04481792710809814,auto
0.2083333330620736,0.42187499945069923,0.7031249990844992,0.7031249990844992,0,0.0,768.000000999971,0.0,cie_core_n008_f000_m008_proc100.lp,0.13020833316379615,0.15624999719246396,507.9999991250251,scip_default,507.999999500014,D:\git\git\RDMCT-A3C\cie\data\core\spbs\cie_core_n008_f000_m008_proc100.lp,23.96039603960684,4,True,manufacturing_doe,D:\git\git\RDMCT-A3C\cie\results\doe\cie_doe_600s_mem2048_repro_v1\seeds1to2\solutions\cie_core__cie_core_n008_f000_m008_proc100__scip_default__solverseed_1__trainseed_-1__manufacturing_doe.sol,1,0.28390459999900486,optimal,cie_core,37.499999951173294,8,-1,checked active primary model at feasibility tolerance 1.000001e-06; removed 13 inactive auxiliaries,0.04166666661241477,auto
0.20833333306206597,0.4218749994506836,0.7031249990844727,0.7031249990844727,0,0.0,768.000001,0.0,cie_core_n008_f000_m008_proc100.lp,0.13020833316379124,0.1562499997965495,508.0,scip_default,508.0,D:\git\git\RDMCT-A3C\cie\data\core\spbs\cie_core_n008_f000_m008_proc100.lp,0.0,4,True,manufacturing_doe,D:\git\git\RDMCT-A3C\cie\results\doe\cie_doe_600s_mem2048_repro_v1\seeds1to2\solutions\cie_core__cie_core_n008_f000_m008_proc100__scip_default__solverseed_2__trainseed_-1__manufacturing_doe.sol,2,0.431634399998984,optimal,cie_core,37.49999995117187,8,-1,checked active primary model at feasibility tolerance 1.000001e-06; removed 13 inactive auxiliaries,0.041666666612413195,auto
0.1946472017096746,0.3941605834620913,0.7226277363471683,0.722627736347168,0,0.0,822.000001,0.0,cie_core_n008_f000_m008_proc110.lp,0.12165450106854683,0.14598540128225584,543.9999997499998,scip_default,544.0,D:\git\git\RDMCT-A3C\cie\data\core\spbs\cie_core_n008_f000_m008_proc110.lp,92.17664335966491,4,True,manufacturing_doe,D:\git\git\RDMCT-A3C\cie\results\doe\cie_doe_600s_mem2048_repro_v1\seeds1to2\solutions\cie_core__cie_core_n008_f000_m008_proc110__scip_default__solverseed_1__trainseed_-1__manufacturing_doe.sol,1,0.8152602000000115,optimal,cie_core,35.03649630774149,8,-1,checked active primary model at feasibility tolerance 1.000001e-06; removed 13 inactive auxiliaries,0.03892944034193499,auto
0.19464720170967495,0.39416058346209176,0.7226277363471683,0.7226277363471683,0,0.0,822.000001,0.0,cie_core_n008_f000_m008_proc110.lp,0.12165450106854683,0.14598540128225657,543.9999995000001,scip_default,544.0,D:\git\git\RDMCT-A3C\cie\data\core\spbs\cie_core_n008_f000_m008_proc110.lp,0.0,4,True,manufacturing_doe,D:\git\git\RDMCT-A3C\cie\results\doe\cie_doe_600s_mem2048_repro_v1\seeds1to2\solutions\cie_core__cie_core_n008_f000_m008_proc110__scip_default__solverseed_2__trainseed_-1__manufacturing_doe.sol,2,0.33222700000078476,optimal,cie_core,35.03649630774149,8,-1,checked active primary model at feasibility tolerance 1.000001e-06; removed 13 inactive auxiliaries,0.03892944034193499,auto
0.19323671474246773,0.391304347353497,0.7826086947069942,0.3913043473534972,0,0.0,828.000001,0.0,cie_core_n008_f002_m006_proc090.lp,0.23309178595037225,0.18115942248652242,465.2499997500005,scip_default,494.000000000001,D:\git\git\RDMCT-A3C\cie\data\core\spbs\cie_core_n008_f002_m006_proc090.lp,92.11953856666976,4,True,manufacturing_doe,D:\git\git\RDMCT-A3C\cie\results\doe\cie_doe_600s_mem2048_repro_v1\seeds1to2\solutions\cie_core__cie_core_n008_f002_m006_proc090__scip_default__solverseed_1__trainseed_-1__manufacturing_doe.sol,1,0.3378208000003724,optimal,cie_core,34.78260865364419,8,-1,checked active primary model at feasibility tolerance 1.000001e-06; removed 13 inactive auxiliaries,0.053140096554178624,auto
0.19323671474246773,0.3913043473534972,0.7826086947069943,0.3913043473534972,0,0.0,828.000001,0.0,cie_core_n008_f002_m006_proc090.lp,0.23309178715810172,0.18115942007106364,465.24999950000006,scip_default,493.999999,D:\git\git\RDMCT-A3C\cie\data\core\spbs\cie_core_n008_f002_m006_proc090.lp,0.0,4,True,manufacturing_doe,D:\git\git\RDMCT-A3C\cie\results\doe\cie_doe_600s_mem2048_repro_v1\seeds1to2\solutions\cie_core__cie_core_n008_f002_m006_proc090__scip_default__solverseed_2__trainseed_-1__manufacturing_doe.sol,2,0.4690050999997766,optimal,cie_core,34.78260865364419,8,-1,checked active primary model at feasibility tolerance 1.000001e-06; removed 13 inactive auxiliaries,0.053140096554178624,auto
0.1777777775802469,0.3599999995999995,0.7999999991111112,0.39999999955555554,0,0.0,900.000001,0.0,cie_core_n008_f002_m006_proc100.lp,0.1299999998555544,0.14222222206419866,472.2499999999998,scip_default,516.0,D:\git\git\RDMCT-A3C\cie\data\core\spbs\cie_core_n008_f002_m006_proc100.lp,0.0,4,True,manufacturing_doe,D:\git\git\RDMCT-A3C\cie\results\doe\cie_doe_600s_mem2048_repro_v1\seeds1to2\solutions\cie_core__cie_core_n008_f002_m006_proc100__scip_default__solverseed_1__trainseed_-1__manufacturing_doe.sol,1,0.28725869999925635,optimal,cie_core,31.999999964444445,8,-1,checked active primary model at feasibility tolerance 1.000001e-06; removed 13 inactive auxiliaries,0.04888888883456828,auto
0.1777777775802469,0.3599999996,0.799999999111111,0.39999999955555554,0,0.0,900.000001,0.0,cie_core_n008_f002_m006_proc100.lp,0.12999999985555555,0.14222222206419866,472.2500000000005,scip_default,516.000000000002,D:\git\git\RDMCT-A3C\cie\data\core\spbs\cie_core_n008_f002_m006_proc100.lp,100.0,4,True,manufacturing_doe,D:\git\git\RDMCT-A3C\cie\results\doe\cie_doe_600s_mem2048_repro_v1\seeds1to2\solutions\cie_core__cie_core_n008_f002_m006_proc100__scip_default__solverseed_2__trainseed_-1__manufacturing_doe.sol,2,0.3420970999995916,optimal,cie_core,31.999999964444445,8,-1,checked active primary model at feasibility tolerance 1.000001e-06; removed 13 inactive auxiliaries,0.0488888888345679,auto
0.16460905332859152,0.3333333329903978,0.814814813976528,0.407407406988264,0,0.0,972.000001,0.0,cie_core_n008_f002_m006_proc110.lp,0.12037037024653253,0.1316872426628729,503.74999949999994,scip_default,551.999999,D:\git\git\RDMCT-A3C\cie\data\core\spbs\cie_core_n008_f002_m006_proc110.lp,0.0,4,True,manufacturing_doe,D:\git\git\RDMCT-A3C\cie\results\doe\cie_doe_600s_mem2048_repro_v1\seeds1to2\solutions\cie_core__cie_core_n008_f002_m006_proc110__scip_default__solverseed_1__trainseed_-1__manufacturing_doe.sol,1,0.4221317999999883,optimal,cie_core,29.629629599146472,8,-1,checked active primary model at feasibility tolerance 1.000001e-06; removed 13 inactive auxiliaries,0.04526748966536266,auto
0.16460905332859152,0.3333333329903976,0.814814813976528,0.407407406988264,0,0.0,972.000001,0.0,cie_core_n008_f002_m006_proc110.lp,0.1800411541357612,0.20987654093633995,568.75,scip_default,678.0,D:\git\git\RDMCT-A3C\cie\data\core\spbs\cie_core_n008_f002_m006_proc110.lp,181.4980470695725,4,True,manufacturing_doe,D:\git\git\RDMCT-A3C\cie\results\doe\cie_doe_600s_mem2048_repro_v1\seeds1to2\solutions\cie_core__cie_core_n008_f002_m006_proc110__scip_default__solverseed_2__trainseed_-1__manufacturing_doe.sol,2,1.3402363999994122,optimal,cie_core,29.629629599146472,8,-1,checked active primary model at feasibility tolerance 1.000001e-06; removed 13 inactive auxiliaries,0.045267489665363016,auto
0.20512820486522063,0.4153846148520712,0.6230769222781066,0.415384614852071,0,0.0,780.000001,0.0,cie_core_n008_f004_m004_proc090.lp,0.12820512804076264,0.1628205126117673,424.24999999999955,scip_default,479.0,D:\git\git\RDMCT-A3C\cie\data\core\spbs\cie_core_n008_f004_m004_proc090.lp,0.0,6,True,manufacturing_doe,D:\git\git\RDMCT-A3C\cie\results\doe\cie_doe_600s_mem2048_repro_v1\seeds1to2\solutions\cie_core__cie_core_n008_f004_m004_proc090__scip_default__solverseed_1__trainseed_-1__manufacturing_doe.sol,1,0.27992230000018026,optimal,cie_core,36.923076875739646,8,-1,checked active primary model at feasibility tolerance 1.000001e-06; removed 13 inactive auxiliaries,0.0512820512163055,auto
0.20512820486521988,0.41538461485207057,0.6230769222781064,0.415384614852071,0,0.0,780.000001,0.0,cie_core_n008_f004_m004_proc090.lp,0.12820512804076264,0.1628205126117682,424.24999999999983,scip_default,479.0,D:\git\git\RDMCT-A3C\cie\data\core\spbs\cie_core_n008_f004_m004_proc090.lp,0.0,6,True,manufacturing_doe,D:\git\git\RDMCT-A3C\cie\results\doe\cie_doe_600s_mem2048_repro_v1\seeds1to2\solutions\cie_core__cie_core_n008_f004_m004_proc090__scip_default__solverseed_2__trainseed_-1__manufacturing_doe.sol,2,0.3148279000006369,optimal,cie_core,36.923076875739646,8,-1,checked active primary model at feasibility tolerance 1.000001e-06; removed 13 inactive auxiliaries,0.05128205121630506,auto
0.1918465225517425,0.3884892081672791,0.6474820136121319,0.43165467574142125,0,0.0,834.000001,0.0,cie_core_n008_f004_m004_proc100.lp,0.11990407659483923,0.1522781772754455,451.24999999999994,scip_default,515.0,D:\git\git\RDMCT-A3C\cie\data\core\spbs\cie_core_n008_f004_m004_proc100.lp,92.30988787665359,6,True,manufacturing_doe,D:\git\git\RDMCT-A3C\cie\results\doe\cie_doe_600s_mem2048_repro_v1\seeds1to2\solutions\cie_core__cie_core_n008_f004_m004_proc100__scip_default__solverseed_1__trainseed_-1__manufacturing_doe.sol,1,0.3909470999997211,optimal,cie_core,34.5323740593137,8,-1,checked active primary model at feasibility tolerance 1.000001e-06; removed 13 inactive auxiliaries,0.047961630637935695,auto
0.19184652255174306,0.3884892081672791,0.6474820136121319,0.43165467574142125,0,0.0,834.000001,0.0,cie_core_n008_f004_m004_proc100.lp,0.11990407659483923,0.15227817727544582,451.25000000000006,scip_default,515.0,D:\git\git\RDMCT-A3C\cie\data\core\spbs\cie_core_n008_f004_m004_proc100.lp,0.0,6,True,manufacturing_doe,D:\git\git\RDMCT-A3C\cie\results\doe\cie_doe_600s_mem2048_repro_v1\seeds1to2\solutions\cie_core__cie_core_n008_f004_m004_proc100__scip_default__solverseed_2__trainseed_-1__manufacturing_doe.sol,2,0.3696922999997696,optimal,cie_core,34.5323740593137,8,-1,checked active primary model at feasibility tolerance 1.000001e-06; removed 13 inactive auxiliaries,0.047961630637936105,auto
0.1801801799772742,0.36486486445398064,0.6689189181656318,0.44594594544375454,0,0.0,888.000001,0.0,cie_core_n008_f004_m004_proc110.lp,0.11261261248579661,0.14301801785696136,478.24999999999983,scip_default,551.0,D:\git\git\RDMCT-A3C\cie\data\core\spbs\cie_core_n008_f004_m004_proc110.lp,0.0,6,True,manufacturing_doe,D:\git\git\RDMCT-A3C\cie\results\doe\cie_doe_600s_mem2048_repro_v1\seeds1to2\solutions\cie_core__cie_core_n008_f004_m004_proc110__scip_default__solverseed_1__trainseed_-1__manufacturing_doe.sol,1,0.31900820000100794,optimal,cie_core,32.43243239590942,8,-1,checked active primary model at feasibility tolerance 1.000001e-06; removed 13 inactive auxiliaries,0.04504504499431864,auto
0.1801801799772742,0.36486486445398064,0.668918918165632,0.44594594544375454,0,0.0,888.000001,0.0,cie_core_n008_f004_m004_proc110.lp,0.11261261248579661,0.14301801673083858,478.2499995000011,scip_default,550.999999000001,D:\git\git\RDMCT-A3C\cie\data\core\spbs\cie_core_n008_f004_m004_proc110.lp,100.0,6,True,manufacturing_doe,D:\git\git\RDMCT-A3C\cie\results\doe\cie_doe_600s_mem2048_repro_v1\seeds1to2\solutions\cie_core__cie_core_n008_f004_m004_proc110__scip_default__solverseed_2__trainseed_-1__manufacturing_doe.sol,2,0.35793009999906644,optimal,cie_core,32.43243239590942,8,-1,checked active primary model at feasibility tolerance 1.000001e-06; removed 13 inactive auxiliaries,0.04504504499431864,auto
0.20512820486521982,0.4153846148520697,0.6230769222781066,0.2076923074260355,0,0.0,780.000001,0.0,cie_core_n008_f006_m002_proc090.lp,0.15769230749013807,0.16282051261176858,392.49999999999966,scip_default,479.0,D:\git\git\RDMCT-A3C\cie\data\core\spbs\cie_core_n008_f006_m002_proc090.lp,0.0,6,True,manufacturing_doe,D:\git\git\RDMCT-A3C\cie\results\doe\cie_doe_600s_mem2048_repro_v1\seeds1to2\solutions\cie_core__cie_core_n008_f006_m002_proc090__scip_default__solverseed_1__trainseed_-1__manufacturing_doe.sol,1,0.2754240000003847,optimal,cie_core,36.923076875739646,8,-1,checked active primary model at feasibility tolerance 1.000001e-06; removed 13 inactive auxiliaries,0.05641025633793513,auto
0.20512820486522165,0.4153846148520734,0.6230769222781097,0.20769230742603656,0,0.0,780.000000999996,0.0,cie_core_n008_f006_m002_proc090.lp,0.1282051280407633,0.16282051261176977,405.49999950000165,scip_default,478.999999000003,D:\git\git\RDMCT-A3C\cie\data\core\spbs\cie_core_n008_f006_m002_proc090.lp,0.0,4,True,manufacturing_doe,D:\git\git\RDMCT-A3C\cie\results\doe\cie_doe_600s_mem2048_repro_v1\seeds1to2\solutions\cie_core__cie_core_n008_f006_m002_proc090__scip_default__solverseed_2__trainseed_-1__manufacturing_doe.sol,2,0.31125149999934365,optimal,cie_core,36.92307687573983,8,-1,checked active primary model at feasibility tolerance 1.000001e-06; removed 13 inactive auxiliaries,0.05641025633793586,auto
0.1918465225517432,0.3884892081672794,0.6474820136121319,0.21582733787071062,0,0.0,834.000001,0.0,cie_core_n008_f006_m002_proc100.lp,0.11990407659483923,0.1522781772754462,409.25000000000017,scip_default,515.0,D:\git\git\RDMCT-A3C\cie\data\core\spbs\cie_core_n008_f006_m002_proc100.lp,100.0,4,True,manufacturing_doe,D:\git\git\RDMCT-A3C\cie\results\doe\cie_doe_600s_mem2048_repro_v1\seeds1to2\solutions\cie_core__cie_core_n008_f006_m002_proc100__scip_default__solverseed_1__trainseed_-1__manufacturing_doe.sol,1,0.49620020000020304,optimal,cie_core,34.5323740593137,8,-1,checked active primary model at feasibility tolerance 1.000001e-06; removed 13 inactive auxiliaries,0.05275779370172926,auto
0.19184652255174314,0.3884892081672807,0.647482013612135,0.21582733787071165,0,0.0,834.000000999996,0.0,cie_core_n008_f006_m002_proc100.lp,0.14748201421165297,0.15227817727544607,414.99999999999983,scip_default,515.0,D:\git\git\RDMCT-A3C\cie\data\core\spbs\cie_core_n008_f006_m002_proc100.lp,0.0,6,True,manufacturing_doe,D:\git\git\RDMCT-A3C\cie\results\doe\cie_doe_600s_mem2048_repro_v1\seeds1to2\solutions\cie_core__cie_core_n008_f006_m002_proc100__scip_default__solverseed_2__trainseed_-1__manufacturing_doe.sol,2,0.32704869999997754,optimal,cie_core,34.53237405931387,8,-1,checked active primary model at feasibility tolerance 1.000001e-06; removed 13 inactive auxiliaries,0.05275779370172952,auto
0.18018017997727456,0.36486486445398103,0.6689189181656319,0.22297297272187727,0,0.0,888.000001,0.0,cie_core_n008_f006_m002_proc110.lp,0.11261261248579661,0.1430180178569617,450.5,scip_default,551.0,D:\git\git\RDMCT-A3C\cie\data\core\spbs\cie_core_n008_f006_m002_proc110.lp,91.79594473969726,4,True,manufacturing_doe,D:\git\git\RDMCT-A3C\cie\results\doe\cie_doe_600s_mem2048_repro_v1\seeds1to2\solutions\cie_core__cie_core_n008_f006_m002_proc110__scip_default__solverseed_1__trainseed_-1__manufacturing_doe.sol,1,0.5016550000000279,optimal,cie_core,32.43243239590942,8,-1,checked active primary model at feasibility tolerance 1.000001e-06; removed 13 inactive auxiliaries,0.049549549493750504,auto
0.1801801799772757,0.36486486445398303,0.668918918165635,0.22297297272187827,0,0.0,888.000000999996,0.0,cie_core_n008_f006_m002_proc110.lp,0.11261261248579711,0.14301801673083994,452.49999950000114,scip_default,550.9999990000019,D:\git\git\RDMCT-A3C\cie\data\core\spbs\cie_core_n008_f006_m002_proc110.lp,0.0,6,True,manufacturing_doe,D:\git\git\RDMCT-A3C\cie\results\doe\cie_doe_600s_mem2048_repro_v1\seeds1to2\solutions\cie_core__cie_core_n008_f006_m002_proc110__scip_default__solverseed_2__trainseed_-1__manufacturing_doe.sol,2,0.3346198999997796,optimal,cie_core,32.432432395909565,8,-1,checked active primary model at feasibility tolerance 1.000001e-06; removed 13 inactive auxiliaries,0.049549549493750726,auto
0.3059273419637409,0.6195028674765745,0.7743785843457183,0.7743785843457172,0,0.0,1046.000001,0.0,cie_core_n016_f000_m016_proc090.lp,0.2294455055167797,0.2595602306313994,480.9375000625,scip_default,487.4999995,D:\git\git\RDMCT-A3C\cie\data\core\spbs\cie_core_n016_f000_m016_proc090.lp,3646.1698784252426,4,True,manufacturing_doe,D:\git\git\RDMCT-A3C\cie\results\doe\cie_doe_600s_mem2048_repro_v1\seeds1to2\solutions\cie_core__cie_core_n016_f000_m016_proc090__scip_default__solverseed_1__trainseed_-1__manufacturing_doe.sol,1,79.29395010000007,optimal,cie_core,55.0669215534733,16,-1,checked active primary model at feasibility tolerance 1.000001e-06; removed 13 inactive auxiliaries,0.04588910129456163,auto
0.305927341963741,0.6195028674765752,0.7743785843457183,0.7743785843457182,0,0.0,1046.000001,0.0,cie_core_n016_f000_m016_proc090.lp,0.22944550551678264,0.25956023063139433,480.93750006249996,scip_default,487.4999995,D:\git\git\RDMCT-A3C\cie\data\core\spbs\cie_core_n016_f000_m016_proc090.lp,1891.1677720167488,4,True,manufacturing_doe,D:\git\git\RDMCT-A3C\cie\results\doe\cie_doe_600s_mem2048_repro_v1\seeds1to2\solutions\cie_core__cie_core_n016_f000_m016_proc090__scip_default__solverseed_2__trainseed_-1__manufacturing_doe.sol,2,21.71681510000053,optimal,cie_core,55.0669215534733,16,-1,checked active primary model at feasibility tolerance 1.000001e-06; removed 13 inactive auxiliaries,0.045889101294560974,auto
0.2816901405971034,0.5704225347091341,0.7922535204293534,0.7922535204293552,0,0.0,1136.000001,0.0,cie_core_n016_f000_m016_proc100.lp,0.22491197031257573,0.23547535410610002,518.3750001250003,scip_default,532.4999995,D:\git\git\RDMCT-A3C\cie\data\core\spbs\cie_core_n016_f000_m016_proc100.lp,2329.7039798229725,4,True,manufacturing_doe,D:\git\git\RDMCT-A3C\cie\results\doe\cie_doe_600s_mem2048_repro_v1\seeds1to2\solutions\cie_core__cie_core_n016_f000_m016_proc100__scip_default__solverseed_1__trainseed_-1__manufacturing_doe.sol,1,25.311849900000198,optimal,cie_core,50.70422530747867,16,-1,checked active primary model at feasibility tolerance 1.000001e-06; removed 13 inactive auxiliaries,0.04225352108956536,auto
0.2816901405971035,0.5704225347091346,0.7922535204293543,0.7922535204293534,0,0.0,1136.000001,0.0,cie_core_n016_f000_m016_proc100.lp,0.22491197031257573,0.23547535410609916,518.375000125,scip_default,532.4999995,D:\git\git\RDMCT-A3C\cie\data\core\spbs\cie_core_n016_f000_m016_proc100.lp,22035.351580354512,4,True,manufacturing_doe,D:\git\git\RDMCT-A3C\cie\results\doe\cie_doe_600s_mem2048_repro_v1\seeds1to2\solutions\cie_core__cie_core_n016_f000_m016_proc100__scip_default__solverseed_2__trainseed_-1__manufacturing_doe.sol,2,247.83071399999972,optimal,cie_core,50.70422530747867,16,-1,checked active primary model at feasibility tolerance 1.000001e-06; removed 13 inactive auxiliaries,0.04225352108956576,auto
0.2610114190366955,0.5285481235493076,0.8075040776447765,0.8075040776447772,0,0.0,1226.000001,0.0,cie_core_n016_f000_m016_proc110.lp,0.21574224982402598,0.2255301813005487,556.6250001249999,scip_default,577.4999995,D:\git\git\RDMCT-A3C\cie\data\core\spbs\cie_core_n016_f000_m016_proc110.lp,2474.001656829523,4,True,manufacturing_doe,D:\git\git\RDMCT-A3C\cie\results\doe\cie_doe_600s_mem2048_repro_v1\seeds1to2\solutions\cie_core__cie_core_n016_f000_m016_proc110__scip_default__solverseed_1__trainseed_-1__manufacturing_doe.sol,1,28.293945500000518,optimal,cie_core,46.98205542660517,16,-1,checked active primary model at feasibility tolerance 1.000001e-06; removed 13 inactive auxiliaries,0.03915171285550431,auto
0.2610114190366951,0.5285481235493076,0.8075040776447764,0.8075040776447765,0,0.0,1226.000001,0.0,cie_core_n016_f000_m016_proc110.lp,0.21574224982402507,0.22553018130054794,556.6250001249998,scip_default,577.4999995,D:\git\git\RDMCT-A3C\cie\data\core\spbs\cie_core_n016_f000_m016_proc110.lp,1855.1917524298062,4,True,manufacturing_doe,D:\git\git\RDMCT-A3C\cie\results\doe\cie_doe_600s_mem2048_repro_v1\seeds1to2\solutions\cie_core__cie_core_n016_f000_m016_proc110__scip_default__solverseed_2__trainseed_-1__manufacturing_doe.sol,2,21.279259200000524,optimal,cie_core,46.98205542660517,16,-1,checked active primary model at feasibility tolerance 1.000001e-06; removed 13 inactive auxiliaries,0.03915171285550468,auto
0.28776978391387575,0.5827338124255989,0.7284172655319989,0.582733812425599,0,0.0,1112.000001,0.0,cie_core_n016_f004_m012_proc090.lp,0.3741007190880389,0.2347122300047549,476.87499999999994,scip_default,622.9999999999997,D:\git\git\RDMCT-A3C\cie\data\core\spbs\cie_core_n016_f004_m012_proc090.lp,1195.9594678247895,4,True,manufacturing_doe,D:\git\git\RDMCT-A3C\cie\results\doe\cie_doe_600s_mem2048_repro_v1\seeds1to2\solutions\cie_core__cie_core_n016_f004_m012_proc090__scip_default__solverseed_1__trainseed_-1__manufacturing_doe.sol,1,40.201877200000126,optimal,cie_core,51.79856110449769,16,-1,checked active primary model at feasibility tolerance 1.000001e-06; removed 13 inactive auxiliaries,0.05035971218492831,auto
0.2877697839138761,0.5827338124255991,0.7284172655319997,0.5827338124255991,0,0.0,1112.000001,0.0,cie_core_n016_f004_m012_proc090.lp,0.22212230105923975,0.23021582713110086,455.1249996874994,scip_default,495.99999899999796,D:\git\git\RDMCT-A3C\cie\data\core\spbs\cie_core_n016_f004_m012_proc090.lp,3048.500964183874,4,True,manufacturing_doe,D:\git\git\RDMCT-A3C\cie\results\doe\cie_doe_600s_mem2048_repro_v1\seeds1to2\solutions\cie_core__cie_core_n016_f004_m012_proc090__scip_default__solverseed_2__trainseed_-1__manufacturing_doe.sol,2,33.78044899999986,optimal,cie_core,51.79856110449769,16,-1,checked active primary model at feasibility tolerance 1.000001e-06; removed 13 inactive auxiliaries,0.05035971218492831,auto
0.26622296150896607,0.5391014970556561,0.7487520792439658,0.5990016633951725,0,0.0,1202.000001,0.0,cie_core_n016_f004_m012_proc100.lp,0.3760399331314135,0.2171381029807505,512.8749999999997,scip_default,659.0000000000002,D:\git\git\RDMCT-A3C\cie\data\core\spbs\cie_core_n016_f004_m012_proc100.lp,1065.232688531454,4,True,manufacturing_doe,D:\git\git\RDMCT-A3C\cie\results\doe\cie_doe_600s_mem2048_repro_v1\seeds1to2\solutions\cie_core__cie_core_n016_f004_m012_proc100__scip_default__solverseed_1__trainseed_-1__manufacturing_doe.sol,1,12.656178299999738,optimal,cie_core,47.92013307161386,16,-1,checked active primary model at feasibility tolerance 1.000001e-06; removed 13 inactive auxiliaries,0.04658901826406903,auto
0.2662229615089679,0.5391014970556602,0.7487520792439704,0.5990016633951775,0,0.0,1202.00000099999,0.0,cie_core_n016_f004_m012_proc100.lp,0.1996672219636604,0.23377703557925045,488.87499962500334,scip_default,535.0,D:\git\git\RDMCT-A3C\cie\data\core\spbs\cie_core_n016_f004_m012_proc100.lp,2426.3751484070444,4,True,manufacturing_doe,D:\git\git\RDMCT-A3C\cie\results\doe\cie_doe_600s_mem2048_repro_v1\seeds1to2\solutions\cie_core__cie_core_n016_f004_m012_proc100__scip_default__solverseed_2__trainseed_-1__manufacturing_doe.sol,2,85.44783420000022,optimal,cie_core,47.92013307161426,16,-1,checked active primary model at feasibility tolerance 1.000001e-06; removed 13 inactive auxiliaries,0.04658901826406942,auto
0.24767801838415004,0.501547987227904,0.7662538693759652,0.6130030955007724,0,0.0,1292.000001,0.0,cie_core_n016_f004_m012_proc110.lp,0.34365325050800827,0.23606811127239308,548.8750000000003,scip_default,694.999999999999,D:\git\git\RDMCT-A3C\cie\data\core\spbs\cie_core_n016_f004_m012_proc110.lp,6906.493967024175,4,True,manufacturing_doe,D:\git\git\RDMCT-A3C\cie\results\doe\cie_doe_600s_mem2048_repro_v1\seeds1to2\solutions\cie_core__cie_core_n016_f004_m012_proc110__scip_default__solverseed_1__trainseed_-1__manufacturing_doe.sol,1,244.53079700000035,optimal,cie_core,44.582043309147025,16,-1,checked active primary model at feasibility tolerance 1.000001e-06; removed 13 inactive auxiliaries,0.04334365321722627,auto
0.24767801838415046,0.5015479872279035,0.7662538693759637,0.6130030955007708,0,0.0,1292.000001,0.0,cie_core_n016_f004_m012_proc110.lp,0.34365325050800827,0.23606811127239338,548.8749999999997,scip_default,695.0000000000005,D:\git\git\RDMCT-A3C\cie\data\core\spbs\cie_core_n016_f004_m012_proc110.lp,2373.646108032737,4,True,manufacturing_doe,D:\git\git\RDMCT-A3C\cie\results\doe\cie_doe_600s_mem2048_repro_v1\seeds1to2\solutions\cie_core__cie_core_n016_f004_m012_proc110__scip_default__solverseed_2__trainseed_-1__manufacturing_doe.sol,2,27.533148800000163,optimal,cie_core,44.582043309147025,16,-1,checked active primary model at feasibility tolerance 1.000001e-06; removed 13 inactive auxiliaries,0.04334365321722627,auto
0.29143897969814336,0.5901639338887396,0.590163933888736,0.5901639338887358,0,0.0,1098.000001,0.0,cie_core_n016_f008_m008_proc090.lp,0.28779599154116586,0.30418943779218804,466.3750005000011,scip_default,560.000001000004,D:\git\git\RDMCT-A3C\cie\data\core\spbs\cie_core_n016_f008_m008_proc090.lp,1808.9245191255,4,True,manufacturing_doe,D:\git\git\RDMCT-A3C\cie\results\doe\cie_doe_600s_mem2048_repro_v1\seeds1to2\solutions\cie_core__cie_core_n016_f008_m008_proc090__scip_default__solverseed_1__trainseed_-1__manufacturing_doe.sol,1,24.98495339999954,optimal,cie_core,52.45901634566574,16,-1,checked active primary model at feasibility tolerance 1.000001e-06; removed 13 inactive auxiliaries,0.05828779593962901,auto
0.29143897969814336,0.5901639338887396,0.5901639338887397,0.5901639338887396,0,0.0,1098.000001,0.0,cie_core_n016_f008_m008_proc090.lp,0.27231329574470553,0.2887067419957142,447.7500002500001,scip_default,539.0,D:\git\git\RDMCT-A3C\cie\data\core\spbs\cie_core_n016_f008_m008_proc090.lp,1721.8895022939525,4,True,manufacturing_doe,D:\git\git\RDMCT-A3C\cie\results\doe\cie_doe_600s_mem2048_repro_v1\seeds1to2\solutions\cie_core__cie_core_n016_f008_m008_proc090__scip_default__solverseed_2__trainseed_-1__manufacturing_doe.sol,2,19.7600982999993,optimal,cie_core,52.45901634566574,16,-1,checked active primary model at feasibility tolerance 1.000001e-06; removed 13 inactive auxiliaries,0.05828779593962901,auto
0.27350427327050936,0.5538461533727812,0.6153846148586465,0.6153846148586446,0,0.0,1170.000001,0.0,cie_core_n016_f008_m008_proc100.lp,0.19059829043538606,0.25299145277522117,460.3749998124997,scip_default,549.0,D:\git\git\RDMCT-A3C\cie\data\core\spbs\cie_core_n016_f008_m008_proc100.lp,4138.27884657846,4,True,manufacturing_doe,D:\git\git\RDMCT-A3C\cie\results\doe\cie_doe_600s_mem2048_repro_v1\seeds1to2\solutions\cie_core__cie_core_n016_f008_m008_proc100__scip_default__solverseed_1__trainseed_-1__manufacturing_doe.sol,1,46.97376189999977,optimal,cie_core,49.230769188691646,16,-1,checked active primary model at feasibility tolerance 1.000001e-06; removed 13 inactive auxiliaries,0.05470085465410202,auto
0.27350427327050897,0.553846153372781,0.6153846148586457,0.6153846148586456,0,0.0,1170.000001,0.0,cie_core_n016_f008_m008_proc100.lp,0.2700854689999269,0.30085470230696154,490.62500024999997,scip_default,573.000001,D:\git\git\RDMCT-A3C\cie\data\core\spbs\cie_core_n016_f008_m008_proc100.lp,677.294786394465,4,True,manufacturing_doe,D:\git\git\RDMCT-A3C\cie\results\doe\cie_doe_600s_mem2048_repro_v1\seeds1to2\solutions\cie_core__cie_core_n016_f008_m008_proc100__scip_default__solverseed_2__trainseed_-1__manufacturing_doe.sol,2,80.19581180000023,optimal,cie_core,49.230769188691646,16,-1,checked active primary model at feasibility tolerance 1.000001e-06; removed 13 inactive auxiliaries,0.05470085465410183,auto
0.25764895309368047,0.5217391300147018,0.6376811589068597,0.6376811589068591,0,0.0,1242.000001,0.0,cie_core_n016_f008_m008_proc110.lp,0.2407407397417539,0.2552334957687347,501.7500002500003,scip_default,596.0000010000011,D:\git\git\RDMCT-A3C\cie\data\core\spbs\cie_core_n016_f008_m008_proc110.lp,2411.861654686134,4,True,manufacturing_doe,D:\git\git\RDMCT-A3C\cie\results\doe\cie_doe_600s_mem2048_repro_v1\seeds1to2\solutions\cie_core__cie_core_n016_f008_m008_proc110__scip_default__solverseed_1__trainseed_-1__manufacturing_doe.sol,1,27.921275099999548,optimal,cie_core,46.376811556862464,16,-1,checked active primary model at feasibility tolerance 1.000001e-06; removed 13 inactive auxiliaries,0.051529790618736075,auto
0.2576489530936802,0.5217391300147011,0.637681158906859,0.6376811589068606,0,0.0,1242.000001,0.0,cie_core_n016_f008_m008_proc110.lp,0.1964573267339313,0.26247987096418685,497.12500000000045,scip_default,609.000000000002,D:\git\git\RDMCT-A3C\cie\data\core\spbs\cie_core_n016_f008_m008_proc110.lp,2680.812926955971,4,True,manufacturing_doe,D:\git\git\RDMCT-A3C\cie\results\doe\cie_doe_600s_mem2048_repro_v1\seeds1to2\solutions\cie_core__cie_core_n016_f008_m008_proc110__scip_default__solverseed_2__trainseed_-1__manufacturing_doe.sol,2,30.829041300000426,optimal,cie_core,46.376811556862464,16,-1,checked active primary model at feasibility tolerance 1.000001e-06; removed 13 inactive auxiliaries,0.05152979061873754,auto
0.2938475663050072,0.5950413217676391,0.5950413217676388,0.44628099132572907,0,0.0,1089.000001,0.0,cie_core_n016_f012_m004_proc090.lp,0.23048668482048876,0.30303030183376406,417.74999974999974,scip_default,536.999999,D:\git\git\RDMCT-A3C\cie\data\core\spbs\cie_core_n016_f012_m004_proc090.lp,1293.2888645154408,6,True,manufacturing_doe,D:\git\git\RDMCT-A3C\cie\results\doe\cie_doe_600s_mem2048_repro_v1\seeds1to2\solutions\cie_core__cie_core_n016_f012_m004_proc090__scip_default__solverseed_1__trainseed_-1__manufacturing_doe.sol,1,14.570172700000512,optimal,cie_core,52.892561934901224,16,-1,checked active primary model at feasibility tolerance 1.000001e-06; removed 13 inactive auxiliaries,0.06611570241862653,auto
0.29384756630500714,0.5950413217676379,0.5950413217676397,0.4462809913257292,0,0.0,1089.000001,0.0,cie_core_n016_f012_m004_proc090.lp,0.2304866848204897,0.30027548181792885,417.75000000000006,scip_default,537.000000000001,D:\git\git\RDMCT-A3C\cie\data\core\spbs\cie_core_n016_f012_m004_proc090.lp,729.4341346457435,6,True,manufacturing_doe,D:\git\git\RDMCT-A3C\cie\results\doe\cie_doe_600s_mem2048_repro_v1\seeds1to2\solutions\cie_core__cie_core_n016_f012_m004_proc090__scip_default__solverseed_2__trainseed_-1__manufacturing_doe.sol,2,8.427929100000256,optimal,cie_core,52.892561934901224,16,-1,checked active primary model at feasibility tolerance 1.000001e-06; removed 13 inactive auxiliaries,0.06611570241862695,auto
0.276338514441849,0.559585491744744,0.6217616574941618,0.4663212431206215,0,0.0,1158.000001,0.0,cie_core_n016_f012_m004_proc100.lp,0.20379965440086384,0.21934369583821786,427.5000000000001,scip_default,515.000000000001,D:\git\git\RDMCT-A3C\cie\data\core\spbs\cie_core_n016_f012_m004_proc100.lp,671.9757748005887,6,True,manufacturing_doe,D:\git\git\RDMCT-A3C\cie\results\doe\cie_doe_600s_mem2048_repro_v1\seeds1to2\solutions\cie_core__cie_core_n016_f012_m004_proc100__scip_default__solverseed_1__trainseed_-1__manufacturing_doe.sol,1,34.884996599999795,optimal,cie_core,49.74093259953287,16,-1,checked active primary model at feasibility tolerance 1.000001e-06; removed 13 inactive auxiliaries,0.06217616574941589,auto
0.27633851444184926,0.5595854917447438,0.6217616574941609,0.4663212431206206,0,0.0,1158.000001,0.0,cie_core_n016_f012_m004_proc100.lp,0.19257340225166372,0.2253885999780754,425.49999974999986,scip_default,515.0,D:\git\git\RDMCT-A3C\cie\data\core\spbs\cie_core_n016_f012_m004_proc100.lp,1516.9362521708545,6,True,manufacturing_doe,D:\git\git\RDMCT-A3C\cie\results\doe\cie_doe_600s_mem2048_repro_v1\seeds1to2\solutions\cie_core__cie_core_n016_f012_m004_proc100__scip_default__solverseed_2__trainseed_-1__manufacturing_doe.sol,2,17.94893199999933,optimal,cie_core,49.74093259953287,16,-1,checked active primary model at feasibility tolerance 1.000001e-06; removed 13 inactive auxiliaries,0.06217616574941608,auto
0.2601626014145021,0.5268292678643668,0.6439024385008922,0.4829268288756693,0,0.0,1230.000001,0.0,cie_core_n016_f012_m004_proc110.lp,0.21463414535395597,0.25934959247207373,460.3749996250001,scip_default,609.0,D:\git\git\RDMCT-A3C\cie\data\core\spbs\cie_core_n016_f012_m004_proc110.lp,620.0651260120349,6,True,manufacturing_doe,D:\git\git\RDMCT-A3C\cie\results\doe\cie_doe_600s_mem2048_repro_v1\seeds1to2\solutions\cie_core__cie_core_n016_f012_m004_proc110__scip_default__solverseed_1__trainseed_-1__manufacturing_doe.sol,1,7.894388999999137,optimal,cie_core,46.82926825461035,16,-1,checked active primary model at feasibility tolerance 1.000001e-06; removed 13 inactive auxiliaries,0.05853658531826293,auto
0.2601626014145018,0.5268292678643657,0.6439024385008931,0.48292682887567,0,0.0,1230.000001,0.0,cie_core_n016_f012_m004_proc110.lp,0.21463414616696408,0.2593495932850816,460.3750000000001,scip_default,609.000000000001,D:\git\git\RDMCT-A3C\cie\data\core\spbs\cie_core_n016_f012_m004_proc110.lp,1157.1940357948408,6,True,manufacturing_doe,D:\git\git\RDMCT-A3C\cie\results\doe\cie_doe_600s_mem2048_repro_v1\seeds1to2\solutions\cie_core__cie_core_n016_f012_m004_proc110__scip_default__solverseed_2__trainseed_-1__manufacturing_doe.sol,2,13.905062899999393,optimal,cie_core,46.82926825461035,16,-1,checked active primary model at feasibility tolerance 1.000001e-06; removed 13 inactive auxiliaries,0.05853658531826293,auto
0.04568383439176939,0.09250976464333302,0.1709336803492038,0.1709336803492038,2,0.04758732749142645,10506.9989503,4.070945438851351,cie_core_n024_f000_m024_proc090.lp,0.02855239649485587,0.034262875793827044,472.0,scip_default,472.0,D:\git\git\RDMCT-A3C\cie\data\core\spbs\cie_core_n024_f000_m024_proc090.lp,43410.715606151985,4,True,manufacturing_doe,D:\git\git\RDMCT-A3C\cie\results\doe\cie_doe_600s_mem2048_repro_v1\seeds1to2\solutions\cie_core__cie_core_n024_f000_m024_proc090__scip_default__solverseed_1__trainseed_-1__manufacturing_doe.sol,1,539.9051253999987,timelimit,cie_core,8.22309019051849,24,-1,checked active primary model at feasibility tolerance 1.000001e-06; removed 13 inactive auxiliaries,0.010659561358079524,auto
0.04568383439176939,0.09250976464333302,0.1709336803492038,0.1709336803492038,2,0.04758732749142645,10506.9989503,4.080753843955512,cie_core_n024_f000_m024_proc090.lp,0.02855239649485587,0.034262875793827044,472.0,scip_default,472.0,D:\git\git\RDMCT-A3C\cie\data\core\spbs\cie_core_n024_f000_m024_proc090.lp,43435.1501417358,4,True,manufacturing_doe,D:\git\git\RDMCT-A3C\cie\results\doe\cie_doe_600s_mem2048_repro_v1\seeds1to2\solutions\cie_core__cie_core_n024_f000_m024_proc090__scip_default__solverseed_2__trainseed_-1__manufacturing_doe.sol,2,539.8185312000005,timelimit,cie_core,8.22309019051849,24,-1,checked active primary model at feasibility tolerance 1.000001e-06; removed 13 inactive auxiliaries,0.010659561358079524,auto
0.04568383439176939,0.09250976464333302,0.18463883066673462,0.18463883066673462,2,0.04758732749142645,10506.9989503,3.7499995250000073,cie_core_n024_f000_m024_proc100.lp,0.02855239649485587,0.034262875793827044,508.0,scip_default,508.0,D:\git\git\RDMCT-A3C\cie\data\core\spbs\cie_core_n024_f000_m024_proc100.lp,42694.735711578855,4,True,manufacturing_doe,D:\git\git\RDMCT-A3C\cie\results\doe\cie_doe_600s_mem2048_repro_v1\seeds1to2\solutions\cie_core__cie_core_n024_f000_m024_proc100__scip_default__solverseed_1__trainseed_-1__manufacturing_doe.sol,1,539.8081837000009,timelimit,cie_core,8.22309019051849,24,-1,checked active primary model at feasibility tolerance 1.000001e-06; removed 13 inactive auxiliaries,0.010659561358079524,auto
0.04568383439176939,0.09250976464333302,0.18463883066673462,0.18463883066673462,2,0.04758732749142645,10506.9989503,3.737150112398557,cie_core_n024_f000_m024_proc100.lp,0.02855239649485587,0.034262875793827044,508.0,scip_default,508.0,D:\git\git\RDMCT-A3C\cie\data\core\spbs\cie_core_n024_f000_m024_proc100.lp,42683.35539158905,4,True,manufacturing_doe,D:\git\git\RDMCT-A3C\cie\results\doe\cie_doe_600s_mem2048_repro_v1\seeds1to2\solutions\cie_core__cie_core_n024_f000_m024_proc100__scip_default__solverseed_2__trainseed_-1__manufacturing_doe.sol,2,539.8274128999983,timelimit,cie_core,8.22309019051849,24,-1,checked active primary model at feasibility tolerance 1.000001e-06; removed 13 inactive auxiliaries,0.010659561358079524,auto
0.04568383439176939,0.09250976464333302,0.19834398098426542,0.19834398098426542,2,0.04758732749142645,10506.9989503,3.587609320326694,cie_core_n024_f000_m024_proc110.lp,0.02855239649485587,0.034262875793827044,544.0,scip_default,544.0,D:\git\git\RDMCT-A3C\cie\data\core\spbs\cie_core_n024_f000_m024_proc110.lp,42302.009039319106,4,True,manufacturing_doe,D:\git\git\RDMCT-A3C\cie\results\doe\cie_doe_600s_mem2048_repro_v1\seeds1to2\solutions\cie_core__cie_core_n024_f000_m024_proc110__scip_default__solverseed_1__trainseed_-1__manufacturing_doe.sol,1,539.8138709000013,timelimit,cie_core,8.22309019051849,24,-1,checked active primary model at feasibility tolerance 1.000001e-06; removed 13 inactive auxiliaries,0.010659561358079524,auto
0.04568383439176939,0.09250976464333302,0.19834398098426542,0.19834398098426542,2,0.04758732749142645,10506.9989503,3.4521181988559317,cie_core_n024_f000_m024_proc110.lp,0.02855239649485587,0.034262875793827044,544.0,scip_default,544.0,D:\git\git\RDMCT-A3C\cie\data\core\spbs\cie_core_n024_f000_m024_proc110.lp,41944.87273469633,4,True,manufacturing_doe,D:\git\git\RDMCT-A3C\cie\results\doe\cie_doe_600s_mem2048_repro_v1\seeds1to2\solutions\cie_core__cie_core_n024_f000_m024_proc110__scip_default__solverseed_2__trainseed_-1__manufacturing_doe.sol,2,539.7869745000007,timelimit,cie_core,8.22309019051849,24,-1,checked active primary model at feasibility tolerance 1.000001e-06; removed 13 inactive auxiliaries,0.010659561358079524,auto
0.0456490773137761,0.0924393815603966,0.17080363094904558,0.15539706735564612,2,0.0475511222018501,10514.9989495,3.9692811665879018,cie_core_n024_f006_m018_proc090.lp,0.03518783042936908,0.04289111222606879,505.1666666666667,scip_default,625.0,D:\git\git\RDMCT-A3C\cie\data\core\spbs\cie_core_n024_f006_m018_proc090.lp,43222.4430496813,8,True,manufacturing_doe,D:\git\git\RDMCT-A3C\cie\results\doe\cie_doe_600s_mem2048_repro_v1\seeds1to2\solutions\cie_core__cie_core_n024_f006_m018_proc090__scip_default__solverseed_1__trainseed_-1__manufacturing_doe.sol,1,539.8329621000012,timelimit,cie_core,8.216833916479699,24,-1,checked active primary model at feasibility tolerance 1.000001e-06; removed 13 inactive auxiliaries,0.012553496261288427,auto
0.0456490773137761,0.0924393815603966,0.17080363094904558,0.15539706735564612,2,0.0475511222018501,10514.9989495,3.9692811665879018,cie_core_n024_f006_m018_proc090.lp,0.03518783042936908,0.04289111222606879,505.1666666666667,scip_default,625.0,D:\git\git\RDMCT-A3C\cie\data\core\spbs\cie_core_n024_f006_m018_proc090.lp,43216.8890786076,8,True,manufacturing_doe,D:\git\git\RDMCT-A3C\cie\results\doe\cie_doe_600s_mem2048_repro_v1\seeds1to2\solutions\cie_core__cie_core_n024_f006_m018_proc090__scip_default__solverseed_2__trainseed_-1__manufacturing_doe.sol,2,539.7830407000001,timelimit,cie_core,8.216833916479699,24,-1,checked active primary model at feasibility tolerance 1.000001e-06; removed 13 inactive auxiliaries,0.012553496261288427,auto
0.0456490773137761,0.0924393815603966,0.1844983541431784,0.16737995015051235,2,0.0475511222018501,10514.9989495,3.6485406492042443,cie_core_n024_f006_m018_proc100.lp,0.02853067332111006,0.034997625940561675,549.0,scip_default,1034.0,D:\git\git\RDMCT-A3C\cie\data\core\spbs\cie_core_n024_f006_m018_proc100.lp,42482.290765596845,4,True,manufacturing_doe,D:\git\git\RDMCT-A3C\cie\results\doe\cie_doe_600s_mem2048_repro_v1\seeds1to2\solutions\cie_core__cie_core_n024_f006_m018_proc100__scip_default__solverseed_1__trainseed_-1__manufacturing_doe.sol,1,539.7792809999974,timelimit,cie_core,8.216833916479699,24,-1,checked active primary model at feasibility tolerance 1.000001e-06; removed 13 inactive auxiliaries,0.012553496261288427,auto
0.0456490773137761,0.0924393815603966,0.1844983541431784,0.16737995015051235,2,0.0475511222018501,10514.9989495,3.636242922619048,cie_core_n024_f006_m018_proc100.lp,0.02853067332111006,0.034997625940561675,549.0,scip_default,1034.0,D:\git\git\RDMCT-A3C\cie\data\core\spbs\cie_core_n024_f006_m018_proc100.lp,42461.68215572599,4,True,manufacturing_doe,D:\git\git\RDMCT-A3C\cie\results\doe\cie_doe_600s_mem2048_repro_v1\seeds1to2\solutions\cie_core__cie_core_n024_f006_m018_proc100__scip_default__solverseed_2__trainseed_-1__manufacturing_doe.sol,2,539.8395868999996,timelimit,cie_core,8.216833916479699,24,-1,checked active primary model at feasibility tolerance 1.000001e-06; removed 13 inactive auxiliaries,0.012553496261288427,auto
0.0456490773137761,0.0924393815603966,0.19819307733731123,0.17936283294537858,2,0.0475511222018501,10514.9989495,3.3812495618750003,cie_core_n024_f006_m018_proc110.lp,0.05601522195377942,0.043842134670105795,616.5,scip_default,944.0,D:\git\git\RDMCT-A3C\cie\data\core\spbs\cie_core_n024_f006_m018_proc110.lp,41766.35160592665,8,True,manufacturing_doe,D:\git\git\RDMCT-A3C\cie\results\doe\cie_doe_600s_mem2048_repro_v1\seeds1to2\solutions\cie_core__cie_core_n024_f006_m018_proc110__scip_default__solverseed_1__trainseed_-1__manufacturing_doe.sol,1,539.7931941999996,timelimit,cie_core,8.216833916479699,24,-1,checked active primary model at feasibility tolerance 1.000001e-06; removed 13 inactive auxiliaries,0.012553496261288427,auto
0.0456490773137761,0.0924393815603966,0.19819307733731123,0.17936283294537858,2,0.0475511222018501,10514.9989495,3.370323752493766,cie_core_n024_f006_m018_proc110.lp,0.05601522195377942,0.043842134670105795,616.5,scip_default,944.0,D:\git\git\RDMCT-A3C\cie\data\core\spbs\cie_core_n024_f006_m018_proc110.lp,41751.40153310497,8,True,manufacturing_doe,D:\git\git\RDMCT-A3C\cie\results\doe\cie_doe_600s_mem2048_repro_v1\seeds1to2\solutions\cie_core__cie_core_n024_f006_m018_proc110__scip_default__solverseed_2__trainseed_-1__manufacturing_doe.sol,2,539.7548518999993,timelimit,cie_core,8.216833916479699,24,-1,checked active primary model at feasibility tolerance 1.000001e-06; removed 13 inactive auxiliaries,0.012553496261288427,auto
0.0456490773137761,0.0924393815603966,0.15539706735564612,0.07703281796699717,1,0.02377556110092505,10514.9989495,4.021489469197699,cie_core_n024_f012_m012_proc090.lp,0.054683790532127616,0.052781745644053614,683.6666666666666,scip_default,2495.0,D:\git\git\RDMCT-A3C\cie\data\core\spbs\cie_core_n024_f012_m012_proc090.lp,43326.30167277968,4,True,manufacturing_doe,D:\git\git\RDMCT-A3C\cie\results\doe\cie_doe_600s_mem2048_repro_v1\seeds1to2\solutions\cie_core__cie_core_n024_f012_m012_proc090__scip_default__solverseed_1__trainseed_-1__manufacturing_doe.sol,1,539.8206088000006,timelimit,cie_core,8.216833916479699,24,-1,checked active primary model at feasibility tolerance 1.000001e-06; removed 13 inactive auxiliaries,0.010651451373214422,auto
0.0456490773137761,0.0924393815603966,0.15539706735564612,0.07703281796699717,1,0.02377556110092505,10514.9989495,4.0214894691976735,cie_core_n024_f012_m012_proc090.lp,0.07180219452479365,0.03566334165138758,683.6666666666666,scip_default,2585.0,D:\git\git\RDMCT-A3C\cie\data\core\spbs\cie_core_n024_f012_m012_proc090.lp,43347.19817390187,4,True,manufacturing_doe,D:\git\git\RDMCT-A3C\cie\results\doe\cie_doe_600s_mem2048_repro_v1\seeds1to2\solutions\cie_core__cie_core_n024_f012_m012_proc090__scip_default__solverseed_2__trainseed_-1__manufacturing_doe.sol,2,539.7374999999993,timelimit,cie_core,8.216833916479699,24,-1,checked active primary model at feasibility tolerance 1.000001e-06; removed 13 inactive auxiliaries,0.010651451373214422,auto
0.213713267936903,0.432769367572228,0.7836153157686429,0.4007123773816913,1,0.1113089937171371,2246.00000100001,0.0,cie_core_n024_f012_m012_proc100.lp,0.2132680319620342,0.20569902061189044,545.583333625003,scip_default,1109.9999999999989,D:\git\git\RDMCT-A3C\cie\data\core\spbs\cie_core_n024_f012_m012_proc100.lp,27870.686199096912,6,True,manufacturing_doe,D:\git\git\RDMCT-A3C\cie\results\doe\cie_doe_600s_mem2048_repro_v1\seeds1to2\solutions\cie_core__cie_core_n024_f012_m012_proc100__scip_default__solverseed_1__trainseed_-1__manufacturing_doe.sol,1,352.43620009999904,optimal,cie_core,38.46838822864258,24,-1,checked active primary model at feasibility tolerance 1.000001e-06; removed 13 inactive auxiliaries,0.049866429185277616,auto
0.0456490773137761,0.0924393815603966,0.16737995015051235,0.08559201996333018,1,0.02377556110092505,10514.9989495,3.75361616116635,cie_core_n024_f012_m012_proc100.lp,0.061911561106808836,0.08121731672075998,601.0,scip_default,1292.0,D:\git\git\RDMCT-A3C\cie\data\core\spbs\cie_core_n024_f012_m012_proc100.lp,42703.603245063096,6,True,manufacturing_doe,D:\git\git\RDMCT-A3C\cie\results\doe\cie_doe_600s_mem2048_repro_v1\seeds1to2\solutions\cie_core__cie_core_n024_f012_m012_proc100__scip_default__solverseed_2__trainseed_-1__manufacturing_doe.sol,2,540.0560619999997,timelimit,cie_core,8.216833916479699,24,-1,checked active primary model at feasibility tolerance 1.000001e-06; removed 13 inactive auxiliaries,0.010651451373214422,auto
0.0456490773137761,0.0924393815603966,0.17936283294537858,0.0941512219596632,1,0.02377556110092505,10514.9989495,3.474467637659554,cie_core_n024_f012_m012_proc110.lp,0.06096053866277183,0.05611032419818312,558.5,scip_default,845.0,D:\git\git\RDMCT-A3C\cie\data\core\spbs\cie_core_n024_f012_m012_proc110.lp,41999.310681486764,4,True,manufacturing_doe,D:\git\git\RDMCT-A3C\cie\results\doe\cie_doe_600s_mem2048_repro_v1\seeds1to2\solutions\cie_core__cie_core_n024_f012_m012_proc110__scip_default__solverseed_1__trainseed_-1__manufacturing_doe.sol,1,539.8055500999999,timelimit,cie_core,8.216833916479699,24,-1,checked active primary model at feasibility tolerance 1.000001e-06; removed 13 inactive auxiliaries,0.010651451373214422,auto
0.0456490773137761,0.0924393815603966,0.17936283294537858,0.0941512219596632,1,0.02377556110092505,10514.9989495,3.478278938884136,cie_core_n024_f012_m012_proc110.lp,0.07522587532332686,0.04184498753762809,558.5,scip_default,845.0,D:\git\git\RDMCT-A3C\cie\data\core\spbs\cie_core_n024_f012_m012_proc110.lp,42016.14716110111,4,True,manufacturing_doe,D:\git\git\RDMCT-A3C\cie\results\doe\cie_doe_600s_mem2048_repro_v1\seeds1to2\solutions\cie_core__cie_core_n024_f012_m012_proc110__scip_default__solverseed_2__trainseed_-1__manufacturing_doe.sol,2,539.7648125000014,timelimit,cie_core,8.216833916479699,24,-1,checked active primary model at feasibility tolerance 1.000001e-06; removed 13 inactive auxiliaries,0.010651451373214422,auto
0.22388059691050263,0.453358208743767,0.7621268653161695,0.3022388058291783,1,0.11660447755755335,2144.00000100001,0.0,cie_core_n024_f018_m006_proc090.lp,0.21828358152131727,0.24160447843209568,442.3333335833359,scip_default,727.0000010000119,D:\git\git\RDMCT-A3C\cie\data\core\spbs\cie_core_n024_f018_m006_proc090.lp,35001.56871988441,6,True,manufacturing_doe,D:\git\git\RDMCT-A3C\cie\results\doe\cie_doe_600s_mem2048_repro_v1\seeds1to2\solutions\cie_core__cie_core_n024_f018_m006_proc090__scip_default__solverseed_1__trainseed_-1__manufacturing_doe.sol,1,444.68273820000104,optimal,cie_core,40.298507443890436,24,-1,checked active primary model at feasibility tolerance 1.000001e-06; removed 13 inactive auxiliaries,0.061567164150388376,auto
0.22388059691050377,0.4533582087437693,0.7621268653161698,0.3022388058291798,1,0.11660447755755389,2144.000001,0.0,cie_core_n024_f018_m006_proc090.lp,0.17304104469540996,0.2196828357184292,466.00000016666627,scip_default,1132.000001,D:\git\git\RDMCT-A3C\cie\data\core\spbs\cie_core_n024_f018_m006_proc090.lp,38110.75885923701,6,True,manufacturing_doe,D:\git\git\RDMCT-A3C\cie\results\doe\cie_doe_600s_mem2048_repro_v1\seeds1to2\solutions\cie_core__cie_core_n024_f018_m006_proc090__scip_default__solverseed_2__trainseed_-1__manufacturing_doe.sol,2,493.8732192999996,optimal,cie_core,40.29850744389062,24,-1,checked active primary model at feasibility tolerance 1.000001e-06; removed 13 inactive auxiliaries,0.06156716415038867,auto
0.21145374440024095,0.4281938324104869,0.7753303961342157,0.3171806166003609,1,0.11013215854179201,2270.000001,0.0,cie_core_n024_f018_m006_proc100.lp,0.3110132157220207,0.2850220263061577,518.3750001666668,scip_default,925.5000010000011,D:\git\git\RDMCT-A3C\cie\data\core\spbs\cie_core_n024_f018_m006_proc100.lp,41356.886224387534,6,True,manufacturing_doe,D:\git\git\RDMCT-A3C\cie\results\doe\cie_doe_600s_mem2048_repro_v1\seeds1to2\solutions\cie_core__cie_core_n024_f018_m006_proc100__scip_default__solverseed_1__trainseed_-1__manufacturing_doe.sol,1,525.5894848999997,optimal,cie_core,38.06167399204332,24,-1,checked active primary model at feasibility tolerance 1.000001e-06; removed 13 inactive auxiliaries,0.05814977971006618,auto
0.21145374440024084,0.42819383241048553,0.775330396134214,0.31718061660036095,1,0.11013215854179201,2270.000001,0.0,cie_core_n024_f018_m006_proc100.lp,0.27004405274446924,0.2885462553794938,484.0000001666669,scip_default,672.5000000000098,D:\git\git\RDMCT-A3C\cie\data\core\spbs\cie_core_n024_f018_m006_proc100.lp,34613.50964815458,6,True,manufacturing_doe,D:\git\git\RDMCT-A3C\cie\results\doe\cie_doe_600s_mem2048_repro_v1\seeds1to2\solutions\cie_core__cie_core_n024_f018_m006_proc100__scip_default__solverseed_2__trainseed_-1__manufacturing_doe.sol,2,440.03691009999966,optimal,cie_core,38.06167399204332,24,-1,checked active primary model at feasibility tolerance 1.000001e-06; removed 13 inactive auxiliaries,0.05814977971006638,auto
0.0456490773137761,0.0924393815603966,0.17936283294537858,0.07532097756773057,1,0.02377556110092505,10514.9989495,3.436708417088608,cie_core_n024_f018_m006_proc110.lp,0.02853067332111006,0.04174988529322439,486.5833333333333,scip_default,967.0,D:\git\git\RDMCT-A3C\cie\data\core\spbs\cie_core_n024_f018_m006_proc110.lp,41958.03017954053,6,True,manufacturing_doe,D:\git\git\RDMCT-A3C\cie\results\doe\cie_doe_600s_mem2048_repro_v1\seeds1to2\solutions\cie_core__cie_core_n024_f018_m006_proc110__scip_default__solverseed_1__trainseed_-1__manufacturing_doe.sol,1,539.6813289999991,timelimit,cie_core,8.216833916479699,24,-1,checked active primary model at feasibility tolerance 1.000001e-06; removed 13 inactive auxiliaries,0.012553496261288427,auto
0.0456490773137761,0.0924393815603966,0.17936283294537858,0.07532097756773057,1,0.02377556110092505,10514.9989495,3.459287085877856,cie_core_n024_f018_m006_proc110.lp,0.02853067332111006,0.04174988529322439,486.5833333333333,scip_default,967.0,D:\git\git\RDMCT-A3C\cie\data\core\spbs\cie_core_n024_f018_m006_proc110.lp,41983.1181516166,6,True,manufacturing_doe,D:\git\git\RDMCT-A3C\cie\results\doe\cie_doe_600s_mem2048_repro_v1\seeds1to2\solutions\cie_core__cie_core_n024_f018_m006_proc110__scip_default__solverseed_2__trainseed_-1__manufacturing_doe.sol,2,539.6995443000014,timelimit,cie_core,8.216833916479699,24,-1,checked active primary model at feasibility tolerance 1.000001e-06; removed 13 inactive auxiliaries,0.012553496261288427,auto
0.060865436418368134,0.12325250874719547,0.20161675813584443,0.20161675813584443,2,0.0475511222018501,10514.9989495,3.3812495618750003,cie_core_n032_f000_m032_proc090.lp,0.05839277806387193,0.06600095761616795,498.75,scip_default,525.5,D:\git\git\RDMCT-A3C\cie\data\core\spbs\cie_core_n032_f000_m032_proc090.lp,41857.34543338076,8,True,manufacturing_doe,D:\git\git\RDMCT-A3C\cie\results\doe\cie_doe_600s_mem2048_repro_v1\seeds1to2\solutions\cie_core__cie_core_n032_f000_m032_proc090__scip_default__solverseed_1__trainseed_-1__manufacturing_doe.sol,1,539.800207100001,timelimit,cie_core,10.955778555306264,32,-1,checked active primary model at feasibility tolerance 1.000001e-06; removed 13 inactive auxiliaries,0.012173087283673627,auto
0.19441069252903687,0.39368165237129865,0.6439854190024346,0.6439854190024356,2,0.1518833535383105,3292.000001,0.36938435940099834,cie_core_n032_f000_m032_proc090.lp,0.13487241794201932,0.1582624540831524,489.6874999375004,scip_default,619.9999990000001,D:\git\git\RDMCT-A3C\cie\data\core\spbs\cie_core_n032_f000_m032_proc090.lp,18067.47527065142,8,True,manufacturing_doe,D:\git\git\RDMCT-A3C\cie\results\doe\cie_doe_600s_mem2048_repro_v1\seeds1to2\solutions\cie_core__cie_core_n032_f000_m032_proc090__scip_default__solverseed_2__trainseed_-1__manufacturing_doe.sol,2,539.7028290999988,timelimit,cie_core,34.993924655226635,32,-1,checked active primary model at feasibility tolerance 1.000001e-06; removed 13 inactive auxiliaries,0.038882138505808336,auto
0.060865436418368134,0.12325250874719547,0.21873516212851046,0.21873516212851046,2,0.0475511222018501,10514.9989495,3.069272038893189,cie_core_n032_f000_m032_proc100.lp,0.07227770574681215,0.07446505736809726,602.25,scip_default,1015.0,D:\git\git\RDMCT-A3C\cie\data\core\spbs\cie_core_n032_f000_m032_proc100.lp,40994.91308455965,8,True,manufacturing_doe,D:\git\git\RDMCT-A3C\cie\results\doe\cie_doe_600s_mem2048_repro_v1\seeds1to2\solutions\cie_core__cie_core_n032_f000_m032_proc100__scip_default__solverseed_1__trainseed_-1__manufacturing_doe.sol,1,539.7894439000011,timelimit,cie_core,10.955778555306264,32,-1,checked active primary model at feasibility tolerance 1.000001e-06; removed 13 inactive auxiliaries,0.012173087283673627,auto
0.060865436418368134,0.12325250874719547,0.21873516212851046,0.21873516212851046,2,0.0475511222018501,10514.9989495,3.066124883410673,cie_core_n032_f000_m032_proc100.lp,0.07389444390167506,0.07284831921323436,602.25,scip_default,1110.0,D:\git\git\RDMCT-A3C\cie\data\core\spbs\cie_core_n032_f000_m032_proc100.lp,40972.37434865892,8,True,manufacturing_doe,D:\git\git\RDMCT-A3C\cie\results\doe\cie_doe_600s_mem2048_repro_v1\seeds1to2\solutions\cie_core__cie_core_n032_f000_m032_proc100__scip_default__solverseed_2__trainseed_-1__manufacturing_doe.sol,2,539.7462425999984,timelimit,cie_core,10.955778555306264,32,-1,checked active primary model at feasibility tolerance 1.000001e-06; removed 13 inactive auxiliaries,0.012173087283673627,auto
0.060865436418368134,0.12325250874719547,0.2358535661211765,0.2358535661211765,2,0.0475511222018501,10514.9989495,2.8097822277173865,cie_core_n032_f000_m032_proc110.lp,0.07608179552296017,0.07028055861433445,691.625,scip_default,1600.0,D:\git\git\RDMCT-A3C\cie\data\core\spbs\cie_core_n032_f000_m032_proc110.lp,40043.89779602077,6,True,manufacturing_doe,D:\git\git\RDMCT-A3C\cie\results\doe\cie_doe_600s_mem2048_repro_v1\seeds1to2\solutions\cie_core__cie_core_n032_f000_m032_proc110__scip_default__solverseed_1__trainseed_-1__manufacturing_doe.sol,1,539.7685875000025,timelimit,cie_core,10.955778555306264,32,-1,checked active primary model at feasibility tolerance 1.000001e-06; removed 13 inactive auxiliaries,0.012173087283673627,auto
0.060865436418368134,0.12325250874719547,0.2358535661211765,0.2358535661211765,2,0.0475511222018501,10514.9989495,2.804268794681621,cie_core_n032_f000_m032_proc110.lp,0.07532097756773057,0.07104137656956405,691.625,scip_default,1600.0,D:\git\git\RDMCT-A3C\cie\data\core\spbs\cie_core_n032_f000_m032_proc110.lp,40031.11605437171,6,True,manufacturing_doe,D:\git\git\RDMCT-A3C\cie\results\doe\cie_doe_600s_mem2048_repro_v1\seeds1to2\solutions\cie_core__cie_core_n032_f000_m032_proc110__scip_default__solverseed_2__trainseed_-1__manufacturing_doe.sol,2,539.7320922000035,timelimit,cie_core,10.955778555306264,32,-1,checked active primary model at feasibility tolerance 1.000001e-06; removed 13 inactive auxiliaries,0.012173087283673627,auto
0.060865436418368134,0.12325250874719547,0.186210194542445,0.186210194542445,2,0.0475511222018501,10514.9989495,3.4143572411838794,cie_core_n032_f008_m024_proc090.lp,0.07165954115818811,0.07517832420112501,598.875,scip_default,2119.0,D:\git\git\RDMCT-A3C\cie\data\core\spbs\cie_core_n032_f008_m024_proc090.lp,42083.44141618962,4,True,manufacturing_doe,D:\git\git\RDMCT-A3C\cie\results\doe\cie_doe_600s_mem2048_repro_v1\seeds1to2\solutions\cie_core__cie_core_n032_f008_m024_proc090__scip_default__solverseed_1__trainseed_-1__manufacturing_doe.sol,1,539.7986691000006,timelimit,cie_core,10.955778555306264,32,-1,checked active primary model at feasibility tolerance 1.000001e-06; removed 13 inactive auxiliaries,0.01369472319413283,auto
0.060865436418368134,0.12325250874719547,0.186210194542445,0.186210194542445,2,0.0475511222018501,10514.9989495,3.459287085877863,cie_core_n032_f008_m024_proc090.lp,0.07165954115818811,0.07517832420112501,598.875,scip_default,2119.0,D:\git\git\RDMCT-A3C\cie\data\core\spbs\cie_core_n032_f008_m024_proc090.lp,42119.15554121491,4,True,manufacturing_doe,D:\git\git\RDMCT-A3C\cie\results\doe\cie_doe_600s_mem2048_repro_v1\seeds1to2\solutions\cie_core__cie_core_n032_f008_m024_proc090__scip_default__solverseed_2__trainseed_-1__manufacturing_doe.sol,2,539.7516212000046,timelimit,cie_core,10.955778555306264,32,-1,checked active primary model at feasibility tolerance 1.000001e-06; removed 13 inactive auxiliaries,0.01369472319413283,auto
0.060865436418368134,0.12325250874719547,0.20161675813584443,0.20161675813584443,2,0.0475511222018501,10514.9989495,3.172618630357143,cie_core_n032_f008_m024_proc100.lp,0.08806467831782638,0.05725155113102753,752.4375,scip_default,2645.0,D:\git\git\RDMCT-A3C\cie\data\core\spbs\cie_core_n032_f008_m024_proc100.lp,41304.74433199607,6,True,manufacturing_doe,D:\git\git\RDMCT-A3C\cie\results\doe\cie_doe_600s_mem2048_repro_v1\seeds1to2\solutions\cie_core__cie_core_n032_f008_m024_proc100__scip_default__solverseed_1__trainseed_-1__manufacturing_doe.sol,1,539.7135248999984,timelimit,cie_core,10.955778555306264,32,-1,checked active primary model at feasibility tolerance 1.000001e-06; removed 13 inactive auxiliaries,0.01369472319413283,auto
0.060865436418368134,0.12325250874719547,0.20161675813584443,0.20161675813584443,2,0.0475511222018501,10514.9989495,3.0645531304599927,cie_core_n032_f008_m024_proc100.lp,0.07779363592222677,0.06752259352662715,752.4375,scip_default,2645.0,D:\git\git\RDMCT-A3C\cie\data\core\spbs\cie_core_n032_f008_m024_proc100.lp,41230.68821427186,6,True,manufacturing_doe,D:\git\git\RDMCT-A3C\cie\results\doe\cie_doe_600s_mem2048_repro_v1\seeds1to2\solutions\cie_core__cie_core_n032_f008_m024_proc100__scip_default__solverseed_2__trainseed_-1__manufacturing_doe.sol,2,539.7569633000021,timelimit,cie_core,10.955778555306264,32,-1,checked active primary model at feasibility tolerance 1.000001e-06; removed 13 inactive auxiliaries,0.01369472319413283,auto
0.060865436418368134,0.12325250874719547,0.21702332172924388,0.21702332172924388,2,0.0475511222018501,10514.9989495,2.9176598168777947,cie_core_n032_f008_m024_proc110.lp,0.15805993019894973,0.10213981048957402,641.5625,scip_default,1078.0,D:\git\git\RDMCT-A3C\cie\data\core\spbs\cie_core_n032_f008_m024_proc110.lp,40456.00435173453,8,True,manufacturing_doe,D:\git\git\RDMCT-A3C\cie\results\doe\cie_doe_600s_mem2048_repro_v1\seeds1to2\solutions\cie_core__cie_core_n032_f008_m024_proc110__scip_default__solverseed_1__trainseed_-1__manufacturing_doe.sol,1,539.7667364999979,timelimit,cie_core,10.955778555306264,32,-1,checked active primary model at feasibility tolerance 1.000001e-06; removed 13 inactive auxiliaries,0.01369472319413283,auto
0.060865436418368134,0.12325250874719547,0.21702332172924388,0.21702332172924388,2,0.0475511222018501,10514.9989495,2.920581263422819,cie_core_n032_f008_m024_proc110.lp,0.1273419052565546,0.1328578354319692,641.5625,scip_default,961.0,D:\git\git\RDMCT-A3C\cie\data\core\spbs\cie_core_n032_f008_m024_proc110.lp,40466.37098252044,8,True,manufacturing_doe,D:\git\git\RDMCT-A3C\cie\results\doe\cie_doe_600s_mem2048_repro_v1\seeds1to2\solutions\cie_core__cie_core_n032_f008_m024_proc110__scip_default__solverseed_2__trainseed_-1__manufacturing_doe.sol,2,537.8970553000036,timelimit,cie_core,10.955778555306264,32,-1,checked active primary model at feasibility tolerance 1.000001e-06; removed 13 inactive auxiliaries,0.01369472319413283,auto
0.060865436418368134,0.12325250874719547,0.17080363094904558,0.17080363094904558,2,0.0475511222018501,10514.9989495,3.5206358334049663,cie_core_n032_f016_m016_proc090.lp,0.07332383043525285,0.10936758106425523,594.3125,scip_default,1423.0,D:\git\git\RDMCT-A3C\cie\data\core\spbs\cie_core_n032_f016_m016_proc090.lp,42302.991119198254,6,True,manufacturing_doe,D:\git\git\RDMCT-A3C\cie\results\doe\cie_doe_600s_mem2048_repro_v1\seeds1to2\solutions\cie_core__cie_core_n032_f016_m016_proc090__scip_default__solverseed_1__trainseed_-1__manufacturing_doe.sol,1,539.7609168999988,timelimit,cie_core,10.955778555306264,32,-1,checked active primary model at feasibility tolerance 1.000001e-06; removed 13 inactive auxiliaries,0.015216359104592033,auto
0.060865436418368134,0.12325250874719547,0.17080363094904558,0.17080363094904558,2,0.0475511222018501,10514.9989495,3.5167521256443233,cie_core_n032_f016_m016_proc090.lp,0.08340466834204507,0.09852592520223341,594.3125,scip_default,1529.0,D:\git\git\RDMCT-A3C\cie\data\core\spbs\cie_core_n032_f016_m016_proc090.lp,42297.53937481253,6,True,manufacturing_doe,D:\git\git\RDMCT-A3C\cie\results\doe\cie_doe_600s_mem2048_repro_v1\seeds1to2\solutions\cie_core__cie_core_n032_f016_m016_proc090__scip_default__solverseed_2__trainseed_-1__manufacturing_doe.sol,2,539.6697938999969,timelimit,cie_core,10.955778555306264,32,-1,checked active primary model at feasibility tolerance 1.000001e-06; removed 13 inactive auxiliaries,0.015216359104592033,auto
0.060865436418368134,0.12325250874719547,0.1844983541431784,0.1844983541431784,2,0.0475511222018501,10514.9989495,3.1332543036556606,cie_core_n032_f016_m016_proc100.lp,0.06657157108259014,0.06581075312736054,555.4375,scip_default,1071.0,D:\git\git\RDMCT-A3C\cie\data\core\spbs\cie_core_n032_f016_m016_proc100.lp,41278.16531445071,8,True,manufacturing_doe,D:\git\git\RDMCT-A3C\cie\results\doe\cie_doe_600s_mem2048_repro_v1\seeds1to2\solutions\cie_core__cie_core_n032_f016_m016_proc100__scip_default__solverseed_1__trainseed_-1__manufacturing_doe.sol,1,539.6988534000011,timelimit,cie_core,10.955778555306264,32,-1,checked active primary model at feasibility tolerance 1.000001e-06; removed 13 inactive auxiliaries,0.015216359104592033,auto
0.060865436418368134,0.12325250874719547,0.1844983541431784,0.1844983541431784,2,0.0475511222018501,10514.9989495,3.1267656783751905,cie_core_n032_f016_m016_proc100.lp,0.06657157108259014,0.06657157108259014,555.4375,scip_default,1071.0,D:\git\git\RDMCT-A3C\cie\data\core\spbs\cie_core_n032_f016_m016_proc100.lp,41454.34669682352,8,True,manufacturing_doe,D:\git\git\RDMCT-A3C\cie\results\doe\cie_doe_600s_mem2048_repro_v1\seeds1to2\solutions\cie_core__cie_core_n032_f016_m016_proc100__scip_default__solverseed_2__trainseed_-1__manufacturing_doe.sol,2,539.6956419999988,timelimit,cie_core,10.955778555306264,32,-1,checked active primary model at feasibility tolerance 1.000001e-06; removed 13 inactive auxiliaries,0.015216359104592033,auto
0.060865436418368134,0.12325250874719547,0.19819307733731123,0.19819307733731123,2,0.0475511222018501,10514.9989495,2.9950603907674718,cie_core_n032_f016_m016_proc110.lp,0.08849263841764304,0.07941037407708967,618.625,scip_default,1401.0,D:\git\git\RDMCT-A3C\cie\data\core\spbs\cie_core_n032_f016_m016_proc110.lp,40766.4370979466,8,True,manufacturing_doe,D:\git\git\RDMCT-A3C\cie\results\doe\cie_doe_600s_mem2048_repro_v1\seeds1to2\solutions\cie_core__cie_core_n032_f016_m016_proc110__scip_default__solverseed_1__trainseed_-1__manufacturing_doe.sol,1,539.7687342999998,timelimit,cie_core,10.955778555306264,32,-1,checked active primary model at feasibility tolerance 1.000001e-06; removed 13 inactive auxiliaries,0.015216359104592033,auto
0.060865436418368134,0.12325250874719547,0.19819307733731123,0.19819307733731123,2,0.0475511222018501,10514.9989495,3.016424350076372,cie_core_n032_f016_m016_proc110.lp,0.09933429427966486,0.06856871821506785,618.625,scip_default,1401.0,D:\git\git\RDMCT-A3C\cie\data\core\spbs\cie_core_n032_f016_m016_proc110.lp,40893.51563990788,8,True,manufacturing_doe,D:\git\git\RDMCT-A3C\cie\results\doe\cie_doe_600s_mem2048_repro_v1\seeds1to2\solutions\cie_core__cie_core_n032_f016_m016_proc110__scip_default__solverseed_2__trainseed_-1__manufacturing_doe.sol,2,539.6829364000041,timelimit,cie_core,10.955778555306264,32,-1,checked active primary model at feasibility tolerance 1.000001e-06; removed 13 inactive auxiliaries,0.015216359104592033,auto
0.060865436418368134,0.12325250874719547,0.15539706735564612,0.15539706735564612,2,0.0475511222018501,10514.9989495,3.4143572411838794,cie_core_n032_f024_m008_proc090.lp,0.06172135661800143,0.07313362594644546,452.625,scip_default,691.5,D:\git\git\RDMCT-A3C\cie\data\core\spbs\cie_core_n032_f024_m008_proc090.lp,42178.465639748,4,True,manufacturing_doe,D:\git\git\RDMCT-A3C\cie\results\doe\cie_doe_600s_mem2048_repro_v1\seeds1to2\solutions\cie_core__cie_core_n032_f024_m008_proc090__scip_default__solverseed_1__trainseed_-1__manufacturing_doe.sol,1,539.7071657999986,timelimit,cie_core,10.955778555306264,32,-1,checked active primary model at feasibility tolerance 1.000001e-06; removed 13 inactive auxiliaries,0.016737995015051237,auto
0.060865436418368134,0.12325250874719547,0.15539706735564612,0.15539706735564612,2,0.0475511222018501,10514.9989495,3.6795722957276293,cie_core_n032_f024_m008_proc090.lp,0.06172135661800143,0.07313362594644546,452.625,scip_default,691.5,D:\git\git\RDMCT-A3C\cie\data\core\spbs\cie_core_n032_f024_m008_proc090.lp,42793.262842724944,4,True,manufacturing_doe,D:\git\git\RDMCT-A3C\cie\results\doe\cie_doe_600s_mem2048_repro_v1\seeds1to2\solutions\cie_core__cie_core_n032_f024_m008_proc090__scip_default__solverseed_2__trainseed_-1__manufacturing_doe.sol,2,539.6270885999984,timelimit,cie_core,10.955778555306264,32,-1,checked active primary model at feasibility tolerance 1.000001e-06; removed 13 inactive auxiliaries,0.016737995015051237,auto
0.060865436418368134,0.12325250874719547,0.16737995015051235,0.16737995015051235,2,0.0475511222018501,10514.9989495,3.379424801541025,cie_core_n032_f024_m008_proc100.lp,0.10123633916773887,0.117689027449579,587.25,scip_default,1204.0,D:\git\git\RDMCT-A3C\cie\data\core\spbs\cie_core_n032_f024_m008_proc100.lp,42114.45435115062,4,True,manufacturing_doe,D:\git\git\RDMCT-A3C\cie\results\doe\cie_doe_600s_mem2048_repro_v1\seeds1to2\solutions\cie_core__cie_core_n032_f024_m008_proc100__scip_default__solverseed_1__trainseed_-1__manufacturing_doe.sol,1,539.5578384,timelimit,cie_core,10.955778555306264,32,-1,checked active primary model at feasibility tolerance 1.000001e-06; removed 13 inactive auxiliaries,0.016737995015051237,auto
0.060865436418368134,0.12325250874719547,0.16737995015051235,0.16737995015051235,2,0.0475511222018501,10514.9989495,3.3200488695562798,cie_core_n032_f024_m008_proc100.lp,0.1116024838077422,0.10732288280957568,587.25,scip_default,1204.0,D:\git\git\RDMCT-A3C\cie\data\core\spbs\cie_core_n032_f024_m008_proc100.lp,41862.50328037141,4,True,manufacturing_doe,D:\git\git\RDMCT-A3C\cie\results\doe\cie_doe_600s_mem2048_repro_v1\seeds1to2\solutions\cie_core__cie_core_n032_f024_m008_proc100__scip_default__solverseed_2__trainseed_-1__manufacturing_doe.sol,2,539.6043304000013,timelimit,cie_core,10.955778555306264,32,-1,checked active primary model at feasibility tolerance 1.000001e-06; removed 13 inactive auxiliaries,0.016737995015051237,auto
0.060865436418368134,0.12325250874719547,0.17936283294537858,0.17936283294537858,2,0.0475511222018501,10514.9989495,3.102613713811939,cie_core_n032_f024_m008_proc110.lp,0.08388017956406359,0.137042334185732,827.8125,scip_default,2405.0,D:\git\git\RDMCT-A3C\cie\data\core\spbs\cie_core_n032_f024_m008_proc110.lp,41270.63146055012,4,True,manufacturing_doe,D:\git\git\RDMCT-A3C\cie\results\doe\cie_doe_600s_mem2048_repro_v1\seeds1to2\solutions\cie_core__cie_core_n032_f024_m008_proc110__scip_default__solverseed_1__trainseed_-1__manufacturing_doe.sol,1,539.6403417999973,timelimit,cie_core,10.955778555306264,32,-1,checked active primary model at feasibility tolerance 1.000001e-06; removed 13 inactive auxiliaries,0.016737995015051237,auto
0.060865436418368134,0.12325250874719547,0.17936283294537858,0.17936283294537858,2,0.0475511222018501,10514.9989495,3.1106328962079752,cie_core_n032_f024_m008_proc110.lp,0.1283880299449953,0.07674751123378606,827.8125,scip_default,2571.0,D:\git\git\RDMCT-A3C\cie\data\core\spbs\cie_core_n032_f024_m008_proc110.lp,41267.96587638941,4,True,manufacturing_doe,D:\git\git\RDMCT-A3C\cie\results\doe\cie_doe_600s_mem2048_repro_v1\seeds1to2\solutions\cie_core__cie_core_n032_f024_m008_proc110__scip_default__solverseed_2__trainseed_-1__manufacturing_doe.sol,2,539.6228056999971,timelimit,cie_core,10.955778555306264,32,-1,checked active primary model at feasibility tolerance 1.000001e-06; removed 13 inactive auxiliaries,0.016737995015051237,auto
0.27027026981373264,0.5472972963728087,0.27364864818640433,0.27364864818640433,0,0.0,592.000001,0.0,cie_core_n008_f008_m000_proc090.lp,0.1689189186335829,0.2027027023602995,373.0,scip_default,440.0,D:\git\git\RDMCT-A3C\cie\data\core\pure41\cie_core_n008_f008_m000_proc090.lp,0.0,0,True,manufacturing_doe,D:\git\git\RDMCT-A3C\cie\results\doe\cie_doe_600s_mem2048_repro_v1\seeds3to4\solutions\cie_core__cie_core_n008_f008_m000_proc090__scip_default__solverseed_3__trainseed_-1__manufacturing_doe.sol,3,0.03796550000060961,optimal,cie_core,48.64864856647188,8,-1,checked active primary model at feasibility tolerance 1.000001e-06; removed 13 inactive auxiliaries,0.05405405396274653,auto
0.27027026981373264,0.5472972963728087,0.27364864818640433,0.27364864818640433,0,0.0,592.000001,0.0,cie_core_n008_f008_m000_proc090.lp,0.1689189186335829,0.2027027023602995,373.0,scip_default,440.0,D:\git\git\RDMCT-A3C\cie\data\core\pure41\cie_core_n008_f008_m000_proc090.lp,0.0,0,True,manufacturing_doe,D:\git\git\RDMCT-A3C\cie\results\doe\cie_doe_600s_mem2048_repro_v1\seeds3to4\solutions\cie_core__cie_core_n008_f008_m000_proc090__scip_default__solverseed_4__trainseed_-1__manufacturing_doe.sol,4,0.03593349999937345,optimal,cie_core,48.64864856647188,8,-1,checked active primary model at feasibility tolerance 1.000001e-06; removed 13 inactive auxiliaries,0.05405405396274653,auto
0.2622950815372212,0.5311475401128729,0.2950819667293738,0.2950819667293738,0,0.0,610.000001,0.0,cie_core_n008_f008_m000_proc100.lp,0.16393442596076324,0.19672131115291588,391.0,scip_default,458.0,D:\git\git\RDMCT-A3C\cie\data\core\pure41\cie_core_n008_f008_m000_proc100.lp,0.0,0,True,manufacturing_doe,D:\git\git\RDMCT-A3C\cie\results\doe\cie_doe_600s_mem2048_repro_v1\seeds3to4\solutions\cie_core__cie_core_n008_f008_m000_proc100__scip_default__solverseed_3__trainseed_-1__manufacturing_doe.sol,3,0.03615359999912471,optimal,cie_core,47.21311467669981,8,-1,checked active primary model at feasibility tolerance 1.000001e-06; removed 13 inactive auxiliaries,0.052459016307444234,auto
0.26229508153722164,0.5311475401128729,0.2950819667293738,0.2950819667293738,0,0.0,610.000001,0.0,cie_core_n008_f008_m000_proc100.lp,0.16393442596076324,0.19672131115291588,391.00000000000006,scip_default,458.0,D:\git\git\RDMCT-A3C\cie\data\core\pure41\cie_core_n008_f008_m000_proc100.lp,0.0,0,True,manufacturing_doe,D:\git\git\RDMCT-A3C\cie\results\doe\cie_doe_600s_mem2048_repro_v1\seeds3to4\solutions\cie_core__cie_core_n008_f008_m000_proc100__scip_default__solverseed_4__trainseed_-1__manufacturing_doe.sol,4,0.03539309999996476,optimal,cie_core,47.21311467669981,8,-1,checked active primary model at feasibility tolerance 1.000001e-06; removed 13 inactive auxiliaries,0.052459016307444796,auto
0.2547770696579983,0.5159235660574466,0.3152866237017729,0.3152866237017729,0,0.0,628.000001,0.0,cie_core_n008_f008_m000_proc110.lp,0.15923566853624893,0.19108280224349872,409.0,scip_default,476.0,D:\git\git\RDMCT-A3C\cie\data\core\pure41\cie_core_n008_f008_m000_proc110.lp,0.0,0,True,manufacturing_doe,D:\git\git\RDMCT-A3C\cie\results\doe\cie_doe_600s_mem2048_repro_v1\seeds3to4\solutions\cie_core__cie_core_n008_f008_m000_proc110__scip_default__solverseed_3__trainseed_-1__manufacturing_doe.sol,3,0.03439890000026935,optimal,cie_core,45.859872538439696,8,-1,checked active primary model at feasibility tolerance 1.000001e-06; removed 13 inactive auxiliaries,0.05095541393159966,auto
0.2547770696579983,0.5159235660574466,0.3152866237017729,0.3152866237017729,0,0.0,628.000001,0.0,cie_core_n008_f008_m000_proc110.lp,0.15923566853624893,0.19108280224349872,409.0,scip_default,476.0,D:\git\git\RDMCT-A3C\cie\data\core\pure41\cie_core_n008_f008_m000_proc110.lp,0.0,0,True,manufacturing_doe,D:\git\git\RDMCT-A3C\cie\results\doe\cie_doe_600s_mem2048_repro_v1\seeds3to4\solutions\cie_core__cie_core_n008_f008_m000_proc110__scip_default__solverseed_4__trainseed_-1__manufacturing_doe.sol,4,0.036170100000163075,optimal,cie_core,45.859872538439696,8,-1,checked active primary model at feasibility tolerance 1.000001e-06; removed 13 inactive auxiliaries,0.05095541393159966,auto
0.3512623486813808,0.7113062560797956,0.3556531280398978,0.3556531280398978,0,0.0,911.000001,0.0,cie_core_n016_f016_m000_proc090.lp,0.2700329305488113,0.2952799118602855,384.9999999999999,scip_default,476.0,D:\git\git\RDMCT-A3C\cie\data\core\pure41\cie_core_n016_f016_m000_proc090.lp,0.0,0,True,manufacturing_doe,D:\git\git\RDMCT-A3C\cie\results\doe\cie_doe_600s_mem2048_repro_v1\seeds3to4\solutions\cie_core__cie_core_n016_f016_m000_proc090__scip_default__solverseed_3__trainseed_-1__manufacturing_doe.sol,3,0.2620753000001059,optimal,cie_core,63.227222762648495,16,-1,checked active primary model at feasibility tolerance 1.000001e-06; removed 13 inactive auxiliaries,0.07025246973627648,auto
0.3512623486813805,0.7113062560797956,0.35565312803989774,0.3556531280398978,0,0.0,911.000001,0.0,cie_core_n016_f016_m000_proc090.lp,0.27003293054881017,0.2952799118602833,384.9999999999998,scip_default,476.0,D:\git\git\RDMCT-A3C\cie\data\core\pure41\cie_core_n016_f016_m000_proc090.lp,0.0,0,True,manufacturing_doe,D:\git\git\RDMCT-A3C\cie\results\doe\cie_doe_600s_mem2048_repro_v1\seeds3to4\solutions\cie_core__cie_core_n016_f016_m000_proc090__scip_default__solverseed_4__trainseed_-1__manufacturing_doe.sol,4,0.26263700000072276,optimal,cie_core,63.227222762648495,16,-1,checked active primary model at feasibility tolerance 1.000001e-06; removed 13 inactive auxiliaries,0.07025246973627611,auto
0.3389830504883654,0.68644067723894,0.3813559317994111,0.3813559317994111,0,0.0,944.000001,0.0,cie_core_n016_f016_m000_proc100.lp,0.2605932200629309,0.26906779632514005,398.0,scip_default,481.0,D:\git\git\RDMCT-A3C\cie\data\core\pure41\cie_core_n016_f016_m000_proc100.lp,0.0,0,True,manufacturing_doe,D:\git\git\RDMCT-A3C\cie\results\doe\cie_doe_600s_mem2048_repro_v1\seeds3to4\solutions\cie_core__cie_core_n016_f016_m000_proc100__scip_default__solverseed_3__trainseed_-1__manufacturing_doe.sol,3,0.2591837000009036,optimal,cie_core,61.01694908790577,16,-1,checked active primary model at feasibility tolerance 1.000001e-06; removed 13 inactive auxiliaries,0.06779661009767309,auto
0.3389830504883654,0.68644067723894,0.3813559317994111,0.3813559317994111,0,0.0,944.000001,0.0,cie_core_n016_f016_m000_proc100.lp,0.2605932200629309,0.26906779632514005,398.0,scip_default,481.0,D:\git\git\RDMCT-A3C\cie\data\core\pure41\cie_core_n016_f016_m000_proc100.lp,0.0,0,True,manufacturing_doe,D:\git\git\RDMCT-A3C\cie\results\doe\cie_doe_600s_mem2048_repro_v1\seeds3to4\solutions\cie_core__cie_core_n016_f016_m000_proc100__scip_default__solverseed_4__trainseed_-1__manufacturing_doe.sol,4,0.25876250000055734,optimal,cie_core,61.01694908790577,16,-1,checked active primary model at feasibility tolerance 1.000001e-06; removed 13 inactive auxiliaries,0.06779661009767309,auto
0.32653061191170324,0.6612244891211995,0.404081632240733,0.404081632240733,0,0.0,980.000001,0.0,cie_core_n016_f016_m000_proc110.lp,0.25102040790712205,0.2591836732049143,415.99999999999994,scip_default,499.0,D:\git\git\RDMCT-A3C\cie\data\core\pure41\cie_core_n016_f016_m000_proc110.lp,0.0,0,True,manufacturing_doe,D:\git\git\RDMCT-A3C\cie\results\doe\cie_doe_600s_mem2048_repro_v1\seeds3to4\solutions\cie_core__cie_core_n016_f016_m000_proc110__scip_default__solverseed_3__trainseed_-1__manufacturing_doe.sol,3,0.24037349999980506,optimal,cie_core,58.775510144106626,16,-1,checked active primary model at feasibility tolerance 1.000001e-06; removed 13 inactive auxiliaries,0.0653061223823407,auto
0.32653061191170346,0.6612244891211995,0.404081632240733,0.404081632240733,0,0.0,980.000001,0.0,cie_core_n016_f016_m000_proc110.lp,0.25102040790712205,0.25918367320491464,416.0,scip_default,499.0,D:\git\git\RDMCT-A3C\cie\data\core\pure41\cie_core_n016_f016_m000_proc110.lp,0.0,0,True,manufacturing_doe,D:\git\git\RDMCT-A3C\cie\results\doe\cie_doe_600s_mem2048_repro_v1\seeds3to4\solutions\cie_core__cie_core_n016_f016_m000_proc110__scip_default__solverseed_4__trainseed_-1__manufacturing_doe.sol,4,0.2549203000007765,optimal,cie_core,58.775510144106626,16,-1,checked active primary model at feasibility tolerance 1.000001e-06; removed 13 inactive auxiliaries,0.0653061223823407,auto
0.38866396729662805,0.7870445337756716,0.39352226688783626,0.39352226688783704,0,0.0,1235.000001,0.0,cie_core_n024_f024_m000_proc090.lp,0.31740890662558063,0.33198380539920336,391.6666666666669,scip_default,486.0,D:\git\git\RDMCT-A3C\cie\data\core\pure41\cie_core_n024_f024_m000_proc090.lp,200.0,0,True,manufacturing_doe,D:\git\git\RDMCT-A3C\cie\results\doe\cie_doe_600s_mem2048_repro_v1\seeds3to4\solutions\cie_core__cie_core_n024_f024_m000_proc090__scip_default__solverseed_3__trainseed_-1__manufacturing_doe.sol,3,2.261075399999754,optimal,cie_core,69.9595141133931,24,-1,checked active primary model at feasibility tolerance 1.000001e-06; removed 13 inactive auxiliaries,0.07773279345932549,auto
0.3886639672966285,0.7870445337756709,0.3935222668878362,0.39352226688783787,0,0.0,1235.000001,0.0,cie_core_n024_f024_m000_proc090.lp,0.3174089066255814,0.33198380539920336,391.6666666666672,scip_default,485.99999999999994,D:\git\git\RDMCT-A3C\cie\data\core\pure41\cie_core_n024_f024_m000_proc090.lp,200.0,0,True,manufacturing_doe,D:\git\git\RDMCT-A3C\cie\results\doe\cie_doe_600s_mem2048_repro_v1\seeds3to4\solutions\cie_core__cie_core_n024_f024_m000_proc090__scip_default__solverseed_4__trainseed_-1__manufacturing_doe.sol,4,2.3080472999999984,optimal,cie_core,69.9595141133931,24,-1,checked active primary model at feasibility tolerance 1.000001e-06; removed 13 inactive auxiliaries,0.07773279345932585,auto
0.37854889560051347,0.7665615135910397,0.4258675075505776,0.4258675075505776,0,0.0,1268.000001,0.0,cie_core_n024_f024_m000_proc100.lp,0.30914826474041934,0.30599369061041504,400.3333333333333,scip_default,486.0,D:\git\git\RDMCT-A3C\cie\data\core\pure41\cie_core_n024_f024_m000_proc100.lp,200.0,0,True,manufacturing_doe,D:\git\git\RDMCT-A3C\cie\results\doe\cie_doe_600s_mem2048_repro_v1\seeds3to4\solutions\cie_core__cie_core_n024_f024_m000_proc100__scip_default__solverseed_3__trainseed_-1__manufacturing_doe.sol,3,2.2140215999997963,optimal,cie_core,68.13880120809242,24,-1,checked active primary model at feasibility tolerance 1.000001e-06; removed 13 inactive auxiliaries,0.0757097791201027,auto
0.3785488956005138,0.76656151359104,0.42586750755057673,0.4258675075505769,0,0.0,1268.000001,0.0,cie_core_n024_f024_m000_proc100.lp,0.3091482647404194,0.3059936906104154,400.3333333333331,scip_default,486.0,D:\git\git\RDMCT-A3C\cie\data\core\pure41\cie_core_n024_f024_m000_proc100.lp,200.0,0,True,manufacturing_doe,D:\git\git\RDMCT-A3C\cie\results\doe\cie_doe_600s_mem2048_repro_v1\seeds3to4\solutions\cie_core__cie_core_n024_f024_m000_proc100__scip_default__solverseed_4__trainseed_-1__manufacturing_doe.sol,4,2.2143941000003906,optimal,cie_core,68.13880120809242,24,-1,checked active primary model at feasibility tolerance 1.000001e-06; removed 13 inactive auxiliaries,0.0757097791201027,auto
0.36308623270568363,0.7352496212290084,0.4493192129732835,0.4493192129732835,0,0.0,1322.000001,0.0,cie_core_n024_f024_m000_proc110.lp,0.2965204233763083,0.29349470477042683,418.3333333333331,scip_default,504.0,D:\git\git\RDMCT-A3C\cie\data\core\pure41\cie_core_n024_f024_m000_proc110.lp,200.0,0,True,manufacturing_doe,D:\git\git\RDMCT-A3C\cie\results\doe\cie_doe_600s_mem2048_repro_v1\seeds3to4\solutions\cie_core__cie_core_n024_f024_m000_proc110__scip_default__solverseed_3__trainseed_-1__manufacturing_doe.sol,3,2.236196800000471,optimal,cie_core,65.35552188702304,24,-1,checked active primary model at feasibility tolerance 1.000001e-06; removed 13 inactive auxiliaries,0.0726172465411369,auto
0.36308623270568335,0.7352496212290092,0.44931921297328353,0.4493192129732835,0,0.0,1322.000001,0.0,cie_core_n024_f024_m000_proc110.lp,0.2965204233763083,0.2934947047704274,418.3333333333333,scip_default,504.0,D:\git\git\RDMCT-A3C\cie\data\core\pure41\cie_core_n024_f024_m000_proc110.lp,200.0,0,True,manufacturing_doe,D:\git\git\RDMCT-A3C\cie\results\doe\cie_doe_600s_mem2048_repro_v1\seeds3to4\solutions\cie_core__cie_core_n024_f024_m000_proc110__scip_default__solverseed_4__trainseed_-1__manufacturing_doe.sol,4,2.330437100000381,optimal,cie_core,65.35552188702304,24,-1,checked active primary model at feasibility tolerance 1.000001e-06; removed 13 inactive auxiliaries,0.0726172465411369,auto
0.41051956355964264,0.8313021162082732,0.41565105810413655,0.41565105810413716,0,0.0,1559.000001,0.0,cie_core_n032_f032_m000_proc090.lp,0.34509300875876203,0.35792174512000074,395.00000025000077,scip_default,486.00000100000307,D:\git\git\RDMCT-A3C\cie\data\core\pure41\cie_core_n032_f032_m000_proc090.lp,700.0,0,True,manufacturing_doe,D:\git\git\RDMCT-A3C\cie\results\doe\cie_doe_600s_mem2048_repro_v1\seeds3to4\solutions\cie_core__cie_core_n032_f032_m000_proc090__scip_default__solverseed_3__trainseed_-1__manufacturing_doe.sol,3,7.523368499999378,optimal,cie_core,73.89352144073538,32,-1,checked active primary model at feasibility tolerance 1.000001e-06; removed 13 inactive auxiliaries,0.08210391271192792,auto
0.4105195635596393,0.8313021162082712,0.41565105810413655,0.41565105810413466,0,0.0,1559.000001,0.0,cie_core_n032_f032_m000_proc090.lp,0.3559974340243749,0.3608082108012784,396.12500024999986,scip_default,486.00000100000295,D:\git\git\RDMCT-A3C\cie\data\core\pure41\cie_core_n032_f032_m000_proc090.lp,700.0,0,True,manufacturing_doe,D:\git\git\RDMCT-A3C\cie\results\doe\cie_doe_600s_mem2048_repro_v1\seeds3to4\solutions\cie_core__cie_core_n032_f032_m000_proc090__scip_default__solverseed_4__trainseed_-1__manufacturing_doe.sol,4,7.635036500000751,optimal,cie_core,73.89352144073538,32,-1,checked active primary model at feasibility tolerance 1.000001e-06; removed 13 inactive auxiliaries,0.08210391271192835,auto
0.40201004999873724,0.8140703512474422,0.45226130624857885,0.45226130624857896,0,0.0,1592.000001,0.0,cie_core_n032_f032_m000_proc100.lp,0.33793969828018866,0.3278894470302199,401.49999999999966,scip_default,486.0,D:\git\git\RDMCT-A3C\cie\data\core\pure41\cie_core_n032_f032_m000_proc100.lp,700.0,0,True,manufacturing_doe,D:\git\git\RDMCT-A3C\cie\results\doe\cie_doe_600s_mem2048_repro_v1\seeds3to4\solutions\cie_core__cie_core_n032_f032_m000_proc100__scip_default__solverseed_3__trainseed_-1__manufacturing_doe.sol,3,7.357216000000335,optimal,cie_core,72.36180899977273,32,-1,checked active primary model at feasibility tolerance 1.000001e-06; removed 13 inactive auxiliaries,0.08040200999974748,auto
0.4020100499987375,0.8140703512474432,0.4522613062485796,0.4522613062485796,0,0.0,1592.000001,0.0,cie_core_n032_f032_m000_proc100.lp,0.3379396982801886,0.32788944703022016,401.5,scip_default,486.0,D:\git\git\RDMCT-A3C\cie\data\core\pure41\cie_core_n032_f032_m000_proc100.lp,700.0,0,True,manufacturing_doe,D:\git\git\RDMCT-A3C\cie\results\doe\cie_doe_600s_mem2048_repro_v1\seeds3to4\solutions\cie_core__cie_core_n032_f032_m000_proc100__scip_default__solverseed_4__trainseed_-1__manufacturing_doe.sol,4,7.56255499999952,optimal,cie_core,72.36180899977273,32,-1,checked active primary model at feasibility tolerance 1.000001e-06; removed 13 inactive auxiliaries,0.08040200999974761,auto
0.3846153843842457,0.7788461533780955,0.4759615381755051,0.47596153817550396,0,0.0,1664.000001,0.0,cie_core_n032_f032_m000_proc110.lp,0.3233173074980064,0.31370192288839965,419.49999999999994,scip_default,504.00000000000205,D:\git\git\RDMCT-A3C\cie\data\core\pure41\cie_core_n032_f032_m000_proc110.lp,700.0,0,True,manufacturing_doe,D:\git\git\RDMCT-A3C\cie\results\doe\cie_doe_600s_mem2048_repro_v1\seeds3to4\solutions\cie_core__cie_core_n032_f032_m000_proc110__scip_default__solverseed_3__trainseed_-1__manufacturing_doe.sol,3,7.292311399999562,optimal,cie_core,69.23076918916419,32,-1,checked active primary model at feasibility tolerance 1.000001e-06; removed 13 inactive auxiliaries,0.07692307687684938,auto
0.38461538438424553,0.7788461533780955,0.4759615381755044,0.47596153817550396,0,0.0,1664.000001,0.0,cie_core_n032_f032_m000_proc110.lp,0.3233173074980064,0.31370192288839904,419.4999999999997,scip_default,504.000000000001,D:\git\git\RDMCT-A3C\cie\data\core\pure41\cie_core_n032_f032_m000_proc110.lp,700.0,0,True,manufacturing_doe,D:\git\git\RDMCT-A3C\cie\results\doe\cie_doe_600s_mem2048_repro_v1\seeds3to4\solutions\cie_core__cie_core_n032_f032_m000_proc110__scip_default__solverseed_4__trainseed_-1__manufacturing_doe.sol,4,7.215417300000809,optimal,cie_core,69.23076918916419,32,-1,checked active primary model at feasibility tolerance 1.000001e-06; removed 13 inactive auxiliaries,0.07692307687684911,auto
0.2240896355404911,0.45378151196949384,0.6806722679542405,0.6806722679542405,0,0.0,714.000001,0.0,cie_core_n008_f000_m008_proc090.lp,0.1400560222128067,0.16806722665536844,471.99999999999983,scip_default,472.0000000000003,D:\git\git\RDMCT-A3C\cie\data\core\spbs\cie_core_n008_f000_m008_proc090.lp,0.0,4,True,manufacturing_doe,D:\git\git\RDMCT-A3C\cie\results\doe\cie_doe_600s_mem2048_repro_v1\seeds3to4\solutions\cie_core__cie_core_n008_f000_m008_proc090__scip_default__solverseed_3__trainseed_-1__manufacturing_doe.sol,3,0.38062580000041635,optimal,cie_core,40.336134397288326,8,-1,checked active primary model at feasibility tolerance 1.000001e-06; removed 13 inactive auxiliaries,0.04481792710809814,auto
0.22408963554049022,0.4537815119694929,0.6806722679542405,0.6806722679542405,0,0.0,714.000001,0.0,cie_core_n008_f000_m008_proc090.lp,0.1400560222128067,0.1680672266553694,472.00000000000017,scip_default,472.000000000001,D:\git\git\RDMCT-A3C\cie\data\core\spbs\cie_core_n008_f000_m008_proc090.lp,0.0,4,True,manufacturing_doe,D:\git\git\RDMCT-A3C\cie\results\doe\cie_doe_600s_mem2048_repro_v1\seeds3to4\solutions\cie_core__cie_core_n008_f000_m008_proc090__scip_default__solverseed_4__trainseed_-1__manufacturing_doe.sol,4,0.35040049999952316,optimal,cie_core,40.336134397288326,8,-1,checked active primary model at feasibility tolerance 1.000001e-06; removed 13 inactive auxiliaries,0.04481792710809862,auto
0.20833333306206633,0.4218749994506836,0.7031249990844727,0.7031249990844727,0,0.0,768.000001,0.0,cie_core_n008_f000_m008_proc100.lp,0.13020833316379124,0.1562499997965525,508.00000000000057,scip_default,508.000000000001,D:\git\git\RDMCT-A3C\cie\data\core\spbs\cie_core_n008_f000_m008_proc100.lp,0.0,4,True,manufacturing_doe,D:\git\git\RDMCT-A3C\cie\results\doe\cie_doe_600s_mem2048_repro_v1\seeds3to4\solutions\cie_core__cie_core_n008_f000_m008_proc100__scip_default__solverseed_3__trainseed_-1__manufacturing_doe.sol,3,0.45534499999939726,optimal,cie_core,37.49999995117187,8,-1,checked active primary model at feasibility tolerance 1.000001e-06; removed 13 inactive auxiliaries,0.041666666612413195,auto
0.2083333330620656,0.42187499945068285,0.7031249990844728,0.7031249990844727,0,0.0,768.000001,0.0,cie_core_n008_f000_m008_proc100.lp,0.13020833316379124,0.15624999979655116,508.00000000000017,scip_default,508.000000000001,D:\git\git\RDMCT-A3C\cie\data\core\spbs\cie_core_n008_f000_m008_proc100.lp,92.84286594460859,4,True,manufacturing_doe,D:\git\git\RDMCT-A3C\cie\results\doe\cie_doe_600s_mem2048_repro_v1\seeds3to4\solutions\cie_core__cie_core_n008_f000_m008_proc100__scip_default__solverseed_4__trainseed_-1__manufacturing_doe.sol,4,0.29544499999974505,optimal,cie_core,37.49999995117187,8,-1,checked active primary model at feasibility tolerance 1.000001e-06; removed 13 inactive auxiliaries,0.041666666612413195,auto
0.19464720170967453,0.39416058346209104,0.7226277363471684,0.7226277363471683,0,0.0,822.000001,0.0,cie_core_n008_f000_m008_proc110.lp,0.12165450106854683,0.14598540128225782,544.0000000000002,scip_default,544.000000000001,D:\git\git\RDMCT-A3C\cie\data\core\spbs\cie_core_n008_f000_m008_proc110.lp,0.0,4,True,manufacturing_doe,D:\git\git\RDMCT-A3C\cie\results\doe\cie_doe_600s_mem2048_repro_v1\seeds3to4\solutions\cie_core__cie_core_n008_f000_m008_proc110__scip_default__solverseed_3__trainseed_-1__manufacturing_doe.sol,3,0.4305973999998969,optimal,cie_core,35.03649630774149,8,-1,checked active primary model at feasibility tolerance 1.000001e-06; removed 13 inactive auxiliaries,0.03892944034193499,auto
0.19464720170967453,0.39416058346209104,0.7226277363471684,0.7226277363471683,0,0.0,822.000001,0.0,cie_core_n008_f000_m008_proc110.lp,0.12165450106854683,0.14598540128225745,544.0000000000002,scip_default,544.000000000001,D:\git\git\RDMCT-A3C\cie\data\core\spbs\cie_core_n008_f000_m008_proc110.lp,18.290258449304176,4,True,manufacturing_doe,D:\git\git\RDMCT-A3C\cie\results\doe\cie_doe_600s_mem2048_repro_v1\seeds3to4\solutions\cie_core__cie_core_n008_f000_m008_proc110__scip_default__solverseed_4__trainseed_-1__manufacturing_doe.sol,4,0.2539063999993232,optimal,cie_core,35.03649630774149,8,-1,checked active primary model at feasibility tolerance 1.000001e-06; removed 13 inactive auxiliaries,0.0389294403419354,auto
0.19323671474246867,0.39130434735349906,0.7826086947069981,0.3913043473534991,0,0.0,828.000000999996,0.0,cie_core_n008_f002_m006_proc090.lp,0.12077294671404291,0.14492753605685185,434.4999997500008,scip_default,472.00000000000006,D:\git\git\RDMCT-A3C\cie\data\core\spbs\cie_core_n008_f002_m006_proc090.lp,0.0,6,True,manufacturing_doe,D:\git\git\RDMCT-A3C\cie\results\doe\cie_doe_600s_mem2048_repro_v1\seeds3to4\solutions\cie_core__cie_core_n008_f002_m006_proc090__scip_default__solverseed_3__trainseed_-1__manufacturing_doe.sol,3,0.48266920000060054,optimal,cie_core,34.78260865364436,8,-1,checked active primary model at feasibility tolerance 1.000001e-06; removed 13 inactive auxiliaries,0.05314009655417888,auto
0.19323671474246773,0.391304347353497,0.7826086947069942,0.3913043473534972,0,0.0,828.000001,0.0,cie_core_n008_f002_m006_proc090.lp,0.12077294671404233,0.15458937179397383,467.9999999999999,scip_default,606.0,D:\git\git\RDMCT-A3C\cie\data\core\spbs\cie_core_n008_f002_m006_proc090.lp,91.9723778987628,4,True,manufacturing_doe,D:\git\git\RDMCT-A3C\cie\results\doe\cie_doe_600s_mem2048_repro_v1\seeds3to4\solutions\cie_core__cie_core_n008_f002_m006_proc090__scip_default__solverseed_4__trainseed_-1__manufacturing_doe.sol,4,0.6465636999992057,optimal,cie_core,34.78260865364419,8,-1,checked active primary model at feasibility tolerance 1.000001e-06; removed 13 inactive auxiliaries,0.053140096554178624,auto
0.1777777775802469,0.3599999995999999,0.799999999111111,0.39999999955555554,0,0.0,900.000001,0.0,cie_core_n008_f002_m006_proc100.lp,0.11111111098765432,0.1422222220641972,499.4999997499999,scip_default,641.999999,D:\git\git\RDMCT-A3C\cie\data\core\spbs\cie_core_n008_f002_m006_proc100.lp,0.0,4,True,manufacturing_doe,D:\git\git\RDMCT-A3C\cie\results\doe\cie_doe_600s_mem2048_repro_v1\seeds3to4\solutions\cie_core__cie_core_n008_f002_m006_proc100__scip_default__solverseed_3__trainseed_-1__manufacturing_doe.sol,3,0.5476133000001937,optimal,cie_core,31.999999964444445,8,-1,checked active primary model at feasibility tolerance 1.000001e-06; removed 13 inactive auxiliaries,0.0488888888345679,auto
0.1777777775802469,0.3599999996,0.7999999991111111,0.39999999955555554,0,0.0,900.000001,0.0,cie_core_n008_f002_m006_proc100.lp,0.12999999874444446,0.14222222317530864,472.2499995,scip_default,516.0,D:\git\git\RDMCT-A3C\cie\data\core\spbs\cie_core_n008_f002_m006_proc100.lp,91.49138584372315,4,True,manufacturing_doe,D:\git\git\RDMCT-A3C\cie\results\doe\cie_doe_600s_mem2048_repro_v1\seeds3to4\solutions\cie_core__cie_core_n008_f002_m006_proc100__scip_default__solverseed_4__trainseed_-1__manufacturing_doe.sol,4,0.644865999999638,optimal,cie_core,31.999999964444445,8,-1,checked active primary model at feasibility tolerance 1.000001e-06; removed 13 inactive auxiliaries,0.0488888888345679,auto
0.16460905332859152,0.3333333329903978,0.814814813976528,0.407407406988264,0,0.0,972.000001,0.0,cie_core_n008_f002_m006_proc110.lp,0.10288065833036969,0.12345678999644363,497.49999975000003,scip_default,544.0,D:\git\git\RDMCT-A3C\cie\data\core\spbs\cie_core_n008_f002_m006_proc110.lp,90.74902353478625,6,True,manufacturing_doe,D:\git\git\RDMCT-A3C\cie\results\doe\cie_doe_600s_mem2048_repro_v1\seeds3to4\solutions\cie_core__cie_core_n008_f002_m006_proc110__scip_default__solverseed_3__trainseed_-1__manufacturing_doe.sol,3,0.5529388000004474,optimal,cie_core,29.629629599146472,8,-1,checked active primary model at feasibility tolerance 1.000001e-06; removed 13 inactive auxiliaries,0.04526748966536266,auto
0.16460905332859152,0.3333333329903978,0.814814813976528,0.407407406988264,0,0.0,972.000001,0.0,cie_core_n008_f002_m006_proc110.lp,0.12037037024653253,0.1316872426628732,503.7500000000002,scip_default,552.0,D:\git\git\RDMCT-A3C\cie\data\core\spbs\cie_core_n008_f002_m006_proc110.lp,0.0,4,True,manufacturing_doe,D:\git\git\RDMCT-A3C\cie\results\doe\cie_doe_600s_mem2048_repro_v1\seeds3to4\solutions\cie_core__cie_core_n008_f002_m006_proc110__scip_default__solverseed_4__trainseed_-1__manufacturing_doe.sol,4,0.6298173000004681,optimal,cie_core,29.629629599146472,8,-1,checked active primary model at feasibility tolerance 1.000001e-06; removed 13 inactive auxiliaries,0.04526748966536266,auto
0.20512820486522165,0.4153846148520734,0.6230769222781097,0.4153846148520731,0,0.0,780.000000999996,0.0,cie_core_n008_f004_m004_proc090.lp,0.1282051280407633,0.16282051261176977,424.24999975000287,scip_default,478.99999900001103,D:\git\git\RDMCT-A3C\cie\data\core\spbs\cie_core_n008_f004_m004_proc090.lp,92.8238310136099,6,True,manufacturing_doe,D:\git\git\RDMCT-A3C\cie\results\doe\cie_doe_600s_mem2048_repro_v1\seeds3to4\solutions\cie_core__cie_core_n008_f004_m004_proc090__scip_default__solverseed_3__trainseed_-1__manufacturing_doe.sol,3,0.23274099999980535,optimal,cie_core,36.92307687573983,8,-1,checked active primary model at feasibility tolerance 1.000001e-06; removed 13 inactive auxiliaries,0.05128205121630532,auto
0.20512820486522906,0.41538461485208855,0.6230769222781328,0.41538461485208855,0,0.0,780.000000999967,0.0,cie_core_n008_f004_m004_proc090.lp,0.12820512804077316,0.16282051261177558,424.249999750009,scip_default,478.999999000032,D:\git\git\RDMCT-A3C\cie\data\core\spbs\cie_core_n008_f004_m004_proc090.lp,0.0,6,True,manufacturing_doe,D:\git\git\RDMCT-A3C\cie\results\doe\cie_doe_600s_mem2048_repro_v1\seeds3to4\solutions\cie_core__cie_core_n008_f004_m004_proc090__scip_default__solverseed_4__trainseed_-1__manufacturing_doe.sol,4,0.4103306999995766,optimal,cie_core,36.92307687574121,8,-1,checked active primary model at feasibility tolerance 1.000001e-06; removed 13 inactive auxiliaries,0.05128205121630723,auto
0.19184652255174411,0.3884892081672814,0.6474820136121349,0.4316546757414233,0,0.0,834.000000999996,0.0,cie_core_n008_f004_m004_proc100.lp,0.11990407659484104,0.1522781748773714,451.24999950000114,scip_default,514.999999999999,D:\git\git\RDMCT-A3C\cie\data\core\spbs\cie_core_n008_f004_m004_proc100.lp,0.0,6,True,manufacturing_doe,D:\git\git\RDMCT-A3C\cie\results\doe\cie_doe_600s_mem2048_repro_v1\seeds3to4\solutions\cie_core__cie_core_n008_f004_m004_proc100__scip_default__solverseed_3__trainseed_-1__manufacturing_doe.sol,3,0.47398580000026413,optimal,cie_core,34.53237405931387,8,-1,checked active primary model at feasibility tolerance 1.000001e-06; removed 13 inactive auxiliaries,0.047961630637935924,auto
0.19184652255174314,0.38848920816728044,0.647482013612135,0.4316546757414232,0,0.0,834.000000999996,0.0,cie_core_n008_f004_m004_proc100.lp,0.11990407659484349,0.1522781760764137,451.24999950000404,scip_default,515.0,D:\git\git\RDMCT-A3C\cie\data\core\spbs\cie_core_n008_f004_m004_proc100.lp,0.0,6,True,manufacturing_doe,D:\git\git\RDMCT-A3C\cie\results\doe\cie_doe_600s_mem2048_repro_v1\seeds3to4\solutions\cie_core__cie_core_n008_f004_m004_proc100__scip_default__solverseed_4__trainseed_-1__manufacturing_doe.sol,4,0.2550907000004372,optimal,cie_core,34.53237405931387,8,-1,checked active primary model at feasibility tolerance 1.000001e-06; removed 13 inactive auxiliaries,0.047961630637935924,auto
0.1801801799772757,0.3648648644539829,0.6689189181656349,0.44594594544375654,0,0.0,888.000000999996,0.0,cie_core_n008_f004_m004_proc110.lp,0.11261261248579711,0.14301801560471603,478.2499995000009,scip_default,550.999999000001,D:\git\git\RDMCT-A3C\cie\data\core\spbs\cie_core_n008_f004_m004_proc110.lp,0.0,6,True,manufacturing_doe,D:\git\git\RDMCT-A3C\cie\results\doe\cie_doe_600s_mem2048_repro_v1\seeds3to4\solutions\cie_core__cie_core_n008_f004_m004_proc110__scip_default__solverseed_3__trainseed_-1__manufacturing_doe.sol,3,0.32376270000077056,optimal,cie_core,32.432432395909565,8,-1,checked active primary model at feasibility tolerance 1.000001e-06; removed 13 inactive auxiliaries,0.04504504499431884,auto
0.1801801799772753,0.36486486445398264,0.6689189181656349,0.4459459454437567,0,0.0,888.000000999996,0.0,cie_core_n008_f004_m004_proc110.lp,0.11261261248579596,0.14301801560472474,478.2499995000028,scip_default,550.999999000006,D:\git\git\RDMCT-A3C\cie\data\core\spbs\cie_core_n008_f004_m004_proc110.lp,0.0,6,True,manufacturing_doe,D:\git\git\RDMCT-A3C\cie\results\doe\cie_doe_600s_mem2048_repro_v1\seeds3to4\solutions\cie_core__cie_core_n008_f004_m004_proc110__scip_default__solverseed_4__trainseed_-1__manufacturing_doe.sol,4,0.28696170000057464,optimal,cie_core,32.432432395909565,8,-1,checked active primary model at feasibility tolerance 1.000001e-06; removed 13 inactive auxiliaries,0.04504504499431884,auto
0.2051282048652213,0.4153846148520731,0.6230769222781097,0.20769230742603656,0,0.0,780.000000999996,0.0,cie_core_n008_f006_m002_proc090.lp,0.1282051280407633,0.1628205126117694,407.5,scip_default,479.0,D:\git\git\RDMCT-A3C\cie\data\core\spbs\cie_core_n008_f006_m002_proc090.lp,100.0,6,True,manufacturing_doe,D:\git\git\RDMCT-A3C\cie\results\doe\cie_doe_600s_mem2048_repro_v1\seeds3to4\solutions\cie_core__cie_core_n008_f006_m002_proc090__scip_default__solverseed_3__trainseed_-1__manufacturing_doe.sol,3,0.27756009999939124,optimal,cie_core,36.92307687573983,8,-1,checked active primary model at feasibility tolerance 1.000001e-06; removed 13 inactive auxiliaries,0.05641025633793586,auto
0.20512820486521988,0.41538461485206984,0.6230769222781065,0.2076923074260355,0,0.0,780.000001,0.0,cie_core_n008_f006_m002_proc090.lp,0.12820512804076264,0.16282051261176989,390.9999999999999,scip_default,479.000000000001,D:\git\git\RDMCT-A3C\cie\data\core\spbs\cie_core_n008_f006_m002_proc090.lp,0.0,4,True,manufacturing_doe,D:\git\git\RDMCT-A3C\cie\results\doe\cie_doe_600s_mem2048_repro_v1\seeds3to4\solutions\cie_core__cie_core_n008_f006_m002_proc090__scip_default__solverseed_4__trainseed_-1__manufacturing_doe.sol,4,0.37505659999987984,optimal,cie_core,36.923076875739646,8,-1,checked active primary model at feasibility tolerance 1.000001e-06; removed 13 inactive auxiliaries,0.05641025633793513,auto
0.1918465225517437,0.3884892081672822,0.6474820136121349,0.21582733787071165,0,0.0,834.000000999996,0.0,cie_core_n008_f006_m002_proc100.lp,0.11990407659483981,0.15227817727544657,428.0000000000002,scip_default,515.0,D:\git\git\RDMCT-A3C\cie\data\core\spbs\cie_core_n008_f006_m002_proc100.lp,92.19984456235397,4,True,manufacturing_doe,D:\git\git\RDMCT-A3C\cie\results\doe\cie_doe_600s_mem2048_repro_v1\seeds3to4\solutions\cie_core__cie_core_n008_f006_m002_proc100__scip_default__solverseed_3__trainseed_-1__manufacturing_doe.sol,3,0.5472176999992371,optimal,cie_core,34.53237405931387,8,-1,checked active primary model at feasibility tolerance 1.000001e-06; removed 13 inactive auxiliaries,0.05275779370172952,auto
0.19184652255174223,0.38848920816727883,0.6474820136121319,0.21582733787071062,0,0.0,834.000001,0.0,cie_core_n008_f006_m002_proc100.lp,0.14748201421165227,0.15227817727544535,414.99999999999983,scip_default,515.0,D:\git\git\RDMCT-A3C\cie\data\core\spbs\cie_core_n008_f006_m002_proc100.lp,0.0,6,True,manufacturing_doe,D:\git\git\RDMCT-A3C\cie\results\doe\cie_doe_600s_mem2048_repro_v1\seeds3to4\solutions\cie_core__cie_core_n008_f006_m002_proc100__scip_default__solverseed_4__trainseed_-1__manufacturing_doe.sol,4,0.3137553000005937,optimal,cie_core,34.5323740593137,8,-1,checked active primary model at feasibility tolerance 1.000001e-06; removed 13 inactive auxiliaries,0.05275779370172926,auto
0.18018017997727492,0.36486486445398214,0.6689189181656349,0.22297297272187827,0,0.0,888.000000999996,0.0,cie_core_n008_f006_m002_proc110.lp,0.11261261248579711,0.1430180144785959,431.7499995000018,scip_default,550.9999990000031,D:\git\git\RDMCT-A3C\cie\data\core\spbs\cie_core_n008_f006_m002_proc110.lp,2.9279279279283497,4,True,manufacturing_doe,D:\git\git\RDMCT-A3C\cie\results\doe\cie_doe_600s_mem2048_repro_v1\seeds3to4\solutions\cie_core__cie_core_n008_f006_m002_proc110__scip_default__solverseed_3__trainseed_-1__manufacturing_doe.sol,3,0.562610300000415,optimal,cie_core,32.432432395909565,8,-1,checked active primary model at feasibility tolerance 1.000001e-06; removed 13 inactive auxiliaries,0.049549549493750726,auto
0.18018017997727456,0.36486486445398103,0.6689189181656319,0.22297297272187727,0,0.0,888.000001,0.0,cie_core_n008_f006_m002_proc110.lp,0.11261261248579661,0.1430180178569617,452.5,scip_default,551.0,D:\git\git\RDMCT-A3C\cie\data\core\spbs\cie_core_n008_f006_m002_proc110.lp,0.0,6,True,manufacturing_doe,D:\git\git\RDMCT-A3C\cie\results\doe\cie_doe_600s_mem2048_repro_v1\seeds3to4\solutions\cie_core__cie_core_n008_f006_m002_proc110__scip_default__solverseed_4__trainseed_-1__manufacturing_doe.sol,4,0.47751749999952153,optimal,cie_core,32.43243239590942,8,-1,checked active primary model at feasibility tolerance 1.000001e-06; removed 13 inactive auxiliaries,0.049549549493750504,auto
0.305927341963741,0.6195028674765752,0.7743785843457183,0.7743785843457172,0,0.0,1046.000001,0.0,cie_core_n016_f000_m016_proc090.lp,0.22944550551678167,0.2595602306313972,480.9375000625001,scip_default,487.4999995,D:\git\git\RDMCT-A3C\cie\data\core\spbs\cie_core_n016_f000_m016_proc090.lp,794.379491081293,4,True,manufacturing_doe,D:\git\git\RDMCT-A3C\cie\results\doe\cie_doe_600s_mem2048_repro_v1\seeds3to4\solutions\cie_core__cie_core_n016_f000_m016_proc090__scip_default__solverseed_3__trainseed_-1__manufacturing_doe.sol,3,20.927904600000147,optimal,cie_core,55.0669215534733,16,-1,checked active primary model at feasibility tolerance 1.000001e-06; removed 13 inactive auxiliaries,0.045889101294560974,auto
0.30592734196374033,0.6195028674765747,0.7743785843457183,0.7743785843457182,0,0.0,1046.000001,0.0,cie_core_n016_f000_m016_proc090.lp,0.22944550551678264,0.2595602306313953,480.93750006249996,scip_default,487.4999995,D:\git\git\RDMCT-A3C\cie\data\core\spbs\cie_core_n016_f000_m016_proc090.lp,1562.0179419264934,4,True,manufacturing_doe,D:\git\git\RDMCT-A3C\cie\results\doe\cie_doe_600s_mem2048_repro_v1\seeds3to4\solutions\cie_core__cie_core_n016_f000_m016_proc090__scip_default__solverseed_4__trainseed_-1__manufacturing_doe.sol,4,44.892962399999305,optimal,cie_core,55.0669215534733,16,-1,checked active primary model at feasibility tolerance 1.000001e-06; removed 13 inactive auxiliaries,0.045889101294560974,auto
0.281690140597104,0.5704225347091348,0.7922535204293543,0.7922535204293543,0,0.0,1136.000001,0.0,cie_core_n016_f000_m016_proc100.lp,0.22491197031257573,0.23547535410609646,518.3750001249999,scip_default,532.4999995,D:\git\git\RDMCT-A3C\cie\data\core\spbs\cie_core_n016_f000_m016_proc100.lp,1023.5869237456927,4,True,manufacturing_doe,D:\git\git\RDMCT-A3C\cie\results\doe\cie_doe_600s_mem2048_repro_v1\seeds3to4\solutions\cie_core__cie_core_n016_f000_m016_proc100__scip_default__solverseed_3__trainseed_-1__manufacturing_doe.sol,3,27.84068169999955,optimal,cie_core,50.70422530747867,16,-1,checked active primary model at feasibility tolerance 1.000001e-06; removed 13 inactive auxiliaries,0.04225352108956596,auto
0.2816901405971035,0.5704225347091346,0.7922535204293543,0.7922535204293543,0,0.0,1136.000001,0.0,cie_core_n016_f000_m016_proc100.lp,0.22491197031257662,0.23547535410609646,518.3750001249999,scip_default,532.4999995,D:\git\git\RDMCT-A3C\cie\data\core\spbs\cie_core_n016_f000_m016_proc100.lp,2434.879291752141,4,True,manufacturing_doe,D:\git\git\RDMCT-A3C\cie\results\doe\cie_doe_600s_mem2048_repro_v1\seeds3to4\solutions\cie_core__cie_core_n016_f000_m016_proc100__scip_default__solverseed_4__trainseed_-1__manufacturing_doe.sol,4,73.09086819999993,optimal,cie_core,50.70422530747867,16,-1,checked active primary model at feasibility tolerance 1.000001e-06; removed 13 inactive auxiliaries,0.04225352108956576,auto
0.26101141903669567,0.5285481235493086,0.8075040776447772,0.8075040776447756,0,0.0,1226.000001,0.0,cie_core_n016_f000_m016_proc110.lp,0.2157422498240242,0.22553018089271937,556.6249998750001,scip_default,577.4999995000004,D:\git\git\RDMCT-A3C\cie\data\core\spbs\cie_core_n016_f000_m016_proc110.lp,1954.9633332578258,4,True,manufacturing_doe,D:\git\git\RDMCT-A3C\cie\results\doe\cie_doe_600s_mem2048_repro_v1\seeds3to4\solutions\cie_core__cie_core_n016_f000_m016_proc110__scip_default__solverseed_3__trainseed_-1__manufacturing_doe.sol,3,21.56783809999979,optimal,cie_core,46.98205542660517,16,-1,checked active primary model at feasibility tolerance 1.000001e-06; removed 13 inactive auxiliaries,0.03915171285550431,auto
0.2610114190366952,0.528548123549308,0.8075040776447765,0.8075040776447764,0,0.0,1226.000001,0.0,cie_core_n016_f000_m016_proc110.lp,0.21574224982402673,0.2255301813005471,556.625000125,scip_default,577.4999995,D:\git\git\RDMCT-A3C\cie\data\core\spbs\cie_core_n016_f000_m016_proc110.lp,4505.139371369557,4,True,manufacturing_doe,D:\git\git\RDMCT-A3C\cie\results\doe\cie_doe_600s_mem2048_repro_v1\seeds3to4\solutions\cie_core__cie_core_n016_f000_m016_proc110__scip_default__solverseed_4__trainseed_-1__manufacturing_doe.sol,4,50.62813470000037,optimal,cie_core,46.98205542660517,16,-1,checked active primary model at feasibility tolerance 1.000001e-06; removed 13 inactive auxiliaries,0.03915171285550449,auto
0.2877697839138761,0.5827338124255991,0.7284172655319989,0.5827338124255991,0,0.0,1112.000001,0.0,cie_core_n016_f004_m012_proc090.lp,0.28417266071567204,0.2508992830477524,466.625000375,scip_default,539.0,D:\git\git\RDMCT-A3C\cie\data\core\spbs\cie_core_n016_f004_m012_proc090.lp,1117.0349230769154,4,True,manufacturing_doe,D:\git\git\RDMCT-A3C\cie\results\doe\cie_doe_600s_mem2048_repro_v1\seeds3to4\solutions\cie_core__cie_core_n016_f004_m012_proc090__scip_default__solverseed_3__trainseed_-1__manufacturing_doe.sol,3,39.78136409999934,optimal,cie_core,51.79856110449769,16,-1,checked active primary model at feasibility tolerance 1.000001e-06; removed 13 inactive auxiliaries,0.05035971218492831,auto
0.2877697839138791,0.5827338124255907,0.7284172655320054,0.5827338124256043,0,0.0,1112.00000099999,0.0,cie_core_n016_f004_m012_proc090.lp,0.284172660715662,0.2508992830477789,466.62500012500243,scip_default,538.999999999985,D:\git\git\RDMCT-A3C\cie\data\core\spbs\cie_core_n016_f004_m012_proc090.lp,1860.3192060748488,4,True,manufacturing_doe,D:\git\git\RDMCT-A3C\cie\results\doe\cie_doe_600s_mem2048_repro_v1\seeds3to4\solutions\cie_core__cie_core_n016_f004_m012_proc090__scip_default__solverseed_4__trainseed_-1__manufacturing_doe.sol,4,62.45616379999956,optimal,cie_core,51.798561104498155,16,-1,checked active primary model at feasibility tolerance 1.000001e-06; removed 13 inactive auxiliaries,0.05035971218492917,auto
0.2662229615089659,0.5391014970556559,0.7487520792439657,0.5990016633951732,0,0.0,1202.000001,0.0,cie_core_n016_f004_m012_proc100.lp,0.2628951736581595,0.26206322690344486,502.624999750001,scip_default,556.999999000004,D:\git\git\RDMCT-A3C\cie\data\core\spbs\cie_core_n016_f004_m012_proc100.lp,2937.400753831363,4,True,manufacturing_doe,D:\git\git\RDMCT-A3C\cie\results\doe\cie_doe_600s_mem2048_repro_v1\seeds3to4\solutions\cie_core__cie_core_n016_f004_m012_proc100__scip_default__solverseed_3__trainseed_-1__manufacturing_doe.sol,3,33.88384499999938,optimal,cie_core,47.92013307161386,16,-1,checked active primary model at feasibility tolerance 1.000001e-06; removed 13 inactive auxiliaries,0.04658901826406903,auto
0.2662229615089682,0.5391014970556605,0.7487520792439728,0.599001663395179,0,0.0,1202.00000099999,0.0,cie_core_n016_f004_m012_proc100.lp,0.20549084841472143,0.2279534091281838,488.8749997500016,scip_default,535.000000000015,D:\git\git\RDMCT-A3C\cie\data\core\spbs\cie_core_n016_f004_m012_proc100.lp,5337.395421035693,4,True,manufacturing_doe,D:\git\git\RDMCT-A3C\cie\results\doe\cie_doe_600s_mem2048_repro_v1\seeds3to4\solutions\cie_core__cie_core_n016_f004_m012_proc100__scip_default__solverseed_4__trainseed_-1__manufacturing_doe.sol,4,260.1846886000003,optimal,cie_core,47.92013307161426,16,-1,checked active primary model at feasibility tolerance 1.000001e-06; removed 13 inactive auxiliaries,0.04658901826406942,auto
0.24767801838415604,0.5015479872279174,0.7662538693759823,0.6130030955007874,0,0.0,1292.00000099997,0.0,cie_core_n016_f004_m012_proc110.lp,0.1911764704402703,0.22600618945363526,522.6249996250125,scip_default,589.000000000002,D:\git\git\RDMCT-A3C\cie\data\core\spbs\cie_core_n016_f004_m012_proc110.lp,1594.517919872464,4,True,manufacturing_doe,D:\git\git\RDMCT-A3C\cie\results\doe\cie_doe_600s_mem2048_repro_v1\seeds3to4\solutions\cie_core__cie_core_n016_f004_m012_proc110__scip_default__solverseed_3__trainseed_-1__manufacturing_doe.sol,3,17.676951700000245,optimal,cie_core,44.582043309148055,16,-1,checked active primary model at feasibility tolerance 1.000001e-06; removed 13 inactive auxiliaries,0.04334365321722728,auto
0.24767801838414968,0.5015479872279036,0.7662538693759652,0.6130030955007715,0,0.0,1292.000001,0.0,cie_core_n016_f004_m012_proc110.lp,0.1857585137881126,0.23142414765369448,522.6249996874994,scip_default,593.9999995,D:\git\git\RDMCT-A3C\cie\data\core\spbs\cie_core_n016_f004_m012_proc110.lp,1049.0088748563564,4,True,manufacturing_doe,D:\git\git\RDMCT-A3C\cie\results\doe\cie_doe_600s_mem2048_repro_v1\seeds3to4\solutions\cie_core__cie_core_n016_f004_m012_proc110__scip_default__solverseed_4__trainseed_-1__manufacturing_doe.sol,4,36.066698099999485,optimal,cie_core,44.582043309147025,16,-1,checked active primary model at feasibility tolerance 1.000001e-06; removed 13 inactive auxiliaries,0.04334365321722627,auto
0.29143897969814037,0.5901639338887342,0.5901639338887342,0.590163933888736,0,0.0,1098.00000100001,0.0,cie_core_n016_f008_m008_proc090.lp,0.27231329574469587,0.29781421011129944,446.50000025000224,scip_default,539.0,D:\git\git\RDMCT-A3C\cie\data\core\spbs\cie_core_n016_f008_m008_proc090.lp,1018.27517860768,4,True,manufacturing_doe,D:\git\git\RDMCT-A3C\cie\results\doe\cie_doe_600s_mem2048_repro_v1\seeds3to4\solutions\cie_core__cie_core_n016_f008_m008_proc090__scip_default__solverseed_3__trainseed_-1__manufacturing_doe.sol,3,23.923285799999576,optimal,cie_core,52.45901634566527,16,-1,checked active primary model at feasibility tolerance 1.000001e-06; removed 13 inactive auxiliaries,0.05828779593962807,auto
0.2914389796981432,0.5901639338887396,0.5901639338887397,0.5901639338887396,0,0.0,1098.000001,0.0,cie_core_n016_f008_m008_proc090.lp,0.27231329574470553,0.29781421011128123,446.50000025,scip_default,539.0,D:\git\git\RDMCT-A3C\cie\data\core\spbs\cie_core_n016_f008_m008_proc090.lp,2951.924002223029,4,True,manufacturing_doe,D:\git\git\RDMCT-A3C\cie\results\doe\cie_doe_600s_mem2048_repro_v1\seeds3to4\solutions\cie_core__cie_core_n016_f008_m008_proc090__scip_default__solverseed_4__trainseed_-1__manufacturing_doe.sol,4,39.46513899999991,optimal,cie_core,52.45901634566574,16,-1,checked active primary model at feasibility tolerance 1.000001e-06; removed 13 inactive auxiliaries,0.0582877959396288,auto
0.27350427327050936,0.553846153372781,0.6153846148586457,0.6153846148586456,0,0.0,1170.000001,0.0,cie_core_n016_f008_m008_proc100.lp,0.2700854689999269,0.30085470230696176,490.62500025,scip_default,573.000001,D:\git\git\RDMCT-A3C\cie\data\core\spbs\cie_core_n016_f008_m008_proc100.lp,1347.6343772322,4,True,manufacturing_doe,D:\git\git\RDMCT-A3C\cie\results\doe\cie_doe_600s_mem2048_repro_v1\seeds3to4\solutions\cie_core__cie_core_n016_f008_m008_proc100__scip_default__solverseed_3__trainseed_-1__manufacturing_doe.sol,3,17.61055209999904,optimal,cie_core,49.230769188691646,16,-1,checked active primary model at feasibility tolerance 1.000001e-06; removed 13 inactive auxiliaries,0.05470085465410202,auto
0.27350427327050914,0.553846153372781,0.6153846148586456,0.6153846148586457,0,0.0,1170.000001,0.0,cie_core_n016_f008_m008_proc100.lp,0.2700854689999269,0.30085470230696176,490.62500025,scip_default,573.000001,D:\git\git\RDMCT-A3C\cie\data\core\spbs\cie_core_n016_f008_m008_proc100.lp,1170.8580150431685,4,True,manufacturing_doe,D:\git\git\RDMCT-A3C\cie\results\doe\cie_doe_600s_mem2048_repro_v1\seeds3to4\solutions\cie_core__cie_core_n016_f008_m008_proc100__scip_default__solverseed_4__trainseed_-1__manufacturing_doe.sol,4,19.23991710000064,optimal,cie_core,49.230769188691646,16,-1,checked active primary model at feasibility tolerance 1.000001e-06; removed 13 inactive auxiliaries,0.05470085465410183,auto
0.2576489530936803,0.5217391300147021,0.637681158906859,0.6376811589068597,0,0.0,1242.000001,0.0,cie_core_n016_f008_m008_proc110.lp,0.1964573267339313,0.2624798709641869,497.1250000000002,scip_default,609.000000000001,D:\git\git\RDMCT-A3C\cie\data\core\spbs\cie_core_n016_f008_m008_proc110.lp,1377.9471330631027,4,True,manufacturing_doe,D:\git\git\RDMCT-A3C\cie\results\doe\cie_doe_600s_mem2048_repro_v1\seeds3to4\solutions\cie_core__cie_core_n016_f008_m008_proc110__scip_default__solverseed_3__trainseed_-1__manufacturing_doe.sol,3,46.8520069999995,optimal,cie_core,46.376811556862464,16,-1,checked active primary model at feasibility tolerance 1.000001e-06; removed 13 inactive auxiliaries,0.051529790618736804,auto
0.2576489530936806,0.521739130014703,0.6376811589068581,0.6376811589068582,0,0.0,1242.000001,0.0,cie_core_n016_f008_m008_proc110.lp,0.1795491141871586,0.223832528000135,484.1249999999997,scip_default,575.0,D:\git\git\RDMCT-A3C\cie\data\core\spbs\cie_core_n016_f008_m008_proc110.lp,1775.316306966186,4,True,manufacturing_doe,D:\git\git\RDMCT-A3C\cie\results\doe\cie_doe_600s_mem2048_repro_v1\seeds3to4\solutions\cie_core__cie_core_n016_f008_m008_proc110__scip_default__solverseed_4__trainseed_-1__manufacturing_doe.sol,4,21.86696099999972,optimal,cie_core,46.376811556862464,16,-1,checked active primary model at feasibility tolerance 1.000001e-06; removed 13 inactive auxiliaries,0.051529790618736075,auto
0.2938475663050068,0.5950413217676388,0.5950413217676379,0.44628099132572907,0,0.0,1089.000001,0.0,cie_core_n016_f012_m004_proc090.lp,0.2304866848204897,0.30303030275203824,417.7499999999999,scip_default,536.9999999999991,D:\git\git\RDMCT-A3C\cie\data\core\spbs\cie_core_n016_f012_m004_proc090.lp,2337.50685763733,6,True,manufacturing_doe,D:\git\git\RDMCT-A3C\cie\results\doe\cie_doe_600s_mem2048_repro_v1\seeds3to4\solutions\cie_core__cie_core_n016_f012_m004_proc090__scip_default__solverseed_3__trainseed_-1__manufacturing_doe.sol,3,26.640320399998927,optimal,cie_core,52.892561934901224,16,-1,checked active primary model at feasibility tolerance 1.000001e-06; removed 13 inactive auxiliaries,0.06611570241862653,auto
0.2938475663050072,0.5950413217676388,0.5950413217676388,0.44628099132572907,0,0.0,1089.000001,0.0,cie_core_n016_f012_m004_proc090.lp,0.2304866848204897,0.30303030275203824,417.75000000000006,scip_default,537.0,D:\git\git\RDMCT-A3C\cie\data\core\spbs\cie_core_n016_f012_m004_proc090.lp,899.0394573314303,6,True,manufacturing_doe,D:\git\git\RDMCT-A3C\cie\results\doe\cie_doe_600s_mem2048_repro_v1\seeds3to4\solutions\cie_core__cie_core_n016_f012_m004_proc090__scip_default__solverseed_4__trainseed_-1__manufacturing_doe.sol,4,10.563329800001156,optimal,cie_core,52.892561934901224,16,-1,checked active primary model at feasibility tolerance 1.000001e-06; removed 13 inactive auxiliaries,0.06611570241862695,auto
0.27633851444184965,0.5595854917447441,0.6217616574941601,0.4663212431206206,0,0.0,1158.000001,0.0,cie_core_n016_f012_m004_proc100.lp,0.22797927441452565,0.2754749565842189,437.8749999999999,scip_default,572.9999999999991,D:\git\git\RDMCT-A3C\cie\data\core\spbs\cie_core_n016_f012_m004_proc100.lp,1795.1878064327134,6,True,manufacturing_doe,D:\git\git\RDMCT-A3C\cie\results\doe\cie_doe_600s_mem2048_repro_v1\seeds3to4\solutions\cie_core__cie_core_n016_f012_m004_proc100__scip_default__solverseed_3__trainseed_-1__manufacturing_doe.sol,3,19.773378999999295,optimal,cie_core,49.74093259953287,16,-1,checked active primary model at feasibility tolerance 1.000001e-06; removed 13 inactive auxiliaries,0.06217616574941608,auto
0.27633851444184915,0.5595854917447446,0.6217616574941609,0.46632124312062057,0,0.0,1158.000001,0.0,cie_core_n016_f012_m004_proc100.lp,0.20379965440086384,0.21934369583821775,427.5,scip_default,515.0000000000001,D:\git\git\RDMCT-A3C\cie\data\core\spbs\cie_core_n016_f012_m004_proc100.lp,1440.2260117867622,6,True,manufacturing_doe,D:\git\git\RDMCT-A3C\cie\results\doe\cie_doe_600s_mem2048_repro_v1\seeds3to4\solutions\cie_core__cie_core_n016_f012_m004_proc100__scip_default__solverseed_4__trainseed_-1__manufacturing_doe.sol,4,16.49380579999979,optimal,cie_core,49.74093259953287,16,-1,checked active primary model at feasibility tolerance 1.000001e-06; removed 13 inactive auxiliaries,0.062176165749416284,auto
0.2601626014145023,0.5268292678643668,0.6439024385008916,0.48292682887566846,0,0.0,1230.000001,0.0,cie_core_n016_f012_m004_proc110.lp,0.19186991854319518,0.20650406487276124,449.9999999999999,scip_default,550.9999999999991,D:\git\git\RDMCT-A3C\cie\data\core\spbs\cie_core_n016_f012_m004_proc110.lp,1155.4603190835962,6,True,manufacturing_doe,D:\git\git\RDMCT-A3C\cie\results\doe\cie_doe_600s_mem2048_repro_v1\seeds3to4\solutions\cie_core__cie_core_n016_f012_m004_proc110__scip_default__solverseed_3__trainseed_-1__manufacturing_doe.sol,3,19.839074499999697,optimal,cie_core,46.82926825461035,16,-1,checked active primary model at feasibility tolerance 1.000001e-06; removed 13 inactive auxiliaries,0.05853658531826293,auto
0.2601626014145019,0.5268292678643663,0.6439024385008922,0.4829268288756692,0,0.0,1230.000001,0.0,cie_core_n016_f012_m004_proc110.lp,0.19186991854319518,0.2065040648727609,450.0,scip_default,551.0,D:\git\git\RDMCT-A3C\cie\data\core\spbs\cie_core_n016_f012_m004_proc110.lp,918.3298452617353,6,True,manufacturing_doe,D:\git\git\RDMCT-A3C\cie\results\doe\cie_doe_600s_mem2048_repro_v1\seeds3to4\solutions\cie_core__cie_core_n016_f012_m004_proc110__scip_default__solverseed_4__trainseed_-1__manufacturing_doe.sol,4,11.7093918999999,optimal,cie_core,46.82926825461035,16,-1,checked active primary model at feasibility tolerance 1.000001e-06; removed 13 inactive auxiliaries,0.05853658531826293,auto
0.04568383439176939,0.09250976464333302,0.1709336803492038,0.1709336803492038,2,0.04758732749142645,10506.9989503,4.070945438851351,cie_core_n024_f000_m024_proc090.lp,0.02855239649485587,0.034262875793827044,472.0,scip_default,472.0,D:\git\git\RDMCT-A3C\cie\data\core\spbs\cie_core_n024_f000_m024_proc090.lp,43426.28617970867,4,True,manufacturing_doe,D:\git\git\RDMCT-A3C\cie\results\doe\cie_doe_600s_mem2048_repro_v1\seeds3to4\solutions\cie_core__cie_core_n024_f000_m024_proc090__scip_default__solverseed_3__trainseed_-1__manufacturing_doe.sol,3,539.1828536999974,timelimit,cie_core,8.22309019051849,24,-1,checked active primary model at feasibility tolerance 1.000001e-06; removed 13 inactive auxiliaries,0.010659561358079524,auto
0.04568383439176939,0.09250976464333302,0.1709336803492038,0.1709336803492038,2,0.04758732749142645,10506.9989503,4.080753843955512,cie_core_n024_f000_m024_proc090.lp,0.02855239649485587,0.034262875793827044,472.0,scip_default,472.0,D:\git\git\RDMCT-A3C\cie\data\core\spbs\cie_core_n024_f000_m024_proc090.lp,43430.70228370028,4,True,manufacturing_doe,D:\git\git\RDMCT-A3C\cie\results\doe\cie_doe_600s_mem2048_repro_v1\seeds3to4\solutions\cie_core__cie_core_n024_f000_m024_proc090__scip_default__solverseed_4__trainseed_-1__manufacturing_doe.sol,4,539.8246876000012,timelimit,cie_core,8.22309019051849,24,-1,checked active primary model at feasibility tolerance 1.000001e-06; removed 13 inactive auxiliaries,0.010659561358079524,auto
0.04568383439176939,0.09250976464333302,0.18463883066673462,0.18463883066673462,2,0.04758732749142645,10506.9989503,3.749999525,cie_core_n024_f000_m024_proc100.lp,0.02855239649485587,0.034262875793827044,508.0,scip_default,508.0,D:\git\git\RDMCT-A3C\cie\data\core\spbs\cie_core_n024_f000_m024_proc100.lp,42694.73571157884,4,True,manufacturing_doe,D:\git\git\RDMCT-A3C\cie\results\doe\cie_doe_600s_mem2048_repro_v1\seeds3to4\solutions\cie_core__cie_core_n024_f000_m024_proc100__scip_default__solverseed_3__trainseed_-1__manufacturing_doe.sol,3,539.7661614000008,timelimit,cie_core,8.22309019051849,24,-1,checked active primary model at feasibility tolerance 1.000001e-06; removed 13 inactive auxiliaries,0.010659561358079524,auto
0.04568383439176939,0.09250976464333302,0.18463883066673462,0.18463883066673462,2,0.04758732749142645,10506.9989503,3.749999525,cie_core_n024_f000_m024_proc100.lp,0.02855239649485587,0.034262875793827044,508.0,scip_default,508.0,D:\git\git\RDMCT-A3C\cie\data\core\spbs\cie_core_n024_f000_m024_proc100.lp,42694.73571157884,4,True,manufacturing_doe,D:\git\git\RDMCT-A3C\cie\results\doe\cie_doe_600s_mem2048_repro_v1\seeds3to4\solutions\cie_core__cie_core_n024_f000_m024_proc100__scip_default__solverseed_4__trainseed_-1__manufacturing_doe.sol,4,539.7878012000019,timelimit,cie_core,8.22309019051849,24,-1,checked active primary model at feasibility tolerance 1.000001e-06; removed 13 inactive auxiliaries,0.010659561358079524,auto
0.04568383439176939,0.09250976464333302,0.19834398098426542,0.19834398098426542,2,0.04758732749142645,10506.9989503,3.4408279582840233,cie_core_n024_f000_m024_proc110.lp,0.02855239649485587,0.034262875793827044,544.0,scip_default,544.0,D:\git\git\RDMCT-A3C\cie\data\core\spbs\cie_core_n024_f000_m024_proc110.lp,41920.779534062734,4,True,manufacturing_doe,D:\git\git\RDMCT-A3C\cie\results\doe\cie_doe_600s_mem2048_repro_v1\seeds3to4\solutions\cie_core__cie_core_n024_f000_m024_proc110__scip_default__solverseed_3__trainseed_-1__manufacturing_doe.sol,3,539.7791804000008,timelimit,cie_core,8.22309019051849,24,-1,checked active primary model at feasibility tolerance 1.000001e-06; removed 13 inactive auxiliaries,0.010659561358079524,auto
0.04568383439176939,0.09250976464333302,0.19834398098426542,0.19834398098426542,2,0.04758732749142645,10506.9989503,3.4521181988559317,cie_core_n024_f000_m024_proc110.lp,0.02855239649485587,0.034262875793827044,544.0,scip_default,544.0,D:\git\git\RDMCT-A3C\cie\data\core\spbs\cie_core_n024_f000_m024_proc110.lp,41940.07039105366,4,True,manufacturing_doe,D:\git\git\RDMCT-A3C\cie\results\doe\cie_doe_600s_mem2048_repro_v1\seeds3to4\solutions\cie_core__cie_core_n024_f000_m024_proc110__scip_default__solverseed_4__trainseed_-1__manufacturing_doe.sol,4,539.7699449000011,timelimit,cie_core,8.22309019051849,24,-1,checked active primary model at feasibility tolerance 1.000001e-06; removed 13 inactive auxiliaries,0.010659561358079524,auto
0.0456490773137761,0.0924393815603966,0.17080363094904558,0.15539706735564612,2,0.0475511222018501,10514.9989495,3.978692683948864,cie_core_n024_f006_m018_proc090.lp,0.03518783042936908,0.04289111222606879,505.1666666666667,scip_default,625.0,D:\git\git\RDMCT-A3C\cie\data\core\spbs\cie_core_n024_f006_m018_proc090.lp,43248.19673746827,8,True,manufacturing_doe,D:\git\git\RDMCT-A3C\cie\results\doe\cie_doe_600s_mem2048_repro_v1\seeds3to4\solutions\cie_core__cie_core_n024_f006_m018_proc090__scip_default__solverseed_3__trainseed_-1__manufacturing_doe.sol,3,539.8263934999995,timelimit,cie_core,8.216833916479699,24,-1,checked active primary model at feasibility tolerance 1.000001e-06; removed 13 inactive auxiliaries,0.012553496261288427,auto
0.2091503267062527,0.4235294115801607,0.7825708057592282,0.7119825704958679,2,0.21786492365234644,2295.000001,0.08050847457627118,cie_core_n024_f006_m018_proc090.lp,0.1546840962288966,0.17755991255879658,474.1666668333333,scip_default,621.9999999999991,D:\git\git\RDMCT-A3C\cie\data\core\spbs\cie_core_n024_f006_m018_proc090.lp,6612.615906831293,8,True,manufacturing_doe,D:\git\git\RDMCT-A3C\cie\results\doe\cie_doe_600s_mem2048_repro_v1\seeds3to4\solutions\cie_core__cie_core_n024_f006_m018_proc090__scip_default__solverseed_4__trainseed_-1__manufacturing_doe.sol,4,539.7485007000014,timelimit,cie_core,37.64705880712547,24,-1,checked active primary model at feasibility tolerance 1.000001e-06; removed 13 inactive auxiliaries,0.05751633984421966,auto
0.0456490773137761,0.0924393815603966,0.1844983541431784,0.16737995015051235,2,0.0475511222018501,10514.9989495,3.6526544019911507,cie_core_n024_f006_m018_proc100.lp,0.02853067332111006,0.034997625940561675,549.0,scip_default,1034.0,D:\git\git\RDMCT-A3C\cie\data\core\spbs\cie_core_n024_f006_m018_proc100.lp,42485.47673727806,4,True,manufacturing_doe,D:\git\git\RDMCT-A3C\cie\results\doe\cie_doe_600s_mem2048_repro_v1\seeds3to4\solutions\cie_core__cie_core_n024_f006_m018_proc100__scip_default__solverseed_3__trainseed_-1__manufacturing_doe.sol,3,539.7778151999992,timelimit,cie_core,8.216833916479699,24,-1,checked active primary model at feasibility tolerance 1.000001e-06; removed 13 inactive auxiliaries,0.012553496261288427,auto
0.0456490773137761,0.0924393815603966,0.1844983541431784,0.16737995015051235,2,0.0475511222018501,10514.9989495,3.6485406492042443,cie_core_n024_f006_m018_proc100.lp,0.02853067332111006,0.034997625940561675,549.0,scip_default,1034.0,D:\git\git\RDMCT-A3C\cie\data\core\spbs\cie_core_n024_f006_m018_proc100.lp,42481.025952239535,4,True,manufacturing_doe,D:\git\git\RDMCT-A3C\cie\results\doe\cie_doe_600s_mem2048_repro_v1\seeds3to4\solutions\cie_core__cie_core_n024_f006_m018_proc100__scip_default__solverseed_4__trainseed_-1__manufacturing_doe.sol,4,539.7562781000015,timelimit,cie_core,8.216833916479699,24,-1,checked active primary model at feasibility tolerance 1.000001e-06; removed 13 inactive auxiliaries,0.012553496261288427,auto
0.0456490773137761,0.0924393815603966,0.19819307733731123,0.17936283294537858,2,0.0475511222018501,10514.9989495,3.388563834933222,cie_core_n024_f006_m018_proc110.lp,0.06371850375047913,0.036138852873406076,616.5,scip_default,944.0,D:\git\git\RDMCT-A3C\cie\data\core\spbs\cie_core_n024_f006_m018_proc110.lp,41786.437199946624,8,True,manufacturing_doe,D:\git\git\RDMCT-A3C\cie\results\doe\cie_doe_600s_mem2048_repro_v1\seeds3to4\solutions\cie_core__cie_core_n024_f006_m018_proc110__scip_default__solverseed_3__trainseed_-1__manufacturing_doe.sol,3,539.7979071000009,timelimit,cie_core,8.216833916479699,24,-1,checked active primary model at feasibility tolerance 1.000001e-06; removed 13 inactive auxiliaries,0.012553496261288427,auto
0.0456490773137761,0.0924393815603966,0.19819307733731123,0.17936283294537858,2,0.0475511222018501,10514.9989495,3.3812495618750003,cie_core_n024_f006_m018_proc110.lp,0.06371850375047913,0.036138852873406076,616.5,scip_default,944.0,D:\git\git\RDMCT-A3C\cie\data\core\spbs\cie_core_n024_f006_m018_proc110.lp,41744.088170509625,8,True,manufacturing_doe,D:\git\git\RDMCT-A3C\cie\results\doe\cie_doe_600s_mem2048_repro_v1\seeds3to4\solutions\cie_core__cie_core_n024_f006_m018_proc110__scip_default__solverseed_4__trainseed_-1__manufacturing_doe.sol,4,539.7605649999987,timelimit,cie_core,8.216833916479699,24,-1,checked active primary model at feasibility tolerance 1.000001e-06; removed 13 inactive auxiliaries,0.012553496261288427,auto
0.0456490773137761,0.0924393815603966,0.15539706735564612,0.07703281796699717,1,0.02377556110092505,10514.9989495,4.02148946919769,cie_core_n024_f012_m012_proc090.lp,0.07180219452479365,0.03566334165138758,683.6666666666666,scip_default,2585.0,D:\git\git\RDMCT-A3C\cie\data\core\spbs\cie_core_n024_f012_m012_proc090.lp,43311.979274771096,4,True,manufacturing_doe,D:\git\git\RDMCT-A3C\cie\results\doe\cie_doe_600s_mem2048_repro_v1\seeds3to4\solutions\cie_core__cie_core_n024_f012_m012_proc090__scip_default__solverseed_3__trainseed_-1__manufacturing_doe.sol,3,539.7823931000003,timelimit,cie_core,8.216833916479699,24,-1,checked active primary model at feasibility tolerance 1.000001e-06; removed 13 inactive auxiliaries,0.010651451373214422,auto
0.2264150942328232,0.45849056582146697,0.770754716617568,0.38207547151788906,1,0.11792452824626203,2120.000001,0.0,cie_core_n024_f012_m012_proc090.lp,0.3349056602193841,0.33113207531550387,522.9999999999998,scip_default,1078.999999999999,D:\git\git\RDMCT-A3C\cie\data\core\spbs\cie_core_n024_f012_m012_proc090.lp,20830.632260260434,6,True,manufacturing_doe,D:\git\git\RDMCT-A3C\cie\results\doe\cie_doe_600s_mem2048_repro_v1\seeds3to4\solutions\cie_core__cie_core_n024_f012_m012_proc090__scip_default__solverseed_4__trainseed_-1__manufacturing_doe.sol,4,260.81489730000067,optimal,cie_core,40.75471696190815,24,-1,checked active primary model at feasibility tolerance 1.000001e-06; removed 13 inactive auxiliaries,0.052830188654325386,auto
0.0456490773137761,0.0924393815603966,0.16737995015051235,0.08559201996333018,1,0.02377556110092505,10514.9989495,3.7279671531025182,cie_core_n024_f012_m012_proc100.lp,0.051545416466805515,0.0915834613607633,601.0,scip_default,1292.0,D:\git\git\RDMCT-A3C\cie\data\core\spbs\cie_core_n024_f012_m012_proc100.lp,42670.43158221196,6,True,manufacturing_doe,D:\git\git\RDMCT-A3C\cie\results\doe\cie_doe_600s_mem2048_repro_v1\seeds3to4\solutions\cie_core__cie_core_n024_f012_m012_proc100__scip_default__solverseed_3__trainseed_-1__manufacturing_doe.sol,3,539.6780545999991,timelimit,cie_core,8.216833916479699,24,-1,checked active primary model at feasibility tolerance 1.000001e-06; removed 13 inactive auxiliaries,0.010651451373214422,auto
0.0456490773137761,0.0924393815603966,0.16737995015051235,0.08559201996333018,1,0.02377556110092505,10514.9989495,3.7622277846467393,cie_core_n024_f012_m012_proc100.lp,0.06485973068332354,0.07826914714424527,601.0,scip_default,1292.0,D:\git\git\RDMCT-A3C\cie\data\core\spbs\cie_core_n024_f012_m012_proc100.lp,42745.35145331935,6,True,manufacturing_doe,D:\git\git\RDMCT-A3C\cie\results\doe\cie_doe_600s_mem2048_repro_v1\seeds3to4\solutions\cie_core__cie_core_n024_f012_m012_proc100__scip_default__solverseed_4__trainseed_-1__manufacturing_doe.sol,4,539.708122,timelimit,cie_core,8.216833916479699,24,-1,checked active primary model at feasibility tolerance 1.000001e-06; removed 13 inactive auxiliaries,0.010651451373214422,auto
0.2023608768118208,0.4097807755439371,0.795109611806446,0.41736930842438047,1,0.10539629000615672,2372.000001,0.0,cie_core_n024_f012_m012_proc110.lp,0.28541315333667244,0.19519392909140212,539.4166666666666,scip_default,760.0,D:\git\git\RDMCT-A3C\cie\data\core\spbs\cie_core_n024_f012_m012_proc110.lp,22945.54768899002,6,True,manufacturing_doe,D:\git\git\RDMCT-A3C\cie\results\doe\cie_doe_600s_mem2048_repro_v1\seeds3to4\solutions\cie_core__cie_core_n024_f012_m012_proc110__scip_default__solverseed_3__trainseed_-1__manufacturing_doe.sol,3,295.16403080000055,optimal,cie_core,36.42495782612776,24,-1,checked active primary model at feasibility tolerance 1.000001e-06; removed 13 inactive auxiliaries,0.04721753792275821,auto
0.20236087681182127,0.4097807755439373,0.7951096118064466,0.4173693084243806,1,0.10539629000615672,2372.000001,0.0,cie_core_n024_f012_m012_proc110.lp,0.3166104551784948,0.33684654285967686,625.2500000000003,scip_default,911.000000000001,D:\git\git\RDMCT-A3C\cie\data\core\spbs\cie_core_n024_f012_m012_proc110.lp,29072.749211846593,6,True,manufacturing_doe,D:\git\git\RDMCT-A3C\cie\results\doe\cie_doe_600s_mem2048_repro_v1\seeds3to4\solutions\cie_core__cie_core_n024_f012_m012_proc110__scip_default__solverseed_4__trainseed_-1__manufacturing_doe.sol,4,389.16830579999987,optimal,cie_core,36.42495782612776,24,-1,checked active primary model at feasibility tolerance 1.000001e-06; removed 13 inactive auxiliaries,0.04721753792275859,auto
0.0456490773137761,0.0924393815603966,0.15539706735564612,0.061626254373597734,1,0.02377556110092505,10514.9989495,3.9552304187087146,cie_core_n024_f018_m006_proc090.lp,0.02853067332111006,0.04174988529322439,437.0833333333333,scip_default,913.0,D:\git\git\RDMCT-A3C\cie\data\core\spbs\cie_core_n024_f018_m006_proc090.lp,43183.603293063024,6,True,manufacturing_doe,D:\git\git\RDMCT-A3C\cie\results\doe\cie_doe_600s_mem2048_repro_v1\seeds3to4\solutions\cie_core__cie_core_n024_f018_m006_proc090__scip_default__solverseed_3__trainseed_-1__manufacturing_doe.sol,3,540.1325517000005,timelimit,cie_core,8.216833916479699,24,-1,checked active primary model at feasibility tolerance 1.000001e-06; removed 13 inactive auxiliaries,0.012553496261288427,auto
0.22388059691050358,0.45335820874376864,0.7621268653161717,0.3022388058291798,1,0.11660447755755389,2144.000001,0.0,cie_core_n024_f018_m006_proc090.lp,0.19682835811715102,0.21548507499277844,457.083333666667,scip_default,850.0000010000011,D:\git\git\RDMCT-A3C\cie\data\core\spbs\cie_core_n024_f018_m006_proc090.lp,28546.51410485896,8,True,manufacturing_doe,D:\git\git\RDMCT-A3C\cie\results\doe\cie_doe_600s_mem2048_repro_v1\seeds3to4\solutions\cie_core__cie_core_n024_f018_m006_proc090__scip_default__solverseed_4__trainseed_-1__manufacturing_doe.sol,4,384.07623109999986,optimal,cie_core,40.29850744389062,24,-1,checked active primary model at feasibility tolerance 1.000001e-06; removed 13 inactive auxiliaries,0.06156716415038845,auto
0.0456490773137761,0.0924393815603966,0.16737995015051235,0.06847361597066415,1,0.02377556110092505,10514.9989495,3.7068034684422564,cie_core_n024_f018_m006_proc100.lp,0.02853067332111006,0.03870661347230599,461.0833333333333,scip_default,949.0,D:\git\git\RDMCT-A3C\cie\data\core\spbs\cie_core_n024_f018_m006_proc100.lp,42651.18288794282,6,True,manufacturing_doe,D:\git\git\RDMCT-A3C\cie\results\doe\cie_doe_600s_mem2048_repro_v1\seeds3to4\solutions\cie_core__cie_core_n024_f018_m006_proc100__scip_default__solverseed_3__trainseed_-1__manufacturing_doe.sol,3,539.4591075999997,timelimit,cie_core,8.216833916479699,24,-1,checked active primary model at feasibility tolerance 1.000001e-06; removed 13 inactive auxiliaries,0.012553496261288427,auto
0.0456490773137761,0.0924393815603966,0.16737995015051235,0.06847361597066415,1,0.02377556110092505,10514.9989495,3.698390951072371,cie_core_n024_f018_m006_proc100.lp,0.02853067332111006,0.03661436409542458,461.0833333333333,scip_default,949.0,D:\git\git\RDMCT-A3C\cie\data\core\spbs\cie_core_n024_f018_m006_proc100.lp,42632.13150394239,6,True,manufacturing_doe,D:\git\git\RDMCT-A3C\cie\results\doe\cie_doe_600s_mem2048_repro_v1\seeds3to4\solutions\cie_core__cie_core_n024_f018_m006_proc100__scip_default__solverseed_4__trainseed_-1__manufacturing_doe.sol,4,539.6768187000016,timelimit,cie_core,8.216833916479699,24,-1,checked active primary model at feasibility tolerance 1.000001e-06; removed 13 inactive auxiliaries,0.012553496261288427,auto
0.0456490773137761,0.0924393815603966,0.17936283294537858,0.07532097756773057,1,0.02377556110092505,10514.9989495,3.459287085877863,cie_core_n024_f018_m006_proc110.lp,0.02853067332111006,0.04174988529322439,486.5833333333333,scip_default,967.0,D:\git\git\RDMCT-A3C\cie\data\core\spbs\cie_core_n024_f018_m006_proc110.lp,42004.90291889923,6,True,manufacturing_doe,D:\git\git\RDMCT-A3C\cie\results\doe\cie_doe_600s_mem2048_repro_v1\seeds3to4\solutions\cie_core__cie_core_n024_f018_m006_proc110__scip_default__solverseed_3__trainseed_-1__manufacturing_doe.sol,3,539.7424569999966,timelimit,cie_core,8.216833916479699,24,-1,checked active primary model at feasibility tolerance 1.000001e-06; removed 13 inactive auxiliaries,0.012553496261288427,auto
0.2003338897327489,0.4056761267088163,0.787145241741592,0.330550918059035,1,0.10434056756914001,2396.000001,0.0,cie_core_n024_f018_m006_proc110.lp,0.2783806342744656,0.38564273773554103,581.0833335833332,scip_default,1406.000001,D:\git\git\RDMCT-A3C\cie\data\core\spbs\cie_core_n024_f018_m006_proc110.lp,9130.399527985643,6,True,manufacturing_doe,D:\git\git\RDMCT-A3C\cie\results\doe\cie_doe_600s_mem2048_repro_v1\seeds3to4\solutions\cie_core__cie_core_n024_f018_m006_proc110__scip_default__solverseed_4__trainseed_-1__manufacturing_doe.sol,4,120.74777549999999,optimal,cie_core,36.06010015189479,24,-1,checked active primary model at feasibility tolerance 1.000001e-06; removed 13 inactive auxiliaries,0.05509181967650554,auto
0.060865436418368134,0.12325250874719547,0.20161675813584443,0.20161675813584443,2,0.0475511222018501,10514.9989495,3.373959629159734,cie_core_n032_f000_m032_proc090.lp,0.05839277806387193,0.06600095761616795,498.75,scip_default,525.5,D:\git\git\RDMCT-A3C\cie\data\core\spbs\cie_core_n032_f000_m032_proc090.lp,41841.14001093283,8,True,manufacturing_doe,D:\git\git\RDMCT-A3C\cie\results\doe\cie_doe_600s_mem2048_repro_v1\seeds3to4\solutions\cie_core__cie_core_n032_f000_m032_proc090__scip_default__solverseed_3__trainseed_-1__manufacturing_doe.sol,3,539.8018983000002,timelimit,cie_core,10.955778555306264,32,-1,checked active primary model at feasibility tolerance 1.000001e-06; removed 13 inactive auxiliaries,0.012173087283673627,auto
0.060865436418368134,0.12325250874719547,0.20161675813584443,0.20161675813584443,2,0.0475511222018501,10514.9989495,3.373959629159734,cie_core_n032_f000_m032_proc090.lp,0.05839277806387193,0.06600095761616795,498.75,scip_default,525.5,D:\git\git\RDMCT-A3C\cie\data\core\spbs\cie_core_n032_f000_m032_proc090.lp,41867.854220051464,8,True,manufacturing_doe,D:\git\git\RDMCT-A3C\cie\results\doe\cie_doe_600s_mem2048_repro_v1\seeds3to4\solutions\cie_core__cie_core_n032_f000_m032_proc090__scip_default__solverseed_4__trainseed_-1__manufacturing_doe.sol,4,539.7137957000014,timelimit,cie_core,10.955778555306264,32,-1,checked active primary model at feasibility tolerance 1.000001e-06; removed 13 inactive auxiliaries,0.012173087283673627,auto
0.060865436418368134,0.12325250874719547,0.21873516212851046,0.21873516212851046,2,0.0475511222018501,10514.9989495,3.069272038893189,cie_core_n032_f000_m032_proc100.lp,0.06514503741653464,0.08159772569837477,602.25,scip_default,1110.0,D:\git\git\RDMCT-A3C\cie\data\core\spbs\cie_core_n032_f000_m032_proc100.lp,40935.31988681954,8,True,manufacturing_doe,D:\git\git\RDMCT-A3C\cie\results\doe\cie_doe_600s_mem2048_repro_v1\seeds3to4\solutions\cie_core__cie_core_n032_f000_m032_proc100__scip_default__solverseed_3__trainseed_-1__manufacturing_doe.sol,3,539.7008223000012,timelimit,cie_core,10.955778555306264,32,-1,checked active primary model at feasibility tolerance 1.000001e-06; removed 13 inactive auxiliaries,0.012173087283673627,auto
0.060865436418368134,0.12325250874719547,0.21873516212851046,0.21873516212851046,2,0.0475511222018501,10514.9989495,3.069272038893189,cie_core_n032_f000_m032_proc100.lp,0.07417975063488616,0.07256301248002325,602.25,scip_default,1015.0,D:\git\git\RDMCT-A3C\cie\data\core\spbs\cie_core_n032_f000_m032_proc100.lp,40994.70977205696,8,True,manufacturing_doe,D:\git\git\RDMCT-A3C\cie\results\doe\cie_doe_600s_mem2048_repro_v1\seeds3to4\solutions\cie_core__cie_core_n032_f000_m032_proc100__scip_default__solverseed_4__trainseed_-1__manufacturing_doe.sol,4,539.7572061000028,timelimit,cie_core,10.955778555306264,32,-1,checked active primary model at feasibility tolerance 1.000001e-06; removed 13 inactive auxiliaries,0.012173087283673627,auto
0.060865436418368134,0.12325250874719547,0.2358535661211765,0.2358535661211765,2,0.0475511222018501,10514.9989495,2.804268794681621,cie_core_n032_f000_m032_proc110.lp,0.05677603990900902,0.0895863142282856,691.625,scip_default,1669.0,D:\git\git\RDMCT-A3C\cie\data\core\spbs\cie_core_n032_f000_m032_proc110.lp,40007.521187532904,6,True,manufacturing_doe,D:\git\git\RDMCT-A3C\cie\results\doe\cie_doe_600s_mem2048_repro_v1\seeds3to4\solutions\cie_core__cie_core_n032_f000_m032_proc110__scip_default__solverseed_3__trainseed_-1__manufacturing_doe.sol,3,539.7461574000008,timelimit,cie_core,10.955778555306264,32,-1,checked active primary model at feasibility tolerance 1.000001e-06; removed 13 inactive auxiliaries,0.012173087283673627,auto
0.060865436418368134,0.12325250874719547,0.2358535661211765,0.2358535661211765,2,0.0475511222018501,10514.9989495,2.88580892405765,cie_core_n032_f000_m032_proc110.lp,0.09348550624883731,0.05287684788845731,691.625,scip_default,1669.0,D:\git\git\RDMCT-A3C\cie\data\core\spbs\cie_core_n032_f000_m032_proc110.lp,40291.78179608261,6,True,manufacturing_doe,D:\git\git\RDMCT-A3C\cie\results\doe\cie_doe_600s_mem2048_repro_v1\seeds3to4\solutions\cie_core__cie_core_n032_f000_m032_proc110__scip_default__solverseed_4__trainseed_-1__manufacturing_doe.sol,4,539.7476846999998,timelimit,cie_core,10.955778555306264,32,-1,checked active primary model at feasibility tolerance 1.000001e-06; removed 13 inactive auxiliaries,0.012173087283673627,auto
0.060865436418368134,0.12325250874719547,0.186210194542445,0.186210194542445,2,0.0475511222018501,10514.9989495,3.4630725587860782,cie_core_n032_f008_m024_proc090.lp,0.06291013467304768,0.08392773068626543,598.875,scip_default,2027.0,D:\git\git\RDMCT-A3C\cie\data\core\spbs\cie_core_n032_f008_m024_proc090.lp,42119.44742695276,4,True,manufacturing_doe,D:\git\git\RDMCT-A3C\cie\results\doe\cie_doe_600s_mem2048_repro_v1\seeds3to4\solutions\cie_core__cie_core_n032_f008_m024_proc090__scip_default__solverseed_3__trainseed_-1__manufacturing_doe.sol,3,539.7968048000002,timelimit,cie_core,10.955778555306264,32,-1,checked active primary model at feasibility tolerance 1.000001e-06; removed 13 inactive auxiliaries,0.01369472319413283,auto
0.060865436418368134,0.12325250874719547,0.186210194542445,0.186210194542445,2,0.0475511222018501,10514.9989495,3.4668644641036535,cie_core_n032_f008_m024_proc090.lp,0.06291013467304768,0.08392773068626543,598.875,scip_default,2027.0,D:\git\git\RDMCT-A3C\cie\data\core\spbs\cie_core_n032_f008_m024_proc090.lp,42118.085054122865,4,True,manufacturing_doe,D:\git\git\RDMCT-A3C\cie\results\doe\cie_doe_600s_mem2048_repro_v1\seeds3to4\solutions\cie_core__cie_core_n032_f008_m024_proc090__scip_default__solverseed_4__trainseed_-1__manufacturing_doe.sol,4,539.7491042000001,timelimit,cie_core,10.955778555306264,32,-1,checked active primary model at feasibility tolerance 1.000001e-06; removed 13 inactive auxiliaries,0.01369472319413283,auto
0.060865436418368134,0.12325250874719547,0.20161675813584443,0.20161675813584443,2,0.0475511222018501,10514.9989495,3.1792523642686805,cie_core_n032_f008_m024_proc100.lp,0.07779363592222677,0.06752259352662715,752.4375,scip_default,2645.0,D:\git\git\RDMCT-A3C\cie\data\core\spbs\cie_core_n032_f008_m024_proc100.lp,41350.354783618524,6,True,manufacturing_doe,D:\git\git\RDMCT-A3C\cie\results\doe\cie_doe_600s_mem2048_repro_v1\seeds3to4\solutions\cie_core__cie_core_n032_f008_m024_proc100__scip_default__solverseed_3__trainseed_-1__manufacturing_doe.sol,3,539.6967565000014,timelimit,cie_core,10.955778555306264,32,-1,checked active primary model at feasibility tolerance 1.000001e-06; removed 13 inactive auxiliaries,0.01369472319413283,auto
0.060865436418368134,0.12325250874719547,0.20161675813584443,0.20161675813584443,2,0.0475511222018501,10514.9989495,3.185907224721338,cie_core_n032_f008_m024_proc100.lp,0.09833572071342601,0.0469805087354279,752.4375,scip_default,2537.0,D:\git\git\RDMCT-A3C\cie\data\core\spbs\cie_core_n032_f008_m024_proc100.lp,41338.467587864834,6,True,manufacturing_doe,D:\git\git\RDMCT-A3C\cie\results\doe\cie_doe_600s_mem2048_repro_v1\seeds3to4\solutions\cie_core__cie_core_n032_f008_m024_proc100__scip_default__solverseed_4__trainseed_-1__manufacturing_doe.sol,4,539.7730754999975,timelimit,cie_core,10.955778555306264,32,-1,checked active primary model at feasibility tolerance 1.000001e-06; removed 13 inactive auxiliaries,0.01369472319413283,auto
0.060865436418368134,0.12325250874719547,0.21702332172924388,0.21702332172924388,2,0.0475511222018501,10514.9989495,2.81254494144311,cie_core_n032_f008_m024_proc110.lp,0.1273419052565546,0.1328578354319692,641.5625,scip_default,961.0,D:\git\git\RDMCT-A3C\cie\data\core\spbs\cie_core_n032_f008_m024_proc110.lp,40105.476499278106,8,True,manufacturing_doe,D:\git\git\RDMCT-A3C\cie\results\doe\cie_doe_600s_mem2048_repro_v1\seeds3to4\solutions\cie_core__cie_core_n032_f008_m024_proc110__scip_default__solverseed_3__trainseed_-1__manufacturing_doe.sol,3,539.740277500001,timelimit,cie_core,10.955778555306264,32,-1,checked active primary model at feasibility tolerance 1.000001e-06; removed 13 inactive auxiliaries,0.01369472319413283,auto
0.060865436418368134,0.12325250874719547,0.21702332172924388,0.21702332172924388,2,0.0475511222018501,10514.9989495,2.812544941443075,cie_core_n032_f008_m024_proc110.lp,0.1273419052565546,0.1328578354319692,641.5625,scip_default,961.0,D:\git\git\RDMCT-A3C\cie\data\core\spbs\cie_core_n032_f008_m024_proc110.lp,40133.179783075466,8,True,manufacturing_doe,D:\git\git\RDMCT-A3C\cie\results\doe\cie_doe_600s_mem2048_repro_v1\seeds3to4\solutions\cie_core__cie_core_n032_f008_m024_proc110__scip_default__solverseed_4__trainseed_-1__manufacturing_doe.sol,4,539.748873499997,timelimit,cie_core,10.955778555306264,32,-1,checked active primary model at feasibility tolerance 1.000001e-06; removed 13 inactive auxiliaries,0.01369472319413283,auto
0.060865436418368134,0.12325250874719547,0.17080363094904558,0.17080363094904558,2,0.0475511222018501,10514.9989495,3.5090046948970843,cie_core_n032_f016_m016_proc090.lp,0.07332383043525285,0.10936758106425523,594.3125,scip_default,1423.0,D:\git\git\RDMCT-A3C\cie\data\core\spbs\cie_core_n032_f016_m016_proc090.lp,42369.21954536637,6,True,manufacturing_doe,D:\git\git\RDMCT-A3C\cie\results\doe\cie_doe_600s_mem2048_repro_v1\seeds3to4\solutions\cie_core__cie_core_n032_f016_m016_proc090__scip_default__solverseed_3__trainseed_-1__manufacturing_doe.sol,3,539.7538344000022,timelimit,cie_core,10.955778555306264,32,-1,checked active primary model at feasibility tolerance 1.000001e-06; removed 13 inactive auxiliaries,0.015216359104592033,auto
0.060865436418368134,0.12325250874719547,0.17080363094904558,0.17080363094904558,2,0.0475511222018501,10514.9989495,3.5167521256443233,cie_core_n032_f016_m016_proc090.lp,0.07332383043525285,0.10936758106425523,594.3125,scip_default,1423.0,D:\git\git\RDMCT-A3C\cie\data\core\spbs\cie_core_n032_f016_m016_proc090.lp,42291.27673781555,6,True,manufacturing_doe,D:\git\git\RDMCT-A3C\cie\results\doe\cie_doe_600s_mem2048_repro_v1\seeds3to4\solutions\cie_core__cie_core_n032_f016_m016_proc090__scip_default__solverseed_4__trainseed_-1__manufacturing_doe.sol,4,537.8306426999952,timelimit,cie_core,10.955778555306264,32,-1,checked active primary model at feasibility tolerance 1.000001e-06; removed 13 inactive auxiliaries,0.015216359104592033,auto
0.060865436418368134,0.12325250874719547,0.1844983541431784,0.1844983541431784,2,0.0475511222018501,10514.9989495,3.260534419975689,cie_core_n032_f016_m016_proc100.lp,0.06657157108259014,0.06581075312736054,555.4375,scip_default,1071.0,D:\git\git\RDMCT-A3C\cie\data\core\spbs\cie_core_n032_f016_m016_proc100.lp,41587.25505924857,8,True,manufacturing_doe,D:\git\git\RDMCT-A3C\cie\results\doe\cie_doe_600s_mem2048_repro_v1\seeds3to4\solutions\cie_core__cie_core_n032_f016_m016_proc100__scip_default__solverseed_3__trainseed_-1__manufacturing_doe.sol,3,539.7626909000028,timelimit,cie_core,10.955778555306264,32,-1,checked active primary model at feasibility tolerance 1.000001e-06; removed 13 inactive auxiliaries,0.015216359104592033,auto
0.060865436418368134,0.12325250874719547,0.1844983541431784,0.1844983541431784,2,0.0475511222018501,10514.9989495,3.1267656783751905,cie_core_n032_f016_m016_proc100.lp,0.06657157108259014,0.06657157108259014,555.4375,scip_default,1071.0,D:\git\git\RDMCT-A3C\cie\data\core\spbs\cie_core_n032_f016_m016_proc100.lp,41195.41809437792,8,True,manufacturing_doe,D:\git\git\RDMCT-A3C\cie\results\doe\cie_doe_600s_mem2048_repro_v1\seeds3to4\solutions\cie_core__cie_core_n032_f016_m016_proc100__scip_default__solverseed_4__trainseed_-1__manufacturing_doe.sol,4,539.6726906000004,timelimit,cie_core,10.955778555306264,32,-1,checked active primary model at feasibility tolerance 1.000001e-06; removed 13 inactive auxiliaries,0.015216359104592033,auto
0.060865436418368134,0.12325250874719547,0.19819307733731123,0.19819307733731123,2,0.0475511222018501,10514.9989495,3.0133583772900767,cie_core_n032_f016_m016_proc110.lp,0.09980980550168336,0.06809320699304934,618.625,scip_default,1401.0,D:\git\git\RDMCT-A3C\cie\data\core\spbs\cie_core_n032_f016_m016_proc110.lp,40861.18746405503,8,True,manufacturing_doe,D:\git\git\RDMCT-A3C\cie\results\doe\cie_doe_600s_mem2048_repro_v1\seeds3to4\solutions\cie_core__cie_core_n032_f016_m016_proc110__scip_default__solverseed_3__trainseed_-1__manufacturing_doe.sol,3,539.7064208999982,timelimit,cie_core,10.955778555306264,32,-1,checked active primary model at feasibility tolerance 1.000001e-06; removed 13 inactive auxiliaries,0.015216359104592033,auto
0.060865436418368134,0.12325250874719547,0.19819307733731123,0.19819307733731123,2,0.0475511222018501,10514.9989495,3.00266423620099,cie_core_n032_f016_m016_proc110.lp,0.08801712719562454,0.07988588529910817,618.625,scip_default,1401.0,D:\git\git\RDMCT-A3C\cie\data\core\spbs\cie_core_n032_f016_m016_proc110.lp,40831.82618167484,8,True,manufacturing_doe,D:\git\git\RDMCT-A3C\cie\results\doe\cie_doe_600s_mem2048_repro_v1\seeds3to4\solutions\cie_core__cie_core_n032_f016_m016_proc110__scip_default__solverseed_4__trainseed_-1__manufacturing_doe.sol,4,539.6738027999963,timelimit,cie_core,10.955778555306264,32,-1,checked active primary model at feasibility tolerance 1.000001e-06; removed 13 inactive auxiliaries,0.015216359104592033,auto
0.060865436418368134,0.12325250874719547,0.15539706735564612,0.15539706735564612,2,0.0475511222018501,10514.9989495,3.5598434295316568,cie_core_n032_f024_m008_proc090.lp,0.06172135661800143,0.07313362594644546,452.625,scip_default,691.5,D:\git\git\RDMCT-A3C\cie\data\core\spbs\cie_core_n032_f024_m008_proc090.lp,42484.793949737694,4,True,manufacturing_doe,D:\git\git\RDMCT-A3C\cie\results\doe\cie_doe_600s_mem2048_repro_v1\seeds3to4\solutions\cie_core__cie_core_n032_f024_m008_proc090__scip_default__solverseed_3__trainseed_-1__manufacturing_doe.sol,3,539.7563126999994,timelimit,cie_core,10.955778555306264,32,-1,checked active primary model at feasibility tolerance 1.000001e-06; removed 13 inactive auxiliaries,0.016737995015051237,auto
0.060865436418368134,0.12325250874719547,0.15539706735564612,0.15539706735564612,2,0.0475511222018501,10514.9989495,3.67125675188805,cie_core_n032_f024_m008_proc090.lp,0.06172135661800143,0.07313362594644546,452.625,scip_default,691.5,D:\git\git\RDMCT-A3C\cie\data\core\spbs\cie_core_n032_f024_m008_proc090.lp,42877.38076177062,4,True,manufacturing_doe,D:\git\git\RDMCT-A3C\cie\results\doe\cie_doe_600s_mem2048_repro_v1\seeds3to4\solutions\cie_core__cie_core_n032_f024_m008_proc090__scip_default__solverseed_4__trainseed_-1__manufacturing_doe.sol,4,539.6489866000047,timelimit,cie_core,10.955778555306264,32,-1,checked active primary model at feasibility tolerance 1.000001e-06; removed 13 inactive auxiliaries,0.016737995015051237,auto
0.060865436418368134,0.12325250874719547,0.16737995015051235,0.16737995015051235,2,0.0475511222018501,10514.9989495,3.2848406473105136,cie_core_n032_f024_m008_proc100.lp,0.10123633916773887,0.117689027449579,587.25,scip_default,1204.0,D:\git\git\RDMCT-A3C\cie\data\core\spbs\cie_core_n032_f024_m008_proc100.lp,41834.3465005106,4,True,manufacturing_doe,D:\git\git\RDMCT-A3C\cie\results\doe\cie_doe_600s_mem2048_repro_v1\seeds3to4\solutions\cie_core__cie_core_n032_f024_m008_proc100__scip_default__solverseed_3__trainseed_-1__manufacturing_doe.sol,3,539.5962699999982,timelimit,cie_core,10.955778555306264,32,-1,checked active primary model at feasibility tolerance 1.000001e-06; removed 13 inactive auxiliaries,0.016737995015051237,auto
0.060865436418368134,0.12325250874719547,0.16737995015051235,0.16737995015051235,2,0.0475511222018501,10514.9989495,3.3236015413240003,cie_core_n032_f024_m008_proc100.lp,0.10123633916773887,0.117689027449579,587.25,scip_default,1204.0,D:\git\git\RDMCT-A3C\cie\data\core\spbs\cie_core_n032_f024_m008_proc100.lp,41852.817491776426,4,True,manufacturing_doe,D:\git\git\RDMCT-A3C\cie\results\doe\cie_doe_600s_mem2048_repro_v1\seeds3to4\solutions\cie_core__cie_core_n032_f024_m008_proc100__scip_default__solverseed_4__trainseed_-1__manufacturing_doe.sol,4,539.6046346999974,timelimit,cie_core,10.955778555306264,32,-1,checked active primary model at feasibility tolerance 1.000001e-06; removed 13 inactive auxiliaries,0.016737995015051237,auto
0.060865436418368134,0.12325250874719547,0.17936283294537858,0.17936283294537858,2,0.0475511222018501,10514.9989495,3.1106328962079752,cie_core_n032_f024_m008_proc110.lp,0.08388017956406359,0.137042334185732,827.8125,scip_default,2405.0,D:\git\git\RDMCT-A3C\cie\data\core\spbs\cie_core_n032_f024_m008_proc110.lp,41346.42399860762,4,True,manufacturing_doe,D:\git\git\RDMCT-A3C\cie\results\doe\cie_doe_600s_mem2048_repro_v1\seeds3to4\solutions\cie_core__cie_core_n032_f024_m008_proc110__scip_default__solverseed_3__trainseed_-1__manufacturing_doe.sol,3,539.6151280000013,timelimit,cie_core,10.955778555306264,32,-1,checked active primary model at feasibility tolerance 1.000001e-06; removed 13 inactive auxiliaries,0.016737995015051237,auto
0.060865436418368134,0.12325250874719547,0.17936283294537858,0.17936283294537858,2,0.0475511222018501,10514.9989495,3.1170708490602976,cie_core_n032_f024_m008_proc110.lp,0.11260105737398104,0.0925344838048003,827.8125,scip_default,2405.0,D:\git\git\RDMCT-A3C\cie\data\core\spbs\cie_core_n032_f024_m008_proc110.lp,41259.626174013385,4,True,manufacturing_doe,D:\git\git\RDMCT-A3C\cie\results\doe\cie_doe_600s_mem2048_repro_v1\seeds3to4\solutions\cie_core__cie_core_n032_f024_m008_proc110__scip_default__solverseed_4__trainseed_-1__manufacturing_doe.sol,4,539.701672500003,timelimit,cie_core,10.955778555306264,32,-1,checked active primary model at feasibility tolerance 1.000001e-06; removed 13 inactive auxiliaries,0.016737995015051237,auto
