train 1th process seed,train 2th process seed,evaluate 1th process seed,evaluate 2th process seed,training_highlevel_policy/Neg Reward Mean,training_highlevel_policy/Neg Reward Std,training_highlevel_policy/Neg Reward Max,training_highlevel_policy/Neg Reward Min,training_highlevel_policy/Neg Advantage,training_highlevel_policy/logprobs Mean,training_highlevel_policy/logprobs Std,training_highlevel_policy/logprobs Max,training_highlevel_policy/logprobs Min,training_highlevel_policy/cut_percent_actions Mean,training_highlevel_policy/cut_percent_actions Std,training_highlevel_policy/cut_percent_actions Max,training_highlevel_policy/cut_percent_actions Min,training_highlevel_policy/reinforce loss,training_highlevel_policy/Critic Value,training_highlevel_policypre_log_prob Mean,training_highlevel_policypre_log_prob Std,training_highlevel_policypre_log_prob Max,training_highlevel_policypre_log_prob Min,training_highlevel_policymean Mean,training_highlevel_policymean Std,training_highlevel_policymean Max,training_highlevel_policymean Min,training_highlevel_policystd Mean,training_highlevel_policystd Std,training_highlevel_policystd Max,training_highlevel_policystd Min,training_highlevel_policyentropy Mean,training_highlevel_policyentropy Std,training_highlevel_policyentropy Max,training_highlevel_policyentropy Min,pos_1_entropy,Epoch,training/Neg Reward Mean,training/Neg Reward Std,training/Neg Reward Max,training/Neg Reward Min,training/Neg Advantage,training/logprobs Mean,training/logprobs Std,training/logprobs Max,training/logprobs Min,training/raw_logprobs Mean,training/raw_logprobs Std,training/raw_logprobs Max,training/raw_logprobs Min,training/reinforce loss,training/Critic Value,training/len cuts Mean,training/len cuts Std,training/len cuts Max,training/len cuts Min,training/cut 1 th feature Mean,training/cut 1 th feature Std,training/cut 1 th feature Max,training/cut 1 th feature Min,training/cut 2 th feature Mean,training/cut 2 th feature Std,training/cut 2 th feature Max,training/cut 2 th feature Min,training/cut 3 th feature Mean,training/cut 3 th feature Std,training/cut 3 th feature Max,training/cut 3 th feature Min,training/cut 4 th feature Mean,training/cut 4 th feature Std,training/cut 4 th feature Max,training/cut 4 th feature Min,training/cut 5 th feature Mean,training/cut 5 th feature Std,training/cut 5 th feature Max,training/cut 5 th feature Min,training/cut 6 th feature Mean,training/cut 6 th feature Std,training/cut 6 th feature Max,training/cut 6 th feature Min,training/cut 7 th feature Mean,training/cut 7 th feature Std,training/cut 7 th feature Max,training/cut 7 th feature Min,training/cut 8 th feature Mean,training/cut 8 th feature Std,training/cut 8 th feature Max,training/cut 8 th feature Min,training/cut 9 th feature Mean,training/cut 9 th feature Std,training/cut 9 th feature Max,training/cut 9 th feature Min,training/cut 10 th feature Mean,training/cut 10 th feature Std,training/cut 10 th feature Max,training/cut 10 th feature Min,training/cut 11 th feature Mean,training/cut 11 th feature Std,training/cut 11 th feature Max,training/cut 11 th feature Min,training/cut 12 th feature Mean,training/cut 12 th feature Std,training/cut 12 th feature Max,training/cut 12 th feature Min,training/cut 13 th feature Mean,training/cut 13 th feature Std,training/cut 13 th feature Max,training/cut 13 th feature Min,training/cut 14 th feature Mean,training/cut 14 th feature Std,training/cut 14 th feature Max,training/cut 14 th feature Min,training/cut 15 th feature Mean,training/cut 15 th feature Std,training/cut 15 th feature Max,training/cut 15 th feature Min,training/cut 16 th feature Mean,training/cut 16 th feature Std,training/cut 16 th feature Max,training/cut 16 th feature Min,training/cut 17 th feature Mean,training/cut 17 th feature Std,training/cut 17 th feature Max,training/cut 17 th feature Min,training/cut 18 th feature Mean,training/cut 18 th feature Std,training/cut 18 th feature Max,training/cut 18 th feature Min,training/cut 19 th feature Mean,training/cut 19 th feature Std,training/cut 19 th feature Max,training/cut 19 th feature Min,training/cut 20 th feature Mean,training/cut 20 th feature Std,training/cut 20 th feature Max,training/cut 20 th feature Min,training/cut 21 th feature Mean,training/cut 21 th feature Std,training/cut 21 th feature Max,training/cut 21 th feature Min,training/cut 22 th feature Mean,training/cut 22 th feature Std,training/cut 22 th feature Max,training/cut 22 th feature Min,training/cut 23 th feature Mean,training/cut 23 th feature Std,training/cut 23 th feature Max,training/cut 23 th feature Min,training/sel cuts num Mean,training/sel cuts num Std,training/sel cuts num Max,training/sel cuts num Min,training/solving_time Mean,training/solving_time Std,training/solving_time Max,training/solving_time Min,training/ntotal_nodes Mean,training/ntotal_nodes Std,training/ntotal_nodes Max,training/ntotal_nodes Min,training/primal_dual_gap Mean,training/primal_dual_gap Std,training/primal_dual_gap Max,training/primal_dual_gap Min,training/primaldualintegral Mean,training/primaldualintegral Std,training/primaldualintegral Max,training/primaldualintegral Min,training/schedule_wait_penalty Mean,training/schedule_wait_penalty Std,training/schedule_wait_penalty Max,training/schedule_wait_penalty Min,time/evaluating (s),time/online_testing (s),time/sampling data (s),time/training (s),time/epoch (s),time/total (s)
717354021,1061650667,946286476,784077896,544.1484093957017,444.7012482953708,1106.1043285238625,0.0,-2.615792618598789e-05,-0.6145111,0.29963616,-0.26344252,-0.9548073,-0.5186550598591566,0.43569694753508403,0.08444539457559586,-0.9402775764465332,-86.80265045166016,544.1484093957017,-1.5738602791513716,0.5857239776436644,-0.9552088379859924,-2.4186503887176514,0.032871870057923455,0.0011168413940093125,0.03452223539352417,0.03133672475814819,1.0373188938413347,0.000838643733897883,1.0385680198669434,1.0362509489059448,1.4555775948933192,0.000808281105758203,1.4567813873291016,1.4545478820800781,4.856812477111816,1,544.1484093957017,444.7012482953708,1106.1043285238625,0.0,-2.615792618598789e-05,-4.7988076,0.012300534,-4.775913,-4.8160915,-69.21745,13.458192,-38.528732,-76.91879,-1.6570510864257812,544.1484093957017,128.0,0.0,128,128,0.00012717953123197299,0.0014788890838870305,0.02701716134791496,0.0,2.8746612974677928,5.102343505253156,22.498611289689446,0.7019444619732739,0.010782689223446539,0.008664498171055659,0.04320960981722335,0.0028409050555325915,0.6108018531146733,0.30503118125519646,0.9374414099118804,0.0,0.8557242567402962,0.24841483172661236,1.2423403198640133,0.04944824067983187,-112.69634968964313,204.65851499677794,88.5,-1349.5,12.531814430902232,37.97103567901509,213.0,-1.0,-296.91294642857144,517.7874926173492,-1.0,-2698.0,117.49065639755686,197.95280657914626,1348.5,0.33449400781347277,0.0006531604993620287,0.00021714613394526502,0.0010976948408342481,0.0004086636697997548,1.0,0.0,1.0,1.0,0.0,0.0,0.0,0.0,0.02522532972277446,0.004045920001424379,0.0331132889769448,0.020211300398656703,0.8297312928650583,0.3736023702967419,0.999861668280202,0.0,0.0,0.0,0.0,0.0,0.00012075947858642258,0.0014443948074227635,0.026315789473683515,0.0,0.17014794765600452,0.373654571258447,0.9999999999999944,0.0,0.0,0.0,0.0,0.0,0.9950810177960131,0.021545261252504312,0.9999999999999998,0.8888888866665695,0.16595932368935226,0.35156356483771534,0.9944134078212236,0.0,0.006794173655408868,0.024389450939246833,0.20987654320985324,0.0,0.9982580785793344,0.0063516703493592015,0.9999999999999944,0.944444444444392,0.00581767275275216,0.016935399903233096,0.13331309864072433,0.0,14.428571428571429,2.821202522590214,16,8,5.714285714285714,4.651091598885631,12.0,0.0,3780.4285714285716,3636.514809427245,9315,39,0.0,0.0,0.0,0.0,544.1484093957017,444.7012482953708,1106.1043285238625,0.0,18.752332674985897,9.977996143520896,37.2662825,0.037520000000000005,1.7999991541728377e-06,0.0007943999953567982,37.636962200005655,1.1534392000030493,38.791197600003215,38.791330900014145
491263,550290313,224766667,1069620869,544.1484093957017,444.7012482953708,1106.1043285238625,0.0,-2.615792618598789e-05,-0.6145111,0.29963616,-0.26344252,-0.9548073,-0.5186550598591566,0.43569694753508403,0.08444539457559586,-0.9402775764465332,-86.80265045166016,544.1484093957017,-1.5738602791513716,0.5857239776436644,-0.9552088379859924,-2.4186503887176514,0.032871870057923455,0.0011168413940093125,0.03452223539352417,0.03133672475814819,1.0373188938413347,0.000838643733897883,1.0385680198669434,1.0362509489059448,1.4555775948933192,0.000808281105758203,1.4567813873291016,1.4545478820800781,4.856451034545898,2,387.8668171557562,252.34346780494525,800.0,100.0,-140.6534423828125,-4.7967663,0.014353756,-4.775936,-4.8255525,-71.97232,12.7633505,-38.20749,-77.20884,674.738525390625,528.5202501717072,128.0,0.0,128,128,0.00013669985870098803,0.0016977886069156538,0.02701716134791496,0.0,3.0914221873286714,5.335573220383093,22.498611289689446,0.9934741878748047,0.009211321095989121,0.007148746300316662,0.03896093776379802,0.0028409050555325915,0.5962801826099053,0.31016854201808314,0.9374414099118804,0.0,0.8315108088672336,0.2694965660708527,1.1086976328971505,0.04944824067983187,-112.68301052646822,169.82964885171015,88.5,-608.25,16.052922977929313,43.613548572778676,213.0,-1.0,-297.8076171875,447.8787951413763,-1.0,-2432.0,117.41314405192155,154.35973296410774,711.5991380920393,0.33449400781347277,0.0006224149437637543,0.00013444748607079906,0.0007524454477050414,0.0004086636697997548,1.0,0.0,1.0,1.0,0.0,0.0,0.0,0.0,0.024788106658555825,0.002749406401222546,0.0274204170929851,0.020211300398656703,0.8201223568317285,0.3813575177733431,0.999861668280202,0.0,0.0,0.0,0.0,0.0,0.000128632027373027,0.0016532776268479638,0.026315789473683515,0.0,0.17974901114059474,0.38141455923295203,0.9999999999999944,0.0,0.0,0.0,0.0,0.0,0.9952117158597154,0.02104845969009735,0.9999999999999998,0.8888888866668229,0.17029171826166598,0.3618928713321958,0.9944134078212236,0.0,0.008352481175838436,0.027337456711255707,0.20987654320985324,0.0,0.9978567318317191,0.007110152992482599,0.9999999999999944,0.944444444444392,0.00694688461866983,0.01906762945684098,0.13331309864072433,0.0,15.0,2.6457513110645907,16,8,4.0,2.598076211353316,8.0,1.0,2052.875,1926.5379854482496,6072,364,0.0,0.0,0.0,0.0,387.8668171557562,252.34346780494525,800.0,100.0,21.425411974546464,6.1321697468376835,37.53707898496046,18.582000342520793,1.600012183189392e-06,0.007013300011749379,26.281676600003266,0.8349541000061436,27.123645600033342,65.91835060001176
630311759,1013994432,396591248,629559425,417.718715393134,366.43126022948337,900.0,0.0,-113.78672790527344,-0.61058915,0.26801446,-0.17206717,-0.9179039,0.2912617375453313,0.6144084861103098,0.9323372840881348,-0.6997537016868591,102.09075164794922,531.5054399954449,-1.4215550621350606,0.4097980487956711,-1.0130505561828613,-2.2065491676330566,0.016929511601726215,0.00029316061552287534,0.017177585512399673,0.016517795622348785,1.0570085446039836,0.00014513570941083353,1.057162880897522,1.056814193725586,1.4743812878926594,0.00013734032296617326,1.474527359008789,1.4741973876953125,4.854711055755615,3,417.718715393134,366.43126022948337,900.0,0.0,-99.72142028808594,-4.7899356,0.021315103,-4.767246,-4.8300204,-76.63897,0.34104165,-76.27593,-77.28033,476.931640625,517.4400966938498,128.0,0.0,128,128,0.00011553908622099134,0.0011226106950569755,0.016126934718260072,0.0,2.844104457607846,5.08201071688625,22.498611289689446,0.7019444619732739,0.013202968113635338,0.009933392715684157,0.04320960981722335,0.0028409050555325915,0.6336167626988402,0.30447683327870706,0.9374414099118804,0.0,0.8947888285724211,0.20137259659136705,1.2423403198640133,0.051105174559028015,-120.82046153030619,248.72745929190967,88.5,-1349.5,9.094320398495684,30.326204673825483,178.0,-1.0,-326.4375,625.448044613153,-1.0,-2698.0,126.21754569485472,248.41867952024526,1348.5,0.33449400781347277,0.0006755499579324582,0.00030196016525533615,0.0010976948408342481,0.0004086636697997548,1.0,0.0,1.0,1.0,0.0,0.0,0.0,0.0,0.025376183624961562,0.0055724065606905845,0.0331132889769448,0.020211300398656703,0.8349789119965355,0.36993189644166946,0.999861668280202,0.0,0.0,0.0,0.0,0.0,0.000110575420744779,0.0011060540136901172,0.01587301587301562,0.0,0.16491051258232284,0.3699795324118768,0.9999999999999944,0.0,0.0,0.0,0.0,0.0,0.9951246399820644,0.02152261055985286,0.9999999999999998,0.8888888866665695,0.16838660349114196,0.34588543204041267,0.9944134078212236,0.0,0.0037580820491995327,0.01631737981486007,0.20987654320985324,0.0,0.9990414119965262,0.004260117347777635,0.9999999999999944,0.944444444444392,0.0035944148718894827,0.011314413124690968,0.13331309864072433,0.0,16.0,0.0,16,16,4.333333333333333,3.5901098714230026,9.0,0.0,2212.3333333333335,2166.6254611466397,5474,24,0.0,0.0,0.0,0.0,417.718715393134,366.43126022948337,900.0,0.0,19.088519029777192,15.111504414583262,38.84301155666859,0.041800000000000004,1.5999976312741637e-06,0.009447699994780123,21.277395800003433,0.7180971999914618,22.004942299987306,87.92644810004276
799981516,592322119,410430189,729053692,417.718715393134,366.43126022948337,900.0,0.0,-113.78672790527344,-0.61058915,0.26801446,-0.17206717,-0.9179039,0.2912617375453313,0.6144084861103098,0.9323372840881348,-0.6997537016868591,102.09075164794922,531.5054399954449,-1.4215550621350606,0.4097980487956711,-1.0130505561828613,-2.2065491676330566,0.016929511601726215,0.00029316061552287534,0.017177585512399673,0.016517795622348785,1.0570085446039836,0.00014513570941083353,1.057162880897522,1.056814193725586,1.4743812878926594,0.00013734032296617326,1.474527359008789,1.4741973876953125,4.853166103363037,4,333.3333333333333,249.44382578492943,700.0,100.0,-165.6960906982422,-4.8174024,0.028315665,-4.7556353,-4.838315,-67.40182,21.49222,-19.35326,-77.35429,802.6063232421875,499.02942035779813,128.0,0.0,128,128,0.00013590986499020924,0.0016976686046106246,0.02701716134791496,0.0,2.8975789273627526,5.117420343960584,22.498611289689443,0.9934741878748047,0.008967480055804939,0.0070488410457593305,0.03896093776379802,0.002915447645120051,0.5936906709265481,0.3043258920276884,0.9332711152589828,0.0,0.8264258278662027,0.2749113576788146,1.1086976328971505,0.04944824067983187,-106.60326580914584,163.74767253542944,88.5,-585.5,15.109934955207143,42.63661825996269,213.0,-1.0,-274.76953125,417.90998489854877,-1.0,-1566.0,110.94548942458346,148.96462817640722,584.5,0.33449400781347277,0.0006363684054342065,0.0001160770422708349,0.0007524454477050414,0.0005202913631633715,1.0,0.0,1.0,1.0,0.0,0.0,0.0,0.0,0.025112189296134135,0.002308227796850965,0.0274204170929851,0.02280396149928317,0.8257955785164505,0.37628371002318006,0.9998607048332052,0.0,0.0,0.0,0.0,0.0,0.00012839752196765525,0.0016532788308721315,0.026315789473683515,0.0,0.17407602396126576,0.3763394730269835,0.9999999999999944,0.0,0.0,0.0,0.0,0.0,0.9950483011564746,0.021562175742130117,0.9999999999999998,0.8888888866668229,0.16413886383801,0.3557518282449433,0.9944134078212236,0.0,0.009071242360065871,0.028795628329190404,0.20987654320985324,0.0,0.9976705785164407,0.007495644653979504,0.9999999999999944,0.944444444444392,0.007485116163399169,0.01998534750250268,0.13331309864072433,0.0,14.0,4.47213595499958,16,4,3.3333333333333335,2.494438257849294,7.0,1.0,1106.3333333333333,906.5448447570344,2443,269,0.0,0.0,0.0,0.0,333.3333333333333,249.44382578492943,700.0,100.0,19.242167128072555,0.7881746436727121,20.33373622490128,18.582300000000004,2.1000014385208488e-06,0.00948439999774564,14.127344599997741,0.6936681999941356,14.830499299991061,102.76067470002454
630361478,796884249,166716594,413652244,203.00949785667834,158.235361892831,400.0,0.0,-295.6463623046875,-0.7214893,0.33832762,-0.14153361,-0.9665795,-0.09316330403089523,0.5519279254265156,0.4741884768009186,-0.9834933280944824,230.153564453125,498.6558457815683,-1.6555818766355515,1.1007679860736206,-0.9751816391944885,-3.560633659362793,0.002427017316222191,0.001326718592442683,0.0033298470079898834,0.0001337677240371704,1.053820013999939,0.0006827803715832037,1.0549979209899902,1.053328037261963,1.4713599681854248,0.0006476785514935609,1.4724773168563843,1.4708932638168335,4.852575778961182,5,203.00949785667834,158.235361892831,400.0,0.0,-266.4179382324219,-4.7939835,0.039184157,-4.735299,-4.8447704,-68.36223,10.080028,-52.08829,-76.87259,1279.252685546875,469.4274281076862,128.0,0.0,128,128,0.00015180576544067986,0.0015428613232946456,0.02701716134791496,0.0,2.444824822326015,4.552345400841864,22.498611289689443,0.7019444619732739,0.0121387658250612,0.00965501813699896,0.04320960981722335,0.002915447645120051,0.6133642938220278,0.2900301663557501,0.9332711152589828,0.0,0.8521176811648585,0.25093069581091065,1.2423403198640133,0.04944824067983187,-109.97265529376978,222.15270907329105,88.5,-1349.5,10.062960888344529,34.41919842265571,213.0,-1.0,-279.63671875,536.5244388613471,-1.0,-2698.0,116.14506395537798,223.01453619525424,1348.5,0.33449400781347277,0.0007226807537165081,0.00023634954694367566,0.0010976948408342481,0.0005202913631633715,1.0,0.0,1.0,1.0,0.0,0.0,0.0,0.0,0.02653540726712406,0.004239668183270365,0.0331132889769448,0.02280396149928317,0.8477654720176159,0.3567357156229292,0.9998607048332052,0.0,0.0,0.0,0.0,0.0,0.00014618013194255783,0.0015099653791215044,0.026315789473683515,0.0,0.1520883478500539,0.3567948361969502,0.9999999999999944,0.0,0.0,0.0,0.0,0.0,0.994992578377296,0.022033047761955034,0.9999999999999998,0.8888888866665695,0.15197333272735672,0.3320705992809244,0.9944134078212236,0.0,0.007195222683934469,0.024781276219326763,0.20987654320985324,0.0,0.9981560970176062,0.006457347196350045,0.9999999999999944,0.944444444444392,0.006204929131693709,0.01716459116131294,0.13331309864072433,0.0,14.25,2.0463381929681126,16,11,2.5,1.6583123951777,4.0,0.0,640.5,374.138009296035,1013,48,0.0,0.0,0.0,0.0,203.00949785667834,158.235361892831,400.0,0.0,14.829830030498647,8.569015793047635,20.332530121994584,0.037520000000000005,1.300009898841381e-06,0.00923260000126902,10.268123499990907,0.3757962999952724,10.653153699997347,113.41706390002219
726684926,271757669,795511698,105433556,203.00949785667834,158.235361892831,400.0,0.0,-295.6463623046875,-0.7214893,0.33832762,-0.14153361,-0.9665795,-0.09316330403089523,0.5519279254265156,0.4741884768009186,-0.9834933280944824,230.153564453125,498.6558457815683,-1.6555818766355515,1.1007679860736206,-0.9751816391944885,-3.560633659362793,0.002427017316222191,0.001326718592442683,0.0033298470079898834,0.0001337677240371704,1.053820013999939,0.0006827803715832037,1.0549979209899902,1.053328037261963,1.4713599681854248,0.0006476785514935609,1.4724773168563843,1.4708932638168335,4.8522047996521,6,342.85714285714283,244.114392723358,600.0,0.0,-113.91324615478516,-4.802048,0.02324256,-4.769407,-4.8427987,-76.83277,0.37188095,-76.31051,-77.48478,549.9373779296875,456.77039958263185,128.0,0.0,128,128,0.00012717953123197299,0.0014788890838870305,0.02701716134791496,0.0,2.8746612974677928,5.102343505253156,22.498611289689446,0.7019444619732739,0.010782689223446539,0.008664498171055659,0.04320960981722335,0.0028409050555325915,0.6108018531146733,0.30503118125519646,0.9374414099118804,0.0,0.8557242567402963,0.24841483172661236,1.2423403198640133,0.04944824067983187,-112.69634968964313,204.65851499677794,88.5,-1349.5,12.53181443090223,37.971035679015095,213.0,-1.0,-296.91294642857144,517.7874926173492,-1.0,-2698.0,117.49065639755688,197.95280657914628,1348.5,0.33449400781347277,0.0006531604993620285,0.00021714613394526497,0.0010976948408342481,0.0004086636697997548,1.0,0.0,1.0,1.0,0.0,0.0,0.0,0.0,0.02522532972277446,0.004045920001424379,0.0331132889769448,0.020211300398656703,0.8297312928650583,0.3736023702967419,0.999861668280202,0.0,0.0,0.0,0.0,0.0,0.00012075947858642258,0.0014443948074227633,0.026315789473683515,0.0,0.17014794765600452,0.373654571258447,0.9999999999999944,0.0,0.0,0.0,0.0,0.0,0.9950810177960131,0.021545261252504312,0.9999999999999998,0.8888888866665695,0.16595932368935226,0.35156356483771534,0.9944134078212236,0.0,0.006794173655408868,0.024389450939246833,0.20987654320985324,0.0,0.9982580785793344,0.0063516703493592015,0.9999999999999944,0.944444444444392,0.00581767275275216,0.016935399903233096,0.13331309864072433,0.0,16.0,0.0,16,16,3.4285714285714284,2.4411439272335804,6.0,0.0,1487.2857142857142,1224.6298232860543,3476,39,0.0,0.0,0.0,0.0,342.85714285714283,244.114392723358,600.0,0.0,19.127120771377008,9.943366051150994,37.13036,0.037520000000000005,1.5999976312741637e-06,0.007385700009763241,23.107921000002534,0.8640671000030125,23.97937540001294,137.39998780003225
878115723,830873852,550260202,986026652,597.2264913463715,637.9512000270039,1861.2176074655506,0.0,88.71358489990234,-0.64475924,0.27885908,-0.109645605,-0.9135575,-0.17025444904963175,0.6290781996552622,0.6671041250228882,-0.9743181467056274,93.85984802246094,508.51291033804864,-1.5060312350591023,0.7273395586002196,-1.0165443420410156,-3.091373920440674,-0.009734932954112688,0.0005814852674565379,-0.009233731776475906,-0.010555028915405273,1.0481828649838765,0.0002927743376871706,1.0486576557159424,1.0478174686431885,1.4659965833028157,0.0002793295109990627,1.466449499130249,1.4656479358673096,4.852296829223633,7,597.2264913463715,637.9512000270039,1861.2176074655506,0.0,126.41048431396484,-4.7655916,0.040853605,-4.714367,-4.823826,-68.209755,17.567867,-28.942955,-76.94779,-584.7298583984375,470.81600875900585,128.0,0.0,128,128,0.00011448576127328631,0.0011223487129027516,0.016126934718260072,0.0,2.5856467776532885,4.758342465166929,22.498611289689446,0.7019444619732739,0.012877846726723092,0.009967456365088993,0.04320960981722335,0.0028409050555325915,0.6301640804543639,0.296940987254725,0.9374414099118804,0.0,0.8880088539043799,0.21290361980847458,1.2423403198640133,0.051105174559028015,-112.71413524054299,243.46616065188834,88.5,-1349.5,7.837003034866119,28.096938110678675,178.0,-1.0,-295.7200520833333,598.4251780837606,-1.0,-2698.0,117.59400619173725,244.26040114921682,1348.5,0.33449400781347277,0.000694154573493061,0.00028806243494008135,0.0010976948408342481,0.0004086636697997548,1.0,0.0,1.0,1.0,0.0,0.0,0.0,0.0,0.025808293808399305,0.005246114148021775,0.0331132889769448,0.020211300398656703,0.8425432075761647,0.36260866422262994,0.999861668280202,0.0,0.0,0.0,0.0,0.0,0.00011026274687095005,0.001106051297785209,0.01587301587301562,0.0,0.15734652967655086,0.3626548201756383,0.9999999999999944,0.0,0.0,0.0,0.0,0.0,0.9949067537110765,0.022189170961820655,0.9999999999999998,0.8888888866665695,0.16018279759293402,0.3372128883625417,0.9944134078212236,0.0,0.004716430294836111,0.019595124566553598,0.20987654320985324,0.0,0.998793207576155,0.005121376940676045,0.9999999999999944,0.944444444444392,0.0043120569315286015,0.013434474335424766,0.13331309864072433,0.0,14.333333333333334,3.726779962499649,16,6,7.0,7.831560082980487,23.0,0.0,4729.833333333333,6583.99183415519,18936,27,0.0,0.0,0.0,0.0,597.2264913463715,637.9512000270039,1861.2176074655506,0.0,16.042029313706347,12.786344584249015,36.623217718869036,0.03424000000000001,1.7999991541728377e-06,0.00947269999596756,31.247208399989177,0.699712500005262,31.95639539998956,169.36059990001377
117628829,147806606,732152370,704211524,597.2264913463715,637.9512000270039,1861.2176074655506,0.0,88.71358489990234,-0.64475924,0.27885908,-0.109645605,-0.9135575,-0.17025444904963175,0.6290781996552622,0.6671041250228882,-0.9743181467056274,93.85984802246094,508.51291033804864,-1.5060312350591023,0.7273395586002196,-1.0165443420410156,-3.091373920440674,-0.009734932954112688,0.0005814852674565379,-0.009233731776475906,-0.010555028915405273,1.0481828649838765,0.0002927743376871706,1.0486576557159424,1.0478174686431885,1.4659965833028157,0.0002793295109990627,1.466449499130249,1.4656479358673096,4.852799415588379,8,560.0,417.612260356422,1200.0,100.0,80.2656021118164,-4.7799063,0.08620263,-4.608766,-4.842001,-62.652203,29.022198,-4.608766,-77.472015,-381.71136474609375,479.7344078831053,128.0,0.0,128,128,0.0001236873977286785,0.001381696034769101,0.02701716134791496,0.0,2.865494245509809,5.096271424402395,22.498611289689446,0.7019444619732739,0.011508772890503177,0.00913144483216553,0.04320960981722335,0.0028409050555325915,0.6176463259899234,0.30504420482685346,0.9374414099118804,0.0,0.8674436282899338,0.23597181059361172,1.2423403198640133,0.04944824067983187,-115.13358324184205,218.84478605805293,88.5,-1349.5,11.500566221180268,35.88376692946752,213.0,-1.0,-305.7703125,552.4593695975772,-1.0,-2698.0,120.10872318674622,214.38112078375013,1348.5,0.33449400781347277,0.0006598773369331575,0.0002458982783816056,0.0010976948408342481,0.0004086636697997548,1.0,0.0,1.0,1.0,0.0,0.0,0.0,0.0,0.025270585893430585,0.004558390228227,0.0331132889769448,0.020211300398656703,0.8313055786045014,0.37251278775606494,0.999861668280202,0.0,0.0,0.0,0.0,0.0,0.0001177042612339295,0.0013518216880617278,0.026315789473683515,0.0,0.1685767171339,0.37256359699954406,0.9999999999999944,0.0,0.0,0.0,0.0,0.0,0.9950941044518284,0.021538477822454535,0.9999999999999998,0.8888888866665695,0.16668750762988918,0.34987156924882623,0.9944134078212236,0.0,0.005883346173546068,0.022320495876210784,0.20987654320985324,0.0,0.998493078604492,0.005814984064021473,0.9999999999999944,0.944444444444392,0.0051506953884933575,0.015498652396307391,0.13331309864072433,0.0,13.0,6.0,16,1,5.6,4.17612260356422,12.0,1.0,3813.2,3626.8585525217272,10038,39,0.0,0.0,0.0,0.0,560.0,417.612260356422,1200.0,100.0,18.847634370243505,11.114822026024306,34.953411729222935,0.037520000000000005,1.500011421740055e-06,0.00982829999702517,18.61495129999821,0.515553599994746,19.140334700001404,188.5041320000164
718568663,889937879,252070889,776094449,501.6788047998099,198.6594183706725,900.0,200.0,-6.15069580078125,-0.55972445,0.28144088,-0.17791414,-0.94763595,-0.02030404470860958,0.7178621621942863,0.9444712400436401,-0.9427101612091064,27.966838836669922,507.82949978422477,-1.5717746019363403,0.5471439794722452,-0.9613075256347656,-2.4451093673706055,-0.014424591790884733,0.0009021893516498798,-0.014049183577299118,-0.016810409724712372,1.0384040474891663,0.0002461164560192674,1.038682460784912,1.0381619930267334,1.4566234648227692,0.00023699022446277903,1.4568915367126465,1.456390380859375,4.851481914520264,9,501.6788047998099,198.6594183706725,900.0,200.0,19.749969482421875,-4.8163347,0.030337282,-4.7675414,-4.855816,-77.061356,0.4853965,-76.28066,-77.693054,-93.12171173095703,481.9288475747757,128.0,0.0,128,128,4.001793027572081e-05,0.0008530556113651305,0.02701716134791496,0.0,3.5539939056266707,5.811594388394844,22.498611289689446,0.9934741878748047,0.008251947757602001,0.005878103773446324,0.03896093776379802,0.0028409050555325915,0.6167349736776944,0.33077912946988186,0.9374414099118804,0.0,0.8879120765561339,0.21936265956923212,1.1086976328971505,0.04944824067983187,-110.24455357591762,179.6524044368607,88.5,-608.25,13.886760335027677,38.00771998442203,213.0,-1.0,-307.306640625,497.66586206851895,-1.0,-2432.0,110.30592855829597,154.5537745644919,711.5991380920393,0.33449400781347277,0.000507450238719724,0.00010604161266373673,0.0007524454477050414,0.0004086636697997548,1.0,0.0,1.0,1.0,0.0,0.0,0.0,0.0,0.022408770535760986,0.0022424297596449383,0.0274204170929851,0.020211300398656703,0.7975680633973112,0.40028490364394204,0.999861668280202,0.0,0.0,0.0,0.0,0.0,3.4246448075360815e-05,0.0008287375386172837,0.026315789473683515,0.0,0.20239769015429276,0.4003013615807652,0.9999999999999944,0.0,0.0,0.0,0.0,0.0,0.9948969877418644,0.021565683878033332,0.9999999999999998,0.8888888866668229,0.19173430811854894,0.3812468213345221,0.9944134078212236,0.0,0.004900974241693113,0.02207702071673183,0.20987654320985324,0.0,0.9987399383973012,0.005764571685077038,0.9999999999999944,0.944444444444392,0.004186293986806771,0.015101371789747294,0.13331309864072433,0.0,16.0,0.0,16,16,5.25,1.920286436967152,9.0,2.0,2456.25,1177.459102262155,3953,453,0.0,0.0,0.0,0.0,501.6788047998099,198.6594183706725,900.0,200.0,26.312420172947547,8.56779339360587,37.71584,18.582300000000004,1.6999983927235007e-06,0.009443299990380183,30.122654999999213,1.1472674999968149,31.2793674999848,219.78659290001087
602957303,812297694,850839392,121930838,501.6788047998099,198.6594183706725,900.0,200.0,-6.15069580078125,-0.55972445,0.28144088,-0.17791414,-0.94763595,-0.02030404470860958,0.7178621621942863,0.9444712400436401,-0.9427101612091064,27.966838836669922,507.82949978422477,-1.5717746019363403,0.5471439794722452,-0.9613075256347656,-2.4451093673706055,-0.014424591790884733,0.0009021893516498798,-0.014049183577299118,-0.016810409724712372,1.0384040474891663,0.0002461164560192674,1.038682460784912,1.0381619930267334,1.4566234648227692,0.00023699022446277903,1.4568915367126465,1.456390380859375,4.852106094360352,10,694.1083966434836,280.03812999669555,1188.1414235033806,300.0,190.96163940429688,-4.779349,0.029546348,-4.7495475,-4.8389306,-68.553665,17.918728,-28.497284,-77.42289,-917.0872802734375,503.14680248164655,128.0,0.0,128,128,8.053952037558005e-06,7.410906914326802e-05,0.000721018013948382,0.0,3.7727988983813106,6.0093266085825805,22.498611289689446,0.995254288531368,0.008013436991534357,0.005411087603888646,0.02272724044426073,0.0028409050555325915,0.6244164079280766,0.33879050962074275,0.9374414099118804,0.0,0.908407492786111,0.19310006562665732,1.0513257006823604,0.051105174559028015,-111.45831616484155,184.63384195351256,88.5,-608.25,13.479035461634522,36.32478961692942,178.0,-1.0,-318.15234375,521.0965791099878,-1.0,-2432.0,110.0927416028668,156.3718549874586,711.5991380920393,0.33449400781347277,0.0004644775164815633,5.5813846681808366e-05,0.0005202913631633715,0.0004086636697997548,1.0,0.0,1.0,1.0,0.0,0.0,0.0,0.0,0.02150763094896994,0.0012963305503132345,0.02280396149928317,0.020211300398656703,0.7881588916909315,0.4075373994149697,0.999861668280202,0.0,0.0,0.0,0.0,0.0,2.8627567779293363e-06,2.629008742461578e-05,0.00024636610002463656,0.0,0.21183824555196842,0.40753888662753457,0.9999999999999944,0.0,0.0,0.0,0.0,0.0,0.9948465499369944,0.021566617213559798,0.9999999999999998,0.8888888866668231,0.2009327895453952,0.388939518470575,0.9944134078212236,0.0,0.003510884868902195,0.01912418174687916,0.20987654320985324,0.0,0.9990963916909213,0.005007053380463881,0.9999999999999944,0.944444444444392,0.0030866865946093044,0.012887745703176173,0.13331309864072433,0.0,14.333333333333334,3.7267799624996494,16,6,8.5,5.188127472091127,19.0,3.0,4869.0,4717.368122163035,14984,1775,0.0,0.0,0.0,0.0,694.1083966434836,280.03812999669555,1188.1414235033806,300.0,29.28021625903416,8.992080737842741,39.132295062275034,20.248699991929893,1.400010660290718e-06,0.009893900001770817,30.973581600002944,0.6522866000013892,31.635763500016765,251.42572430003202
217946253,927586281,937426313,226591751,257.14285714285717,271.8042512920064,800.0,0.0,-225.61798095703125,-0.6197915,0.3290663,-0.2143991,-0.94318545,-0.0004920374069895063,0.6455037207050035,0.9449098706245422,-0.9362693428993225,107.19662475585938,482.760835520088,-1.5676953026226588,0.6832106709897707,-0.9464449882507324,-2.47333025932312,-0.013827066868543625,0.0007240846388309795,-0.01341952383518219,-0.015587158501148224,1.026608177593776,0.0006090579744755673,1.0274323225021362,1.0259255170822144,1.4451986721583776,0.0005932548115203663,1.4460012912750244,1.4445337057113647,4.857511520385742,11,257.14285714285717,271.8042512920064,800.0,0.0,-221.40357971191406,-4.7970233,0.02219843,-4.771611,-4.8311186,-56.206074,20.167122,-23.858055,-77.2979,1064.901611328125,478.54640794776765,128.0,0.0,128,128,0.0001827793854027298,0.0015587289068654648,0.02701716134791496,0.0,2.328700339952982,4.392620254262127,22.498611289689446,0.7019444619732739,0.014958275024027213,0.01053490477416004,0.04320960981722335,0.0028409050555325915,0.6274666534900503,0.2836125551586327,0.9374414099118804,0.0,0.8674744488199646,0.23001331389586746,1.2423403198640133,0.04944824067983187,-122.10820296166874,260.2466328847014,88.5,-1349.5,8.307515950048195,30.76651283288634,213.0,-1.0,-316.4095982142857,631.1168005485672,-1.0,-2698.0,131.06827481305604,267.59259624191344,1348.5,0.33449400781347277,0.000784968052333469,0.00028689578507186663,0.0010976948408342481,0.0004086636697997548,1.0,0.0,1.0,1.0,0.0,0.0,0.0,0.0,0.02751135820300608,0.0052339982923844276,0.0331132889769448,0.020211300398656703,0.8591093997482849,0.3459567793323951,0.999861668280202,0.0,0.0,0.0,0.0,0.0,0.00017721754336094345,0.0015305104384930805,0.026315789473683515,0.0,0.1407133827079376,0.3460254673012422,0.9999999999999944,0.0,0.0,0.0,0.0,0.0,0.9952617374862215,0.021507322905680144,0.9999999999999998,0.8888888866665695,0.14857514298781666,0.32022428106239187,0.9944134078212236,0.0,0.005417383383902679,0.01937853385562569,0.20987654320985324,0.0,0.9986183283197043,0.005041509423910372,0.9999999999999944,0.944444444444392,0.004996174256480924,0.013638628057404397,0.13331309864072433,0.0,11.714285714285714,4.199125273342591,16,5,2.5714285714285716,2.718042512920064,8.0,0.0,1097.0,1522.9314776818705,4562,8,0.0,0.0,0.0,0.0,257.14285714285717,271.8042512920064,800.0,0.0,13.7581520293315,13.744731406136008,39.87350408332591,0.03424000000000001,1.400010660290718e-06,0.010618100001011044,14.659517300009611,0.6518658999993932,15.322002700020676,266.75089480003226
272404799,398576445,826019350,77964601,257.14285714285717,271.8042512920064,800.0,0.0,-225.61798095703125,-0.6197915,0.3290663,-0.2143991,-0.94318545,-0.0004920374069895063,0.6455037207050035,0.9449098706245422,-0.9362693428993225,107.19662475585938,482.760835520088,-1.5676953026226588,0.6832106709897707,-0.9464449882507324,-2.47333025932312,-0.013827066868543625,0.0007240846388309795,-0.01341952383518219,-0.015587158501148224,1.026608177593776,0.0006090579744755673,1.0274323225021362,1.0259255170822144,1.4451986721583776,0.0005932548115203663,1.4460012912750244,1.4445337057113647,4.854264736175537,12,567.1557562076749,368.0917544032331,1000.0,0.0,79.7484130859375,-4.7842355,0.02766285,-4.751318,-4.8229213,-73.361946,7.1766267,-57.344826,-77.16674,-379.0801086425781,487.4073427737584,128.0,0.0,128,128,0.00010599514420171596,0.0012627703402232394,0.02701716134791496,0.0,3.4043982075868953,5.671816151699239,22.498611289689446,0.7019444619732739,0.011413898987710074,0.008767572906506552,0.04320960981722335,0.0028409050555325915,0.62395369634633,0.32184907313238037,0.9374414099118804,0.0,0.8844409010413585,0.21431127364440708,1.2423403198640133,0.04944824067983187,-126.68052816365339,222.22846869752505,88.5,-1349.5,13.716287140033657,38.374586976089034,213.0,-1.0,-353.91015625,589.411465822208,-1.0,-2698.0,131.37470217744251,213.03539770382773,1348.5,0.33449400781347277,0.0005994037768503208,0.000254007833467329,0.0010976948408342481,0.0004086636697997548,1.0,0.0,1.0,1.0,0.0,0.0,0.0,0.0,0.023995261460863865,0.004817405879509962,0.0331132889769448,0.020211300398656703,0.8127680207494626,0.3887975846108454,0.999861668280202,0.0,0.0,0.0,0.0,0.0,9.903302130200623e-05,0.0012348353803304198,0.026315789473683515,0.0,0.18713294622890272,0.3888432865445652,0.9999999999999944,0.0,0.0,0.0,0.0,0.0,0.9953796747725044,0.020500750793073137,0.9999999999999998,0.8888888866665695,0.18470076346311878,0.3686718007788223,0.9944134078212236,0.0,0.004050413587650556,0.01737438257563839,0.20987654320985324,0.0,0.9989659374161203,0.004515517822697732,0.9999999999999944,0.944444444444392,0.003730230833387337,0.012264683575559503,0.13331309864072433,0.0,15.333333333333334,1.4907119849998596,16,12,5.833333333333333,3.6704525909242065,10.0,0.0,2784.6666666666665,1991.222879427503,5148,48,0.0,0.0,0.0,0.0,567.1557562076749,368.0917544032331,1000.0,0.0,24.911569706884237,13.889628489151518,37.69018875546456,0.041800000000000004,1.400010660290718e-06,0.007125400006771088,21.452762800006894,0.664553499998874,22.1244431000232,288.87852200002817
542837249,494008192,621080892,339933393,260.58690744920995,215.7908986199245,600.0,0.0,-199.95654296875,-0.6267921,0.16453904,-0.39281964,-0.83819616,-0.16259493827819824,0.6636101121977113,0.6871391534805298,-0.8540285229682922,121.93482971191406,460.54344271300016,-1.3329974174499513,0.23880508745564222,-1.0327627658843994,-1.6997990608215332,-0.01221698708832264,0.0008587583580635992,-0.011147188022732735,-0.013235559687018394,1.023886513710022,0.00048543861514527194,1.024369239807129,1.0230473279953003,1.44254412651062,0.0004741764065246926,1.4430155754089355,1.4417243003845215,4.855114936828613,13,260.58690744920995,215.7908986199245,600.0,0.0,-204.13841247558594,-4.8157926,0.033504948,-4.755531,-4.856401,-58.63868,22.2209,-29.138405,-77.064354,979.1441650390625,464.7252992413035,128.0,0.0,128,128,0.00017735774278423107,0.0017472598642793138,0.02701716134791496,0.0,3.1357046889933238,5.390515790584874,22.498611289689446,0.7019444619732739,0.012670681444800797,0.009415698652293827,0.04320960981722335,0.0028409050555325915,0.6136424685760552,0.30902196374422025,0.9374414099118804,0.0,0.8509229015252696,0.24503408764806725,1.2423403198640133,0.04944824067983187,-132.6467461949954,225.7831827570377,88.5,-1349.5,15.170487691320272,42.08847626825107,213.0,-1.0,-362.1390625,586.3076898899767,-1.0,-2698.0,141.1463171229148,222.70321408668707,1348.5,0.3418018821278508,0.0006839826151687682,0.0002577336485215216,0.0010976948408342481,0.0004086636697997548,1.0,0.0,1.0,1.0,0.0,0.0,0.0,0.0,0.025675344792045685,0.004921892535083181,0.0331132889769448,0.020211300398656703,0.8282059439435988,0.37527189478384376,0.999861668280202,0.0,0.0,0.0,0.0,0.0,0.00016866858460700936,0.001706649992977559,0.026315789473683515,0.0,0.17162538747147169,0.37534514486834625,0.9999999999999944,0.0,0.0,0.0,0.0,0.0,0.9956977319899913,0.019835111775854168,0.9999999999999998,0.8888888866665695,0.17165907150263413,0.3551852029523614,0.9944134078212236,0.0,0.005807453380483751,0.020259744588640386,0.20987654320985324,0.0,0.9985184439435905,0.005243825189485603,0.9999999999999944,0.944444444444392,0.005187726272875419,0.014567414049283712,0.13331309864072433,0.0,12.2,4.664761515876241,16,6,2.8,2.3151673805580453,6.0,0.0,1377.4,1438.7541277091093,3544,26,0.0,0.0,0.0,0.0,260.58690744920995,215.7908986199245,600.0,0.0,22.575526916658077,14.181578731690484,38.390194829145436,0.04179959717247636,1.7999991541728377e-06,0.010174800001550466,11.584217600000557,0.5806173999881139,12.175011599989375,301.05687570001464
365262088,341893848,167739021,98998899,260.58690744920995,215.7908986199245,600.0,0.0,-199.95654296875,-0.6267921,0.16453904,-0.39281964,-0.83819616,-0.16259493827819824,0.6636101121977113,0.6871391534805298,-0.8540285229682922,121.93482971191406,460.54344271300016,-1.3329974174499513,0.23880508745564222,-1.0327627658843994,-1.6997990608215332,-0.01221698708832264,0.0008587583580635992,-0.011147188022732735,-0.013235559687018394,1.023886513710022,0.00048543861514527194,1.024369239807129,1.0230473279953003,1.44254412651062,0.0004741764065246926,1.4430155754089355,1.4417243003845215,4.857943058013916,14,180.0,183.3030277982336,400.0,0.0,-256.2527770996094,-4.793414,0.013976917,-4.7753167,-4.8063188,-71.888306,9.51147,-52.869507,-76.864876,1228.6641845703125,436.25276931717315,128.0,0.0,128,128,0.0001875464832701155,0.0016277403917812603,0.02701716134791496,0.0,2.153202973072996,4.115286300367471,22.498611289689443,0.7019444619732739,0.014427418731616418,0.010521462619344966,0.04320960981722335,0.002915447645120051,0.6210949295056957,0.2777472851970022,0.9332711152589828,0.0,0.8552044449608951,0.24413934865533649,1.2423403198640133,0.04944824067983187,-115.88707468726291,250.9971111240062,88.5,-1349.5,8.115346765119225,31.046062316856588,213.0,-1.0,-292.3109375,597.445767836187,-1.0,-2698.0,124.6094819400685,258.8613574681273,1348.5,0.33449400781347277,0.0007976835711400561,0.00025921145259857805,0.0010976948408342481,0.0005202913631633715,1.0,0.0,1.0,1.0,0.0,0.0,0.0,0.0,0.02785098360908821,0.004615494934406397,0.0331132889769448,0.02280396149928317,0.8639361681356414,0.3404391240222833,0.9998607048332052,0.0,0.0,0.0,0.0,0.0,0.00018214425528974192,0.0015965539230654423,0.026315789473683515,0.0,0.13588168760864944,0.3405080731861523,0.9999999999999944,0.0,0.0,0.0,0.0,0.0,0.9951302267162777,0.021914223926247974,0.9999999999999998,0.8888888866665695,0.14223751245841246,0.31400191987641984,0.9944134078212236,0.0,0.006606673429106419,0.02249582079924024,0.20987654320985324,0.0,0.9983111681356321,0.005857589402302941,0.9999999999999944,0.944444444444392,0.005885917590644935,0.01568974985545851,0.13331309864072433,0.0,15.0,2.0,16,11,1.8,1.8330302779823362,4.0,0.0,555.0,529.444992421309,1280,18,0.0,0.0,0.0,0.0,180.0,183.3030277982336,400.0,0.0,11.64588602636779,9.415549515818878,20.33241,0.03424013183895499,1.5999976312741637e-06,0.009359800009406172,13.174092299988843,0.6040941999963252,13.787547899992205,314.84770579996984
729416111,254447594,550367865,732412360,366.6666666666667,334.995854037363,900.0,0.0,-84.48909759521484,-0.73143154,0.23741095,-0.24002719,-0.9375358,-0.08471097548802693,0.5432043031072539,0.9655280709266663,-0.6172253489494324,67.26133728027344,451.15576510836684,-1.3573301831881206,0.7097768436189152,-0.9379831552505493,-2.9318618774414062,-0.01397448405623436,0.00047717084459094396,-0.013604994863271713,-0.015005316585302353,1.0186877846717834,0.0004967474113000142,1.019199013710022,1.0181242227554321,1.4374537070592244,0.00048760419252663004,1.4379554986953735,1.4369004964828491,4.858023166656494,15,366.6666666666667,334.995854037363,900.0,0.0,-62.62748718261719,-4.797931,0.01977082,-4.7674937,-4.832139,-76.7669,0.31633312,-76.2799,-77.314224,302.6573181152344,429.2941590521225,128.0,0.0,128,128,0.00015815772387187506,0.0014878131294679675,0.02701716134791496,0.0,2.5523644672683266,4.7060787979132295,22.498611289689446,0.7019444619732739,0.013520982468392199,0.010118100776903413,0.04320960981722335,0.0028409050555325915,0.6233748503649973,0.2927731893071231,0.9374414099118804,0.0,0.8674616069324518,0.23251457870604678,1.2423403198640133,0.04944824067983187,-119.20211141174094,243.8758655550621,88.5,-1349.5,9.637953563019892,33.03282320634611,213.0,-1.0,-311.9765625,599.6211190659067,-1.0,-2698.0,126.50179496876028,246.87838329970737,1348.5,0.33449400781347277,0.0007328469209166725,0.00027750874525469345,0.0010976948408342481,0.0004086636697997548,1.0,0.0,1.0,1.0,0.0,0.0,0.0,0.0,0.02657770307401629,0.005085129743960103,0.0331132889769448,0.020211300398656703,0.8475244742717084,0.3575246231313637,0.999861668280202,0.0,0.0,0.0,0.0,0.0,0.00015242034247468764,0.0014590143687209527,0.026315789473683515,0.0,0.15232310538542193,0.3575865788276995,0.9999999999999944,0.0,0.0,0.0,0.0,0.0,0.9951918903885577,0.02152046829046838,0.9999999999999998,0.8888888866665695,0.15612196158868022,0.3330180852483048,0.9944134078212236,0.0,0.005611534546254092,0.02065661510686041,0.20987654320985324,0.0,0.9985661409383658,0.005377682852976041,0.9999999999999944,0.944444444444392,0.005060558061486104,0.014442979834895515,0.13331309864072433,0.0,16.0,0.0,16,16,3.6666666666666665,3.3499585403736303,9.0,0.0,1661.0,1932.8228923865047,5282,31,0.0,0.0,0.0,0.0,366.6666666666667,334.995854037363,900.0,0.0,15.21707462903229,12.72469252875211,37.217200000000005,0.03424000000000001,1.8999999156221747e-06,0.010220200012554415,18.74218239999027,0.709435199998552,19.461839700001292,334.3129086999834
422396446,399713351,734901635,737248710,366.6666666666667,334.995854037363,900.0,0.0,-84.48909759521484,-0.73143154,0.23741095,-0.24002719,-0.9375358,-0.08471097548802693,0.5432043031072539,0.9655280709266663,-0.6172253489494324,67.26133728027344,451.15576510836684,-1.3573301831881206,0.7097768436189152,-0.9379831552505493,-2.9318618774414062,-0.01397448405623436,0.00047717084459094396,-0.013604994863271713,-0.015005316585302353,1.0186877846717834,0.0004967474113000142,1.019199013710022,1.0181242227554321,1.4374537070592244,0.00048760419252663004,1.4379554986953735,1.4369004964828491,4.85577917098999,16,391.82236552028223,313.72922517285343,1100.0,100.0,-33.724609375,-4.798995,0.026637815,-4.756671,-4.833157,-76.78392,0.42620504,-76.106735,-77.33051,162.56661987304688,425.54697969893846,128.0,0.0,128,128,0.00010552587417360399,0.0014720434189004767,0.02701716134791496,0.0,3.5040704400492286,5.755737745471134,22.498611289689446,0.9934741878748047,0.009216651370105659,0.006906938148727798,0.03896093776379802,0.0028409050555325915,0.6065511285436447,0.32468450543477473,0.9374414099118804,0.0,0.8570912060982416,0.24677922490642137,1.1086976328971505,0.04944824067983187,-119.97651783271455,180.52973004830824,88.5,-608.25,16.588186127258336,43.15162206887967,213.0,-1.0,-331.69140625,499.0563306643324,-1.0,-2432.0,123.66761172383049,161.092546480459,711.5991380920393,0.33449400781347277,0.0005654887598551413,0.00015113170801633655,0.0007524454477050414,0.0004086636697997548,1.0,0.0,1.0,1.0,0.0,0.0,0.0,0.0,0.023562884434186467,0.0031522402614052236,0.0274204170929851,0.020211300398656703,0.8050399634406269,0.3941950190567513,0.999861668280202,0.0,0.0,0.0,0.0,0.0,9.748284148096722e-05,0.001432880712452244,0.026315789473683515,0.0,0.19486255371759942,0.394240600919009,0.9999999999999944,0.0,0.0,0.0,0.0,0.0,0.9953246927580863,0.020522742727128323,0.9999999999999998,0.8888888866668229,0.18564305411216825,0.37617006400382097,0.9944134078212236,0.0,0.006243630618820085,0.02346036312887,0.20987654320985324,0.0,0.9983993384406178,0.00609850694489482,0.9999999999999944,0.944444444444392,0.005309045681743025,0.016434277877586397,0.13331309864072433,0.0,16.0,0.0,16,16,4.125,3.179524335494226,11.0,1.0,2353.0,2399.5932988737904,8080,393,0.0,0.0,0.0,0.0,391.82236552028223,313.72922517285343,1100.0,100.0,26.24653846141222,9.944685486942324,41.12157769129777,16.255580000000002,1.3999961083754897e-06,0.008967100002337247,22.01103310000326,0.8575948000070639,22.87759640000877,357.19372329997714
892878741,694873649,142443833,848474627,400.0,310.9126351029605,800.0,0.0,-46.040191650390625,-0.7795582,0.1939185,-0.43544233,-0.92891747,-0.31558908335864544,0.44939139269240164,0.15186402201652527,-0.9942063093185425,70.69853210449219,446.0401885975302,-1.7402433156967163,1.5008074626522248,-0.9313092231750488,-5.0531229972839355,-0.01564469188451767,0.00047359425657454116,-0.015127142891287804,-0.01621030457317829,1.0112239917119343,0.0006437680580127407,1.0118889808654785,1.0104228258132935,1.4300997654596965,0.0006366947757187758,1.4307574033737183,1.4293073415756226,4.858229160308838,17,400.0,310.9126351029605,800.0,0.0,-22.992279052734375,-4.785558,0.043692205,-4.6929116,-4.823501,-55.99944,28.63228,-4.6929116,-77.14455,111.77239990234375,422.99228172904463,128.0,0.0,128,128,0.00014861378185259972,0.0015964759839477195,0.02701716134791496,0.0,3.112658217247376,5.3681247536463275,22.498611289689446,0.7019444619732739,0.011731913342466935,0.009039463838406965,0.04320960981722335,0.0028409050555325915,0.6137117840124873,0.31048170267004505,0.9374414099118804,0.0,0.857113679401389,0.24264350072828558,1.2423403198640133,0.04944824067983187,-125.06217804508815,216.82838461126528,88.5,-1349.5,14.259920304557864,40.485458325630084,213.0,-1.0,-339.44921875,562.6372425391852,-1.0,-2698.0,131.6589514513481,211.23031185166525,1348.5,0.33449400781347277,0.0006567007398345353,0.00024305767132982197,0.0010976948408342481,0.0004086636697997548,1.0,0.0,1.0,1.0,0.0,0.0,0.0,0.0,0.025196780909918597,0.004618726958676566,0.0331132889769448,0.020211300398656703,0.8253135830246355,0.37775005781359655,0.999861668280202,0.0,0.0,0.0,0.0,0.0,0.0001408779430319149,0.0015592151375138938,0.026315789473683515,0.0,0.17454553903200185,0.3778119295194338,0.9999999999999944,0.0,0.0,0.0,0.0,0.0,0.9954469251789978,0.02049766500904432,0.9999999999999998,0.8888888866665695,0.17243612156065702,0.35718816379347657,0.9944134078212236,0.0,0.005903866084705114,0.02147613532028977,0.20987654320985324,0.0,0.9984906663579599,0.005575753983998051,0.9999999999999944,0.944444444444392,0.005196374022983959,0.015185780653942067,0.13331309864072433,0.0,11.666666666666666,5.962847939999439,16,1,4.0,3.1091263510296048,8.0,0.0,2373.5,2084.4507469994746,4970,89,0.0,0.0,0.0,0.0,400.0,310.9126351029605,800.0,0.0,22.106626545770236,12.858215989117854,37.71584,0.040720000000000006,3.2899988582357764e-05,0.01107870000123512,17.913618000005954,0.6052015000022948,18.529931099998066,375.7269562999718
824105924,170208024,281387505,610401323,400.0,310.9126351029605,800.0,0.0,-46.040191650390625,-0.7795582,0.1939185,-0.43544233,-0.92891747,-0.31558908335864544,0.44939139269240164,0.15186402201652527,-0.9942063093185425,70.69853210449219,446.0401885975302,-1.7402433156967163,1.5008074626522248,-0.9313092231750488,-5.0531229972839355,-0.01564469188451767,0.00047359425657454116,-0.015127142891287804,-0.01621030457317829,1.0112239917119343,0.0006437680580127407,1.0118889808654785,1.0104228258132935,1.4300997654596965,0.0006366947757187758,1.4307574033737183,1.4293073415756226,4.856362819671631,18,218.27557755775578,260.1789499278886,800.0,100.0,-184.24502563476562,-4.7984614,0.017054882,-4.778138,-4.8252697,-76.77538,0.2728781,-76.45021,-77.204315,885.9398193359375,402.52061131191573,128.0,0.0,128,128,0.00023385105715436724,0.0021085850108589835,0.02701716134791496,0.0,2.529178236568338,4.647646701611343,22.498611289689443,0.7019444619732739,0.012367942051980656,0.00952828690462234,0.04320960981722335,0.002915447645120051,0.5932279593448017,0.28529568997235366,0.9332711152589828,0.0,0.8024592361214502,0.28335189969276126,1.2423403198640133,0.04944824067983187,-121.82547780795768,205.56494394098684,88.5,-1349.5,15.347186633606277,44.387227151881454,213.0,-1.0,-310.52734375,503.6025572916133,-1.0,-2698.0,132.22744999915918,207.57188585957604,1348.5,0.33449400781347277,0.0007712946658029641,0.00016880013047390692,0.0010976948408342481,0.0005202913631633715,1.0,0.0,1.0,1.0,0.0,0.0,0.0,0.0,0.027599819808028062,0.002986841713549949,0.0331132889769448,0.02280396149928317,0.8504047075749815,0.3532900340220059,0.9998607048332052,0.0,0.0,0.0,0.0,0.0,0.00022456778649173215,0.0020575015716344843,0.026315789473683515,0.0,0.1493707246382,0.3533789783792912,0.9999999999999944,0.0,0.0,0.0,0.0,0.0,0.9955814259919847,0.02049082991502738,0.9999999999999998,0.8888888866665695,0.14790683775573354,0.3316772995510747,0.9944134078212236,0.0,0.009610771078814232,0.02755581804563009,0.20987654320985324,0.0,0.9975401242416396,0.007150664275692181,0.9999999999999944,0.944444444444392,0.008128660402177202,0.01944431589635701,0.13331309864072433,0.0,16.0,0.0,16,16,2.3333333333333335,2.560381915956203,8.0,1.0,857.0,1221.2417178156556,3565,26,0.0,0.0,0.0,0.0,218.27557755775578,260.1789499278886,800.0,100.0,15.258130323796236,6.876452549612962,19.504501719380055,0.041800000000000004,1.4999968698248267e-06,0.00742059999902267,14.073324700002559,0.7170553999894764,14.797802199987927,390.5278813999612
801015372,143084570,363464500,698099024,444.06779661016947,302.74052287140483,800.0,0.0,-1.775164008140564,-0.6392831,0.23945612,-0.23082209,-0.9091878,-0.10039356989519936,0.6401716064898633,0.8551439046859741,-0.9587873220443726,49.17693328857422,445.8429493987941,-1.4508000441959925,0.6128799342281925,-0.9279186725616455,-2.7474937438964844,-0.01540244636791093,0.0005931024611435685,-0.014960967004299164,-0.01631852239370346,1.0022566659109933,0.0003673213292655568,1.0027875900268555,1.0017151832580566,1.4211925779070174,0.000366497295138856,1.421722173690796,1.4206522703170776,4.85849666595459,19,444.06779661016947,302.74052287140483,800.0,0.0,37.39247131347656,-4.7950664,0.020233855,-4.752838,-4.817915,-73.28039,8.290072,-52.986412,-77.08664,-182.27610778808594,406.6753298417411,128.0,0.0,128,128,0.00010153834198469306,0.0010407747777867163,0.016126934718260072,0.0,3.3090778233742006,5.586795164132151,22.498611289689446,0.7019444619732739,0.012879619736508084,0.009565268818698458,0.04320960981722335,0.0028409050555325915,0.6367415891887721,0.31886284464503367,0.9374414099118804,0.0,0.9054514623190014,0.18383837096127734,1.2423403198640133,0.051105174559028015,-129.90543170779247,247.12819937642016,88.5,-1349.5,11.337259160753531,33.762853620738746,178.0,-1.0,-364.74776785714283,643.3849216146497,-1.0,-2698.0,135.0014101857218,242.6673491492765,1348.5,0.33449400781347277,0.0006214765320044122,0.0003035418189597703,0.0010976948408342481,0.0004086636697997548,1.0,0.0,1.0,1.0,0.0,0.0,0.0,0.0,0.024267963006828513,0.0056625200033135125,0.0331132889769448,0.020211300398656703,0.8185648147790686,0.38456963901271873,0.999861668280202,0.0,0.0,0.0,0.0,0.0,9.558990658729484e-05,0.0010247583203132251,0.01587301587301562,0.0,0.18133959531397906,0.38461334518651147,0.9999999999999944,0.0,0.0,0.0,0.0,0.0,0.9953650523240388,0.020637940662480987,0.9999999999999998,0.8888888866665695,0.18358380908230262,0.3627767886605192,0.9944134078212236,0.0,0.0024906061361957416,0.011240343059656262,0.20987654320985324,0.0,0.9993683862076314,0.0029263154259735165,0.9999999999999944,0.944444444444392,0.002599199612742019,0.008023686110663201,0.13331309864072433,0.0,15.285714285714286,1.7496355305594127,16,11,4.571428571428571,3.1558174334820746,8.0,0.0,2801.714285714286,2238.3417787208787,6721,39,0.0,0.0,0.0,0.0,444.06779661016947,302.74052287140483,800.0,0.0,25.144857112713957,17.28194516699533,40.54899375634866,0.03684454104214907,1.5999976312741637e-06,0.009529999995720573,29.784702400007518,0.8750804000010248,30.669314400001895,421.2007698999514
78547565,146764659,619817,532704722,444.06779661016947,302.74052287140483,800.0,0.0,-1.775164008140564,-0.6392831,0.23945612,-0.23082209,-0.9091878,-0.10039356989519936,0.6401716064898633,0.8551439046859741,-0.9587873220443726,49.17693328857422,445.8429493987941,-1.4508000441959925,0.6128799342281925,-0.9279186725616455,-2.7474937438964844,-0.01540244636791093,0.0005931024611435685,-0.014960967004299164,-0.01631852239370346,1.0022566659109933,0.0003673213292655568,1.0027875900268555,1.0017151832580566,1.4211925779070174,0.000366497295138856,1.421722173690796,1.4206522703170776,4.855556964874268,20,183.33333333333334,323.6081306491267,900.0,0.0,-201.0078125,-4.803039,0.018291837,-4.766648,-4.8193197,-76.848625,0.2926694,-76.266365,-77.109116,963.7106323242188,384.3411301909003,128.0,0.0,128,128,0.0002666961830030135,0.001853740106608773,0.02701716134791496,0.0,1.8821277064494197,3.643824010071738,22.498611289689446,0.7019444619732739,0.01903563497740542,0.010494507266913707,0.04320960981722335,0.0028409050555325915,0.6360278873802372,0.2611091357391885,0.9374414099118804,0.0,0.8606229173868032,0.2278098317415876,1.2423403198640133,0.04944824067983187,-136.67058306696876,299.06310245060524,88.5,-1349.5,6.51055586351062,28.18527348842404,213.0,-1.0,-350.9791666666667,714.7421079074411,-1.0,-2698.0,151.25013856386568,315.1132995596727,1348.5,0.3418018821278508,0.0009253147468069647,0.0002632083196545151,0.0010976948408342481,0.0004086636697997548,1.0,0.0,1.0,1.0,0.0,0.0,0.0,0.0,0.030014145566570172,0.004851837457655336,0.0331132889769448,0.020211300398656703,0.8867801989976831,0.31492218370994285,0.999861668280202,0.0,0.0,0.0,0.0,0.0,0.00026044568031536626,0.0018218345247393178,0.026315789473683515,0.0,0.11295935532154827,0.3150103197913097,0.9999999999999944,0.0,0.0,0.0,0.0,0.0,0.9956878667046155,0.020776435927031413,0.9999999999999998,0.8888888866665695,0.13177958143263488,0.28787465833447773,0.9944134078212236,0.0,0.004900383480914852,0.014514033803303556,0.20987654320985324,0.0,0.9987593656643418,0.003741562697817567,0.9999999999999944,0.944444444444392,0.0048506442791271635,0.010855926061101983,0.13331309864072433,0.0,16.0,0.0,16,16,1.8333333333333333,3.2360813064912666,9.0,0.0,1226.0,2549.8026721036017,6924,8,0.0,0.0,0.0,0.0,183.33333333333334,323.6081306491267,900.0,0.0,9.310654209088238,14.164835029629904,37.13054525452942,0.03424000000000001,2.1000014385208488e-06,0.010160799996810965,13.114260600006673,0.6604036999924574,13.78482719999738,434.9889688999392
1025900559,689925184,1065863364,208285721,388.59872611464965,285.1705550530162,900.0,0.0,-51.51980972290039,-0.7117054,0.20568252,-0.3376454,-0.90993786,-0.24103798078639166,0.5006828992281482,0.37871798872947693,-0.8949501514434814,21.6187801361084,440.1185270703796,-1.2075065800121851,0.35096511722574564,-0.9108508229255676,-1.9517680406570435,-0.01669303114925112,0.0006771613001214964,-0.015904225409030914,-0.018086262047290802,0.9915362851960319,0.0009499099946389568,0.9921379685401917,0.9895022511482239,1.4104383502687727,0.0009586364869771238,1.4110454320907593,1.4083852767944336,4.856711387634277,21,388.59872611464965,285.1705550530162,900.0,0.0,3.831852674484253,-4.801104,0.01554554,-4.7771115,-4.8201118,-76.131035,1.6656942,-72.095795,-77.12179,-15.416633605957031,384.7668897832752,128.0,0.0,128,128,9.064927038835836e-05,0.001169585123834184,0.02701716134791496,0.0,3.1247241463302378,5.388611366431301,22.498611289689446,0.7019444619732739,0.0105101054907978,0.008391573594938879,0.04320960981722335,0.0028409050555325915,0.61958063511511,0.3150699084481678,0.9374414099118804,0.0,0.8791475895745559,0.22532070638626378,1.2423403198640133,0.04944824067983187,-114.08350693412763,209.64725805416734,88.5,-1349.5,12.065843147024339,36.02141474520143,213.0,-1.0,-309.3080357142857,543.7119885955892,-1.0,-2698.0,117.24701416278067,199.58669900261896,1348.5,0.33449400781347277,0.0006040488168041306,0.00022775444219110802,0.0010976948408342481,0.0004086636697997548,1.0,0.0,1.0,1.0,0.0,0.0,0.0,0.0,0.024195455909298974,0.004267550009815897,0.0331132889769448,0.020211300398656703,0.8189779537720528,0.38334278392246435,0.999861668280202,0.0,0.0,0.0,0.0,0.0,8.489240281792946e-05,0.001143761497046749,0.026315789473683515,0.0,0.18093715382477674,0.3833811445898613,0.9999999999999944,0.0,0.0,0.0,0.0,0.0,0.9950233745904473,0.02154681162391997,0.9999999999999998,0.8888888866665695,0.17647187389146232,0.3617958806534005,0.9944134078212236,0.0,0.005205500086504962,0.02148265796881319,0.20987654320985324,0.0,0.9986654537720432,0.005602695096437882,0.9999999999999944,0.944444444444392,0.0045609785902407714,0.014829097903469422,0.13331309864072433,0.0,15.857142857142858,0.34992710611188255,16,15,4.142857142857143,2.899683304312063,9.0,0.0,1974.142857142857,1932.881448479847,6054,41,0.0,0.0,0.0,0.0,388.59872611464965,285.1705550530162,900.0,0.0,22.085576151657715,12.067336899913444,38.84596077031543,0.037520000000000005,1.4999968698248267e-06,0.009111500010476448,20.542121699996642,0.7816975000023376,21.332932200006326,456.3250564999471
130755951,842391266,168703447,954017671,388.59872611464965,285.1705550530162,900.0,0.0,-51.51980972290039,-0.7117054,0.20568252,-0.3376454,-0.90993786,-0.24103798078639166,0.5006828992281482,0.37871798872947693,-0.8949501514434814,21.6187801361084,440.1185270703796,-1.2075065800121851,0.35096511722574564,-0.9108508229255676,-1.9517680406570435,-0.01669303114925112,0.0006771613001214964,-0.015904225409030914,-0.018086262047290802,0.9915362851960319,0.0009499099946389568,0.9921379685401917,0.9895022511482239,1.4104383502687727,0.0009586364869771238,1.4110454320907593,1.4083852767944336,4.857337474822998,22,285.7142857142857,241.59335036125375,700.0,100.0,-89.14735412597656,-4.782331,0.033318896,-4.72827,-4.8249087,-50.541195,31.0074,-4.72827,-76.763504,428.307373046875,374.86162937637624,128.0,0.0,128,128,0.0001655154919859391,0.0017333368615636586,0.02701716134791496,0.0,3.067668757098875,5.315009608065374,22.498611289689446,0.7019444619732739,0.011612623905087696,0.008962144406050511,0.04320960981722335,0.0028409050555325915,0.6079419549619102,0.30781953084076613,0.9374414099118804,0.0,0.8439237376226789,0.25417045036678776,1.2423403198640133,0.04944824067983187,-125.20575179903837,210.26710073449829,88.5,-1349.5,15.153186909573662,42.24582286072045,213.0,-1.0,-337.1763392857143,544.9752227927687,-1.0,-2698.0,132.51750920910584,204.82309943091624,1348.5,0.33449400781347277,0.0006703785552446076,0.00022750813492460916,0.0010976948408342481,0.0004086636697997548,1.0,0.0,1.0,1.0,0.0,0.0,0.0,0.0,0.025514443221785237,0.0043463289070336366,0.0331132889769448,0.020211300398656703,0.8275172681072708,0.37556284156165065,0.999861668280202,0.0,0.0,0.0,0.0,0.0,0.00015716256671005106,0.001691670753836854,0.026315789473683515,0.0,0.17232556932569856,0.37563113864794506,0.9999999999999944,0.0,0.0,0.0,0.0,0.0,0.9955121803232723,0.020345640656767035,0.9999999999999998,0.8888888866665695,0.16951044074131297,0.35536342751940764,0.9944134078212236,0.0,0.0067399645175072135,0.02307094732587235,0.20987654320985324,0.0,0.9982761966786907,0.005986709757580095,0.9999999999999944,0.944444444444392,0.005844123384453633,0.016333208898478963,0.13331309864072433,0.0,10.571428571428571,6.499607523472758,16,1,2.857142857142857,2.4159335036125373,7.0,1.0,1456.0,1712.11982224209,4970,75,0.0,0.0,0.0,0.0,285.7142857142857,241.59335036125375,700.0,100.0,21.61957992696208,11.991191486511067,37.639520000000005,0.037520000000000005,1.4999968698248267e-06,0.00708580001082737,15.828273700011778,0.5940532000095118,16.429414200028987,472.75811609995435
443352346,315096729,849946216,941622294,374.45296167247386,328.60737356083837,900.0,0.0,-59.0990104675293,-0.53001535,0.19732249,-0.26922226,-0.89826596,-0.17576480763299124,0.8057319389913052,0.9864150285720825,-0.9850632548332214,51.478370666503906,433.551970530589,-2.47495037317276,1.2426521700522117,-0.9129709601402283,-4.170910358428955,-0.020393680515033857,0.0012299522221859318,-0.019430896267294884,-0.022245710715651512,0.9846512419836861,0.0012166230614774406,0.9856882095336914,0.9828031063079834,1.4034700053078788,0.0012359153991506014,1.4045233726501465,1.4015920162200928,4.856323719024658,23,374.45296167247386,328.60737356083837,900.0,0.0,-0.3678153157234192,-4.808944,0.023652986,-4.7865505,-4.8609285,-69.31204,16.469084,-29.16557,-77.05939,3.8327484130859375,374.820762605986,128.0,0.0,128,128,0.00013897145278348347,0.0013791525691867832,0.02701716134791496,0.0,3.2805501287585193,5.552450787159464,22.498611289689446,0.7019444619732739,0.01343087894365303,0.009702400923298458,0.04320960981722335,0.0028409050555325915,0.6309222491121723,0.31567232607307116,0.9374414099118804,0.0,0.887839536343063,0.20481662249489155,1.2423403198640133,0.04944824067983187,-135.46655414024784,247.0980333976862,88.5,-1349.5,12.880931042028193,37.257834225633054,213.0,-1.0,-378.68191964285717,642.8693025176495,-1.0,-2698.0,142.63665770888437,244.40426909573512,1348.5,0.3418018821278508,0.0006546414012246509,0.00030335705262363253,0.0010976948408342481,0.0004086636697997548,1.0,0.0,1.0,1.0,0.0,0.0,0.0,0.0,0.024927456663071643,0.005722125887269712,0.0331132889769448,0.020211300398656703,0.8228344719466776,0.3807406520646897,0.999861668280202,0.0,0.0,0.0,0.0,0.0,0.00013172498853335565,0.001351829145076384,0.026315789473683515,0.0,0.17703380306443992,0.3807994957307649,0.9999999999999944,0.0,0.0,0.0,0.0,0.0,0.9956094551904514,0.020016426124636683,0.9999999999999998,0.8888888866665695,0.18010309250722795,0.35966939850423757,0.9944134078212236,0.0,0.003257838351696868,0.012902785518098021,0.20987654320985324,0.0,0.999173757660955,0.003331677410719705,0.9999999999999944,0.944444444444392,0.0032407720098484505,0.00952597420586933,0.13331309864072433,0.0,14.428571428571429,3.45820526768863,16,6,3.857142857142857,3.313546715640915,9.0,0.0,1960.142857142857,1844.3989674201207,5136,8,0.0,0.0,0.0,0.0,374.45296167247386,328.60737356083837,900.0,0.0,24.53633076863238,16.912679173828376,41.153602476145,0.03424000000000001,1.500011421740055e-06,0.010117199999513105,17.423139699996682,0.7703013999998802,18.203559800007497,490.9652547999576
681162505,413056707,187321319,658719870,374.45296167247386,328.60737356083837,900.0,0.0,-59.0990104675293,-0.53001535,0.19732249,-0.26922226,-0.89826596,-0.17576480763299124,0.8057319389913052,0.9864150285720825,-0.9850632548332214,51.478370666503906,433.551970530589,-2.47495037317276,1.2426521700522117,-0.9129709601402283,-4.170910358428955,-0.020393680515033857,0.0012299522221859318,-0.019430896267294884,-0.022245710715651512,0.9846512419836861,0.0012166230614774406,0.9856882095336914,0.9828031063079834,1.4034700053078788,0.0012359153991506014,1.4045233726501465,1.4015920162200928,4.858808517456055,24,205.92346089850253,264.69569406125,729.6173044925125,0.0,-152.007568359375,-4.7880983,0.0066276677,-4.7808967,-4.7999845,-68.94646,13.053347,-43.109943,-76.79975,728.0609130859375,357.9310324352376,128.0,0.0,128,128,0.000239952838388422,0.0019457977497445906,0.02701716134791496,0.0,2.1132642006110416,4.038217242456071,22.498611289689443,0.7019444619732739,0.015199181621619345,0.010575492139042925,0.04320960981722335,0.002915447645120051,0.6129478533984558,0.27209437037863565,0.9332711152589828,0.0,0.8305477485945814,0.2614710175034105,1.2423403198640133,0.04944824067983187,-123.67264609270043,251.35560602497333,88.5,-1349.5,10.27648739890375,36.38614925162391,213.0,-1.0,-311.81875,598.9410485585686,-1.0,-2698.0,135.29882847249613,261.5016789326985,1348.5,0.33449400781347277,0.0008441143880483901,0.00022372922596888847,0.0010976948408342481,0.0005202913631633715,1.0,0.0,1.0,1.0,0.0,0.0,0.0,0.0,0.0287742747278286,0.003923380948770064,0.0331132889769448,0.02280396149928317,0.8699136881702938,0.3335321029093905,0.9998607048332052,0.0,0.0,0.0,0.0,0.0,0.00023273337001422704,0.0019046609116002368,0.026315789473683515,0.0,0.12985357845929474,0.3336172628125391,0.9999999999999944,0.0,0.0,0.0,0.0,0.0,0.9954723907292552,0.02109469757330151,0.9999999999999998,0.8888888866665695,0.13736450925330787,0.30829299174375935,0.9944134078212236,0.0,0.007680798530807995,0.0235176775323989,0.20987654320985324,0.0,0.9980386881702852,0.00610454359656794,0.9999999999999944,0.944444444444392,0.006784118946593939,0.016641633965302716,0.13331309864072433,0.0,14.4,2.727636339397171,16,9,2.2,2.9257477676655586,8.0,0.0,1068.6,1796.223883595806,4654,39,0.0,0.0,0.0,0.0,205.92346089850253,264.69569406125,729.6173044925125,0.0,11.4212188536499,9.305340171723406,19.863564428035072,0.037520000000000005,1.3999961083754897e-06,0.011428899990278296,13.926734099994064,0.6117489000025671,14.549913299983018,505.5184221999516
162243863,513207677,558468452,106512539,283.3333333333333,273.35365778094547,800.0,100.0,-135.19677734375,-0.58803815,0.23527777,-0.31155038,-0.85745203,-0.3187302549680074,0.6148095910122522,0.9375610947608948,-0.9183357954025269,93.79686737060547,418.53010681086346,-1.560168594121933,0.6276134185011626,-0.9280908703804016,-2.4866676330566406,-0.02174688937763373,0.0009727711822420492,-0.02043827436864376,-0.02370881848037243,0.9761440555254618,0.0013033833315265995,0.9780767560005188,0.9750800132751465,1.3947925170262654,0.001334691635659502,1.3967714309692383,1.393702745437622,4.857654094696045,25,283.3333333333333,273.35365778094547,800.0,100.0,-67.13792419433594,-4.7967854,0.01262032,-4.778455,-4.8171062,-76.748566,0.20192511,-76.45528,-77.0737,320.8826599121094,350.47126252504717,128.0,0.0,128,128,0.00019123241950348347,0.0018706281046604978,0.02701716134791496,0.0,2.820918226907857,5.029294566717874,22.498611289689446,0.7019444619732739,0.012049927697223796,0.009292535285978945,0.04320960981722335,0.0028409050555325915,0.6034698716786444,0.2983306152125523,0.9374414099118804,0.0,0.8297864577614197,0.26519589136173866,1.2423403198640133,0.04944824067983187,-123.44382792652293,211.2779362176803,88.5,-1349.5,14.80355346908207,42.4846404251242,213.0,-1.0,-324.98828125,534.1322120175437,-1.0,-2698.0,131.9432007252536,209.40928112138684,1348.5,0.33449400781347277,0.0007139977028187498,0.0002169520679490203,0.0010976948408342481,0.0004086636697997548,1.0,0.0,1.0,1.0,0.0,0.0,0.0,0.0,0.026398300358973333,0.004070697735863058,0.0331132889769448,0.020211300398656703,0.8378591452998085,0.36593970581439106,0.999861668280202,0.0,0.0,0.0,0.0,0.0,0.00018272286476182353,0.0018259198445276848,0.026315789473683515,0.0,0.1619581318351009,0.36601601200457773,0.9999999999999944,0.0,0.0,0.0,0.0,0.0,0.9955141755854914,0.02049435808538447,0.9999999999999998,0.8888888866665695,0.1601714796581953,0.34488698023674363,0.9944134078212236,0.0,0.0077573185817596734,0.02477315148277411,0.20987654320985324,0.0,0.9980153952998,0.006429338894131337,0.9999999999999944,0.944444444444392,0.0066625172125805805,0.0175069772726728,0.13331309864072433,0.0,16.0,0.0,16,16,2.8333333333333335,2.733536577809454,8.0,1.0,1308.0,1703.3944542197696,5003,39,0.0,0.0,0.0,0.0,283.3333333333333,273.35365778094547,800.0,100.0,18.632219608641652,10.708347210374573,37.13036,0.037520000000000005,3.1999952625483274e-06,0.010192099987762049,19.437151299993275,0.8242257999954745,20.271572399971774,525.7935139999172
83180453,359158073,768092755,716663974,283.3333333333333,273.35365778094547,800.0,100.0,-135.19677734375,-0.58803815,0.23527777,-0.31155038,-0.85745203,-0.3187302549680074,0.6148095910122522,0.9375610947608948,-0.9183357954025269,93.79686737060547,418.53010681086346,-1.560168594121933,0.6276134185011626,-0.9280908703804016,-2.4866676330566406,-0.02174688937763373,0.0009727711822420492,-0.02043827436864376,-0.02370881848037243,0.9761440555254618,0.0013033833315265995,0.9780767560005188,0.9750800132751465,1.3947925170262654,0.001334691635659502,1.3967714309692383,1.393702745437622,4.857545375823975,26,325.0,369.9662146737185,1200.0,0.0,-22.92413330078125,-4.8067255,0.011199261,-4.7914762,-4.8236732,-70.275055,17.446209,-24.118366,-77.173996,112.0925521850586,347.92413627254246,128.0,0.0,128,128,0.00019329768132563555,0.0016859875239850228,0.02701716134791496,0.0,2.387329296984843,4.472387230178729,22.498611289689446,0.7019444619732739,0.01445060155612534,0.01038444552347132,0.04320960981722335,0.0028409050555325915,0.6206986943860999,0.2848456084258401,0.9374414099118804,0.0,0.8546381535862713,0.24269996938453683,1.2423403198640133,0.04944824067983187,-122.6030768818026,250.37709146962024,88.5,-1349.5,9.833174773750727,34.244371260736266,213.0,-1.0,-317.30078125,609.0575065208454,-1.0,-2698.0,131.8933474308806,256.71136323420507,1348.5,0.33449400781347277,0.0007809027267549156,0.00026858188818295215,0.0010976948408342481,0.0004086636697997548,1.0,0.0,1.0,1.0,0.0,0.0,0.0,0.0,0.027499990564253455,0.004896049470907477,0.0331132889769448,0.020211300398656703,0.8568131471051345,0.3480401314360033,0.999861668280202,0.0,0.0,0.0,0.0,0.0,0.000186924139038184,0.0016521467925496777,0.026315789473683515,0.0,0.14299992875543027,0.3481130037655223,0.9999999999999944,0.0,0.0,0.0,0.0,0.0,0.9953419841990587,0.02125684116149465,0.9999999999999998,0.8888888866665695,0.14899779459249568,0.3232525105191329,0.9944134078212236,0.0,0.006209779850204822,0.021192653151423987,0.20987654320985324,0.0,0.9984147096051257,0.005507475491570063,0.9999999999999944,0.944444444444392,0.005587979918579768,0.014949265809321422,0.13331309864072433,0.0,14.625,3.637908052713812,16,5,3.25,3.6996621467371855,12.0,0.0,1918.25,3061.09133929388,9511,26,0.0,0.0,0.0,0.0,325.0,369.9662146737185,1200.0,0.0,14.289355264237413,12.499135197085405,37.622553608766594,0.03424000000000001,1.5999976312741637e-06,0.009871900008874945,25.29162260000885,0.8704283000115538,26.17192440002691,551.9684943999455
908935816,689120544,66772386,210153226,412.5,347.9852726768764,1000.0,100.0,-5.427101135253906,-0.6895588,0.15715368,-0.42982423,-0.8892758,0.5284271771088243,0.30114126195722796,0.8877373337745667,0.052392810583114624,-4.661731719970703,417.9270961297771,-1.2646236270666122,0.3478105846024399,-0.8920235633850098,-1.9813545942306519,-0.02000515256077051,0.0012200791991993011,-0.018616503104567528,-0.02196480520069599,0.9695571064949036,0.0013136494345165014,0.9708400964736938,0.9677875638008118,1.3880217373371124,0.0013550901135325306,1.3893450498580933,1.3861958980560303,4.858772277832031,27,412.5,347.9852726768764,1000.0,100.0,58.1182861328125,-4.7977276,0.015048576,-4.7744913,-4.82625,-67.17856,18.140896,-23.97173,-77.22,-280.1489562988281,354.3817226452882,128.0,0.0,128,128,0.00015338575286223742,0.0015431087160264732,0.02701716134791496,0.0,2.8325113422578516,5.05573464325471,22.498611289689446,0.7019444619732739,0.012626447905429565,0.009635565732900952,0.04320960981722335,0.0028409050555325915,0.6185433171887422,0.3017960532343169,0.9374414099118804,0.0,0.8622876431669204,0.23768933248951457,1.2423403198640133,0.04944824067983187,-122.13214472841454,230.76736810458618,88.5,-1349.5,11.948936933788879,37.01973144890431,213.0,-1.0,-325.712890625,581.5855597169963,-1.0,-2698.0,129.08037321005418,229.76126622771073,1348.5,0.33449400781347277,0.0006947738303756039,0.00026361644081108343,0.0010976948408342481,0.0004086636697997548,1.0,0.0,1.0,1.0,0.0,0.0,0.0,0.0,0.025887241991967444,0.00490635589023878,0.0331132889769448,0.020211300398656703,0.8364190286481721,0.3679440339021641,0.999861668280202,0.0,0.0,0.0,0.0,0.0,0.00014664914275330126,0.0015099571826179571,0.026315789473683515,0.0,0.16343432220871187,0.36800606905558264,0.9999999999999944,0.0,0.0,0.0,0.0,0.0,0.9953194077837779,0.021015676858433828,0.9999999999999998,0.8888888866665695,0.1642790415746686,0.3454109909690182,0.9944134078212236,0.0,0.0057577003154796035,0.02107086691183538,0.20987654320985324,0.0,0.9985284036481631,0.005477743767437757,0.9999999999999944,0.944444444444392,0.005128466042235031,0.01481919065888111,0.13331309864072433,0.0,14.0,3.774917217635375,16,5,4.125,3.4798527267687636,10.0,1.0,1768.375,1803.8701406628472,4829,31,0.0,0.0,0.0,0.0,412.5,347.9852726768764,1000.0,100.0,19.27688450523302,13.757597635661265,40.073068576582,0.03424000000000001,1.4999968698248267e-06,0.00906310000573285,21.978873999993084,0.8353384999936679,22.823277099989355,574.7948371999228
1037548823,362448527,229190383,283090007,412.5,347.9852726768764,1000.0,100.0,-5.427101135253906,-0.6895588,0.15715368,-0.42982423,-0.8892758,0.5284271771088243,0.30114126195722796,0.8877373337745667,0.052392810583114624,-4.661731719970703,417.9270961297771,-1.2646236270666122,0.3478105846024399,-0.8920235633850098,-1.9813545942306519,-0.02000515256077051,0.0012200791991993011,-0.018616503104567528,-0.02196480520069599,0.9695571064949036,0.0013136494345165014,0.9708400964736938,0.9677875638008118,1.3880217373371124,0.0013550901135325306,1.3893450498580933,1.3861958980560303,4.8587188720703125,28,50.0,50.0,100.0,0.0,-273.94354248046875,-4.803889,0.005082464,-4.795976,-4.810159,-70.85613,10.394104,-52.853558,-76.96255,1316.16748046875,323.9435503807594,128.0,0.0,128,128,0.00031461345413738746,0.0020512924273190067,0.02701716134791496,0.0,1.439469681097655,2.6203278875656646,22.498611289689432,0.7019444619732739,0.020410744588581036,0.01024286305729197,0.04320960981722335,0.0051947917018397355,0.6323438493448876,0.24097754106681493,0.9332711152589828,0.0,0.8418596468463858,0.24365503586183754,1.2423403198640133,0.04944824067983187,-136.1753627766115,307.49242457436367,88.5,-1349.5,5.371864339080622,27.13294321535668,213.0,-1.0,-338.140625,719.3523316842793,-1.0,-2698.0,153.26757934803607,327.97292862726084,1348.5,0.3418018821278508,0.0010113824925519462,0.00014949737254552683,0.0010976948408342481,0.0007524454477050414,1.0,0.0,1.0,1.0,0.0,0.0,0.0,0.0,0.031690071005954876,0.002465085835999638,0.0331132889769448,0.0274204170929851,0.9066490591065779,0.28827837016638375,0.9998284145499099,0.0,0.0,0.0,0.0,0.0,0.0003082181387035757,0.00201464706700294,0.026315789473683515,0.0,0.09304272275424341,0.28837079262233484,0.9999999999999944,0.0,0.0,0.0,0.0,0.0,0.9957365428513829,0.020937092992958192,0.9999999999999998,0.8888888866665695,0.11545976249328871,0.25976848829978955,0.9944134078212236,0.0,0.00612849608592561,0.017118797214021694,0.20987654320985324,0.0,0.9984459341065702,0.004418908312310306,0.9999999999999944,0.944444444444392,0.0058900584581552985,0.012616972531740111,0.13331309864072433,0.0,14.75,2.165063509461097,16,11,0.5,0.5,1.0,0.0,100.0,132.15332004910056,328,8,0.0,0.0,0.0,0.0,50.0,50.0,100.0,0.0,4.673965000000001,8.029981403669316,18.582300000000004,0.03424000000000001,1.5999976312741637e-06,0.007142699992982671,5.457751800000551,0.3408742999890819,5.805770399980247,580.6037734999263
318332697,489361351,630194419,887063900,319.9095022624434,276.95289619516853,800.0,0.0,-88.2158432006836,-0.6335358,0.16849726,-0.3955176,-0.8502754,-0.03135885794957479,0.6804605613137956,0.8089665174484253,-0.9739019870758057,42.570098876953125,408.1253367430437,-1.572885622580846,0.8332992001459287,-0.9125255942344666,-3.361382007598877,-0.01690613167981307,0.0014383838736033619,-0.015412615612149239,-0.018839241936802864,0.9660887718200684,0.0012507036128685662,0.9672814607620239,0.9640680551528931,1.3844381372133892,0.001294946481954757,1.3856728076934814,1.3823450803756714,4.856985092163086,29,319.9095022624434,276.95289619516853,800.0,0.0,-3.6306304931640625,-4.7961764,0.014074264,-4.769341,-4.812759,-73.53031,7.0583777,-57.753105,-76.85616,19.945167541503906,323.54014556892776,128.0,0.0,128,128,0.0001592110488195801,0.0014879798540248011,0.02701716134791496,0.0,2.810822147222884,5.034817941133075,22.498611289689446,0.7019444619732739,0.013846103855304442,0.01006379021129807,0.04320960981722335,0.0028409050555325915,0.6268275326094737,0.30049162147562414,0.9374414099118804,0.0,0.874241581600493,0.22263113050331418,1.2423403198640133,0.04944824067983187,-127.30843770150413,248.9173118122971,88.5,-1349.5,10.895270926649454,34.88379903286042,213.0,-1.0,-342.6940104166667,625.7949601519853,-1.0,-2698.0,135.12533447187775,250.6870550484709,1348.5,0.33449400781347277,0.0007142423053560698,0.00029436506444916794,0.0010976948408342481,0.0004086636697997548,1.0,0.0,1.0,1.0,0.0,0.0,0.0,0.0,0.02614559289057855,0.005482105881344312,0.0331132889769448,0.020211300398656703,0.8399601786920791,0.3650531198717877,0.999861668280202,0.0,0.0,0.0,0.0,0.0,0.0001527330163485166,0.0014590073930054004,0.026315789473683515,0.0,0.1598870882911939,0.36511709266441916,0.9999999999999944,0.0,0.0,0.0,0.0,0.0,0.9954097766595456,0.02082954051448287,0.9999999999999998,0.8888888866665695,0.16432576748688812,0.34189453599487196,0.9944134078212236,0.0,0.004653186300617513,0.017626666391993714,0.20987654320985324,0.0,0.9988143453587371,0.004577367016307112,0.9999999999999944,0.944444444444392,0.004342916001846986,0.012538134709089741,0.13331309864072433,0.0,15.333333333333334,1.4907119849998596,16,12,3.3333333333333335,2.6874192494328497,8.0,0.0,1743.1666666666667,2146.840113334531,5872,26,0.0,0.0,0.0,0.0,319.9095022624434,276.95289619516853,800.0,0.0,19.831151930523912,16.3350032284479,41.114257304610874,0.037520000000000005,1.600012183189392e-06,0.007443900001817383,15.377609300005133,0.6937942000076873,16.07884900002682,596.6857714999642
383564362,47154366,857955630,992203680,319.9095022624434,276.95289619516853,800.0,0.0,-88.2158432006836,-0.6335358,0.16849726,-0.3955176,-0.8502754,-0.03135885794957479,0.6804605613137956,0.8089665174484253,-0.9739019870758057,42.570098876953125,408.1253367430437,-1.572885622580846,0.8332992001459287,-0.9125255942344666,-3.361382007598877,-0.01690613167981307,0.0014383838736033619,-0.015412615612149239,-0.018839241936802864,0.9660887718200684,0.0012507036128685662,0.9672814607620239,0.9640680551528931,1.3844381372133892,0.001294946481954757,1.3856728076934814,1.3823450803756714,4.85610294342041,30,820.0,435.4308211415448,1600.0,500.0,446.8138732910156,-4.799411,0.027620248,-4.7462726,-4.8256655,-59.620018,22.207796,-23.731361,-77.21065,-2150.4140625,373.186131012035,128.0,0.0,128,128,6.157967131688929e-06,6.343757034573486e-05,0.000721018013948382,0.0,3.3075750744631067,5.580940554343771,22.498611289689446,0.995254288531368,0.007428218495092316,0.004926849723632944,0.02272724044426073,0.0028409050555325915,0.6182015798880192,0.32632735119418355,0.9374414099118804,0.0,0.8962035383836368,0.21483132002368047,1.0513257006823604,0.051105174559028015,-96.86692884326783,170.4716294783131,88.5,-608.25,11.215864207101305,33.2058319814495,178.0,-1.0,-262.8609375,457.9695483589723,-1.0,-2432.0,94.57037049725537,141.9747380509528,711.5991380920393,0.33449400781347277,0.0004979658244906483,4.465107734544669e-05,0.0005202913631633715,0.0004086636697997548,1.0,0.0,1.0,1.0,0.0,0.0,0.0,0.0,0.02228542927915788,0.0010370644402505874,0.02280396149928317,0.020211300398656703,0.8017746237342642,0.3970177559529805,0.999861668280202,0.0,0.0,0.0,0.0,0.0,2.299943805037218e-06,2.3642537600750556e-05,0.00024636610002463656,0.0,0.19822307632157887,0.3970189035637485,0.9999999999999944,0.0,0.0,0.0,0.0,0.0,0.9944543546492163,0.022743752118812098,0.9999999999999998,0.8888888866668231,0.18616593892862093,0.37613120427110996,0.9944134078212236,0.0,0.005235911711048036,0.02402386877323153,0.20987654320985324,0.0,0.9986496237342533,0.00629085221363968,0.9999999999999944,0.944444444444392,0.004378442301959718,0.016158854473383014,0.13331309864072433,0.0,12.4,4.586937976471886,16,5,8.2,4.354308211415448,16.0,5.0,5009.6,4775.951532417388,13984,1400,0.0,0.0,0.0,0.0,820.0,435.4308211415448,1600.0,500.0,22.709284831901215,7.2285922551882775,37.151160000000004,18.619811696094082,1.6999983927235007e-06,0.009092299995245412,30.42793909998727,0.5403171999932965,30.977350299974205,627.6662583999423
439523032,143660183,704615095,858727745,503.85496183206106,298.044351211894,900.0,0.0,86.15665435791016,-0.76686925,0.12731428,-0.5817392,-0.87934333,0.24027384966611862,0.4056516876738053,0.7501897811889648,-0.2262510359287262,-56.105464935302734,417.69829925194546,-1.07461519241333,0.22130470089817564,-0.888992965221405,-1.4090664386749268,-0.0163844283670187,0.0011423244146136157,-0.014883523806929588,-0.018427429720759392,0.965647566318512,0.0007594316637302257,0.9660390615463257,0.9641291499137878,1.3839818477630614,0.0007869050817237507,1.384387493133545,1.3824084997177124,4.856986045837402,31,503.85496183206106,298.044351211894,900.0,0.0,117.6019287109375,-4.798405,0.008967599,-4.783164,-4.809336,-76.77448,0.14348158,-76.530624,-76.94938,-564.5791015625,386.2530140940376,128.0,0.0,128,128,7.128104261037193e-05,0.000871956269935226,0.016126934718260072,0.0,2.9054330179717627,5.151725825264634,22.498611289689446,0.7019444619732739,0.01073701000050025,0.008749124834802668,0.04320960981722335,0.0028409050555325915,0.6257934020971632,0.3099735751857327,0.9374414099118804,0.0,0.8921003246562476,0.21236798948235538,1.2423403198640133,0.051105174559028015,-107.34801183640452,218.1283716761492,88.5,-1349.5,9.339425587395741,30.542456843426855,178.0,-1.0,-286.2625,550.6236803332654,-1.0,-2698.0,109.4193766543186,210.38202075175403,1348.5,0.33449400781347277,0.0006134465200248236,0.00024595369552120805,0.0010976948408342481,0.0004086636697997548,1.0,0.0,1.0,1.0,0.0,0.0,0.0,0.0,0.024347294774690206,0.004496548379134327,0.0331132889769448,0.020211300398656703,0.825328058569849,0.3780996549044118,0.999861668280202,0.0,0.0,0.0,0.0,0.0,6.71151465094444e-05,0.000858507236912064,0.01587301587301562,0.0,0.1746048262832547,0.3781296722747128,0.9999999999999944,0.0,0.0,0.0,0.0,0.0,0.9947519404388508,0.022335937401138442,0.9999999999999998,0.8888888866665695,0.17156051083499374,0.3545094776818406,0.9944134078212236,0.0,0.004809221071844491,0.021150034413245693,0.20987654320985324,0.0,0.9987655585698387,0.005532839792445074,0.9999999999999944,0.944444444444392,0.004252494032544353,0.014370045549122601,0.13331309864072433,0.0,16.0,0.0,16,16,5.2,3.059411708155671,9.0,0.0,2735.0,2123.687359288085,5915,39,0.0,0.0,0.0,0.0,503.85496183206106,298.044351211894,900.0,0.0,19.12780039184584,11.859257677103749,37.490971959229206,0.037520000000000005,1.6999983927235007e-06,0.007407000011880882,19.509021699996083,0.6156254999950761,20.132055900001433,647.8017126999184
834942321,1043933005,705144579,174377856,503.85496183206106,298.044351211894,900.0,0.0,86.15665435791016,-0.76686925,0.12731428,-0.5817392,-0.87934333,0.24027384966611862,0.4056516876738053,0.7501897811889648,-0.2262510359287262,-56.105464935302734,417.69829925194546,-1.07461519241333,0.22130470089817564,-0.888992965221405,-1.4090664386749268,-0.0163844283670187,0.0011423244146136157,-0.014883523806929588,-0.018427429720759392,0.965647566318512,0.0007594316637302257,0.9660390615463257,0.9641291499137878,1.3839818477630614,0.0007869050817237507,1.384387493133545,1.3824084997177124,4.85687255859375,32,520.0,292.5747767665559,800.0,0.0,120.37227630615234,-4.795954,0.011206089,-4.7831984,-4.8160706,-65.255585,23.061867,-19.132793,-77.05713,-577.9380493164062,399.6277126846339,128.0,0.0,128,128,7.254503254761799e-05,0.0008724233251251364,0.016126934718260072,0.0,3.2155822339172317,5.490709961272141,22.498611289689446,0.7019444619732739,0.011127155664794944,0.008796523069561536,0.04320960981722335,0.0028409050555325915,0.6299366207905347,0.31867790028865933,0.9374414099118804,0.0,0.9002362942578973,0.19821735558817516,1.2423403198640133,0.051105174559028015,-117.07560338412031,225.33554443339293,88.5,-1349.5,10.848206423751218,32.92745851901276,178.0,-1.0,-323.1234375,585.9558740431601,-1.0,-2698.0,119.76762405805957,216.49565641674687,1348.5,0.33449400781347277,0.0005911209813521002,0.000258159673773415,0.0010976948408342481,0.0004086636697997548,1.0,0.0,1.0,1.0,0.0,0.0,0.0,0.0,0.02382876255456491,0.004784870535187751,0.0331132889769448,0.020211300398656703,0.816250903874294,0.3860965747116449,0.999861668280202,0.0,0.0,0.0,0.0,0.0,6.749035515803915e-05,0.000858530279322546,0.01587301587301562,0.0,0.18368160577018106,0.3861277265321304,0.9999999999999944,0.0,0.0,0.0,0.0,0.0,0.9950134039640364,0.02154065483170601,0.9999999999999998,0.8888888866665695,0.18140507791284327,0.3640684549426406,0.9944134078212236,0.0,0.0036592031770805973,0.01749464280731491,0.20987654320985324,0.0,0.9990634038742842,0.004573632995339533,0.9999999999999944,0.944444444444392,0.003391323560977411,0.011971175024134174,0.13331309864072433,0.0,13.6,4.8,16,4,5.2,2.9257477676655586,8.0,0.0,3112.6,2525.161745314545,6679,39,0.0,0.0,0.0,0.0,520.0,292.5747767665559,800.0,0.0,22.71148877940567,13.900054244293086,37.60896222849846,0.037520000000000005,1.4999968698248267e-06,0.009773500001756474,26.491277599998284,0.5837112000008347,27.084763799997745,674.8896804999531
214548472,66508029,154173901,194758406,428.57142857142856,319.43828249996994,1000.0,100.0,9.785810470581055,-0.75246507,0.059412282,-0.67981833,-0.85623336,-0.46959100663661957,0.12667677012770162,-0.22196631133556366,-0.6007353067398071,-15.429217338562012,418.78561218389376,-1.0315586243356978,0.0748077967122988,-0.9067564606666565,-1.1274843215942383,-0.017751582765153477,0.0005301944499569805,-0.01697191409766674,-0.01834576390683651,0.9639877166066851,0.0015822888594845597,0.9653587341308594,0.9621606469154358,1.3822604247501917,0.0016417835981024464,1.3836829662322998,1.3803646564483643,4.856781005859375,33,428.57142857142856,319.43828249996994,1000.0,100.0,26.049335479736328,-4.7911735,0.023547797,-4.75058,-4.831323,-70.44708,14.955691,-33.81926,-76.87111,-125.38130187988281,402.52208427331334,128.0,0.0,128,128,0.00011899900950116554,0.0015728593905568948,0.02701716134791496,0.0,3.3549130831641207,5.610665739836198,22.498611289689446,0.9934741878748047,0.009249201401224883,0.00702532077264525,0.03896093776379802,0.0028409050555325915,0.6025192248125217,0.3193803701292411,0.9374414099118804,0.0,0.846854604570814,0.2562032760716226,1.1086976328971505,0.04944824067983187,-117.71926394679788,176.84429904812208,88.5,-608.25,16.49350020936335,43.48699846844788,213.0,-1.0,-320.4609375,481.7277343907697,-1.0,-2432.0,121.91107623977496,158.96698016110778,711.5991380920393,0.33449400781347277,0.0005878923441487681,0.00014862166365265961,0.0007524454477050414,0.0004086636697997548,1.0,0.0,1.0,1.0,0.0,0.0,0.0,0.0,0.024041682153547867,0.0030857993404190586,0.0274204170929851,0.020211300398656703,0.810693386081853,0.389497668745692,0.999861668280202,0.0,0.0,0.0,0.0,0.0,0.00011086599334976023,0.0015313036885507803,0.026315789473683515,0.0,0.18919574792450153,0.38954850765533416,0.9999999999999944,0.0,0.0,0.0,0.0,0.0,0.9952996190449618,0.020674087772954864,0.9999999999999998,0.8888888866668229,0.17994288937961814,0.37101692046504625,0.9944134078212236,0.0,0.007044743545509746,0.024977171407161172,0.20987654320985324,0.0,0.9981933860818437,0.006493394923606496,0.9999999999999944,0.944444444444392,0.005934086434036036,0.017478500533294375,0.13331309864072433,0.0,14.714285714285714,3.1493439550069438,16,7,4.285714285714286,3.1943828249996993,10.0,1.0,2340.0,2469.177538024699,7570,187,0.0,0.0,0.0,0.0,428.57142857142856,319.43828249996994,1000.0,100.0,24.375407139768704,8.531715331654148,38.49418914256096,18.582300000000004,1.5999976312741637e-06,0.010731999995186925,24.778286800006754,0.7317882000061218,25.520808600005694,700.4136204999522
703492660,601149909,63948230,182121986,428.57142857142856,319.43828249996994,1000.0,100.0,9.785810470581055,-0.75246507,0.059412282,-0.67981833,-0.85623336,-0.46959100663661957,0.12667677012770162,-0.22196631133556366,-0.6007353067398071,-15.429217338562012,418.78561218389376,-1.0315586243356978,0.0748077967122988,-0.9067564606666565,-1.1274843215942383,-0.017751582765153477,0.0005301944499569805,-0.01697191409766674,-0.01834576390683651,0.9639877166066851,0.0015822888594845597,0.9653587341308594,0.9621606469154358,1.3822604247501917,0.0016417835981024464,1.3836829662322998,1.3803646564483643,4.856962203979492,34,360.0,215.40659228538016,600.0,100.0,-38.269866943359375,-4.7956505,0.017356284,-4.7750897,-4.822324,-76.73041,0.27770054,-76.401436,-77.15718,183.85467529296875,398.269875845982,128.0,0.0,128,128,0.00011223466730554804,0.0015200163498717,0.02701716134791496,0.0,3.537846745484668,5.786110535955275,22.498611289689446,0.9934741878748047,0.009361889939392864,0.007012722383882886,0.03896093776379802,0.0028409050555325915,0.6060506463669112,0.32513997208338796,0.9374414099118804,0.0,0.8550261152526586,0.24785470895578923,1.1086976328971505,0.04944824067983187,-122.1656632018587,181.6286095626685,88.5,-608.25,17.046926311025835,43.81029766937661,213.0,-1.0,-338.7375,503.8428696962477,-1.0,-2432.0,126.29731096585158,162.5889917008895,711.5991380920393,0.33449400781347277,0.0005685019196345929,0.00015562212761288208,0.0007524454477050414,0.0004086636697997548,1.0,0.0,1.0,1.0,0.0,0.0,0.0,0.0,0.023613479296513355,0.0032493233862601278,0.0274204170929851,0.020211300398656703,0.8046525091080141,0.3944975445918405,0.999861668280202,0.0,0.0,0.0,0.0,0.0,0.0001038533819026022,0.0014796428304274531,0.026315789473683515,0.0,0.19524363750979584,0.3945461655754373,0.9999999999999944,0.0,0.0,0.0,0.0,0.0,0.9954001462003566,0.020307110288423007,0.9999999999999998,0.8888888866668229,0.18626449959626135,0.376764332726714,0.9944134078212236,0.0,0.006234144019687296,0.023225582730799714,0.20987654320985324,0.0,0.9984025091080051,0.006033482380495161,0.9999999999999944,0.944444444444392,0.0053136745422907835,0.016327410668168976,0.13331309864072433,0.0,16.0,0.0,16,16,3.6,2.154065922853802,6.0,1.0,1744.6,1260.4284350965745,3380,290,0.0,0.0,0.0,0.0,360.0,215.40659228538016,600.0,100.0,26.68888329968879,9.245411998401698,38.68142107967561,18.582000119123457,1.4999968698248267e-06,0.007144100003642961,17.101210099994205,0.7111267000000225,17.81948239999474,718.2365274999465
835778124,127995867,371751061,571769547,231.42445207655047,265.6822187725549,815.9533073929961,0.0,-168.6250457763672,-0.7788187,0.12634473,-0.4918344,-0.8810811,0.06507779657840729,0.4381577900796806,0.839124858379364,-0.4691009521484375,120.04450988769531,400.0494961731594,-1.0589002881731306,0.27051077346655783,-0.8866239786148071,-1.7096679210662842,-0.021977872986878668,0.0014870215982327533,-0.020381031557917595,-0.024198276922106743,0.9646585413387844,0.0013459456413054715,0.9666484594345093,0.9634016156196594,1.3829564877918787,0.0013946668813230399,1.3850181102752686,1.3816536664962769,4.855531692504883,35,231.42445207655047,265.6822187725549,815.9533073929961,0.0,-150.160888671875,-4.7832656,0.02744905,-4.7489505,-4.8325233,-73.08046,8.138902,-53.157753,-76.88051,723.35546875,381.58533346903886,128.0,0.0,128,128,0.0002120319744707127,0.001879015466291373,0.02701716134791496,0.0,2.7804244310336292,4.985385202546486,22.498611289689446,0.7019444619732739,0.013976046408950506,0.01000566843782632,0.04320960981722335,0.0028409050555325915,0.6133646851112989,0.2957077853314342,0.9374414099118804,0.0,0.8409928706745438,0.25208716160753614,1.2423403198640133,0.04944824067983187,-132.69223965127887,238.82735646495388,88.5,-1349.5,13.812873609783976,40.92318637497289,213.0,-1.0,-353.89174107142856,601.145213339569,-1.0,-2698.0,143.12394217843675,241.68059603279315,1348.5,0.3418018821278508,0.0007528647663404469,0.0002604295566270642,0.0010976948408342481,0.0004086636697997548,1.0,0.0,1.0,1.0,0.0,0.0,0.0,0.0,0.026987204290022614,0.004890904010371735,0.0331132889769448,0.020211300398656703,0.8443411501326885,0.3603059477063678,0.999861668280202,0.0,0.0,0.0,0.0,0.0,0.00020345914007034187,0.0018369328095482606,0.026315789473683515,0.0,0.15545539072689557,0.3603890383675597,0.9999999999999944,0.0,0.0,0.0,0.0,0.0,0.9957247416015826,0.020009545662774745,0.9999999999999998,0.8888888866665695,0.15907799210300783,0.33866665616227176,0.9944134078212236,0.0,0.006435185489504683,0.02098790959128191,0.20987654320985324,0.0,0.9983590072755375,0.005431711941845827,0.9999999999999944,0.944444444444392,0.00575416033487123,0.015100770121081662,0.13331309864072433,0.0,15.285714285714286,1.7496355305594127,16,11,2.5714285714285716,3.0169588688489823,9.0,0.0,1484.5714285714287,2111.861931170343,6348,31,0.0,0.0,0.0,0.0,231.42445207655047,265.6822187725549,815.9533073929961,0.0,18.681651646966305,13.9326288573277,37.241428282695175,0.03424000000000001,1.3999961083754897e-06,0.009332799992989749,14.653855700002168,0.7798999999940861,15.443089899985353,733.6830010999256
658856199,175183949,590449352,850318411,231.42445207655047,265.6822187725549,815.9533073929961,0.0,-168.6250457763672,-0.7788187,0.12634473,-0.4918344,-0.8810811,0.06507779657840729,0.4381577900796806,0.839124858379364,-0.4691009521484375,120.04450988769531,400.0494961731594,-1.0589002881731306,0.27051077346655783,-0.8866239786148071,-1.7096679210662842,-0.021977872986878668,0.0014870215982327533,-0.020381031557917595,-0.024198276922106743,0.9646585413387844,0.0013459456413054715,0.9666484594345093,0.9634016156196594,1.3829564877918787,0.0013946668813230399,1.3850181102752686,1.3816536664962769,4.857006072998047,36,371.42857142857144,305.72763655760997,800.0,0.0,-9.141096115112305,-4.7955813,0.015776621,-4.76644,-4.8123045,-76.7293,0.25242594,-76.26304,-76.99687,46.821434020996094,380.5696572649921,128.0,0.0,128,128,0.00013716575287313194,0.0013788171870746126,0.02701716134791496,0.0,2.837479820264992,5.067015750521322,22.498611289689446,0.7019444619732739,0.01287352799466061,0.009768485532292018,0.04320960981722335,0.0028409050555325915,0.6250033652644985,0.30303968569248046,0.9374414099118804,0.0,0.8762167226264206,0.22343055471675471,1.2423403198640133,0.04944824067983187,-121.5699947863681,238.63100900033663,88.5,-1349.5,10.725529847234652,34.34041261160495,213.0,-1.0,-326.0234375,600.7761316731745,-1.0,-2698.0,127.85344713211157,237.94072753792247,1348.5,0.33449400781347277,0.00068653502789997,0.00028085274800105454,0.0010976948408342481,0.0004086636697997548,1.0,0.0,1.0,1.0,0.0,0.0,0.0,0.0,0.02566821697753635,0.0052084024886227265,0.0331132889769448,0.020211300398656703,0.8358018357974706,0.36879797560460503,0.999861668280202,0.0,0.0,0.0,0.0,0.0,0.00013118897617822028,0.00135183367742608,0.026315789473683515,0.0,0.16406697522597372,0.368853855364982,0.9999999999999944,0.0,0.0,0.0,0.0,0.0,0.9952359358687577,0.021234634854310496,0.9999999999999998,0.8888888866665695,0.16603942525315718,0.3456203802195966,0.9944134078212236,0.0,0.00490072105850243,0.019203983616637693,0.20987654320985324,0.0,0.99874826436889,0.00499885226995959,0.9999999999999944,0.944444444444392,0.004471015540658368,0.013451052699383613,0.13331309864072433,0.0,16.0,0.0,16,16,3.7142857142857144,3.0572763655760995,8.0,0.0,1937.142857142857,1700.6966999750787,4736,9,0.0,0.0,0.0,0.0,371.42857142857144,305.72763655760997,800.0,0.0,18.66991473283095,14.022667532360012,37.151160000000004,0.041800000000000004,1.5999976312741637e-06,0.009645300000556745,18.030804399997578,0.8188108000031207,18.859262099998887,752.5457301999413
598187340,610468907,246493716,547970590,102.47524752475246,63.4390053613325,200.0,0.0,-267.8168640136719,-0.64135873,0.17746826,-0.36834776,-0.8541429,-0.1705056130886078,0.6178932523156663,0.7892626523971558,-0.8879173398017883,166.6378936767578,370.29207130831867,-1.3073775887489318,0.3772129692083127,-0.9276646971702576,-1.9213873147964478,-0.024367624893784523,0.0010485127568244934,-0.023843368515372276,-0.02646465040743351,0.9621272087097168,0.00042724609375,0.9629817008972168,0.9619135856628418,1.3803298234939576,0.00044388771057128905,1.3812175989151,1.3801078796386719,4.857152462005615,37,102.47524752475246,63.4390053613325,200.0,0.0,-250.2849578857422,-4.790812,0.018023813,-4.7620378,-4.8085256,-68.08132,17.3744,-33.334263,-76.93641,1199.0345458984375,352.7602162909682,128.0,0.0,128,128,0.0002796424731463521,0.0023069823187937756,0.02701716134791496,0.0,2.4355287121784777,4.510970374314137,22.498611289689432,0.7019444619732739,0.013433915896217263,0.009900348822748718,0.04320960981722335,0.0051947917018397355,0.5890618789748324,0.27818008048548626,0.9332711152589828,0.0,0.7853375695893428,0.29018557242108406,1.2423403198640133,0.04944824067983187,-128.76270591043883,212.89745471175226,88.5,-1349.5,16.475207286178367,46.54207093477944,213.0,-1.0,-327.4328125,519.2270744682329,-1.0,-2698.0,141.82851538028814,218.50654739700494,1348.5,0.3418018821278508,0.0008214953263308827,0.0001380997572516827,0.0010976948408342481,0.0007524454477050414,1.0,0.0,1.0,1.0,0.0,0.0,0.0,0.0,0.02855899146977704,0.00227714875358388,0.0331132889769448,0.0274204170929851,0.8583152934040141,0.3450307459765465,0.9998284145499099,0.0,0.0,0.0,0.0,0.0,0.00026909639675879013,0.002251218421424813,0.026315789473683515,0.0,0.14141561019890955,0.34513367894257746,0.9999999999999944,0.0,0.0,0.0,0.0,0.0,0.9958591329655754,0.019824483959500296,0.9999999999999998,0.8888888866665695,0.14222393093672597,0.32384890717368575,0.9944134078212236,0.0,0.010255739373414691,0.02767192769739915,0.20987654320985324,0.0,0.9973777934040061,0.0071690853594229,0.9999999999999944,0.944444444444392,0.008706469927907311,0.019676762986472907,0.13331309864072433,0.0,14.2,3.6,16,7,1.2,0.7483314773547883,2.0,0.0,359.6,211.4517439038988,699,39,0.0,0.0,0.0,0.0,102.47524752475246,63.4390053613325,200.0,0.0,14.87334404467947,7.417912022339735,18.582300223397336,0.037520000000000005,1.300009898841381e-06,0.009735500003444031,6.954760500011616,0.4440608000004431,7.408558100025402,759.9577122999763
634267172,165032807,710190855,654118701,102.47524752475246,63.4390053613325,200.0,0.0,-267.8168640136719,-0.64135873,0.17746826,-0.36834776,-0.8541429,-0.1705056130886078,0.6178932523156663,0.7892626523971558,-0.8879173398017883,166.6378936767578,370.29207130831867,-1.3073775887489318,0.3772129692083127,-0.9276646971702576,-1.9213873147964478,-0.024367624893784523,0.0010485127568244934,-0.023843368515372276,-0.02646465040743351,0.9621272087097168,0.00042724609375,0.9629817008972168,0.9619135856628418,1.3803298234939576,0.00044388771057128905,1.3812175989151,1.3801078796386719,4.8589606285095215,38,539.3401207699868,458.5161530007363,1400.358234232658,100.0,167.9219207763672,-4.809353,0.017104544,-4.7888536,-4.8377175,-63.838158,23.569431,-9.655981,-77.07804,-809.2535400390625,371.41820673887,128.0,0.0,128,128,9.155212034353412e-05,0.0011698190709257552,0.02701716134791496,0.0,3.346259300577001,5.615734272090812,22.498611289689446,0.7019444619732739,0.010788780965294011,0.008436234956168019,0.04320960981722335,0.0028409050555325915,0.6225400770389469,0.32127540395713755,0.9374414099118804,0.0,0.8849589964328769,0.21629481336846823,1.2423403198640133,0.04944824067983187,-121.03178661106749,214.85024470345158,88.5,-1349.5,13.14354374442111,37.41999441956691,213.0,-1.0,-335.6372767857143,568.6568851513927,-1.0,-2698.0,124.63861945116709,203.9733115998946,1348.5,0.33449400781347277,0.000588102003466471,0.0002367894001623244,0.0010976948408342481,0.0004086636697997548,1.0,0.0,1.0,1.0,0.0,0.0,0.0,0.0,0.023825075752066625,0.004479490561241046,0.0331132889769448,0.020211300398656703,0.8124942718466563,0.3889104207647613,0.999861668280202,0.0,0.0,0.0,0.0,0.0,8.516040899549713e-05,0.0011437696981982724,0.026315789473683515,0.0,0.1874205677440098,0.38894977651000423,0.9999999999999944,0.0,0.0,0.0,0.0,0.0,0.995210134251294,0.020958367416754463,0.9999999999999998,0.8888888866665695,0.18350370751849773,0.3684471494723013,0.9944134078212236,0.0,0.00438405873310218,0.019013798126244295,0.20987654320985324,0.0,0.9988782004180756,0.004952420015368978,0.9999999999999944,0.944444444444392,0.003945856824835812,0.013240010528748198,0.13331309864072433,0.0,13.285714285714286,4.919764387920733,16,2,6.285714285714286,5.8970764115857985,18.0,1.0,3992.8571428571427,4650.958808324869,12906,8,0.0,0.0,0.0,0.0,539.3401207699868,458.5161530007363,1400.358234232658,100.0,24.09013215559771,12.74053137839794,38.20062284045311,0.03424000000000001,1.5999976312741637e-06,0.007820200000423938,29.416843899991363,0.6844144000060624,30.10908009999548,790.0698604999488
762393540,477862457,419901168,304979452,623.6968937244146,508.2290149302721,1514.6469968387776,0.0,228.06431579589844,-0.5849244,0.1562838,-0.3624289,-0.8391332,-0.07629521489143372,0.7085329619185389,0.8116124868392944,-0.8868513107299805,-84.72518920898438,395.6325535499282,-1.411744236946106,0.3325393512706063,-0.9087064266204834,-1.906567096710205,-0.02753637433052063,0.0014976259116561764,-0.026514530181884766,-0.030369751155376434,0.9627814769744873,0.0010614038795704313,0.9633359313011169,0.9606599807739258,1.3810091257095336,0.0011033780153021449,1.3815854787826538,1.3788037300109863,4.856009483337402,39,623.6968937244146,508.2290149302721,1514.6469968387776,0.0,227.05078125,-4.8045554,0.009232119,-4.7912793,-4.816431,-72.08161,9.689314,-52.70407,-77.0629,-1094.4739990234375,396.6460754374245,128.0,0.0,128,128,7.380902248486404e-05,0.0008728883000844513,0.016126934718260072,0.0,3.5257314498627004,5.793369287955366,22.498611289689446,0.7019444619732739,0.011517301329089638,0.008826438895328054,0.04320960981722335,0.0028409050555325915,0.6340798394839064,0.327098239721754,0.9374414099118804,0.0,0.9083722638595466,0.18261349663494866,1.2423403198640133,0.051105174559028015,-126.80319493183615,231.9115705726226,88.5,-1349.5,12.356987260106699,35.086187307624535,178.0,-1.0,-359.984375,617.0775298784257,-1.0,-2698.0,130.1158714618005,221.95939130928141,1348.5,0.33449400781347277,0.0005687954426793769,0.000267960360185977,0.0010976948408342481,0.0004086636697997548,1.0,0.0,1.0,1.0,0.0,0.0,0.0,0.0,0.02331023033443962,0.005003326236065778,0.0331132889769448,0.020211300398656703,0.8071737491787389,0.39372197232890144,0.999861668280202,0.0,0.0,0.0,0.0,0.0,6.786556380663388e-05,0.0008585531571392949,0.01587301587301562,0.0,0.19275838525710745,0.39375426027848015,0.9999999999999944,0.0,0.0,0.0,0.0,0.0,0.9952748674892218,0.020711561873017186,0.9999999999999998,0.8888888866665695,0.1912496449906928,0.3731231418720785,0.9944134078212236,0.0,0.0025091852823167045,0.012734049470338942,0.20987654320985324,0.0,0.9993612491787296,0.003323627195172904,0.9999999999999944,0.944444444444392,0.002530153089410469,0.008867729397701075,0.13331309864072433,0.0,15.0,2.0,16,11,6.6,5.276362383309168,16.0,0.0,4305.0,4407.190715183539,12489,41,0.0,0.0,0.0,0.0,623.6968937244146,508.2290149302721,1514.6469968387776,0.0,26.198618045726498,14.91409108854337,37.73872,0.037520000000000005,1.4999968698248267e-06,0.010121100000105798,30.507153900005505,0.6050000000104774,31.12227650001296,821.1953143999708
3487954,592003168,970653965,542518282,623.6968937244146,508.2290149302721,1514.6469968387776,0.0,228.06431579589844,-0.5849244,0.1562838,-0.3624289,-0.8391332,-0.07629521489143372,0.7085329619185389,0.8116124868392944,-0.8868513107299805,-84.72518920898438,395.6325535499282,-1.411744236946106,0.3325393512706063,-0.9087064266204834,-1.906567096710205,-0.02753637433052063,0.0014976259116561764,-0.026514530181884766,-0.030369751155376434,0.9627814769744873,0.0010614038795704313,0.9633359313011169,0.9606599807739258,1.3810091257095336,0.0011033780153021449,1.3815854787826538,1.3788037300109863,4.8558573722839355,40,457.49758142534665,396.1158208213167,1200.0,0.0,54.766361236572266,-4.8052945,0.015572036,-4.7713146,-4.82211,-69.99599,16.765526,-28.932661,-77.06884,-263.4229736328125,402.7312260362167,128.0,0.0,128,128,0.0001289852311423245,0.0014792139670789426,0.02701716134791496,0.0,3.3177316059613204,5.5817579987174915,22.498611289689446,0.7019444619732739,0.011340040172438956,0.008724532341891099,0.04320960981722335,0.0028409050555325915,0.6167207369623471,0.3178491813478191,0.9374414099118804,0.0,0.8673470704569384,0.23284098633642117,1.2423403198640133,0.04944824067983187,-126.59290904352285,215.0451433646328,88.5,-1349.5,14.687215625695773,40.532644713699185,213.0,-1.0,-349.57142857142856,568.7870390496046,-1.0,-2698.0,132.27386697432965,206.4203507377348,1348.5,0.33449400781347277,0.0006212668726867096,0.0002411862543695654,0.0010976948408342481,0.0004086636697997548,1.0,0.0,1.0,1.0,0.0,0.0,0.0,0.0,0.024484569408309755,0.0046182886700570115,0.0331132889769448,0.020211300398656703,0.8167639290142653,0.38519188794415343,0.999861668280202,0.0,0.0,0.0,0.0,0.0,0.00012129549094155794,0.001444394435894712,0.026315789473683515,0.0,0.18311477549447078,0.38524683789532416,0.9999999999999944,0.0,0.0,0.0,0.0,0.0,0.9954545371177065,0.02034850386718156,0.9999999999999998,0.8888888866665695,0.180022990943423,0.3653872222206789,0.9944134078212236,0.0,0.005151290948603307,0.019968866907040733,0.20987654320985324,0.0,0.9986835718713994,0.005183860348214592,0.9999999999999944,0.944444444444392,0.004587429221942244,0.014139822077328765,0.13331309864072433,0.0,14.571428571428571,3.499271061118826,16,6,4.714285714285714,4.060762972443399,12.0,0.0,3193.8571428571427,3547.7648266628553,10761,31,0.0,0.0,0.0,0.0,457.49758142534665,396.1158208213167,1200.0,0.0,24.41268478632062,13.180170045154025,38.369200000000006,0.03424000000000001,1.4999968698248267e-06,0.009512799995718524,22.875166600002558,0.8760271999926772,23.760708099987824,844.9599090999545
572545303,816922492,531168081,634578823,330.7714285714286,290.0760969828716,815.4,100.0,-58.37501907348633,-0.692985,0.14778268,-0.4370818,-0.87164587,-0.008659741708210536,0.5807057665051659,0.909167468547821,-0.7371515035629272,48.47615051269531,389.1464410520783,-1.2232048426355635,0.4163800686883268,-0.8979791402816772,-2.1891465187072754,-0.03287336017404284,0.001242989945482744,-0.031266942620277405,-0.03502896428108215,0.957245009286063,0.0019241116333910963,0.9594640135765076,0.9553122520446777,1.3752405984061105,0.002009672673205672,1.3775579929351807,1.373221516609192,4.85699987411499,41,330.7714285714286,290.0760969828716,815.4,100.0,-64.7638168334961,-4.7916822,0.011938663,-4.775609,-4.8116417,-76.666916,0.19101861,-76.409744,-76.98627,309.2688293457031,395.53524628973787,128.0,0.0,128,128,0.00016551549198593913,0.0017333368615636583,0.02701716134791496,0.0,3.067668757098875,5.315009608065374,22.498611289689446,0.7019444619732739,0.011612623905087696,0.008962144406050511,0.04320960981722335,0.0028409050555325915,0.6079419549619104,0.30781953084076613,0.9374414099118804,0.0,0.8439237376226789,0.25417045036678776,1.2423403198640133,0.04944824067983187,-125.20575179903837,210.26710073449826,88.5,-1349.5,15.153186909573662,42.24582286072045,213.0,-1.0,-337.1763392857143,544.9752227927686,-1.0,-2698.0,132.51750920910584,204.82309943091624,1348.5,0.33449400781347277,0.0006703785552446075,0.00022750813492460916,0.0010976948408342481,0.0004086636697997548,1.0,0.0,1.0,1.0,0.0,0.0,0.0,0.0,0.025514443221785237,0.0043463289070336366,0.0331132889769448,0.020211300398656703,0.8275172681072708,0.37556284156165065,0.999861668280202,0.0,0.0,0.0,0.0,0.0,0.00015716256671005104,0.001691670753836854,0.026315789473683515,0.0,0.17232556932569856,0.37563113864794506,0.9999999999999944,0.0,0.0,0.0,0.0,0.0,0.9955121803232723,0.020345640656767035,0.9999999999999998,0.8888888866665695,0.1695104407413129,0.35536342751940764,0.9944134078212236,0.0,0.0067399645175072135,0.02307094732587235,0.20987654320985324,0.0,0.9982761966786907,0.005986709757580095,0.9999999999999944,0.944444444444392,0.005844123384453633,0.016333208898478963,0.13331309864072433,0.0,16.0,0.0,16,16,3.4285714285714284,3.1102201510110348,9.0,1.0,1653.7142857142858,1898.1359814517064,5240,33,0.0,0.0,0.0,0.0,330.7714285714286,290.0760969828716,815.4,100.0,21.537582261567223,11.84261172141586,38.033758423046756,0.6898000000000001,1.8999999156221747e-06,0.009998300010920502,22.90232300000207,0.8055491999984952,23.7178724000114,868.6813318999339
4047737,446415000,424765130,56835548,330.7714285714286,290.0760969828716,815.4,100.0,-58.37501907348633,-0.692985,0.14778268,-0.4370818,-0.87164587,-0.008659741708210536,0.5807057665051659,0.909167468547821,-0.7371515035629272,48.47615051269531,389.1464410520783,-1.2232048426355635,0.4163800686883268,-0.8979791402816772,-2.1891465187072754,-0.03287336017404284,0.001242989945482744,-0.031266942620277405,-0.03502896428108215,0.957245009286063,0.0019241116333910963,0.9594640135765076,0.9553122520446777,1.3752405984061105,0.002009672673205672,1.3775579929351807,1.373221516609192,4.858792304992676,42,328.9906481780071,198.10254025399192,700.0,100.0,-59.89015197753906,-4.796398,0.012506859,-4.782301,-4.8218994,-67.79725,18.14481,-24.109497,-76.88115,287.335693359375,388.8807864785648,128.0,0.0,128,128,0.00012808238118714872,0.0014790518099643643,0.02701716134791496,0.0,3.096196451714557,5.352013044218971,22.498611289689446,0.7019444619732739,0.01106136469794275,0.008699031934103416,0.04320960981722335,0.0028409050555325915,0.6137612950385102,0.3115201760836852,0.9374414099118804,0.0,0.8615356635986174,0.24082400050578898,1.2423403198640133,0.04944824067983187,-119.644629366583,210.0310436891887,88.5,-1349.5,13.609515028299,39.287515289079195,213.0,-1.0,-323.2421875,544.5222865836496,-1.0,-2698.0,124.88226168594328,202.3659389432038,1348.5,0.33449400781347277,0.0006372136860243691,0.00023003462184576471,0.0010976948408342481,0.0004086636697997548,1.0,0.0,1.0,1.0,0.0,0.0,0.0,0.0,0.024854949565542104,0.004357316939335818,0.0331132889769448,0.020211300398656703,0.8232476109396618,0.37949677066606546,0.999861668280202,0.0,0.0,0.0,0.0,0.0,0.00012102748476399024,0.001444394646522907,0.026315789473683515,0.0,0.1766313615752376,0.37955034846695646,0.9999999999999944,0.0,0.0,0.0,0.0,0.0,0.9952677774568597,0.020956259809579637,0.9999999999999998,0.8888888866665695,0.17299115731638764,0.35861097003010295,0.9944134078212236,0.0,0.005972732302006087,0.02230415313863312,0.20987654320985324,0.0,0.9984708252253668,0.005801148446967913,0.9999999999999944,0.944444444444392,0.0052025509873472025,0.015612480389635263,0.13331309864072433,0.0,14.142857142857142,3.7958086444532633,16,5,3.4285714285714284,2.060315014550851,7.0,1.0,1227.7142857142858,978.851909751669,3204,75,0.0,0.0,0.0,0.0,328.9906481780071,198.10254025399192,700.0,100.0,21.530926929304673,11.79898756980538,37.13656,0.037520000000000005,1.500011421740055e-06,0.009666400001151487,22.155405400000745,0.741130800000974,22.906204100014293,891.5906374999759
85589652,457550240,626576524,11975873,525.0,192.0286436967152,700.0,200.0,122.2681884765625,-0.71260756,0.18138131,-0.42043006,-0.8702389,-0.30486682429909706,0.4102442471051786,0.21130074560642242,-0.8376002907752991,-72.26903533935547,402.7317969468705,-1.1148063093423843,0.30494854974526164,-0.872618556022644,-1.6296608448028564,-0.03832125477492809,0.0007504842791400826,-0.03727065771818161,-0.03939313441514969,0.9537332504987717,0.0017400560178366528,0.9548535346984863,0.9507219195365906,1.371565580368042,0.0018263701495607701,1.3727412223815918,1.3684048652648926,4.856507301330566,43,525.0,192.0286436967152,700.0,200.0,122.50729370117188,-4.800743,0.036476184,-4.7512884,-4.8542953,-76.81189,0.58361894,-76.020615,-77.668724,-589.6858520507812,402.49270783070835,128.0,0.0,128,128,7.198190851388362e-05,0.0012032756152370796,0.02701716134791496,0.0,3.335188912872032,5.598348071718797,22.498611289689446,0.9934741878748047,0.008490458523669647,0.006301631861255474,0.03896093776379802,0.0028409050555325915,0.6090535394273123,0.3223858661795477,0.9374414099118804,0.0,0.8674166603261568,0.24106470772113095,1.1086976328971505,0.04944824067983187,-109.0307909869937,174.52040226326415,88.5,-608.25,14.294485208420832,39.61503170476477,213.0,-1.0,-296.4609375,472.8273651388222,-1.0,-2432.0,110.51911551372513,152.71375358718964,711.5991380920393,0.33449400781347277,0.0005504229609578848,0.00012522440671895908,0.0007524454477050414,0.0004086636697997548,1.0,0.0,1.0,1.0,0.0,0.0,0.0,0.0,0.023309910122552034,0.0025985389064709444,0.0274204170929851,0.020211300398656703,0.806977235103691,0.3926731608146439,0.999861668280202,0.0,0.0,0.0,0.0,0.0,6.563013937279231e-05,0.0011708760715682801,0.026315789473683515,0.0,0.1929571347566171,0.3927036642059575,0.9999999999999944,0.0,0.0,0.0,0.0,0.0,0.9949474255467344,0.02156463253278385,0.9999999999999998,0.8888888866668229,0.18253582669170262,0.3731690024722195,0.9944134078212236,0.0,0.006291063614484033,0.02460062322457816,0.20987654320985324,0.0,0.9983834851036811,0.006413725280124162,0.9999999999999944,0.944444444444392,0.005285901379004237,0.01695849632840908,0.13331309864072433,0.0,16.0,0.0,16,16,5.25,1.920286436967152,7.0,2.0,2503.75,1648.2605035309193,4571,404,0.0,0.0,0.0,0.0,525.0,192.0286436967152,700.0,200.0,23.756691787273198,7.8126828847430385,37.23980300782204,18.582300000000004,1.4999968698248267e-06,0.010132099996553734,19.578551400001743,0.5647806999913882,20.153465699986555,911.7477250999509
764895838,564108860,922730985,50118808,525.0,192.0286436967152,700.0,200.0,122.2681884765625,-0.71260756,0.18138131,-0.42043006,-0.8702389,-0.30486682429909706,0.4102442471051786,0.21130074560642242,-0.8376002907752991,-72.26903533935547,402.7317969468705,-1.1148063093423843,0.30494854974526164,-0.872618556022644,-1.6296608448028564,-0.03832125477492809,0.0007504842791400826,-0.03727065771818161,-0.03939313441514969,0.9537332504987717,0.0017400560178366528,0.9548535346984863,0.9507219195365906,1.371565580368042,0.0018263701495607701,1.3727412223815918,1.3684048652648926,4.855937957763672,44,457.2721396250808,249.9720338911173,900.0,200.0,49.30149841308594,-4.779853,0.021553984,-4.7449474,-4.8218603,-73.06151,8.356999,-52.608505,-77.149765,-231.9225311279297,407.9706510101456,128.0,0.0,128,128,0.00011899900950116554,0.0015728593905568948,0.02701716134791496,0.0,3.3549130831641207,5.610665739836198,22.498611289689446,0.9934741878748047,0.009249201401224885,0.0070253207726452506,0.03896093776379802,0.0028409050555325915,0.6025192248125217,0.3193803701292411,0.9374414099118804,0.0,0.846854604570814,0.25620327607162263,1.1086976328971505,0.04944824067983187,-117.71926394679791,176.84429904812208,88.5,-608.25,16.49350020936335,43.48699846844788,213.0,-1.0,-320.4609375,481.7277343907697,-1.0,-2432.0,121.91107623977496,158.96698016110778,711.5991380920393,0.33449400781347277,0.0005878923441487681,0.00014862166365265961,0.0007524454477050414,0.0004086636697997548,1.0,0.0,1.0,1.0,0.0,0.0,0.0,0.0,0.02404168215354786,0.003085799340419058,0.0274204170929851,0.020211300398656703,0.810693386081853,0.38949766874569197,0.999861668280202,0.0,0.0,0.0,0.0,0.0,0.00011086599334976023,0.0015313036885507801,0.026315789473683515,0.0,0.18919574792450153,0.38954850765533416,0.9999999999999944,0.0,0.0,0.0,0.0,0.0,0.9952996190449616,0.020674087772954867,0.9999999999999998,0.8888888866668229,0.17994288937961814,0.37101692046504625,0.9944134078212236,0.0,0.007044743545509745,0.024977171407161172,0.20987654320985324,0.0,0.9981933860818437,0.006493394923606496,0.9999999999999944,0.944444444444392,0.005934086434036036,0.017478500533294375,0.13331309864072433,0.0,15.285714285714286,1.7496355305594127,16,11,4.714285714285714,2.602981022612657,9.0,2.0,2214.5714285714284,2194.002790540149,6853,309,0.0,0.0,0.0,0.0,457.2721396250808,249.9720338911173,900.0,200.0,24.346110793932116,8.148104140428991,37.244442500000005,18.582000119123457,1.4999968698248267e-06,0.013031299997237511,24.001373299994157,0.7208513999939896,24.735257499982254,936.4865338999371
701975890,1065620339,522679137,316934274,272.4993806857342,128.57333343914578,415.52062868369353,100.0,-117.20918273925781,-0.6774536,0.10933729,-0.5102164,-0.7999146,-0.10845135152339935,0.5893727714872987,0.5337734222412109,-0.7595409750938416,77.99585723876953,389.7085553207569,-1.147656520207723,0.12179491554765369,-1.0065243244171143,-1.3703666925430298,-0.0412050262093544,0.0010225949984663388,-0.040285080671310425,-0.04257151484489441,0.9496965010960897,0.002031756950928568,0.9511823654174805,0.9468249082565308,1.3673234184583027,0.0021410208926279685,1.3688890933990479,1.3642973899841309,4.854067802429199,45,272.4993806857342,128.57333343914578,415.52062868369353,100.0,-121.92414855957031,-4.8142166,0.030128246,-4.775976,-4.859082,-77.027466,0.48205194,-76.41562,-77.745316,585.1305541992188,394.42352397770446,128.0,0.0,128,128,9.539787723473558e-05,0.0013885649308510695,0.02701716134791496,0.0,3.706234277611387,5.939574462736327,22.498611289689446,0.9934741878748047,0.009299708474872567,0.0068569730076080675,0.03896093776379802,0.0028409050555325915,0.6108379477493436,0.3310817330571716,0.9374414099118804,0.0,0.8673129988422547,0.2357752236333217,1.1086976328971505,0.04944824067983187,-124.43426850723745,185.57314368515668,88.5,-608.25,17.080936517942067,43.310718829891215,213.0,-1.0,-350.6653645833333,521.938692468973,-1.0,-2432.0,127.90831915691285,164.71892269773187,711.5991380920393,0.33449400781347277,0.0005418622113287866,0.00015404623481948213,0.0007524454477050414,0.0004086636697997548,1.0,0.0,1.0,1.0,0.0,0.0,0.0,0.0,0.023046449480203915,0.0032258383075825553,0.0274204170929851,0.020211300398656703,0.7981214250820189,0.39974784872949054,0.999861668280202,0.0,0.0,0.0,0.0,0.0,8.717794798540454e-05,0.0013512936224104198,0.026315789473683515,0.0,0.2017913969697106,0.39978956976053853,0.9999999999999944,0.0,0.0,0.0,0.0,0.0,0.9954168232919569,0.020163519840029866,0.9999999999999998,0.8888888866668229,0.19281111753688762,0.3824655676492572,0.9944134078212236,0.0,0.0053010933717381565,0.021304974568828263,0.20987654320985324,0.0,0.9986422584153432,0.005533965958199759,0.9999999999999944,0.944444444444392,0.0045836888545243105,0.01499571196835503,0.13331309864072433,0.0,16.0,0.0,16,16,3.0,1.5275252316519468,5.0,1.0,1306.5,954.4044827360498,2838,292,0.0,0.0,0.0,0.0,272.4993806857342,128.57333343914578,415.52062868369353,100.0,28.250208313269436,8.990215152462094,37.261449760493136,18.582000119123457,1.7999991541728377e-06,0.010502299992367625,17.390479399997275,0.8438360000000102,18.244819499988807,954.7348121999385
492830188,158705372,856799847,275167074,272.4993806857342,128.57333343914578,415.52062868369353,100.0,-117.20918273925781,-0.6774536,0.10933729,-0.5102164,-0.7999146,-0.10845135152339935,0.5893727714872987,0.5337734222412109,-0.7595409750938416,77.99585723876953,389.7085553207569,-1.147656520207723,0.12179491554765369,-1.0065243244171143,-1.3703666925430298,-0.0412050262093544,0.0010225949984663388,-0.040285080671310425,-0.04257151484489441,0.9496965010960897,0.002031756950928568,0.9511823654174805,0.9468249082565308,1.3673234184583027,0.0021410208926279685,1.3688890933990479,1.3642973899841309,4.858448028564453,46,159.68327284724515,230.473115412359,700.0,0.0,-211.26622009277344,-4.804143,0.01377027,-4.7859073,-4.825023,-70.66715,9.711311,-53.006516,-76.95353,1017.1739501953125,370.94949886465855,128.0,0.0,128,128,0.0002567427570451348,0.0020129880451291247,0.02701716134791496,0.0,2.0501097964748562,3.9295042702004066,22.498611289689443,0.7019444619732739,0.015782117963820896,0.010642564269679236,0.04320960981722335,0.002915447645120051,0.6128685314130137,0.2685421705276958,0.9332711152589828,0.0,0.8264391900097666,0.26323056480196955,1.2423403198640133,0.04944824067983187,-126.2821681496396,256.458476329469,88.5,-1349.5,10.317159115200747,36.748731394729944,213.0,-1.0,-317.9486607142857,609.9138804460072,-1.0,-2698.0,138.94716457099483,268.05199250778065,1348.5,0.33449400781347277,0.0008672446041116057,0.00021355328045646586,0.0010976948408342481,0.0005202913631633715,1.0,0.0,1.0,1.0,0.0,0.0,0.0,0.0,0.029200725672724696,0.003710054728831936,0.0331132889769448,0.02280396149928317,0.8741323960088992,0.3287577040377502,0.9998607048332052,0.0,0.0,0.0,0.0,0.0,0.00024921970107549737,0.0019704685723431377,0.026315789473683515,0.0,0.12561838428962632,0.328847012951807,0.9999999999999944,0.0,0.0,0.0,0.0,0.0,0.9955637835581997,0.020909942477658514,0.9999999999999998,0.8888888866665695,0.13458187621063192,0.30347310326083066,0.9944134078212236,0.0,0.007773289168307713,0.023268064695570585,0.20987654320985324,0.0,0.9980163245803194,0.006034745979268053,0.9999999999999944,0.944444444444392,0.006894440816098744,0.016537848847212763,0.13331309864072433,0.0,14.714285714285714,2.0503857277724746,16,11,1.7142857142857142,2.249716535431946,7.0,0.0,633.1428571428571,1039.914478430308,3138,33,0.0,0.0,0.0,0.0,159.68327284724515,230.473115412359,700.0,0.0,10.67639858885637,9.21278853024186,18.871050121994585,0.037520000000000005,1.4999968698248267e-06,0.009695399989141151,14.42251540000143,0.6635430000023916,15.095755299989833,969.834171499926
858616074,452304566,336680800,823933417,400.0,331.66247903554,900.0,100.0,9.262298583984375,-0.7706883,0.112248704,-0.5870203,-0.86322623,-0.005078927613794804,0.42674317030068976,0.4979594647884369,-0.6802170276641846,-7.279121398925781,390.7376997886812,-1.001733973622322,0.14144855905037992,-0.8617236018180847,-1.2082082033157349,-0.04516679793596268,0.0012854449450969696,-0.04388135299086571,-0.04645224288105965,0.9434512853622437,0.0023477673530578613,0.9457990527153015,0.9411035180091858,1.360724925994873,0.0024884939193725586,1.3632134199142456,1.3582364320755005,4.853743076324463,47,400.0,331.66247903554,900.0,100.0,26.14544677734375,-4.803088,0.018008403,-4.7808623,-4.825346,-76.84941,0.28813446,-76.4938,-77.205536,-120.87188720703125,373.8545489781927,128.0,0.0,128,128,0.00013906983983332435,0.0016981463578761035,0.02701716134791496,0.0,3.6729519672264255,5.904107969602292,22.498611289689446,0.9934741878748047,0.009942844216541673,0.007392314452556991,0.03896093776379802,0.0028409050555325915,0.6040487176599771,0.32694783269819966,0.9374414099118804,0.0,0.8467657518703264,0.2519415574535657,1.1086976328971505,0.04944824067983187,-130.9222446784354,185.7013144383644,88.5,-608.25,18.881887046095837,46.30606989986492,213.0,-1.0,-366.921875,521.5998018322902,-1.0,-2432.0,136.81610793393585,168.03083235898848,711.5991380920393,0.3418018821278508,0.0005805545587523979,0.0001718908889526433,0.0007524454477050414,0.0004086636697997548,1.0,0.0,1.0,1.0,0.0,0.0,0.0,0.0,0.0238158587458209,0.003604558347164199,0.0274204170929851,0.020211300398656703,0.8031026917775628,0.3957015400919598,0.999861668280202,0.0,0.0,0.0,0.0,0.0,0.00012933554358914213,0.0016532738151924346,0.026315789473683515,0.0,0.1967679726785817,0.395762395513196,0.9999999999999944,0.0,0.0,0.0,0.0,0.0,0.9957019599694381,0.019417721305968808,0.9999999999999998,0.8888888866668229,0.18875028153263385,0.3791219064821779,0.9944134078212236,0.0,0.006196197623156137,0.02226167364465385,0.20987654320985324,0.0,0.9984151917775543,0.005766038439723834,0.9999999999999944,0.944444444444392,0.005332189984481813,0.01589274393165914,0.13331309864072433,0.0,16.0,0.0,16,16,4.0,3.3166247903554,9.0,1.0,2398.0,2426.6978592317587,6388,403,0.0,0.0,0.0,0.0,400.0,331.66247903554,900.0,100.0,28.041240000000002,9.460443783956435,37.73872,18.582300000000004,1.7999991541728377e-06,0.010654199999407865,16.05808469999465,0.6315471999987494,16.700287899991963,986.5376346999401
679192402,557500886,1018023110,55491266,400.0,331.66247903554,900.0,100.0,9.262298583984375,-0.7706883,0.112248704,-0.5870203,-0.86322623,-0.005078927613794804,0.42674317030068976,0.4979594647884369,-0.6802170276641846,-7.279121398925781,390.7376997886812,-1.001733973622322,0.14144855905037992,-0.8617236018180847,-1.2082082033157349,-0.04516679793596268,0.0012854449450969696,-0.04388135299086571,-0.04645224288105965,0.9434512853622437,0.0023477673530578613,0.9457990527153015,0.9411035180091858,1.360724925994873,0.0024884939193725586,1.3632134199142456,1.3582364320755005,4.855790615081787,48,609.0229885057471,248.8690564133238,800.0,100.0,211.65159606933594,-4.7872705,0.04249716,-4.7458115,-4.8611965,-55.777424,29.346378,-9.511295,-77.22834,-1006.00634765625,397.37139293094816,128.0,0.0,128,128,6.126985665542215e-05,0.0007971269197851559,0.016126934718260072,0.0,3.1792228380172993,5.452453318612825,22.498611289689446,0.7019444619732739,0.010445641859128723,0.00838037279847412,0.04320960981722335,0.0028409050555325915,0.6272902441912201,0.3185666941086498,0.9374414099118804,0.0,0.8982081733452455,0.2034989421430545,1.2423403198640133,0.051105174559028015,-112.08622570269227,216.06274033004996,88.5,-1349.5,10.65801924825032,32.59481965636444,178.0,-1.0,-306.9361979166667,561.2067098580619,-1.0,-2698.0,113.84337389730202,205.11391357854205,1348.5,0.33449400781347277,0.000579316044987312,0.00023714017707229668,0.0010976948408342481,0.0004086636697997548,1.0,0.0,1.0,1.0,0.0,0.0,0.0,0.0,0.023657962378684626,0.004384634367024646,0.0331132889769448,0.020211300398656703,0.8153510496335481,0.38668501535383354,0.999861668280202,0.0,0.0,0.0,0.0,0.0,5.656275182443969e-05,0.0007841581539986465,0.01587301587301562,0.0,0.18459238761425967,0.3867112205895755,0.9999999999999944,0.0,0.0,0.0,0.0,0.0,0.9948766518240354,0.02188012909304154,0.9999999999999998,0.8888888866665695,0.1805577935691646,0.3645660173603634,0.9944134078212236,0.0,0.004113657581869152,0.01937046597469216,0.20987654320985324,0.0,0.9989447996335382,0.005066805977488503,0.9999999999999944,0.944444444444392,0.003699371763068953,0.013178198970462988,0.13331309864072433,0.0,11.666666666666666,6.1553951042064625,16,2,6.333333333333333,2.494438257849294,8.0,1.0,2882.3333333333335,1551.8039681466068,4774,9,0.0,0.0,0.0,0.0,609.0229885057471,248.8690564133238,800.0,100.0,22.376936752407747,13.041366808679495,38.41902998778613,0.03424000000000001,1.8999999156221747e-06,0.011380699987057596,23.53819230000954,0.5031892999977572,24.05276419999427,1010.5939471999591
658760007,92749799,316450992,220591670,243.2763624637214,272.20250576673834,800.0,0.0,-132.7152099609375,-0.73758835,0.1081987,-0.56731427,-0.8553511,0.04405796820563929,0.4946064892279991,0.8091411590576172,-0.642859935760498,123.56172180175781,375.99156605618526,-1.0790501577513558,0.2607136274417813,-0.8557790517807007,-1.6306802034378052,-0.046830040003572194,0.0011747787445088754,-0.044647835195064545,-0.047664545476436615,0.9387833305767604,0.001912780201199998,0.9416283965110779,0.9365730881690979,1.3557659046990531,0.0020366179851995536,1.3587939739227295,1.3534108400344849,4.858538627624512,49,243.2763624637214,272.20250576673834,800.0,0.0,-138.68551635742188,-4.799942,0.017694926,-4.7752047,-4.8244796,-76.79907,0.2831188,-76.403275,-77.19167,663.8484497070312,381.9618898842255,128.0,0.0,128,128,0.00022021249620152018,0.001800667450185117,0.02701716134791496,0.0,2.3001726453373013,4.342419419759102,22.498611289689446,0.7019444619732739,0.01550953423117216,0.010551524959532006,0.04320960981722335,0.0028409050555325915,0.6216473134134503,0.2798278706398454,0.9374414099118804,0.0,0.8498625228440261,0.24438029806187947,1.2423403198640133,0.04944824067983187,-127.66932539412412,260.38456904582307,88.5,-1349.5,9.851187831322855,34.7008371263458,213.0,-1.0,-330.34375,631.658374027286,-1.0,-2698.0,138.70352233621864,269.28026830199826,1348.5,0.33449400781347277,0.0008181329215537075,0.0002671192752880852,0.0010976948408342481,0.0004086636697997548,1.0,0.0,1.0,1.0,0.0,0.0,0.0,0.0,0.028170851859249214,0.004878046011814826,0.0331132889769448,0.020211300398656703,0.8633790569158938,0.34118837479414904,0.999861668280202,0.0,0.0,0.0,0.0,0.0,0.00021335262530700427,0.0017646176305577614,0.026315789473683515,0.0,0.1364075904583985,0.3412690999952307,0.9999999999999944,0.0,0.0,0.0,0.0,0.0,0.9955061403526341,0.020912870665433684,0.9999999999999998,0.8888888866665695,0.14509442641274198,0.31631464955451266,0.9944134078212236,0.0,0.006184615599403806,0.020277403700593312,0.20987654320985324,0.0,0.9984236997730281,0.005259430037074922,0.9999999999999944,0.944444444444392,0.005637746653587355,0.014467244226896941,0.13331309864072433,0.0,16.0,0.0,16,16,2.5714285714285716,2.8713930346059686,8.0,0.0,1228.142857142857,1655.542416816178,4281,38,0.0,0.0,0.0,0.0,243.2763624637214,272.20250576673834,800.0,0.0,13.396825464068884,13.126425401139596,37.622553608766594,0.037520000000000005,2.1000014385208488e-06,0.01051950000692159,14.71867590000329,0.8016557000082685,15.53085320001992,1026.1282785999792
12327951,97663877,503133585,656828586,243.2763624637214,272.20250576673834,800.0,0.0,-132.7152099609375,-0.73758835,0.1081987,-0.56731427,-0.8553511,0.04405796820563929,0.4946064892279991,0.8091411590576172,-0.642859935760498,123.56172180175781,375.99156605618526,-1.0790501577513558,0.2607136274417813,-0.8557790517807007,-1.6306802034378052,-0.046830040003572194,0.0011747787445088754,-0.044647835195064545,-0.047664545476436615,0.9387833305767604,0.001912780201199998,0.9416283965110779,0.9365730881690979,1.3557659046990531,0.0020366179851995536,1.3587939739227295,1.3534108400344849,4.856122016906738,50,420.0,318.74754901018457,800.0,0.0,34.23431396484375,-4.806256,0.009780002,-4.792228,-4.820217,-76.90009,0.15648003,-76.67565,-77.123474,-163.89999389648438,385.765700895803,128.0,0.0,128,128,0.00012368739772867848,0.001381696034769101,0.02701716134791496,0.0,2.865494245509809,5.096271424402396,22.498611289689446,0.7019444619732739,0.011508772890503179,0.00913144483216553,0.04320960981722335,0.0028409050555325915,0.6176463259899234,0.30504420482685346,0.9374414099118804,0.0,0.8674436282899336,0.2359718105936117,1.2423403198640133,0.04944824067983187,-115.13358324184205,218.8447860580529,88.5,-1349.5,11.500566221180268,35.88376692946752,213.0,-1.0,-305.7703125,552.4593695975772,-1.0,-2698.0,120.10872318674622,214.38112078375016,1348.5,0.33449400781347277,0.0006598773369331575,0.0002458982783816056,0.0010976948408342481,0.0004086636697997548,1.0,0.0,1.0,1.0,0.0,0.0,0.0,0.0,0.02527058589343059,0.004558390228227,0.0331132889769448,0.020211300398656703,0.8313055786045016,0.3725127877560649,0.999861668280202,0.0,0.0,0.0,0.0,0.0,0.00011770426123392953,0.0013518216880617278,0.026315789473683515,0.0,0.16857671713390002,0.37256359699954406,0.9999999999999944,0.0,0.0,0.0,0.0,0.0,0.9950941044518284,0.021538477822454535,0.9999999999999998,0.8888888866665695,0.16668750762988918,0.34987156924882623,0.9944134078212236,0.0,0.005883346173546068,0.022320495876210784,0.20987654320985324,0.0,0.998493078604492,0.005814984064021473,0.9999999999999944,0.944444444444392,0.0051506953884933575,0.015498652396307391,0.13331309864072433,0.0,16.0,0.0,16,16,4.2,3.1874754901018454,8.0,0.0,1985.2,1501.0730028882674,3593,39,0.0,0.0,0.0,0.0,420.0,318.74754901018457,800.0,0.0,19.283880625963327,11.759641960625657,37.13036300782204,0.041800000000000004,1.3999961083754897e-06,0.006344400011585094,21.009788299998036,0.5672885999956634,21.583422700001393,1047.7148093999713
329187348,337730166,116213680,38689046,728.9906481780072,291.4771040225462,1100.0,100.0,317.69915771484375,-0.7217511,0.1506129,-0.4375702,-0.8553658,-0.049502353583063395,0.5003429217804798,0.5943423509597778,-0.8233368396759033,-213.64308166503906,411.29147426836744,-1.081109847341265,0.24437605334598644,-0.8499842882156372,-1.5704092979431152,-0.04637344500848225,0.0009602373097496556,-0.045808061957359314,-0.04864845424890518,0.9350602967398507,0.0018598487639053187,0.9358388185501099,0.9305050373077393,1.351792233330863,0.0019930543935232988,1.3526264429092407,1.3469107151031494,4.855966567993164,51,728.9906481780072,291.4771040225462,1100.0,100.0,308.9024658203125,-4.7909923,0.023439782,-4.7635903,-4.8296347,-67.08821,23.485615,-9.567663,-77.274155,-1482.3411865234375,420.0881956240234,128.0,0.0,128,128,4.5938487813936265e-05,0.0009119513556576117,0.02701716134791496,0.0,3.8550387808890108,6.072938423388332,22.498611289689446,0.9934741878748047,0.008704033935927408,0.006182594158105336,0.03896093776379802,0.0028409050555325915,0.6200767888133952,0.3385123095151522,0.9374414099118804,0.0,0.8937012702393331,0.2085493349223396,1.1086976328971505,0.04944824067983187,-120.49357843576688,188.08486782744475,88.5,-608.25,15.561557641607566,40.11925278431277,213.0,-1.0,-345.25111607142856,534.4384846363158,-1.0,-2432.0,121.42379177022258,163.01461172159748,711.5991380920393,0.33449400781347277,0.000489668979032972,0.00011782212610741372,0.0007524454477050414,0.0004086636697997548,1.0,0.0,1.0,1.0,0.0,0.0,0.0,0.0,0.02198193452659689,0.0024919622266301963,0.0274204170929851,0.020211300398656703,0.7891867078958421,0.4066991503238601,0.999861668280202,0.0,0.0,0.0,0.0,0.0,3.913184181277398e-05,0.0008858480093198981,0.026315789473683515,0.0,0.21077416026204596,0.4067184654152752,0.9999999999999944,0.0,0.0,0.0,0.0,0.0,0.9951843326338302,0.020678377129468465,0.9999999999999998,0.8888888866668229,0.20096798978383826,0.3891569790910902,0.9944134078212236,0.0,0.0038673964077019303,0.018807503069415595,0.20987654320985324,0.0,0.9990081364672613,0.004902105389179069,0.9999999999999944,0.944444444444392,0.0034206981090132565,0.013004359097145935,0.13331309864072433,0.0,14.0,4.898979485566356,16,2,7.428571428571429,2.9692299558323607,11.0,1.0,4370.857142857143,2233.3179946676028,7008,363,0.0,0.0,0.0,0.0,728.9906481780072,291.4771040225462,1100.0,100.0,30.732402446165914,10.752809663896532,42.7769,16.541970404665776,1.5999976312741637e-06,0.009409499994944781,30.841500800001086,0.8144185000128346,31.665330400006496,1079.3832707999682
583866853,897830797,460720113,947645042,728.9906481780072,291.4771040225462,1100.0,100.0,317.69915771484375,-0.7217511,0.1506129,-0.4375702,-0.8553658,-0.049502353583063395,0.5003429217804798,0.5943423509597778,-0.8233368396759033,-213.64308166503906,411.29147426836744,-1.081109847341265,0.24437605334598644,-0.8499842882156372,-1.5704092979431152,-0.04637344500848225,0.0009602373097496556,-0.045808061957359314,-0.04864845424890518,0.9350602967398507,0.0018598487639053187,0.9358388185501099,0.9305050373077393,1.351792233330863,0.0019930543935232988,1.3526264429092407,1.3469107151031494,4.856062889099121,52,233.33333333333334,268.74192494328497,700.0,0.0,-168.0793914794922,-4.811577,0.033274446,-4.776688,-4.868875,-57.56171,26.96812,-19.37154,-76.86195,801.0093383789062,401.4127093949544,128.0,0.0,128,128,0.00019123241950348347,0.0018706281046604978,0.02701716134791496,0.0,2.8209182269078568,5.029294566717874,22.498611289689446,0.7019444619732739,0.012049927697223796,0.009292535285978945,0.04320960981722335,0.0028409050555325915,0.6034698716786444,0.2983306152125523,0.9374414099118804,0.0,0.8297864577614197,0.26519589136173866,1.2423403198640133,0.04944824067983187,-123.44382792652293,211.2779362176803,88.5,-1349.5,14.803553469082068,42.4846404251242,213.0,-1.0,-324.98828125,534.1322120175437,-1.0,-2698.0,131.94320072525363,209.40928112138684,1348.5,0.33449400781347277,0.0007139977028187498,0.0002169520679490203,0.0010976948408342481,0.0004086636697997548,1.0,0.0,1.0,1.0,0.0,0.0,0.0,0.0,0.026398300358973326,0.004070697735863058,0.0331132889769448,0.020211300398656703,0.8378591452998085,0.3659397058143911,0.999861668280202,0.0,0.0,0.0,0.0,0.0,0.00018272286476182353,0.0018259198445276848,0.026315789473683515,0.0,0.16195813183510094,0.36601601200457773,0.9999999999999944,0.0,0.0,0.0,0.0,0.0,0.9955141755854914,0.02049435808538447,0.9999999999999998,0.8888888866665695,0.16017147965819525,0.34488698023674363,0.9944134078212236,0.0,0.0077573185817596734,0.024773151482774113,0.20987654320985324,0.0,0.9980153952998,0.006429338894131337,0.9999999999999944,0.944444444444392,0.0066625172125805805,0.017506977272672804,0.13331309864072433,0.0,12.0,5.656854249492381,16,4,2.3333333333333335,2.6874192494328497,7.0,0.0,1217.3333333333333,1373.0963387743614,3623,31,0.0,0.0,0.0,0.0,233.33333333333334,268.74192494328497,700.0,0.0,18.728058517651082,10.87862547269324,37.7158409839119,0.03456,1.3999961083754897e-06,0.009239100007107481,12.972196399990935,0.6322711000102572,13.613708000004408,1093.0004259999841
680903265,62674613,529827668,933694474,330.44651714979966,249.39477001598874,602.9345372460497,0.0,-72.76045989990234,-0.72308594,0.15081993,-0.3764695,-0.8527252,0.059444643024887354,0.507127994876813,0.6391928195953369,-0.8784812092781067,70.8165054321289,403.2069785565107,-1.1132943885666984,0.3252293760721867,-0.8517248630523682,-1.8536878824234009,-0.047694306288446696,0.0012810214869628243,-0.046230196952819824,-0.04922997206449509,0.9311205659593854,0.0025888855506383374,0.9333695769309998,0.927524209022522,1.3475681373051234,0.002782213691686367,1.3499845266342163,1.3437020778656006,4.854622840881348,53,330.44651714979966,249.39477001598874,602.9345372460497,0.0,-63.86958694458008,-4.813359,0.032997686,-4.7766376,-4.8737025,-64.51648,19.99682,-24.368513,-77.236786,309.3349304199219,394.31609017043894,128.0,0.0,128,128,0.00012717953123197299,0.0014788890838870305,0.02701716134791496,0.0,2.8746612974677928,5.102343505253156,22.498611289689446,0.7019444619732739,0.010782689223446539,0.008664498171055659,0.04320960981722335,0.0028409050555325915,0.6108018531146733,0.30503118125519646,0.9374414099118804,0.0,0.8557242567402962,0.24841483172661236,1.2423403198640133,0.04944824067983187,-112.69634968964313,204.65851499677794,88.5,-1349.5,12.531814430902232,37.97103567901509,213.0,-1.0,-296.91294642857144,517.7874926173492,-1.0,-2698.0,117.49065639755686,197.95280657914626,1348.5,0.33449400781347277,0.0006531604993620287,0.00021714613394526502,0.0010976948408342481,0.0004086636697997548,1.0,0.0,1.0,1.0,0.0,0.0,0.0,0.0,0.02522532972277446,0.004045920001424379,0.0331132889769448,0.020211300398656703,0.8297312928650583,0.3736023702967419,0.999861668280202,0.0,0.0,0.0,0.0,0.0,0.00012075947858642258,0.0014443948074227635,0.026315789473683515,0.0,0.17014794765600452,0.373654571258447,0.9999999999999944,0.0,0.0,0.0,0.0,0.0,0.9950810177960131,0.021545261252504312,0.9999999999999998,0.8888888866665695,0.16595932368935226,0.35156356483771534,0.9944134078212236,0.0,0.006794173655408868,0.024389450939246833,0.20987654320985324,0.0,0.9982580785793344,0.0063516703493592015,0.9999999999999944,0.944444444444392,0.00581767275275216,0.016935399903233096,0.13331309864072433,0.0,13.428571428571429,4.203982562732046,16,5,3.5714285714285716,2.6649654437396615,7.0,0.0,1324.2857142857142,1056.2165246476573,2937,59,0.0,0.0,0.0,0.0,330.44651714979966,249.39477001598874,602.9345372460497,0.0,18.942082385852565,10.344258250566167,38.72530629630218,0.037520000000000005,1.500011421740055e-06,0.009626200000639074,16.74785809998866,0.755715399995097,17.51320119999582,1110.5170536999794
67951712,81608887,770677053,350867000,330.44651714979966,249.39477001598874,602.9345372460497,0.0,-72.76045989990234,-0.72308594,0.15081993,-0.3764695,-0.8527252,0.059444643024887354,0.507127994876813,0.6391928195953369,-0.8784812092781067,70.8165054321289,403.2069785565107,-1.1132943885666984,0.3252293760721867,-0.8517248630523682,-1.8536878824234009,-0.047694306288446696,0.0012810214869628243,-0.046230196952819824,-0.04922997206449509,0.9311205659593854,0.0025888855506383374,0.9333695769309998,0.927524209022522,1.3475681373051234,0.002782213691686367,1.3499845266342163,1.3437020778656006,4.858709812164307,54,377.71847070506453,467.29916873793354,1200.0,0.0,-14.937881469726562,-4.8094816,0.019205986,-4.775126,-4.8395686,-69.08741,20.62652,-14.518705,-77.29825,75.27285766601562,392.6563282239015,128.0,0.0,128,128,0.0002028256189724284,0.0016098084586914571,0.02701716134791496,0.0,2.548638764398311,4.706072312001425,22.498611289689446,0.7019444619732739,0.016523926521121838,0.01051438659073543,0.04320960981722335,0.0028409050555325915,0.6357145292005544,0.28851267283115384,0.9374414099118804,0.0,0.8776540422376613,0.21273433922768034,1.2423403198640133,0.04944824067983187,-136.44726105875932,278.31726949591075,88.5,-1349.5,9.19566378576377,32.1244111333217,213.0,-1.0,-365.810546875,688.5078190128914,-1.0,-2698.0,147.42844395095406,286.620227090493,1348.5,0.3418018821278508,0.0007961519775551622,0.0003193869557979759,0.0010976948408342481,0.0004086636697997548,1.0,0.0,1.0,1.0,0.0,0.0,0.0,0.0,0.027563434274591805,0.005972704793183852,0.0331132889769448,0.020211300398656703,0.8564516504862734,0.34926159100921905,0.999861668280202,0.0,0.0,0.0,0.0,0.0,0.00019628445483637873,0.001581735846593214,0.026315789473683515,0.0,0.1433520650584823,0.349338563736192,0.9999999999999944,0.0,0.0,0.0,0.0,0.0,0.9956409522159513,0.020448169172717807,0.9999999999999998,0.8888888866665695,0.15522073788448093,0.32474844683152126,0.9944134078212236,0.0,0.003834247643684254,0.012705972574017099,0.20987654320985324,0.0,0.9990297754862651,0.00327433455819229,0.9999999999999944,0.944444444444392,0.0038714233132683597,0.009557458765196944,0.13331309864072433,0.0,14.375,4.29934588047996,16,3,3.875,4.833153732295301,12.0,0.0,2871.875,4163.983862765921,10601,27,0.0,0.0,0.0,0.0,377.71847070506453,467.29916873793354,1200.0,0.0,16.301288103382078,17.249092928796387,38.561846899419244,0.037520000000000005,2.2999884095042944e-06,0.009485400005360134,31.124452000003657,0.8190740999998525,31.95301379999728,1142.4735070999595
819896025,220438933,1062243559,300997728,283.3333333333333,267.18699236468996,700.0,0.0,-107.88627624511719,-0.7413111,0.11263922,-0.5202904,-0.84226197,0.12041572791834672,0.47551103734050304,0.904684841632843,-0.4738977551460266,91.38932800292969,391.21961403419294,-1.14934840798378,0.4947449900044643,-0.8448370099067688,-2.226534843444824,-0.04782253255446752,0.001347855456441783,-0.04636000469326973,-0.049412842839956284,0.9262745579083761,0.002528028464875551,0.9287509918212891,0.9223732948303223,1.34235018491745,0.0027302692002691867,1.3450238704681396,1.3381332159042358,4.85479211807251,55,283.3333333333333,267.18699236468996,700.0,0.0,-98.39070892333984,-4.7982984,0.017110841,-4.7791476,-4.825699,-76.77277,0.27377346,-76.46636,-77.21118,472.6520080566406,381.72402873484464,128.0,0.0,128,128,0.00015921104881958014,0.0014879798540248013,0.02701716134791496,0.0,2.8108221472228845,5.034817941133075,22.498611289689446,0.7019444619732739,0.013846103855304442,0.01006379021129807,0.04320960981722335,0.0028409050555325915,0.6268275326094738,0.30049162147562414,0.9374414099118804,0.0,0.874241581600493,0.22263113050331418,1.2423403198640133,0.04944824067983187,-127.30843770150413,248.9173118122971,88.5,-1349.5,10.895270926649458,34.88379903286042,213.0,-1.0,-342.6940104166667,625.7949601519853,-1.0,-2698.0,135.12533447187775,250.68705504847088,1348.5,0.33449400781347277,0.0007142423053560698,0.00029436506444916794,0.0010976948408342481,0.0004086636697997548,1.0,0.0,1.0,1.0,0.0,0.0,0.0,0.0,0.02614559289057855,0.005482105881344311,0.0331132889769448,0.020211300398656703,0.8399601786920791,0.3650531198717877,0.999861668280202,0.0,0.0,0.0,0.0,0.0,0.0001527330163485166,0.0014590073930054006,0.026315789473683515,0.0,0.1598870882911939,0.36511709266441916,0.9999999999999944,0.0,0.0,0.0,0.0,0.0,0.9954097766595456,0.02082954051448287,0.9999999999999998,0.8888888866665695,0.16432576748688812,0.34189453599487196,0.9944134078212236,0.0,0.004653186300617514,0.01762666639199371,0.20987654320985324,0.0,0.9988143453587371,0.004577367016307112,0.9999999999999944,0.944444444444392,0.004342916001846986,0.012538134709089741,0.13331309864072433,0.0,16.0,0.0,16,16,2.8333333333333335,2.6718699236468995,7.0,0.0,968.8333333333334,905.2609967419464,2326,39,0.0,0.0,0.0,0.0,283.3333333333333,267.18699236468996,700.0,0.0,18.646571848060542,15.044158543124652,37.283168080541216,0.037520000000000005,1.6999983927235007e-06,0.01009130000602454,13.85180199999013,0.733949899993604,14.595844899988151,1157.072779599941
740196857,955523027,588993561,1042666993,283.3333333333333,267.18699236468996,700.0,0.0,-107.88627624511719,-0.7413111,0.11263922,-0.5202904,-0.84226197,0.12041572791834672,0.47551103734050304,0.904684841632843,-0.4738977551460266,91.38932800292969,391.21961403419294,-1.14934840798378,0.4947449900044643,-0.8448370099067688,-2.226534843444824,-0.04782253255446752,0.001347855456441783,-0.04636000469326973,-0.049412842839956284,0.9262745579083761,0.002528028464875551,0.9287509918212891,0.9223732948303223,1.34235018491745,0.0027302692002691867,1.3450238704681396,1.3381332159042358,4.856540679931641,56,400.0,270.801280154532,900.0,100.0,16.4483642578125,-4.7963676,0.026797896,-4.750473,-4.832591,-74.3526,5.4853745,-62.121136,-77.32146,-82.90390014648438,383.5516258613602,128.0,0.0,128,128,9.329122733932549e-05,0.0013881099411239917,0.02701716134791496,0.0,3.189318917702272,5.44667059079709,22.498611289689446,0.9934741878748047,0.008649465701048078,0.006564017774013842,0.03896093776379802,0.0028409050555325915,0.603932583260391,0.31656325704641497,0.9374414099118804,0.0,0.8537530495061721,0.2535881219366013,1.1086976328971505,0.04944824067983187,-108.22161592771107,171.00874291362285,88.5,-608.25,14.566301790682935,40.649009812094135,213.0,-1.0,-289.23046875,455.37305878302163,-1.0,-2432.0,110.6612401506779,151.47448928624644,711.5991380920393,0.33449400781347277,0.0005790714424499921,0.00012879000578383068,0.0007524454477050414,0.0004086636697997548,1.0,0.0,1.0,1.0,0.0,0.0,0.0,0.0,0.023910669847079402,0.0026456377894392537,0.0274204170929851,0.020211300398656703,0.8132500162412774,0.38738866769535013,0.999861668280202,0.0,0.0,0.0,0.0,0.0,8.655260023774661e-05,0.0013512782761474576,0.026315789473683515,0.0,0.18666343115816666,0.3874280143672754,0.9999999999999944,0.0,0.0,0.0,0.0,0.0,0.9949810507499811,0.02156386606654957,0.9999999999999998,0.8888888866668229,0.17640350574047173,0.3675573444028092,0.9944134078212236,0.0,0.007217789863011311,0.026106975224937098,0.20987654320985324,0.0,0.998145849574601,0.0068018442740339705,0.9999999999999944,0.944444444444392,0.006018972973802547,0.018053805453105257,0.13331309864072433,0.0,15.5,1.118033988749895,16,13,4.0,2.70801280154532,9.0,1.0,1670.3333333333333,1596.314366143322,5079,417,0.0,0.0,0.0,0.0,400.0,270.801280154532,900.0,100.0,22.21646504018634,6.967111643471836,37.73872,18.582000119123457,1.7999991541728377e-06,0.009359800009406172,19.23264500001096,0.7249810000066645,19.966987600026187,1177.0429217999626
784241550,824445069,845327572,920460916,825.0,192.0286436967152,1000.0,500.0,390.40234375,-0.58068824,0.08865315,-0.47214884,-0.71098137,0.10118921846151352,0.7457004783617088,0.8977183699607849,-0.7938014268875122,-212.52691650390625,434.59765263077367,-1.5342303812503815,0.4287686426128117,-0.9674947261810303,-2.1742231845855713,-0.04738594591617584,0.00013935565948486328,-0.04724659025669098,-0.047525301575660706,0.9220434427261353,0.00013428926467895508,0.9221777319908142,0.9219091534614563,1.3377755880355835,0.0001456737518310547,1.3379212617874146,1.3376299142837524,4.856451034545898,57,825.0,192.0286436967152,1000.0,500.0,397.30352783203125,-4.795598,0.017938524,-4.768325,-4.8170056,-76.72957,0.2870164,-76.2932,-77.07209,-1903.0950927734375,427.6964632752242,128.0,0.0,128,128,8.053952037558005e-06,7.410906914326802e-05,0.000721018013948382,0.0,3.7727988983813106,6.0093266085825805,22.498611289689446,0.995254288531368,0.008013436991534357,0.005411087603888646,0.02272724044426073,0.0028409050555325915,0.6244164079280765,0.3387905096207428,0.9374414099118804,0.0,0.908407492786111,0.1931000656266573,1.0513257006823604,0.051105174559028015,-111.45831616484155,184.63384195351256,88.5,-608.25,13.479035461634524,36.324789616929415,178.0,-1.0,-318.15234375,521.0965791099878,-1.0,-2432.0,110.09274160286681,156.3718549874586,711.5991380920393,0.33449400781347277,0.0004644775164815632,5.5813846681808366e-05,0.0005202913631633715,0.0004086636697997548,1.0,0.0,1.0,1.0,0.0,0.0,0.0,0.0,0.021507630948969937,0.001296330550313234,0.02280396149928317,0.020211300398656703,0.7881588916909315,0.4075373994149697,0.999861668280202,0.0,0.0,0.0,0.0,0.0,2.8627567779293363e-06,2.6290087424615782e-05,0.00024636610002463656,0.0,0.21183824555196845,0.4075388866275345,0.9999999999999944,0.0,0.0,0.0,0.0,0.0,0.9948465499369944,0.021566617213559798,0.9999999999999998,0.8888888866668231,0.20093278954539523,0.388939518470575,0.9944134078212236,0.0,0.0035108848689021947,0.01912418174687916,0.20987654320985324,0.0,0.9990963916909215,0.005007053380463881,0.9999999999999944,0.944444444444392,0.0030866865946093044,0.012887745703176174,0.13331309864072433,0.0,16.0,0.0,16,16,8.25,1.920286436967152,10.0,5.0,4999.0,1989.1501954352266,7328,1849,0.0,0.0,0.0,0.0,825.0,192.0286436967152,1000.0,500.0,29.856157373349784,10.303764239410159,41.47152228364243,18.88905,1.5999976312741637e-06,0.010388199996668845,26.062743499991484,0.6075924999895506,26.680725799975335,1203.7267641999351
283468587,989400710,23463629,35422904,825.0,192.0286436967152,1000.0,500.0,390.40234375,-0.58068824,0.08865315,-0.47214884,-0.71098137,0.10118921846151352,0.7457004783617088,0.8977183699607849,-0.7938014268875122,-212.52691650390625,434.59765263077367,-1.5342303812503815,0.4287686426128117,-0.9674947261810303,-2.1742231845855713,-0.04738594591617584,0.00013935565948486328,-0.04724659025669098,-0.047525301575660706,0.9220434427261353,0.00013428926467895508,0.9221777319908142,0.9219091534614563,1.3377755880355835,0.0001456737518310547,1.3379212617874146,1.3376299142837524,4.85643196105957,58,419.23333333333335,326.6847699065398,815.4,100.0,-7.6168212890625,-4.801685,0.027894543,-4.7597303,-4.833177,-56.72943,20.024078,-33.817184,-77.01834,33.990142822265625,426.8501502810351,128.0,0.0,128,128,0.00014650713195718963,0.001596150501468909,0.02701716134791496,0.0,2.595742857338261,4.752976113049785,22.498611289689443,0.7019444619732739,0.011081670568642446,0.008996844128670849,0.04320960981722335,0.002915447645120051,0.6068064195235346,0.2950182353929021,0.9332711152589828,0.0,0.8435537300653065,0.2594537404700613,1.2423403198640133,0.04944824067983187,-108.8495254655618,204.5519665689226,88.5,-1349.5,11.745285577298736,37.43538858226916,213.0,-1.0,-278.0143229166667,500.12714899257105,-1.0,-2698.0,114.41187244511313,201.39467956674153,1348.5,0.33449400781347277,0.000693909970955741,0.00020829677871353833,0.0010976948408342481,0.0005202913631633715,1.0,0.0,1.0,1.0,0.0,0.0,0.0,0.0,0.026061001276794084,0.003769520501451581,0.0331132889769448,0.02280396149928317,0.840442174183894,0.3635161418597455,0.9998607048332052,0.0,0.0,0.0,0.0,0.0,0.000140252595284257,0.0015592233749579774,0.026315789473683515,0.0,0.15941757322045788,0.3635742998338513,0.9999999999999944,0.0,0.0,0.0,0.0,0.0,0.9950111526370221,0.02187723230601801,0.9999999999999998,0.8888888866665695,0.15602850976424115,0.34019592192245496,0.9944134078212236,0.0,0.00782056257597827,0.026202784921158673,0.20987654320985324,0.0,0.9979942575172176,0.006824868901072193,0.9999999999999944,0.944444444444392,0.006631658142262196,0.01816363656830683,0.13331309864072433,0.0,11.833333333333334,4.2196629670573875,16,7,4.333333333333333,3.4480268109295333,9.0,1.0,2091.0,2045.8340597418942,5596,8,0.0,0.0,0.0,0.0,419.23333333333335,326.6847699065398,815.4,100.0,15.774092031845576,7.045292302083537,19.399156276193214,0.03424000000000001,1.4999968698248267e-06,0.009748399999807589,18.13717380000162,0.5574269000062486,18.704350600004545,1222.4344420999405
16648123,895794063,743134744,211760123,403.48475518849364,414.8008029957472,1324.3932863194555,100.0,-28.001588821411133,-0.72261053,0.12298882,-0.48807716,-0.83205515,-0.19880530530021392,0.4955748897562239,0.5325512886047363,-0.9763993620872498,7.422537803649902,431.48636288654563,-1.3637136135782515,0.9567228688491641,-0.8232362270355225,-3.6580910682678223,-0.05138392959322248,0.0015895098747600162,-0.04949967563152313,-0.05300763249397278,0.9104278598512922,0.0032005788926440255,0.9141724705696106,0.9072193503379822,1.3250917536871774,0.003514358866640692,1.3292025327682495,1.3215675354003906,4.856235980987549,59,403.48475518849364,414.8008029957472,1324.3932863194555,100.0,-21.028852462768555,-4.8011103,0.01821195,-4.774477,-4.829403,-73.3682,8.267962,-53.123432,-77.153824,102.26983642578125,424.5136107717809,128.0,0.0,128,128,0.00016551549198593913,0.0017333368615636586,0.02701716134791496,0.0,3.067668757098875,5.315009608065374,22.498611289689446,0.7019444619732739,0.011612623905087696,0.008962144406050511,0.04320960981722335,0.0028409050555325915,0.6079419549619102,0.30781953084076613,0.9374414099118804,0.0,0.8439237376226789,0.25417045036678776,1.2423403198640133,0.04944824067983187,-125.20575179903838,210.26710073449826,88.5,-1349.5,15.15318690957366,42.24582286072045,213.0,-1.0,-337.1763392857143,544.9752227927687,-1.0,-2698.0,132.51750920910584,204.82309943091624,1348.5,0.33449400781347277,0.0006703785552446075,0.00022750813492460916,0.0010976948408342481,0.0004086636697997548,1.0,0.0,1.0,1.0,0.0,0.0,0.0,0.0,0.025514443221785244,0.0043463289070336366,0.0331132889769448,0.020211300398656703,0.8275172681072708,0.37556284156165065,0.999861668280202,0.0,0.0,0.0,0.0,0.0,0.00015716256671005104,0.001691670753836854,0.026315789473683515,0.0,0.17232556932569856,0.375631138647945,0.9999999999999944,0.0,0.0,0.0,0.0,0.0,0.9955121803232723,0.020345640656767035,0.9999999999999998,0.8888888866665695,0.169510440741313,0.35536342751940764,0.9944134078212236,0.0,0.0067399645175072135,0.02307094732587235,0.20987654320985324,0.0,0.9982761966786907,0.005986709757580095,0.9999999999999944,0.944444444444392,0.0058441233844536335,0.016333208898478963,0.13331309864072433,0.0,15.285714285714286,1.7496355305594127,16,11,4.285714285714286,4.712120714991612,15.0,1.0,3002.8571428571427,4424.371543057884,13392,40,0.0,0.0,0.0,0.0,403.48475518849364,414.8008029957472,1324.3932863194555,100.0,21.997923741843938,12.516718915303294,40.15216672899934,0.037520000000000005,1.5999976312741637e-06,0.009624099999200553,26.848108999998658,0.8935209000046598,27.75125560000015,1250.188806299935
908491913,81011138,533739719,739929909,403.48475518849364,414.8008029957472,1324.3932863194555,100.0,-28.001588821411133,-0.72261053,0.12298882,-0.48807716,-0.83205515,-0.19880530530021392,0.4955748897562239,0.5325512886047363,-0.9763993620872498,7.422537803649902,431.48636288654563,-1.3637136135782515,0.9567228688491641,-0.8232362270355225,-3.6580910682678223,-0.05138392959322248,0.0015895098747600162,-0.04949967563152313,-0.05300763249397278,0.9104278598512922,0.0032005788926440255,0.9141724705696106,0.9072193503379822,1.3250917536871774,0.003514358866640692,1.3292025327682495,1.3215675354003906,4.858579158782959,60,225.0,178.53571071357126,400.0,0.0,-179.562255859375,-4.810641,0.030550402,-4.779627,-4.8613434,-59.970226,26.27084,-14.584029,-76.78309,860.6843872070312,404.5622496946028,128.0,0.0,128,128,0.00015338575286223742,0.0015431087160264732,0.02701716134791496,0.0,2.8325113422578516,5.05573464325471,22.498611289689446,0.7019444619732739,0.012626447905429567,0.009635565732900952,0.04320960981722335,0.0028409050555325915,0.6185433171887422,0.3017960532343169,0.9374414099118804,0.0,0.8622876431669204,0.23768933248951457,1.2423403198640133,0.04944824067983187,-122.13214472841454,230.76736810458618,88.5,-1349.5,11.948936933788879,37.01973144890431,213.0,-1.0,-325.712890625,581.5855597169963,-1.0,-2698.0,129.08037321005418,229.76126622771073,1348.5,0.33449400781347277,0.0006947738303756039,0.00026361644081108343,0.0010976948408342481,0.0004086636697997548,1.0,0.0,1.0,1.0,0.0,0.0,0.0,0.0,0.025887241991967444,0.00490635589023878,0.0331132889769448,0.020211300398656703,0.8364190286481721,0.3679440339021641,0.999861668280202,0.0,0.0,0.0,0.0,0.0,0.00014664914275330126,0.0015099571826179574,0.026315789473683515,0.0,0.16343432220871187,0.3680060690555826,0.9999999999999944,0.0,0.0,0.0,0.0,0.0,0.9953194077837779,0.021015676858433828,0.9999999999999998,0.8888888866665695,0.16427904157466863,0.3454109909690182,0.9944134078212236,0.0,0.005757700315479603,0.02107086691183538,0.20987654320985324,0.0,0.9985284036481631,0.005477743767437757,0.9999999999999944,0.944444444444392,0.005128466042235031,0.014819190658881112,0.13331309864072433,0.0,12.5,5.5,16,3,2.25,1.7853571071357126,4.0,0.0,1180.25,1022.5862738664156,2400,9,0.0,0.0,0.0,0.0,225.0,178.53571071357126,400.0,0.0,19.173807500000002,13.345241923512244,37.73872,0.041800000000000004,1.4999968698248267e-06,0.009843899999395944,14.877304199995706,0.5620372999983374,15.449186899990309,1265.6411100999103
