train 1th process seed,train 2th process seed,evaluate 1th process seed,evaluate 2th process seed,training_highlevel_policy/Neg Reward Mean,training_highlevel_policy/Neg Reward Std,training_highlevel_policy/Neg Reward Max,training_highlevel_policy/Neg Reward Min,training_highlevel_policy/Neg Advantage,training_highlevel_policy/logprobs Mean,training_highlevel_policy/logprobs Std,training_highlevel_policy/logprobs Max,training_highlevel_policy/logprobs Min,training_highlevel_policy/cut_percent_actions Mean,training_highlevel_policy/cut_percent_actions Std,training_highlevel_policy/cut_percent_actions Max,training_highlevel_policy/cut_percent_actions Min,training_highlevel_policy/reinforce loss,training_highlevel_policy/Critic Value,training_highlevel_policypre_log_prob Mean,training_highlevel_policypre_log_prob Std,training_highlevel_policypre_log_prob Max,training_highlevel_policypre_log_prob Min,training_highlevel_policymean Mean,training_highlevel_policymean Std,training_highlevel_policymean Max,training_highlevel_policymean Min,training_highlevel_policystd Mean,training_highlevel_policystd Std,training_highlevel_policystd Max,training_highlevel_policystd Min,training_highlevel_policyentropy Mean,training_highlevel_policyentropy Std,training_highlevel_policyentropy Max,training_highlevel_policyentropy Min,pos_1_entropy,Epoch,training/Neg Reward Mean,training/Neg Reward Std,training/Neg Reward Max,training/Neg Reward Min,training/Neg Advantage,training/logprobs Mean,training/logprobs Std,training/logprobs Max,training/logprobs Min,training/raw_logprobs Mean,training/raw_logprobs Std,training/raw_logprobs Max,training/raw_logprobs Min,training/reinforce loss,training/Critic Value,training/len cuts Mean,training/len cuts Std,training/len cuts Max,training/len cuts Min,training/cut 1 th feature Mean,training/cut 1 th feature Std,training/cut 1 th feature Max,training/cut 1 th feature Min,training/cut 2 th feature Mean,training/cut 2 th feature Std,training/cut 2 th feature Max,training/cut 2 th feature Min,training/cut 3 th feature Mean,training/cut 3 th feature Std,training/cut 3 th feature Max,training/cut 3 th feature Min,training/cut 4 th feature Mean,training/cut 4 th feature Std,training/cut 4 th feature Max,training/cut 4 th feature Min,training/cut 5 th feature Mean,training/cut 5 th feature Std,training/cut 5 th feature Max,training/cut 5 th feature Min,training/cut 6 th feature Mean,training/cut 6 th feature Std,training/cut 6 th feature Max,training/cut 6 th feature Min,training/cut 7 th feature Mean,training/cut 7 th feature Std,training/cut 7 th feature Max,training/cut 7 th feature Min,training/cut 8 th feature Mean,training/cut 8 th feature Std,training/cut 8 th feature Max,training/cut 8 th feature Min,training/cut 9 th feature Mean,training/cut 9 th feature Std,training/cut 9 th feature Max,training/cut 9 th feature Min,training/cut 10 th feature Mean,training/cut 10 th feature Std,training/cut 10 th feature Max,training/cut 10 th feature Min,training/cut 11 th feature Mean,training/cut 11 th feature Std,training/cut 11 th feature Max,training/cut 11 th feature Min,training/cut 12 th feature Mean,training/cut 12 th feature Std,training/cut 12 th feature Max,training/cut 12 th feature Min,training/cut 13 th feature Mean,training/cut 13 th feature Std,training/cut 13 th feature Max,training/cut 13 th feature Min,training/cut 14 th feature Mean,training/cut 14 th feature Std,training/cut 14 th feature Max,training/cut 14 th feature Min,training/cut 15 th feature Mean,training/cut 15 th feature Std,training/cut 15 th feature Max,training/cut 15 th feature Min,training/cut 16 th feature Mean,training/cut 16 th feature Std,training/cut 16 th feature Max,training/cut 16 th feature Min,training/cut 17 th feature Mean,training/cut 17 th feature Std,training/cut 17 th feature Max,training/cut 17 th feature Min,training/cut 18 th feature Mean,training/cut 18 th feature Std,training/cut 18 th feature Max,training/cut 18 th feature Min,training/cut 19 th feature Mean,training/cut 19 th feature Std,training/cut 19 th feature Max,training/cut 19 th feature Min,training/cut 20 th feature Mean,training/cut 20 th feature Std,training/cut 20 th feature Max,training/cut 20 th feature Min,training/cut 21 th feature Mean,training/cut 21 th feature Std,training/cut 21 th feature Max,training/cut 21 th feature Min,training/cut 22 th feature Mean,training/cut 22 th feature Std,training/cut 22 th feature Max,training/cut 22 th feature Min,training/cut 23 th feature Mean,training/cut 23 th feature Std,training/cut 23 th feature Max,training/cut 23 th feature Min,training/sel cuts num Mean,training/sel cuts num Std,training/sel cuts num Max,training/sel cuts num Min,training/solving_time Mean,training/solving_time Std,training/solving_time Max,training/solving_time Min,training/ntotal_nodes Mean,training/ntotal_nodes Std,training/ntotal_nodes Max,training/ntotal_nodes Min,training/primal_dual_gap Mean,training/primal_dual_gap Std,training/primal_dual_gap Max,training/primal_dual_gap Min,training/primaldualintegral Mean,training/primaldualintegral Std,training/primaldualintegral Max,training/primaldualintegral Min,training/schedule_wait_penalty Mean,training/schedule_wait_penalty Std,training/schedule_wait_penalty Max,training/schedule_wait_penalty Min,time/evaluating (s),time/online_testing (s),time/sampling data (s),time/training (s),time/epoch (s),time/total (s)
717354021,1061650667,946286476,784077896,463.1350239180438,417.03564628481206,1224.162257495591,0.0,8.71930842549773e-06,-0.6145001,0.29873008,-0.2691121,-0.95377016,-0.5180752256086895,0.43644190363844704,0.08620736747980118,-0.9398676156997681,-75.68093872070312,463.1350239180438,-1.573546588420868,0.5859421276481257,-0.9542487859725952,-2.4176907539367676,0.03357678385717528,0.0020697668349574185,0.03530745208263397,0.030526338145136833,1.0369941336768014,0.0014315029660818006,1.0391756296157837,1.0358543395996094,1.4552638530731201,0.001379697735497024,1.4573662281036377,1.4541651010513306,4.857065677642822,1,463.1350239180438,417.03564628481206,1224.162257495591,0.0,8.71930842549773e-06,-4.7949266,0.016492043,-4.758284,-4.8098264,-69.166985,13.472256,-38.47861,-76.94701,-2.0065231323242188,463.1350239180438,128.0,0.0,128,128,0.0002095908413748708,0.0022795267787038644,0.039968038348871575,0.0,2.8655811068694064,5.01316013331021,22.498611289689446,0.7478487663534663,0.012830304298751634,0.009737322302285167,0.04938241121968383,0.002832857177256123,0.5949915481925032,0.32375435932547597,0.9523356030665205,0.0,0.8939323094254138,0.2171693319758529,1.2107427513379179,0.03402625223430528,-115.75318624890659,214.53956938272037,88.5,-1313.5,21.480510280916178,53.725558023477106,355.0,-1.0,-334.36049107142856,602.0623044865766,-1.0,-2626.0,128.6540175174605,220.78910361847534,1312.5,0.22875105525969486,0.0006531604993620287,0.00021714613394526502,0.0010976948408342481,0.0004086636697997548,1.0,0.0,1.0,1.0,0.0,0.0,0.0,0.0,0.02522532972277446,0.004045920001424379,0.0331132889769448,0.020211300398656703,0.8333903973271836,0.3707462375038232,0.9998613614304146,0.0,0.0,0.0,0.0,0.0,0.00020012675266562477,0.0022070061910426358,0.038461538461536986,0.0,0.16640947591977648,0.37082946464849276,0.9999999999999944,0.0,0.0,0.0,0.0,0.0,0.9951287712864284,0.021544032242600812,0.9999999999999998,0.8888888866665694,0.16389504224330942,0.34781983288294616,0.9944134078212236,0.0,0.005592281385667313,0.021405157538140786,0.20987654320985324,0.0,0.9985689687557455,0.00555995027329738,0.9999999999999944,0.944444444444392,0.004969530344715841,0.014946945836365948,0.13331309864072433,0.0,14.428571428571429,2.821202522590214,16,8,4.857142857142857,4.2570469787860965,13.0,0.0,1942.0,2014.7784706300308,6204,16,0.0,0.0,0.0,0.0,463.1350239180438,417.03564628481206,1224.162257495591,0.0,18.781244510273584,9.960152663569728,37.29302584775628,0.03424000000000001,1.8999999156221747e-06,0.000705400001606904,25.91201149999688,1.7245285000099102,27.637247300008312,27.63738510000985
491263,550290313,224766667,1069620869,463.1350239180438,417.03564628481206,1224.162257495591,0.0,8.71930842549773e-06,-0.6145001,0.29873008,-0.2691121,-0.95377016,-0.5180752256086895,0.43644190363844704,0.08620736747980118,-0.9398676156997681,-75.68093872070312,463.1350239180438,-1.573546588420868,0.5859421276481257,-0.9542487859725952,-2.4176907539367676,0.03357678385717528,0.0020697668349574185,0.03530745208263397,0.030526338145136833,1.0369941336768014,0.0014315029660818006,1.0391756296157837,1.0358543395996094,1.4552638530731201,0.001379697735497024,1.4573662281036377,1.4541651010513306,4.856793403625488,2,425.0,330.7189138830738,800.0,100.0,-34.321533203125,-4.789631,0.01662317,-4.763202,-4.8166494,-71.86221,12.734851,-38.175117,-77.06639,164.4691162109375,459.32152152623945,128.0,0.0,128,128,0.00027677902095653203,0.002852542653027895,0.039968038348871575,0.0,3.128556776862016,5.3189028595973475,22.498611289689446,0.9934741678534843,0.01130885461706083,0.00896602005718384,0.03896093776379802,0.002832857177256123,0.5809163854075549,0.3272682294329944,0.9523356030665205,0.0,0.8666745908192093,0.2493100076535187,1.2107427513379179,0.03402625223430528,-124.18411764968914,189.7768487839454,88.5,-598.625,29.35774046983754,62.563001524873634,355.0,-1.0,-352.8876953125,558.8153783103098,-1.0,-2520.0,136.4709629890973,190.55831903815294,758.9696860711896,0.22875105525969486,0.0006224149437637543,0.00013444748607079906,0.0007524454477050414,0.0004086636697997548,1.0,0.0,1.0,1.0,0.0,0.0,0.0,0.0,0.024788106658555825,0.002749406401222546,0.0274204170929851,0.020211300398656703,0.8231201600848945,0.3789121816587131,0.9998613614304146,0.0,0.0,0.0,0.0,0.0,0.00026354608289983904,0.0027560688631932616,0.038461538461536986,0.0,0.17661629383190114,0.3790249657622396,0.9999999999999944,0.0,0.0,0.0,0.0,0.0,0.9952616047219948,0.021041812684959926,0.9999999999999998,0.888888886666823,0.16994334373965034,0.3582846186789521,0.9944134078212236,0.0,0.008075682948205981,0.02772339407928522,0.20987654320985324,0.0,0.9979248475848852,0.0072059295176261536,0.9999999999999944,0.944444444444392,0.006676705229802727,0.01920771656232743,0.13331309864072433,0.0,15.0,2.6457513110645907,16,8,4.25,3.307189138830738,8.0,1.0,1463.75,1515.0319097299569,4671,197,0.0,0.0,0.0,0.0,425.0,330.7189138830738,800.0,100.0,21.520019904090418,5.942986190565137,37.13036300782204,18.582300000000004,1.6999983927235007e-06,0.009593800001312047,30.943874299991876,0.8628458000021055,31.816315599993686,59.4571697999927
630311759,1013994432,396591248,629559425,609.0929440335632,450.9752621642332,1102.9345372460496,0.0,131.3621368408203,-0.6095527,0.27052957,-0.16619682,-0.91706026,0.2929218113422394,0.613636031562653,0.9328046441078186,-0.6977119445800781,-59.190879821777344,477.73081592959574,-1.421862800916036,0.41004973503982656,-1.013456106185913,-2.2073683738708496,0.019561829666296642,0.0009543825897898306,0.020900612697005272,0.01874406635761261,1.0573341449101765,0.00063428521338522,1.0580294132232666,1.0564956665039062,1.4746891657511394,0.0005999426207519724,1.4753466844558716,1.4738960266113281,4.85516357421875,3,609.0929440335632,450.9752621642332,1102.9345372460496,0.0,134.7942657470703,-4.7890406,0.020943081,-4.7638006,-4.823342,-76.62465,0.3350893,-76.22081,-77.17347,-640.685302734375,474.2986637769718,128.0,0.0,128,128,0.00012662337614249638,0.0011230079284196728,0.016126934718260072,0.0,2.7922191122707503,4.937028845127594,22.498611289689446,0.7478487663534663,0.015205264995501221,0.010405854329115711,0.04938241121968383,0.002832857177256123,0.6046021260069171,0.3279419116739349,0.9523356030665205,0.0,0.9252117650244088,0.16064623705685394,1.2107427513379179,0.11520204147878298,-111.96930576067537,245.7542021837872,88.5,-1313.5,15.750128459156235,44.46813237889423,355.0,-1.0,-338.0442708333333,663.9300568854572,-1.0,-2626.0,127.57239645842378,255.93561892867888,1312.5,0.22875105525969486,0.0006755499579324582,0.00030196016525533615,0.0010976948408342481,0.0004086636697997548,1.0,0.0,1.0,1.0,0.0,0.0,0.0,0.0,0.025376183624961562,0.0055724065606905845,0.0331132889769448,0.020211300398656703,0.8379534725351734,0.36769723876787697,0.999858976166631,0.0,0.0,0.0,0.0,0.0,0.0001212748961469745,0.0011066896600076856,0.01587301587301562,0.0,0.1619252525682372,0.3677489259512697,0.9999999999999944,0.0,0.0,0.0,0.0,0.0,0.9951560908989738,0.021528118450620568,0.9999999999999998,0.8888888866665694,0.16598040884929996,0.3430155554161894,0.9944134078212236,0.0,0.002344764013855183,0.005092833168337567,0.062484252960441446,0.0,0.9994118058684972,0.0012873054261940446,0.9999999999999944,0.9841269841269685,0.0027609729407055577,0.004620380285015867,0.05064526585376031,0.0,16.0,0.0,16,16,6.833333333333333,5.177408189003023,13.0,0.0,2624.8333333333335,2362.3694614141586,6092,18,0.0,0.0,0.0,0.0,609.0929440335632,450.9752621642332,1102.9345372460496,0.0,18.581297439045606,15.149684144891621,37.151160000000004,0.03424000000000001,1.8999999156221747e-06,0.006821900009526871,36.89706619999197,0.9744266000052448,37.878316600006656,97.34039670001948
799981516,592322119,410430189,729053692,609.0929440335632,450.9752621642332,1102.9345372460496,0.0,131.3621368408203,-0.6095527,0.27052957,-0.16619682,-0.91706026,0.2929218113422394,0.613636031562653,0.9328046441078186,-0.6977119445800781,-59.190879821777344,477.73081592959574,-1.421862800916036,0.41004973503982656,-1.013456106185913,-2.2073683738708496,0.019561829666296642,0.0009543825897898306,0.020900612697005272,0.01874406635761261,1.0573341449101765,0.00063428521338522,1.0580294132232666,1.0564956665039062,1.4746891657511394,0.0005999426207519724,1.4753466844558716,1.4738960266113281,4.855209827423096,4,522.3080886141164,407.3384674833482,1233.8485316846986,100.0,43.20847702026367,-4.813825,0.026593247,-4.7594166,-4.83745,-67.3463,21.468239,-19.3498,-77.38556,-200.59303283691406,479.09960626068624,128.0,0.0,128,128,0.0002718164402991516,0.0028528107639838544,0.039968038348871575,0.0,2.9206026028183985,5.0688116160444805,22.498611289689443,0.9934741678534843,0.01104908377618944,0.008792758458533213,0.03896093776379802,0.002919703766855815,0.5877836148316927,0.32038866909878577,0.9332711152589828,0.0,0.8704727177261674,0.24878674000828335,1.2107427513379179,0.03402625223430528,-118.59109661508002,187.70324714017266,88.5,-598.625,25.778296647236136,59.37257153910776,196.0,-1.0,-331.59765625,551.1062793039622,-1.0,-2520.0,129.465233311738,190.2101028013007,758.9696860711896,0.33449400781347277,0.0006363684054342065,0.0001160770422708349,0.0007524454477050414,0.0005202913631633715,1.0,0.0,1.0,1.0,0.0,0.0,0.0,0.0,0.025112189296134135,0.002308227796850965,0.0274204170929851,0.02280396149928317,0.8299680909211914,0.3729799982839288,0.9998613614304146,0.0,0.0,0.0,0.0,0.0,0.0002592656450546125,0.0027563202734895748,0.038461538461536986,0.0,0.16977264343343093,0.37308781036954897,0.9999999999999944,0.0,0.0,0.0,0.0,0.0,0.9951082815770192,0.02155593715443183,0.9999999999999998,0.888888886666823,0.16233101728881652,0.3513718145699568,0.9944134078212236,0.0,0.00802791941452641,0.027722220771051406,0.20987654320985324,0.0,0.9979368409211817,0.007205733791867333,0.9999999999999944,0.944444444444392,0.006625948397723555,0.01919782882532922,0.13331309864072433,0.0,14.0,4.47213595499958,16,4,5.333333333333333,4.268749491621899,13.0,1.0,1356.8333333333333,1342.158512330873,3851,204,0.0,0.0,0.0,0.0,522.3080886141164,407.3384674833482,1233.8485316846986,100.0,19.465990416666667,0.8799612994856829,20.3727025,18.582300000000004,1.6999983927235007e-06,0.009007699991343543,24.58896759999334,0.641514000002644,25.23949099998572,122.58343739999691
630361478,796884249,166716594,413652244,300.0,212.13203435596427,600.0,100.0,-159.95773315429688,-0.7227231,0.3286233,-0.15969682,-0.9601996,-0.10576912760734558,0.5555226647065604,0.4797084629535675,-0.9832053184509277,128.14755249023438,459.9577343366362,-1.6596843004226685,1.0989050986688775,-0.9857039451599121,-3.561645030975342,0.01195318903774023,0.003434242765308539,0.014263439923524857,0.006049398332834244,1.0556381940841675,0.0012286558657210905,1.0575158596038818,1.0545401573181152,1.4730833172798157,0.0011635508230909337,1.4748611450195312,1.4720432758331299,4.855570316314697,5,300.0,212.13203435596427,600.0,100.0,-161.18963623046875,-4.7929654,0.020273432,-4.7734566,-4.820312,-68.32218,12.017686,-47.734566,-76.87386,772.9638671875,461.18964563461765,128.0,0.0,128,128,0.00021961196624207938,0.002238874603787333,0.039968038348871575,0.0,2.4259018511005137,4.4240123309943,22.498611289689443,0.7478487663534663,0.014065202374505708,0.010383028758773342,0.04938241121968383,0.002919703766855815,0.6110209051004875,0.3059139372604148,0.9332711152589828,0.0,0.8958464158434196,0.213047060561671,1.2107427513379179,0.03402625223430528,-112.76435543357174,232.1376319016694,88.5,-1313.5,15.258900282837777,45.94286227920937,196.0,-1.0,-314.80859375,623.3154317246987,-1.0,-2626.0,125.37645042920957,243.78847878124313,1312.5,0.33449400781347277,0.0007226807537165081,0.00023634954694367566,0.0010976948408342481,0.0005202913631633715,1.0,0.0,1.0,1.0,0.0,0.0,0.0,0.0,0.02653540726712406,0.004239668183270365,0.0331132889769448,0.02280396149928317,0.8521526006019606,0.35306506110448677,0.9998613614304146,0.0,0.0,0.0,0.0,0.0,0.00021153277910432463,0.0021714710544204563,0.038461538461536986,0.0,0.14763586661851344,0.35314682744802106,0.9999999999999944,0.0,0.0,0.0,0.0,0.0,0.9950438715652818,0.02203481713261157,0.9999999999999998,0.8888888866665694,0.14813746167803984,0.3277840132364001,0.9944134078212236,0.0,0.00533443406459705,0.02021880457497559,0.20987654320985324,0.0,0.9986369756019511,0.00524957578939717,0.9999999999999944,0.944444444444392,0.004833705837195394,0.014169909716732128,0.13331309864072433,0.0,14.25,2.48746859276655,16,10,3.0,2.1213203435596424,6.0,1.0,558.0,529.9004623511853,1373,18,0.0,0.0,0.0,0.0,300.0,212.13203435596427,600.0,100.0,14.82091796375186,8.566977518775694,20.33373622490128,0.03424000000000001,2.6999914553016424e-06,0.00882070000807289,12.855177999997977,0.6385490999964532,13.502550499993959,136.0913047999784
726684926,271757669,795511698,105433556,300.0,212.13203435596427,600.0,100.0,-159.95773315429688,-0.7227231,0.3286233,-0.15969682,-0.9601996,-0.10576912760734558,0.5555226647065604,0.4797084629535675,-0.9832053184509277,128.14755249023438,459.9577343366362,-1.6596843004226685,1.0989050986688775,-0.9857039451599121,-3.561645030975342,0.01195318903774023,0.003434242765308539,0.014263439923524857,0.006049398332834244,1.0556381940841675,0.0012286558657210905,1.0575158596038818,1.0545401573181152,1.4730833172798157,0.0011635508230909337,1.4748611450195312,1.4720432758331299,4.855725288391113,6,457.99025892148705,376.95758365714147,1100.0,100.0,-2.8794732093811035,-4.8003345,0.017724473,-4.7773733,-4.830062,-76.80535,0.28359157,-76.43797,-77.28099,17.832780838012695,460.86970696330457,128.0,0.0,128,128,0.00020959084137487082,0.0022795267787038644,0.039968038348871575,0.0,2.8655811068694064,5.01316013331021,22.498611289689446,0.7478487663534663,0.012830304298751632,0.009737322302285169,0.04938241121968383,0.002832857177256123,0.5949915481925032,0.32375435932547597,0.9523356030665205,0.0,0.8939323094254138,0.2171693319758529,1.2107427513379179,0.03402625223430528,-115.75318624890659,214.53956938272034,88.5,-1313.5,21.480510280916178,53.725558023477106,355.0,-1.0,-334.36049107142856,602.0623044865766,-1.0,-2626.0,128.6540175174605,220.7891036184753,1312.5,0.22875105525969486,0.0006531604993620285,0.00021714613394526497,0.0010976948408342481,0.0004086636697997548,1.0,0.0,1.0,1.0,0.0,0.0,0.0,0.0,0.02522532972277446,0.004045920001424379,0.0331132889769448,0.020211300398656703,0.8333903973271836,0.3707462375038232,0.9998613614304146,0.0,0.0,0.0,0.0,0.0,0.00020012675266562477,0.0022070061910426358,0.038461538461536986,0.0,0.16640947591977648,0.37082946464849276,0.9999999999999944,0.0,0.0,0.0,0.0,0.0,0.9951287712864284,0.021544032242600812,0.9999999999999998,0.8888888866665694,0.16389504224330942,0.34781983288294616,0.9944134078212236,0.0,0.005592281385667313,0.021405157538140786,0.20987654320985324,0.0,0.9985689687557455,0.00555995027329738,0.9999999999999944,0.944444444444392,0.004969530344715842,0.014946945836365948,0.13331309864072433,0.0,16.0,0.0,16,16,4.857142857142857,3.6421567954234173,11.0,1.0,1615.0,1646.8361875339722,4945,15,0.0,0.0,0.0,0.0,457.99025892148705,376.95758365714147,1100.0,100.0,19.658506904293326,10.62244798071379,39.70969303932116,0.03424000000000001,1.5999976312741637e-06,0.006833299994468689,28.64631320000626,0.9749604999960866,29.628108599994448,165.72278759998153
878115723,830873852,550260202,986026652,379.3965073720911,260.23931765379666,743.4944237918215,0.0,-72.50509643554688,-0.65148324,0.25852576,-0.15232539,-0.89743996,-0.15705645581086478,0.6335292983429309,0.6794316172599792,-0.9731260538101196,60.42881774902344,451.90161164018167,-1.504410167535146,0.7271130867351726,-1.0145516395568848,-3.0892858505249023,0.012362626691659292,0.0014153337108138843,0.013196185231208801,0.009241405874490738,1.0464847683906555,0.00034292454296289707,1.046947956085205,1.046181321144104,1.4643751780192058,0.0003276737661316056,1.464817762374878,1.4640852212905884,4.856124401092529,7,379.3965073720911,260.23931765379666,743.4944237918215,0.0,-73.32587432861328,-4.783791,0.02218081,-4.753286,-4.8141274,-68.51711,17.726349,-28.884764,-76.92129,353.9520263671875,452.7223870041832,128.0,0.0,128,128,0.00012000660193265593,0.0011230264141522694,0.016126934718260072,0.0,2.514946880212594,4.5502400391408875,22.498611289689446,0.7478487663534663,0.01485890387433937,0.01033674951192551,0.04938241121968383,0.002832857177256123,0.6137584319057677,0.3180415023694785,0.9523356030665205,0.0,0.9302759342336864,0.15767181264047964,1.2107427513379179,0.11520204147878298,-104.51194438119654,243.21880375886496,88.5,-1313.5,10.977536695687697,36.37486344139146,355.0,-1.0,-309.6575520833333,654.4847557352585,-1.0,-2626.0,118.23142355527807,255.22186177078376,1312.5,0.22875105525969486,0.000694154573493061,0.00028806243494008135,0.0010976948408342481,0.0004086636697997548,1.0,0.0,1.0,1.0,0.0,0.0,0.0,0.0,0.025808293808399305,0.005246114148021775,0.0331132889769448,0.020211300398656703,0.8470840469835692,0.35911334492535885,0.999858976166631,0.0,0.0,0.0,0.0,0.0,0.0001155676456866724,0.001106787122401504,0.01587301587301562,0.0,0.15280038537027701,0.35916078373147786,0.9999999999999944,0.0,0.0,0.0,0.0,0.0,0.9949516600390065,0.02219475214660359,0.9999999999999998,0.8888888866665694,0.15583064024818818,0.33318540862247487,0.9944134078212236,0.0,0.002281079302282421,0.005011911030491062,0.062484252960441446,0.0,0.9994277969835593,0.001267191426360163,0.9999999999999944,0.9841269841269685,0.0026932971645999963,0.004506710916995707,0.05064526585376031,0.0,14.333333333333334,3.726779962499649,16,6,4.333333333333333,3.0368111930480994,9.0,0.0,1298.1666666666667,1235.730204732768,3592,16,0.0,0.0,0.0,0.0,379.3965073720911,260.23931765379666,743.4944237918215,0.0,15.672745187869461,12.831189464171564,37.305902280320915,0.03424000000000001,1.6999983927235007e-06,0.015148499995120801,22.96376739999687,1.0321846999868285,24.01110229997721,189.73755499995605
117628829,147806606,732152370,704211524,379.3965073720911,260.23931765379666,743.4944237918215,0.0,-72.50509643554688,-0.65148324,0.25852576,-0.15232539,-0.89743996,-0.15705645581086478,0.6335292983429309,0.6794316172599792,-0.9731260538101196,60.42881774902344,451.90161164018167,-1.504410167535146,0.7271130867351726,-1.0145516395568848,-3.0892858505249023,0.012362626691659292,0.0014153337108138843,0.013196185231208801,0.009241405874490738,1.0464847683906555,0.00034292454296289707,1.046947956085205,1.046181321144104,1.4643751780192058,0.0003276737661316056,1.464817762374878,1.4640852212905884,4.856682300567627,8,440.11248593925757,355.4835503217469,1000.0,100.0,-11.34891414642334,-4.7811904,0.06744992,-4.6476045,-4.8255234,-62.556236,28.954702,-4.6476045,-77.208374,61.56561279296875,451.46139689769063,128.0,0.0,128,128,0.00018470060180515849,0.0020042852173849744,0.039968038348871575,0.0,2.84357250848981,4.990555933671816,22.498611289689446,0.7478487663534663,0.01354279250777651,0.010001992065282348,0.04938241121968383,0.002832857177256123,0.5978747215368274,0.3250461276965559,0.9523356030665205,0.0,0.9033161461051122,0.20238920940031463,1.2107427513379179,0.03402625223430528,-114.61802210243722,224.3671185284698,88.5,-1313.5,19.761395734388195,51.192042121375906,355.0,-1.0,-335.465625,621.2721616315665,-1.0,-2626.0,128.32953119974948,231.89359151222976,1312.5,0.22875105525969486,0.0006598773369331575,0.0002458982783816056,0.0010976948408342481,0.0004086636697997548,1.0,0.0,1.0,1.0,0.0,0.0,0.0,0.0,0.025270585893430585,0.004558390228227,0.0331132889769448,0.020211300398656703,0.8347593198895804,0.36984008869124707,0.9998613614304146,0.0,0.0,0.0,0.0,0.0,0.0001764711957100297,0.0019437972449277714,0.038461538461536986,0.0,0.1650642089143147,0.36991370452030986,0.9999999999999944,0.0,0.0,0.0,0.0,0.0,0.9951369671701922,0.021539262977924745,0.9999999999999998,0.8888888866665694,0.16452065222510656,0.3463868645290444,0.9944134078212236,0.0,0.004618026174123674,0.01818577358469636,0.20987654320985324,0.0,0.9988218198895711,0.004720747624146303,0.9999999999999944,0.944444444444392,0.004306963123512757,0.012799083150661961,0.13331309864072433,0.0,13.0,6.0,16,1,4.6,3.4985711369071804,10.0,1.0,1293.2,1288.7577584635524,3682,18,0.0,0.0,0.0,0.0,440.11248593925757,355.4835503217469,1000.0,100.0,18.524289554838745,11.792110755824572,37.13036,0.03424000000000001,2.1000014385208488e-06,0.010488600004464388,17.82257549998758,0.5746440999937477,18.40771029998723,208.14865169992845
718568663,889937879,252070889,776094449,764.1689004890895,269.8558767868452,1000.0,100.0,281.04058837890625,-0.56303227,0.26625386,-0.16420007,-0.9541871,-0.004785682074725628,0.7202839685249608,0.9475153088569641,-0.938637912273407,-146.95411682128906,483.1283405250725,-1.5715260058641434,0.547122525673542,-0.9609471559524536,-2.4448695182800293,0.01738071092404425,0.0035969356254403504,0.02064405009150505,0.010411784052848816,1.0381455272436142,0.00036773048489192347,1.038712978363037,1.037787914276123,1.45637446641922,0.000354195008426313,1.4569209814071655,1.456030011177063,4.856821537017822,9,764.1689004890895,269.8558767868452,1000.0,100.0,281.436767578125,-4.8088436,0.017838825,-4.7747374,-4.8368692,-76.9415,0.2854212,-76.3958,-77.38991,-1352.384033203125,482.73214725683056,128.0,0.0,128,128,8.685772614575312e-05,0.0014324419084191008,0.039968038348871575,0.0,3.4919794821089924,5.669388719014509,22.498611289689446,0.9934741678534843,0.010572823202077976,0.007577893807821721,0.03896093776379802,0.002832857177256123,0.5765150824419772,0.35530988828489674,0.9523356030665205,0.0,0.9289088605163285,0.17545775481816706,1.2107427513379179,0.03402625223430528,-104.39322763336708,182.30589235361663,88.5,-598.625,24.03477584944723,54.51248351857705,355.0,-1.0,-332.599609375,574.425772919006,-1.0,-2520.0,116.45551000728844,177.8814628729225,758.9696860711896,0.22875105525969486,0.000507450238719724,0.00010604161266373673,0.0007524454477050414,0.0004086636697997548,1.0,0.0,1.0,1.0,0.0,0.0,0.0,0.0,0.022408770535760986,0.0022424297596449383,0.0274204170929851,0.020211300398656703,0.8019254630192334,0.3975506489459406,0.9998613614304146,0.0,0.0,0.0,0.0,0.0,7.914374432761082e-05,0.001383039822072581,0.038461538461536986,0.0,0.19799539323608717,0.3975876057033826,0.9999999999999944,0.0,0.0,0.0,0.0,0.0,0.9949491131517025,0.02156237376589893,0.9999999999999998,0.888888886666823,0.19028583577973276,0.37711945174784134,0.9944134078212236,0.0,0.003177985211765516,0.01428472063159788,0.20987654320985324,0.0,0.9991910880192234,0.0037096278642125393,0.9999999999999944,0.944444444444392,0.0031542108047800327,0.010070856187198942,0.13331309864072433,0.0,16.0,0.0,16,16,7.875,2.8912583765550943,11.0,1.0,2945.25,1982.5415979242402,7325,224,0.0,0.0,0.0,0.0,764.1689004890895,269.8558767868452,1000.0,100.0,25.718339235585617,8.875176332310255,37.24388817627279,18.582300000000004,2.9999937396496534e-06,0.007462699999450706,38.4118129999988,1.5630454000056488,39.98232409999764,248.13446439993277
602957303,812297694,850839392,121930838,764.1689004890895,269.8558767868452,1000.0,100.0,281.04058837890625,-0.56303227,0.26625386,-0.16420007,-0.9541871,-0.004785682074725628,0.7202839685249608,0.9475153088569641,-0.938637912273407,-146.95411682128906,483.1283405250725,-1.5715260058641434,0.547122525673542,-0.9609471559524536,-2.4448695182800293,0.01738071092404425,0.0035969356254403504,0.02064405009150505,0.010411784052848816,1.0381455272436142,0.00036773048489192347,1.038712978363037,1.037787914276123,1.45637446641922,0.000354195008426313,1.4569209814071655,1.456030011177063,4.857017993927002,10,750.0,50.0,800.0,700.0,240.54107666015625,-4.7909656,0.017686848,-4.766864,-4.8234696,-68.685814,17.888481,-28.690683,-77.175514,-1152.4368896484375,509.4589325311475,128.0,0.0,128,128,2.5204821427953578e-05,8.834979901424396e-05,0.0006853758461993129,0.0,3.682438441872524,5.843507143430161,22.498611289689446,1.0054601753418155,0.010414069677374153,0.007119992152643454,0.02974500036118929,0.002832857177256123,0.5727589049787387,0.3661339741750223,0.9523356030665205,0.0,0.9483875747797156,0.13746976538754838,1.2107427513379179,0.16361343296583433,-99.66060463946276,180.2225216370029,88.5,-598.625,23.453602250184257,52.78032472192741,355.0,-1.0,-332.93359375,581.9909520314384,-1.0,-2520.0,112.1189355724719,173.36061220628886,758.9696860711896,0.22875105525969486,0.0004644775164815633,5.5813846681808366e-05,0.0005202913631633715,0.0004086636697997548,1.0,0.0,1.0,1.0,0.0,0.0,0.0,0.0,0.02150763094896994,0.0012963305503132345,0.02280396149928317,0.020211300398656703,0.7925779203852475,0.404978796214462,0.999858976166631,0.0,0.0,0.0,0.0,0.0,1.91031107519436e-05,5.954442471122594e-05,0.00025361399949277194,0.0,0.20740297650363926,0.4049885064682775,0.9999999999999944,0.0,0.0,0.0,0.0,0.0,0.9948960570099303,0.02156425780178344,0.9999999999999998,0.888888886666823,0.1996041086100382,0.38486889931062057,0.9944134078212236,0.0,0.0015613404775118847,0.0023330214494512455,0.01284869210351293,0.0,0.9996091703852373,0.0005845915118691207,0.9999999999999944,0.9967774420937507,0.0019969649404655253,0.0026496119137623983,0.013955462451257832,0.0,14.333333333333334,3.7267799624996494,16,6,7.5,0.5,8.0,7.0,2951.0,717.3992379886298,3680,1585,0.0,0.0,0.0,0.0,750.0,50.0,800.0,700.0,28.191299541544964,8.99363008711348,37.27525779338344,18.871050121994585,1.7999991541728377e-06,0.007224800006952137,36.965669099998195,0.796434899995802,37.7693306000001,285.9070150999469
217946253,927586281,937426313,226591751,357.14285714285717,345.820526768863,900.0,0.0,-113.38693237304688,-0.63130146,0.3540063,-0.16465783,-0.9470419,0.05533944935138736,0.6217550495577147,0.9490604400634766,-0.910198986530304,103.91822052001953,470.52979218685095,-1.5309887272971017,0.6605553726898121,-0.9471919536590576,-2.4744157791137695,0.02845844706254346,0.004503119788770875,0.03143855556845665,0.018952561542391777,1.0280794416155135,0.00037802119273325197,1.0287150144577026,1.0277255773544312,1.4466308866228377,0.00036764592651376566,1.447248935699463,1.446286678314209,4.858920097351074,11,357.14285714285717,345.820526768863,900.0,0.0,-137.08447265625,-4.800553,0.021444177,-4.771312,-4.845022,-67.83282,16.583889,-29.070131,-77.003914,656.1218872070312,494.22732499231853,128.0,0.0,128,128,0.00022606056859556523,0.001983069838839271,0.039968038348871575,0.0,2.320203349797637,4.300682578334965,22.498611289689446,0.7478487663534663,0.016755610543199035,0.011034263284380981,0.04938241121968383,0.002832857177256123,0.6179929634015264,0.3005350199075441,0.9523356030665205,0.0,0.8963287173647362,0.19945192783583404,1.2107427513379179,0.03402625223430528,-120.89478950262676,262.68519173199263,88.5,-1313.5,14.21333434659162,44.16059829812093,355.0,-1.0,-339.12276785714283,678.2099309022848,-1.0,-2626.0,136.94375606562892,277.77398301186685,1312.5,0.22875105525969486,0.000784968052333469,0.00028689578507186663,0.0010976948408342481,0.0004086636697997548,1.0,0.0,1.0,1.0,0.0,0.0,0.0,0.0,0.02751135820300608,0.0052339982923844276,0.0331132889769448,0.020211300398656703,0.8616008218739932,0.34371615803831185,0.9998613614304146,0.0,0.0,0.0,0.0,0.0,0.00021908470177488875,0.0019321578636429131,0.038461538461536986,0.0,0.13818009342377713,0.34379877032974443,0.9999999999999944,0.0,0.0,0.0,0.0,0.0,0.9952910218864403,0.02151409374482936,0.9999999999999998,0.8888888866665694,0.14572418282588284,0.31757952600558537,0.9944134078212236,0.0,0.004416193291957419,0.015949963752023386,0.20987654320985324,0.0,0.9988776075882699,0.004133318710221322,0.9999999999999944,0.944444444444392,0.004301827642847861,0.011414804428709036,0.13331309864072433,0.0,14.142857142857142,3.4817307448439827,16,6,3.5714285714285716,3.4582052676886303,9.0,0.0,1327.2857142857142,1721.1625402023826,4941,15,0.0,0.0,0.0,0.0,357.14285714285717,345.820526768863,900.0,0.0,13.628081118217214,13.206832740753343,37.49008782752051,0.03424000000000001,1.5999976312741637e-06,0.00923769999644719,21.29100810000091,0.8472274000087054,22.147474800003693,308.05804629992053
272404799,398576445,826019350,77964601,357.14285714285717,345.820526768863,900.0,0.0,-113.38693237304688,-0.63130146,0.3540063,-0.16465783,-0.9470419,0.05533944935138736,0.6217550495577147,0.9490604400634766,-0.910198986530304,103.91822052001953,470.52979218685095,-1.5309887272971017,0.6605553726898121,-0.9471919536590576,-2.4744157791137695,0.02845844706254346,0.004503119788770875,0.03143855556845665,0.018952561542391777,1.0280794416155135,0.00037802119273325197,1.0287150144577026,1.0277255773544312,1.4466308866228377,0.00036764592651376566,1.447248935699463,1.446286678314209,4.857953071594238,12,716.6666666666666,501.38696521637746,1300.0,0.0,200.19541931152344,-4.7924237,0.014011002,-4.774532,-4.8128853,-73.48167,7.1292253,-57.54803,-77.006165,-957.266357421875,516.4712591597533,128.0,0.0,128,128,0.00016804313305705172,0.0018307417032845487,0.039968038348871575,0.0,3.3992918454741634,5.621439265290924,22.498611289689446,0.7478487663534663,0.01354088038445223,0.009856200372044264,0.04938241121968383,0.002832857177256123,0.5799542932622034,0.34562242397125265,0.9523356030665205,0.0,0.9032317970702967,0.1966515090959835,1.2107427513379179,0.03402625223430528,-123.31116126115971,221.45544907107796,88.5,-1313.5,27.535651132223677,58.989900829723254,355.0,-1.0,-377.6236979166667,627.7064487007378,-1.0,-2626.0,139.63922461658845,223.90229017636986,1312.5,0.22875105525969486,0.0005994037768503208,0.000254007833467329,0.0010976948408342481,0.0004086636697997548,1.0,0.0,1.0,1.0,0.0,0.0,0.0,0.0,0.023995261460863865,0.004817405879509962,0.0331132889769448,0.020211300398656703,0.8140332249662645,0.38772684613088015,0.9998613614304146,0.0,0.0,0.0,0.0,0.0,0.00015880405724080183,0.0017753061265567026,0.038461538461536986,0.0,0.1858079709761424,0.3877988061709652,0.9999999999999944,0.0,0.0,0.0,0.0,0.0,0.9954034617667663,0.020500887694676166,0.9999999999999998,0.8888888866665694,0.18559254785759613,0.3664637302027455,0.9944134078212236,0.0,0.004204105625380852,0.016693746426984728,0.20987654320985324,0.0,0.998929058299589,0.004332248560296018,0.9999999999999944,0.944444444444392,0.004023477090496559,0.0118206721676204,0.13331309864072433,0.0,15.333333333333334,1.4907119849998596,16,12,7.166666666666667,5.013869652163774,13.0,0.0,3002.5,2600.2129239737274,7434,15,0.0,0.0,0.0,0.0,716.6666666666666,501.38696521637746,1300.0,0.0,24.95837776704032,13.930139347957363,37.63871563243842,0.03424000000000001,2.3000029614195228e-06,0.008481500000925735,29.161259799991967,0.734803200000897,29.90454679999675,337.96616539993556
542837249,494008192,621080892,339933393,420.58690744920995,421.53918327160204,1200.0,0.0,-44.94858932495117,-0.64459497,0.13033122,-0.48749197,-0.86417776,-0.13977441787719727,0.6631869387586459,0.7036053538322449,-0.8367651104927063,34.841732025146484,465.5355037130868,-1.32481529712677,0.23898751664388448,-1.0244089365005493,-1.6920475959777832,0.030721143633127213,0.0050964984302433024,0.03969204053282738,0.02577308937907219,1.0155428171157836,0.0003595413879730132,1.015977382659912,1.015147089958191,1.434361720085144,0.0003540600621529516,1.4347896575927734,1.4339720010757446,4.858379364013672,13,420.58690744920995,421.53918327160204,1200.0,0.0,-86.29590606689453,-4.8153596,0.021968357,-4.790487,-4.8532104,-58.65399,22.262682,-29.11926,-76.888695,406.9875183105469,506.882823988699,128.0,0.0,128,128,0.0002992255074572549,0.002692051917448354,0.039968038348871575,0.0,3.204291529807736,5.4469297576219375,22.498611289689446,0.7478487663534663,0.01462806483809107,0.010676957240541046,0.04938241121968383,0.002832857177256123,0.5819094713207675,0.3278395178970646,0.9523356030665205,0.0,0.8599961971814271,0.2399604163750113,1.1951265277932084,0.03402625223430528,-140.08788620343333,231.20716519778202,88.5,-1313.5,32.145493725533434,64.77458658882087,355.0,-1.0,-403.059375,629.0625338347606,-1.0,-2626.0,157.68638526300566,236.41250620538707,1312.5,0.22875105525969486,0.0006839826151687682,0.0002577336485215216,0.0010976948408342481,0.0004086636697997548,1.0,0.0,1.0,1.0,0.0,0.0,0.0,0.0,0.025675344792045685,0.004921892535083181,0.0331132889769448,0.020211300398656703,0.8278020094278082,0.3751086074067129,0.9998613614304146,0.0,0.0,0.0,0.0,0.0,0.00028623361053582225,0.0026066319972270855,0.038461538461536986,0.0,0.17191175696133584,0.37523065203372796,0.9999999999999944,0.0,0.0,0.0,0.0,0.0,0.9957124910609494,0.019834504086403658,0.9999999999999998,0.8888888866665694,0.1739708603392861,0.35400058058583744,0.9944134078212236,0.0,0.007357501056704113,0.025112158501292017,0.20987654320985324,0.0,0.9981145094277999,0.0065238204302634885,0.9999999999999944,0.944444444444392,0.006320978369069315,0.01750337453947714,0.13331309864072433,0.0,12.2,4.664761515876241,16,6,4.4,4.2708313008125245,12.0,0.0,1377.2,1763.4116252310464,4758,16,0.0,0.0,0.0,0.0,420.58690744920995,421.53918327160204,1200.0,0.0,22.370878827755067,13.964597144662733,37.337242081193715,0.03424013183895499,2.1000014385208488e-06,0.014352799989865161,18.475743099988904,0.650887399999192,19.1409853999794,357.11052639991976
365262088,341893848,167739021,98998899,420.58690744920995,421.53918327160204,1200.0,0.0,-44.94858932495117,-0.64459497,0.13033122,-0.48749197,-0.86417776,-0.13977441787719727,0.6631869387586459,0.7036053538322449,-0.8367651104927063,34.841732025146484,465.5355037130868,-1.32481529712677,0.23898751664388448,-1.0244089365005493,-1.6920475959777832,0.030721143633127213,0.0050964984302433024,0.03969204053282738,0.02577308937907219,1.0155428171157836,0.0003595413879730132,1.015977382659912,1.015147089958191,1.434361720085144,0.0003540600621529516,1.4347896575927734,1.4339720010757446,4.859114646911621,14,360.0,366.6060555964672,900.0,0.0,-132.19456481933594,-4.802938,0.0038408695,-4.797901,-4.8070297,-73.96282,5.736371,-62.49056,-76.912476,634.62890625,492.1945415898291,128.0,0.0,128,128,0.00024158167010797986,0.002180183755198674,0.039968038348871575,0.0,2.1430775714938517,3.9990498655382205,22.498611289689443,0.7478487663534663,0.016209693025955638,0.011035664627882124,0.04938241121968383,0.002919703766855815,0.6224744376930447,0.29168564931159296,0.9332711152589828,0.0,0.8924491617774949,0.20889714476886592,1.2107427513379179,0.03402625223430528,-117.5288259474775,257.4185574072074,88.5,-1313.5,12.275756401690256,41.53462967582641,196.0,-1.0,-321.5,663.2962714730122,-1.0,-2626.0,131.99702398943313,273.3409563498433,1312.5,0.33449400781347277,0.0007976835711400561,0.00025921145259857805,0.0010976948408342481,0.0005202913631633715,1.0,0.0,1.0,1.0,0.0,0.0,0.0,0.0,0.02785098360908821,0.004615494934406397,0.0331132889769448,0.02280396149928317,0.8674629958485734,0.3372068791028676,0.9998613614304146,0.0,0.0,0.0,0.0,0.0,0.00023434991667086691,0.0021201942876712373,0.038461538461536986,0.0,0.13230265423429738,0.3372921498086952,0.9999999999999944,0.0,0.0,0.0,0.0,0.0,0.9951703289876377,0.02191981756818014,0.9999999999999998,0.8888888866665694,0.13825657120799656,0.3103770715142322,0.9944134078212236,0.0,0.005049869468985995,0.018439425859805396,0.20987654320985324,0.0,0.9987129958485642,0.0047833465320217235,0.9999999999999944,0.944444444444392,0.00472476245799344,0.013037510074547202,0.13331309864072433,0.0,15.4,1.2,16,13,3.6,3.6660605559646724,9.0,0.0,1945.8,2340.3438550777105,5841,15,0.0,0.0,0.0,0.0,360.0,366.6060555964672,900.0,0.0,11.278552024398918,9.181547483747687,18.871050121994585,0.03424000000000001,1.5999976312741637e-06,0.010663499997463077,21.6621962999925,0.6845967999979621,22.357458199985558,379.4711260999029
729416111,254447594,550367865,732412360,300.0,238.04761428476166,600.0,0.0,-148.9819793701172,-0.7385097,0.26355413,-0.16261172,-0.92275363,-0.04137656092643738,0.5285480661434098,0.9676926136016846,-0.570476770401001,144.6770477294922,448.98195334177814,-1.343512366215388,0.7098616916232706,-0.9243149757385254,-2.91819429397583,0.04464659591515859,0.0049671392991436705,0.04892493039369583,0.03552451729774475,1.0047084490458171,0.0006171409297490477,1.0053632259368896,1.003580093383789,1.42363574107488,0.0006143811221339422,1.4242874383926392,1.422512173652649,4.85908842086792,15,300.0,238.04761428476166,600.0,0.0,-172.97509765625,-4.797294,0.007078211,-4.787565,-4.8059835,-76.75671,0.11325137,-76.60104,-76.89574,830.6106567382812,472.9750874308462,128.0,0.0,128,128,0.00020882724909956243,0.0019920414037236617,0.039968038348871575,0.0,2.538273832586042,4.60794835644961,22.498611289689446,0.7478487663534663,0.015416936361772984,0.01073386543394551,0.04938241121968383,0.002832857177256123,0.6096103626245685,0.311140980280326,0.9523356030665205,0.0,0.8992401460065595,0.20071058451403964,1.2107427513379179,0.03402625223430528,-118.2794697525478,247.4608553803673,88.5,-1313.5,16.525026591506858,47.29694568231566,355.0,-1.0,-337.5989583333333,655.0900368293519,-1.0,-2626.0,133.35449570484582,259.6790196988538,1312.5,0.22875105525969486,0.0007328469209166725,0.00027750874525469345,0.0010976948408342481,0.0004086636697997548,1.0,0.0,1.0,1.0,0.0,0.0,0.0,0.0,0.02657770307401629,0.005085129743960103,0.0331132889769448,0.020211300398656703,0.8504168627138213,0.3550816099769661,0.9998613614304146,0.0,0.0,0.0,0.0,0.0,0.0002013290742478641,0.0019371300318597002,0.038461538461536986,0.0,0.1493818082115011,0.35516098963236875,0.9999999999999944,0.0,0.0,0.0,0.0,0.0,0.9952268324213369,0.02152471849722811,0.9999999999999998,0.8888888866665694,0.1535560450755594,0.3300185684764121,0.9944134078212236,0.0,0.004500290326193358,0.016917791485673767,0.20987654320985324,0.0,0.998854362713812,0.004387735112623997,0.9999999999999944,0.944444444444392,0.004303967426458235,0.012010991651501428,0.13331309864072433,0.0,16.0,0.0,16,16,3.0,2.3804761428476167,6.0,0.0,777.3333333333334,756.0568026867352,1991,15,0.0,0.0,0.0,0.0,300.0,238.04761428476166,600.0,0.0,16.590992583290053,14.145571010582362,41.672389274839034,0.03424000000000001,2.3000029614195228e-06,0.009913800007780083,18.185860199999297,0.8008198000025004,18.99659610001254,398.47105189990543
422396446,399713351,734901635,737248710,300.0,238.04761428476166,600.0,0.0,-148.9819793701172,-0.7385097,0.26355413,-0.16261172,-0.92275363,-0.04137656092643738,0.5285480661434098,0.9676926136016846,-0.570476770401001,144.6770477294922,448.98195334177814,-1.343512366215388,0.7098616916232706,-0.9243149757385254,-2.91819429397583,0.04464659591515859,0.0049671392991436705,0.04892493039369583,0.03552451729774475,1.0047084490458171,0.0006171409297490477,1.0053632259368896,1.003580093383789,1.42363574107488,0.0006143811221339422,1.4242874383926392,1.422512173652649,4.858543872833252,16,463.3444075304541,300.9777363156446,906.7552602436324,100.0,-8.667617797851562,-4.8028736,0.017872233,-4.775225,-4.8231106,-76.84598,0.28595573,-76.4036,-77.16977,43.78540802001953,472.01201944080697,128.0,0.0,128,128,0.00022008869689611288,0.0024729267771553985,0.039968038348871575,0.0,3.526969910669165,5.732882540328395,22.498611289689446,0.9934741678534843,0.0114098719332284,0.008770259754940885,0.03896093776379802,0.002832857177256123,0.5702929785201784,0.34533493371361407,0.9523356030665205,0.0,0.8823551781756382,0.23037411168244087,1.2107427513379179,0.03402625223430528,-125.04451569039395,190.31661985690658,88.5,-598.625,32.356010693175975,64.04709782793212,355.0,-1.0,-374.51171875,573.2759529424253,-1.0,-2520.0,139.14011823164006,187.06509021073924,758.9696860711896,0.22875105525969486,0.0005654887598551413,0.00015113170801633655,0.0007524454477050414,0.0004086636697997548,1.0,0.0,1.0,1.0,0.0,0.0,0.0,0.0,0.023562884434186467,0.0031522402614052236,0.0274204170929851,0.020211300398656703,0.8069246866146116,0.3926455606642308,0.9998613614304146,0.0,0.0,0.0,0.0,0.0,0.00020778588716939837,0.0023891204906698054,0.038461538461536986,0.0,0.19286752749792332,0.3927402921147753,0.9999999999999944,0.0,0.0,0.0,0.0,0.0,0.9953618717251982,0.020516846744641173,0.9999999999999998,0.888888886666823,0.18687394302078958,0.37322905024116115,0.9944134078212236,0.0,0.006506801747631922,0.024207992993304332,0.20987654320985324,0.0,0.9983309366146025,0.006291039310765831,0.9999999999999944,0.944444444444392,0.00557021619756739,0.0168279388633294,0.13331309864072433,0.0,16.0,0.0,16,16,4.75,3.191786333700926,10.0,1.0,2166.375,1826.289061012796,5405,160,0.0,0.0,0.0,0.0,463.3444075304541,300.9777363156446,906.7552602436324,100.0,25.465901971826824,8.603262269917764,37.26784,18.582300000000004,1.5999976312741637e-06,0.009411599996383302,28.63084070000332,1.0716759000060847,29.711929800003418,428.1864379999315
892878741,694873649,142443833,848474627,287.63888888888886,189.26051065941286,500.0,100.0,-145.20877075195312,-0.78895205,0.13263494,-0.5527227,-0.9124027,-0.20350471884012222,0.5523101506142529,0.6031776666641235,-0.9926816821098328,118.02914428710938,432.8476468964892,-1.755352685848872,1.4843514596495175,-0.9127572774887085,-5.033761024475098,0.046951145554582276,0.004719749516237246,0.05426878109574318,0.04173365235328674,0.9920598864555359,0.0008571243991620652,0.9932895302772522,0.9909393191337585,1.4109663565953572,0.0008640796322323087,1.412205457687378,1.4098365306854248,4.859088897705078,17,287.63888888888886,189.26051065941286,500.0,100.0,-165.93582153320312,-4.7993183,0.02839688,-4.7423563,-4.824958,-57.698902,27.339981,-4.7423563,-77.1672,797.1836547851562,453.5747063856151,128.0,0.0,128,128,0.00025024700601411774,0.0024600584550230646,0.039968038348871575,0.0,3.1453465657894557,5.363565993020307,22.498611289689446,0.7478487663534663,0.013752551750723993,0.010236374052290413,0.04938241121968383,0.002832857177256123,0.5849625298798548,0.3300977983661922,0.9523356030665205,0.0,0.8772601780524473,0.22805181555451542,1.2107427513379179,0.03402625223430528,-129.62132525303215,223.02718453476868,88.5,-1313.5,28.310549264574302,61.001061584970536,355.0,-1.0,-377.1783854166667,618.3772894316972,-1.0,-2626.0,145.42132386301049,227.86584778236306,1312.5,0.22875105525969486,0.0006567007398345353,0.00024305767132982197,0.0010976948408342481,0.0004086636697997548,1.0,0.0,1.0,1.0,0.0,0.0,0.0,0.0,0.025196780909918597,0.004618726958676566,0.0331132889769448,0.020211300398656703,0.8264966151449126,0.37657675487761416,0.9998613614304146,0.0,0.0,0.0,0.0,0.0,0.00023885823534169144,0.0023818929168756167,0.038461538461536986,0.0,0.1732645266194063,0.37667905859608297,0.9999999999999944,0.0,0.0,0.0,0.0,0.0,0.9954742032891293,0.02049646359368213,0.9999999999999998,0.8888888866665694,0.17316818408385556,0.35501491029912324,0.9944134078212236,0.0,0.0063596319377190276,0.02304213899155511,0.20987654320985324,0.0,0.9983716151449037,0.0059854183722588775,0.9999999999999944,0.944444444444392,0.005566471576249237,0.016085652709352347,0.13331309864072433,0.0,12.0,5.686240703077327,16,1,3.1666666666666665,2.192157739660984,6.0,1.0,1080.6666666666667,961.1050353051371,2550,15,0.0,0.0,0.0,0.0,287.63888888888886,189.26051065941286,500.0,100.0,22.024718097857512,12.76286759284825,37.377258587145064,0.03424000000000001,1.5999976312741637e-06,0.007562300001154654,15.834608100005426,0.7420508999930462,16.584222899997258,444.77398779995565
824105924,170208024,281387505,610401323,287.63888888888886,189.26051065941286,500.0,100.0,-145.20877075195312,-0.78895205,0.13263494,-0.5527227,-0.9124027,-0.20350471884012222,0.5523101506142529,0.6031776666641235,-0.9926816821098328,118.02914428710938,432.8476468964892,-1.755352685848872,1.4843514596495175,-0.9127572774887085,-5.033761024475098,0.046951145554582276,0.004719749516237246,0.05426878109574318,0.04173365235328674,0.9920598864555359,0.0008571243991620652,0.9932895302772522,0.9909393191337585,1.4109663565953572,0.0008640796322323087,1.412205457687378,1.4098365306854248,4.858797073364258,18,151.05204872646732,163.01932853031497,506.312292358804,0.0,-272.2703857421875,-4.8006587,0.00738027,-4.789645,-4.814284,-76.81054,0.11808432,-76.63432,-77.02854,1307.7548828125,423.32244061970033,128.0,0.0,128,128,0.00041465475192824984,0.003378148542874653,0.039968038348871575,0.0,2.6374560064200385,4.766070963309063,22.498611289689443,0.7478487663534663,0.014175894483267516,0.010944946827812647,0.04938241121968383,0.002919703766855815,0.5949790031151574,0.29636709491943064,0.9332711152589828,0.0,0.8253169400167485,0.27318878034653427,1.2107427513379179,0.03402625223430528,-142.241653236777,225.6090296516204,88.5,-1313.5,29.86034552927556,64.80871037897464,196.0,-1.0,-376.2877604166667,599.2824500637067,-1.0,-2626.0,156.98552235585456,235.16689102445017,1312.5,0.33449400781347277,0.0007712946658029641,0.00016880013047390692,0.0010976948408342481,0.0005202913631633715,1.0,0.0,1.0,1.0,0.0,0.0,0.0,0.0,0.027599819808028062,0.002986841713549949,0.0331132889769448,0.02280396149928317,0.8514233955022085,0.35190044892383177,0.9998613614304146,0.0,0.0,0.0,0.0,0.0,0.0003989665915434707,0.003267776903005884,0.038461538461536986,0.0,0.1481776379059341,0.35205323949831646,0.9999999999999944,0.0,0.0,0.0,0.0,0.0,0.995615686333855,0.020486879723961005,0.9999999999999998,0.8888888866665694,0.1483194565363745,0.32952881452881916,0.9944134078212236,0.0,0.010670684562395375,0.03174240706503539,0.20987654320985324,0.0,0.9972567288355334,0.00825072644512689,0.9999999999999944,0.944444444444392,0.00865246054775459,0.021965953117736393,0.13331309864072433,0.0,16.0,0.0,16,16,1.6666666666666667,1.9720265943665385,6.0,0.0,468.3333333333333,438.10450300762204,1394,15,0.0,0.0,0.0,0.0,151.05204872646732,163.01932853031497,506.312292358804,0.0,15.680314965448417,7.009350316626294,19.715667355268618,0.03424000000000001,1.600012183189392e-06,0.009876800002530217,11.491576899992651,0.6199330999952508,12.121388400002616,456.8985552999802
801015372,143084570,363464500,698099024,600.0,374.16573867739413,1000.0,0.0,150.43711853027344,-0.65838176,0.24025966,-0.34906566,-0.9021606,-0.0555772701544421,0.6277175603270657,0.8646968603134155,-0.94890296459198,-56.43623733520508,449.5628822068403,-1.4279807976314,0.6126348957510827,-0.9055418372154236,-2.724357843399048,0.054576734879187176,0.003947960732241552,0.05991406738758087,0.05123058706521988,0.9796437280518668,0.0003768303988368802,0.9805620312690735,0.9794615507125854,1.3983721051897322,0.00038452470015474627,1.3993091583251953,1.398186206817627,4.859182357788086,19,600.0,374.16573867739413,1000.0,0.0,159.0098114013672,-4.797016,0.011598358,-4.774805,-4.814869,-73.313065,8.308907,-52.96356,-76.91898,-765.0874633789062,440.9901965577303,128.0,0.0,128,128,0.00012064229231021377,0.001040875601790518,0.016126934718260072,0.0,3.27588617200292,5.501704384506838,22.498611289689446,0.7478487663534663,0.014966129962976884,0.010245287405704595,0.04938241121968383,0.002832857177256123,0.588280701132941,0.34543630803918857,0.9523356030665205,0.0,0.9220115202918101,0.1614652324349705,1.2107427513379179,0.11520204147878298,-119.79895594554634,240.6035468131515,88.5,-1313.5,22.986814125191213,53.48773678746461,355.0,-1.0,-373.81138392857144,663.2631967919074,-1.0,-2626.0,137.3745814930466,246.44230693702784,1312.5,0.22875105525969486,0.0006214765320044122,0.0003035418189597703,0.0010976948408342481,0.0004086636697997548,1.0,0.0,1.0,1.0,0.0,0.0,0.0,0.0,0.024267963006828513,0.0056625200033135125,0.0331132889769448,0.020211300398656703,0.8197319407943893,0.38365714428138686,0.999858976166631,0.0,0.0,0.0,0.0,0.0,0.00011401682025378707,0.001025388647218328,0.01587301587301562,0.0,0.18015404238495775,0.383709226670638,0.9999999999999944,0.0,0.0,0.0,0.0,0.0,0.9953817828776401,0.0206424915474603,0.9999999999999998,0.8888888866665694,0.1838334970165491,0.36092713026124706,0.9944134078212236,0.0,0.0023147267092568343,0.004913464006040626,0.062484252960441446,0.0,0.9994194407943803,0.0012411603100658639,0.9999999999999944,0.9841269841269685,0.0027388406528069884,0.0045510473303703985,0.05064526585376031,0.0,15.285714285714286,1.7496355305594127,16,11,6.0,3.7416573867739413,10.0,0.0,3084.0,2251.4419506491517,6101,15,0.0,0.0,0.0,0.0,600.0,374.16573867739413,1000.0,0.0,24.128782549064177,16.406158556459353,37.72753357563213,0.03424000000000001,2.1000014385208488e-06,0.009527699992759153,39.00946319999639,1.0269103000027826,40.04590329999337,496.94776689997525
78547565,146764659,619817,532704722,600.0,374.16573867739413,1000.0,0.0,150.43711853027344,-0.65838176,0.24025966,-0.34906566,-0.9021606,-0.0555772701544421,0.6277175603270657,0.8646968603134155,-0.94890296459198,-56.43623733520508,449.5628822068403,-1.4279807976314,0.6126348957510827,-0.9055418372154236,-2.724357843399048,0.054576734879187176,0.003947960732241552,0.05991406738758087,0.05123058706521988,0.9796437280518668,0.0003768303988368802,0.9805620312690735,0.9794615507125854,1.3983721051897322,0.00038452470015474627,1.3993091583251953,1.398186206817627,4.858776092529297,20,183.33333333333334,323.6081306491267,900.0,0.0,-231.89120483398438,-4.805387,0.008122241,-4.79017,-4.814266,-76.88619,0.12995586,-76.64272,-77.02826,1113.4805908203125,415.2245102352906,128.0,0.0,128,128,0.0003168625780239457,0.002276349176361567,0.039968038348871575,0.0,1.925326735042426,3.6842978988866695,22.498611289689446,0.7478487663534663,0.020554492801061905,0.011072120172506555,0.04938241121968383,0.002832857177256123,0.6322972777538962,0.27359870712495804,0.9523356030665205,0.0,0.8710001670419754,0.21287013052794448,1.1951265277932084,0.03402625223430528,-138.04553225323923,299.2395681388855,88.5,-1313.5,13.594144563947374,44.68521407856293,355.0,-1.0,-371.0963541666667,736.0443374943803,-1.0,-2626.0,158.1489294939434,319.4051030045975,1312.5,0.22875105525969486,0.0009253147468069647,0.0002632083196545151,0.0010976948408342481,0.0004086636697997548,1.0,0.0,1.0,1.0,0.0,0.0,0.0,0.0,0.030014145566570172,0.004851837457655336,0.0331132889769448,0.020211300398656703,0.8866618404153513,0.3148900943545353,0.9998613614304146,0.0,0.0,0.0,0.0,0.0,0.0003092081101031971,0.002221281528020591,0.038461538461536986,0.0,0.11302895147405927,0.3149932028650238,0.9999999999999944,0.0,0.0,0.0,0.0,0.0,0.9956912971703479,0.02078985776892138,0.9999999999999998,0.8888888866665694,0.1300821139159329,0.28762322250903666,0.9944134078212236,0.0,0.005347398574109419,0.01739356197141865,0.20987654320985324,0.0,0.9986410070820099,0.0045051539624752805,0.9999999999999944,0.944444444444392,0.0051356512028038264,0.012481278328974263,0.13331309864072433,0.0,16.0,0.0,16,16,1.8333333333333333,3.2360813064912666,9.0,0.0,467.6666666666667,885.4862443250538,2434,16,0.0,0.0,0.0,0.0,183.33333333333334,323.6081306491267,900.0,0.0,9.552422356086163,14.648146077753749,38.595274004678025,0.03424000000000001,1.8999999156221747e-06,0.006722799997078255,12.613600299999234,0.6810338000068441,13.301358800003072,510.2523552999919
1025900559,689925184,1065863364,208285721,514.7049338922928,294.6930748360309,900.0,100.0,58.62784957885742,-0.73812526,0.12481473,-0.4958892,-0.8879163,-0.18729048754487718,0.5102554744958022,0.4336315393447876,-0.8721784353256226,-48.46306610107422,456.07708737538553,-1.1820402315684728,0.350911628386063,-0.8855559229850769,-1.9259023666381836,0.05690183064767292,0.0038827406139858296,0.062141433358192444,0.05079539865255356,0.9666040710040501,0.001099211296419557,0.9675118327140808,0.9642341732978821,1.3849715675626482,0.0011379518488472734,1.3859108686447144,1.3825174570083618,4.858658790588379,21,514.7049338922928,294.6930748360309,900.0,100.0,89.53238677978516,-4.798878,0.007020316,-4.7907906,-4.8101363,-76.096596,1.6871411,-71.97312,-76.96218,-429.6153259277344,425.1725526009908,128.0,0.0,128,128,0.00013913037884024284,0.0016961194713850341,0.039968038348871575,0.0,3.0832484894562993,5.262083701668921,22.498611289689446,0.7478487663534663,0.012648871699090122,0.009377571686063419,0.04938241121968383,0.002832857177256123,0.590698773948802,0.33748740688871365,0.9523356030665205,0.0,0.916193697154999,0.18727553471444913,1.2107427513379179,0.03402625223430528,-110.34447425587311,212.79867755704393,88.5,-1313.5,20.8163118817585,51.67774608040061,355.0,-1.0,-334.7421875,610.3080708504639,-1.0,-2626.0,123.69793244909874,216.9122263311512,1312.5,0.22875105525969486,0.0006040488168041306,0.00022775444219110802,0.0010976948408342481,0.0004086636697997548,1.0,0.0,1.0,1.0,0.0,0.0,0.0,0.0,0.024195455909298974,0.004267550009815897,0.0331132889769448,0.020211300398656703,0.8227074914597711,0.3806884593791236,0.9998613614304146,0.0,0.0,0.0,0.0,0.0,0.0001315088857220051,0.0016446540186340057,0.038461538461536986,0.0,0.17716099965412171,0.3807460609984888,0.9999999999999944,0.0,0.0,0.0,0.0,0.0,0.9950681356958315,0.021546682171681326,0.9999999999999998,0.8888888866665694,0.17454449690651558,0.3581551528304254,0.9944134078212236,0.0,0.003744687403663163,0.015481995963866336,0.20987654320985324,0.0,0.9990467771740471,0.004017753214939441,0.9999999999999944,0.944444444444392,0.0036469636426421192,0.01095931777127843,0.13331309864072433,0.0,15.857142857142858,0.34992710611188255,16,15,5.285714285714286,2.913725436338734,9.0,1.0,2049.285714285714,1486.9741773419041,4157,100,0.0,0.0,0.0,0.0,514.7049338922928,294.6930748360309,900.0,100.0,21.79541680377466,12.090944674874352,38.569098439407355,0.03424013183895499,1.7999991541728377e-06,0.009849300011410378,27.938536899993778,1.11055949999718,29.058947500001523,539.3152527000057
130755951,842391266,168703447,954017671,514.7049338922928,294.6930748360309,900.0,100.0,58.62784957885742,-0.73812526,0.12481473,-0.4958892,-0.8879163,-0.18729048754487718,0.5102554744958022,0.4336315393447876,-0.8721784353256226,-48.46306610107422,456.07708737538553,-1.1820402315684728,0.350911628386063,-0.8855559229850769,-1.9259023666381836,0.05690183064767292,0.0038827406139858296,0.062141433358192444,0.05079539865255356,0.9666040710040501,0.001099211296419557,0.9675118327140808,0.9642341732978821,1.3849715675626482,0.0011379518488472734,1.3859108686447144,1.3825174570083618,4.858958721160889,22,334.13187414007535,319.46383337175325,900.0,0.0,-81.93660736083984,-4.8009996,0.023954954,-4.769862,-4.8426614,-50.676174,31.071651,-4.7883964,-76.848045,393.2183532714844,416.06848475489926,128.0,0.0,128,128,0.00029139434541208256,0.0027389739832286313,0.039968038348871575,0.0,3.1232375506679255,5.343165085309372,22.498611289689446,0.7478487663534663,0.013605498820404892,0.010301948527627044,0.04938241121968383,0.002832857177256123,0.5835877980381748,0.3257389050207154,0.9523356030665205,0.0,0.8629894887656386,0.24256118154458456,1.2107427513379179,0.03402625223430528,-133.94594632104665,219.8729971449368,88.5,-1313.5,30.326294560305637,63.34357092097552,355.0,-1.0,-382.64174107142856,608.6671639875209,-1.0,-2626.0,149.62319899121488,224.54776580364543,1312.5,0.22875105525969486,0.0006703785552446076,0.00022750813492460916,0.0010976948408342481,0.0004086636697997548,1.0,0.0,1.0,1.0,0.0,0.0,0.0,0.0,0.025514443221785237,0.0043463289070336366,0.0331132889769448,0.020211300398656703,0.828420889854489,0.37450294633972997,0.9998613614304146,0.0,0.0,0.0,0.0,0.0,0.0002785284775411909,0.002650290919442153,0.038461538461536986,0.0,0.17130058166764875,0.37462090866971587,0.9999999999999944,0.0,0.0,0.0,0.0,0.0,0.9955398597798265,0.020343044238636435,0.9999999999999998,0.8888888866665694,0.17064519089629485,0.3532906352678422,0.9944134078212236,0.0,0.007549049158939054,0.02588653168499738,0.20987654320985324,0.0,0.9980637469973376,0.006726190371718566,0.9999999999999944,0.944444444444392,0.006408112662970526,0.01800431190933321,0.13331309864072433,0.0,10.571428571428571,6.499607523472758,16,1,3.5714285714285716,3.3745748031479192,9.0,0.0,1318.142857142857,1531.493895195279,4667,15,0.0,0.0,0.0,0.0,334.13187414007535,319.46383337175325,900.0,0.0,21.600610869533686,11.967321722262287,37.54628171808738,0.03424000000000001,3.100009053014219e-06,0.007830800008377992,21.762537699993118,0.7830241000046954,22.553395700015244,561.8719322000252
443352346,315096729,849946216,941622294,600.7739438890679,527.2162841358384,1402.9345372460496,0.0,130.22718811035156,-0.59405905,0.1569464,-0.3057716,-0.77709144,-0.25138688938958303,0.7945391458344616,0.9866307377815247,-0.9803120493888855,-94.48719024658203,470.5467730267538,-2.4815334592546736,1.2031844683369337,-1.101786494255066,-4.144355773925781,0.05839703232049942,0.004354997653102625,0.06510169804096222,0.053366564214229584,0.9591070158141,0.0009953341874124248,0.9598583579063416,0.9570513367652893,1.377185378755842,0.0010383620251982926,1.3779690265655518,1.3750402927398682,4.858846664428711,23,600.7739438890679,527.2162841358384,1402.9345372460496,0.0,166.2349090576172,-4.804717,0.01995476,-4.7717085,-4.8311615,-70.66398,15.044651,-33.81813,-77.217705,-798.9852905273438,434.5390306683161,128.0,0.0,128,128,0.00019677427559613363,0.0018451590111605936,0.039968038348871575,0.0,3.295880702608733,5.539981194771928,22.498611289689446,0.7478487663534663,0.015444443523634265,0.010586481575801398,0.04938241121968383,0.002832857177256123,0.5847252131776273,0.33974362652832074,0.9523356030665205,0.0,0.89540941609713,0.19740852654398708,1.1951265277932084,0.03402625223430528,-131.5996919781331,243.5910779897839,88.5,-1313.5,27.741805464464782,59.44590615911255,355.0,-1.0,-397.7611607142857,661.5286468060784,-1.0,-2626.0,150.33721476410466,249.46475168975869,1312.5,0.22875105525969486,0.0006546414012246509,0.00030335705262363253,0.0010976948408342481,0.0004086636697997548,1.0,0.0,1.0,1.0,0.0,0.0,0.0,0.0,0.024927456663071643,0.005722125887269712,0.0331132889769448,0.020211300398656703,0.8225886399917482,0.3806341320102443,0.9998613614304146,0.0,0.0,0.0,0.0,0.0,0.00018752661616338,0.0017941501616638414,0.038461538461536986,0.0,0.17722383339172126,0.380717123809406,0.9999999999999944,0.0,0.0,0.0,0.0,0.0,0.9956176449196377,0.020020242291344116,0.9999999999999998,0.8888888866665694,0.18188384401143867,0.3585777389826404,0.9944134078212236,0.0,0.00421690758689478,0.015761049147625147,0.20987654320985324,0.0,0.9989279257060255,0.004086325194124208,0.9999999999999944,0.944444444444392,0.004119415162971192,0.011276071183859072,0.13331309864072433,0.0,14.714285714285714,3.1493439550069433,16,7,6.285714285714286,5.547567953985029,15.0,0.0,2637.1428571428573,2528.3721148241625,6473,15,0.0,0.0,0.0,0.0,600.7739438890679,527.2162841358384,1402.9345372460496,0.0,24.037431288399628,16.46073735467777,37.56351730071001,0.03424000000000001,1.8999999156221747e-06,0.0119045999890659,30.333662999997614,1.1526445000054082,31.498213999992004,593.3738443000184
681162505,413056707,187321319,658719870,600.7739438890679,527.2162841358384,1402.9345372460496,0.0,130.22718811035156,-0.59405905,0.1569464,-0.3057716,-0.77709144,-0.25138688938958303,0.7945391458344616,0.9866307377815247,-0.9803120493888855,-94.48719024658203,470.5467730267538,-2.4815334592546736,1.2031844683369337,-1.101786494255066,-4.144355773925781,0.05839703232049942,0.004354997653102625,0.06510169804096222,0.053366564214229584,0.9591070158141,0.0009953341874124248,0.9598583579063416,0.9570513367652893,1.377185378755842,0.0010383620251982926,1.3779690265655518,1.3750402927398682,4.859066963195801,24,120.0,146.9693845669907,400.0,0.0,-283.0851135253906,-4.797816,0.010704647,-4.784736,-4.8152037,-70.023766,13.343841,-43.336834,-76.85903,1357.9239501953125,403.0851276014845,128.0,0.0,128,128,0.0003481664467082677,0.002823798942988068,0.039968038348871575,0.0,2.1710699143419894,4.080109384380184,22.498611289689443,0.7478487663534663,0.016879332010875974,0.011399256448683455,0.04938241121968383,0.002919703766855815,0.6174967545556057,0.2827598527831166,0.9332711152589828,0.0,0.8552062159049427,0.2431018084253889,1.2107427513379179,0.03402625223430528,-134.049856393099,261.3168660755447,88.5,-1313.5,18.932744276673258,52.88761233620621,196.0,-1.0,-355.0296875,663.2734099194331,-1.0,-2626.0,150.1447105689145,277.3350942709007,1312.5,0.33449400781347277,0.0008441143880483901,0.00022372922596888847,0.0010976948408342481,0.0005202913631633715,1.0,0.0,1.0,1.0,0.0,0.0,0.0,0.0,0.0287742747278286,0.003923380948770064,0.0331132889769448,0.02280396149928317,0.8714623747248762,0.33179432407582177,0.9998613614304146,0.0,0.0,0.0,0.0,0.0,0.00033726363094429705,0.002738978640638137,0.038461538461536986,0.0,0.12820036164376628,0.3319133111581078,0.9999999999999944,0.0,0.0,0.0,0.0,0.0,0.995500535846434,0.021098900391496964,0.9999999999999998,0.8888888866665694,0.13552705700084203,0.3061314003755434,0.9944134078212236,0.0,0.00771292269767912,0.025246672638725494,0.20987654320985324,0.0,0.9980248747248675,0.006556941394212827,0.9999999999999944,0.944444444444392,0.006657566772223325,0.01761378351424985,0.13331309864072433,0.0,14.6,2.8000000000000003,16,9,1.2,1.4696938456699067,4.0,0.0,236.6,278.9620762756113,773,18,0.0,0.0,0.0,0.0,120.0,146.9693845669907,400.0,0.0,11.515426024398918,9.39596678136314,20.332530121994584,0.03424000000000001,1.6999983927235007e-06,0.007180300002801232,9.966255300008925,0.4432446999999229,10.416682000010042,603.7946949000325
162243863,513207677,558468452,106512539,185.06944444444446,159.65465056172857,410.4166666666667,0.0,-256.92962646484375,-0.6448407,0.2273013,-0.25579882,-0.8732204,-0.2680378978451093,0.6077449624563056,0.9432870149612427,-0.8968793749809265,154.8865203857422,441.99904016852287,-1.5343600412209828,0.6275957870032717,-0.9025646448135376,-2.4611611366271973,0.0623239999016126,0.004711794293870349,0.06970961391925812,0.058305270969867706,0.9512726167837778,0.0012684221084733193,0.9531939029693604,0.9501713514328003,1.3689830700556438,0.0013329084405142575,1.3710016012191772,1.3678256273269653,4.858745574951172,25,185.06944444444446,159.65465056172857,410.4166666666667,0.0,-196.21414184570312,-4.7998805,0.010833178,-4.784353,-4.814641,-76.79809,0.17333084,-76.549644,-77.034256,941.2887573242188,381.2835592857805,128.0,0.0,128,128,0.0003324508789711838,0.0029561199344169797,0.039968038348871575,0.0,2.891401286104747,5.079972883733238,22.498611289689446,0.7478487663534663,0.013964223116995753,0.010598698607297249,0.04938241121968383,0.002832857177256123,0.589970766497506,0.31372613559060303,0.9523356030665205,0.0,0.8512885590345979,0.2529711349875261,1.2107427513379179,0.03402625223430528,-135.93148924490458,224.41055639280896,88.5,-1313.5,29.085447396924934,62.93845958438379,355.0,-1.0,-376.7330729166667,608.9048873369705,-1.0,-2626.0,151.20342310943252,231.61733156552816,1312.5,0.22875105525969486,0.0007139977028187498,0.0002169520679490203,0.0010976948408342481,0.0004086636697997548,1.0,0.0,1.0,1.0,0.0,0.0,0.0,0.0,0.026398300358973333,0.004070697735863058,0.0331132889769448,0.020211300398656703,0.8389600053235605,0.36466056165730304,0.9998613614304146,0.0,0.0,0.0,0.0,0.0,0.0003189124134425811,0.0028604717354086696,0.038461538461536986,0.0,0.16072108226267023,0.3647898522565775,0.9999999999999944,0.0,0.0,0.0,0.0,0.0,0.9955449448114922,0.020491794325987585,0.9999999999999998,0.8888888866665694,0.16074382031011503,0.34273426715884997,0.9944134078212236,0.0,0.0085151582500572,0.027819176506098425,0.20987654320985324,0.0,0.9978141719902188,0.007229149524830049,0.9999999999999944,0.944444444444392,0.007109466062001912,0.019313375979131846,0.13331309864072433,0.0,16.0,0.0,16,16,2.0,1.8257418583505538,5.0,0.0,722.3333333333334,757.606684823259,2283,28,0.0,0.0,0.0,0.0,185.06944444444446,159.65465056172857,410.4166666666667,0.0,18.696438948819615,10.818234998298971,37.50738363570764,0.03424000000000001,1.600012183189392e-06,0.0069060000096214935,15.599995299999136,0.8249631999933627,16.431866100014304,620.2312349000422
83180453,359158073,768092755,716663974,185.06944444444446,159.65465056172857,410.4166666666667,0.0,-256.92962646484375,-0.6448407,0.2273013,-0.25579882,-0.8732204,-0.2680378978451093,0.6077449624563056,0.9432870149612427,-0.8968793749809265,154.8865203857422,441.99904016852287,-1.5343600412209828,0.6275957870032717,-0.9025646448135376,-2.4611611366271973,0.0623239999016126,0.004711794293870349,0.06970961391925812,0.058305270969867706,0.9512726167837778,0.0012684221084733193,0.9531939029693604,0.9501713514328003,1.3689830700556438,0.0013329084405142575,1.3710016012191772,1.3678256273269653,4.858580589294434,26,226.1722866174921,227.6532570830478,600.0,0.0,-139.6001434326172,-4.801037,0.01437365,-4.785149,-4.834059,-70.169754,17.386536,-24.170294,-76.95641,671.5613403320312,365.77243201895163,128.0,0.0,128,128,0.00026508779524610346,0.0023383934194148113,0.039968038348871575,0.0,2.404000863565275,4.4311771680448535,22.498611289689446,0.7478487663534663,0.016251556880110443,0.011066928995141454,0.04938241121968383,0.002832857177256123,0.6126612688498475,0.3005651183576645,0.9523356030665205,0.0,0.8814582968247424,0.2185472041235169,1.2107427513379179,0.03402625223430528,-125.76964990594016,255.81537867757848,88.5,-1313.5,17.739263345104373,49.92085491227379,355.0,-1.0,-348.66015625,663.5706809140422,-1.0,-2626.0,141.68009277748047,269.73093670789143,1312.5,0.22875105525969486,0.0007809027267549156,0.00026858188818295215,0.0010976948408342481,0.0004086636697997548,1.0,0.0,1.0,1.0,0.0,0.0,0.0,0.0,0.027499990564253455,0.004896049470907477,0.0331132889769448,0.020211300398656703,0.8588965364037375,0.3460755847487283,0.9998613614304146,0.0,0.0,0.0,0.0,0.0,0.00025626785539530105,0.0022713370747064173,0.038461538461536986,0.0,0.1408471957404429,0.34617239450468956,0.9999999999999944,0.0,0.0,0.0,0.0,0.0,0.9953713689911365,0.02126152656524466,0.9999999999999998,0.8888888866665694,0.14694706394401372,0.32079979595918695,0.9944134078212236,0.0,0.005699863191245144,0.02036791398262534,0.20987654320985324,0.0,0.9985449739037288,0.005286132527204175,0.9999999999999944,0.944444444444392,0.005196344085404162,0.014334135598757148,0.13331309864072433,0.0,14.625,3.637908052713812,16,5,2.375,2.2878756522153907,6.0,0.0,1006.75,1446.5142368811998,4171,15,0.0,0.0,0.0,0.0,226.1722866174921,227.6532570830478,600.0,0.0,14.02799553425491,12.362054034980618,37.33173073678254,0.03424000000000001,2.1000014385208488e-06,0.006703899998683482,19.370665599999484,0.9434660999977496,20.320837699997355,640.5553193000524
908935816,689120544,66772386,210153226,412.5,382.2221212855164,900.0,0.0,-26.54913330078125,-0.5915325,0.19112824,-0.28938973,-0.8517319,0.5760126188397408,0.2746312098971213,0.9010920524597168,0.13490638136863708,4.896831512451172,439.0491361516706,-1.2433270290493965,0.3479579352014319,-0.8700982332229614,-1.9605216979980469,0.0688772676512599,0.004837109231573721,0.07443249225616455,0.062356870621442795,0.9491271674633026,0.0012805396314522395,0.9506767988204956,0.9472212195396423,1.3667251467704773,0.0013494975843034438,1.3683574199676514,1.3647159337997437,4.858698844909668,27,412.5,382.2221212855164,900.0,0.0,42.0548095703125,-4.7934523,0.007031254,-4.78478,-4.8033285,-67.12521,18.134636,-23.924774,-76.85326,-202.10792541503906,370.4451888170565,128.0,0.0,128,128,0.0002295371275568401,0.0022384117532763307,0.039968038348871575,0.0,2.8418101991877487,5.009256275580744,22.498611289689446,0.7478487663534663,0.014584744056248489,0.010521033907349672,0.04938241121968383,0.002832857177256123,0.5972864462522116,0.3209961245291874,0.9523356030665205,0.0,0.8882501620295034,0.21509756949964595,1.2107427513379179,0.03402625223430528,-123.95039750278997,235.6292838657642,88.5,-1313.5,22.417787928040582,54.897995672465036,355.0,-1.0,-357.388671875,637.3055366000272,-1.0,-2626.0,139.38790978392814,244.3653433163468,1312.5,0.22875105525969486,0.0006947738303756039,0.00026361644081108343,0.0010976948408342481,0.0004086636697997548,1.0,0.0,1.0,1.0,0.0,0.0,0.0,0.0,0.025887241991967444,0.00490635589023878,0.0331132889769448,0.020211300398656703,0.8384567389293669,0.36618239388306745,0.9998613614304146,0.0,0.0,0.0,0.0,0.0,0.0002200936547947778,0.0021710125341371476,0.038461538461536986,0.0,0.16132316741545372,0.3662728722283091,0.9999999999999944,0.0,0.0,0.0,0.0,0.0,0.995350517855233,0.02101724437700108,0.9999999999999998,0.8888888866665694,0.16336211457970748,0.3428849370212661,0.9944134078212236,0.0,0.005429961131956193,0.02023462890286174,0.20987654320985324,0.0,0.998612988929358,0.0052532835025901215,0.9999999999999944,0.944444444444392,0.004935219501353736,0.014209312120972838,0.13331309864072433,0.0,14.0,3.774917217635375,16,5,4.125,3.822221212855164,9.0,0.0,1901.75,2068.9422267187647,5151,18,0.0,0.0,0.0,0.0,412.5,382.2221212855164,900.0,0.0,18.965123928700695,13.295064976899182,37.73872,0.03424000000000001,2.4000037228688598e-06,0.012662699999054894,23.409321000013733,0.9075519000034546,24.329538000019966,664.8886723000614
1037548823,362448527,229190383,283090007,412.5,382.2221212855164,900.0,0.0,-26.54913330078125,-0.5915325,0.19112824,-0.28938973,-0.8517319,0.5760126188397408,0.2746312098971213,0.9010920524597168,0.13490638136863708,4.896831512451172,439.0491361516706,-1.2433270290493965,0.3479579352014319,-0.8700982332229614,-1.9605216979980469,0.0688772676512599,0.004837109231573721,0.07443249225616455,0.062356870621442795,0.9491271674633026,0.0012805396314522395,0.9506767988204956,0.9472212195396423,1.3667251467704773,0.0013494975843034438,1.3683574199676514,1.3647159337997437,4.858534336090088,28,50.0,50.0,100.0,0.0,-288.4006652832031,-4.803582,0.016598191,-4.7860723,-4.825561,-70.871,10.505322,-52.679577,-77.20898,1386.1572265625,338.40066993535083,128.0,0.0,128,128,0.0003816649596286543,0.0026116307747707113,0.039968038348871575,0.0,1.506481204785089,2.755860516219934,22.498611289689443,0.7478487663534663,0.021771537033439092,0.010950306729603128,0.04938241121968383,0.0051947917018397355,0.6450512777944792,0.24530109405639047,0.9332711152589828,0.0,0.8534864473965434,0.22813776912711667,1.1951265277932084,0.03402625223430528,-142.4134491846089,310.4562123703703,88.5,-1313.5,10.862577241498549,41.62718308197567,196.0,-1.0,-365.0546875,747.5950039814521,-1.0,-2626.0,162.56810111285597,333.8335252828429,1312.5,0.3413848768250726,0.0010113824925519462,0.00014949737254552683,0.0010976948408342481,0.0007524454477050414,1.0,0.0,1.0,1.0,0.0,0.0,0.0,0.0,0.031690071005954876,0.002465085835999638,0.0331132889769448,0.0274204170929851,0.9065200671542557,0.2882536398578229,0.9998613614304146,0.0,0.0,0.0,0.0,0.0,0.0003733513328873241,0.0025447365536467566,0.038461538461536986,0.0,0.09310658151235068,0.2883629798359193,0.9999999999999944,0.0,0.0,0.0,0.0,0.0,0.9957405686887983,0.020951928945688664,0.9999999999999998,0.8888888866665694,0.1129265649386001,0.2595569258760417,0.9944134078212236,0.0,0.00660509643647114,0.020751590974725485,0.20987654320985324,0.0,0.9983169421542479,0.0053806182187735845,0.9999999999999944,0.944444444444392,0.0060812315017137845,0.014704537593411055,0.13331309864072433,0.0,14.75,2.165063509461097,16,11,0.5,0.5,1.0,0.0,72.75,97.72250252628614,242,15,0.0,0.0,0.0,0.0,50.0,50.0,100.0,0.0,4.671255000000001,8.031545575458999,18.582300000000004,0.03424000000000001,3.100009053014219e-06,0.009362099997815676,5.915614099998493,0.37113280000630766,6.296112100011669,671.1880232001131
318332697,489361351,630194419,887063900,333.8224228743416,309.3861364790833,700.0,0.0,-94.70404052734375,-0.6286352,0.18037,-0.29323256,-0.8737378,0.02945815771818161,0.6975479044621337,0.900820791721344,-0.966709315776825,82.0565185546875,428.5264648239377,-1.6218040784200032,0.8468722490206976,-0.8953509330749512,-3.3431215286254883,0.07535074402888615,0.004855446814387046,0.08072687685489655,0.06839995831251144,0.948928306500117,0.0011899564569936441,0.9506185054779053,0.9466059803962708,1.3665156960487366,0.0012545989819574665,1.3682960271835327,1.3640661239624023,4.857491970062256,29,333.8224228743416,309.3861364790833,700.0,0.0,-4.12042236328125,-4.7978864,0.01776553,-4.7770185,-4.828543,-75.96143,1.5904404,-72.42815,-76.94033,23.2940673828125,337.94284522924994,128.0,0.0,128,128,0.0002154440233094029,0.001991735931850436,0.039968038348871575,0.0,2.8155460646441988,4.988969996624985,22.498611289689446,0.7478487663534663,0.01576329748293484,0.010782519162262114,0.04938241121968383,0.002832857177256123,0.6004540567257178,0.3211358712916786,0.9523356030665205,0.0,0.894175976797282,0.20228003052429294,1.2107427513379179,0.03402625223430528,-125.73683113202662,249.5421357420204,88.5,-1313.5,21.297618354975395,53.27601119259473,355.0,-1.0,-365.9856770833333,663.3320824577768,-1.0,-2626.0,142.69546860799153,259.83746298040955,1312.5,0.22875105525969486,0.0007142423053560698,0.00029436506444916794,0.0010976948408342481,0.0004086636697997548,1.0,0.0,1.0,1.0,0.0,0.0,0.0,0.0,0.02614559289057855,0.005482105881344312,0.0331132889769448,0.020211300398656703,0.8412862882654255,0.36384430142874485,0.9998613614304146,0.0,0.0,0.0,0.0,0.0,0.00020703632470816624,0.0019368216504576828,0.038461538461536986,0.0,0.15850667540946128,0.3639292797364705,0.9999999999999944,0.0,0.0,0.0,0.0,0.0,0.9954312632813043,0.020833959299810988,0.9999999999999998,0.8888888866665694,0.16370581367667114,0.3400082109407042,0.9944134078212236,0.0,0.004563975037766121,0.01693359697842556,0.20987654320985324,0.0,0.99883837159875,0.004391498703295413,0.9999999999999944,0.944444444444392,0.0043716432025637944,0.012045056430801362,0.13331309864072433,0.0,15.833333333333334,0.37267799624996495,16,15,3.5,3.2015621187164243,7.0,0.0,1401.1666666666667,1417.7038262235483,3815,15,0.0,0.0,0.0,0.0,333.8224228743416,309.3861364790833,700.0,0.0,18.942136386826906,15.524288093521596,38.369200000000006,0.03424000000000001,1.4999968698248267e-06,0.009528700000373647,17.259505900001386,0.7662851000059163,18.035321200004546,689.2270764001005
383564362,47154366,857955630,992203680,333.8224228743416,309.3861364790833,700.0,0.0,-94.70404052734375,-0.6286352,0.18037,-0.29323256,-0.8737378,0.02945815771818161,0.6975479044621337,0.900820791721344,-0.966709315776825,82.0565185546875,428.5264648239377,-1.6218040784200032,0.8468722490206976,-0.8953509330749512,-3.3431215286254883,0.07535074402888615,0.004855446814387046,0.08072687685489655,0.06839995831251144,0.948928306500117,0.0011899564569936441,0.9506185054779053,0.9466059803962708,1.3665156960487366,0.0012545989819574665,1.3682960271835327,1.3640661239624023,4.85780143737793,30,1004.4567219152854,377.2517198931244,1722.2836095764274,700.0,599.8624877929688,-4.803302,0.015770653,-4.7775784,-4.824092,-75.89731,2.1218488,-71.66367,-77.18547,-2883.12841796875,404.59423289785343,128.0,0.0,128,128,1.3294627850240712e-05,7.349521998689243e-05,0.0006853758461993129,0.0,3.183348424167842,5.321582746497501,22.498611289689446,1.0054601753418155,0.009790619659282818,0.006478213537442153,0.02974500036118929,0.002832857177256123,0.5892402555966697,0.3513845452360878,0.9523356030665205,0.0,0.9575030793564151,0.12936083127164638,1.2107427513379179,0.16361343296583433,-86.23735415640087,172.73707078821377,88.5,-598.625,14.862937075940886,41.32320683474896,355.0,-1.0,-281.8375,560.9061879840068,-1.0,-2520.0,95.30518434680963,169.5637902850918,758.9696860711896,0.22875105525969486,0.0004979658244906483,4.465107734544669e-05,0.0005202913631633715,0.0004086636697997548,1.0,0.0,1.0,1.0,0.0,0.0,0.0,0.0,0.02228542927915788,0.0010370644402505874,0.02280396149928317,0.020211300398656703,0.8090129543923599,0.3926185388110708,0.999858976166631,0.0,0.0,0.0,0.0,0.0,8.83005992339981e-06,4.2281405703910426e-05,0.00025361399949277194,0.0,0.1909782155473109,0.39262280334757244,0.9999999999999944,0.0,0.0,0.0,0.0,0.0,0.994528081461989,0.0227427023846197,0.9999999999999998,0.888888886666823,0.18133452512803702,0.3704584018089702,0.9944134078212236,0.0,0.0014467079966809133,0.0019456828472445363,0.01284869210351293,0.0,0.999637954392349,0.0004873715759710526,0.9999999999999944,0.9967774420937507,0.001875148543475516,0.002227164887167559,0.013955462451257832,0.0,15.8,0.39999999999999997,16,15,10.2,4.069397989875161,18.0,7.0,5170.4,3069.795146259763,10978,2422,0.0,0.0,0.0,0.0,1004.4567219152854,377.2517198931244,1722.2836095764274,700.0,22.81669665747769,7.1822454066730845,37.13656,18.87093,1.5999976312741637e-06,0.009260899998480454,33.55424200001289,0.6655838000006042,34.22908830000961,723.4598092001106
439523032,143660183,704615095,858727745,602.6212590299277,364.7958163241172,1100.0,0.0,156.68533325195312,-0.70721495,0.19123733,-0.44016826,-0.8772869,0.3123544123023748,0.37768917477178154,0.784118115901947,-0.12923890352249146,-75.28285217285156,445.9359442445367,-1.0595645308494568,0.22150656456708917,-0.8745927214622498,-1.3942652940750122,0.08001594245433807,0.00314210129198747,0.08330781757831573,0.07400994002819061,0.9512228012084961,0.0007640368251146663,0.9518459439277649,0.9502312541007996,1.368931245803833,0.0008033717452611111,1.36958646774292,1.3678885698318481,4.857207775115967,31,602.6212590299277,364.7958163241172,1100.0,0.0,178.2243194580078,-4.7982597,0.017895097,-4.7686577,-4.8240657,-76.772156,0.28632155,-76.29852,-77.18505,-852.8321533203125,424.39693551106086,128.0,0.0,128,128,7.811582520487068e-05,0.0008727393812118502,0.016126934718260072,0.0,2.815580165641672,4.928326857263455,22.498611289689446,0.7478487663534663,0.012873153522856173,0.009349552803113321,0.04938241121968383,0.002832857177256123,0.6028524046742665,0.3331331765595874,0.9523356030665205,0.0,0.9405590919776646,0.1480452932781724,1.2107427513379179,0.11520204147878298,-98.09699165681573,218.34913608020395,88.5,-1313.5,13.104407859405196,39.492831572997204,355.0,-1.0,-301.9359375,620.2398507500917,-1.0,-2626.0,110.18184462026818,225.35166210326665,1312.5,0.22875105525969486,0.0006134465200248236,0.00024595369552120805,0.0010976948408342481,0.0004086636697997548,1.0,0.0,1.0,1.0,0.0,0.0,0.0,0.0,0.024347294774690206,0.004496548379134327,0.0331132889769448,0.020211300398656703,0.8307599410132781,0.374311525582777,0.999858976166631,0.0,0.0,0.0,0.0,0.0,7.355748143659963e-05,0.0008593439704312496,0.01587301587301562,0.0,0.16916650150484577,0.3743437516715601,0.9999999999999944,0.0,0.0,0.0,0.0,0.0,0.9948067603113955,0.0223386335388517,0.9999999999999998,0.8888888866665694,0.16725016643226115,0.34991866952759165,0.9944134078212236,0.0,0.0019549729454305495,0.004105674028351328,0.062484252960441446,0.0,0.9995099410132677,0.0010371075762063604,0.9999999999999944,0.9841269841269685,0.0023741588092828715,0.0038028035721128727,0.05064526585376031,0.0,16.0,0.0,16,16,6.2,3.762977544445356,11.0,0.0,2086.2,1741.0376675994119,5194,18,0.0,0.0,0.0,0.0,602.6212590299277,364.7958163241172,1100.0,0.0,19.48244096207754,11.945491893201778,37.74222,0.03424000000000001,1.5999976312741637e-06,0.0071758000121917576,22.627725999991526,0.6968308999930741,23.331734299994423,746.7952663001051
834942321,1043933005,705144579,174377856,602.6212590299277,364.7958163241172,1100.0,0.0,156.68533325195312,-0.70721495,0.19123733,-0.44016826,-0.8772869,0.3123544123023748,0.37768917477178154,0.784118115901947,-0.12923890352249146,-75.28285217285156,445.9359442445367,-1.0595645308494568,0.22150656456708917,-0.8745927214622498,-1.3942652940750122,0.08001594245433807,0.00314210129198747,0.08330781757831573,0.07400994002819061,0.9512228012084961,0.0007640368251146663,0.9518459439277649,0.9502312541007996,1.368931245803833,0.0008033717452611111,1.36958646774292,1.3678885698318481,4.857064723968506,32,582.0833333333333,299.5007419764506,800.0,0.0,141.91775512695312,-4.7874002,0.018751498,-4.755418,-4.8113604,-65.05114,22.90401,-19.245441,-76.763504,-677.4971923828125,440.1655752932881,128.0,0.0,128,128,8.605595425667928e-05,0.0008730858679122591,0.016126934718260072,0.0,3.14830684411146,5.3360453796657366,22.498611289689446,0.7478487663534663,0.013288786868250396,0.009526601204579403,0.04938241121968383,0.002832857177256123,0.5918648375956458,0.34408215741534637,0.9523356030665205,0.0,0.9344820889265316,0.1522248698619072,1.2107427513379179,0.11520204147878298,-107.04582531219035,221.95833087826136,88.5,-1313.5,18.831517975567444,48.11440939561381,355.0,-1.0,-336.0,632.4346038326809,-1.0,-2626.0,121.39101210404303,226.67311185154745,1312.5,0.22875105525969486,0.0005911209813521002,0.000258159673773415,0.0010976948408342481,0.0004086636697997548,1.0,0.0,1.0,1.0,0.0,0.0,0.0,0.0,0.02382876255456491,0.004784870535187751,0.0331132889769448,0.020211300398656703,0.819803251675203,0.3836900201565544,0.999858976166631,0.0,0.0,0.0,0.0,0.0,8.040618198896215e-05,0.0008595235862044892,0.01587301587301562,0.0,0.18011634214239802,0.3837267429843698,0.9999999999999944,0.0,0.0,0.0,0.0,0.0,0.9950520773433565,0.0215429581176938,0.9999999999999998,0.8888888866665694,0.17942988875359525,0.36071701288081437,0.9944134078212236,0.0,0.0020313945993178637,0.004229263059529707,0.062484252960441446,0.0,0.9994907516751933,0.0010678673658639803,0.9999999999999944,0.9841269841269685,0.0024553697406095444,0.003969510760557531,0.05064526585376031,0.0,13.6,4.8,16,4,6.0,3.03315017762062,8.0,0.0,2488.8,1394.2462336330696,3950,17,0.0,0.0,0.0,0.0,582.0833333333333,299.5007419764506,800.0,0.0,22.83208231756074,14.123262069448687,38.44784193916539,0.03424000000000001,2.5999906938523054e-06,0.012340000001131557,27.610766099998727,0.6441641999990679,28.26727289998962,775.0670168000652
214548472,66508029,154173901,194758406,489.1564574699314,345.4887770562544,900.0,17.782909930715935,38.89846420288086,-0.8233207,0.033296455,-0.7759503,-0.8783697,-0.3913594675915582,0.136170633158709,-0.12417276203632355,-0.5350889563560486,-35.772979736328125,450.25799556707614,-1.0175898926598685,0.07470029177456498,-0.8939076662063599,-1.1132698059082031,0.07355386657374245,0.004269619450421734,0.0799131691455841,0.06962577998638153,0.9506160872323173,0.0018873060322668956,0.9530343413352966,0.9485805034637451,1.3682915823800224,0.001985229833455602,1.370834231376648,1.36614990234375,4.857028007507324,33,489.1564574699314,345.4887770562544,900.0,17.782909930715935,44.09178924560547,-4.79252,0.023651881,-4.767587,-4.839008,-70.45875,14.937752,-33.873055,-76.94998,-214.25521850585938,445.0646635109524,128.0,0.0,128,128,0.00024509349015877543,0.0026424214871182145,0.039968038348871575,0.0,3.3859291639009044,5.594152962158408,22.498611289689446,0.9934741678534843,0.011403688917852496,0.008878752070616813,0.03896093776379802,0.002832857177256123,0.57386483441132,0.33866336849556283,0.9523356030665205,0.0,0.8750923368933174,0.23889300993281726,1.2107427513379179,0.03402625223430528,-125.47477667789319,190.3643807376103,88.5,-598.625,31.58238685783113,63.83912824676673,355.0,-1.0,-368.2857142857143,568.169879628749,-1.0,-2520.0,138.99701308160164,188.59561853725427,758.9696860711896,0.22875105525969486,0.0005878923441487681,0.00014862166365265961,0.0007524454477050414,0.0004086636697997548,1.0,0.0,1.0,1.0,0.0,0.0,0.0,0.0,0.024041682153547867,0.0030857993404190586,0.0274204170929851,0.020211300398656703,0.8128873279824047,0.38769191285865107,0.9998613614304146,0.0,0.0,0.0,0.0,0.0,0.00023229460503176248,0.0025529682901012677,0.038461538461536986,0.0,0.18688037741226665,0.3877954261111687,0.9999999999999944,0.0,0.0,0.0,0.0,0.0,0.9953408034588218,0.020667814515272137,0.9999999999999998,0.888888886666823,0.18070544710756328,0.367906604763637,0.9944134078212236,0.0,0.007186002766975029,0.02578547500167694,0.20987654320985324,0.0,0.9981551851252526,0.00670155510197577,0.9999999999999944,0.944444444444392,0.006051676758822415,0.017896795593589494,0.13331309864072433,0.0,14.714285714285714,3.1493439550069438,16,7,5.142857142857143,3.440455593940656,9.0,1.0,2260.1428571428573,1952.8863201916893,5529,298,0.0,0.0,0.0,0.0,489.1564574699314,345.4887770562544,900.0,17.782909930715935,24.055536403846165,8.490137098599547,37.73872,18.525935372987625,3.6999990697950125e-06,0.008223500000895001,29.225511099997675,0.7942378999869106,30.02797619998455,805.0990292000643
703492660,601149909,63948230,182121986,489.1564574699314,345.4887770562544,900.0,17.782909930715935,38.89846420288086,-0.8233207,0.033296455,-0.7759503,-0.8783697,-0.3913594675915582,0.136170633158709,-0.12417276203632355,-0.5350889563560486,-35.772979736328125,450.25799556707614,-1.0175898926598685,0.07470029177456498,-0.8939076662063599,-1.1132698059082031,0.07355386657374245,0.004269619450421734,0.0799131691455841,0.06962577998638153,0.9506160872323173,0.0018873060322668956,0.9530343413352966,0.9485805034637451,1.3682915823800224,0.001985229833455602,1.370834231376648,1.36614990234375,4.857750415802002,34,520.0,365.5133376499413,1000.0,100.0,67.4417953491211,-4.8061357,0.008586354,-4.7953258,-4.821065,-76.89817,0.13738166,-76.72521,-77.13704,-324.4543762207031,452.5581971598572,128.0,0.0,128,128,0.0002344043101026249,0.0025533382531072613,0.039968038348871575,0.0,3.572059788333905,5.780481787647601,22.498611289689446,0.9934741678534843,0.011545530974517718,0.008908966048223317,0.03896093776379802,0.002832857177256123,0.5682973222431709,0.34554591321445366,0.9523356030665205,0.0,0.8769401845601775,0.23479337847900691,1.2107427513379179,0.03402625223430528,-128.22824870301847,191.34915001535148,88.5,-598.625,33.904022942069126,65.39649939856619,355.0,-1.0,-382.9609375,574.1975242994532,-1.0,-2520.0,142.80972498954708,187.81053825233377,758.9696860711896,0.22875105525969486,0.0005685019196345929,0.00015562212761288208,0.0007524454477050414,0.0004086636697997548,1.0,0.0,1.0,1.0,0.0,0.0,0.0,0.0,0.023613479296513355,0.0032493233862601278,0.0274204170929851,0.020211300398656703,0.80605502280689,0.3932149717233669,0.9998613614304146,0.0,0.0,0.0,0.0,0.0,0.00022150618902262248,0.002466855889918951,0.038461538461536986,0.0,0.19372347100380094,0.39331629265089385,0.9999999999999944,0.0,0.0,0.0,0.0,0.0,0.9954338122115427,0.02030094410937963,0.9999999999999998,0.888888886666823,0.188055219035062,0.3740634303359049,0.9944134078212236,0.0,0.006849236107954476,0.024960798433867965,0.20987654320985324,0.0,0.9982425228068811,0.006486866713585858,0.9999999999999944,0.944444444444392,0.005821968103261959,0.01734376186561092,0.13331309864072433,0.0,16.0,0.0,16,16,5.2,3.655133376499413,10.0,1.0,2483.0,1945.0541380640284,4645,161,0.0,0.0,0.0,0.0,520.0,365.5133376499413,1000.0,100.0,25.59397407020552,8.502158518776126,37.13036300782204,18.582300000000004,1.7999991541728377e-06,0.00691319999168627,21.027332999990904,0.6659902999963379,21.700238299978082,826.8035097000684
835778124,127995867,371751061,571769547,189.1660367850844,213.61751345167121,600.0,0.0,-234.9827880859375,-0.75475186,0.1706639,-0.35272312,-0.87733555,0.14195665929998671,0.42043572480661534,0.859785258769989,-0.3838934004306793,172.38673400878906,424.1487996888769,-1.0467638628823417,0.27026186318785866,-0.8737943768501282,-1.69683837890625,0.07345732620784215,0.005510097818988127,0.08178003132343292,0.06855431199073792,0.9530223097120013,0.0016775207378384226,0.9548699259757996,0.9511204957962036,1.3708200114113944,0.0017604972541160947,1.372758388519287,1.3688240051269531,4.857361793518066,35,189.1660367850844,213.61751345167121,600.0,0.0,-237.052978515625,-4.8005114,0.02213917,-4.7556553,-4.830354,-73.357925,8.261724,-53.133896,-77.0872,1141.1646728515625,426.2189811223799,128.0,0.0,128,128,0.0003376952006653897,0.0028314798441147716,0.039968038348871575,0.0,2.860545937434947,5.06618842191905,22.498611289689446,0.7478487663534663,0.015807308722957287,0.011123493826416055,0.04938241121968383,0.002832857177256123,0.5933107616650296,0.31197711339784145,0.9523356030665205,0.0,0.8508866406379596,0.24557895985659142,1.1951265277932084,0.03402625223430528,-142.41711596420015,245.5731069623357,88.5,-1313.5,29.070202262780146,62.81899492203276,355.0,-1.0,-396.99776785714283,646.3143429521983,-1.0,-2626.0,160.24938490082812,255.0475627591778,1312.5,0.22875105525969486,0.0007528647663404469,0.0002604295566270642,0.0010976948408342481,0.0004086636697997548,1.0,0.0,1.0,1.0,0.0,0.0,0.0,0.0,0.026987204290022614,0.004890904010371735,0.0331132889769448,0.020211300398656703,0.8439544517265732,0.3601628954367867,0.9998613614304146,0.0,0.0,0.0,0.0,0.0,0.00032476235005061933,0.0027433850774468463,0.038461538461536986,0.0,0.1557207859230308,0.36029279460102487,0.9999999999999944,0.0,0.0,0.0,0.0,0.0,0.9957389161008312,0.020011024314479275,0.9999999999999998,0.8888888866665694,0.1605849346850263,0.3377437765483345,0.9944134078212236,0.0,0.007912095550903081,0.0259821230643149,0.20987654320985324,0.0,0.9979723088694222,0.006749497106148599,0.9999999999999944,0.944444444444392,0.006764548567118638,0.018104173801387888,0.13331309864072433,0.0,15.285714285714286,1.7496355305594127,16,11,2.0,2.2677868380553634,6.0,0.0,655.1428571428571,765.7693477004358,2102,15,0.0,0.0,0.0,0.0,189.1660367850844,213.61751345167121,600.0,0.0,18.705712350532114,14.12186193654049,37.658246396514734,0.03424000000000001,3.000008291564882e-06,0.008122400002321228,12.169621900000493,0.8713149999966845,13.04906230000779,839.8559431000758
658856199,175183949,590449352,850318411,189.1660367850844,213.61751345167121,600.0,0.0,-234.9827880859375,-0.75475186,0.1706639,-0.35272312,-0.87733555,0.14195665929998671,0.42043572480661534,0.859785258769989,-0.3838934004306793,172.38673400878906,424.1487996888769,-1.0467638628823417,0.27026186318785866,-0.8737943768501282,-1.69683837890625,0.07345732620784215,0.005510097818988127,0.08178003132343292,0.06855431199073792,0.9530223097120013,0.0016775207378384226,0.9548699259757996,0.9511204957962036,1.3708200114113944,0.0017604972541160947,1.372758388519287,1.3688240051269531,4.857729911804199,36,333.6221997180901,262.3319552168828,800.0,0.0,-83.33708953857422,-4.7954483,0.019964064,-4.7609997,-4.8277793,-76.72717,0.31942502,-76.175995,-77.24447,401.10028076171875,416.9593029819509,128.0,0.0,128,128,0.00018543123409354994,0.0018455949695936602,0.039968038348871575,0.0,2.8205568762233213,4.978490463874015,22.498611289689446,0.7478487663534663,0.014850681601642516,0.010476327806307872,0.04938241121968383,0.002832857177256123,0.6004217375756568,0.3240113506162433,0.9523356030665205,0.0,0.9040908490273202,0.19450724804567798,1.2107427513379179,0.03402625223430528,-118.81564389902655,240.09405929145476,88.5,-1313.5,19.560219584233003,50.79878693394,355.0,-1.0,-349.0982142857143,648.920449117244,-1.0,-2626.0,134.32411835871198,249.45830809574196,1312.5,0.22875105525969486,0.00068653502789997,0.00028085274800105454,0.0010976948408342481,0.0004086636697997548,1.0,0.0,1.0,1.0,0.0,0.0,0.0,0.0,0.02566821697753635,0.0052084024886227265,0.0331132889769448,0.020211300398656703,0.8382410533318554,0.3668324636556178,0.9998613614304146,0.0,0.0,0.0,0.0,0.0,0.0001777427582314335,0.001794603336845946,0.038461538461536986,0.0,0.16158120390950376,0.3669063147796346,0.9999999999999944,0.0,0.0,0.0,0.0,0.0,0.9952671920168363,0.021237913201357386,0.9999999999999998,0.8888888866665694,0.1644842406952471,0.3429433701986074,0.9944134078212236,0.0,0.004107733795627189,0.01572935837515193,0.20987654320985324,0.0,0.9989553390461319,0.004078748342757855,0.9999999999999944,0.944444444444392,0.00400339954679023,0.011210747210121982,0.13331309864072433,0.0,16.0,0.0,16,16,3.5714285714285716,2.770102775666474,8.0,0.0,1521.7142857142858,1346.6260181108416,3502,17,0.0,0.0,0.0,0.0,333.6221997180901,262.3319552168828,800.0,0.0,18.9465989735831,14.129100783888683,37.50824000000001,0.03424000000000001,1.7999991541728377e-06,0.006658900005277246,18.919771700006095,0.8373616000026232,19.76379400001315,859.6230449000577
598187340,610468907,246493716,547970590,100.0,63.245553203367585,200.0,0.0,-291.73394775390625,-0.66309756,0.17396793,-0.38458192,-0.86034447,-0.11318992376327515,0.6200715779406509,0.8240105509757996,-0.8628277778625488,183.9327850341797,391.7339197199892,-1.2968048214912415,0.37760165074550117,-0.9164339900016785,-1.9101588726043701,0.0710583359003067,0.005429899692535401,0.0819181352853775,0.068343386054039,0.9520093321800231,0.0016764640808105467,0.9553622603416443,0.9511711001396179,1.3697565078735352,0.0017586708068847655,1.3732738494873047,1.3688771724700928,4.857783317565918,37,100.0,63.245553203367585,200.0,0.0,-285.2633972167969,-4.800764,0.009165431,-4.78847,-4.8099203,-68.154366,17.242931,-33.66944,-76.93792,1369.78173828125,385.2633726837558,128.0,0.0,128,128,0.0004965148025542134,0.003695041332819288,0.039968038348871575,0.0,2.5948228585644357,4.734563976161505,22.498611289689443,0.7478487663534663,0.015136076117143302,0.011448802168058627,0.04938241121968383,0.0051947917018397355,0.5939292392031309,0.28665439579130086,0.9332711152589828,0.0,0.7976643115385886,0.2862352868268885,1.1951265277932084,0.03402625223430528,-155.23227978392714,233.43410081144546,88.5,-1313.5,34.005249243174944,68.96197367296307,196.0,-1.0,-401.990625,606.5258289323789,-1.0,-2626.0,171.56342345441854,244.08014817429478,1312.5,0.3413848768250726,0.0008214953263308827,0.0001380997572516827,0.0010976948408342481,0.0007524454477050414,1.0,0.0,1.0,1.0,0.0,0.0,0.0,0.0,0.02855899146977704,0.00227714875358388,0.0331132889769448,0.0274204170929851,0.8577141458565632,0.3448302463564486,0.9998613614304146,0.0,0.0,0.0,0.0,0.0,0.00047836363797795734,0.003574369315634499,0.038461538461536986,0.0,0.14180749050516922,0.34500839668102534,0.9999999999999944,0.0,0.0,0.0,0.0,0.0,0.9958822707146204,0.01982045661700654,0.9999999999999998,0.8888888866665694,0.14415238728230878,0.32292487311635865,0.9944134078212236,0.0,0.012530764206315733,0.034464530577782614,0.20987654320985324,0.0,0.9967766458565552,0.008959524520995101,0.9999999999999944,0.944444444444392,0.010024165134875739,0.023811766216880043,0.13331309864072433,0.0,14.2,3.6,16,7,1.0,0.6324555320336759,2.0,0.0,334.0,162.96257239010436,463,15,0.0,0.0,0.0,0.0,100.0,63.245553203367585,200.0,0.0,14.880776476042366,7.423282947218627,18.62102,0.03424000000000001,2.0000006770715117e-06,0.009435200001462363,6.842390299992985,0.9552872000058414,7.807114700000966,867.434375300043
634267172,165032807,710190855,654118701,100.0,63.245553203367585,200.0,0.0,-291.73394775390625,-0.66309756,0.17396793,-0.38458192,-0.86034447,-0.11318992376327515,0.6200715779406509,0.8240105509757996,-0.8628277778625488,183.9327850341797,391.7339197199892,-1.2968048214912415,0.37760165074550117,-0.9164339900016785,-1.9101588726043701,0.0710583359003067,0.005429899692535401,0.0819181352853775,0.068343386054039,0.9520093321800231,0.0016764640808105467,0.9553622603416443,0.9511711001396179,1.3697565078735352,0.0017586708068847655,1.3732738494873047,1.3688771724700928,4.858302593231201,38,374.22383665522585,263.6565488240266,800.0,0.0,-9.935586929321289,-4.81789,0.04442413,-4.7824845,-4.916485,-63.793438,23.463213,-9.83297,-76.85039,47.414024353027344,384.1594190809028,128.0,0.0,128,128,0.00014480189959153466,0.0016960466126320598,0.039968038348871575,0.0,3.3209104026490057,5.529390260721511,22.498611289689446,0.7478487663534663,0.012945752660085994,0.009512855188461643,0.04938241121968383,0.002832857177256123,0.5828505117497872,0.34500422680229437,0.9523356030665205,0.0,0.9118529806899038,0.1891152193539179,1.2107427513379179,0.03402625223430528,-116.73649829542637,215.12358998013565,88.5,-1313.5,24.907104821874384,56.15778398746386,355.0,-1.0,-359.0736607142857,618.0839499029809,-1.0,-2626.0,131.70448065179508,217.45524669290543,1312.5,0.22875105525969486,0.000588102003466471,0.0002367894001623244,0.0010976948408342481,0.0004086636697997548,1.0,0.0,1.0,1.0,0.0,0.0,0.0,0.0,0.023825075752066625,0.004479490561241046,0.0331132889769448,0.020211300398656703,0.8148812847897176,0.3871691593012001,0.9998613614304146,0.0,0.0,0.0,0.0,0.0,0.00013640081468797833,0.0016445515956053677,0.038461538461536986,0.0,0.18498231439523047,0.38723076998886574,0.9999999999999944,0.0,0.0,0.0,0.0,0.0,0.9952433621472322,0.020958066440158647,0.9999999999999998,0.8888888866665694,0.1832442985646114,0.36559496091426374,0.9944134078212236,0.0,0.0037992742992969584,0.01549947713877187,0.20987654320985324,0.0,0.9990330705039938,0.004021935873152574,0.9999999999999944,0.944444444444392,0.0037049714507325993,0.010994809103199882,0.13331309864072433,0.0,13.285714285714286,4.919764387920733,16,2,4.142857142857143,2.5872528966106905,8.0,0.0,1813.857142857143,1243.7429027589524,3712,15,0.0,0.0,0.0,0.0,374.22383665522585,263.6565488240266,800.0,0.0,24.667949069573144,13.094834474053226,38.83711150582968,0.03424000000000001,1.6999983927235007e-06,0.0066907000000355765,27.000073999995948,0.9259200000087731,27.93268640000315,895.3703657000588
762393540,477862457,419901168,304979452,640.0,463.033476111609,1400.0,0.0,223.439453125,-0.6027909,0.17081238,-0.3777486,-0.8795089,-0.0248166561126709,0.7038393819877905,0.838944673538208,-0.8594743609428406,-89.01293182373047,416.5605277479903,-1.4032857537269592,0.33219814678631887,-0.9028471112251282,-1.8996131420135498,0.07416755855083465,0.004331640173149821,0.08048988878726959,0.07067537307739258,0.954671573638916,0.0010419018967517137,0.9565621018409729,0.953916072845459,1.3725500345230102,0.0010908080608435407,1.3745290040969849,1.3717589378356934,4.857473373413086,39,640.0,463.033476111609,1400.0,0.0,230.2565155029297,-4.8040886,0.012446221,-4.7797155,-4.814387,-72.05104,9.548108,-52.958256,-76.973724,-1101.1226806640625,409.74347717281256,128.0,0.0,128,128,9.399608330848785e-05,0.0008733600326780726,0.016126934718260072,0.0,3.481033522581248,5.695343790373743,22.498611289689446,0.7478487663534663,0.01370442021364462,0.009682593725256476,0.04938241121968383,0.002832857177256123,0.5808772705170251,0.35435278398497555,0.9523356030665205,0.0,0.9284050858753986,0.15605625016308103,1.2107427513379179,0.11520204147878298,-115.99465896756492,225.1543755248229,88.5,-1313.5,24.558628091729688,54.815230153298096,355.0,-1.0,-370.0640625,642.5954116576744,-1.0,-2626.0,132.6001795878179,227.4351265501105,1312.5,0.22875105525969486,0.0005687954426793769,0.000267960360185977,0.0010976948408342481,0.0004086636697997548,1.0,0.0,1.0,1.0,0.0,0.0,0.0,0.0,0.02331023033443962,0.005003326236065778,0.0331132889769448,0.020211300398656703,0.8088465623371279,0.39253897496792106,0.999858976166631,0.0,0.0,0.0,0.0,0.0,8.725488254132468e-05,0.0008596486035401884,0.01587301587301562,0.0,0.19106618277995024,0.39258041740167193,0.9999999999999944,0.0,0.0,0.0,0.0,0.0,0.9952973943753175,0.02071384029208414,0.9999999999999998,0.8888888866665694,0.19160961107492933,0.3708015105251133,0.9944134078212236,0.0,0.002107816253205178,0.004347998653169156,0.062484252960441446,0.0,0.9994715623371189,0.0010974301053545252,0.9999999999999944,0.9841269841269685,0.0025365806719362177,0.004127896064286956,0.05064526585376031,0.0,15.0,2.0,16,11,6.4,4.6303347611160905,14.0,0.0,2723.4,2160.0096851634717,6555,32,0.0,0.0,0.0,0.0,640.0,463.033476111609,1400.0,0.0,26.438303647539204,15.010400316663848,38.369200000000006,0.03424000000000001,1.6999983927235007e-06,0.010134399999515153,29.479191899998114,0.7367664000048535,30.226094400000875,925.5999926000659
3487954,592003168,970653965,542518282,640.0,463.033476111609,1400.0,0.0,223.439453125,-0.6027909,0.17081238,-0.3777486,-0.8795089,-0.0248166561126709,0.7038393819877905,0.838944673538208,-0.8594743609428406,-89.01293182373047,416.5605277479903,-1.4032857537269592,0.33219814678631887,-0.9028471112251282,-1.8996131420135498,0.07416755855083465,0.004331640173149821,0.08048988878726959,0.07067537307739258,0.954671573638916,0.0010419018967517137,0.9565621018409729,0.953916072845459,1.3725500345230102,0.0010908080608435407,1.3745290040969849,1.3717589378356934,4.857420444488525,40,528.9261528539181,381.0016058057567,1000.0,100.0,107.26441955566406,-4.803093,0.013018037,-4.7855105,-4.8273883,-69.953224,16.734188,-28.964329,-76.92077,-513.579345703125,421.6617447409231,128.0,0.0,128,128,0.00022093388287745453,0.002279053582663113,0.039968038348871575,0.0,3.3409049332548184,5.567315033530204,22.498611289689446,0.7478487663534663,0.01342406622074338,0.00997671487460522,0.04938241121968383,0.002832857177256123,0.5792950237944737,0.3392473897031857,0.9523356030665205,0.0,0.8852508764952238,0.21936999384682968,1.2107427513379179,0.03402625223430528,-128.53723432801317,218.625213577433,88.5,-1313.5,29.662096161147954,61.71152682888619,355.0,-1.0,-383.0234375,616.7947647449312,-1.0,-2626.0,144.66711392285313,221.20722157536179,1312.5,0.22875105525969486,0.0006212668726867096,0.0002411862543695654,0.0010976948408342481,0.0004086636697997548,1.0,0.0,1.0,1.0,0.0,0.0,0.0,0.0,0.024484569408309755,0.0046182886700570115,0.0331132889769448,0.020211300398656703,0.8177379839870765,0.3842098511715592,0.9998613614304146,0.0,0.0,0.0,0.0,0.0,0.00020991061059757123,0.002206538463212758,0.038461538461536986,0.0,0.18205210540199396,0.3843029048131563,0.9999999999999944,0.0,0.0,0.0,0.0,0.0,0.9954792241892297,0.020347075697001653,0.9999999999999998,0.8888888866665694,0.181294645559501,0.36327259670407364,0.9944134078212236,0.0,0.0057014551769349045,0.02142089113914439,0.20987654320985324,0.0,0.998541555415639,0.0055636075697131195,0.9999999999999944,0.944444444444392,0.0050855459608968034,0.014988527134104639,0.13331309864072433,0.0,14.571428571428571,3.499271061118826,16,6,5.428571428571429,3.958973274443148,10.0,1.0,1915.0,1714.8852523044884,4454,15,0.0,0.0,0.0,0.0,528.9261528539181,381.0016058057567,1000.0,100.0,24.100448048474487,13.15048816348885,38.369200000000006,0.03424000000000001,1.8999999156221747e-06,0.009747799995238893,25.127097399992635,0.842044299992267,25.978891399980057,951.5820311000571
572545303,816922492,531168081,634578823,285.7142857142857,247.43582965269673,600.0,0.0,-117.76161193847656,-0.6869129,0.1852712,-0.2656927,-0.8217538,0.06021736775125776,0.5717552237273095,0.9234293699264526,-0.6857851147651672,106.48921966552734,403.4759035446198,-1.216471791267395,0.4159841001091504,-0.8899505734443665,-2.1811180114746094,0.07030542939901352,0.006451527970549504,0.08071376383304596,0.064107246696949,0.9508224896022252,0.002418133302565232,0.9545903205871582,0.948215663433075,1.3685073852539062,0.002542821510471699,1.3724654912948608,1.3657652139663696,4.856909275054932,41,285.7142857142857,247.43582965269673,600.0,0.0,-122.35269927978516,-4.7958426,0.015603128,-4.77913,-4.8214674,-76.73348,0.24965005,-76.46608,-77.14348,585.0841674804688,408.06699883825934,128.0,0.0,128,128,0.00029139434541208256,0.0027389739832286313,0.039968038348871575,0.0,3.1232375506679255,5.343165085309372,22.498611289689446,0.7478487663534663,0.01360549882040489,0.010301948527627044,0.04938241121968383,0.002832857177256123,0.5835877980381748,0.3257389050207154,0.9523356030665205,0.0,0.8629894887656386,0.24256118154458456,1.2107427513379179,0.03402625223430528,-133.94594632104665,219.8729971449368,88.5,-1313.5,30.326294560305637,63.34357092097552,355.0,-1.0,-382.64174107142856,608.6671639875208,-1.0,-2626.0,149.6231989912149,224.54776580364543,1312.5,0.22875105525969486,0.0006703785552446075,0.00022750813492460916,0.0010976948408342481,0.0004086636697997548,1.0,0.0,1.0,1.0,0.0,0.0,0.0,0.0,0.025514443221785237,0.0043463289070336366,0.0331132889769448,0.020211300398656703,0.828420889854489,0.37450294633973,0.9998613614304146,0.0,0.0,0.0,0.0,0.0,0.0002785284775411909,0.0026502909194421526,0.038461538461536986,0.0,0.17130058166764872,0.3746209086697159,0.9999999999999944,0.0,0.0,0.0,0.0,0.0,0.9955398597798265,0.020343044238636438,0.9999999999999998,0.8888888866665694,0.1706451908962948,0.3532906352678422,0.9944134078212236,0.0,0.007549049158939054,0.02588653168499738,0.20987654320985324,0.0,0.9980637469973376,0.006726190371718566,0.9999999999999944,0.944444444444392,0.006408112662970526,0.01800431190933321,0.13331309864072433,0.0,16.0,0.0,16,16,2.857142857142857,2.4743582965269675,6.0,0.0,1002.7142857142857,1068.8192035119496,3200,17,0.0,0.0,0.0,0.0,285.7142857142857,247.43582965269673,600.0,0.0,22.121979263399,13.055227007415006,42.44904,0.03424000000000001,2.0000006770715117e-06,0.007424599985824898,20.57018490000337,0.6940893999999389,21.27170089998981,972.8570354000549
4047737,446415000,424765130,56835548,285.7142857142857,247.43582965269673,600.0,0.0,-117.76161193847656,-0.6869129,0.1852712,-0.2656927,-0.8217538,0.06021736775125776,0.5717552237273095,0.9234293699264526,-0.6857851147651672,106.48921966552734,403.4759035446198,-1.216471791267395,0.4159841001091504,-0.8899505734443665,-2.1811180114746094,0.07030542939901352,0.006451527970549504,0.08071376383304596,0.064107246696949,0.9508224896022252,0.002418133302565232,0.9545903205871582,0.948215663433075,1.3685073852539062,0.002542821510471699,1.3724654912948608,1.3657652139663696,4.8582353591918945,42,485.7142857142857,405.0699108216522,1300.0,100.0,69.88256072998047,-4.802304,0.02854839,-4.7530193,-4.838791,-67.858536,18.118998,-24.193954,-77.3051,-344.22735595703125,415.831727525862,128.0,0.0,128,128,0.0002152623621261627,0.0022792972491288686,0.039968038348871575,0.0,3.1032430200621124,5.3028170614658725,22.498611289689446,0.7478487663534663,0.013127185259747506,0.009862214810014858,0.04938241121968383,0.002832857177256123,0.5871432859934884,0.3316842376732452,0.9523356030665205,0.0,0.8895915929603186,0.2183155933391577,1.2107427513379179,0.03402625223430528,-122.1452102884599,216.68632488616552,88.5,-1313.5,25.57130322103207,58.00093664004121,355.0,-1.0,-358.6919642857143,609.9585401803952,-1.0,-2626.0,136.66056572015682,221.14324857655643,1312.5,0.22875105525969486,0.0006372136860243691,0.00023003462184576471,0.0010976948408342481,0.0004086636697997548,1.0,0.0,1.0,1.0,0.0,0.0,0.0,0.0,0.024854949565542104,0.004357316939335818,0.0331132889769448,0.020211300398656703,0.8255641906571302,0.3776191741571114,0.9998613614304146,0.0,0.0,0.0,0.0,0.0,0.000205018681631598,0.0022067777616783094,0.038461538461536986,0.0,0.17423079066088526,0.3777072678860421,0.9999999999999944,0.0,0.0,0.0,0.0,0.0,0.995303997737829,0.020954835042398683,0.9999999999999998,0.8888888866665694,0.1725948439014052,0.3557365519317783,0.9944134078212236,0.0,0.0056468682813011085,0.021413095361087448,0.20987654320985324,0.0,0.9985552620856922,0.005561796111730302,0.9999999999999944,0.944444444444392,0.005027538152806322,0.014967863329424265,0.13331309864072433,0.0,14.142857142857142,3.7958086444532633,16,5,4.857142857142857,4.050699108216522,13.0,1.0,2158.4285714285716,2148.0249304979716,6434,16,0.0,0.0,0.0,0.0,485.7142857142857,405.0699108216522,1300.0,100.0,21.360389289497505,11.89332095319818,37.449012353282626,0.03424000000000001,1.8999999156221747e-06,0.009790199997951277,25.508539399990696,0.5436645000008866,26.06199599998945,998.9224863000854
85589652,457550240,626576524,11975873,731.9622964867181,501.6695186004139,1500.0,100.0,295.63775634765625,-0.7708129,0.09530501,-0.61167455,-0.86517274,-0.2230643592774868,0.43297236753437374,0.3034960925579071,-0.7984830141067505,-240.17990112304688,436.32454283882964,-1.110263466835022,0.305597536251292,-0.8695661425590515,-1.6266099214553833,0.07057615928351879,0.00666171817593598,0.0767739862203598,0.0609242245554924,0.9494123160839081,0.0027091683589634424,0.9517691731452942,0.9451661109924316,1.3670223355293274,0.0028561092160955845,1.369505763053894,1.3625439405441284,4.856359481811523,43,731.9622964867181,501.6695186004139,1500.0,100.0,284.51751708984375,-4.794584,0.0016796789,-4.7931056,-4.7972255,-76.71334,0.026874863,-76.68969,-76.75561,-1363.7401123046875,447.4447844219476,128.0,0.0,128,128,0.0001485106308635526,0.0020219722534408255,0.039968038348871575,0.0,3.301520522345461,5.483138875548404,22.498611289689446,0.9934741678534843,0.010731576726781798,0.008006513317813779,0.03896093776379802,0.002832857177256123,0.5802712599052158,0.3441045315635714,0.9523356030665205,0.0,0.9094301462529415,0.20472926131173116,1.2107427513379179,0.03402625223430528,-109.12585062727139,184.24419672731102,88.5,-598.625,24.615949448710197,56.18526066032983,355.0,-1.0,-332.265625,566.7594250205367,-1.0,-2520.0,120.79208444210497,182.18703589285693,758.9696860711896,0.22875105525969486,0.0005504229609578848,0.00012522440671895908,0.0007524454477050414,0.0004086636697997548,1.0,0.0,1.0,1.0,0.0,0.0,0.0,0.0,0.023309910122552034,0.0025985389064709444,0.0274204170929851,0.020211300398656703,0.8112730056532194,0.3897569222794816,0.9998613614304146,0.0,0.0,0.0,0.0,0.0,0.00013918437790327802,0.001953162308924322,0.038461538461536986,0.0,0.18858780996853514,0.38981933353878045,0.9999999999999944,0.0,0.0,0.0,0.0,0.0,0.9950021692934747,0.02156035900421223,0.9999999999999998,0.888888886666823,0.18096756294942734,0.3689721286215753,0.9944134078212236,0.0,0.004794629946019148,0.01993580742203377,0.20987654320985324,0.0,0.9987730056532096,0.005179898147318265,0.9999999999999944,0.944444444444392,0.00431145666909454,0.013897676403341268,0.13331309864072433,0.0,16.0,0.0,16,16,7.5,5.024937810560445,15.0,1.0,2596.25,1935.224712404221,5623,307,0.0,0.0,0.0,0.0,731.9622964867181,501.6695186004139,1500.0,100.0,23.729373927103033,7.765500365573961,37.13036,18.582300000000004,1.6999983927235007e-06,0.006580000001122244,21.2429814000061,0.7199878000101307,21.969550900015747,1020.8955083000765
764895838,564108860,922730985,50118808,731.9622964867181,501.6695186004139,1500.0,100.0,295.63775634765625,-0.7708129,0.09530501,-0.61167455,-0.86517274,-0.2230643592774868,0.43297236753437374,0.3034960925579071,-0.7984830141067505,-240.17990112304688,436.32454283882964,-1.110263466835022,0.305597536251292,-0.8695661425590515,-1.6266099214553833,0.07057615928351879,0.00666171817593598,0.0767739862203598,0.0609242245554924,0.9494123160839081,0.0027091683589634424,0.9517691731452942,0.9451661109924316,1.3670223355293274,0.0028561092160955845,1.369505763053894,1.3625439405441284,4.857322692871094,44,443.6310867462109,346.1742166515426,1100.0,100.0,-3.4323296546936035,-4.7869406,0.018107288,-4.752407,-4.8058724,-73.16718,8.349384,-52.727505,-76.89396,20.25516128540039,447.0634146543739,128.0,0.0,128,128,0.00024509349015877543,0.002642421487118214,0.039968038348871575,0.0,3.3859291639009035,5.594152962158408,22.498611289689446,0.9934741678534843,0.011403688917852496,0.008878752070616813,0.03896093776379802,0.002832857177256123,0.57386483441132,0.33866336849556283,0.9523356030665205,0.0,0.8750923368933176,0.23889300993281726,1.2107427513379179,0.03402625223430528,-125.47477667789319,190.3643807376103,88.5,-598.625,31.582386857831132,63.83912824676673,355.0,-1.0,-368.2857142857143,568.169879628749,-1.0,-2520.0,138.99701308160164,188.59561853725427,758.9696860711896,0.22875105525969486,0.0005878923441487681,0.00014862166365265961,0.0007524454477050414,0.0004086636697997548,1.0,0.0,1.0,1.0,0.0,0.0,0.0,0.0,0.02404168215354786,0.003085799340419058,0.0274204170929851,0.020211300398656703,0.8128873279824048,0.38769191285865107,0.9998613614304146,0.0,0.0,0.0,0.0,0.0,0.00023229460503176248,0.0025529682901012673,0.038461538461536986,0.0,0.18688037741226668,0.3877954261111687,0.9999999999999944,0.0,0.0,0.0,0.0,0.0,0.9953408034588218,0.020667814515272137,0.9999999999999998,0.888888886666823,0.18070544710756328,0.367906604763637,0.9944134078212236,0.0,0.007186002766975028,0.025785475001676935,0.20987654320985324,0.0,0.9981551851252526,0.00670155510197577,0.9999999999999944,0.944444444444392,0.006051676758822415,0.017896795593589494,0.13331309864072433,0.0,15.285714285714286,1.7496355305594127,16,11,4.714285714285714,3.614031611621005,11.0,1.0,1368.4285714285713,1037.9048755123201,2878,295,0.0,0.0,0.0,0.0,443.6310867462109,346.1742166515426,1100.0,100.0,24.697490923685997,9.525793788708011,42.09034340076988,18.582300000000004,7.499998901039362e-06,0.011007599998265505,23.696949599994696,1.215661900001578,24.92362659999344,1045.822471400068
701975890,1065620339,522679137,316934274,518.4027777777777,381.27925029464546,1200.0,100.0,73.87041473388672,-0.69075316,0.041290347,-0.63346046,-0.75069535,-0.039145708084106445,0.5988379736480496,0.6047782301902771,-0.71128910779953,-48.755470275878906,444.53236633272445,-1.144840399424235,0.12132145283651713,-1.0032724142074585,-1.3671157360076904,0.06625404457251231,0.005765732570452821,0.07677234709262848,0.0596771165728569,0.947026789188385,0.0025424848290154477,0.9508886337280273,0.9437510967254639,1.364507019519806,0.0026850994225538875,1.3685802221298218,1.3610457181930542,4.8564229011535645,45,518.4027777777777,381.27925029464546,1200.0,100.0,64.20541381835938,-4.796288,0.021303406,-4.7490277,-4.810436,-76.74061,0.3408545,-75.98444,-76.96697,-301.8218078613281,454.1973509667143,128.0,0.0,128,128,0.0002028461157617666,0.0023323357710198665,0.039968038348871575,0.0,3.7290923466194204,5.923981654723103,22.498611289689446,0.9934741678534843,0.011530134652241385,0.00875944568085262,0.03896093776379802,0.002832857177256123,0.5644627664163402,0.35306659900881066,0.9523356030665205,0.0,0.8863159983254617,0.2237601589312649,1.2107427513379179,0.03402625223430528,-127.19565538216524,191.13139055318837,88.5,-598.625,34.548582041822584,65.3843311508435,355.0,-1.0,-388.81640625,579.7722693110502,-1.0,-2520.0,142.36507987160743,185.8930733545278,758.9696860711896,0.22875105525969486,0.0005418622113287866,0.00015404623481948213,0.0007524454477050414,0.0004086636697997548,1.0,0.0,1.0,1.0,0.0,0.0,0.0,0.0,0.023046449480203915,0.0032258383075825553,0.0274204170929851,0.020211300398656703,0.7992435518457518,0.39868954845484494,0.9998613614304146,0.0,0.0,0.0,0.0,0.0,0.00019062596787432706,0.0022532015645699284,0.038461538461536986,0.0,0.20056582218608743,0.39877899855349364,0.9999999999999944,0.0,0.0,0.0,0.0,0.0,0.9954464017745912,0.020157875473501282,0.9999999999999998,0.888888886666823,0.19505491826478058,0.3798834924158455,0.9944134078212236,0.0,0.005999762525333759,0.022894694504048952,0.20987654320985324,0.0,0.9984623018457427,0.0059492022174326,0.9999999999999944,0.944444444444392,0.0052183054641820005,0.015944438737627867,0.13331309864072433,0.0,16.0,0.0,16,16,5.333333333333333,3.9015666369065416,12.0,1.0,2181.0,2203.1683246331104,6431,358,0.0,0.0,0.0,0.0,518.4027777777777,381.27925029464546,1200.0,100.0,28.16289987212056,9.426382706751278,38.369200000000006,18.582300000000004,6.50000583846122e-06,0.012496099996496923,30.897027400002116,0.8452086000033887,31.75473860000784,1077.581353500078
492830188,158705372,856799847,275167074,518.4027777777777,381.27925029464546,1200.0,100.0,73.87041473388672,-0.69075316,0.041290347,-0.63346046,-0.75069535,-0.039145708084106445,0.5988379736480496,0.6047782301902771,-0.71128910779953,-48.755470275878906,444.53236633272445,-1.144840399424235,0.12132145283651713,-1.0032724142074585,-1.3671157360076904,0.06625404457251231,0.005765732570452821,0.07677234709262848,0.0596771165728569,0.947026789188385,0.0025424848290154477,0.9508886337280273,0.9437510967254639,1.364507019519806,0.0026850994225538875,1.3685802221298218,1.3610457181930542,4.858007907867432,46,157.14285714285714,225.87697572631282,700.0,0.0,-267.34906005859375,-4.820081,0.03270864,-4.7804885,-4.881106,-59.063637,24.193571,-9.762212,-77.15459,1292.84521484375,424.49190158432856,128.0,0.0,128,128,0.0003726530144161131,0.0029213261612202417,0.039968038348871575,0.0,2.1225304978165567,4.0094266271914325,22.498611289689443,0.7478487663534663,0.017415356703517935,0.01150493883681198,0.04938241121968383,0.002919703766855815,0.618730249689914,0.2781139979001188,0.9332711152589828,0.0,0.8474652254404708,0.24765963071767705,1.2107427513379179,0.03402625223430528,-138.10423752824707,266.3200369292896,88.5,-1313.5,19.632524085022872,54.081169173156646,196.0,-1.0,-362.6908482142857,670.341007439893,-1.0,-2626.0,154.86247440504874,283.0292180156088,1312.5,0.33449400781347277,0.0008672446041116057,0.00021355328045646586,0.0010976948408342481,0.0005202913631633715,1.0,0.0,1.0,1.0,0.0,0.0,0.0,0.0,0.029200725672724696,0.003710054728831936,0.0331132889769448,0.02280396149928317,0.8751404269387647,0.32745712396876986,0.9998613614304146,0.0,0.0,0.0,0.0,0.0,0.0003612123646281013,0.002833588304932803,0.038461538461536986,0.0,0.1244983606961954,0.3275821721489447,0.9999999999999944,0.0,0.0,0.0,0.0,0.0,0.9955875195190347,0.02091475239266844,0.9999999999999998,0.8888888866665694,0.13312507515756625,0.3017712923790895,0.9944134078212236,0.0,0.008165968151599515,0.0260701641754649,0.20987654320985324,0.0,0.9979082840816137,0.006771159767119993,0.9999999999999944,0.944444444444392,0.007004968855085788,0.018175269107142646,0.13331309864072433,0.0,12.285714285714286,5.062870041905528,16,2,1.5714285714285714,2.258769757263128,7.0,0.0,432.7142857142857,703.9711264950967,2126,15,0.0,0.0,0.0,0.0,157.14285714285714,225.87697572631282,700.0,0.0,10.677104293887151,9.217536484591331,18.88905,0.03424000000000001,2.0000006770715117e-06,0.006705099993268959,15.16063659999054,0.5552907999954186,15.722634499979904,1093.3074126000865
858616074,452304566,336680800,823933417,381.4054096961759,392.5556348367754,915.5206286836935,0.0,-56.81425476074219,-0.7656531,0.07452995,-0.6622727,-0.8461869,0.08089830726385117,0.4353032082736856,0.5725833177566528,-0.6187652349472046,35.574859619140625,438.2196706690696,-1.0044310539960861,0.14142886590914736,-0.8644867539405823,-1.2108395099639893,0.06068987771868706,0.004014346748590469,0.06470422446727753,0.05667553097009659,0.9459990561008453,0.0022915303707122803,0.9482905864715576,0.9437075257301331,1.36342191696167,0.002422332763671875,1.3658442497253418,1.360999584197998,4.856595993041992,47,381.4054096961759,392.5556348367754,915.5206286836935,0.0,-38.77784729003906,-4.800181,0.01714713,-4.77947,-4.8254294,-76.802895,0.27435407,-76.47152,-77.20687,191.316162109375,420.1832523955133,128.0,0.0,128,128,0.00029166676292867314,0.002851686353297971,0.039968038348871575,0.0,3.7524192989928693,5.963674845299922,22.498611289689446,0.9934741678534843,0.012088167139675001,0.00942393166654795,0.03896093776379802,0.002832857177256123,0.560314697135141,0.34627355088800754,0.9523356030665205,0.0,0.8552802100983349,0.2505280112820249,1.0549823199940278,0.03402625223430528,-140.9631807535165,194.90536104746,88.5,-586.625,40.09607193764175,70.19587501239688,355.0,-1.0,-416.7578125,576.6324008588269,-1.0,-2424.0,157.48815202117515,190.0559896867106,729.6051907538762,0.22875105525969486,0.0005805545587523979,0.0001718908889526433,0.0007524454477050414,0.0004086636697997548,1.0,0.0,1.0,1.0,0.0,0.0,0.0,0.0,0.0238158587458209,0.003604558347164199,0.0274204170929851,0.020211300398656703,0.8025763675760038,0.39546529354288396,0.9998613614304146,0.0,0.0,0.0,0.0,0.0,0.00027638739643551875,0.0027552745958845724,0.038461538461536986,0.0,0.19714724502731157,0.39559338889308604,0.9999999999999944,0.0,0.0,0.0,0.0,0.0,0.9957215741569215,0.019410670998625874,0.9999999999999998,0.8888888866668231,0.1927803230921518,0.3773455253970918,0.9944134078212236,0.0,0.008218973549244696,0.02772642002500234,0.20987654320985324,0.0,0.9978888675759955,0.007206396903641997,0.9999999999999944,0.944444444444392,0.0068289757260402385,0.019236545746647783,0.13331309864072433,0.0,16.0,0.0,16,16,4.25,4.02336923485777,10.0,0.0,2969.0,2920.687162295887,7353,274,0.0,0.0,0.0,0.0,381.4054096961759,392.5556348367754,915.5206286836935,0.0,27.93090749968868,9.358516802553476,37.919069575604695,18.58336005721005,1.6999983927235007e-06,0.01016239999444224,16.895402399997693,0.5767736999987392,17.482340199989267,1110.7929061000905
679192402,557500886,1018023110,55491266,381.4054096961759,392.5556348367754,915.5206286836935,0.0,-56.81425476074219,-0.7656531,0.07452995,-0.6622727,-0.8461869,0.08089830726385117,0.4353032082736856,0.5725833177566528,-0.6187652349472046,35.574859619140625,438.2196706690696,-1.0044310539960861,0.14142886590914736,-0.8644867539405823,-1.2108395099639893,0.06068987771868706,0.004014346748590469,0.06470422446727753,0.05667553097009659,0.9459990561008453,0.0022915303707122803,0.9482905864715576,0.9437075257301331,1.36342191696167,0.002422332763671875,1.3658442497253418,1.360999584197998,4.856497764587402,48,638.4879502292076,399.53641756141826,1400.0,100.0,196.47421264648438,-4.811803,0.031439666,-4.771938,-4.866185,-55.96811,29.40928,-9.675749,-76.897125,-934.1043701171875,442.01372217888274,128.0,0.0,128,128,7.260571168030475e-05,0.0007979623119743791,0.016126934718260072,0.0,3.098692661042559,5.269382241894858,22.498611289689446,0.7478487663534663,0.012636486775856761,0.009149342988577166,0.04938241121968383,0.002832857177256123,0.5932586684422532,0.3435440036434569,0.9523356030665205,0.0,0.9393317545067009,0.14819303738481843,1.2107427513379179,0.11520204147878298,-102.08627451032964,214.06460655108086,88.5,-1313.5,17.21556947293598,45.75324837643785,355.0,-1.0,-321.2955729166667,619.4088515649962,-1.0,-2626.0,115.17517956387498,218.1865965692603,1312.5,0.22875105525969486,0.000579316044987312,0.00023714017707229668,0.0010976948408342481,0.0004086636697997548,1.0,0.0,1.0,1.0,0.0,0.0,0.0,0.0,0.023657962378684626,0.004384634367024646,0.0331132889769448,0.020211300398656703,0.8198309836844082,0.3837028008792551,0.999858976166631,0.0,0.0,0.0,0.0,0.0,6.733537821930801e-05,0.0007852311685351262,0.01587301587301562,0.0,0.1801016809369581,0.3837335536679416,0.9999999999999944,0.0,0.0,0.0,0.0,0.0,0.9949238585244684,0.021881793610663683,0.9999999999999998,0.8888888866665694,0.17771737442911317,0.3606207456883942,0.9944134078212236,0.0,0.0019212098898971533,0.003925637097917904,0.062484252960441446,0.0,0.9995184836843983,0.0009909514373086718,0.9999999999999944,0.9841269841269685,0.002345131052532761,0.0037130395814011967,0.05064526585376031,0.0,11.666666666666666,6.1553951042064625,16,2,6.666666666666667,4.068851871911234,14.0,1.0,3052.6666666666665,2340.738962141847,7389,16,0.0,0.0,0.0,0.0,638.4879502292076,399.53641756141826,1400.0,100.0,21.96524524511236,12.881408935439019,37.82578469131703,0.03424000000000001,1.6999983927235007e-06,0.008530000006430782,29.70323620000272,0.6543447000003653,30.36611260000791,1141.162227100067
658760007,92749799,316450992,220591670,242.85714285714286,296.9229955832361,800.0,0.0,-175.82627868652344,-0.71570396,0.1807089,-0.35638094,-0.8725402,0.13157435772674425,0.4855631233712251,0.8504288792610168,-0.577271044254303,163.48818969726562,418.68341788787694,-1.0881793328693934,0.26104727597585026,-0.8671408295631409,-1.640943169593811,0.06943584339959281,0.009261050931096604,0.07757630199193954,0.05638623237609863,0.947396056992667,0.0031409161384283926,0.9512010216712952,0.9426367282867432,1.364894986152649,0.003319006831663035,1.3689086437225342,1.3598642349243164,4.858397006988525,49,242.85714285714286,296.9229955832361,800.0,0.0,-179.2409210205078,-4.7944093,0.009179702,-4.7843013,-4.8141327,-76.71055,0.14687523,-76.54882,-77.02612,857.9439697265625,422.09806424670876,128.0,0.0,128,128,0.0003021925518814851,0.002497539657118982,0.039968038348871575,0.0,2.34019788040345,4.35393247563565,22.498611289689446,0.7478487663534663,0.017233924103856425,0.011276115408340977,0.04938241121968383,0.002832857177256123,0.6144374754462127,0.2943332638811658,0.9523356030665205,0.0,0.8697266131700561,0.2265253702909783,1.2107427513379179,0.03402625223430528,-132.69552553521356,265.3755701027221,88.5,-1313.5,18.96832568586519,52.02376240917211,355.0,-1.0,-363.07254464285717,677.740630274425,-1.0,-2626.0,149.906389336687,280.47888795683804,1312.5,0.22875105525969486,0.0008181329215537075,0.0002671192752880852,0.0010976948408342481,0.0004086636697997548,1.0,0.0,1.0,1.0,0.0,0.0,0.0,0.0,0.028170851859249214,0.004878046011814826,0.0331132889769448,0.020211300398656703,0.8644575210713522,0.3399869435606493,0.9998613614304146,0.0,0.0,0.0,0.0,0.0,0.0002925944976844816,0.0024259719490828334,0.038461538461536986,0.0,0.13524988443054062,0.3400946446569196,0.9999999999999944,0.0,0.0,0.0,0.0,0.0,0.9955268839284378,0.02091881181912337,0.9999999999999998,0.8888888866665694,0.1437745298207724,0.3146708709037852,0.9944134078212236,0.0,0.006318374169595365,0.021695048888832724,0.20987654320985324,0.0,0.9983860924999152,0.005631097570169364,0.9999999999999944,0.944444444444392,0.005682402153012064,0.015245322879149639,0.13331309864072433,0.0,16.0,0.0,16,16,2.4285714285714284,2.9692299558323607,8.0,0.0,662.7142857142857,854.821738189684,2377,18,0.0,0.0,0.0,0.0,242.85714285714286,296.9229955832361,800.0,0.0,14.039872587002781,14.035429463407793,40.67831805180943,0.03424000000000001,1.7999991541728377e-06,0.010122199993929826,15.247460400001728,0.8608521999994991,16.11843659999431,1157.2845718000754
12327951,97663877,503133585,656828586,242.85714285714286,296.9229955832361,800.0,0.0,-175.82627868652344,-0.71570396,0.1807089,-0.35638094,-0.8725402,0.13157435772674425,0.4855631233712251,0.8504288792610168,-0.577271044254303,163.48818969726562,418.68341788787694,-1.0881793328693934,0.26104727597585026,-0.8671408295631409,-1.640943169593811,0.06943584339959281,0.009261050931096604,0.07757630199193954,0.05638623237609863,0.947396056992667,0.0031409161384283926,0.9512010216712952,0.9426367282867432,1.364894986152649,0.003319006831663035,1.3689086437225342,1.3598642349243164,4.857041358947754,50,488.48461200799886,368.5732275752521,900.0,0.0,59.74789047241211,-4.806498,0.0033724257,-4.801675,-4.810192,-76.90397,0.05395881,-76.8268,-76.96307,-287.44549560546875,428.73671902283775,128.0,0.0,128,128,0.0001847006018051585,0.0020042852173849744,0.039968038348871575,0.0,2.84357250848981,4.990555933671816,22.498611289689446,0.7478487663534663,0.013542792507776508,0.010001992065282348,0.04938241121968383,0.002832857177256123,0.5978747215368274,0.3250461276965559,0.9523356030665205,0.0,0.9033161461051122,0.20238920940031463,1.2107427513379179,0.03402625223430528,-114.61802210243722,224.3671185284698,88.5,-1313.5,19.76139573438819,51.192042121375906,355.0,-1.0,-335.465625,621.2721616315665,-1.0,-2626.0,128.32953119974948,231.89359151222976,1312.5,0.22875105525969486,0.0006598773369331575,0.0002458982783816056,0.0010976948408342481,0.0004086636697997548,1.0,0.0,1.0,1.0,0.0,0.0,0.0,0.0,0.02527058589343059,0.004558390228227,0.0331132889769448,0.020211300398656703,0.8347593198895804,0.36984008869124707,0.9998613614304146,0.0,0.0,0.0,0.0,0.0,0.0001764711957100297,0.0019437972449277716,0.038461538461536986,0.0,0.1650642089143147,0.36991370452030986,0.9999999999999944,0.0,0.0,0.0,0.0,0.0,0.9951369671701921,0.021539262977924745,0.9999999999999998,0.8888888866665694,0.16452065222510656,0.3463868645290444,0.9944134078212236,0.0,0.004618026174123674,0.018185773584696363,0.20987654320985324,0.0,0.9988218198895712,0.004720747624146303,0.9999999999999944,0.944444444444392,0.004306963123512757,0.012799083150661963,0.13331309864072433,0.0,16.0,0.0,16,16,5.2,3.6551333764994136,9.0,0.0,1825.4,1526.186174750643,3919,15,0.0,0.0,0.0,0.0,488.48461200799886,368.5732275752521,900.0,0.0,18.723297977635326,11.76614579900787,37.2398,0.03424000000000001,2.3000029614195228e-06,0.007194399993750267,23.467797200006316,0.7629610000003595,24.237954900003388,1181.5265180000715
329187348,337730166,116213680,38689046,589.3833695902313,224.6860947463302,800.0,117.78290993071593,153.6299591064453,-0.74294657,0.10968109,-0.56766844,-0.85970414,-0.14372243652386324,0.4969214287171647,0.5089566707611084,-0.8362456560134888,-97.24137115478516,435.75341305811236,-1.1410573806081499,0.34529612808788346,-0.8600212335586548,-1.7693297863006592,0.06660691755158561,0.0066132856474627666,0.07595513015985489,0.05585567653179169,0.9458595940044948,0.002863507781343911,0.9491523504257202,0.939891517162323,1.3632727350507463,0.0030313789296685526,1.3667525053024292,1.356947660446167,4.85795783996582,51,589.3833695902313,224.6860947463302,800.0,117.78290993071593,144.5819854736328,-4.797555,0.009091249,-4.783744,-4.8156624,-76.76088,0.14545998,-76.5399,-77.0506,-694.4110717773438,444.8013840795771,128.0,0.0,128,128,0.00010417256508951939,0.0015308905731657599,0.039968038348871575,0.0,3.82126392907469,5.988508888615434,22.498611289689446,0.9934741678534843,0.011040823718529475,0.0079986170569233,0.03896093776379802,0.002832857177256123,0.5652792859239177,0.36394365187579303,0.9523356030665205,0.0,0.9196151123524877,0.18323635410137226,1.2107427513379179,0.03402625223430528,-114.65735269182618,186.8221478624858,88.5,-598.625,30.25399005951577,60.57803469341387,355.0,-1.0,-369.04910714285717,585.4560358471994,-1.0,-2520.0,129.08484294487815,179.80655201388967,758.9696860711896,0.22875105525969486,0.000489668979032972,0.00011782212610741372,0.0007524454477050414,0.0004086636697997548,1.0,0.0,1.0,1.0,0.0,0.0,0.0,0.0,0.02198193452659689,0.0024919622266301963,0.0274204170929851,0.020211300398656703,0.7915215162475796,0.40514503805879376,0.9998613614304146,0.0,0.0,0.0,0.0,0.0,9.505887114452313e-05,0.0014782017629558623,0.038461538461536986,0.0,0.20838342488095712,0.4051911532637862,0.9999999999999944,0.0,0.0,0.0,0.0,0.0,0.9952195322776282,0.020674404585052677,0.9999999999999998,0.888888886666823,0.20200435643397568,0.38601206740994665,0.9944134078212236,0.0,0.0034908148029667288,0.015259900842892424,0.20987654320985324,0.0,0.9991108019618559,0.003962784870879373,0.9999999999999944,0.944444444444392,0.003406543354674969,0.010766275250304679,0.13331309864072433,0.0,16.0,0.0,16,16,6.142857142857143,2.0995626366712954,8.0,2.0,2048.285714285714,1166.1768690022618,4231,390,0.0,0.0,0.0,0.0,589.3833695902313,224.6860947463302,800.0,117.78290993071593,30.33913390558227,9.556751311523142,41.683377790625954,18.58336005721005,2.0000006770715117e-06,0.010214599999017082,29.886315399999148,0.8952107999939471,30.79174279999279,1212.323484200082
583866853,897830797,460720113,947645042,589.3833695902313,224.6860947463302,800.0,117.78290993071593,153.6299591064453,-0.74294657,0.10968109,-0.56766844,-0.85970414,-0.14372243652386324,0.4969214287171647,0.5089566707611084,-0.8362456560134888,-97.24137115478516,435.75341305811236,-1.1410573806081499,0.34529612808788346,-0.8600212335586548,-1.7693297863006592,0.06660691755158561,0.0066132856474627666,0.07595513015985489,0.05585567653179169,0.9458595940044948,0.002863507781343911,0.9491523504257202,0.939891517162323,1.3632727350507463,0.0030313789296685526,1.3667525053024292,1.356947660446167,4.857922554016113,52,267.88194444444446,308.0824433618268,900.0,7.291666666666667,-159.2274932861328,-4.809468,0.019115739,-4.790383,-4.8430424,-57.609676,27.059526,-19.311426,-76.79654,760.2537231445312,427.1094401160638,128.0,0.0,128,128,0.0003324508789711838,0.0029561199344169797,0.039968038348871575,0.0,2.891401286104747,5.079972883733238,22.498611289689446,0.7478487663534663,0.013964223116995758,0.010598698607297249,0.04938241121968383,0.002832857177256123,0.5899707664975061,0.31372613559060303,0.9523356030665205,0.0,0.8512885590345979,0.2529711349875261,1.2107427513379179,0.03402625223430528,-135.93148924490455,224.41055639280896,88.5,-1313.5,29.085447396924934,62.93845958438379,355.0,-1.0,-376.7330729166667,608.9048873369705,-1.0,-2626.0,151.20342310943252,231.61733156552816,1312.5,0.22875105525969486,0.0007139977028187498,0.0002169520679490203,0.0010976948408342481,0.0004086636697997548,1.0,0.0,1.0,1.0,0.0,0.0,0.0,0.0,0.026398300358973326,0.004070697735863058,0.0331132889769448,0.020211300398656703,0.8389600053235605,0.36466056165730304,0.9998613614304146,0.0,0.0,0.0,0.0,0.0,0.0003189124134425811,0.0028604717354086696,0.038461538461536986,0.0,0.1607210822626702,0.3647898522565775,0.9999999999999944,0.0,0.0,0.0,0.0,0.0,0.9955449448114922,0.020491794325987585,0.9999999999999998,0.8888888866665694,0.160743820310115,0.34273426715884997,0.9944134078212236,0.0,0.0085151582500572,0.027819176506098428,0.20987654320985324,0.0,0.9978141719902185,0.007229149524830051,0.9999999999999944,0.944444444444392,0.007109466062001912,0.01931337597913185,0.13331309864072433,0.0,12.0,5.656854249492381,16,4,2.8333333333333335,2.9674156357941426,9.0,1.0,1015.5,1284.2370951917978,3755,18,0.0,0.0,0.0,0.0,267.88194444444446,308.0824433618268,900.0,7.291666666666667,18.873985501303675,10.728572237471083,37.13036300782204,0.03424000000000001,1.8999999156221747e-06,0.006894599995575845,16.04004699998768,0.6344552000082331,16.681398699991405,1229.0082269000704
680903265,62674613,529827668,933694474,647.5738831248784,540.0376180054405,1500.0,0.0,190.63844299316406,-0.70626414,0.1254095,-0.5242956,-0.8506062,0.1461625588791711,0.5182780617008584,0.7133535146713257,-0.8520711660385132,-103.40121459960938,456.93546006478897,-1.1264057414872306,0.3259512994938494,-0.8619905710220337,-1.8685197830200195,0.07117050566843577,0.009414097270900566,0.08038878440856934,0.057793039828538895,0.9434146199907575,0.0042162768722473695,0.9472067356109619,0.9370949268341064,1.360679064478193,0.004475677429066701,1.3647005558013916,1.3539677858352661,4.85728645324707,53,647.5738831248784,540.0376180054405,1500.0,0.0,198.4180145263672,-4.8132463,0.03292818,-4.7757945,-4.866344,-64.5385,20.051916,-24.33172,-77.57511,-953.7291259765625,449.15588441694524,128.0,0.0,128,128,0.0002095908413748708,0.0022795267787038644,0.039968038348871575,0.0,2.8655811068694064,5.01316013331021,22.498611289689446,0.7478487663534663,0.012830304298751634,0.009737322302285167,0.04938241121968383,0.002832857177256123,0.5949915481925032,0.32375435932547597,0.9523356030665205,0.0,0.8939323094254138,0.2171693319758529,1.2107427513379179,0.03402625223430528,-115.75318624890659,214.53956938272037,88.5,-1313.5,21.480510280916178,53.725558023477106,355.0,-1.0,-334.36049107142856,602.0623044865766,-1.0,-2626.0,128.6540175174605,220.78910361847534,1312.5,0.22875105525969486,0.0006531604993620287,0.00021714613394526502,0.0010976948408342481,0.0004086636697997548,1.0,0.0,1.0,1.0,0.0,0.0,0.0,0.0,0.02522532972277446,0.004045920001424379,0.0331132889769448,0.020211300398656703,0.8333903973271836,0.3707462375038232,0.9998613614304146,0.0,0.0,0.0,0.0,0.0,0.00020012675266562477,0.0022070061910426358,0.038461538461536986,0.0,0.16640947591977648,0.37082946464849276,0.9999999999999944,0.0,0.0,0.0,0.0,0.0,0.9951287712864284,0.021544032242600812,0.9999999999999998,0.8888888866665694,0.16389504224330942,0.34781983288294616,0.9944134078212236,0.0,0.005592281385667313,0.021405157538140786,0.20987654320985324,0.0,0.9985689687557455,0.00555995027329738,0.9999999999999944,0.944444444444392,0.004969530344715841,0.014946945836365948,0.13331309864072433,0.0,13.428571428571429,4.203982562732046,16,5,6.714285714285714,5.573259772323188,15.0,0.0,2432.714285714286,2183.662304758794,5837,8,0.0,0.0,0.0,0.0,647.5738831248784,540.0376180054405,1500.0,0.0,18.95018860277244,9.987404248188307,37.349095918763446,0.041800000000000004,2.3000029614195228e-06,0.0071958000044105574,32.48932800001057,1.0793099000002258,33.57583600001817,1262.5873819000844
67951712,81608887,770677053,350867000,647.5738831248784,540.0376180054405,1500.0,0.0,190.63844299316406,-0.70626414,0.1254095,-0.5242956,-0.8506062,0.1461625588791711,0.5182780617008584,0.7133535146713257,-0.8520711660385132,-103.40121459960938,456.93546006478897,-1.1264057414872306,0.3259512994938494,-0.8619905710220337,-1.8685197830200195,0.07117050566843577,0.009414097270900566,0.08038878440856934,0.057793039828538895,0.9434146199907575,0.0042162768722473695,0.9472067356109619,0.9370949268341064,1.360679064478193,0.004475677429066701,1.3647005558013916,1.3539677858352661,4.858436107635498,54,338.8253638253638,371.9098478102937,1000.0,0.0,-99.2974624633789,-4.797531,0.0244382,-4.773871,-4.847699,-68.88298,20.540028,-14.5430975,-77.2072,476.573974609375,438.1228323577871,128.0,0.0,128,128,0.00024891071953232806,0.0019755941074081165,0.039968038348871575,0.0,2.572558835793568,4.703742987920133,22.498611289689446,0.7478487663534663,0.018279157861011357,0.011106452680614718,0.04938241121968383,0.002832857177256123,0.6105454551359689,0.3085172579589068,0.9523356030665205,0.0,0.8865488920694523,0.20060972967531585,1.1951265277932084,0.03402625223430528,-134.04232138440426,276.0923953085096,88.5,-1313.5,19.638452808108,51.68026513302616,355.0,-1.0,-382.845703125,706.0830496956249,-1.0,-2626.0,153.6471606909348,290.3745582002531,1312.5,0.22875105525969486,0.0007961519775551622,0.0003193869557979759,0.0010976948408342481,0.0004086636697997548,1.0,0.0,1.0,1.0,0.0,0.0,0.0,0.0,0.027563434274591805,0.005972704793183852,0.0331132889769448,0.020211300398656703,0.8562929295715285,0.3492036460877806,0.9998613614304146,0.0,0.0,0.0,0.0,0.0,0.00024096229811061034,0.0019277040076233771,0.038461538461536986,0.0,0.1434661081299244,0.3492972496050878,0.9999999999999944,0.0,0.0,0.0,0.0,0.0,0.995645810275219,0.02045771636146664,0.9999999999999998,0.8888888866665694,0.15507493904029301,0.3242139469854943,0.9944134078212236,0.0,0.004448647583639606,0.015210586770153895,0.20987654320985324,0.0,0.9988710545715201,0.0039381485945993765,0.9999999999999944,0.944444444444392,0.004401736469298423,0.011002256819020414,0.13331309864072433,0.0,14.375,4.29934588047996,16,3,3.5,3.840572873934304,10.0,0.0,1474.5,1823.4960926747278,4570,15,0.0,0.0,0.0,0.0,338.8253638253638,371.9098478102937,1000.0,0.0,16.30016409326682,17.236681449402468,37.32073274613455,0.03424000000000001,2.900007530115545e-06,0.010301099988282658,26.258775199996307,0.9740340999996988,27.24311329999182,1289.83370260011
819896025,220438933,1062243559,300997728,450.0,394.7573094109004,1000.0,0.0,-6.241918087005615,-0.70334464,0.21859306,-0.2835033,-0.8658662,0.21498891524970531,0.4494992749194945,0.9265432953834534,-0.38856610655784607,36.98821258544922,456.2419140583101,-1.1641196707884471,0.4938057252483436,-0.8580507040023804,-2.23882794380188,0.07558440168698628,0.008821891674874807,0.08450467884540558,0.06110586225986481,0.9400604565938314,0.0032750137173187975,0.9441552758216858,0.933353841304779,1.3571213483810425,0.0034905316545789785,1.3614739179611206,1.3499675989151,4.8571648597717285,55,450.0,394.7573094109004,1000.0,0.0,10.689453125,-4.7939835,0.013336116,-4.775968,-4.815743,-76.703735,0.21337786,-76.41549,-77.05189,-51.079010009765625,439.3105491220084,128.0,0.0,128,128,0.0002154440233094029,0.001991735931850436,0.039968038348871575,0.0,2.8155460646441988,4.988969996624985,22.498611289689446,0.7478487663534663,0.015763297482934837,0.010782519162262114,0.04938241121968383,0.002832857177256123,0.6004540567257178,0.3211358712916786,0.9523356030665205,0.0,0.894175976797282,0.20228003052429294,1.2107427513379179,0.03402625223430528,-125.73683113202662,249.5421357420204,88.5,-1313.5,21.2976183549754,53.27601119259474,355.0,-1.0,-365.9856770833333,663.3320824577768,-1.0,-2626.0,142.69546860799153,259.8374629804095,1312.5,0.22875105525969486,0.0007142423053560698,0.00029436506444916794,0.0010976948408342481,0.0004086636697997548,1.0,0.0,1.0,1.0,0.0,0.0,0.0,0.0,0.02614559289057855,0.005482105881344311,0.0331132889769448,0.020211300398656703,0.8412862882654255,0.36384430142874485,0.9998613614304146,0.0,0.0,0.0,0.0,0.0,0.00020703632470816624,0.001936821650457683,0.038461538461536986,0.0,0.1585066754094613,0.3639292797364705,0.9999999999999944,0.0,0.0,0.0,0.0,0.0,0.9954312632813043,0.020833959299810988,0.9999999999999998,0.8888888866665694,0.16370581367667114,0.3400082109407042,0.9944134078212236,0.0,0.004563975037766121,0.01693359697842556,0.20987654320985324,0.0,0.99883837159875,0.004391498703295413,0.9999999999999944,0.944444444444392,0.0043716432025637944,0.012045056430801362,0.13331309864072433,0.0,16.0,0.0,16,16,4.5,3.947573094109004,10.0,0.0,1395.3333333333333,1316.844165250982,3207,16,0.0,0.0,0.0,0.0,450.0,394.7573094109004,1000.0,0.0,18.944283102904283,15.24365524598697,37.545828495431124,0.03424000000000001,2.7999922167509794e-06,0.010435400006826967,20.990553600000567,0.9363925000070594,21.93738430000667,1311.7762528000894
740196857,955523027,588993561,1042666993,450.0,394.7573094109004,1000.0,0.0,-6.241918087005615,-0.70334464,0.21859306,-0.2835033,-0.8658662,0.21498891524970531,0.4494992749194945,0.9265432953834534,-0.38856610655784607,36.98821258544922,456.2419140583101,-1.1641196707884471,0.4938057252483436,-0.8580507040023804,-2.23882794380188,0.07558440168698628,0.008821891674874807,0.08450467884540558,0.06110586225986481,0.9400604565938314,0.0032750137173187975,0.9441552758216858,0.933353841304779,1.3571213483810425,0.0034905316545789785,1.3614739179611206,1.3499675989151,4.856698036193848,56,650.0,403.11288741492746,1000.0,100.0,189.6204833984375,-4.796612,0.014854595,-4.7748256,-4.820281,-76.74579,0.23767352,-76.39721,-77.1245,-912.51171875,460.3794942098076,128.0,0.0,128,128,0.00018961256734208564,0.0023327672449664433,0.039968038348871575,0.0,3.174547882503107,5.351610578871221,22.498611289689446,0.9934741678534843,0.010837412409917679,0.008278251012496846,0.03896093776379802,0.002832857177256123,0.5827753782140414,0.33640371590451096,0.9523356030665205,0.0,0.8964443367440168,0.22115964849707992,1.2107427513379179,0.03402625223430528,-112.2809326232076,185.45806740496658,88.5,-598.625,25.003398514885507,57.27003283503559,355.0,-1.0,-332.04296875,561.5902777655342,-1.0,-2520.0,123.68313406531597,184.94527506812642,758.9696860711896,0.22875105525969486,0.0005790714424499921,0.00012879000578383068,0.0007524454477050414,0.0004086636697997548,1.0,0.0,1.0,1.0,0.0,0.0,0.0,0.0,0.023910669847079402,0.0026456377894392537,0.0274204170929851,0.020211300398656703,0.8175047007425436,0.38434706546364455,0.9998613614304146,0.0,0.0,0.0,0.0,0.0,0.00017921146695372284,0.0022536341367668006,0.038461538461536986,0.0,0.18231608779016706,0.3844254357011592,0.9999999999999944,0.0,0.0,0.0,0.0,0.0,0.9950375400546562,0.02155894318630766,0.9999999999999998,0.888888886666823,0.17475538106255706,0.3633063733251547,0.9944134078212236,0.0,0.0058723931021882345,0.02287913022924692,0.20987654320985324,0.0,0.9984942840758669,0.005945625938971137,0.9999999999999944,0.944444444444392,0.0050829539119708785,0.01589988153420452,0.13331309864072433,0.0,16.0,0.0,16,16,6.5,4.031128874149275,10.0,1.0,1974.6666666666667,1192.369443121086,3410,372,0.0,0.0,0.0,0.0,650.0,403.11288741492746,1000.0,100.0,22.08095782967086,6.8083201684938,37.245996953134544,18.582300000000004,1.8999999156221747e-06,0.010281499999109656,26.22750609999639,0.9481262000044808,27.185915699999896,1338.9658282001037
784241550,824445069,845327572,920460916,900.0,254.95097567963924,1300.0,600.0,399.38226318359375,-0.54834914,0.21376406,-0.2917304,-0.83494806,0.15581651031970978,0.7304288220444849,0.9219418168067932,-0.748455286026001,-242.6082305908203,500.6177226524791,-1.5509957522153854,0.42707056820255745,-0.9865593314170837,-2.1886885166168213,0.07841881737112999,0.006152454763650894,0.08457127213478088,0.0722663626074791,0.9376340508460999,0.0020194053649902344,0.9396534562110901,0.9356146454811096,1.3545406460762024,0.0021536946296691895,1.3566943407058716,1.3523869514465332,4.856475353240967,57,900.0,254.95097567963924,1300.0,600.0,395.658447265625,-4.803627,0.012894698,-4.7857823,-4.819804,-76.85803,0.20631517,-76.57252,-77.11687,-1902.1939697265625,504.34154478882687,128.0,0.0,128,128,2.520482142795358e-05,8.834979901424396e-05,0.0006853758461993129,0.0,3.682438441872524,5.84350714343016,22.498611289689446,1.0054601753418155,0.010414069677374155,0.007119992152643454,0.02974500036118929,0.002832857177256123,0.5727589049787387,0.36613397417502236,0.9523356030665205,0.0,0.9483875747797155,0.13746976538754838,1.2107427513379179,0.16361343296583433,-99.66060463946275,180.2225216370029,88.5,-598.625,23.453602250184254,52.78032472192741,355.0,-1.0,-332.93359375,581.9909520314384,-1.0,-2520.0,112.11893557247191,173.36061220628886,758.9696860711896,0.22875105525969486,0.0004644775164815632,5.5813846681808366e-05,0.0005202913631633715,0.0004086636697997548,1.0,0.0,1.0,1.0,0.0,0.0,0.0,0.0,0.021507630948969937,0.001296330550313234,0.02280396149928317,0.020211300398656703,0.7925779203852474,0.40497879621446203,0.999858976166631,0.0,0.0,0.0,0.0,0.0,1.91031107519436e-05,5.954442471122594e-05,0.00025361399949277194,0.0,0.20740297650363926,0.40498850646827744,0.9999999999999944,0.0,0.0,0.0,0.0,0.0,0.9948960570099303,0.02156425780178344,0.9999999999999998,0.888888886666823,0.1996041086100382,0.38486889931062057,0.9944134078212236,0.0,0.0015613404775118847,0.002333021449451245,0.01284869210351293,0.0,0.9996091703852373,0.0005845915118691207,0.9999999999999944,0.9967774420937507,0.0019969649404655253,0.0026496119137623983,0.013955462451257832,0.0,16.0,0.0,16,16,9.0,2.5495097567963922,13.0,6.0,3576.25,1098.2393580180963,4913,1894,0.0,0.0,0.0,0.0,900.0,254.95097567963924,1300.0,600.0,29.042443602579283,10.266855962995006,41.188111402495096,18.87093,1.6999983927235007e-06,0.0076874000078532845,31.20711129999836,0.7737397000018973,31.988540100006503,1370.9588881000818
283468587,989400710,23463629,35422904,900.0,254.95097567963924,1300.0,600.0,399.38226318359375,-0.54834914,0.21376406,-0.2917304,-0.83494806,0.15581651031970978,0.7304288220444849,0.9219418168067932,-0.748455286026001,-242.6082305908203,500.6177226524791,-1.5509957522153854,0.42707056820255745,-0.9865593314170837,-2.1886885166168213,0.07841881737112999,0.006152454763650894,0.08457127213478088,0.0722663626074791,0.9376340508460999,0.0020194053649902344,0.9396534562110901,0.9356146454811096,1.3545406460762024,0.0021536946296691895,1.3566943407058716,1.3523869514465332,4.856137752532959,58,485.31353135313526,450.3638936727371,1000.0,0.0,-17.125225067138672,-4.8137174,0.0345333,-4.773092,-4.8833513,-63.265316,19.054426,-34.183456,-76.953766,80.56851196289062,502.43874344525767,128.0,0.0,128,128,0.00023701345759443676,0.002460722462305034,0.039968038348871575,0.0,2.5908021016731415,4.654738587875091,22.498611289689443,0.7478487663534663,0.013059829508400287,0.009983182881234858,0.04938241121968383,0.002919703766855815,0.6032751416775559,0.31100672790860623,0.9332711152589828,0.0,0.8873885164710021,0.22590717740010643,1.2107427513379179,0.03402625223430528,-114.70660249407449,218.35056157370641,88.5,-1313.5,18.76536573763723,51.05672414055266,196.0,-1.0,-320.4049479166667,600.26391446327,-1.0,-2626.0,126.73937805671905,227.34457944636495,1312.5,0.33449400781347277,0.000693909970955741,0.00020829677871353833,0.0010976948408342481,0.0005202913631633715,1.0,0.0,1.0,1.0,0.0,0.0,0.0,0.0,0.026061001276794084,0.003769520501451581,0.0331132889769448,0.02280396149928317,0.8447577640417042,0.3599778027933699,0.9998613614304146,0.0,0.0,0.0,0.0,0.0,0.00022744373442108723,0.002382533209381419,0.038461538461536986,0.0,0.15501479222348594,0.3600678496145097,0.9999999999999944,0.0,0.0,0.0,0.0,0.0,0.9950653415691942,0.021876376333901732,0.9999999999999998,0.8888888866665694,0.15286864688163207,0.33589739277617175,0.9944134078212236,0.0,0.006232262514573504,0.0230286648687713,0.20987654320985324,0.0,0.9984035973750279,0.005982348585556213,0.9999999999999944,0.944444444444392,0.005431120024038114,0.016044425165055165,0.13331309864072433,0.0,13.166666666666666,4.017323597731316,16,7,5.0,4.358898943540674,10.0,0.0,2174.6666666666665,1998.6049023145006,5411,15,0.0,0.0,0.0,0.0,485.31353135313526,450.3638936727371,1000.0,0.0,15.887362974657028,7.114435234344503,20.33373622490128,0.03424000000000001,3.0999945010989904e-06,0.010434199997689575,24.338203899998916,0.8159184999967692,25.164559699987876,1396.1270181000727
16648123,895794063,743134744,211760123,528.9261528539181,570.1677637064965,1700.0,0.0,25.47756576538086,-0.786111,0.07580502,-0.6146387,-0.84331197,-0.04654126614332199,0.472685612369778,0.6164934635162354,-0.9725182056427002,-38.41404724121094,503.448565672623,-1.3083092144557409,0.9693636074792542,-0.8506231904029846,-3.675245761871338,0.07119655715567726,0.009994954826090299,0.08660370856523514,0.06144518405199051,0.9279502374785287,0.0045699378831713456,0.9347217679023743,0.9228978753089905,1.344149214880807,0.004924963381283286,1.351432204246521,1.338701844215393,4.857118606567383,59,528.9261528539181,570.1677637064965,1700.0,0.0,23.83864974975586,-4.8002906,0.013506878,-4.78726,-4.8190427,-74.05617,6.673164,-57.718178,-77.10468,-109.91204833984375,505.0874843861237,128.0,0.0,128,128,0.00029139434541208256,0.002738973983228631,0.039968038348871575,0.0,3.123237550667926,5.343165085309372,22.498611289689446,0.7478487663534663,0.01360549882040489,0.010301948527627044,0.04938241121968383,0.002832857177256123,0.5835877980381747,0.3257389050207154,0.9523356030665205,0.0,0.8629894887656386,0.24256118154458456,1.2107427513379179,0.03402625223430528,-133.94594632104668,219.8729971449368,88.5,-1313.5,30.326294560305637,63.34357092097552,355.0,-1.0,-382.64174107142856,608.6671639875208,-1.0,-2626.0,149.62319899121488,224.54776580364543,1312.5,0.22875105525969486,0.0006703785552446075,0.00022750813492460916,0.0010976948408342481,0.0004086636697997548,1.0,0.0,1.0,1.0,0.0,0.0,0.0,0.0,0.025514443221785244,0.0043463289070336366,0.0331132889769448,0.020211300398656703,0.828420889854489,0.37450294633973,0.9998613614304146,0.0,0.0,0.0,0.0,0.0,0.0002785284775411909,0.0026502909194421526,0.038461538461536986,0.0,0.17130058166764872,0.37462090866971587,0.9999999999999944,0.0,0.0,0.0,0.0,0.0,0.9955398597798265,0.020343044238636435,0.9999999999999998,0.8888888866665694,0.1706451908962948,0.3532906352678422,0.9944134078212236,0.0,0.007549049158939054,0.025886531684997383,0.20987654320985324,0.0,0.9980637469973376,0.006726190371718566,0.9999999999999944,0.944444444444392,0.006408112662970526,0.01800431190933321,0.13331309864072433,0.0,15.428571428571429,1.3997084244475306,16,12,5.428571428571429,5.778213833187625,17.0,0.0,2295.0,2843.4786542442794,8230,16,0.0,0.0,0.0,0.0,528.9261528539181,570.1677637064965,1700.0,0.0,21.490267573055434,11.809176855805399,37.157162757554474,0.03424013183895499,1.9999861251562834e-06,0.011044400001992472,33.22704190001241,1.2098082000011345,34.44789650000166,1430.5785763000895
908491913,81011138,533739719,739929909,528.9261528539181,570.1677637064965,1700.0,0.0,25.47756576538086,-0.786111,0.07580502,-0.6146387,-0.84331197,-0.04654126614332199,0.472685612369778,0.6164934635162354,-0.9725182056427002,-38.41404724121094,503.448565672623,-1.3083092144557409,0.9693636074792542,-0.8506231904029846,-3.675245761871338,0.07119655715567726,0.009994954826090299,0.08660370856523514,0.06144518405199051,0.9279502374785287,0.0045699378831713456,0.9347217679023743,0.9228978753089905,1.344149214880807,0.004924963381283286,1.351432204246521,1.338701844215393,4.857819557189941,60,405.340699815838,305.43409946021325,721.3627992633518,100.0,-89.7720947265625,-4.824524,0.04662392,-4.7911882,-4.9049816,-61.251198,26.867794,-14.714944,-76.82113,424.64349365234375,495.11280592909515,128.0,0.0,128,128,0.00022953712755684013,0.0022384117532763307,0.039968038348871575,0.0,2.841810199187749,5.009256275580744,22.498611289689446,0.7478487663534663,0.014584744056248489,0.010521033907349672,0.04938241121968383,0.002832857177256123,0.5972864462522116,0.3209961245291874,0.9523356030665205,0.0,0.8882501620295034,0.21509756949964595,1.2107427513379179,0.03402625223430528,-123.95039750278997,235.6292838657642,88.5,-1313.5,22.417787928040585,54.897995672465036,355.0,-1.0,-357.388671875,637.3055366000272,-1.0,-2626.0,139.38790978392814,244.3653433163468,1312.5,0.22875105525969486,0.0006947738303756039,0.00026361644081108343,0.0010976948408342481,0.0004086636697997548,1.0,0.0,1.0,1.0,0.0,0.0,0.0,0.0,0.025887241991967444,0.00490635589023878,0.0331132889769448,0.020211300398656703,0.8384567389293669,0.36618239388306745,0.9998613614304146,0.0,0.0,0.0,0.0,0.0,0.0002200936547947778,0.0021710125341371476,0.038461538461536986,0.0,0.16132316741545374,0.3662728722283091,0.9999999999999944,0.0,0.0,0.0,0.0,0.0,0.9953505178552331,0.02101724437700108,0.9999999999999998,0.8888888866665694,0.16336211457970748,0.3428849370212661,0.9944134078212236,0.0,0.005429961131956193,0.02023462890286174,0.20987654320985324,0.0,0.998612988929358,0.0052532835025901215,0.9999999999999944,0.944444444444392,0.004935219501353736,0.014209312120972838,0.13331309864072433,0.0,12.75,5.629165124598851,16,3,4.25,3.2691742076555053,8.0,1.0,1620.25,1441.6243225958697,3299,16,0.0,0.0,0.0,0.0,405.340699815838,305.43409946021325,721.3627992633518,100.0,18.65478908918506,13.11605991310502,37.13036,0.03424013183895499,1.600012183189392e-06,0.0072835000028135255,22.05730990000302,0.4483695999952033,22.51296460001322,1453.0947924001084
