train 1th process seed,train 2th process seed,evaluate 1th process seed,evaluate 2th process seed,training_highlevel_policy/Neg Reward Mean,training_highlevel_policy/Neg Reward Std,training_highlevel_policy/Neg Reward Max,training_highlevel_policy/Neg Reward Min,training_highlevel_policy/Neg Advantage,training_highlevel_policy/logprobs Mean,training_highlevel_policy/logprobs Std,training_highlevel_policy/logprobs Max,training_highlevel_policy/logprobs Min,training_highlevel_policy/cut_percent_actions Mean,training_highlevel_policy/cut_percent_actions Std,training_highlevel_policy/cut_percent_actions Max,training_highlevel_policy/cut_percent_actions Min,training_highlevel_policy/reinforce loss,training_highlevel_policy/Critic Value,training_highlevel_policypre_log_prob Mean,training_highlevel_policypre_log_prob Std,training_highlevel_policypre_log_prob Max,training_highlevel_policypre_log_prob Min,training_highlevel_policymean Mean,training_highlevel_policymean Std,training_highlevel_policymean Max,training_highlevel_policymean Min,training_highlevel_policystd Mean,training_highlevel_policystd Std,training_highlevel_policystd Max,training_highlevel_policystd Min,training_highlevel_policyentropy Mean,training_highlevel_policyentropy Std,training_highlevel_policyentropy Max,training_highlevel_policyentropy Min,pos_1_entropy,Epoch,training/Neg Reward Mean,training/Neg Reward Std,training/Neg Reward Max,training/Neg Reward Min,training/Neg Advantage,training/logprobs Mean,training/logprobs Std,training/logprobs Max,training/logprobs Min,training/raw_logprobs Mean,training/raw_logprobs Std,training/raw_logprobs Max,training/raw_logprobs Min,training/reinforce loss,training/Critic Value,training/len cuts Mean,training/len cuts Std,training/len cuts Max,training/len cuts Min,training/cut 1 th feature Mean,training/cut 1 th feature Std,training/cut 1 th feature Max,training/cut 1 th feature Min,training/cut 2 th feature Mean,training/cut 2 th feature Std,training/cut 2 th feature Max,training/cut 2 th feature Min,training/cut 3 th feature Mean,training/cut 3 th feature Std,training/cut 3 th feature Max,training/cut 3 th feature Min,training/cut 4 th feature Mean,training/cut 4 th feature Std,training/cut 4 th feature Max,training/cut 4 th feature Min,training/cut 5 th feature Mean,training/cut 5 th feature Std,training/cut 5 th feature Max,training/cut 5 th feature Min,training/cut 6 th feature Mean,training/cut 6 th feature Std,training/cut 6 th feature Max,training/cut 6 th feature Min,training/cut 7 th feature Mean,training/cut 7 th feature Std,training/cut 7 th feature Max,training/cut 7 th feature Min,training/cut 8 th feature Mean,training/cut 8 th feature Std,training/cut 8 th feature Max,training/cut 8 th feature Min,training/cut 9 th feature Mean,training/cut 9 th feature Std,training/cut 9 th feature Max,training/cut 9 th feature Min,training/cut 10 th feature Mean,training/cut 10 th feature Std,training/cut 10 th feature Max,training/cut 10 th feature Min,training/cut 11 th feature Mean,training/cut 11 th feature Std,training/cut 11 th feature Max,training/cut 11 th feature Min,training/cut 12 th feature Mean,training/cut 12 th feature Std,training/cut 12 th feature Max,training/cut 12 th feature Min,training/cut 13 th feature Mean,training/cut 13 th feature Std,training/cut 13 th feature Max,training/cut 13 th feature Min,training/sel cuts num Mean,training/sel cuts num Std,training/sel cuts num Max,training/sel cuts num Min,training/solving_time Mean,training/solving_time Std,training/solving_time Max,training/solving_time Min,training/ntotal_nodes Mean,training/ntotal_nodes Std,training/ntotal_nodes Max,training/ntotal_nodes Min,training/primal_dual_gap Mean,training/primal_dual_gap Std,training/primal_dual_gap Max,training/primal_dual_gap Min,training/primaldualintegral Mean,training/primaldualintegral Std,training/primaldualintegral Max,training/primaldualintegral Min,training/schedule_wait_penalty Mean,training/schedule_wait_penalty Std,training/schedule_wait_penalty Max,training/schedule_wait_penalty Min,time/evaluating (s),time/online_testing (s),time/sampling data (s),time/training (s),time/epoch (s),time/total (s)
717354021,1061650667,946286476,784077896,289.64377524788836,205.46363220808337,600.0,0.0,8.71930842549773e-06,-0.5151806,0.355192,-0.11174631,-0.9371273,-0.5694202559867075,0.3931842245443864,-0.019749293103814125,-0.9479131102561951,-50.211063385009766,289.64377524788836,-1.55376193353108,0.585353067280027,-0.9363826513290405,-2.3998196125030518,-0.06937579704182488,0.0012983460608382898,-0.06794071197509766,-0.07166954129934311,1.0166804790496826,0.0011010403247271134,1.017822504043579,1.0151268243789673,1.4354808500834875,0.0010832533184854851,1.4366040229797363,1.4339520931243896,4.859236240386963,1,289.64377524788836,205.46363220808337,600.0,0.0,8.71930842549773e-06,-4.803599,0.013372793,-4.7850084,-4.8267164,-67.90026,14.494463,-38.61373,-76.86196,0.35254669189453125,289.64377524788836,128.0,0.0,128,128,0.0002095908413748708,0.0022795267787038644,0.039968038348871575,0.0,2.8655811068694064,5.01316013331021,22.498611289689446,0.7478487663534663,0.012830304298751634,0.009737322302285167,0.04938241121968383,0.002832857177256123,0.5949915481925032,0.32375435932547597,0.9523356030665205,0.0,0.8939323094254138,0.2171693319758529,1.2107427513379179,0.03402625223430528,-115.75318624890659,214.53956938272037,88.5,-1313.5,21.480510280916178,53.725558023477106,355.0,-1.0,-334.36049107142856,602.0623044865766,-1.0,-2626.0,128.6540175174605,220.78910361847534,1312.5,0.22875105525969486,0.0006531604993620287,0.00021714613394526502,0.0010976948408342481,0.0004086636697997548,1.0,0.0,1.0,1.0,0.0,0.0,0.0,0.0,0.02522532972277446,0.004045920001424379,0.0331132889769448,0.020211300398656703,14.142857142857142,3.0438965360946453,16,8,3.0,2.138089935299395,6.0,0.0,991.1428571428571,804.963429261839,2455,16,0.0,0.0,0.0,0.0,289.64377524788836,205.46363220808337,600.0,0.0,18.984821651205152,9.967167919380241,37.26250867381096,0.03424000000000001,3.1999952625483274e-06,0.0054942999995546415,19.27844940000068,1.5010213999994448,20.784968299994944,20.785155999998096
491263,550290313,224766667,1069620869,289.64377524788836,205.46363220808337,600.0,0.0,8.71930842549773e-06,-0.5151806,0.355192,-0.11174631,-0.9371273,-0.5694202559867075,0.3931842245443864,-0.019749293103814125,-0.9479131102561951,-50.211063385009766,289.64377524788836,-1.55376193353108,0.585353067280027,-0.9363826513290405,-2.3998196125030518,-0.06937579704182488,0.0012983460608382898,-0.06794071197509766,-0.07166954129934311,1.0166804790496826,0.0011010403247271134,1.017822504043579,1.0151268243789673,1.4354808500834875,0.0010832533184854851,1.4366040229797363,1.4339520931243896,4.859410285949707,2,339.6365422396857,300.23785815442136,1000.0,0.0,44.99347686767578,-4.8072424,0.01388523,-4.789784,-4.836959,-72.078926,12.61836,-38.69567,-77.124146,-219.67100524902344,294.6430519470681,128.0,0.0,128,128,0.00027677902095653203,0.002852542653027895,0.039968038348871575,0.0,3.128556776862016,5.3189028595973475,22.498611289689446,0.9934741678534843,0.01130885461706083,0.00896602005718384,0.03896093776379802,0.002832857177256123,0.5809163854075549,0.3272682294329944,0.9523356030665205,0.0,0.8666745908192093,0.2493100076535187,1.2107427513379179,0.03402625223430528,-124.18411764968914,189.7768487839454,88.5,-598.625,29.35774046983754,62.563001524873634,355.0,-1.0,-352.8876953125,558.8153783103098,-1.0,-2520.0,136.4709629890973,190.55831903815294,758.9696860711896,0.22875105525969486,0.0006224149437637543,0.00013444748607079906,0.0007524454477050414,0.0004086636697997548,1.0,0.0,1.0,1.0,0.0,0.0,0.0,0.0,0.024788106658555825,0.002749406401222546,0.0274204170929851,0.020211300398656703,15.0,2.6457513110645907,16,8,3.5,3.0413812651491097,10.0,0.0,1597.625,2114.674734888323,6957,193,0.0,0.0,0.0,0.0,339.6365422396857,300.23785815442136,1000.0,0.0,21.203365406257213,6.04502796450743,37.13036,18.582300000000004,1.9999934011138976e-06,0.007464100002835039,26.239096700002847,0.854023200001393,27.100586000000476,47.89065250000567
630311759,1013994432,396591248,629559425,385.8627614049065,281.9813334589098,712.6934984520124,0.0,86.5970687866211,-0.668899,0.19457854,-0.39028883,-0.95666337,0.23370731373627981,0.6238801177144503,0.9134839177131653,-0.7417445778846741,-42.75175094604492,299.2656738635902,-1.4050776362419128,0.409289043368125,-0.9973393678665161,-2.188782215118408,-0.08442316204309464,0.0019646201507051465,-0.08205834776163101,-0.08686863631010056,1.0397348403930664,0.0008637043171319066,1.040570855140686,1.0385456085205078,1.4579038619995117,0.0008308563597818813,1.4587079286575317,1.4567598104476929,4.85836124420166,3,385.8627614049065,281.9813334589098,712.6934984520124,0.0,82.09774017333984,-4.7967787,0.010241246,-4.782673,-4.813285,-76.74846,0.16385993,-76.522766,-77.01256,-392.6925048828125,303.7650228928519,128.0,0.0,128,128,0.00012662337614249638,0.0011230079284196728,0.016126934718260072,0.0,2.7922191122707503,4.937028845127594,22.498611289689446,0.7478487663534663,0.015205264995501221,0.010405854329115711,0.04938241121968383,0.002832857177256123,0.6046021260069171,0.3279419116739349,0.9523356030665205,0.0,0.9252117650244088,0.16064623705685394,1.2107427513379179,0.11520204147878298,-111.96930576067537,245.7542021837872,88.5,-1313.5,15.750128459156235,44.46813237889423,355.0,-1.0,-338.0442708333333,663.9300568854572,-1.0,-2626.0,127.57239645842378,255.93561892867888,1312.5,0.22875105525969486,0.0006755499579324582,0.00030196016525533615,0.0010976948408342481,0.0004086636697997548,1.0,0.0,1.0,1.0,0.0,0.0,0.0,0.0,0.025376183624961562,0.0055724065606905845,0.0331132889769448,0.020211300398656703,16.0,0.0,16,16,4.166666666666667,3.0776975521032313,8.0,0.0,1531.3333333333333,1380.3064474561036,3839,18,0.0,0.0,0.0,0.0,385.8627614049065,281.9813334589098,712.6934984520124,0.0,19.22163963303938,15.232577201614832,37.326640000000005,0.03424000000000001,1.8999999156221747e-06,0.007496099999116268,21.737883699999657,0.8030010000002221,22.54838269999891,70.44332199999917
799981516,592322119,410430189,729053692,385.8627614049065,281.9813334589098,712.6934984520124,0.0,86.5970687866211,-0.668899,0.19457854,-0.39028883,-0.95666337,0.23370731373627981,0.6238801177144503,0.9134839177131653,-0.7417445778846741,-42.75175094604492,299.2656738635902,-1.4050776362419128,0.409289043368125,-0.9973393678665161,-2.188782215118408,-0.08442316204309464,0.0019646201507051465,-0.08205834776163101,-0.08686863631010056,1.0397348403930664,0.0008637043171319066,1.040570855140686,1.0385456085205078,1.4579038619995117,0.0008308563597818813,1.4587079286575317,1.4567598104476929,4.858104228973389,4,320.62706270627064,287.47413879283323,800.0,11.881188118811881,15.175832748413086,-4.8161817,0.02892919,-4.78506,-4.876272,-67.30636,21.378065,-19.505089,-77.09979,-70.88142395019531,305.4512268741938,128.0,0.0,128,128,0.0002718164402991516,0.0028528107639838544,0.039968038348871575,0.0,2.9206026028183985,5.0688116160444805,22.498611289689443,0.9934741678534843,0.01104908377618944,0.008792758458533213,0.03896093776379802,0.002919703766855815,0.5877836148316927,0.32038866909878577,0.9332711152589828,0.0,0.8704727177261674,0.24878674000828335,1.2107427513379179,0.03402625223430528,-118.59109661508002,187.70324714017266,88.5,-598.625,25.778296647236136,59.37257153910776,196.0,-1.0,-331.59765625,551.1062793039622,-1.0,-2520.0,129.465233311738,190.2101028013007,758.9696860711896,0.33449400781347277,0.0006363684054342065,0.0001160770422708349,0.0007524454477050414,0.0005202913631633715,1.0,0.0,1.0,1.0,0.0,0.0,0.0,0.0,0.025112189296134135,0.002308227796850965,0.0274204170929851,0.02280396149928317,14.0,4.47213595499958,16,4,3.5,2.6299556396765835,8.0,1.0,1497.3333333333333,1977.602308071289,5830,209,0.0,0.0,0.0,0.0,320.62706270627064,287.47413879283323,800.0,11.881188118811881,19.205180775208404,0.7802896234085505,20.33373622490128,18.582300000000004,1.700005668681115e-06,0.007845499996619765,18.20328000000154,0.5781101999964449,18.789237400000275,89.23529580000468
630361478,796884249,166716594,413652244,200.0,212.13203435596427,500.0,0.0,-89.339111328125,-0.6820063,0.39275178,-0.005263567,-0.9666187,-0.20400043949484825,0.532273434912465,0.4031054675579071,-0.9855005741119385,132.6145782470703,289.3391064772312,-1.6577294170856476,1.0947527236068542,-0.9883352518081665,-3.5530037879943848,-0.08083089999854565,0.000499658486558692,-0.08039605617523193,-0.08161379396915436,1.0448882281780243,0.0017428986267258,1.046606183052063,1.0419752597808838,1.4628470540046692,0.0016693219348507852,1.4644912481307983,1.4600566625595093,4.858155727386475,5,200.0,212.13203435596427,500.0,0.0,-94.90609741210938,-4.798488,0.015725618,-4.7819242,-4.8238406,-68.376,8.53988,-57.383087,-76.77093,453.4789733886719,294.9061041867744,128.0,0.0,128,128,0.00021961196624207938,0.002238874603787333,0.039968038348871575,0.0,2.4259018511005137,4.4240123309943,22.498611289689443,0.7478487663534663,0.014065202374505708,0.010383028758773342,0.04938241121968383,0.002919703766855815,0.6110209051004875,0.3059139372604148,0.9332711152589828,0.0,0.8958464158434196,0.213047060561671,1.2107427513379179,0.03402625223430528,-112.76435543357174,232.1376319016694,88.5,-1313.5,15.258900282837777,45.94286227920937,196.0,-1.0,-314.80859375,623.3154317246987,-1.0,-2626.0,125.37645042920957,243.78847878124313,1312.5,0.33449400781347277,0.0007226807537165081,0.00023634954694367566,0.0010976948408342481,0.0005202913631633715,1.0,0.0,1.0,1.0,0.0,0.0,0.0,0.0,0.02653540726712406,0.004239668183270365,0.0331132889769448,0.02280396149928317,14.25,1.7853571071357126,16,12,2.0,2.1213203435596424,5.0,0.0,668.25,525.0463670000964,1197,14,0.0,0.0,0.0,0.0,200.0,212.13203435596427,500.0,0.0,14.830744681225319,8.573315147686401,20.3727025,0.03424000000000001,2.5999979698099196e-06,0.008796900001470931,11.548854000000574,0.6003758000006201,12.158029300000635,101.39633080000203
726684926,271757669,795511698,105433556,200.0,212.13203435596427,500.0,0.0,-89.339111328125,-0.6820063,0.39275178,-0.005263567,-0.9666187,-0.20400043949484825,0.532273434912465,0.4031054675579071,-0.9855005741119385,132.6145782470703,289.3391064772312,-1.6577294170856476,1.0947527236068542,-0.9883352518081665,-3.5530037879943848,-0.08083089999854565,0.000499658486558692,-0.08039605617523193,-0.08161379396915436,1.0448882281780243,0.0017428986267258,1.046606183052063,1.0419752597808838,1.4628470540046692,0.0016693219348507852,1.4644912481307983,1.4600566625595093,4.858004570007324,6,342.85714285714283,255.55062599997598,700.0,0.0,43.155941009521484,-4.7956934,0.014264051,-4.775589,-4.8170996,-76.731094,0.22822481,-76.409424,-77.07359,-205.28831481933594,299.7012080538113,128.0,0.0,128,128,0.00020959084137487082,0.0022795267787038644,0.039968038348871575,0.0,2.8655811068694064,5.01316013331021,22.498611289689446,0.7478487663534663,0.012830304298751632,0.009737322302285169,0.04938241121968383,0.002832857177256123,0.5949915481925032,0.32375435932547597,0.9523356030665205,0.0,0.8939323094254138,0.2171693319758529,1.2107427513379179,0.03402625223430528,-115.75318624890659,214.53956938272034,88.5,-1313.5,21.480510280916178,53.725558023477106,355.0,-1.0,-334.36049107142856,602.0623044865766,-1.0,-2626.0,128.6540175174605,220.7891036184753,1312.5,0.22875105525969486,0.0006531604993620285,0.00021714613394526497,0.0010976948408342481,0.0004086636697997548,1.0,0.0,1.0,1.0,0.0,0.0,0.0,0.0,0.02522532972277446,0.004045920001424379,0.0331132889769448,0.020211300398656703,16.0,0.0,16,16,3.4285714285714284,2.5555062599997593,7.0,0.0,1328.0,1095.6158085752504,3116,16,0.0,0.0,0.0,0.0,342.85714285714283,255.55062599997598,700.0,0.0,19.14722869992179,9.978365343358737,37.270210777457955,0.041800000000000004,2.2999956854619086e-06,0.015568499999062624,23.245463799998106,0.8263071000037598,24.087341699996614,125.4866709999842
878115723,830873852,550260202,986026652,403.3457249070632,303.4195186865977,720.0743494423792,0.0,102.60594940185547,-0.6235215,0.32864335,-0.015553474,-0.94295394,-0.2080503279964129,0.6117045926855647,0.6260250806808472,-0.9763588905334473,-0.28352102637290955,300.7397683202144,-1.496631642182668,0.7260350379245952,-1.0071767568588257,-3.0790443420410156,-0.07541711007555325,0.001004651485762391,-0.07472118735313416,-0.07762309908866882,1.038378655910492,0.0012291290294384554,1.0394867658615112,1.035815715789795,1.4565983215967815,0.0011845662942655522,1.4576655626296997,1.4541277885437012,4.858111381530762,7,403.3457249070632,303.4195186865977,720.0743494423792,0.0,93.2800521850586,-4.7928624,0.026109638,-4.758998,-4.8439503,-68.61255,17.687939,-29.063702,-76.78783,-445.9299621582031,310.0656597391365,128.0,0.0,128,128,0.00012000660193265593,0.0011230264141522694,0.016126934718260072,0.0,2.514946880212594,4.5502400391408875,22.498611289689446,0.7478487663534663,0.01485890387433937,0.01033674951192551,0.04938241121968383,0.002832857177256123,0.6137584319057677,0.3180415023694785,0.9523356030665205,0.0,0.9302759342336864,0.15767181264047964,1.2107427513379179,0.11520204147878298,-104.51194438119654,243.21880375886496,88.5,-1313.5,10.977536695687697,36.37486344139146,355.0,-1.0,-309.6575520833333,654.4847557352585,-1.0,-2626.0,118.23142355527807,255.22186177078376,1312.5,0.22875105525969486,0.000694154573493061,0.00028806243494008135,0.0010976948408342481,0.0004086636697997548,1.0,0.0,1.0,1.0,0.0,0.0,0.0,0.0,0.025808293808399305,0.005246114148021775,0.0331132889769448,0.020211300398656703,14.333333333333334,3.726779962499649,16,6,4.166666666666667,3.1841621957571333,8.0,0.0,1895.6666666666667,1594.9170999006674,3729,17,0.0,0.0,0.0,0.0,403.3457249070632,303.4195186865977,720.0743494423792,0.0,15.741350576812984,12.808782028764199,37.13036,0.03424000000000001,1.7999991541728377e-06,0.010319699998944998,17.294526600002428,0.7772226999950362,18.082070799995563,143.57120939999004
117628829,147806606,732152370,704211524,403.3457249070632,303.4195186865977,720.0743494423792,0.0,102.60594940185547,-0.6235215,0.32864335,-0.015553474,-0.94295394,-0.2080503279964129,0.6117045926855647,0.6260250806808472,-0.9763588905334473,-0.28352102637290955,300.7397683202144,-1.496631642182668,0.7260350379245952,-1.0071767568588257,-3.0790443420410156,-0.07541711007555325,0.001004651485762391,-0.07472118735313416,-0.07762309908866882,1.038378655910492,0.0012291290294384554,1.0394867658615112,1.035815715789795,1.4565983215967815,0.0011845662942655522,1.4576655626296997,1.4541277885437012,4.858376979827881,8,340.0,233.23807579381202,700.0,100.0,26.94091796875,-4.819728,0.021161737,-4.8036733,-4.8609314,-62.53285,28.836063,-4.8609314,-77.07113,-129.1158905029297,313.0590937652228,128.0,0.0,128,128,0.00018470060180515849,0.0020042852173849744,0.039968038348871575,0.0,2.84357250848981,4.990555933671816,22.498611289689446,0.7478487663534663,0.01354279250777651,0.010001992065282348,0.04938241121968383,0.002832857177256123,0.5978747215368274,0.3250461276965559,0.9523356030665205,0.0,0.9033161461051122,0.20238920940031463,1.2107427513379179,0.03402625223430528,-114.61802210243722,224.3671185284698,88.5,-1313.5,19.761395734388195,51.192042121375906,355.0,-1.0,-335.465625,621.2721616315665,-1.0,-2626.0,128.32953119974948,231.89359151222976,1312.5,0.22875105525969486,0.0006598773369331575,0.0002458982783816056,0.0010976948408342481,0.0004086636697997548,1.0,0.0,1.0,1.0,0.0,0.0,0.0,0.0,0.025270585893430585,0.004558390228227,0.0331132889769448,0.020211300398656703,13.0,6.0,16,1,3.4,2.3323807579381204,7.0,1.0,1131.6,967.2175763498097,2408,45,0.0,0.0,0.0,0.0,340.0,233.23807579381202,700.0,100.0,19.85427065317088,13.06218527318027,41.25726533387315,0.041800000000000004,2.9000002541579306e-06,0.0076865000010002404,12.815356599996448,0.5999034999986179,13.42294949999632,156.99685069996485
718568663,889937879,252070889,776094449,530.2180506134338,225.02125966489146,800.0,100.0,206.53045654296875,-0.5638716,0.30368194,-0.10013986,-0.92412883,-0.04752749390900135,0.708943896973756,0.9354310631752014,-0.9466244578361511,-141.98703002929688,323.6875965495363,-1.5610985457897186,0.547146836306903,-0.9522920846939087,-2.433013916015625,-0.06832089275121689,0.0021483563788137045,-0.0661870464682579,-0.07106532156467438,1.0273783951997757,0.001506502220267426,1.0288445949554443,1.0250643491744995,1.4459477365016937,0.0014665616848807132,1.447374939918518,1.4436938762664795,4.858046054840088,9,530.2180506134338,225.02125966489146,800.0,100.0,195.44305419921875,-4.8015604,0.014644049,-4.7780843,-4.821806,-76.82497,0.23430479,-76.44935,-77.148895,-937.626708984375,334.7749894500439,128.0,0.0,128,128,8.685772614575312e-05,0.0014324419084191008,0.039968038348871575,0.0,3.4919794821089924,5.669388719014509,22.498611289689446,0.9934741678534843,0.010572823202077976,0.007577893807821721,0.03896093776379802,0.002832857177256123,0.5765150824419772,0.35530988828489674,0.9523356030665205,0.0,0.9289088605163285,0.17545775481816706,1.2107427513379179,0.03402625223430528,-104.39322763336708,182.30589235361663,88.5,-598.625,24.03477584944723,54.51248351857705,355.0,-1.0,-332.599609375,574.425772919006,-1.0,-2520.0,116.45551000728844,177.8814628729225,758.9696860711896,0.22875105525969486,0.000507450238719724,0.00010604161266373673,0.0007524454477050414,0.0004086636697997548,1.0,0.0,1.0,1.0,0.0,0.0,0.0,0.0,0.022408770535760986,0.0022424297596449383,0.0274204170929851,0.020211300398656703,16.0,0.0,16,16,5.5,2.3979157616563596,8.0,1.0,2466.75,1375.36929131779,4166,386,0.0,0.0,0.0,0.0,530.2180506134338,225.02125966489146,800.0,100.0,26.18686266912817,8.771192401127259,37.76286250898414,18.582300000000004,5.599998985417187e-06,0.0078125,27.757026700004644,0.9458264999993844,28.710671300003014,185.71101599997928
602957303,812297694,850839392,121930838,530.2180506134338,225.02125966489146,800.0,100.0,206.53045654296875,-0.5638716,0.30368194,-0.10013986,-0.92412883,-0.04752749390900135,0.708943896973756,0.9354310631752014,-0.9466244578361511,-141.98703002929688,323.6875965495363,-1.5610985457897186,0.547146836306903,-0.9522920846939087,-2.433013916015625,-0.06832089275121689,0.0021483563788137045,-0.0661870464682579,-0.07106532156467438,1.0273783951997757,0.001506502220267426,1.0288445949554443,1.0250643491744995,1.4459477365016937,0.0014665616848807132,1.447374939918518,1.4436938762664795,4.858057498931885,10,636.1188317466425,269.78598597219803,1100.0,400.0,271.20947265625,-4.804773,0.024746737,-4.774061,-4.8503785,-73.64278,6.9078298,-58.20454,-77.00474,-1300.265625,364.9093736797038,128.0,0.0,128,128,2.5204821427953578e-05,8.834979901424396e-05,0.0006853758461993129,0.0,3.682438441872524,5.843507143430161,22.498611289689446,1.0054601753418155,0.010414069677374153,0.007119992152643454,0.02974500036118929,0.002832857177256123,0.5727589049787387,0.3661339741750223,0.9523356030665205,0.0,0.9483875747797156,0.13746976538754838,1.2107427513379179,0.16361343296583433,-99.66060463946276,180.2225216370029,88.5,-598.625,23.453602250184257,52.78032472192741,355.0,-1.0,-332.93359375,581.9909520314384,-1.0,-2520.0,112.1189355724719,173.36061220628886,758.9696860711896,0.22875105525969486,0.0004644775164815633,5.5813846681808366e-05,0.0005202913631633715,0.0004086636697997548,1.0,0.0,1.0,1.0,0.0,0.0,0.0,0.0,0.02150763094896994,0.0012963305503132345,0.02280396149928317,0.020211300398656703,15.333333333333334,1.4907119849998596,16,12,6.666666666666667,2.748737083745107,11.0,4.0,2469.5,853.9193463085375,3652,1192,0.0,0.0,0.0,0.0,636.1188317466425,269.78598597219803,1100.0,400.0,28.283974528155756,9.073844475222772,37.66885202339722,18.191941541706154,2.2000021999701858e-06,0.009072799999557901,29.23921849999897,0.7028251000010641,29.95111860000179,215.66502529998252
217946253,927586281,937426313,226591751,471.42857142857144,494.87165930539356,1100.0,0.0,132.96688842773438,-0.6393148,0.2989745,-0.16762578,-0.9303914,-0.0016356025423322404,0.6366736677058762,0.9364698529243469,-0.9240368604660034,-24.025548934936523,338.46169403743977,-1.523963681289128,0.6603585904096447,-0.9420657157897949,-2.4645180702209473,-0.06717041454144887,0.003024649231537659,-0.0646515041589737,-0.07223622500896454,1.0208848033632552,0.002056804828936564,1.0224707126617432,1.0170409679412842,1.4396061726978846,0.002016682310535287,1.4411604404449463,1.4358359575271606,4.859508514404297,11,471.42857142857144,494.87165930539356,1100.0,0.0,95.86729431152344,-4.8031287,0.0111052655,-4.7879596,-4.8267317,-74.79205,5.0513897,-62.426373,-77.22771,-462.365966796875,375.5612934545905,128.0,0.0,128,128,0.00022606056859556523,0.001983069838839271,0.039968038348871575,0.0,2.320203349797637,4.300682578334965,22.498611289689446,0.7478487663534663,0.016755610543199035,0.011034263284380981,0.04938241121968383,0.002832857177256123,0.6179929634015264,0.3005350199075441,0.9523356030665205,0.0,0.8963287173647362,0.19945192783583404,1.2107427513379179,0.03402625223430528,-120.89478950262676,262.68519173199263,88.5,-1313.5,14.21333434659162,44.16059829812093,355.0,-1.0,-339.12276785714283,678.2099309022848,-1.0,-2626.0,136.94375606562892,277.77398301186685,1312.5,0.22875105525969486,0.000784968052333469,0.00028689578507186663,0.0010976948408342481,0.0004086636697997548,1.0,0.0,1.0,1.0,0.0,0.0,0.0,0.0,0.02751135820300608,0.0052339982923844276,0.0331132889769448,0.020211300398656703,15.571428571428571,1.0497813183356477,16,13,4.714285714285714,4.948716593053935,11.0,0.0,2216.0,2478.8573980767833,6104,16,0.0,0.0,0.0,0.0,471.42857142857144,494.87165930539356,1100.0,0.0,13.873146063570905,13.358315352074097,37.73872,0.041800000000000004,2.5000044843181968e-06,0.008172000001650304,24.03262480000558,0.7929970999975922,24.833796400009305,240.50132089998078
272404799,398576445,826019350,77964601,471.42857142857144,494.87165930539356,1100.0,0.0,132.96688842773438,-0.6393148,0.2989745,-0.16762578,-0.9303914,-0.0016356025423322404,0.6366736677058762,0.9364698529243469,-0.9240368604660034,-24.025548934936523,338.46169403743977,-1.523963681289128,0.6603585904096447,-0.9420657157897949,-2.4645180702209473,-0.06717041454144887,0.003024649231537659,-0.0646515041589737,-0.07223622500896454,1.0208848033632552,0.002056804828936564,1.0224707126617432,1.0170409679412842,1.4396061726978846,0.002016682310535287,1.4411604404449463,1.4358359575271606,4.858662128448486,12,600.0,391.57800414902437,1100.0,100.0,201.99485778808594,-4.7980323,0.010289546,-4.7803283,-4.8117003,-73.5664,7.1251783,-57.638058,-76.987206,-968.1507568359375,398.00516410913144,128.0,0.0,128,128,0.00016804313305705172,0.0018307417032845487,0.039968038348871575,0.0,3.3992918454741634,5.621439265290924,22.498611289689446,0.7478487663534663,0.01354088038445223,0.009856200372044264,0.04938241121968383,0.002832857177256123,0.5799542932622034,0.34562242397125265,0.9523356030665205,0.0,0.9032317970702967,0.1966515090959835,1.2107427513379179,0.03402625223430528,-123.31116126115971,221.45544907107796,88.5,-1313.5,27.535651132223677,58.989900829723254,355.0,-1.0,-377.6236979166667,627.7064487007378,-1.0,-2626.0,139.63922461658845,223.90229017636986,1312.5,0.22875105525969486,0.0005994037768503208,0.000254007833467329,0.0010976948408342481,0.0004086636697997548,1.0,0.0,1.0,1.0,0.0,0.0,0.0,0.0,0.023995261460863865,0.004817405879509962,0.0331132889769448,0.020211300398656703,15.333333333333334,1.4907119849998596,16,12,6.0,3.9157800414902435,11.0,1.0,2755.6666666666665,2248.3899177460794,6195,18,0.0,0.0,0.0,0.0,600.0,391.57800414902437,1100.0,100.0,24.931316613184553,13.91016714655552,37.69812388071543,0.03424000000000001,1.500004145782441e-06,0.005158100000699051,23.82965599999443,0.6552043999981834,24.490019999997457,264.9938123999673
542837249,494008192,621080892,339933393,285.4899056855415,279.4074766215675,724.5149911816578,0.0,-47.67461013793945,-0.694296,0.19130854,-0.31755793,-0.82765555,-0.10625365376472473,0.588210237377236,0.6464495658874512,-0.8637980222702026,-0.5449890494346619,333.16451520224996,-1.2176035284996032,0.25729386782414065,-0.9770491719245911,-1.688554048538208,-0.06948931813240052,0.0035281290274646582,-0.062496304512023926,-0.0717645138502121,1.0077620029449463,0.0020218023286271724,1.011608362197876,1.0061030387878418,1.4266685009002686,0.002003925204559107,1.4304800033569336,1.4250229597091675,4.8591508865356445,13,285.4899056855415,279.4074766215675,724.5149911816578,0.0,-101.26372528076172,-4.8120646,0.013715877,-4.8015013,-4.8388305,-67.327324,14.77792,-38.710644,-76.935524,485.5170593261719,386.75363826677244,128.0,0.0,128,128,0.0002992255074572549,0.002692051917448354,0.039968038348871575,0.0,3.204291529807736,5.4469297576219375,22.498611289689446,0.7478487663534663,0.01462806483809107,0.010676957240541046,0.04938241121968383,0.002832857177256123,0.5819094713207675,0.3278395178970646,0.9523356030665205,0.0,0.8599961971814271,0.2399604163750113,1.1951265277932084,0.03402625223430528,-140.08788620343333,231.20716519778202,88.5,-1313.5,32.145493725533434,64.77458658882087,355.0,-1.0,-403.059375,629.0625338347606,-1.0,-2626.0,157.68638526300566,236.41250620538707,1312.5,0.22875105525969486,0.0006839826151687682,0.0002577336485215216,0.0010976948408342481,0.0004086636697997548,1.0,0.0,1.0,1.0,0.0,0.0,0.0,0.0,0.025675344792045685,0.004921892535083181,0.0331132889769448,0.020211300398656703,14.0,3.0983866769659336,16,8,3.2,3.1874754901018454,8.0,0.0,695.8,688.4078442318914,1891,16,0.0,0.0,0.0,0.0,285.4899056855415,279.4074766215675,724.5149911816578,0.0,22.825839118849625,14.451044708176854,38.67864,0.041800000000000004,1.4999968698248267e-06,0.0076212999993003905,13.50198790000286,0.6167404000007082,14.126351099999738,279.12278979997063
365262088,341893848,167739021,98998899,285.4899056855415,279.4074766215675,724.5149911816578,0.0,-47.67461013793945,-0.694296,0.19130854,-0.31755793,-0.82765555,-0.10625365376472473,0.588210237377236,0.6464495658874512,-0.8637980222702026,-0.5449890494346619,333.16451520224996,-1.2176035284996032,0.25729386782414065,-0.9770491719245911,-1.688554048538208,-0.06948931813240052,0.0035281290274646582,-0.062496304512023926,-0.0717645138502121,1.0077620029449463,0.0020218023286271724,1.011608362197876,1.0061030387878418,1.4266685009002686,0.002003925204559107,1.4304800033569336,1.4250229597091675,4.85954475402832,14,220.0,240.0,600.0,0.0,-150.0782928466797,-4.8028417,0.009917509,-4.7903123,-4.8194227,-71.06216,11.434298,-48.194225,-76.891174,722.2208862304688,370.0782744400952,128.0,0.0,128,128,0.00024158167010797986,0.002180183755198674,0.039968038348871575,0.0,2.1430775714938517,3.9990498655382205,22.498611289689443,0.7478487663534663,0.016209693025955638,0.011035664627882124,0.04938241121968383,0.002919703766855815,0.6224744376930447,0.29168564931159296,0.9332711152589828,0.0,0.8924491617774949,0.20889714476886592,1.2107427513379179,0.03402625223430528,-117.5288259474775,257.4185574072074,88.5,-1313.5,12.275756401690256,41.53462967582641,196.0,-1.0,-321.5,663.2962714730122,-1.0,-2626.0,131.99702398943313,273.3409563498433,1312.5,0.33449400781347277,0.0007976835711400561,0.00025921145259857805,0.0010976948408342481,0.0005202913631633715,1.0,0.0,1.0,1.0,0.0,0.0,0.0,0.0,0.02785098360908821,0.004615494934406397,0.0331132889769448,0.02280396149928317,14.8,2.4,16,10,2.2,2.4,6.0,0.0,728.4,854.1944977579755,2266,16,0.0,0.0,0.0,0.0,220.0,240.0,600.0,0.0,11.35777539318654,9.240870157835854,19.142512368760226,0.04179959717247636,1.7999991541728377e-06,0.005447399998956826,15.651106099998287,0.610128899999836,16.266684199996234,295.3922243999623
729416111,254447594,550367865,732412360,435.92010478061565,413.3029295196179,1000.0,0.0,92.48004150390625,-0.71944183,0.18648717,-0.38728642,-0.9239833,-0.12104261045654614,0.5489050901965362,0.9593350887298584,-0.6427980661392212,-29.55166244506836,343.4400741600865,-1.3419419725735982,0.7101043653827137,-0.923180878162384,-2.917058229446411,-0.06922996044158936,0.003740569320703428,-0.06549140065908432,-0.07492604851722717,1.0031343599160512,0.0020944261916358807,1.004899501800537,0.9994376301765442,1.422065794467926,0.002089675581377107,1.4238260984420776,1.4183759689331055,4.859523773193359,15,435.92010478061565,413.3029295196179,1000.0,0.0,59.25765609741211,-4.8000836,0.0061553875,-4.791471,-4.808838,-76.80134,0.0984862,-76.663536,-76.94141,-284.27288818359375,376.66245747414723,128.0,0.0,128,128,0.00020882724909956243,0.0019920414037236617,0.039968038348871575,0.0,2.538273832586042,4.60794835644961,22.498611289689446,0.7478487663534663,0.015416936361772984,0.01073386543394551,0.04938241121968383,0.002832857177256123,0.6096103626245685,0.311140980280326,0.9523356030665205,0.0,0.8992401460065595,0.20071058451403964,1.2107427513379179,0.03402625223430528,-118.2794697525478,247.4608553803673,88.5,-1313.5,16.525026591506858,47.29694568231566,355.0,-1.0,-337.5989583333333,655.0900368293519,-1.0,-2626.0,133.35449570484582,259.6790196988538,1312.5,0.22875105525969486,0.0007328469209166725,0.00027750874525469345,0.0010976948408342481,0.0004086636697997548,1.0,0.0,1.0,1.0,0.0,0.0,0.0,0.0,0.02657770307401629,0.005085129743960103,0.0331132889769448,0.020211300398656703,16.0,0.0,16,16,4.5,4.272001872658765,10.0,0.0,1632.6666666666667,1765.9606136289926,4368,14,0.0,0.0,0.0,0.0,435.92010478061565,413.3029295196179,1000.0,0.0,16.345181717905113,13.357130811367186,38.74648436336233,0.03424000000000001,3.1000017770566046e-06,0.012091099997633137,24.00653980000061,1.140949599997839,25.15958359999786,320.55446369996207
422396446,399713351,734901635,737248710,435.92010478061565,413.3029295196179,1000.0,0.0,92.48004150390625,-0.71944183,0.18648717,-0.38728642,-0.9239833,-0.12104261045654614,0.5489050901965362,0.9593350887298584,-0.6427980661392212,-29.55166244506836,343.4400741600865,-1.3419419725735982,0.7101043653827137,-0.923180878162384,-2.917058229446411,-0.06922996044158936,0.003740569320703428,-0.06549140065908432,-0.07492604851722717,1.0031343599160512,0.0020944261916358807,1.004899501800537,0.9994376301765442,1.422065794467926,0.002089675581377107,1.4238260984420776,1.4183759689331055,4.859133720397949,16,551.0395624595992,450.43812367512777,1400.0,100.0,156.93939208984375,-4.8030257,0.013112085,-4.783148,-4.8174424,-76.84841,0.20979336,-76.530365,-77.07908,-752.3009643554688,394.1001679726924,128.0,0.0,128,128,0.00022008869689611288,0.0024729267771553985,0.039968038348871575,0.0,3.526969910669165,5.732882540328395,22.498611289689446,0.9934741678534843,0.0114098719332284,0.008770259754940885,0.03896093776379802,0.002832857177256123,0.5702929785201784,0.34533493371361407,0.9523356030665205,0.0,0.8823551781756382,0.23037411168244087,1.2107427513379179,0.03402625223430528,-125.04451569039395,190.31661985690658,88.5,-598.625,32.356010693175975,64.04709782793212,355.0,-1.0,-374.51171875,573.2759529424253,-1.0,-2520.0,139.14011823164006,187.06509021073924,758.9696860711896,0.22875105525969486,0.0005654887598551413,0.00015113170801633655,0.0007524454477050414,0.0004086636697997548,1.0,0.0,1.0,1.0,0.0,0.0,0.0,0.0,0.023562884434186467,0.0031522402614052236,0.0274204170929851,0.020211300398656703,16.0,0.0,16,16,5.75,4.630064794363034,14.0,1.0,2836.625,2886.65039178197,8743,293,0.0,0.0,0.0,0.0,551.0395624595992,450.43812367512777,1400.0,100.0,26.333145585754444,9.490468537595586,40.5344320073466,18.582300000000004,2.0999941625632346e-06,0.007809800001268741,36.838982000001124,0.8868885999982012,37.73368249999476,358.2908208999579
892878741,694873649,142443833,848474627,425.86375433983886,490.876971707276,1422.5806451612902,0.0,74.18132019042969,-0.7451792,0.21734491,-0.34788036,-0.91618145,-0.35656248157223064,0.4236595800831358,0.08604514598846436,-0.9942930340766907,45.03898239135742,351.6824421780617,-1.7218791246414185,1.5002838991107064,-0.9146825075149536,-5.033751964569092,-0.07666789616147678,0.0034740473991902035,-0.07069697231054306,-0.07969371974468231,0.9928269783655802,0.0019396498901741834,0.9955519437789917,0.9906866550445557,1.4117377400398254,0.0019530597429681417,1.4144805669784546,1.4095815420150757,4.859486103057861,17,425.86375433983886,490.876971707276,1422.5806451612902,0.0,28.587249755859375,-4.8219914,0.02049116,-4.7938538,-4.856156,-56.15922,28.65969,-4.856156,-77.34163,-142.57455444335938,397.27652660940703,128.0,0.0,128,128,0.00025024700601411774,0.0024600584550230646,0.039968038348871575,0.0,3.1453465657894557,5.363565993020307,22.498611289689446,0.7478487663534663,0.013752551750723993,0.010236374052290413,0.04938241121968383,0.002832857177256123,0.5849625298798548,0.3300977983661922,0.9523356030665205,0.0,0.8772601780524473,0.22805181555451542,1.2107427513379179,0.03402625223430528,-129.62132525303215,223.02718453476868,88.5,-1313.5,28.310549264574302,61.001061584970536,355.0,-1.0,-377.1783854166667,618.3772894316972,-1.0,-2626.0,145.42132386301049,227.86584778236306,1312.5,0.22875105525969486,0.0006567007398345353,0.00024305767132982197,0.0010976948408342481,0.0004086636697997548,1.0,0.0,1.0,1.0,0.0,0.0,0.0,0.0,0.025196780909918597,0.004618726958676566,0.0331132889769448,0.020211300398656703,11.666666666666666,5.962847939999439,16,1,4.5,5.220153254455275,15.0,0.0,1971.8333333333333,3049.011392602891,8637,16,0.0,0.0,0.0,0.0,425.86375433983886,490.876971707276,1422.5806451612902,0.0,22.87877457803761,13.880340506474552,42.44904,0.03424000000000001,2.0000006770715117e-06,0.007656699999643024,22.53787800000282,0.7205376000056276,23.266074300008768,381.5594691999577
824105924,170208024,281387505,610401323,425.86375433983886,490.876971707276,1422.5806451612902,0.0,74.18132019042969,-0.7451792,0.21734491,-0.34788036,-0.91618145,-0.35656248157223064,0.4236595800831358,0.08604514598846436,-0.9942930340766907,45.03898239135742,351.6824421780617,-1.7218791246414185,1.5002838991107064,-0.9146825075149536,-5.033751964569092,-0.07666789616147678,0.0034740473991902035,-0.07069697231054306,-0.07969371974468231,0.9928269783655802,0.0019396498901741834,0.9955519437789917,0.9906866550445557,1.4117377400398254,0.0019530597429681417,1.4144805669784546,1.4095815420150757,4.859076976776123,18,153.392990305742,159.84866661575074,500.0,0.0,-219.49520874023438,-4.7945747,0.010059633,-4.776266,-4.8078284,-76.713196,0.16095413,-76.42026,-76.925255,1053.65087890625,372.8881729790405,128.0,0.0,128,128,0.00041465475192824984,0.003378148542874653,0.039968038348871575,0.0,2.6374560064200385,4.766070963309063,22.498611289689443,0.7478487663534663,0.014175894483267516,0.010944946827812647,0.04938241121968383,0.002919703766855815,0.5949790031151574,0.29636709491943064,0.9332711152589828,0.0,0.8253169400167485,0.27318878034653427,1.2107427513379179,0.03402625223430528,-142.241653236777,225.6090296516204,88.5,-1313.5,29.86034552927556,64.80871037897464,196.0,-1.0,-376.2877604166667,599.2824500637067,-1.0,-2626.0,156.98552235585456,235.16689102445017,1312.5,0.33449400781347277,0.0007712946658029641,0.00016880013047390692,0.0010976948408342481,0.0005202913631633715,1.0,0.0,1.0,1.0,0.0,0.0,0.0,0.0,0.027599819808028062,0.002986841713549949,0.0331132889769448,0.02280396149928317,16.0,0.0,16,16,1.6666666666666667,1.5986105077709065,5.0,0.0,559.1666666666666,581.3173019578512,1809,101,0.0,0.0,0.0,0.0,153.392990305742,159.84866661575074,500.0,0.0,15.810988353665765,7.080004826308272,20.332530121994584,0.041800000000000004,1.800006430130452e-06,0.011706600002071355,11.598733200000424,0.591602899999998,12.202044500008924,393.7641781999773
801015372,143084570,363464500,698099024,559.3806421297735,423.8335293150598,1400.0,0.0,186.92837524414062,-0.633015,0.21735139,-0.15892863,-0.8739239,-0.13427150462354934,0.6382422535469597,0.828315258026123,-0.9608873724937439,-81.236083984375,372.4522621732329,-1.4314001543181283,0.6119160436207417,-0.9105701446533203,-2.7268285751342773,-0.07794285672051567,0.0034011560219823203,-0.07333730161190033,-0.08082392066717148,0.9830014790807452,0.0012775836272458179,0.9844868183135986,0.9818950891494751,1.4017930030822754,0.0012994606645625423,1.4033037424087524,1.400667667388916,4.859392166137695,19,559.3806421297735,423.8335293150598,1400.0,0.0,167.84323120117188,-4.7992773,0.017976433,-4.7727838,-4.8326015,-73.336586,8.239764,-53.158615,-76.96298,-807.64892578125,391.53741989411384,128.0,0.0,128,128,0.00012064229231021377,0.001040875601790518,0.016126934718260072,0.0,3.27588617200292,5.501704384506838,22.498611289689446,0.7478487663534663,0.014966129962976884,0.010245287405704595,0.04938241121968383,0.002832857177256123,0.588280701132941,0.34543630803918857,0.9523356030665205,0.0,0.9220115202918101,0.1614652324349705,1.2107427513379179,0.11520204147878298,-119.79895594554634,240.6035468131515,88.5,-1313.5,22.986814125191213,53.48773678746461,355.0,-1.0,-373.81138392857144,663.2631967919074,-1.0,-2626.0,137.3745814930466,246.44230693702784,1312.5,0.22875105525969486,0.0006214765320044122,0.0003035418189597703,0.0010976948408342481,0.0004086636697997548,1.0,0.0,1.0,1.0,0.0,0.0,0.0,0.0,0.024267963006828513,0.0056625200033135125,0.0331132889769448,0.020211300398656703,15.285714285714286,1.7496355305594127,16,11,6.0,4.3094580368566735,14.0,0.0,3028.8571428571427,2805.52436802674,8972,12,0.0,0.0,0.0,0.0,559.3806421297735,423.8335293150598,1400.0,0.0,24.519742254418325,16.655957006885902,38.37021970704198,0.03424000000000001,2.1999949240125716e-06,0.007567599997855723,39.569420400002855,0.7899039999974775,40.36689419999311,434.1342389999554
78547565,146764659,619817,532704722,559.3806421297735,423.8335293150598,1400.0,0.0,186.92837524414062,-0.633015,0.21735139,-0.15892863,-0.8739239,-0.13427150462354934,0.6382422535469597,0.828315258026123,-0.9608873724937439,-81.236083984375,372.4522621732329,-1.4314001543181283,0.6119160436207417,-0.9105701446533203,-2.7268285751342773,-0.07794285672051567,0.0034011560219823203,-0.07333730161190033,-0.08082392066717148,0.9830014790807452,0.0012775836272458179,0.9844868183135986,0.9818950891494751,1.4017930030822754,0.0012994606645625423,1.4033037424087524,1.400667667388916,4.85801362991333,20,116.66666666666667,177.16909687891084,500.0,0.0,-247.38369750976562,-4.802999,0.0064926,-4.7963796,-4.8130035,-76.847984,0.1038816,-76.74207,-77.00806,1187.2781982421875,364.0503445713691,128.0,0.0,128,128,0.0003168625780239457,0.002276349176361567,0.039968038348871575,0.0,1.925326735042426,3.6842978988866695,22.498611289689446,0.7478487663534663,0.020554492801061905,0.011072120172506555,0.04938241121968383,0.002832857177256123,0.6322972777538962,0.27359870712495804,0.9523356030665205,0.0,0.8710001670419754,0.21287013052794448,1.1951265277932084,0.03402625223430528,-138.04553225323923,299.2395681388855,88.5,-1313.5,13.594144563947374,44.68521407856293,355.0,-1.0,-371.0963541666667,736.0443374943803,-1.0,-2626.0,158.1489294939434,319.4051030045975,1312.5,0.22875105525969486,0.0009253147468069647,0.0002632083196545151,0.0010976948408342481,0.0004086636697997548,1.0,0.0,1.0,1.0,0.0,0.0,0.0,0.0,0.030014145566570172,0.004851837457655336,0.0331132889769448,0.020211300398656703,16.0,0.0,16,16,1.1666666666666667,1.7716909687891083,5.0,0.0,278.5,481.74950268094034,1338,12,0.0,0.0,0.0,0.0,116.66666666666667,177.16909687891084,500.0,0.0,9.410923266195413,14.365034310982432,37.73872,0.03424000000000001,1.900007191579789e-06,0.005551700000069104,8.81367400000454,0.5590088000026299,9.37823640001443,443.5149887999869
1025900559,689925184,1065863364,208285721,602.2571428571429,392.06668112577427,1115.8,0.0,206.8244171142578,-0.67392576,0.24561326,-0.2466402,-0.8906152,-0.2844975287360804,0.4773956682131563,0.31637638807296753,-0.9023345112800598,-154.230712890625,395.43275024162386,-1.1864352907453264,0.35079483290337155,-0.8915095925331116,-1.9297599792480469,-0.08153988527400154,0.0032827845439105468,-0.07731957733631134,-0.08634880930185318,0.9708629676273891,0.0015060469396877077,0.972140371799469,0.9679645299911499,1.3893673590251379,0.0015521925552261862,1.3906834125518799,1.3863786458969116,4.858194351196289,21,602.2571428571429,392.06668112577427,1115.8,0.0,214.38613891601562,-4.7996097,0.011630085,-4.7822485,-4.815275,-76.1081,1.689796,-71.99413,-77.0444,-1027.8935546875,387.8710243999465,128.0,0.0,128,128,0.00013913037884024284,0.0016961194713850341,0.039968038348871575,0.0,3.0832484894562993,5.262083701668921,22.498611289689446,0.7478487663534663,0.012648871699090122,0.009377571686063419,0.04938241121968383,0.002832857177256123,0.590698773948802,0.33748740688871365,0.9523356030665205,0.0,0.916193697154999,0.18727553471444913,1.2107427513379179,0.03402625223430528,-110.34447425587311,212.79867755704393,88.5,-1313.5,20.8163118817585,51.67774608040061,355.0,-1.0,-334.7421875,610.3080708504639,-1.0,-2626.0,123.69793244909874,216.9122263311512,1312.5,0.22875105525969486,0.0006040488168041306,0.00022775444219110802,0.0010976948408342481,0.0004086636697997548,1.0,0.0,1.0,1.0,0.0,0.0,0.0,0.0,0.024195455909298974,0.004267550009815897,0.0331132889769448,0.020211300398656703,15.857142857142858,0.34992710611188255,16,15,6.142857142857143,4.085814184592883,12.0,0.0,2904.5714285714284,2526.993914693496,7094,48,0.0,0.0,0.0,0.0,602.2571428571429,392.06668112577427,1115.8,0.0,21.308975338343014,11.95803335873789,37.46331056646821,0.04179959717247636,2.1000014385208488e-06,0.005704299997887574,29.60077839999576,0.806973900005687,30.413458700000774,473.93143239999335
130755951,842391266,168703447,954017671,602.2571428571429,392.06668112577427,1115.8,0.0,206.8244171142578,-0.67392576,0.24561326,-0.2466402,-0.8906152,-0.2844975287360804,0.4773956682131563,0.31637638807296753,-0.9023345112800598,-154.230712890625,395.43275024162386,-1.1864352907453264,0.35079483290337155,-0.8915095925331116,-1.9297599792480469,-0.08153988527400154,0.0032827845439105468,-0.07731957733631134,-0.08634880930185318,0.9708629676273891,0.0015060469396877077,0.972140371799469,0.9679645299911499,1.3893673590251379,0.0015521925552261862,1.3906834125518799,1.3863786458969116,4.858835697174072,22,271.84779103514995,212.3456072134913,600.0,0.0,-104.4209213256836,-4.817233,0.03517388,-4.767808,-4.8613257,-50.72182,31.048471,-4.857566,-76.87797,500.4253845214844,376.26870106346684,128.0,0.0,128,128,0.00029139434541208256,0.0027389739832286313,0.039968038348871575,0.0,3.1232375506679255,5.343165085309372,22.498611289689446,0.7478487663534663,0.013605498820404892,0.010301948527627044,0.04938241121968383,0.002832857177256123,0.5835877980381748,0.3257389050207154,0.9523356030665205,0.0,0.8629894887656386,0.24256118154458456,1.2107427513379179,0.03402625223430528,-133.94594632104665,219.8729971449368,88.5,-1313.5,30.326294560305637,63.34357092097552,355.0,-1.0,-382.64174107142856,608.6671639875209,-1.0,-2626.0,149.62319899121488,224.54776580364543,1312.5,0.22875105525969486,0.0006703785552446076,0.00022750813492460916,0.0010976948408342481,0.0004086636697997548,1.0,0.0,1.0,1.0,0.0,0.0,0.0,0.0,0.025514443221785237,0.0043463289070336366,0.0331132889769448,0.020211300398656703,10.571428571428571,6.499607523472758,16,1,2.857142857142857,2.2946254863155726,6.0,0.0,876.1428571428571,843.3977927020522,2296,18,0.0,0.0,0.0,0.0,271.84779103514995,212.3456072134913,600.0,0.0,21.733632792765384,11.888424146400045,37.54444414525108,0.03424000000000001,4.900000931229442e-06,0.008950300005380996,15.239108199995826,0.6393239999961224,15.88738739999826,489.82195149998006
443352346,315096729,849946216,941622294,415.62547041999096,314.8709125207406,800.0,0.0,18.173444747924805,-0.5052481,0.17746735,-0.2044425,-0.7754967,-0.29291319847106934,0.8106353733403917,0.9827324151992798,-0.9855208396911621,-2.1869354248046875,397.4520222594606,-2.4870106152125766,1.2030031828763317,-1.1065946817398071,-4.1499152183532715,-0.08529381453990936,0.003793055881134307,-0.079383984208107,-0.08918558061122894,0.9643816181591579,0.0008698674206854415,0.9651745557785034,0.9623824954032898,1.3826699256896973,0.0009026214239940647,1.3834922313690186,1.3805952072143555,4.857843399047852,23,415.62547041999096,314.8709125207406,800.0,0.0,35.42109680175781,-4.8150344,0.027881479,-4.774404,-4.847706,-69.42635,18.456888,-24.226994,-77.56329,-170.42169189453125,380.20437799911923,128.0,0.0,128,128,0.00019677427559613363,0.0018451590111605936,0.039968038348871575,0.0,3.295880702608733,5.539981194771928,22.498611289689446,0.7478487663534663,0.015444443523634265,0.010586481575801398,0.04938241121968383,0.002832857177256123,0.5847252131776273,0.33974362652832074,0.9523356030665205,0.0,0.89540941609713,0.19740852654398708,1.1951265277932084,0.03402625223430528,-131.5996919781331,243.5910779897839,88.5,-1313.5,27.741805464464782,59.44590615911255,355.0,-1.0,-397.7611607142857,661.5286468060784,-1.0,-2626.0,150.33721476410466,249.46475168975869,1312.5,0.22875105525969486,0.0006546414012246509,0.00030335705262363253,0.0010976948408342481,0.0004086636697997548,1.0,0.0,1.0,1.0,0.0,0.0,0.0,0.0,0.024927456663071643,0.005722125887269712,0.0331132889769448,0.020211300398656703,14.428571428571429,3.8491981672307087,16,5,4.285714285714286,3.282607226593159,8.0,0.0,1890.7142857142858,1801.9122948599213,4191,16,0.0,0.0,0.0,0.0,415.62547041999096,314.8709125207406,800.0,0.0,24.647730830145637,16.97776680829068,40.26989706784983,0.03424000000000001,1.7999991541728377e-06,0.007587100000819191,21.53108760000032,0.792730200002552,22.331406700002844,512.1558654999826
681162505,413056707,187321319,658719870,415.62547041999096,314.8709125207406,800.0,0.0,18.173444747924805,-0.5052481,0.17746735,-0.2044425,-0.7754967,-0.29291319847106934,0.8106353733403917,0.9827324151992798,-0.9855208396911621,-2.1869354248046875,397.4520222594606,-2.4870106152125766,1.2030031828763317,-1.1065946817398071,-4.1499152183532715,-0.08529381453990936,0.003793055881134307,-0.079383984208107,-0.08918558061122894,0.9643816181591579,0.0008698674206854415,0.9651745557785034,0.9623824954032898,1.3826699256896973,0.0009026214239940647,1.3834922313690186,1.3805952072143555,4.859174728393555,24,120.0,146.9693845669907,400.0,0.0,-234.18394470214844,-4.797754,0.017640742,-4.7829213,-4.832234,-69.99893,13.25455,-43.490105,-76.699684,1124.28955078125,354.1839401992073,128.0,0.0,128,128,0.0003481664467082677,0.002823798942988068,0.039968038348871575,0.0,2.1710699143419894,4.080109384380184,22.498611289689443,0.7478487663534663,0.016879332010875974,0.011399256448683455,0.04938241121968383,0.002919703766855815,0.6174967545556057,0.2827598527831166,0.9332711152589828,0.0,0.8552062159049427,0.2431018084253889,1.2107427513379179,0.03402625223430528,-134.049856393099,261.3168660755447,88.5,-1313.5,18.932744276673258,52.88761233620621,196.0,-1.0,-355.0296875,663.2734099194331,-1.0,-2626.0,150.1447105689145,277.3350942709007,1312.5,0.33449400781347277,0.0008441143880483901,0.00022372922596888847,0.0010976948408342481,0.0005202913631633715,1.0,0.0,1.0,1.0,0.0,0.0,0.0,0.0,0.0287742747278286,0.003923380948770064,0.0331132889769448,0.02280396149928317,14.6,2.8000000000000003,16,9,1.2,1.4696938456699067,4.0,0.0,309.0,362.5548234405384,1002,15,0.0,0.0,0.0,0.0,120.0,146.9693845669907,400.0,0.0,11.264836500000003,9.171140883429336,19.04284,0.03424000000000001,1.7999991541728377e-06,0.007728899996436667,9.928779599998961,0.40908170000329847,10.34559199999785,522.5040195999754
162243863,513207677,558468452,106512539,183.33333333333334,121.33516482134198,400.0,100.0,-192.7068328857422,-0.5505508,0.22672828,-0.22729969,-0.8057916,-0.34785832464694977,0.6146920780801658,0.9260280132293701,-0.9235198497772217,113.74943542480469,376.04015336684785,-1.5400552848974864,0.6278748421382904,-0.908141553401947,-2.4683237075805664,-0.0862332172691822,0.00393687132395079,-0.0797937884926796,-0.08942252397537231,0.956707219282786,0.0013011027590726259,0.9585247039794922,0.9554470181465149,1.374679704507192,0.001359810206928633,1.3765785694122314,1.3733625411987305,4.858538627624512,25,183.33333333333334,121.33516482134198,400.0,100.0,-153.7655487060547,-4.7966914,0.011966123,-4.776437,-4.8150034,-76.74706,0.19145797,-76.42299,-77.040054,737.1017456054688,337.09887951261993,128.0,0.0,128,128,0.0003324508789711838,0.0029561199344169797,0.039968038348871575,0.0,2.891401286104747,5.079972883733238,22.498611289689446,0.7478487663534663,0.013964223116995753,0.010598698607297249,0.04938241121968383,0.002832857177256123,0.589970766497506,0.31372613559060303,0.9523356030665205,0.0,0.8512885590345979,0.2529711349875261,1.2107427513379179,0.03402625223430528,-135.93148924490458,224.41055639280896,88.5,-1313.5,29.085447396924934,62.93845958438379,355.0,-1.0,-376.7330729166667,608.9048873369705,-1.0,-2626.0,151.20342310943252,231.61733156552816,1312.5,0.22875105525969486,0.0007139977028187498,0.0002169520679490203,0.0010976948408342481,0.0004086636697997548,1.0,0.0,1.0,1.0,0.0,0.0,0.0,0.0,0.026398300358973333,0.004070697735863058,0.0331132889769448,0.020211300398656703,16.0,0.0,16,16,1.8333333333333333,1.21335164821342,4.0,1.0,666.3333333333334,742.5706850005743,2015,16,0.0,0.0,0.0,0.0,183.33333333333334,121.33516482134198,400.0,100.0,19.07257440737009,11.028878494486934,38.16810644422054,0.03424000000000001,2.0999941625632346e-06,0.0056435000005876645,13.893330300001253,0.7806778000012855,14.679653699997289,537.1863936999725
83180453,359158073,768092755,716663974,183.33333333333334,121.33516482134198,400.0,100.0,-192.7068328857422,-0.5505508,0.22672828,-0.22729969,-0.8057916,-0.34785832464694977,0.6146920780801658,0.9260280132293701,-0.9235198497772217,113.74943542480469,376.04015336684785,-1.5400552848974864,0.6278748421382904,-0.908141553401947,-2.4683237075805664,-0.0862332172691822,0.00393687132395079,-0.0797937884926796,-0.08942252397537231,0.956707219282786,0.0013011027590726259,0.9585247039794922,0.9554470181465149,1.374679704507192,0.001359810206928633,1.3765785694122314,1.3733625411987305,4.858310699462891,26,237.5,239.46555075835022,600.0,0.0,-89.63897705078125,-4.7989025,0.015310817,-4.774704,-4.8308406,-68.94069,17.213842,-24.154203,-76.94801,431.28948974609375,327.13899156135795,128.0,0.0,128,128,0.00026508779524610346,0.0023383934194148113,0.039968038348871575,0.0,2.404000863565275,4.4311771680448535,22.498611289689446,0.7478487663534663,0.016251556880110443,0.011066928995141454,0.04938241121968383,0.002832857177256123,0.6126612688498475,0.3005651183576645,0.9523356030665205,0.0,0.8814582968247424,0.2185472041235169,1.2107427513379179,0.03402625223430528,-125.76964990594016,255.81537867757848,88.5,-1313.5,17.739263345104373,49.92085491227379,355.0,-1.0,-348.66015625,663.5706809140422,-1.0,-2626.0,141.68009277748047,269.73093670789143,1312.5,0.22875105525969486,0.0007809027267549156,0.00026858188818295215,0.0010976948408342481,0.0004086636697997548,1.0,0.0,1.0,1.0,0.0,0.0,0.0,0.0,0.027499990564253455,0.004896049470907477,0.0331132889769448,0.020211300398656703,14.375,3.6033838263498934,16,5,2.375,2.394655507583502,6.0,0.0,1052.0,1292.2551992543888,3628,15,0.0,0.0,0.0,0.0,237.5,239.46555075835022,600.0,0.0,14.071338521332393,12.342694068353545,37.28090776452366,0.03424000000000001,1.6999983927235007e-06,0.007424999996146653,21.515760000002047,0.831909499996982,22.355096199993568,559.5440619999645
908935816,689120544,66772386,210153226,363.83324941848196,501.57229285950535,1600.0,0.0,-10.9862060546875,-0.7547034,0.108847566,-0.5526209,-0.8797069,0.48025042773224413,0.3163685743088434,0.8701537847518921,-0.018760066479444504,-14.350406646728516,374.81946297201125,-1.2490273863077164,0.3483519821791459,-0.8745442032814026,-1.9680007696151733,-0.08555412851274014,0.004241503236127349,-0.08038866519927979,-0.09073080867528915,0.954553484916687,0.0016170761762519126,0.9561066031455994,0.9521417021751404,1.3724254667758942,0.0016947080945835889,1.37405264377594,1.3698971271514893,4.858828544616699,27,363.83324941848196,501.57229285950535,1600.0,0.0,33.02484130859375,-4.7941546,0.01193875,-4.777327,-4.813096,-67.111046,18.101797,-24.0349,-77.00954,-158.15968322753906,330.80841734707036,128.0,0.0,128,128,0.0002295371275568401,0.0022384117532763307,0.039968038348871575,0.0,2.8418101991877487,5.009256275580744,22.498611289689446,0.7478487663534663,0.014584744056248489,0.010521033907349672,0.04938241121968383,0.002832857177256123,0.5972864462522116,0.3209961245291874,0.9523356030665205,0.0,0.8882501620295034,0.21509756949964595,1.2107427513379179,0.03402625223430528,-123.95039750278997,235.6292838657642,88.5,-1313.5,22.417787928040582,54.897995672465036,355.0,-1.0,-357.388671875,637.3055366000272,-1.0,-2626.0,139.38790978392814,244.3653433163468,1312.5,0.22875105525969486,0.0006947738303756039,0.00026361644081108343,0.0010976948408342481,0.0004086636697997548,1.0,0.0,1.0,1.0,0.0,0.0,0.0,0.0,0.025887241991967444,0.00490635589023878,0.0331132889769448,0.020211300398656703,14.0,3.774917217635375,16,5,4.125,4.985917668794783,16.0,0.0,2102.75,3212.360415255424,10273,16,0.0,0.0,0.0,0.0,363.83324941848196,501.57229285950535,1600.0,0.0,18.974126588153283,13.564255799719673,38.42319270522626,0.03424000000000001,1.9999934011138976e-06,0.007669099999475293,27.384672400003183,0.9671526999954949,28.359496199991554,587.9062730999576
1037548823,362448527,229190383,283090007,363.83324941848196,501.57229285950535,1600.0,0.0,-10.9862060546875,-0.7547034,0.108847566,-0.5526209,-0.8797069,0.48025042773224413,0.3163685743088434,0.8701537847518921,-0.018760066479444504,-14.350406646728516,374.81946297201125,-1.2490273863077164,0.3483519821791459,-0.8745442032814026,-1.9680007696151733,-0.08555412851274014,0.004241503236127349,-0.08038866519927979,-0.09073080867528915,0.954553484916687,0.0016170761762519126,0.9561066031455994,0.9521417021751404,1.3724254667758942,0.0016947080945835889,1.37405264377594,1.3698971271514893,4.858667373657227,28,50.0,50.0,100.0,0.0,-252.72756958007812,-4.801655,0.014116838,-4.782648,-4.821031,-70.831505,10.438368,-52.755726,-77.1365,1214.127685546875,302.72757561236335,128.0,0.0,128,128,0.0003816649596286543,0.0026116307747707113,0.039968038348871575,0.0,1.506481204785089,2.755860516219934,22.498611289689443,0.7478487663534663,0.021771537033439092,0.010950306729603128,0.04938241121968383,0.0051947917018397355,0.6450512777944792,0.24530109405639047,0.9332711152589828,0.0,0.8534864473965434,0.22813776912711667,1.1951265277932084,0.03402625223430528,-142.4134491846089,310.4562123703703,88.5,-1313.5,10.862577241498549,41.62718308197567,196.0,-1.0,-365.0546875,747.5950039814521,-1.0,-2626.0,162.56810111285597,333.8335252828429,1312.5,0.3413848768250726,0.0010113824925519462,0.00014949737254552683,0.0010976948408342481,0.0007524454477050414,1.0,0.0,1.0,1.0,0.0,0.0,0.0,0.0,0.031690071005954876,0.002465085835999638,0.0331132889769448,0.0274204170929851,14.75,2.165063509461097,16,11,0.5,0.5,1.0,0.0,122.75,176.28864824486004,428,17,0.0,0.0,0.0,0.0,50.0,50.0,100.0,0.0,4.671255000000001,8.031545575458999,18.582300000000004,0.03424000000000001,2.3000029614195228e-06,0.00758950000454206,5.835089699998207,0.34850400000141235,6.191185500007123,594.1002474999696
318332697,489361351,630194419,887063900,285.2537722908093,241.91341097159864,700.0,0.0,-80.60911560058594,-0.6512193,0.21027178,-0.29329348,-0.8660866,-0.2704116354386012,0.5544814281841959,0.590488076210022,-0.9761594533920288,17.334203720092773,365.86289390389106,-1.4585949679215748,0.8631881895943131,-0.9034978151321411,-3.348484992980957,-0.08364810670415561,0.004530227334994736,-0.07847943902015686,-0.08954688161611557,0.9547504087289175,0.0019368657053152488,0.956657350063324,0.9517235159873962,1.3726311326026917,0.002029265545259967,1.3746285438537598,1.3694578409194946,4.856364727020264,29,285.2537722908093,241.91341097159864,700.0,0.0,-15.726420402526855,-4.7968683,0.029760022,-4.7642426,-4.858222,-72.70137,8.615725,-53.44044,-76.823135,80.11602020263672,300.9801952802079,128.0,0.0,128,128,0.0002154440233094029,0.001991735931850436,0.039968038348871575,0.0,2.8155460646441988,4.988969996624985,22.498611289689446,0.7478487663534663,0.01576329748293484,0.010782519162262114,0.04938241121968383,0.002832857177256123,0.6004540567257178,0.3211358712916786,0.9523356030665205,0.0,0.894175976797282,0.20228003052429294,1.2107427513379179,0.03402625223430528,-125.73683113202662,249.5421357420204,88.5,-1313.5,21.297618354975395,53.27601119259473,355.0,-1.0,-365.9856770833333,663.3320824577768,-1.0,-2626.0,142.69546860799153,259.83746298040955,1312.5,0.22875105525969486,0.0007142423053560698,0.00029436506444916794,0.0010976948408342481,0.0004086636697997548,1.0,0.0,1.0,1.0,0.0,0.0,0.0,0.0,0.02614559289057855,0.005482105881344312,0.0331132889769448,0.020211300398656703,15.166666666666666,1.863389981249825,16,11,3.0,2.516611478423583,7.0,0.0,1054.0,1292.6238174091227,3758,16,0.0,0.0,0.0,0.0,285.2537722908093,241.91341097159864,700.0,0.0,18.94448208458166,15.534952251778119,38.91413348737434,0.03424000000000001,2.2999956854619086e-06,0.005217199999606237,14.360922899999423,0.7666716999956407,15.132814099990355,609.235766299942
383564362,47154366,857955630,992203680,285.2537722908093,241.91341097159864,700.0,0.0,-80.60911560058594,-0.6512193,0.21027178,-0.29329348,-0.8660866,-0.2704116354386012,0.5544814281841959,0.590488076210022,-0.9761594533920288,17.334203720092773,365.86289390389106,-1.4585949679215748,0.8631881895943131,-0.9034978151321411,-3.348484992980957,-0.08364810670415561,0.004530227334994736,-0.07847943902015686,-0.08954688161611557,0.9547504087289175,0.0019368657053152488,0.956657350063324,0.9517235159873962,1.3726311326026917,0.002029265545259967,1.3746285438537598,1.3694578409194946,4.855958938598633,30,640.58690744921,233.14035524867623,1000.0,400.0,305.64605712890625,-4.8042555,0.017817836,-4.7771597,-4.832331,-75.91266,2.1356735,-71.657394,-77.3173,-1468.7886962890625,334.9408664971081,128.0,0.0,128,128,1.3294627850240712e-05,7.349521998689243e-05,0.0006853758461993129,0.0,3.183348424167842,5.321582746497501,22.498611289689446,1.0054601753418155,0.009790619659282818,0.006478213537442153,0.02974500036118929,0.002832857177256123,0.5892402555966697,0.3513845452360878,0.9523356030665205,0.0,0.9575030793564151,0.12936083127164638,1.2107427513379179,0.16361343296583433,-86.23735415640087,172.73707078821377,88.5,-598.625,14.862937075940886,41.32320683474896,355.0,-1.0,-281.8375,560.9061879840068,-1.0,-2520.0,95.30518434680963,169.5637902850918,758.9696860711896,0.22875105525969486,0.0004979658244906483,4.465107734544669e-05,0.0005202913631633715,0.0004086636697997548,1.0,0.0,1.0,1.0,0.0,0.0,0.0,0.0,0.02228542927915788,0.0010370644402505874,0.02280396149928317,0.020211300398656703,15.8,0.39999999999999997,16,15,6.6,2.33238075793812,10.0,4.0,2679.0,1353.117585430032,4212,968,0.0,0.0,0.0,0.0,640.58690744921,233.14035524867623,1000.0,400.0,22.917199275035227,7.304746279124228,37.48561142960557,18.872421544687384,1.800006430130452e-06,0.007299700002477039,24.389361300003657,0.5994137000016053,24.99607650001417,634.2343429999528
439523032,143660183,704615095,858727745,380.58690744920995,204.02170016785996,600.0,0.0,13.251611709594727,-0.7915797,0.074226774,-0.6809772,-0.8807847,0.1869959905743599,0.4171045263693856,0.7165160179138184,-0.28566330671310425,-4.117259502410889,367.33529525842295,-1.0665942072868346,0.2214897981584881,-0.8831750750541687,-1.4012781381607056,-0.08236357420682908,0.0031229898319951625,-0.07908518612384796,-0.08833078294992447,0.9579340577125549,0.0015037383374986966,0.9590808749198914,0.9549553990364075,1.3759609699249267,0.001571523375265707,1.3771586418151855,1.3728479146957397,4.856040954589844,31,380.58690744920995,204.02170016785996,600.0,0.0,41.08144760131836,-4.796845,0.024500312,-4.758832,-4.8282976,-76.74952,0.392005,-76.14131,-77.25276,-198.04656982421875,339.50547059231826,128.0,0.0,128,128,7.811582520487068e-05,0.0008727393812118502,0.016126934718260072,0.0,2.815580165641672,4.928326857263455,22.498611289689446,0.7478487663534663,0.012873153522856173,0.009349552803113321,0.04938241121968383,0.002832857177256123,0.6028524046742665,0.3331331765595874,0.9523356030665205,0.0,0.9405590919776646,0.1480452932781724,1.2107427513379179,0.11520204147878298,-98.09699165681573,218.34913608020395,88.5,-1313.5,13.104407859405196,39.492831572997204,355.0,-1.0,-301.9359375,620.2398507500917,-1.0,-2626.0,110.18184462026818,225.35166210326665,1312.5,0.22875105525969486,0.0006134465200248236,0.00024595369552120805,0.0010976948408342481,0.0004086636697997548,1.0,0.0,1.0,1.0,0.0,0.0,0.0,0.0,0.024347294774690206,0.004496548379134327,0.0331132889769448,0.020211300398656703,16.0,0.0,16,16,4.0,2.0976176963403033,6.0,0.0,1552.2,856.8872504594756,2301,29,0.0,0.0,0.0,0.0,380.58690744920995,204.02170016785996,600.0,0.0,19.06106526231965,11.746502212381357,37.13036,0.04179959717247636,1.4999968698248267e-06,0.00737210000079358,15.188026000003447,0.7227188999968348,15.918118499997945,650.1549335999589
834942321,1043933005,705144579,174377856,380.58690744920995,204.02170016785996,600.0,0.0,13.251611709594727,-0.7915797,0.074226774,-0.6809772,-0.8807847,0.1869959905743599,0.4171045263693856,0.7165160179138184,-0.28566330671310425,-4.117259502410889,367.33529525842295,-1.0665942072868346,0.2214897981584881,-0.8831750750541687,-1.4012781381607056,-0.08236357420682908,0.0031229898319951625,-0.07908518612384796,-0.08833078294992447,0.9579340577125549,0.0015037383374986966,0.9590808749198914,0.9549553990364075,1.3759609699249267,0.001571523375265707,1.3771586418151855,1.3728479146957397,4.855682849884033,32,505.0793650793651,295.10561970685154,800.0,0.0,149.01651000976562,-4.778683,0.02881845,-4.7305517,-4.8130074,-64.907715,22.830847,-19.25203,-76.76377,-706.3032836914062,356.06286004102293,128.0,0.0,128,128,8.605595425667928e-05,0.0008730858679122591,0.016126934718260072,0.0,3.14830684411146,5.3360453796657366,22.498611289689446,0.7478487663534663,0.013288786868250396,0.009526601204579403,0.04938241121968383,0.002832857177256123,0.5918648375956458,0.34408215741534637,0.9523356030665205,0.0,0.9344820889265316,0.1522248698619072,1.2107427513379179,0.11520204147878298,-107.04582531219035,221.95833087826136,88.5,-1313.5,18.831517975567444,48.11440939561381,355.0,-1.0,-336.0,632.4346038326809,-1.0,-2626.0,121.39101210404303,226.67311185154745,1312.5,0.22875105525969486,0.0005911209813521002,0.000258159673773415,0.0010976948408342481,0.0004086636697997548,1.0,0.0,1.0,1.0,0.0,0.0,0.0,0.0,0.02382876255456491,0.004784870535187751,0.0331132889769448,0.020211300398656703,13.6,4.8,16,4,5.2,2.9257477676655586,8.0,0.0,2649.0,1749.0951946649445,4765,18,0.0,0.0,0.0,0.0,505.0793650793651,295.10561970685154,800.0,0.0,23.053459568576603,14.167590611193205,38.78678440921896,0.03424000000000001,1.6999983927235007e-06,0.005075799999758601,23.415715199997067,0.604852899996331,24.02564559999155,674.1831686999358
214548472,66508029,154173901,194758406,330.8710801393728,252.54872659323453,716.0975609756098,0.0,-32.81780242919922,-0.67538726,0.07610658,-0.5831091,-0.81633896,-0.5202679336071014,0.11969771566845411,-0.2827977240085602,-0.6437556743621826,9.888537406921387,363.6888737465179,-1.022454363959176,0.07471253666606661,-0.8996917605400085,-1.1182621717453003,-0.09089731744357518,0.003994791119911494,-0.08480267971754074,-0.09434865415096283,0.9552524856158665,0.002183775936069248,0.9585627913475037,0.9533284306526184,1.3731563261577062,0.0022842175416527386,1.3766182661056519,1.3711427450180054,4.855480670928955,33,330.8710801393728,252.54872659323453,716.0975609756098,0.0,-22.672590255737305,-4.786659,0.018419722,-4.7611957,-4.8115687,-70.41799,15.040006,-33.584297,-76.9851,108.78459930419922,353.5436820508579,128.0,0.0,128,128,0.00024509349015877543,0.0026424214871182145,0.039968038348871575,0.0,3.3859291639009044,5.594152962158408,22.498611289689446,0.9934741678534843,0.011403688917852496,0.008878752070616813,0.03896093776379802,0.002832857177256123,0.57386483441132,0.33866336849556283,0.9523356030665205,0.0,0.8750923368933174,0.23889300993281726,1.2107427513379179,0.03402625223430528,-125.47477667789319,190.3643807376103,88.5,-598.625,31.58238685783113,63.83912824676673,355.0,-1.0,-368.2857142857143,568.169879628749,-1.0,-2520.0,138.99701308160164,188.59561853725427,758.9696860711896,0.22875105525969486,0.0005878923441487681,0.00014862166365265961,0.0007524454477050414,0.0004086636697997548,1.0,0.0,1.0,1.0,0.0,0.0,0.0,0.0,0.024041682153547867,0.0030857993404190586,0.0274204170929851,0.020211300398656703,14.714285714285714,3.1493439550069438,16,7,3.4285714285714284,2.718042512920064,8.0,0.0,1437.4285714285713,1041.1466010596007,3341,352,0.0,0.0,0.0,0.0,330.8710801393728,252.54872659323453,716.0975609756098,0.0,24.24933983494514,8.281332150388899,37.48561142960557,18.582300000000004,1.5999976312741637e-06,0.007432699996570591,21.789225799999258,0.8777785999991465,22.674438699992606,696.8601115999409
703492660,601149909,63948230,182121986,330.8710801393728,252.54872659323453,716.0975609756098,0.0,-32.81780242919922,-0.67538726,0.07610658,-0.5831091,-0.81633896,-0.5202679336071014,0.11969771566845411,-0.2827977240085602,-0.6437556743621826,9.888537406921387,363.6888737465179,-1.022454363959176,0.07471253666606661,-0.8996917605400085,-1.1182621717453003,-0.09089731744357518,0.003994791119911494,-0.08480267971754074,-0.09434865415096283,0.9552524856158665,0.002183775936069248,0.9585627913475037,0.9533284306526184,1.3731563261577062,0.0022842175416527386,1.3766182661056519,1.3711427450180054,4.857041358947754,34,430.23572415161436,286.4780679785752,822.253000923361,100.0,69.0228271484375,-4.806441,0.008833289,-4.7985325,-4.8234043,-76.90305,0.14133263,-76.77652,-77.17447,-332.1721496582031,361.21288626093354,128.0,0.0,128,128,0.0002344043101026249,0.0025533382531072613,0.039968038348871575,0.0,3.572059788333905,5.780481787647601,22.498611289689446,0.9934741678534843,0.011545530974517718,0.008908966048223317,0.03896093776379802,0.002832857177256123,0.5682973222431709,0.34554591321445366,0.9523356030665205,0.0,0.8769401845601775,0.23479337847900691,1.2107427513379179,0.03402625223430528,-128.22824870301847,191.34915001535148,88.5,-598.625,33.904022942069126,65.39649939856619,355.0,-1.0,-382.9609375,574.1975242994532,-1.0,-2520.0,142.80972498954708,187.81053825233377,758.9696860711896,0.22875105525969486,0.0005685019196345929,0.00015562212761288208,0.0007524454477050414,0.0004086636697997548,1.0,0.0,1.0,1.0,0.0,0.0,0.0,0.0,0.023613479296513355,0.0032493233862601278,0.0274204170929851,0.020211300398656703,16.0,0.0,16,16,4.6,3.1368774282716245,9.0,1.0,2507.0,2227.6323754156565,6355,223,0.0,0.0,0.0,0.0,430.23572415161436,286.4780679785752,822.253000923361,100.0,26.358528037378584,8.896616352395938,37.245996953134544,18.582300000000004,2.6000052457675338e-06,0.007733600003120955,21.577322600001935,0.6474719000034383,22.23253070001374,719.095263599942
835778124,127995867,371751061,571769547,300.0,437.52550946038724,1300.0,0.0,-57.319976806640625,-0.7809423,0.09896439,-0.6328789,-0.8865809,0.0052711148746311665,0.44249359015395456,0.809687614440918,-0.5185590982437134,31.279373168945312,357.31998637186615,-1.0491603698049272,0.27013679619958414,-0.8757660984992981,-1.6988102197647095,-0.09597423246928624,0.005180635429143576,-0.08797894418239594,-0.10026070475578308,0.9553115027291434,0.0027532907228898186,0.9595447182655334,0.9529976844787598,1.3732165609087263,0.00287886472361185,1.3776421546936035,1.370795726776123,4.855004787445068,35,300.0,437.52550946038724,1300.0,0.0,-55.091583251953125,-4.801166,0.027573356,-4.7491975,-4.8367486,-73.36384,8.238664,-53.204235,-77.248215,272.07232666015625,355.0915976348402,128.0,0.0,128,128,0.0003376952006653897,0.0028314798441147716,0.039968038348871575,0.0,2.860545937434947,5.06618842191905,22.498611289689446,0.7478487663534663,0.015807308722957287,0.011123493826416055,0.04938241121968383,0.002832857177256123,0.5933107616650296,0.31197711339784145,0.9523356030665205,0.0,0.8508866406379596,0.24557895985659142,1.1951265277932084,0.03402625223430528,-142.41711596420015,245.5731069623357,88.5,-1313.5,29.070202262780146,62.81899492203276,355.0,-1.0,-396.99776785714283,646.3143429521983,-1.0,-2626.0,160.24938490082812,255.0475627591778,1312.5,0.22875105525969486,0.0007528647663404469,0.0002604295566270642,0.0010976948408342481,0.0004086636697997548,1.0,0.0,1.0,1.0,0.0,0.0,0.0,0.0,0.026987204290022614,0.004890904010371735,0.0331132889769448,0.020211300398656703,15.285714285714286,1.7496355305594127,16,11,3.0,4.375255094603872,13.0,0.0,1477.2857142857142,2591.47308986804,7641,18,0.0,0.0,0.0,0.0,300.0,437.52550946038724,1300.0,0.0,18.651764434270376,14.113634790011595,37.61661103989264,0.03424000000000001,2.7999994927085936e-06,0.01186510000115959,17.53597869999794,1.1254817000008188,18.67332829999941,737.7712153999455
658856199,175183949,590449352,850318411,300.0,437.52550946038724,1300.0,0.0,-57.319976806640625,-0.7809423,0.09896439,-0.6328789,-0.8865809,0.0052711148746311665,0.44249359015395456,0.809687614440918,-0.5185590982437134,31.279373168945312,357.31998637186615,-1.0491603698049272,0.27013679619958414,-0.8757660984992981,-1.6988102197647095,-0.09597423246928624,0.005180635429143576,-0.08797894418239594,-0.10026070475578308,0.9553115027291434,0.0027532907228898186,0.9595447182655334,0.9529976844787598,1.3732165609087263,0.00287886472361185,1.3776421546936035,1.370795726776123,4.856995105743408,36,371.84779103514995,341.22629501567144,1000.0,0.0,15.08057975769043,-4.7919626,0.023963561,-4.748326,-4.8225603,-76.6714,0.38341698,-75.97321,-77.160965,-67.26826477050781,356.76721697487113,128.0,0.0,128,128,0.00018543123409354994,0.0018455949695936602,0.039968038348871575,0.0,2.8205568762233213,4.978490463874015,22.498611289689446,0.7478487663534663,0.014850681601642516,0.010476327806307872,0.04938241121968383,0.002832857177256123,0.6004217375756568,0.3240113506162433,0.9523356030665205,0.0,0.9040908490273202,0.19450724804567798,1.2107427513379179,0.03402625223430528,-118.81564389902655,240.09405929145476,88.5,-1313.5,19.560219584233003,50.79878693394,355.0,-1.0,-349.0982142857143,648.920449117244,-1.0,-2626.0,134.32411835871198,249.45830809574196,1312.5,0.22875105525969486,0.00068653502789997,0.00028085274800105454,0.0010976948408342481,0.0004086636697997548,1.0,0.0,1.0,1.0,0.0,0.0,0.0,0.0,0.02566821697753635,0.0052084024886227265,0.0331132889769448,0.020211300398656703,16.0,0.0,16,16,3.857142857142857,3.4817307448439827,10.0,0.0,1249.0,1260.786942463204,3544,34,0.0,0.0,0.0,0.0,371.84779103514995,341.22629501567144,1000.0,0.0,19.08724261995559,14.311407186418442,38.56918624003079,0.03424000000000001,1.5999976312741637e-06,0.007387399993604049,19.941064200000255,0.7231669000029797,20.67162009999447,758.4453444999381
598187340,610468907,246493716,547970590,100.0,63.245553203367585,200.0,0.0,-231.58799743652344,-0.60644037,0.22097278,-0.23775876,-0.8834436,-0.2149643063545227,0.6121001128868905,0.7621592879295349,-0.9015598297119141,138.64512634277344,331.58798773467953,-1.3003569960594177,0.3777920026003029,-0.9196649193763733,-1.913385272026062,-0.10095802843570709,0.004880246520042419,-0.09119753539562225,-0.1033981516957283,0.9553994059562683,0.002300405502319336,0.960000216960907,0.9542492032051086,1.3733098268508912,0.002403450012207031,1.3781167268753052,1.3721081018447876,4.857116222381592,37,100.0,63.245553203367585,200.0,0.0,-231.09048461914062,-4.7967978,0.013463392,-4.7782063,-4.8134727,-68.08452,17.195932,-33.69431,-76.902054,1108.8536376953125,331.09049527738404,128.0,0.0,128,128,0.0004965148025542134,0.003695041332819288,0.039968038348871575,0.0,2.5948228585644357,4.734563976161505,22.498611289689443,0.7478487663534663,0.015136076117143302,0.011448802168058627,0.04938241121968383,0.0051947917018397355,0.5939292392031309,0.28665439579130086,0.9332711152589828,0.0,0.7976643115385886,0.2862352868268885,1.1951265277932084,0.03402625223430528,-155.23227978392714,233.43410081144546,88.5,-1313.5,34.005249243174944,68.96197367296307,196.0,-1.0,-401.990625,606.5258289323789,-1.0,-2626.0,171.56342345441854,244.08014817429478,1312.5,0.3413848768250726,0.0008214953263308827,0.0001380997572516827,0.0010976948408342481,0.0007524454477050414,1.0,0.0,1.0,1.0,0.0,0.0,0.0,0.0,0.02855899146977704,0.00227714875358388,0.0331132889769448,0.0274204170929851,14.2,3.6,16,7,1.0,0.6324555320336759,2.0,0.0,331.8,213.20731694761324,686,16,0.0,0.0,0.0,0.0,100.0,63.245553203367585,200.0,0.0,14.872688000000002,7.419224000000002,18.582300000000004,0.03424000000000001,1.5999976312741637e-06,0.007522899999457877,7.021673700000974,0.454843699997582,7.4840418999956455,765.9319670999321
634267172,165032807,710190855,654118701,100.0,63.245553203367585,200.0,0.0,-231.58799743652344,-0.60644037,0.22097278,-0.23775876,-0.8834436,-0.2149643063545227,0.6121001128868905,0.7621592879295349,-0.9015598297119141,138.64512634277344,331.58798773467953,-1.3003569960594177,0.3777920026003029,-0.9196649193763733,-1.913385272026062,-0.10095802843570709,0.004880246520042419,-0.09119753539562225,-0.1033981516957283,0.9553994059562683,0.002300405502319336,0.960000216960907,0.9542492032051086,1.3733098268508912,0.002403450012207031,1.3781167268753052,1.3721081018447876,4.8582892417907715,38,593.0189842955349,597.2467790366965,1941.0641200545704,0.0,235.7356414794922,-4.816428,0.05410246,-4.783159,-4.9422884,-63.724216,23.416637,-9.884577,-76.68815,-1126.80126953125,357.2833441791991,128.0,0.0,128,128,0.00014480189959153466,0.0016960466126320598,0.039968038348871575,0.0,3.3209104026490057,5.529390260721511,22.498611289689446,0.7478487663534663,0.012945752660085994,0.009512855188461643,0.04938241121968383,0.002832857177256123,0.5828505117497872,0.34500422680229437,0.9523356030665205,0.0,0.9118529806899038,0.1891152193539179,1.2107427513379179,0.03402625223430528,-116.73649829542637,215.12358998013565,88.5,-1313.5,24.907104821874384,56.15778398746386,355.0,-1.0,-359.0736607142857,618.0839499029809,-1.0,-2626.0,131.70448065179508,217.45524669290543,1312.5,0.22875105525969486,0.000588102003466471,0.0002367894001623244,0.0010976948408342481,0.0004086636697997548,1.0,0.0,1.0,1.0,0.0,0.0,0.0,0.0,0.023825075752066625,0.004479490561241046,0.0331132889769448,0.020211300398656703,13.285714285714286,4.919764387920733,16,2,6.428571428571429,6.137871731125953,20.0,0.0,3812.0,4370.934748017702,13746,17,0.0,0.0,0.0,0.0,593.0189842955349,597.2467790366965,1941.0641200545704,0.0,24.588772533268948,13.013668262948654,38.5692,0.03424000000000001,1.5999976312741637e-06,0.0053081999940332025,44.09322799999791,0.6749296000052709,44.77346739999484,810.707934299935
762393540,477862457,419901168,304979452,403.02554027504914,211.28588128607552,600.0,0.0,64.29378509521484,-0.5779425,0.2094849,-0.2437799,-0.801278,-0.11256322264671326,0.702363990192233,0.7798365950584412,-0.8998339176177979,-25.225011825561523,338.7317429887165,-1.4065805912017821,0.33163618824010865,-0.9080309867858887,-1.9029338359832764,-0.10141472965478897,0.004475630827981249,-0.09487387537956238,-0.10502220690250397,0.9578241348266602,0.0016803768033586844,0.96001136302948,0.956453800201416,1.3758459091186523,0.001753723810619719,1.3781284093856812,1.3744157552719116,4.855645179748535,39,403.02554027504914,211.28588128607552,600.0,0.0,41.1679573059082,-4.807085,0.020670766,-4.7679596,-4.829436,-72.08392,9.484149,-53.123795,-77.04698,-196.5420684814453,361.85756378878415,128.0,0.0,128,128,9.399608330848785e-05,0.0008733600326780726,0.016126934718260072,0.0,3.481033522581248,5.695343790373743,22.498611289689446,0.7478487663534663,0.01370442021364462,0.009682593725256476,0.04938241121968383,0.002832857177256123,0.5808772705170251,0.35435278398497555,0.9523356030665205,0.0,0.9284050858753986,0.15605625016308103,1.2107427513379179,0.11520204147878298,-115.99465896756492,225.1543755248229,88.5,-1313.5,24.558628091729688,54.815230153298096,355.0,-1.0,-370.0640625,642.5954116576744,-1.0,-2626.0,132.6001795878179,227.4351265501105,1312.5,0.22875105525969486,0.0005687954426793769,0.000267960360185977,0.0010976948408342481,0.0004086636697997548,1.0,0.0,1.0,1.0,0.0,0.0,0.0,0.0,0.02331023033443962,0.005003326236065778,0.0331132889769448,0.020211300398656703,15.0,2.0,16,11,4.2,2.227105745132009,6.0,0.0,1795.4,1093.2706160873436,2959,18,0.0,0.0,0.0,0.0,403.02554027504914,211.28588128607552,600.0,0.0,26.160017298000092,14.88058670612343,37.31831177981392,0.03424000000000001,1.6999983927235007e-06,0.007566700005554594,19.223611100002017,0.570573000004515,19.80175250001048,830.5122615999426
3487954,592003168,970653965,542518282,403.02554027504914,211.28588128607552,600.0,0.0,64.29378509521484,-0.5779425,0.2094849,-0.2437799,-0.801278,-0.11256322264671326,0.702363990192233,0.7798365950584412,-0.8998339176177979,-25.225011825561523,338.7317429887165,-1.4065805912017821,0.33163618824010865,-0.9080309867858887,-1.9029338359832764,-0.10141472965478897,0.004475630827981249,-0.09487387537956238,-0.10502220690250397,0.9578241348266602,0.0016803768033586844,0.96001136302948,0.956453800201416,1.3758459091186523,0.001753723810619719,1.3781284093856812,1.3744157552719116,4.855775356292725,40,364.3197251229227,289.5673129168685,729.5206286836935,0.0,2.2159295082092285,-4.7996826,0.018035177,-4.7677903,-4.8273573,-69.89869,16.712973,-28.964144,-77.01346,-7.419761657714844,362.103779922198,128.0,0.0,128,128,0.00022093388287745453,0.002279053582663113,0.039968038348871575,0.0,3.3409049332548184,5.567315033530204,22.498611289689446,0.7478487663534663,0.01342406622074338,0.00997671487460522,0.04938241121968383,0.002832857177256123,0.5792950237944737,0.3392473897031857,0.9523356030665205,0.0,0.8852508764952238,0.21936999384682968,1.2107427513379179,0.03402625223430528,-128.53723432801317,218.625213577433,88.5,-1313.5,29.662096161147954,61.71152682888619,355.0,-1.0,-383.0234375,616.7947647449312,-1.0,-2626.0,144.66711392285313,221.20722157536179,1312.5,0.22875105525969486,0.0006212668726867096,0.0002411862543695654,0.0010976948408342481,0.0004086636697997548,1.0,0.0,1.0,1.0,0.0,0.0,0.0,0.0,0.024484569408309755,0.0046182886700570115,0.0331132889769448,0.020211300398656703,14.571428571428571,3.499271061118826,16,6,4.142857142857143,3.2261685116103473,9.0,0.0,1988.857142857143,2103.1278358382187,6443,32,0.0,0.0,0.0,0.0,364.3197251229227,289.5673129168685,729.5206286836935,0.0,24.539679741576403,13.597798208462516,40.70840869106106,0.041800000000000004,1.800006430130452e-06,0.0073892000000341795,19.511650800006464,0.7339101999968989,20.252952000009827,850.7679275999471
572545303,816922492,531168081,634578823,375.09569082602786,347.8754233301032,1025.6698357821954,100.0,32.7275505065918,-0.68850374,0.16538122,-0.42335373,-0.886537,-0.0593395009636879,0.5820589542534684,0.8929460048675537,-0.7708708047866821,-47.91667175292969,342.36813777244765,-1.220781113420214,0.4156960021698994,-0.8933224678039551,-2.1844892501831055,-0.10918412251131875,0.005422620080882709,-0.09980093687772751,-0.1138143241405487,0.954927921295166,0.001928534647868538,0.9577015042304993,0.953033983707428,1.372817039489746,0.0020187129487378164,1.375719428062439,1.3708337545394897,4.856230735778809,41,375.09569082602786,347.8754233301032,1025.6698357821954,100.0,11.692706108093262,-4.7938046,0.013297217,-4.782952,-4.8235316,-76.700874,0.21275547,-76.52723,-77.176506,-59.78973388671875,363.402971012581,128.0,0.0,128,128,0.00029139434541208256,0.0027389739832286313,0.039968038348871575,0.0,3.1232375506679255,5.343165085309372,22.498611289689446,0.7478487663534663,0.01360549882040489,0.010301948527627044,0.04938241121968383,0.002832857177256123,0.5835877980381748,0.3257389050207154,0.9523356030665205,0.0,0.8629894887656386,0.24256118154458456,1.2107427513379179,0.03402625223430528,-133.94594632104665,219.8729971449368,88.5,-1313.5,30.326294560305637,63.34357092097552,355.0,-1.0,-382.64174107142856,608.6671639875208,-1.0,-2626.0,149.6231989912149,224.54776580364543,1312.5,0.22875105525969486,0.0006703785552446075,0.00022750813492460916,0.0010976948408342481,0.0004086636697997548,1.0,0.0,1.0,1.0,0.0,0.0,0.0,0.0,0.025514443221785237,0.0043463289070336366,0.0331132889769448,0.020211300398656703,16.0,0.0,16,16,3.857142857142857,3.681171064778608,11.0,1.0,1678.2857142857142,1841.2445879494287,5105,12,0.0,0.0,0.0,0.0,375.09569082602786,347.8754233301032,1025.6698357821954,100.0,21.37572308130799,11.899157354274251,37.483807545829535,0.03424000000000001,1.8999999156221747e-06,0.0071489000038127415,26.52825579999626,1.5043651999949361,28.039771799994924,878.8101954999438
4047737,446415000,424765130,56835548,375.09569082602786,347.8754233301032,1025.6698357821954,100.0,32.7275505065918,-0.68850374,0.16538122,-0.42335373,-0.886537,-0.0593395009636879,0.5820589542534684,0.8929460048675537,-0.7708708047866821,-47.91667175292969,342.36813777244765,-1.220781113420214,0.4156960021698994,-0.8933224678039551,-2.1844892501831055,-0.10918412251131875,0.005422620080882709,-0.09980093687772751,-0.1138143241405487,0.954927921295166,0.001928534647868538,0.9577015042304993,0.953033983707428,1.372817039489746,0.0020187129487378164,1.375719428062439,1.3708337545394897,4.858521461486816,42,600.0,595.2190473142759,1800.0,100.0,212.9373016357422,-4.8021483,0.024449263,-4.7566304,-4.8248377,-67.88092,18.157625,-24.10862,-77.1974,-1027.7398681640625,387.0626739113229,128.0,0.0,128,128,0.0002152623621261627,0.0022792972491288686,0.039968038348871575,0.0,3.1032430200621124,5.3028170614658725,22.498611289689446,0.7478487663534663,0.013127185259747506,0.009862214810014858,0.04938241121968383,0.002832857177256123,0.5871432859934884,0.3316842376732452,0.9523356030665205,0.0,0.8895915929603186,0.2183155933391577,1.2107427513379179,0.03402625223430528,-122.1452102884599,216.68632488616552,88.5,-1313.5,25.57130322103207,58.00093664004121,355.0,-1.0,-358.6919642857143,609.9585401803952,-1.0,-2626.0,136.66056572015682,221.14324857655643,1312.5,0.22875105525969486,0.0006372136860243691,0.00023003462184576471,0.0010976948408342481,0.0004086636697997548,1.0,0.0,1.0,1.0,0.0,0.0,0.0,0.0,0.024854949565542104,0.004357316939335818,0.0331132889769448,0.020211300398656703,14.142857142857142,3.7958086444532633,16,5,6.0,5.9521904731427595,18.0,1.0,2501.714285714286,3297.4260400797343,9808,18,0.0,0.0,0.0,0.0,600.0,595.2190473142759,1800.0,100.0,21.581953322783157,11.841844396246445,37.34492808324037,0.03424000000000001,2.1000014385208488e-06,0.010808400002133567,41.60249169999588,0.8506018000043696,42.46390400000382,921.2767700999539
85589652,457550240,626576524,11975873,350.0,150.0,500.0,100.0,6.868682861328125,-0.6638293,0.23611122,-0.30022812,-0.8865622,-0.36033640429377556,0.3888503210776245,0.1324438750743866,-0.8576676845550537,13.50979232788086,343.1313239952029,-1.1147562265396118,0.3052086236303609,-0.8734524250030518,-1.6304931640625,-0.11385637894272804,0.00529240395567501,-0.10870946943759918,-0.1207461953163147,0.9536862671375275,0.00192337062852459,0.9554752111434937,0.950898289680481,1.3715159893035889,0.002017561677227233,1.373392105102539,1.3685903549194336,4.85594367980957,43,350.0,150.0,500.0,100.0,-33.356414794921875,-4.803468,0.003566507,-4.798801,-4.8077316,-76.85549,0.057064112,-76.780815,-76.923706,160.0037841796875,383.35640652019066,128.0,0.0,128,128,0.0001485106308635526,0.0020219722534408255,0.039968038348871575,0.0,3.301520522345461,5.483138875548404,22.498611289689446,0.9934741678534843,0.010731576726781798,0.008006513317813779,0.03896093776379802,0.002832857177256123,0.5802712599052158,0.3441045315635714,0.9523356030665205,0.0,0.9094301462529415,0.20472926131173116,1.2107427513379179,0.03402625223430528,-109.12585062727139,184.24419672731102,88.5,-598.625,24.615949448710197,56.18526066032983,355.0,-1.0,-332.265625,566.7594250205367,-1.0,-2520.0,120.79208444210497,182.18703589285693,758.9696860711896,0.22875105525969486,0.0005504229609578848,0.00012522440671895908,0.0007524454477050414,0.0004086636697997548,1.0,0.0,1.0,1.0,0.0,0.0,0.0,0.0,0.023309910122552034,0.0025985389064709444,0.0274204170929851,0.020211300398656703,16.0,0.0,16,16,3.5,1.5,5.0,1.0,1377.75,1040.9422114123338,3083,277,0.0,0.0,0.0,0.0,350.0,150.0,500.0,100.0,23.88407535520628,8.021652377722363,37.73079498210136,18.582300000000004,1.6999983927235007e-06,0.007858900004066527,16.63481779999711,0.5944330999991507,17.23711149999872,938.5166239999526
764895838,564108860,922730985,50118808,350.0,150.0,500.0,100.0,6.868682861328125,-0.6638293,0.23611122,-0.30022812,-0.8865622,-0.36033640429377556,0.3888503210776245,0.1324438750743866,-0.8576676845550537,13.50979232788086,343.1313239952029,-1.1147562265396118,0.3052086236303609,-0.8734524250030518,-1.6304931640625,-0.11385637894272804,0.00529240395567501,-0.10870946943759918,-0.1207461953163147,0.9536862671375275,0.00192337062852459,0.9554752111434937,0.950898289680481,1.3715159893035889,0.002017561677227233,1.373392105102539,1.3685903549194336,4.857297420501709,44,304.4182430536065,217.92659391486123,715.1277013752456,100.0,-71.04434967041016,-4.787349,0.017678177,-4.754191,-4.8104672,-73.17348,8.350226,-52.731167,-76.967476,341.1187744140625,375.46259017353225,128.0,0.0,128,128,0.00024509349015877543,0.002642421487118214,0.039968038348871575,0.0,3.3859291639009035,5.594152962158408,22.498611289689446,0.9934741678534843,0.011403688917852496,0.008878752070616813,0.03896093776379802,0.002832857177256123,0.57386483441132,0.33866336849556283,0.9523356030665205,0.0,0.8750923368933176,0.23889300993281726,1.2107427513379179,0.03402625223430528,-125.47477667789319,190.3643807376103,88.5,-598.625,31.582386857831132,63.83912824676673,355.0,-1.0,-368.2857142857143,568.169879628749,-1.0,-2520.0,138.99701308160164,188.59561853725427,758.9696860711896,0.22875105525969486,0.0005878923441487681,0.00014862166365265961,0.0007524454477050414,0.0004086636697997548,1.0,0.0,1.0,1.0,0.0,0.0,0.0,0.0,0.02404168215354786,0.003085799340419058,0.0274204170929851,0.020211300398656703,15.285714285714286,1.7496355305594127,16,11,3.2857142857142856,2.4327694808466287,8.0,1.0,1307.2857142857142,1390.1192872027427,4419,254,0.0,0.0,0.0,0.0,304.4182430536065,217.92659391486123,715.1277013752456,100.0,24.21524484612383,8.273407448861475,37.28358763674736,18.582300000000004,1.8999999156221747e-06,0.00794799999857787,20.780995000000985,0.7763871999995899,21.56533209999907,960.0846881999532
701975890,1065620339,522679137,316934274,416.6666666666667,307.7697552103231,1000.0,100.0,66.18180847167969,-0.65440416,0.20083742,-0.38222373,-0.8658844,-0.1589616984128952,0.5779491439442129,0.47300922870635986,-0.7925251722335815,-29.22338104248047,350.48485826234923,-1.1476616462071736,0.12158784933387726,-1.0074992179870605,-1.3713409900665283,-0.12077550341685613,0.004109254994255101,-0.11238275468349457,-0.12469837814569473,0.9497009217739105,0.0016855918714456805,0.9527286887168884,0.9477485418319702,1.3673287630081177,0.001774189297263436,1.3705134391784668,1.3652724027633667,4.855004787445068,45,416.6666666666667,307.7697552103231,1000.0,100.0,37.08366012573242,-4.788493,0.025819281,-4.7318983,-4.8078194,-76.61589,0.4131085,-75.71037,-76.92511,-179.63839721679688,379.58299782284564,128.0,0.0,128,128,0.0002028461157617666,0.0023323357710198665,0.039968038348871575,0.0,3.7290923466194204,5.923981654723103,22.498611289689446,0.9934741678534843,0.011530134652241385,0.00875944568085262,0.03896093776379802,0.002832857177256123,0.5644627664163402,0.35306659900881066,0.9523356030665205,0.0,0.8863159983254617,0.2237601589312649,1.2107427513379179,0.03402625223430528,-127.19565538216524,191.13139055318837,88.5,-598.625,34.548582041822584,65.3843311508435,355.0,-1.0,-388.81640625,579.7722693110502,-1.0,-2520.0,142.36507987160743,185.8930733545278,758.9696860711896,0.22875105525969486,0.0005418622113287866,0.00015404623481948213,0.0007524454477050414,0.0004086636697997548,1.0,0.0,1.0,1.0,0.0,0.0,0.0,0.0,0.023046449480203915,0.0032258383075825553,0.0274204170929851,0.020211300398656703,16.0,0.0,16,16,4.166666666666667,3.0776975521032313,10.0,1.0,1591.5,1326.559051330421,4373,304,0.0,0.0,0.0,0.0,416.6666666666667,307.7697552103231,1000.0,100.0,28.401282785036017,9.259959557221919,38.13130471018702,18.54364777298444,1.7999991541728377e-06,0.007835200005501974,23.795856699995056,1.166980900001363,24.970674600001075,985.057846899952
492830188,158705372,856799847,275167074,416.6666666666667,307.7697552103231,1000.0,100.0,66.18180847167969,-0.65440416,0.20083742,-0.38222373,-0.8658844,-0.1589616984128952,0.5779491439442129,0.47300922870635986,-0.7925251722335815,-29.22338104248047,350.48485826234923,-1.1476616462071736,0.12158784933387726,-1.0074992179870605,-1.3713409900665283,-0.12077550341685613,0.004109254994255101,-0.11238275468349457,-0.12469837814569473,0.9497009217739105,0.0016855918714456805,0.9527286887168884,0.9477485418319702,1.3673287630081177,0.001774189297263436,1.3705134391784668,1.3652724027633667,4.858278274536133,46,115.18747033697198,126.61110629654806,406.312292358804,0.0,-237.9559783935547,-4.81007,0.018853586,-4.7884226,-4.8449774,-70.77315,9.843065,-52.88981,-77.51964,1145.62890625,353.1434450742583,128.0,0.0,128,128,0.0003726530144161131,0.0029213261612202417,0.039968038348871575,0.0,2.1225304978165567,4.0094266271914325,22.498611289689443,0.7478487663534663,0.017415356703517935,0.01150493883681198,0.04938241121968383,0.002919703766855815,0.618730249689914,0.2781139979001188,0.9332711152589828,0.0,0.8474652254404708,0.24765963071767705,1.2107427513379179,0.03402625223430528,-138.10423752824707,266.3200369292896,88.5,-1313.5,19.632524085022872,54.081169173156646,196.0,-1.0,-362.6908482142857,670.341007439893,-1.0,-2626.0,154.86247440504874,283.0292180156088,1312.5,0.33449400781347277,0.0008672446041116057,0.00021355328045646586,0.0010976948408342481,0.0005202913631633715,1.0,0.0,1.0,1.0,0.0,0.0,0.0,0.0,0.029200725672724696,0.003710054728831936,0.0331132889769448,0.02280396149928317,14.714285714285714,2.0503857277724746,16,11,1.2857142857142858,1.577908716741037,5.0,0.0,277.14285714285717,336.11920868789935,1031,9,0.0,0.0,0.0,0.0,115.18747033697198,126.61110629654806,406.312292358804,0.0,10.89023131024228,9.41871997910806,20.33373622490128,0.03424000000000001,1.6999983927235007e-06,0.005965399999695364,13.643352300001425,0.8358084999999846,14.485127899999497,999.5458486999487
858616074,452304566,336680800,823933417,425.0,341.8698582794336,900.0,100.0,67.0636215209961,-0.76759195,0.16801222,-0.47722977,-0.88010937,-0.06921984907239676,0.4176508917977571,0.4382261633872986,-0.721009373664856,-7.469730377197266,357.9363724361143,-1.0055696368217468,0.14110735636405547,-0.8667090535163879,-1.2108938694000244,-0.12398326396942139,0.0019887983798980713,-0.12199446558952332,-0.12597206234931946,0.9470750391483307,0.0012679994106292725,0.94834303855896,0.9458070397377014,1.3645606637001038,0.0013388991355895996,1.3658995628356934,1.3632217645645142,4.854596138000488,47,425.0,341.8698582794336,900.0,100.0,64.6708984375,-4.799341,0.018263476,-4.7702756,-4.820744,-76.78946,0.29221562,-76.32441,-77.131905,-305.1673889160156,360.3291005668325,128.0,0.0,128,128,0.00029166676292867314,0.002851686353297971,0.039968038348871575,0.0,3.7524192989928693,5.963674845299922,22.498611289689446,0.9934741678534843,0.012088167139675001,0.00942393166654795,0.03896093776379802,0.002832857177256123,0.560314697135141,0.34627355088800754,0.9523356030665205,0.0,0.8552802100983349,0.2505280112820249,1.0549823199940278,0.03402625223430528,-140.9631807535165,194.90536104746,88.5,-586.625,40.09607193764175,70.19587501239688,355.0,-1.0,-416.7578125,576.6324008588269,-1.0,-2424.0,157.48815202117515,190.0559896867106,729.6051907538762,0.22875105525969486,0.0005805545587523979,0.0001718908889526433,0.0007524454477050414,0.0004086636697997548,1.0,0.0,1.0,1.0,0.0,0.0,0.0,0.0,0.0238158587458209,0.003604558347164199,0.0274204170929851,0.020211300398656703,16.0,0.0,16,16,4.25,3.418698582794336,9.0,1.0,1355.5,1151.7470425401577,3155,221,0.0,0.0,0.0,0.0,425.0,341.8698582794336,900.0,100.0,28.37904014393741,9.802137010980815,38.63572057574963,18.582300000000004,2.0000006770715117e-06,0.015528700001596007,14.61853390000033,0.7505848000000697,15.384649400002672,1014.9342207999507
679192402,557500886,1018023110,55491266,425.0,341.8698582794336,900.0,100.0,67.0636215209961,-0.76759195,0.16801222,-0.47722977,-0.88010937,-0.06921984907239676,0.4176508917977571,0.4382261633872986,-0.721009373664856,-7.469730377197266,357.9363724361143,-1.0055696368217468,0.14110735636405547,-0.8667090535163879,-1.2108938694000244,-0.12398326396942139,0.0019887983798980713,-0.12199446558952332,-0.12597206234931946,0.9470750391483307,0.0012679994106292725,0.94834303855896,0.9458070397377014,1.3645606637001038,0.0013388991355895996,1.3658995628356934,1.3632217645645142,4.855255126953125,48,402.9507133592736,243.8306602435146,700.0,0.0,38.359466552734375,-4.8104577,0.046216354,-4.760614,-4.9026837,-55.1232,30.41431,-9.61855,-77.1036,-177.5885009765625,364.5912618460766,128.0,0.0,128,128,7.260571168030475e-05,0.0007979623119743791,0.016126934718260072,0.0,3.098692661042559,5.269382241894858,22.498611289689446,0.7478487663534663,0.012636486775856761,0.009149342988577166,0.04938241121968383,0.002832857177256123,0.5932586684422532,0.3435440036434569,0.9523356030665205,0.0,0.9393317545067009,0.14819303738481843,1.2107427513379179,0.11520204147878298,-102.08627451032964,214.06460655108086,88.5,-1313.5,17.21556947293598,45.75324837643785,355.0,-1.0,-321.2955729166667,619.4088515649962,-1.0,-2626.0,115.17517956387498,218.1865965692603,1312.5,0.22875105525969486,0.000579316044987312,0.00023714017707229668,0.0010976948408342481,0.0004086636697997548,1.0,0.0,1.0,1.0,0.0,0.0,0.0,0.0,0.023657962378684626,0.004384634367024646,0.0331132889769448,0.020211300398656703,11.5,6.370504951205464,16,2,4.166666666666667,2.4094720491334933,7.0,0.0,1229.1666666666667,975.4430474860585,2635,16,0.0,0.0,0.0,0.0,402.9507133592736,243.8306602435146,700.0,0.0,22.43869570747596,12.731879635365305,37.73872,0.03424000000000001,1.8999999156221747e-06,0.012279000002308749,22.12186799999472,0.864984399995592,22.999133299992536,1037.9362673999422
658760007,92749799,316450992,220591670,203.99064817800712,233.69175575235056,625.0,0.0,-138.55117797851562,-0.7401968,0.122137584,-0.5158149,-0.8782228,-0.006828329392841884,0.5047692091105296,0.7887377142906189,-0.6873311996459961,123.31402587890625,342.5418000103036,-1.0877545646258764,0.26031587812585394,-0.8662716746330261,-1.6389857530593872,-0.11570642994982856,0.006738863159306551,-0.10948330163955688,-0.12468060851097107,0.9469908816473824,0.0020448311093727725,0.9493411779403687,0.9439474940299988,1.3644703456333704,0.002160732487191041,1.3669514656066895,1.3612537384033203,4.858432292938232,49,203.99064817800712,233.69175575235056,625.0,0.0,-144.54055786132812,-4.796603,0.010005764,-4.778079,-4.814662,-76.74565,0.16009222,-76.449265,-77.03459,691.6334228515625,348.5312004792696,128.0,0.0,128,128,0.0003021925518814851,0.002497539657118982,0.039968038348871575,0.0,2.34019788040345,4.35393247563565,22.498611289689446,0.7478487663534663,0.017233924103856425,0.011276115408340977,0.04938241121968383,0.002832857177256123,0.6144374754462127,0.2943332638811658,0.9523356030665205,0.0,0.8697266131700561,0.2265253702909783,1.2107427513379179,0.03402625223430528,-132.69552553521356,265.3755701027221,88.5,-1313.5,18.96832568586519,52.02376240917211,355.0,-1.0,-363.07254464285717,677.740630274425,-1.0,-2626.0,149.906389336687,280.47888795683804,1312.5,0.22875105525969486,0.0008181329215537075,0.0002671192752880852,0.0010976948408342481,0.0004086636697997548,1.0,0.0,1.0,1.0,0.0,0.0,0.0,0.0,0.028170851859249214,0.004878046011814826,0.0331132889769448,0.020211300398656703,16.0,0.0,16,16,2.2857142857142856,2.710523708715754,7.0,0.0,711.7142857142857,899.0000340514397,2637,16,0.0,0.0,0.0,0.0,203.99064817800712,233.69175575235056,625.0,0.0,13.378030780232312,13.09205911564564,37.49008782752051,0.03424000000000001,2.0999941625632346e-06,0.006681999999273103,15.237003399997775,1.1988767000002554,16.442564199991466,1054.3822800999333
12327951,97663877,503133585,656828586,203.99064817800712,233.69175575235056,625.0,0.0,-138.55117797851562,-0.7401968,0.122137584,-0.5158149,-0.8782228,-0.006828329392841884,0.5047692091105296,0.7887377142906189,-0.6873311996459961,123.31402587890625,342.5418000103036,-1.0877545646258764,0.26031587812585394,-0.8662716746330261,-1.6389857530593872,-0.11570642994982856,0.006738863159306551,-0.10948330163955688,-0.12468060851097107,0.9469908816473824,0.0020448311093727725,0.9493411779403687,0.9439474940299988,1.3644703456333704,0.002160732487191041,1.3669514656066895,1.3612537384033203,4.855535984039307,50,420.0,285.657137141714,800.0,0.0,64.32192993164062,-4.810882,0.01027414,-4.792538,-4.821821,-74.08559,5.7527547,-62.584656,-77.14914,-310.0965881347656,355.67808043134266,128.0,0.0,128,128,0.0001847006018051585,0.0020042852173849744,0.039968038348871575,0.0,2.84357250848981,4.990555933671816,22.498611289689446,0.7478487663534663,0.013542792507776508,0.010001992065282348,0.04938241121968383,0.002832857177256123,0.5978747215368274,0.3250461276965559,0.9523356030665205,0.0,0.9033161461051122,0.20238920940031463,1.2107427513379179,0.03402625223430528,-114.61802210243722,224.3671185284698,88.5,-1313.5,19.76139573438819,51.192042121375906,355.0,-1.0,-335.465625,621.2721616315665,-1.0,-2626.0,128.32953119974948,231.89359151222976,1312.5,0.22875105525969486,0.0006598773369331575,0.0002458982783816056,0.0010976948408342481,0.0004086636697997548,1.0,0.0,1.0,1.0,0.0,0.0,0.0,0.0,0.02527058589343059,0.004558390228227,0.0331132889769448,0.020211300398656703,15.4,1.2,16,13,4.2,2.85657137141714,8.0,0.0,1137.0,771.9129484598635,2023,100,0.0,0.0,0.0,0.0,420.0,285.657137141714,800.0,0.0,18.723757044098413,11.73587639306023,37.151160000000004,0.04179959717247636,6.199996278155595e-06,0.012678300001425669,20.76524839999911,0.762488200001826,21.54042109999864,1075.9253252999406
329187348,337730166,116213680,38689046,471.84779103514995,166.6736689383712,800.0,200.0,116.3753890991211,-0.7158931,0.21366471,-0.30807388,-0.8786193,-0.10218874112303768,0.49025313796795456,0.548736572265625,-0.8480396270751953,-87.01815795898438,355.4723991127882,-1.0898790614945548,0.24396022377530124,-0.8601321578025818,-1.578080415725708,-0.11719182985169548,0.004787801898843282,-0.10998129099607468,-0.12352673709392548,0.943295989717756,0.0017061362990013753,0.9454449415206909,0.9399957656860352,1.360561694417681,0.0018094461763762022,1.362838864326477,1.3570586442947388,4.857174396514893,51,471.84779103514995,166.6736689383712,800.0,200.0,104.5527572631836,-4.801301,0.010699196,-4.785684,-4.815024,-67.19485,23.502897,-9.625968,-77.04038,-503.0269775390625,367.29505149172337,128.0,0.0,128,128,0.00010417256508951939,0.0015308905731657599,0.039968038348871575,0.0,3.82126392907469,5.988508888615434,22.498611289689446,0.9934741678534843,0.011040823718529475,0.0079986170569233,0.03896093776379802,0.002832857177256123,0.5652792859239177,0.36394365187579303,0.9523356030665205,0.0,0.9196151123524877,0.18323635410137226,1.2107427513379179,0.03402625223430528,-114.65735269182618,186.8221478624858,88.5,-598.625,30.25399005951577,60.57803469341387,355.0,-1.0,-369.04910714285717,585.4560358471994,-1.0,-2520.0,129.08484294487815,179.80655201388967,758.9696860711896,0.22875105525969486,0.000489668979032972,0.00011782212610741372,0.0007524454477050414,0.0004086636697997548,1.0,0.0,1.0,1.0,0.0,0.0,0.0,0.0,0.02198193452659689,0.0024919622266301963,0.0274204170929851,0.020211300398656703,14.0,4.898979485566356,16,2,4.857142857142857,1.7261494247992246,8.0,2.0,1462.0,590.3478393528441,2131,342,0.0,0.0,0.0,0.0,471.84779103514995,166.6736689383712,800.0,200.0,30.083807730317346,9.472978487613123,41.171234658201804,18.582300223397336,1.8999999156221747e-06,0.008346200003870763,23.164067599995178,0.8432417000003625,24.015657399999327,1099.9438021999376
583866853,897830797,460720113,947645042,471.84779103514995,166.6736689383712,800.0,200.0,116.3753890991211,-0.7158931,0.21366471,-0.30807388,-0.8786193,-0.10218874112303768,0.49025313796795456,0.548736572265625,-0.8480396270751953,-87.01815795898438,355.4723991127882,-1.0898790614945548,0.24396022377530124,-0.8601321578025818,-1.578080415725708,-0.11719182985169548,0.004787801898843282,-0.10998129099607468,-0.12352673709392548,0.943295989717756,0.0017061362990013753,0.9454449415206909,0.9399957656860352,1.360561694417681,0.0018094461763762022,1.362838864326477,1.3570586442947388,4.857079029083252,52,180.11400430551302,194.97878743708978,552.539404553415,0.0,-168.4629364013672,-4.810692,0.030145874,-4.7759404,-4.8569117,-57.56467,26.982273,-19.385153,-76.84583,805.4601440429688,348.57694677310235,128.0,0.0,128,128,0.0003324508789711838,0.0029561199344169797,0.039968038348871575,0.0,2.891401286104747,5.079972883733238,22.498611289689446,0.7478487663534663,0.013964223116995758,0.010598698607297249,0.04938241121968383,0.002832857177256123,0.5899707664975061,0.31372613559060303,0.9523356030665205,0.0,0.8512885590345979,0.2529711349875261,1.2107427513379179,0.03402625223430528,-135.93148924490455,224.41055639280896,88.5,-1313.5,29.085447396924934,62.93845958438379,355.0,-1.0,-376.7330729166667,608.9048873369705,-1.0,-2626.0,151.20342310943252,231.61733156552816,1312.5,0.22875105525969486,0.0007139977028187498,0.0002169520679490203,0.0010976948408342481,0.0004086636697997548,1.0,0.0,1.0,1.0,0.0,0.0,0.0,0.0,0.026398300358973326,0.004070697735863058,0.0331132889769448,0.020211300398656703,12.0,5.656854249492381,16,4,2.3333333333333335,2.494438257849294,7.0,0.0,893.5,1162.579853888182,3336,16,0.0,0.0,0.0,0.0,180.11400430551302,194.97878743708978,552.539404553415,0.0,18.638477498555485,10.70924810656857,37.13036300782204,0.03424000000000001,1.7999991541728377e-06,0.007363900003838353,13.68480450000061,0.6085299000042141,14.300700100007816,1114.2470192999317
680903265,62674613,529827668,933694474,546.3372696139035,500.7212176709098,1200.0,0.0,171.77838134765625,-0.73465216,0.20553806,-0.2498151,-0.8670014,0.011170085818905915,0.5010416702263109,0.6071833968162537,-0.8951537609100342,-74.48239135742188,374.5588861628997,-1.1252267445836748,0.3252376178782888,-0.8636486530303955,-1.8657703399658203,-0.11384371561663491,0.00655775122541669,-0.10674573481082916,-0.12267938256263733,0.9422974160739354,0.002474928872720776,0.9446099400520325,0.9386500120162964,1.3595007147107805,0.002628450487620657,1.3619552850723267,1.355625867843628,4.854210376739502,53,546.3372696139035,500.7212176709098,1200.0,0.0,177.98431396484375,-4.813006,0.04159428,-4.762024,-4.888326,-64.49019,19.960299,-24.441631,-77.38729,-848.868408203125,368.35297905718244,128.0,0.0,128,128,0.0002095908413748708,0.0022795267787038644,0.039968038348871575,0.0,2.8655811068694064,5.01316013331021,22.498611289689446,0.7478487663534663,0.012830304298751634,0.009737322302285167,0.04938241121968383,0.002832857177256123,0.5949915481925032,0.32375435932547597,0.9523356030665205,0.0,0.8939323094254138,0.2171693319758529,1.2107427513379179,0.03402625223430528,-115.75318624890659,214.53956938272037,88.5,-1313.5,21.480510280916178,53.725558023477106,355.0,-1.0,-334.36049107142856,602.0623044865766,-1.0,-2626.0,128.6540175174605,220.78910361847534,1312.5,0.22875105525969486,0.0006531604993620287,0.00021714613394526502,0.0010976948408342481,0.0004086636697997548,1.0,0.0,1.0,1.0,0.0,0.0,0.0,0.0,0.02522532972277446,0.004045920001424379,0.0331132889769448,0.020211300398656703,13.428571428571429,4.203982562732046,16,5,6.142857142857143,5.742786069211937,14.0,0.0,3001.285714285714,3316.591094753153,9502,16,0.0,0.0,0.0,0.0,546.3372696139035,500.7212176709098,1200.0,0.0,18.97872519245774,9.99003225983934,37.35486629014131,0.03424000000000001,1.6999983927235007e-06,0.0078038999999989755,29.9055515,0.9302057000022614,30.843562800000655,1145.0933939999159
67951712,81608887,770677053,350867000,546.3372696139035,500.7212176709098,1200.0,0.0,171.77838134765625,-0.73465216,0.20553806,-0.2498151,-0.8670014,0.011170085818905915,0.5010416702263109,0.6071833968162537,-0.8951537609100342,-74.48239135742188,374.5588861628997,-1.1252267445836748,0.3252376178782888,-0.8636486530303955,-1.8657703399658203,-0.11384371561663491,0.00655775122541669,-0.10674573481082916,-0.12267938256263733,0.9422974160739354,0.002474928872720776,0.9446099400520325,0.9386500120162964,1.3595007147107805,0.002628450487620657,1.3619552850723267,1.355625867843628,4.85825252532959,54,403.4815436241611,470.48020845253257,1327.8523489932886,0.0,31.615692138671875,-4.796855,0.025420688,-4.7662497,-4.8378873,-68.89082,20.557169,-14.508667,-77.4062,-153.95712280273438,371.8658355138803,128.0,0.0,128,128,0.00024891071953232806,0.0019755941074081165,0.039968038348871575,0.0,2.572558835793568,4.703742987920133,22.498611289689446,0.7478487663534663,0.018279157861011357,0.011106452680614718,0.04938241121968383,0.002832857177256123,0.6105454551359689,0.3085172579589068,0.9523356030665205,0.0,0.8865488920694523,0.20060972967531585,1.1951265277932084,0.03402625223430528,-134.04232138440426,276.0923953085096,88.5,-1313.5,19.638452808108,51.68026513302616,355.0,-1.0,-382.845703125,706.0830496956249,-1.0,-2626.0,153.6471606909348,290.3745582002531,1312.5,0.22875105525969486,0.0007961519775551622,0.0003193869557979759,0.0010976948408342481,0.0004086636697997548,1.0,0.0,1.0,1.0,0.0,0.0,0.0,0.0,0.027563434274591805,0.005972704793183852,0.0331132889769448,0.020211300398656703,14.375,4.29934588047996,16,3,4.125,4.88460592064498,14.0,0.0,2018.875,2739.2488220997743,7610,8,0.0,0.0,0.0,0.0,403.4815436241611,470.48020845253257,1327.8523489932886,0.0,16.529060550470142,17.525317203893295,39.244281948920424,0.03424000000000001,1.7999991541728377e-06,0.008830200000375044,29.158980199994403,0.7621706999998423,29.929982899993774,1175.0259881999082
819896025,220438933,1062243559,300997728,318.40277777777777,292.7816403524462,700.0,0.0,-50.540489196777344,-0.75795954,0.08821644,-0.62691426,-0.84629244,0.0732227365175883,0.49445880399625947,0.8945819139480591,-0.5324382781982422,40.39261245727539,368.9432753243875,-1.1629707018534343,0.4938688122473437,-0.8569548726081848,-2.237732172012329,-0.11202134812871616,0.00650034603723355,-0.10502669215202332,-0.1213487982749939,0.9389771322409312,0.001835912507224279,0.9414785504341125,0.9352896213531494,1.355972448984782,0.001957017413249897,1.3586348295211792,1.3520394563674927,4.853478908538818,55,318.40277777777777,292.7816403524462,700.0,0.0,-48.11675262451172,-4.7911277,0.023035772,-4.7578325,-4.8298573,-76.65804,0.36857235,-76.12532,-77.27772,228.42733764648438,366.51952974027006,128.0,0.0,128,128,0.0002154440233094029,0.001991735931850436,0.039968038348871575,0.0,2.8155460646441988,4.988969996624985,22.498611289689446,0.7478487663534663,0.015763297482934837,0.010782519162262114,0.04938241121968383,0.002832857177256123,0.6004540567257178,0.3211358712916786,0.9523356030665205,0.0,0.894175976797282,0.20228003052429294,1.2107427513379179,0.03402625223430528,-125.73683113202662,249.5421357420204,88.5,-1313.5,21.2976183549754,53.27601119259474,355.0,-1.0,-365.9856770833333,663.3320824577768,-1.0,-2626.0,142.69546860799153,259.8374629804095,1312.5,0.22875105525969486,0.0007142423053560698,0.00029436506444916794,0.0010976948408342481,0.0004086636697997548,1.0,0.0,1.0,1.0,0.0,0.0,0.0,0.0,0.02614559289057855,0.005482105881344311,0.0331132889769448,0.020211300398656703,16.0,0.0,16,16,3.3333333333333335,3.0912061651652345,7.0,0.0,1162.0,1134.4055712133998,3001,18,0.0,0.0,0.0,0.0,318.40277777777777,292.7816403524462,700.0,0.0,19.506455083288905,15.951240132238798,40.548036742031215,0.03424000000000001,2.2000021999701858e-06,0.0055874999961815774,15.478171800001292,0.6994534999976167,16.18321499999729,1191.2117614999152
740196857,955523027,588993561,1042666993,318.40277777777777,292.7816403524462,700.0,0.0,-50.540489196777344,-0.75795954,0.08821644,-0.62691426,-0.84629244,0.0732227365175883,0.49445880399625947,0.8945819139480591,-0.5324382781982422,40.39261245727539,368.9432753243875,-1.1629707018534343,0.4938688122473437,-0.8569548726081848,-2.237732172012329,-0.11202134812871616,0.00650034603723355,-0.10502669215202332,-0.1213487982749939,0.9389771322409312,0.001835912507224279,0.9414785504341125,0.9352896213531494,1.355972448984782,0.001957017413249897,1.3586348295211792,1.3520394563674927,4.853936672210693,56,487.67783738003044,318.6590189027553,800.0,17.782909930715935,109.04249572753906,-4.7871785,0.023159767,-4.754664,-4.830635,-72.61483,8.986712,-52.536236,-77.29016,-524.1909790039062,378.63536050424614,128.0,0.0,128,128,0.00018961256734208564,0.0023327672449664433,0.039968038348871575,0.0,3.174547882503107,5.351610578871221,22.498611289689446,0.9934741678534843,0.010837412409917679,0.008278251012496846,0.03896093776379802,0.002832857177256123,0.5827753782140414,0.33640371590451096,0.9523356030665205,0.0,0.8964443367440168,0.22115964849707992,1.2107427513379179,0.03402625223430528,-112.2809326232076,185.45806740496658,88.5,-598.625,25.003398514885507,57.27003283503559,355.0,-1.0,-332.04296875,561.5902777655342,-1.0,-2520.0,123.68313406531597,184.94527506812642,758.9696860711896,0.22875105525969486,0.0005790714424499921,0.00012879000578383068,0.0007524454477050414,0.0004086636697997548,1.0,0.0,1.0,1.0,0.0,0.0,0.0,0.0,0.023910669847079402,0.0026456377894392537,0.0274204170929851,0.020211300398656703,15.166666666666666,1.863389981249825,16,11,5.333333333333333,2.8087165910587863,8.0,1.0,1804.6666666666667,1173.6962506921836,3353,317,0.0,0.0,0.0,0.0,487.67783738003044,318.6590189027553,800.0,17.782909930715935,22.059373487705056,6.7665091319281085,37.13036300782204,18.582300223397336,1.6999983927235007e-06,0.005192600001464598,21.216624200002116,0.8899517000027117,22.111770200004685,1213.326287799915
784241550,824445069,845327572,920460916,625.0,227.76083947860747,1000.0,400.0,230.4510498046875,-0.5909778,0.13200976,-0.36601293,-0.70188606,0.07397833466529846,0.755493493745238,0.8877306580543518,-0.8201027512550354,-109.11576080322266,394.54894779194876,-1.5486984550952911,0.4278122737750472,-0.9832571744918823,-2.187397003173828,-0.11153200268745422,0.004930965602397919,-0.1066010370850563,-0.11646296828985214,0.9354815483093262,0.001074373722076416,0.9365559220314026,0.9344071745872498,1.3522440195083618,0.0011484622955322266,1.353392481803894,1.3510955572128296,4.853374004364014,57,625.0,227.76083947860747,1000.0,400.0,221.72816467285156,-4.802828,0.021618716,-4.782047,-4.832555,-76.845245,0.34589946,-76.51275,-77.32088,-1061.5509033203125,403.2718244538215,128.0,0.0,128,128,2.520482142795358e-05,8.834979901424396e-05,0.0006853758461993129,0.0,3.682438441872524,5.84350714343016,22.498611289689446,1.0054601753418155,0.010414069677374155,0.007119992152643454,0.02974500036118929,0.002832857177256123,0.5727589049787387,0.36613397417502236,0.9523356030665205,0.0,0.9483875747797155,0.13746976538754838,1.2107427513379179,0.16361343296583433,-99.66060463946275,180.2225216370029,88.5,-598.625,23.453602250184254,52.78032472192741,355.0,-1.0,-332.93359375,581.9909520314384,-1.0,-2520.0,112.11893557247191,173.36061220628886,758.9696860711896,0.22875105525969486,0.0004644775164815632,5.5813846681808366e-05,0.0005202913631633715,0.0004086636697997548,1.0,0.0,1.0,1.0,0.0,0.0,0.0,0.0,0.021507630948969937,0.001296330550313234,0.02280396149928317,0.020211300398656703,16.0,0.0,16,16,6.25,2.277608394786075,10.0,4.0,2489.5,1608.6742212144757,5101,987,0.0,0.0,0.0,0.0,625.0,227.76083947860747,1000.0,400.0,28.70950520187786,9.128314372939432,38.485089647509334,18.880465983760395,1.700005668681115e-06,0.006275799998547882,23.18511870000657,0.6207932999968762,23.812189500007662,1237.1413478999166
283468587,989400710,23463629,35422904,625.0,227.76083947860747,1000.0,400.0,230.4510498046875,-0.5909778,0.13200976,-0.36601293,-0.70188606,0.07397833466529846,0.755493493745238,0.8877306580543518,-0.8201027512550354,-109.11576080322266,394.54894779194876,-1.5486984550952911,0.4278122737750472,-0.9832571744918823,-2.187397003173828,-0.11153200268745422,0.004930965602397919,-0.1066010370850563,-0.11646296828985214,0.9354815483093262,0.001074373722076416,0.9365559220314026,0.9344071745872498,1.3522440195083618,0.0011484622955322266,1.353392481803894,1.3510955572128296,4.853007793426514,58,304.40771349862257,342.7134540578414,1000.0,0.0,-88.9776840209961,-4.8069196,0.041255176,-4.764093,-4.881173,-61.520493,21.204008,-29.046448,-76.77311,418.1754150390625,393.3854133583016,128.0,0.0,128,128,0.00023701345759443676,0.002460722462305034,0.039968038348871575,0.0,2.5908021016731415,4.654738587875091,22.498611289689443,0.7478487663534663,0.013059829508400287,0.009983182881234858,0.04938241121968383,0.002919703766855815,0.6032751416775559,0.31100672790860623,0.9332711152589828,0.0,0.8873885164710021,0.22590717740010643,1.2107427513379179,0.03402625223430528,-114.70660249407449,218.35056157370641,88.5,-1313.5,18.76536573763723,51.05672414055266,196.0,-1.0,-320.4049479166667,600.26391446327,-1.0,-2626.0,126.73937805671905,227.34457944636495,1312.5,0.33449400781347277,0.000693909970955741,0.00020829677871353833,0.0010976948408342481,0.0005202913631633715,1.0,0.0,1.0,1.0,0.0,0.0,0.0,0.0,0.026061001276794084,0.003769520501451581,0.0331132889769448,0.02280396149928317,12.833333333333334,4.487637339278753,16,6,3.1666666666666665,3.337497399083464,10.0,0.0,1161.3333333333333,1516.672637350885,4438,16,0.0,0.0,0.0,0.0,304.40771349862257,342.7134540578414,1000.0,0.0,15.866136461730298,7.101882931617758,20.21428240341173,0.03424000000000001,2.5000044843181968e-06,0.005774600002041552,16.70160510000278,0.49081769999611424,17.19819990000542,1254.3542766999162
16648123,895794063,743134744,211760123,314.70493389229284,285.86120774116716,902.9345372460497,100.0,-71.85961151123047,-0.6442885,0.22169736,-0.23822427,-0.8577054,-0.3291562284742083,0.5076653383223483,0.49219974875450134,-0.9808621406555176,44.040714263916016,386.56454640198314,-1.5289515171732222,1.001805336462911,-0.8479587435722351,-3.6761364936828613,-0.11352951292480741,0.006814852717906486,-0.10208544135093689,-0.11953932046890259,0.9264084867068699,0.0024309661380774988,0.9301728010177612,0.9237604737281799,1.3424950667790003,0.002623810638123845,1.3465535640716553,1.3396360874176025,4.854989528656006,59,314.70493389229284,285.86120774116716,902.9345372460497,100.0,-70.81243896484375,-4.8017125,0.015409513,-4.782325,-4.829971,-71.30744,13.337523,-38.639767,-76.990005,342.34368896484375,385.5173654117007,128.0,0.0,128,128,0.00029139434541208256,0.002738973983228631,0.039968038348871575,0.0,3.123237550667926,5.343165085309372,22.498611289689446,0.7478487663534663,0.01360549882040489,0.010301948527627044,0.04938241121968383,0.002832857177256123,0.5835877980381747,0.3257389050207154,0.9523356030665205,0.0,0.8629894887656386,0.24256118154458456,1.2107427513379179,0.03402625223430528,-133.94594632104668,219.8729971449368,88.5,-1313.5,30.326294560305637,63.34357092097552,355.0,-1.0,-382.64174107142856,608.6671639875208,-1.0,-2626.0,149.62319899121488,224.54776580364543,1312.5,0.22875105525969486,0.0006703785552446075,0.00022750813492460916,0.0010976948408342481,0.0004086636697997548,1.0,0.0,1.0,1.0,0.0,0.0,0.0,0.0,0.025514443221785244,0.0043463289070336366,0.0331132889769448,0.020211300398656703,14.857142857142858,2.7994168488950613,16,8,3.2857142857142856,3.1493439550069433,10.0,1.0,1314.857142857143,1672.3899432994028,5092,18,0.0,0.0,0.0,0.0,314.70493389229284,285.86120774116716,902.9345372460497,100.0,21.671262226427384,12.065941139704714,38.413861153490146,0.03424000000000001,2.0000006770715117e-06,0.005810299997392576,20.821462399995653,0.8286287000009906,21.655903399994713,1276.0127752999251
908491913,81011138,533739719,739929909,314.70493389229284,285.86120774116716,902.9345372460497,100.0,-71.85961151123047,-0.6442885,0.22169736,-0.23822427,-0.8577054,-0.3291562284742083,0.5076653383223483,0.49219974875450134,-0.9808621406555176,44.040714263916016,386.56454640198314,-1.5289515171732222,1.001805336462911,-0.8479587435722351,-3.6761364936828613,-0.11352951292480741,0.006814852717906486,-0.10208544135093689,-0.11953932046890259,0.9264084867068699,0.0024309661380774988,0.9301728010177612,0.9237604737281799,1.3424950667790003,0.002623810638123845,1.3465535640716553,1.3396360874176025,4.857321262359619,60,258.4247648902821,231.42041068021163,600.0,0.0,-114.38333892822266,-4.8269687,0.04432901,-4.7891545,-4.902385,-57.695786,25.502913,-14.707155,-76.99828,542.9736328125,372.8081053595589,128.0,0.0,128,128,0.00022953712755684013,0.0022384117532763307,0.039968038348871575,0.0,2.841810199187749,5.009256275580744,22.498611289689446,0.7478487663534663,0.014584744056248489,0.010521033907349672,0.04938241121968383,0.002832857177256123,0.5972864462522116,0.3209961245291874,0.9523356030665205,0.0,0.8882501620295034,0.21509756949964595,1.2107427513379179,0.03402625223430528,-123.95039750278997,235.6292838657642,88.5,-1313.5,22.417787928040585,54.897995672465036,355.0,-1.0,-357.388671875,637.3055366000272,-1.0,-2626.0,139.38790978392814,244.3653433163468,1312.5,0.22875105525969486,0.0006947738303756039,0.00026361644081108343,0.0010976948408342481,0.0004086636697997548,1.0,0.0,1.0,1.0,0.0,0.0,0.0,0.0,0.025887241991967444,0.00490635589023878,0.0331132889769448,0.020211300398656703,12.0,5.338539126015656,16,3,2.75,2.384848003542364,6.0,0.0,1187.75,1278.3597645029351,3299,18,0.0,0.0,0.0,0.0,258.4247648902821,231.42041068021163,600.0,0.0,19.310953907526542,13.137326860472436,37.13036,0.03424000000000001,2.9000002541579306e-06,0.0055334999997285195,16.33386469999823,0.4849268999969354,16.82432799999515,1292.8400258999318
