suite,family,scale,split,time_limit,solver_seeds,path,relative_path,instance,method,seed,training_seed,run_label,stability_profile,lexicographic_schedule_stability,schedule_stability_mode,lexicographic_stability_time_limit,warm_start,started_at,status,primary_status,stability_status,solving_time,end_to_end_time,cutsel_callback_calls,cutsel_callback_time,cutsel_feature_time,cutsel_device_transfer_time,cutsel_policy_inference_time,cutsel_structure_rerank_time,cutsel_root_calls,cutsel_nonroot_calls,nodes,gap,primal_dual_integral,best_objective,schedule_total_wait,schedule_max_wait,schedule_cadence_cv,schedule_cadence_deviation_sum,n_solutions,has_incumbent,solution_file,solution_write_error,acs_weights,acs_weight_source,policy_model,feature_dim,structure_rerank,decode_type,error
cie_core_nominal,dual_source_cluster_tool,8_to_32_wafers_nominal_processing,test,600.0,[],D:\git\git\RDMCT-A3C\cie\data\core\pure41\cie_core_n008_f008_m000_proc100.lp,pure41\cie_core_n008_f008_m000_proc100.lp,cie_core_n008_f008_m000_proc100.lp,proposed,2,1,stability_full_trainseed_1,full,True,linear,60.0,auto,2026-08-06T22:32:21,optimal,optimal,optimal,0.4746198000066215,0.5012859999987995,1,0.436272300001292,0.005997896194458008,0.0,0.4268350601196289,0.002003192901611328,1,0,1.0,0.0,2.622950819672131,610.000001,400.0,58.0,0.0,0.0,1,True,D:\git\git\RDMCT-A3C\cie\results\stability\cie_stability_600s_mem2048_repro_v1\s2_t1to5\solutions\cie_core_nominal__cie_core_n008_f008_m000_proc100__proposed__solverseed_2__trainseed_1__stability_full_trainseed_1.sol,,,,D:\git\git\RDMCT-A3C\cie\models\proposed\cie_proposed_all_cie_proposed\cie_proposed_all_cie_proposed_2026_08_02_14_55_21_0000--s-1\itr_60.pkl,23,True,beam_search,
cie_core_nominal,dual_source_cluster_tool,8_to_32_wafers_nominal_processing,test,600.0,[],D:\git\git\RDMCT-A3C\cie\data\core\pure41\cie_core_n016_f016_m000_proc100.lp,pure41\cie_core_n016_f016_m000_proc100.lp,cie_core_n016_f016_m000_proc100.lp,proposed,2,1,stability_full_trainseed_1,full,True,linear,60.0,auto,2026-08-06T22:32:22,optimal,optimal,optimal,0.30625940000027185,0.3878513999952702,1,0.03889060000074096,0.006001710891723633,0.0,0.029997587203979492,0.002000570297241211,1,0,1.0,0.0,0.0,944.000001,924.0,58.0,0.0,0.0,1,True,D:\git\git\RDMCT-A3C\cie\results\stability\cie_stability_600s_mem2048_repro_v1\s2_t1to5\solutions\cie_core_nominal__cie_core_n016_f016_m000_proc100__proposed__solverseed_2__trainseed_1__stability_full_trainseed_1.sol,,,,D:\git\git\RDMCT-A3C\cie\models\proposed\cie_proposed_all_cie_proposed\cie_proposed_all_cie_proposed_2026_08_02_14_55_21_0000--s-1\itr_60.pkl,23,True,beam_search,
cie_core_nominal,dual_source_cluster_tool,8_to_32_wafers_nominal_processing,test,600.0,[],D:\git\git\RDMCT-A3C\cie\data\core\pure41\cie_core_n024_f024_m000_proc100.lp,pure41\cie_core_n024_f024_m000_proc100.lp,cie_core_n024_f024_m000_proc100.lp,proposed,2,1,stability_full_trainseed_1,full,True,linear,60.0,auto,2026-08-06T22:32:22,optimal,optimal,optimal,2.4432062999985646,2.589569899995695,1,0.04031160000158707,0.007999181747436523,0.0,0.02899932861328125,0.0010004043579101562,1,0,1.0,0.0,300.0,1268.000001,1448.0,58.0,0.0,0.0,3,True,D:\git\git\RDMCT-A3C\cie\results\stability\cie_stability_600s_mem2048_repro_v1\s2_t1to5\solutions\cie_core_nominal__cie_core_n024_f024_m000_proc100__proposed__solverseed_2__trainseed_1__stability_full_trainseed_1.sol,,,,D:\git\git\RDMCT-A3C\cie\models\proposed\cie_proposed_all_cie_proposed\cie_proposed_all_cie_proposed_2026_08_02_14_55_21_0000--s-1\itr_60.pkl,23,True,beam_search,
cie_core_nominal,dual_source_cluster_tool,8_to_32_wafers_nominal_processing,test,600.0,[],D:\git\git\RDMCT-A3C\cie\data\core\pure41\cie_core_n032_f032_m000_proc100.lp,pure41\cie_core_n032_f032_m000_proc100.lp,cie_core_n032_f032_m000_proc100.lp,proposed,2,1,stability_full_trainseed_1,full,True,linear,60.0,auto,2026-08-06T22:32:25,optimal,optimal,optimal,7.1636687999998685,7.531557199996314,0,0.0,0.0,0.0,0.0,0.0,0,0,1.0,0.0,700.0,1592.000001,1972.0,58.0,0.0,0.0,3,True,D:\git\git\RDMCT-A3C\cie\results\stability\cie_stability_600s_mem2048_repro_v1\s2_t1to5\solutions\cie_core_nominal__cie_core_n032_f032_m000_proc100__proposed__solverseed_2__trainseed_1__stability_full_trainseed_1.sol,,,,D:\git\git\RDMCT-A3C\cie\models\proposed\cie_proposed_all_cie_proposed\cie_proposed_all_cie_proposed_2026_08_02_14_55_21_0000--s-1\itr_60.pkl,23,True,beam_search,
cie_core_nominal,dual_source_cluster_tool,8_to_32_wafers_nominal_processing,test,600.0,[],D:\git\git\RDMCT-A3C\cie\data\core\spbs\cie_core_n008_f000_m008_proc100.lp,spbs\cie_core_n008_f000_m008_proc100.lp,cie_core_n008_f000_m008_proc100.lp,proposed,2,1,stability_full_trainseed_1,full,True,linear,60.0,auto,2026-08-06T22:32:32,optimal,optimal,optimal,0.4133894999977201,0.44016340000234777,1,0.052015000001119915,0.0060007572174072266,0.0,0.0429990291595459,0.0020020008087158203,1,0,547.0,0.0,92.84286594460829,768.000001,32.0,0.0,0.0,0.0,1,True,D:\git\git\RDMCT-A3C\cie\results\stability\cie_stability_600s_mem2048_repro_v1\s2_t1to5\solutions\cie_core_nominal__cie_core_n008_f000_m008_proc100__proposed__solverseed_2__trainseed_1__stability_full_trainseed_1.sol,,,,D:\git\git\RDMCT-A3C\cie\models\proposed\cie_proposed_all_cie_proposed\cie_proposed_all_cie_proposed_2026_08_02_14_55_21_0000--s-1\itr_60.pkl,23,True,beam_search,
cie_core_nominal,dual_source_cluster_tool,8_to_32_wafers_nominal_processing,test,600.0,[],D:\git\git\RDMCT-A3C\cie\data\core\spbs\cie_core_n008_f002_m006_proc100.lp,spbs\cie_core_n008_f002_m006_proc100.lp,cie_core_n008_f002_m006_proc100.lp,proposed,2,1,stability_full_trainseed_1,full,True,linear,60.0,auto,2026-08-06T22:32:33,optimal,optimal,optimal,0.6822895000004792,0.7078660000042873,1,0.042184700003417674,0.00599980354309082,0.0,0.03300023078918457,0.001999378204345703,1,0,723.0,0.0,91.434281050728,900.000001,345.9999980000007,93.0,2.5619802202791747e-09,9.999996564147295e-07,3,True,D:\git\git\RDMCT-A3C\cie\results\stability\cie_stability_600s_mem2048_repro_v1\s2_t1to5\solutions\cie_core_nominal__cie_core_n008_f002_m006_proc100__proposed__solverseed_2__trainseed_1__stability_full_trainseed_1.sol,,,,D:\git\git\RDMCT-A3C\cie\models\proposed\cie_proposed_all_cie_proposed\cie_proposed_all_cie_proposed_2026_08_02_14_55_21_0000--s-1\itr_60.pkl,23,True,beam_search,
cie_core_nominal,dual_source_cluster_tool,8_to_32_wafers_nominal_processing,test,600.0,[],D:\git\git\RDMCT-A3C\cie\data\core\spbs\cie_core_n008_f004_m004_proc100.lp,spbs\cie_core_n008_f004_m004_proc100.lp,cie_core_n008_f004_m004_proc100.lp,proposed,2,1,stability_full_trainseed_1,full,True,linear,60.0,auto,2026-08-06T22:32:34,optimal,optimal,optimal,0.37326710000343155,0.4065392999982578,1,0.06422610000299755,0.004998922348022461,0.0010001659393310547,0.054999351501464844,0.0020003318786621094,1,0,492.0,0.0,0.0,834.0000009999673,241.99999800006583,58.0,2.7173023177955584e-09,0.0,1,True,D:\git\git\RDMCT-A3C\cie\results\stability\cie_stability_600s_mem2048_repro_v1\s2_t1to5\solutions\cie_core_nominal__cie_core_n008_f004_m004_proc100__proposed__solverseed_2__trainseed_1__stability_full_trainseed_1.sol,,,,D:\git\git\RDMCT-A3C\cie\models\proposed\cie_proposed_all_cie_proposed\cie_proposed_all_cie_proposed_2026_08_02_14_55_21_0000--s-1\itr_60.pkl,23,True,beam_search,
cie_core_nominal,dual_source_cluster_tool,8_to_32_wafers_nominal_processing,test,600.0,[],D:\git\git\RDMCT-A3C\cie\data\core\spbs\cie_core_n008_f006_m002_proc100.lp,spbs\cie_core_n008_f006_m002_proc100.lp,cie_core_n008_f006_m002_proc100.lp,proposed,2,1,stability_full_trainseed_1,full,True,linear,60.0,auto,2026-08-06T22:32:34,optimal,optimal,optimal,0.5078015000035521,0.5850583999999799,1,0.06625250000070082,0.005998849868774414,0.0,0.056999921798706055,0.001001119613647461,1,0,886.0,0.0,2.637889688249412,834.0000009999964,308.0,58.0,0.0,0.0,1,True,D:\git\git\RDMCT-A3C\cie\results\stability\cie_stability_600s_mem2048_repro_v1\s2_t1to5\solutions\cie_core_nominal__cie_core_n008_f006_m002_proc100__proposed__solverseed_2__trainseed_1__stability_full_trainseed_1.sol,,,,D:\git\git\RDMCT-A3C\cie\models\proposed\cie_proposed_all_cie_proposed\cie_proposed_all_cie_proposed_2026_08_02_14_55_21_0000--s-1\itr_60.pkl,23,True,beam_search,
cie_core_nominal,dual_source_cluster_tool,8_to_32_wafers_nominal_processing,test,600.0,[],D:\git\git\RDMCT-A3C\cie\data\core\spbs\cie_core_n016_f000_m016_proc100.lp,spbs\cie_core_n016_f000_m016_proc100.lp,cie_core_n016_f000_m016_proc100.lp,proposed,2,1,stability_full_trainseed_1,full,True,linear,60.0,auto,2026-08-06T22:32:35,optimal,optimal,optimal,23.72834660000808,23.816116000001784,1,0.15762610000092536,0.008000612258911133,0.0,0.07999897003173828,0.0020008087158203125,1,0,10390.0,0.0,2051.5560806091153,1136.000001,213.99999900000103,24.499999499999944,1.7973850771173675e-09,1.9999999949504854e-06,1,True,D:\git\git\RDMCT-A3C\cie\results\stability\cie_stability_600s_mem2048_repro_v1\s2_t1to5\solutions\cie_core_nominal__cie_core_n016_f000_m016_proc100__proposed__solverseed_2__trainseed_1__stability_full_trainseed_1.sol,,,,D:\git\git\RDMCT-A3C\cie\models\proposed\cie_proposed_all_cie_proposed\cie_proposed_all_cie_proposed_2026_08_02_14_55_21_0000--s-1\itr_60.pkl,23,True,beam_search,
cie_core_nominal,dual_source_cluster_tool,8_to_32_wafers_nominal_processing,test,600.0,[],D:\git\git\RDMCT-A3C\cie\data\core\spbs\cie_core_n016_f004_m012_proc100.lp,spbs\cie_core_n016_f004_m012_proc100.lp,cie_core_n016_f004_m012_proc100.lp,proposed,2,1,stability_full_trainseed_1,full,True,linear,60.0,auto,2026-08-06T22:32:58,optimal,optimal,optimal,69.34678779999376,69.42952469999727,1,0.041768700000829995,0.0060002803802490234,0.0010001659393310547,0.030999422073364258,0.0020029544830322266,1,0,39250.0,0.0,6227.714779533637,1202.000001,790.0,201.0,0.0,0.0,2,True,D:\git\git\RDMCT-A3C\cie\results\stability\cie_stability_600s_mem2048_repro_v1\s2_t1to5\solutions\cie_core_nominal__cie_core_n016_f004_m012_proc100__proposed__solverseed_2__trainseed_1__stability_full_trainseed_1.sol,,,,D:\git\git\RDMCT-A3C\cie\models\proposed\cie_proposed_all_cie_proposed\cie_proposed_all_cie_proposed_2026_08_02_14_55_21_0000--s-1\itr_60.pkl,23,True,beam_search,
cie_core_nominal,dual_source_cluster_tool,8_to_32_wafers_nominal_processing,test,600.0,[],D:\git\git\RDMCT-A3C\cie\data\core\spbs\cie_core_n016_f008_m008_proc100.lp,spbs\cie_core_n016_f008_m008_proc100.lp,cie_core_n016_f008_m008_proc100.lp,proposed,2,1,stability_full_trainseed_1,full,True,linear,60.0,auto,2026-08-06T22:34:08,optimal,optimal,optimal,16.096322200006398,16.16808250000031,1,0.08023490000050515,0.008001327514648438,0.0009999275207519531,0.03299999237060547,0.002000093460083008,1,0,15058.0,0.0,1017.7524060681538,1170.000001,846.0,65.0,0.058823529411764705,0.0,1,True,D:\git\git\RDMCT-A3C\cie\results\stability\cie_stability_600s_mem2048_repro_v1\s2_t1to5\solutions\cie_core_nominal__cie_core_n016_f008_m008_proc100__proposed__solverseed_2__trainseed_1__stability_full_trainseed_1.sol,,,,D:\git\git\RDMCT-A3C\cie\models\proposed\cie_proposed_all_cie_proposed\cie_proposed_all_cie_proposed_2026_08_02_14_55_21_0000--s-1\itr_60.pkl,23,True,beam_search,
cie_core_nominal,dual_source_cluster_tool,8_to_32_wafers_nominal_processing,test,600.0,[],D:\git\git\RDMCT-A3C\cie\data\core\spbs\cie_core_n016_f012_m004_proc100.lp,spbs\cie_core_n016_f012_m004_proc100.lp,cie_core_n016_f012_m004_proc100.lp,proposed,2,1,stability_full_trainseed_1,full,True,linear,60.0,auto,2026-08-06T22:34:24,optimal,optimal,optimal,30.37581919999502,30.474278100002266,1,0.0861605000027339,0.00800013542175293,0.0010001659393310547,0.040003299713134766,0.0010018348693847656,1,0,40573.0,0.0,697.5390119368959,1158.000001,818.0,68.0,0.2861125704223025,0.0,2,True,D:\git\git\RDMCT-A3C\cie\results\stability\cie_stability_600s_mem2048_repro_v1\s2_t1to5\solutions\cie_core_nominal__cie_core_n016_f012_m004_proc100__proposed__solverseed_2__trainseed_1__stability_full_trainseed_1.sol,,,,D:\git\git\RDMCT-A3C\cie\models\proposed\cie_proposed_all_cie_proposed\cie_proposed_all_cie_proposed_2026_08_02_14_55_21_0000--s-1\itr_60.pkl,23,True,beam_search,
cie_core_nominal,dual_source_cluster_tool,8_to_32_wafers_nominal_processing,test,600.0,[],D:\git\git\RDMCT-A3C\cie\data\core\spbs\cie_core_n024_f000_m024_proc100.lp,spbs\cie_core_n024_f000_m024_proc100.lp,cie_core_n024_f000_m024_proc100.lp,proposed,2,1,stability_full_trainseed_1,full,True,linear,60.0,auto,2026-08-06T22:34:54,timelimit,timelimit,incumbent_timelimit_optimal,540.0691581999927,540.2868375000035,1,0.07968569999502506,0.009001493453979492,0.0,0.03200054168701172,0.00099945068359375,1,0,90128.0,3.737150112398557,42689.76759458826,10506.9989503,128.0,0.0,0.0,0.0,1,True,D:\git\git\RDMCT-A3C\cie\results\stability\cie_stability_600s_mem2048_repro_v1\s2_t1to5\solutions\cie_core_nominal__cie_core_n024_f000_m024_proc100__proposed__solverseed_2__trainseed_1__stability_full_trainseed_1.sol,,,,D:\git\git\RDMCT-A3C\cie\models\proposed\cie_proposed_all_cie_proposed\cie_proposed_all_cie_proposed_2026_08_02_14_55_21_0000--s-1\itr_60.pkl,23,True,beam_search,
cie_core_nominal,dual_source_cluster_tool,8_to_32_wafers_nominal_processing,test,600.0,[],D:\git\git\RDMCT-A3C\cie\data\core\spbs\cie_core_n024_f006_m018_proc100.lp,spbs\cie_core_n024_f006_m018_proc100.lp,cie_core_n024_f006_m018_proc100.lp,proposed,2,1,stability_full_trainseed_1,full,True,linear,60.0,auto,2026-08-06T22:43:55,timelimit,timelimit,incumbent_timelimit_optimal,539.789589,539.9489150000009,1,0.10444730000017444,0.008001089096069336,0.0009999275207519531,0.041999101638793945,0.0009999275207519531,1,0,88262.0,3.6485406492042443,42488.54809128287,10514.9989495,3320.0,658.0,0.21465741571734478,0.0,1,True,D:\git\git\RDMCT-A3C\cie\results\stability\cie_stability_600s_mem2048_repro_v1\s2_t1to5\solutions\cie_core_nominal__cie_core_n024_f006_m018_proc100__proposed__solverseed_2__trainseed_1__stability_full_trainseed_1.sol,,,,D:\git\git\RDMCT-A3C\cie\models\proposed\cie_proposed_all_cie_proposed\cie_proposed_all_cie_proposed_2026_08_02_14_55_21_0000--s-1\itr_60.pkl,23,True,beam_search,
cie_core_nominal,dual_source_cluster_tool,8_to_32_wafers_nominal_processing,test,600.0,[],D:\git\git\RDMCT-A3C\cie\data\core\spbs\cie_core_n024_f012_m012_proc100.lp,spbs\cie_core_n024_f012_m012_proc100.lp,cie_core_n024_f012_m012_proc100.lp,proposed,2,1,stability_full_trainseed_1,full,True,linear,60.0,auto,2026-08-06T22:52:55,optimal,optimal,optimal,306.6073327999984,306.77875280000444,1,0.12128330000268761,0.011000394821166992,0.0010001659393310547,0.06902170181274414,0.0019996166229248047,1,0,70330.0,0.0,24226.51386574219,2246.000001000018,3584.0,310.0,0.24014605321403706,0.0,1,True,D:\git\git\RDMCT-A3C\cie\results\stability\cie_stability_600s_mem2048_repro_v1\s2_t1to5\solutions\cie_core_nominal__cie_core_n024_f012_m012_proc100__proposed__solverseed_2__trainseed_1__stability_full_trainseed_1.sol,,,,D:\git\git\RDMCT-A3C\cie\models\proposed\cie_proposed_all_cie_proposed\cie_proposed_all_cie_proposed_2026_08_02_14_55_21_0000--s-1\itr_60.pkl,23,True,beam_search,
cie_core_nominal,dual_source_cluster_tool,8_to_32_wafers_nominal_processing,test,600.0,[],D:\git\git\RDMCT-A3C\cie\data\core\spbs\cie_core_n024_f018_m006_proc100.lp,spbs\cie_core_n024_f018_m006_proc100.lp,cie_core_n024_f018_m006_proc100.lp,proposed,2,1,stability_full_trainseed_1,full,True,linear,60.0,auto,2026-08-06T22:58:02,timelimit,timelimit,incumbent_timelimit_optimal,540.0881087000016,540.3328661999985,1,0.08318909999798052,0.012508869171142578,0.0,0.031998634338378906,0.001001119613647461,1,0,69508.0,3.7152461652466062,42653.41779068646,10514.9989495,3068.0,288.0,0.4685118867673158,0.0,1,True,D:\git\git\RDMCT-A3C\cie\results\stability\cie_stability_600s_mem2048_repro_v1\s2_t1to5\solutions\cie_core_nominal__cie_core_n024_f018_m006_proc100__proposed__solverseed_2__trainseed_1__stability_full_trainseed_1.sol,,,,D:\git\git\RDMCT-A3C\cie\models\proposed\cie_proposed_all_cie_proposed\cie_proposed_all_cie_proposed_2026_08_02_14_55_21_0000--s-1\itr_60.pkl,23,True,beam_search,
cie_core_nominal,dual_source_cluster_tool,8_to_32_wafers_nominal_processing,test,600.0,[],D:\git\git\RDMCT-A3C\cie\data\core\spbs\cie_core_n032_f000_m032_proc100.lp,spbs\cie_core_n032_f000_m032_proc100.lp,cie_core_n032_f000_m032_proc100.lp,proposed,2,1,stability_full_trainseed_1,full,True,linear,60.0,auto,2026-08-06T23:07:02,timelimit,timelimit,incumbent_timelimit_optimal,539.8224310000005,540.0796256999965,1,0.10179249999782769,0.007999897003173828,0.0009999275207519531,0.0515134334564209,0.0010006427764892578,1,0,77540.0,3.1106328962079752,41274.37066100357,10514.9989495,3629.0,494.0,0.16630408907046917,136.0,1,True,D:\git\git\RDMCT-A3C\cie\results\stability\cie_stability_600s_mem2048_repro_v1\s2_t1to5\solutions\cie_core_nominal__cie_core_n032_f000_m032_proc100__proposed__solverseed_2__trainseed_1__stability_full_trainseed_1.sol,,,,D:\git\git\RDMCT-A3C\cie\models\proposed\cie_proposed_all_cie_proposed\cie_proposed_all_cie_proposed_2026_08_02_14_55_21_0000--s-1\itr_60.pkl,23,True,beam_search,
cie_core_nominal,dual_source_cluster_tool,8_to_32_wafers_nominal_processing,test,600.0,[],D:\git\git\RDMCT-A3C\cie\data\core\spbs\cie_core_n032_f008_m024_proc100.lp,spbs\cie_core_n032_f008_m024_proc100.lp,cie_core_n032_f008_m024_proc100.lp,proposed,2,1,stability_full_trainseed_1,full,True,linear,60.0,auto,2026-08-06T23:16:02,timelimit,timelimit,incumbent_timelimit_optimal,539.7031021000003,539.9422334000046,1,0.086985599999025,0.008001327514648438,0.0009989738464355469,0.036000967025756836,0.0019979476928710938,1,0,57075.0,3.1792523642686747,41322.30020631464,10514.9989495,10396.0,2029.0,0.0,0.0,1,True,D:\git\git\RDMCT-A3C\cie\results\stability\cie_stability_600s_mem2048_repro_v1\s2_t1to5\solutions\cie_core_nominal__cie_core_n032_f008_m024_proc100__proposed__solverseed_2__trainseed_1__stability_full_trainseed_1.sol,,,,D:\git\git\RDMCT-A3C\cie\models\proposed\cie_proposed_all_cie_proposed\cie_proposed_all_cie_proposed_2026_08_02_14_55_21_0000--s-1\itr_60.pkl,23,True,beam_search,
cie_core_nominal,dual_source_cluster_tool,8_to_32_wafers_nominal_processing,test,600.0,[],D:\git\git\RDMCT-A3C\cie\data\core\spbs\cie_core_n032_f016_m016_proc100.lp,spbs\cie_core_n032_f016_m016_proc100.lp,cie_core_n032_f016_m016_proc100.lp,proposed,2,1,stability_full_trainseed_1,full,True,linear,60.0,auto,2026-08-06T23:25:02,timelimit,timelimit,incumbent_timelimit_optimal,539.7388163000069,540.0286627999958,1,0.08445509999728529,0.01000213623046875,0.0,0.03227734565734863,0.0009999275207519531,1,0,69381.0,3.2399189308467684,41577.060098647504,10514.9989495,4681.0,390.0,0.49188079175186156,262.0,1,True,D:\git\git\RDMCT-A3C\cie\results\stability\cie_stability_600s_mem2048_repro_v1\s2_t1to5\solutions\cie_core_nominal__cie_core_n032_f016_m016_proc100__proposed__solverseed_2__trainseed_1__stability_full_trainseed_1.sol,,,,D:\git\git\RDMCT-A3C\cie\models\proposed\cie_proposed_all_cie_proposed\cie_proposed_all_cie_proposed_2026_08_02_14_55_21_0000--s-1\itr_60.pkl,23,True,beam_search,
cie_core_nominal,dual_source_cluster_tool,8_to_32_wafers_nominal_processing,test,600.0,[],D:\git\git\RDMCT-A3C\cie\data\core\spbs\cie_core_n032_f024_m008_proc100.lp,spbs\cie_core_n032_f024_m008_proc100.lp,cie_core_n032_f024_m008_proc100.lp,proposed,2,1,stability_full_trainseed_1,full,True,linear,60.0,auto,2026-08-06T23:34:02,timelimit,timelimit,incumbent_timelimit_optimal,539.7811856999979,540.1889700000029,1,0.08595269999932498,0.016999483108520508,0.0030035972595214844,0.049318552017211914,0.001001119613647461,1,0,50582.0,3.192583312799043,41823.77434110305,10514.9989495,6092.0,357.5,0.7361933563101336,0.0,1,True,D:\git\git\RDMCT-A3C\cie\results\stability\cie_stability_600s_mem2048_repro_v1\s2_t1to5\solutions\cie_core_nominal__cie_core_n032_f024_m008_proc100__proposed__solverseed_2__trainseed_1__stability_full_trainseed_1.sol,,,,D:\git\git\RDMCT-A3C\cie\models\proposed\cie_proposed_all_cie_proposed\cie_proposed_all_cie_proposed_2026_08_02_14_55_21_0000--s-1\itr_60.pkl,23,True,beam_search,
cie_core_nominal,dual_source_cluster_tool,8_to_32_wafers_nominal_processing,test,600.0,[],D:\git\git\RDMCT-A3C\cie\data\core\pure41\cie_core_n008_f008_m000_proc100.lp,pure41\cie_core_n008_f008_m000_proc100.lp,cie_core_n008_f008_m000_proc100.lp,proposed,2,2,stability_full_trainseed_2,full,True,linear,60.0,auto,2026-08-06T23:43:05,optimal,optimal,optimal,0.400105300002906,0.46078770000167424,1,0.3627552999969339,0.006000995635986328,0.0,0.3538804054260254,0.002001047134399414,1,0,1.0,0.0,0.0,610.000001,400.0,58.0,0.0,0.0,1,True,D:\git\git\RDMCT-A3C\cie\results\stability\cie_stability_600s_mem2048_repro_v1\s2_t1to5\solutions\cie_core_nominal__cie_core_n008_f008_m000_proc100__proposed__solverseed_2__trainseed_2__stability_full_trainseed_2.sol,,,,D:\git\git\RDMCT-A3C\cie\models\proposed\cie_proposed_all_cie_proposed\cie_proposed_all_cie_proposed_2026_08_02_15_03_12_0000--s-2\itr_60.pkl,23,True,beam_search,
cie_core_nominal,dual_source_cluster_tool,8_to_32_wafers_nominal_processing,test,600.0,[],D:\git\git\RDMCT-A3C\cie\data\core\pure41\cie_core_n016_f016_m000_proc100.lp,pure41\cie_core_n016_f016_m000_proc100.lp,cie_core_n016_f016_m000_proc100.lp,proposed,2,2,stability_full_trainseed_2,full,True,linear,60.0,auto,2026-08-06T23:43:05,optimal,optimal,optimal,0.2793822000094224,0.3402803999997559,1,0.014468900000792928,0.006000518798828125,0.0,0.004998207092285156,0.0020020008087158203,1,0,1.0,0.0,0.0,944.000001,924.0,58.0,0.0,0.0,1,True,D:\git\git\RDMCT-A3C\cie\results\stability\cie_stability_600s_mem2048_repro_v1\s2_t1to5\solutions\cie_core_nominal__cie_core_n016_f016_m000_proc100__proposed__solverseed_2__trainseed_2__stability_full_trainseed_2.sol,,,,D:\git\git\RDMCT-A3C\cie\models\proposed\cie_proposed_all_cie_proposed\cie_proposed_all_cie_proposed_2026_08_02_15_03_12_0000--s-2\itr_60.pkl,23,True,beam_search,
cie_core_nominal,dual_source_cluster_tool,8_to_32_wafers_nominal_processing,test,600.0,[],D:\git\git\RDMCT-A3C\cie\data\core\pure41\cie_core_n024_f024_m000_proc100.lp,pure41\cie_core_n024_f024_m000_proc100.lp,cie_core_n024_f024_m000_proc100.lp,proposed,2,2,stability_full_trainseed_2,full,True,linear,60.0,auto,2026-08-06T23:43:05,optimal,optimal,optimal,2.418231800002104,2.5647196999998414,1,0.05046519999450538,0.008999347686767578,0.0,0.004999637603759766,0.002028226852416992,1,0,1.0,0.0,300.0,1268.000001,1448.0,58.0,0.0,0.0,3,True,D:\git\git\RDMCT-A3C\cie\results\stability\cie_stability_600s_mem2048_repro_v1\s2_t1to5\solutions\cie_core_nominal__cie_core_n024_f024_m000_proc100__proposed__solverseed_2__trainseed_2__stability_full_trainseed_2.sol,,,,D:\git\git\RDMCT-A3C\cie\models\proposed\cie_proposed_all_cie_proposed\cie_proposed_all_cie_proposed_2026_08_02_15_03_12_0000--s-2\itr_60.pkl,23,True,beam_search,
cie_core_nominal,dual_source_cluster_tool,8_to_32_wafers_nominal_processing,test,600.0,[],D:\git\git\RDMCT-A3C\cie\data\core\pure41\cie_core_n032_f032_m000_proc100.lp,pure41\cie_core_n032_f032_m000_proc100.lp,cie_core_n032_f032_m000_proc100.lp,proposed,2,2,stability_full_trainseed_2,full,True,linear,60.0,auto,2026-08-06T23:43:08,optimal,optimal,optimal,7.257908200001111,7.598676399997203,0,0.0,0.0,0.0,0.0,0.0,0,0,1.0,0.0,700.0,1592.000001,1972.0,58.0,0.0,0.0,3,True,D:\git\git\RDMCT-A3C\cie\results\stability\cie_stability_600s_mem2048_repro_v1\s2_t1to5\solutions\cie_core_nominal__cie_core_n032_f032_m000_proc100__proposed__solverseed_2__trainseed_2__stability_full_trainseed_2.sol,,,,D:\git\git\RDMCT-A3C\cie\models\proposed\cie_proposed_all_cie_proposed\cie_proposed_all_cie_proposed_2026_08_02_15_03_12_0000--s-2\itr_60.pkl,23,True,beam_search,
cie_core_nominal,dual_source_cluster_tool,8_to_32_wafers_nominal_processing,test,600.0,[],D:\git\git\RDMCT-A3C\cie\data\core\spbs\cie_core_n008_f000_m008_proc100.lp,spbs\cie_core_n008_f000_m008_proc100.lp,cie_core_n008_f000_m008_proc100.lp,proposed,2,2,stability_full_trainseed_2,full,True,linear,60.0,auto,2026-08-06T23:43:16,optimal,optimal,optimal,0.4209028000041144,0.48966989999462385,1,0.015238499996485189,0.0050008296966552734,0.0009989738464355469,0.0060002803802490234,0.0019991397857666016,1,0,478.0,0.0,0.0,768.000001,31.999999000000344,0.0,2.3533290962161147e-09,9.999996564147295e-07,2,True,D:\git\git\RDMCT-A3C\cie\results\stability\cie_stability_600s_mem2048_repro_v1\s2_t1to5\solutions\cie_core_nominal__cie_core_n008_f000_m008_proc100__proposed__solverseed_2__trainseed_2__stability_full_trainseed_2.sol,,,,D:\git\git\RDMCT-A3C\cie\models\proposed\cie_proposed_all_cie_proposed\cie_proposed_all_cie_proposed_2026_08_02_15_03_12_0000--s-2\itr_60.pkl,23,True,beam_search,
cie_core_nominal,dual_source_cluster_tool,8_to_32_wafers_nominal_processing,test,600.0,[],D:\git\git\RDMCT-A3C\cie\data\core\spbs\cie_core_n008_f002_m006_proc100.lp,spbs\cie_core_n008_f002_m006_proc100.lp,cie_core_n008_f002_m006_proc100.lp,proposed,2,2,stability_full_trainseed_2,full,True,linear,60.0,auto,2026-08-06T23:43:16,optimal,optimal,optimal,0.6190727000066545,0.6445000000021537,1,0.014136799996776972,0.005999326705932617,0.0,0.004998922348022461,0.0020008087158203125,1,0,845.0,0.0,91.434281050728,900.000001,346.0000000000015,92.99999999999966,2.957795114939429e-16,0.0,2,True,D:\git\git\RDMCT-A3C\cie\results\stability\cie_stability_600s_mem2048_repro_v1\s2_t1to5\solutions\cie_core_nominal__cie_core_n008_f002_m006_proc100__proposed__solverseed_2__trainseed_2__stability_full_trainseed_2.sol,,,,D:\git\git\RDMCT-A3C\cie\models\proposed\cie_proposed_all_cie_proposed\cie_proposed_all_cie_proposed_2026_08_02_15_03_12_0000--s-2\itr_60.pkl,23,True,beam_search,
cie_core_nominal,dual_source_cluster_tool,8_to_32_wafers_nominal_processing,test,600.0,[],D:\git\git\RDMCT-A3C\cie\data\core\spbs\cie_core_n008_f004_m004_proc100.lp,spbs\cie_core_n008_f004_m004_proc100.lp,cie_core_n008_f004_m004_proc100.lp,proposed,2,2,stability_full_trainseed_2,full,True,linear,60.0,auto,2026-08-06T23:43:17,optimal,optimal,optimal,0.34041200000501703,0.3644538000007742,1,0.01969459999963874,0.005999326705932617,0.0,0.01000070571899414,0.002000093460083008,1,0,427.0,0.0,0.0,834.0000009999673,241.99999500017918,57.99999900003604,2.7172933587785044e-09,0.0,1,True,D:\git\git\RDMCT-A3C\cie\results\stability\cie_stability_600s_mem2048_repro_v1\s2_t1to5\solutions\cie_core_nominal__cie_core_n008_f004_m004_proc100__proposed__solverseed_2__trainseed_2__stability_full_trainseed_2.sol,,,,D:\git\git\RDMCT-A3C\cie\models\proposed\cie_proposed_all_cie_proposed\cie_proposed_all_cie_proposed_2026_08_02_15_03_12_0000--s-2\itr_60.pkl,23,True,beam_search,
cie_core_nominal,dual_source_cluster_tool,8_to_32_wafers_nominal_processing,test,600.0,[],D:\git\git\RDMCT-A3C\cie\data\core\spbs\cie_core_n008_f006_m002_proc100.lp,spbs\cie_core_n008_f006_m002_proc100.lp,cie_core_n008_f006_m002_proc100.lp,proposed,2,2,stability_full_trainseed_2,full,True,linear,60.0,auto,2026-08-06T23:43:17,optimal,optimal,optimal,0.32075560000521364,0.35083989999839105,1,0.013980999996419996,0.005000114440917969,0.0010006427764892578,0.004998922348022461,0.002001523971557617,1,0,244.0,0.0,0.0,834.0000009999927,261.99999700001774,57.99999999999966,0.0,0.0,1,True,D:\git\git\RDMCT-A3C\cie\results\stability\cie_stability_600s_mem2048_repro_v1\s2_t1to5\solutions\cie_core_nominal__cie_core_n008_f006_m002_proc100__proposed__solverseed_2__trainseed_2__stability_full_trainseed_2.sol,,,,D:\git\git\RDMCT-A3C\cie\models\proposed\cie_proposed_all_cie_proposed\cie_proposed_all_cie_proposed_2026_08_02_15_03_12_0000--s-2\itr_60.pkl,23,True,beam_search,
cie_core_nominal,dual_source_cluster_tool,8_to_32_wafers_nominal_processing,test,600.0,[],D:\git\git\RDMCT-A3C\cie\data\core\spbs\cie_core_n016_f000_m016_proc100.lp,spbs\cie_core_n016_f000_m016_proc100.lp,cie_core_n016_f000_m016_proc100.lp,proposed,2,2,stability_full_trainseed_2,full,True,linear,60.0,auto,2026-08-06T23:43:17,optimal,optimal,optimal,34.07599970000592,34.16221729999961,1,0.1373689000029117,0.0071527957916259766,0.0,0.05899953842163086,0.001998424530029297,1,0,15770.0,0.0,3043.209253366324,1136.000001,214.00000200000068,24.499999499999944,4.086781249358056e-16,4.547473508864641e-13,1,True,D:\git\git\RDMCT-A3C\cie\results\stability\cie_stability_600s_mem2048_repro_v1\s2_t1to5\solutions\cie_core_nominal__cie_core_n016_f000_m016_proc100__proposed__solverseed_2__trainseed_2__stability_full_trainseed_2.sol,,,,D:\git\git\RDMCT-A3C\cie\models\proposed\cie_proposed_all_cie_proposed\cie_proposed_all_cie_proposed_2026_08_02_15_03_12_0000--s-2\itr_60.pkl,23,True,beam_search,
cie_core_nominal,dual_source_cluster_tool,8_to_32_wafers_nominal_processing,test,600.0,[],D:\git\git\RDMCT-A3C\cie\data\core\spbs\cie_core_n016_f004_m012_proc100.lp,spbs\cie_core_n016_f004_m012_proc100.lp,cie_core_n016_f004_m012_proc100.lp,proposed,2,2,stability_full_trainseed_2,full,True,linear,60.0,auto,2026-08-06T23:43:52,optimal,optimal,optimal,10.143965000002936,10.227580699996906,1,0.054009199993743096,0.006998777389526367,0.0010004043579101562,0.009000301361083984,0.0019991397857666016,1,0,4493.0,0.0,887.8842564195288,1202.000001,790.0,201.0,0.0,0.0,2,True,D:\git\git\RDMCT-A3C\cie\results\stability\cie_stability_600s_mem2048_repro_v1\s2_t1to5\solutions\cie_core_nominal__cie_core_n016_f004_m012_proc100__proposed__solverseed_2__trainseed_2__stability_full_trainseed_2.sol,,,,D:\git\git\RDMCT-A3C\cie\models\proposed\cie_proposed_all_cie_proposed\cie_proposed_all_cie_proposed_2026_08_02_15_03_12_0000--s-2\itr_60.pkl,23,True,beam_search,
cie_core_nominal,dual_source_cluster_tool,8_to_32_wafers_nominal_processing,test,600.0,[],D:\git\git\RDMCT-A3C\cie\data\core\spbs\cie_core_n016_f008_m008_proc100.lp,spbs\cie_core_n016_f008_m008_proc100.lp,cie_core_n016_f008_m008_proc100.lp,proposed,2,2,stability_full_trainseed_2,full,True,linear,60.0,auto,2026-08-06T23:44:02,optimal,optimal,optimal,22.723514199999045,22.845250600003055,1,0.01816099999996368,0.009001016616821289,0.0,0.0049991607666015625,0.0020017623901367188,1,0,18081.0,0.0,1707.2862744693643,1170.000001,1062.0000040000032,98.9999989999992,0.058823529411764705,0.0,2,True,D:\git\git\RDMCT-A3C\cie\results\stability\cie_stability_600s_mem2048_repro_v1\s2_t1to5\solutions\cie_core_nominal__cie_core_n016_f008_m008_proc100__proposed__solverseed_2__trainseed_2__stability_full_trainseed_2.sol,,,,D:\git\git\RDMCT-A3C\cie\models\proposed\cie_proposed_all_cie_proposed\cie_proposed_all_cie_proposed_2026_08_02_15_03_12_0000--s-2\itr_60.pkl,23,True,beam_search,
cie_core_nominal,dual_source_cluster_tool,8_to_32_wafers_nominal_processing,test,600.0,[],D:\git\git\RDMCT-A3C\cie\data\core\spbs\cie_core_n016_f012_m004_proc100.lp,spbs\cie_core_n016_f012_m004_proc100.lp,cie_core_n016_f012_m004_proc100.lp,proposed,2,2,stability_full_trainseed_2,full,True,linear,60.0,auto,2026-08-06T23:44:25,optimal,optimal,optimal,35.445515200000955,35.551306000001205,1,0.05244719999609515,0.00800013542175293,0.0010001659393310547,0.004999399185180664,0.0020003318786621094,1,0,18064.0,0.0,3122.4726203547275,1158.000001,920.0,65.0,0.2861125704223025,0.0,1,True,D:\git\git\RDMCT-A3C\cie\results\stability\cie_stability_600s_mem2048_repro_v1\s2_t1to5\solutions\cie_core_nominal__cie_core_n016_f012_m004_proc100__proposed__solverseed_2__trainseed_2__stability_full_trainseed_2.sol,,,,D:\git\git\RDMCT-A3C\cie\models\proposed\cie_proposed_all_cie_proposed\cie_proposed_all_cie_proposed_2026_08_02_15_03_12_0000--s-2\itr_60.pkl,23,True,beam_search,
cie_core_nominal,dual_source_cluster_tool,8_to_32_wafers_nominal_processing,test,600.0,[],D:\git\git\RDMCT-A3C\cie\data\core\spbs\cie_core_n024_f000_m024_proc100.lp,spbs\cie_core_n024_f000_m024_proc100.lp,cie_core_n024_f000_m024_proc100.lp,proposed,2,2,stability_full_trainseed_2,full,True,linear,60.0,auto,2026-08-07T07:35:58,optimal,optimal,optimal,467.073026,467.19515069999994,1,0.35651319999999487,0.007999420166015625,0.0,0.3430032730102539,0.0019986629486083984,1,0,85714.0,0.0,35865.77010107028,2224.000001,2201.9999999999995,468.99999899999966,1.6945916729055944e-09,1.500000053056283e-06,1,True,D:\git\git\RDMCT-A3C\cie\results\stability\cie_stability_600s_mem2048_repro_v1\s2_t1to5\solutions\cie_core_nominal__cie_core_n024_f000_m024_proc100__proposed__solverseed_2__trainseed_2__stability_full_trainseed_2.sol,,,,D:\git\git\RDMCT-A3C\cie\models\proposed\cie_proposed_all_cie_proposed\cie_proposed_all_cie_proposed_2026_08_02_15_03_12_0000--s-2\itr_60.pkl,23,True,beam_search,
cie_core_nominal,dual_source_cluster_tool,8_to_32_wafers_nominal_processing,test,600.0,[],D:\git\git\RDMCT-A3C\cie\data\core\spbs\cie_core_n024_f006_m018_proc100.lp,spbs\cie_core_n024_f006_m018_proc100.lp,cie_core_n024_f006_m018_proc100.lp,proposed,2,2,stability_full_trainseed_2,full,True,linear,60.0,auto,2026-08-07T07:43:46,timelimit,timelimit,incumbent_timelimit_optimal,539.8502924000002,540.0616715,1,0.05649379999999837,0.010000467300415039,0.0009968280792236328,0.00599980354309082,0.0019996166229248047,1,0,184727.0,3.6526544019911507,42485.66694176689,10514.9989495,3320.0,658.0,0.21465741571734478,0.0,1,True,D:\git\git\RDMCT-A3C\cie\results\stability\cie_stability_600s_mem2048_repro_v1\s2_t1to5\solutions\cie_core_nominal__cie_core_n024_f006_m018_proc100__proposed__solverseed_2__trainseed_2__stability_full_trainseed_2.sol,,,,D:\git\git\RDMCT-A3C\cie\models\proposed\cie_proposed_all_cie_proposed\cie_proposed_all_cie_proposed_2026_08_02_15_03_12_0000--s-2\itr_60.pkl,23,True,beam_search,
cie_core_nominal,dual_source_cluster_tool,8_to_32_wafers_nominal_processing,test,600.0,[],D:\git\git\RDMCT-A3C\cie\data\core\spbs\cie_core_n024_f012_m012_proc100.lp,spbs\cie_core_n024_f012_m012_proc100.lp,cie_core_n024_f012_m012_proc100.lp,proposed,2,2,stability_full_trainseed_2,full,True,linear,60.0,auto,2026-08-07T07:52:46,optimal,optimal,optimal,278.54789690000007,278.71715900000004,1,0.05793699999981072,0.009999990463256836,0.0019969940185546875,0.007003068923950195,0.0010001659393310547,1,0,49764.0,0.0,21925.44125578981,2246.000001000018,2929.5,238.5,0.21466754231406093,0.0,1,True,D:\git\git\RDMCT-A3C\cie\results\stability\cie_stability_600s_mem2048_repro_v1\s2_t1to5\solutions\cie_core_nominal__cie_core_n024_f012_m012_proc100__proposed__solverseed_2__trainseed_2__stability_full_trainseed_2.sol,,,,D:\git\git\RDMCT-A3C\cie\models\proposed\cie_proposed_all_cie_proposed\cie_proposed_all_cie_proposed_2026_08_02_15_03_12_0000--s-2\itr_60.pkl,23,True,beam_search,
cie_core_nominal,dual_source_cluster_tool,8_to_32_wafers_nominal_processing,test,600.0,[],D:\git\git\RDMCT-A3C\cie\data\core\spbs\cie_core_n024_f018_m006_proc100.lp,spbs\cie_core_n024_f018_m006_proc100.lp,cie_core_n024_f018_m006_proc100.lp,proposed,2,2,stability_full_trainseed_2,full,True,linear,60.0,auto,2026-08-07T07:57:24,timelimit,timelimit,incumbent_timelimit_optimal,540.0900787000003,540.3410833000003,1,0.056899199999861594,0.009002208709716797,0.0,0.010000228881835938,0.0019996166229248047,1,0,78255.0,3.719478881732488,42645.381651033626,10514.9989495,3068.0,288.0,0.4685118867673158,0.0,1,True,D:\git\git\RDMCT-A3C\cie\results\stability\cie_stability_600s_mem2048_repro_v1\s2_t1to5\solutions\cie_core_nominal__cie_core_n024_f018_m006_proc100__proposed__solverseed_2__trainseed_2__stability_full_trainseed_2.sol,,,,D:\git\git\RDMCT-A3C\cie\models\proposed\cie_proposed_all_cie_proposed\cie_proposed_all_cie_proposed_2026_08_02_15_03_12_0000--s-2\itr_60.pkl,23,True,beam_search,
cie_core_nominal,dual_source_cluster_tool,8_to_32_wafers_nominal_processing,test,600.0,[],D:\git\git\RDMCT-A3C\cie\data\core\spbs\cie_core_n032_f000_m032_proc100.lp,spbs\cie_core_n032_f000_m032_proc100.lp,cie_core_n032_f000_m032_proc100.lp,proposed,2,2,stability_full_trainseed_2,full,True,linear,60.0,auto,2026-08-07T08:06:25,timelimit,timelimit,incumbent_timelimit_optimal,539.7642229999997,540.0225301999999,1,0.054163299999800074,0.00799703598022461,0.0,0.0060002803802490234,0.002002239227294922,1,0,61418.0,3.069272038893189,41001.94570272028,10514.9989495,3629.0,494.0,0.16630408907046917,136.0,1,True,D:\git\git\RDMCT-A3C\cie\results\stability\cie_stability_600s_mem2048_repro_v1\s2_t1to5\solutions\cie_core_nominal__cie_core_n032_f000_m032_proc100__proposed__solverseed_2__trainseed_2__stability_full_trainseed_2.sol,,,,D:\git\git\RDMCT-A3C\cie\models\proposed\cie_proposed_all_cie_proposed\cie_proposed_all_cie_proposed_2026_08_02_15_03_12_0000--s-2\itr_60.pkl,23,True,beam_search,
cie_core_nominal,dual_source_cluster_tool,8_to_32_wafers_nominal_processing,test,600.0,[],D:\git\git\RDMCT-A3C\cie\data\core\spbs\cie_core_n032_f008_m024_proc100.lp,spbs\cie_core_n032_f008_m024_proc100.lp,cie_core_n032_f008_m024_proc100.lp,proposed,2,2,stability_full_trainseed_2,full,True,linear,60.0,auto,2026-08-07T08:15:25,timelimit,timelimit,incumbent_timelimit_optimal,539.7358743999998,539.9839688000002,1,0.08681299999989278,0.07199931144714355,0.0010004043579101562,0.0060007572174072266,0.0019991397857666016,1,0,57104.0,3.172618630357143,41310.43144621195,10514.9989495,10396.0,2029.0,0.0,0.0,1,True,D:\git\git\RDMCT-A3C\cie\results\stability\cie_stability_600s_mem2048_repro_v1\s2_t1to5\solutions\cie_core_nominal__cie_core_n032_f008_m024_proc100__proposed__solverseed_2__trainseed_2__stability_full_trainseed_2.sol,,,,D:\git\git\RDMCT-A3C\cie\models\proposed\cie_proposed_all_cie_proposed\cie_proposed_all_cie_proposed_2026_08_02_15_03_12_0000--s-2\itr_60.pkl,23,True,beam_search,
cie_core_nominal,dual_source_cluster_tool,8_to_32_wafers_nominal_processing,test,600.0,[],D:\git\git\RDMCT-A3C\cie\data\core\spbs\cie_core_n032_f016_m016_proc100.lp,spbs\cie_core_n032_f016_m016_proc100.lp,cie_core_n032_f016_m016_proc100.lp,proposed,2,2,stability_full_trainseed_2,full,True,linear,60.0,auto,2026-08-07T08:24:25,timelimit,timelimit,incumbent_timelimit_optimal,539.7680602,540.0206632000004,1,0.06189230000018142,0.013000249862670898,0.0009968280792236328,0.006000518798828125,0.0019996166229248047,1,0,59852.0,3.120297393612847,41215.83324369458,10514.9989495,4681.0,390.0,0.49188079175186156,262.0,1,True,D:\git\git\RDMCT-A3C\cie\results\stability\cie_stability_600s_mem2048_repro_v1\s2_t1to5\solutions\cie_core_nominal__cie_core_n032_f016_m016_proc100__proposed__solverseed_2__trainseed_2__stability_full_trainseed_2.sol,,,,D:\git\git\RDMCT-A3C\cie\models\proposed\cie_proposed_all_cie_proposed\cie_proposed_all_cie_proposed_2026_08_02_15_03_12_0000--s-2\itr_60.pkl,23,True,beam_search,
cie_core_nominal,dual_source_cluster_tool,8_to_32_wafers_nominal_processing,test,600.0,[],D:\git\git\RDMCT-A3C\cie\data\core\spbs\cie_core_n032_f024_m008_proc100.lp,spbs\cie_core_n032_f024_m008_proc100.lp,cie_core_n032_f024_m008_proc100.lp,proposed,2,2,stability_full_trainseed_2,full,True,linear,60.0,auto,2026-08-07T08:33:25,timelimit,timelimit,incumbent_timelimit_optimal,539.7765297000001,540.1493071999998,1,0.035644199999751436,0.01700305938720703,0.0009982585906982422,0.009002208709716797,0.0019998550415039062,1,0,51829.0,3.323601541324013,42069.024008994646,10514.9989495,6092.0,357.5,0.7361933563101336,0.0,1,True,D:\git\git\RDMCT-A3C\cie\results\stability\cie_stability_600s_mem2048_repro_v1\s2_t1to5\solutions\cie_core_nominal__cie_core_n032_f024_m008_proc100__proposed__solverseed_2__trainseed_2__stability_full_trainseed_2.sol,,,,D:\git\git\RDMCT-A3C\cie\models\proposed\cie_proposed_all_cie_proposed\cie_proposed_all_cie_proposed_2026_08_02_15_03_12_0000--s-2\itr_60.pkl,23,True,beam_search,
cie_core_nominal,dual_source_cluster_tool,8_to_32_wafers_nominal_processing,test,600.0,[],D:\git\git\RDMCT-A3C\cie\data\core\pure41\cie_core_n008_f008_m000_proc100.lp,pure41\cie_core_n008_f008_m000_proc100.lp,cie_core_n008_f008_m000_proc100.lp,proposed,2,3,stability_full_trainseed_3,full,True,linear,60.0,auto,2026-08-07T08:42:28,optimal,optimal,optimal,0.41108899999926507,0.44019479999951727,1,0.3725644000005559,0.007006168365478516,0.0,0.3629939556121826,0.0019998550415039062,1,0,1.0,0.0,0.0,610.000001,400.0,58.0,0.0,0.0,1,True,D:\git\git\RDMCT-A3C\cie\results\stability\cie_stability_600s_mem2048_repro_v1\s2_t1to5\solutions\cie_core_nominal__cie_core_n008_f008_m000_proc100__proposed__solverseed_2__trainseed_3__stability_full_trainseed_3.sol,,,,D:\git\git\RDMCT-A3C\cie\models\proposed\cie_proposed_all_cie_proposed\cie_proposed_all_cie_proposed_2026_08_02_15_10_55_0000--s-3\itr_60.pkl,23,True,beam_search,
cie_core_nominal,dual_source_cluster_tool,8_to_32_wafers_nominal_processing,test,600.0,[],D:\git\git\RDMCT-A3C\cie\data\core\pure41\cie_core_n016_f016_m000_proc100.lp,pure41\cie_core_n016_f016_m000_proc100.lp,cie_core_n016_f016_m000_proc100.lp,proposed,2,3,stability_full_trainseed_3,full,True,linear,60.0,auto,2026-08-07T08:42:28,optimal,optimal,optimal,0.280612900000051,0.35465970000041125,1,0.017356199999994715,0.005999088287353516,0.0,0.007996797561645508,0.002000093460083008,1,0,1.0,0.0,100.0,944.000001,924.0,58.0,0.0,0.0,1,True,D:\git\git\RDMCT-A3C\cie\results\stability\cie_stability_600s_mem2048_repro_v1\s2_t1to5\solutions\cie_core_nominal__cie_core_n016_f016_m000_proc100__proposed__solverseed_2__trainseed_3__stability_full_trainseed_3.sol,,,,D:\git\git\RDMCT-A3C\cie\models\proposed\cie_proposed_all_cie_proposed\cie_proposed_all_cie_proposed_2026_08_02_15_10_55_0000--s-3\itr_60.pkl,23,True,beam_search,
cie_core_nominal,dual_source_cluster_tool,8_to_32_wafers_nominal_processing,test,600.0,[],D:\git\git\RDMCT-A3C\cie\data\core\pure41\cie_core_n024_f024_m000_proc100.lp,pure41\cie_core_n024_f024_m000_proc100.lp,cie_core_n024_f024_m000_proc100.lp,proposed,2,3,stability_full_trainseed_3,full,True,linear,60.0,auto,2026-08-07T08:42:29,optimal,optimal,optimal,2.374225700000352,2.523752300000524,1,0.05044060000000172,0.009000301361083984,0.0,0.0049991607666015625,0.002000093460083008,1,0,1.0,0.0,200.0,1268.000001,1448.0,58.0,0.0,0.0,3,True,D:\git\git\RDMCT-A3C\cie\results\stability\cie_stability_600s_mem2048_repro_v1\s2_t1to5\solutions\cie_core_nominal__cie_core_n024_f024_m000_proc100__proposed__solverseed_2__trainseed_3__stability_full_trainseed_3.sol,,,,D:\git\git\RDMCT-A3C\cie\models\proposed\cie_proposed_all_cie_proposed\cie_proposed_all_cie_proposed_2026_08_02_15_10_55_0000--s-3\itr_60.pkl,23,True,beam_search,
cie_core_nominal,dual_source_cluster_tool,8_to_32_wafers_nominal_processing,test,600.0,[],D:\git\git\RDMCT-A3C\cie\data\core\pure41\cie_core_n032_f032_m000_proc100.lp,pure41\cie_core_n032_f032_m000_proc100.lp,cie_core_n032_f032_m000_proc100.lp,proposed,2,3,stability_full_trainseed_3,full,True,linear,60.0,auto,2026-08-07T08:42:31,optimal,optimal,optimal,7.1533414000005,7.515935200000058,0,0.0,0.0,0.0,0.0,0.0,0,0,1.0,0.0,600.0,1592.000001,1972.0,58.0,0.0,0.0,3,True,D:\git\git\RDMCT-A3C\cie\results\stability\cie_stability_600s_mem2048_repro_v1\s2_t1to5\solutions\cie_core_nominal__cie_core_n032_f032_m000_proc100__proposed__solverseed_2__trainseed_3__stability_full_trainseed_3.sol,,,,D:\git\git\RDMCT-A3C\cie\models\proposed\cie_proposed_all_cie_proposed\cie_proposed_all_cie_proposed_2026_08_02_15_10_55_0000--s-3\itr_60.pkl,23,True,beam_search,
cie_core_nominal,dual_source_cluster_tool,8_to_32_wafers_nominal_processing,test,600.0,[],D:\git\git\RDMCT-A3C\cie\data\core\spbs\cie_core_n008_f000_m008_proc100.lp,spbs\cie_core_n008_f000_m008_proc100.lp,cie_core_n008_f000_m008_proc100.lp,proposed,2,3,stability_full_trainseed_3,full,True,linear,60.0,auto,2026-08-07T08:42:39,optimal,optimal,optimal,0.41106089999902906,0.49537430000054883,1,0.014687000000776607,0.005999565124511719,0.0009975433349609375,0.005002498626708984,0.002000093460083008,1,0,478.0,0.0,0.0,768.000001,31.999999000000344,0.0,2.3533290962161147e-09,9.999996564147295e-07,2,True,D:\git\git\RDMCT-A3C\cie\results\stability\cie_stability_600s_mem2048_repro_v1\s2_t1to5\solutions\cie_core_nominal__cie_core_n008_f000_m008_proc100__proposed__solverseed_2__trainseed_3__stability_full_trainseed_3.sol,,,,D:\git\git\RDMCT-A3C\cie\models\proposed\cie_proposed_all_cie_proposed\cie_proposed_all_cie_proposed_2026_08_02_15_10_55_0000--s-3\itr_60.pkl,23,True,beam_search,
cie_core_nominal,dual_source_cluster_tool,8_to_32_wafers_nominal_processing,test,600.0,[],D:\git\git\RDMCT-A3C\cie\data\core\spbs\cie_core_n008_f002_m006_proc100.lp,spbs\cie_core_n008_f002_m006_proc100.lp,cie_core_n008_f002_m006_proc100.lp,proposed,2,3,stability_full_trainseed_3,full,True,linear,60.0,auto,2026-08-07T08:42:39,optimal,optimal,optimal,0.6135956000007354,0.6419765999999072,1,0.018259999999827414,0.005003213882446289,0.0009965896606445312,0.00900411605834961,0.0019986629486083984,1,0,845.0,0.0,91.434281050728,900.000001,346.0000000000015,92.99999999999966,2.957795114939429e-16,0.0,2,True,D:\git\git\RDMCT-A3C\cie\results\stability\cie_stability_600s_mem2048_repro_v1\s2_t1to5\solutions\cie_core_nominal__cie_core_n008_f002_m006_proc100__proposed__solverseed_2__trainseed_3__stability_full_trainseed_3.sol,,,,D:\git\git\RDMCT-A3C\cie\models\proposed\cie_proposed_all_cie_proposed\cie_proposed_all_cie_proposed_2026_08_02_15_10_55_0000--s-3\itr_60.pkl,23,True,beam_search,
cie_core_nominal,dual_source_cluster_tool,8_to_32_wafers_nominal_processing,test,600.0,[],D:\git\git\RDMCT-A3C\cie\data\core\spbs\cie_core_n008_f004_m004_proc100.lp,spbs\cie_core_n008_f004_m004_proc100.lp,cie_core_n008_f004_m004_proc100.lp,proposed,2,3,stability_full_trainseed_3,full,True,linear,60.0,auto,2026-08-07T08:42:40,optimal,optimal,optimal,0.340165500000694,0.36750690000008035,1,0.014460600000347767,0.004994869232177734,0.0010035037994384766,0.004999637603759766,0.0019969940185546875,1,0,427.0,0.0,0.0,834.0000009999673,241.99999500017918,57.99999900003604,2.7172933587785044e-09,0.0,1,True,D:\git\git\RDMCT-A3C\cie\results\stability\cie_stability_600s_mem2048_repro_v1\s2_t1to5\solutions\cie_core_nominal__cie_core_n008_f004_m004_proc100__proposed__solverseed_2__trainseed_3__stability_full_trainseed_3.sol,,,,D:\git\git\RDMCT-A3C\cie\models\proposed\cie_proposed_all_cie_proposed\cie_proposed_all_cie_proposed_2026_08_02_15_10_55_0000--s-3\itr_60.pkl,23,True,beam_search,
cie_core_nominal,dual_source_cluster_tool,8_to_32_wafers_nominal_processing,test,600.0,[],D:\git\git\RDMCT-A3C\cie\data\core\spbs\cie_core_n008_f006_m002_proc100.lp,spbs\cie_core_n008_f006_m002_proc100.lp,cie_core_n008_f006_m002_proc100.lp,proposed,2,3,stability_full_trainseed_3,full,True,linear,60.0,auto,2026-08-07T08:42:40,optimal,optimal,optimal,0.3256807000007029,0.35801809999975376,1,0.014201399999365094,0.00599980354309082,0.0,0.005003690719604492,0.0010030269622802734,1,0,244.0,0.0,92.30988787665362,834.0000009999927,261.99999700001774,57.99999999999966,0.0,0.0,1,True,D:\git\git\RDMCT-A3C\cie\results\stability\cie_stability_600s_mem2048_repro_v1\s2_t1to5\solutions\cie_core_nominal__cie_core_n008_f006_m002_proc100__proposed__solverseed_2__trainseed_3__stability_full_trainseed_3.sol,,,,D:\git\git\RDMCT-A3C\cie\models\proposed\cie_proposed_all_cie_proposed\cie_proposed_all_cie_proposed_2026_08_02_15_10_55_0000--s-3\itr_60.pkl,23,True,beam_search,
cie_core_nominal,dual_source_cluster_tool,8_to_32_wafers_nominal_processing,test,600.0,[],D:\git\git\RDMCT-A3C\cie\data\core\spbs\cie_core_n016_f000_m016_proc100.lp,spbs\cie_core_n016_f000_m016_proc100.lp,cie_core_n016_f000_m016_proc100.lp,proposed,2,3,stability_full_trainseed_3,full,True,linear,60.0,auto,2026-08-07T08:42:41,optimal,optimal,optimal,33.84143249999943,33.897792599999775,1,0.14096870000048511,0.006996870040893555,0.001003265380859375,0.055999755859375,0.002001523971557617,1,0,15770.0,0.0,2943.4376725383045,1136.000001,214.00000200000068,24.499999499999944,4.086781249358056e-16,4.547473508864641e-13,1,True,D:\git\git\RDMCT-A3C\cie\results\stability\cie_stability_600s_mem2048_repro_v1\s2_t1to5\solutions\cie_core_nominal__cie_core_n016_f000_m016_proc100__proposed__solverseed_2__trainseed_3__stability_full_trainseed_3.sol,,,,D:\git\git\RDMCT-A3C\cie\models\proposed\cie_proposed_all_cie_proposed\cie_proposed_all_cie_proposed_2026_08_02_15_10_55_0000--s-3\itr_60.pkl,23,True,beam_search,
cie_core_nominal,dual_source_cluster_tool,8_to_32_wafers_nominal_processing,test,600.0,[],D:\git\git\RDMCT-A3C\cie\data\core\spbs\cie_core_n016_f004_m012_proc100.lp,spbs\cie_core_n016_f004_m012_proc100.lp,cie_core_n016_f004_m012_proc100.lp,proposed,2,3,stability_full_trainseed_3,full,True,linear,60.0,auto,2026-08-07T08:43:15,optimal,optimal,optimal,10.174284900000202,10.226033799999641,1,0.01591439999992872,0.005998849868774414,0.0009980201721191406,0.005002498626708984,0.0009970664978027344,1,0,4493.0,0.0,887.8842564195288,1202.000001,790.0,201.0,0.0,0.0,2,True,D:\git\git\RDMCT-A3C\cie\results\stability\cie_stability_600s_mem2048_repro_v1\s2_t1to5\solutions\cie_core_nominal__cie_core_n016_f004_m012_proc100__proposed__solverseed_2__trainseed_3__stability_full_trainseed_3.sol,,,,D:\git\git\RDMCT-A3C\cie\models\proposed\cie_proposed_all_cie_proposed\cie_proposed_all_cie_proposed_2026_08_02_15_10_55_0000--s-3\itr_60.pkl,23,True,beam_search,
cie_core_nominal,dual_source_cluster_tool,8_to_32_wafers_nominal_processing,test,600.0,[],D:\git\git\RDMCT-A3C\cie\data\core\spbs\cie_core_n016_f008_m008_proc100.lp,spbs\cie_core_n016_f008_m008_proc100.lp,cie_core_n016_f008_m008_proc100.lp,proposed,2,3,stability_full_trainseed_3,full,True,linear,60.0,auto,2026-08-07T08:43:25,optimal,optimal,optimal,22.902002099999663,22.962793200000306,1,0.021916100000453298,0.009002923965454102,0.0009992122650146484,0.009000301361083984,0.002000093460083008,1,0,18081.0,0.0,1709.3948617362967,1170.000001,1062.0000040000032,98.9999989999992,0.058823529411764705,0.0,2,True,D:\git\git\RDMCT-A3C\cie\results\stability\cie_stability_600s_mem2048_repro_v1\s2_t1to5\solutions\cie_core_nominal__cie_core_n016_f008_m008_proc100__proposed__solverseed_2__trainseed_3__stability_full_trainseed_3.sol,,,,D:\git\git\RDMCT-A3C\cie\models\proposed\cie_proposed_all_cie_proposed\cie_proposed_all_cie_proposed_2026_08_02_15_10_55_0000--s-3\itr_60.pkl,23,True,beam_search,
cie_core_nominal,dual_source_cluster_tool,8_to_32_wafers_nominal_processing,test,600.0,[],D:\git\git\RDMCT-A3C\cie\data\core\spbs\cie_core_n016_f012_m004_proc100.lp,spbs\cie_core_n016_f012_m004_proc100.lp,cie_core_n016_f012_m004_proc100.lp,proposed,2,3,stability_full_trainseed_3,full,True,linear,60.0,auto,2026-08-07T08:43:48,optimal,optimal,optimal,36.08880700000009,36.16339330000028,1,0.018576600000415056,0.00800466537475586,0.0009963512420654297,0.005002498626708984,0.0019996166229248047,1,0,18064.0,0.0,3211.66900538944,1158.000001,920.0,65.0,0.2861125704223025,0.0,1,True,D:\git\git\RDMCT-A3C\cie\results\stability\cie_stability_600s_mem2048_repro_v1\s2_t1to5\solutions\cie_core_nominal__cie_core_n016_f012_m004_proc100__proposed__solverseed_2__trainseed_3__stability_full_trainseed_3.sol,,,,D:\git\git\RDMCT-A3C\cie\models\proposed\cie_proposed_all_cie_proposed\cie_proposed_all_cie_proposed_2026_08_02_15_10_55_0000--s-3\itr_60.pkl,23,True,beam_search,
cie_core_nominal,dual_source_cluster_tool,8_to_32_wafers_nominal_processing,test,600.0,[],D:\git\git\RDMCT-A3C\cie\data\core\spbs\cie_core_n024_f000_m024_proc100.lp,spbs\cie_core_n024_f000_m024_proc100.lp,cie_core_n024_f000_m024_proc100.lp,proposed,2,3,stability_full_trainseed_3,full,True,linear,60.0,auto,2026-08-07T08:44:24,optimal,optimal,optimal,419.5878926000005,419.70264529999986,1,0.05385649999971065,0.007992267608642578,0.0010027885437011719,0.0049974918365478516,0.0020058155059814453,1,0,85714.0,0.0,32077.133436607943,2224.000001,2201.9999999999995,468.99999899999966,1.6945916729055944e-09,1.500000053056283e-06,1,True,D:\git\git\RDMCT-A3C\cie\results\stability\cie_stability_600s_mem2048_repro_v1\s2_t1to5\solutions\cie_core_nominal__cie_core_n024_f000_m024_proc100__proposed__solverseed_2__trainseed_3__stability_full_trainseed_3.sol,,,,D:\git\git\RDMCT-A3C\cie\models\proposed\cie_proposed_all_cie_proposed\cie_proposed_all_cie_proposed_2026_08_02_15_10_55_0000--s-3\itr_60.pkl,23,True,beam_search,
cie_core_nominal,dual_source_cluster_tool,8_to_32_wafers_nominal_processing,test,600.0,[],D:\git\git\RDMCT-A3C\cie\data\core\spbs\cie_core_n024_f006_m018_proc100.lp,spbs\cie_core_n024_f006_m018_proc100.lp,cie_core_n024_f006_m018_proc100.lp,proposed,2,3,stability_full_trainseed_3,full,True,linear,60.0,auto,2026-08-07T08:51:24,timelimit,timelimit,incumbent_timelimit_optimal,539.9425502000004,540.1759606000005,1,0.054424099999778264,0.006998777389526367,0.0010006427764892578,0.004999637603759766,0.003000974655151367,1,0,185401.0,3.6526544019911507,42485.70498266465,10514.9989495,3320.0,658.0,0.21465741571734478,0.0,1,True,D:\git\git\RDMCT-A3C\cie\results\stability\cie_stability_600s_mem2048_repro_v1\s2_t1to5\solutions\cie_core_nominal__cie_core_n024_f006_m018_proc100__proposed__solverseed_2__trainseed_3__stability_full_trainseed_3.sol,,,,D:\git\git\RDMCT-A3C\cie\models\proposed\cie_proposed_all_cie_proposed\cie_proposed_all_cie_proposed_2026_08_02_15_10_55_0000--s-3\itr_60.pkl,23,True,beam_search,
cie_core_nominal,dual_source_cluster_tool,8_to_32_wafers_nominal_processing,test,600.0,[],D:\git\git\RDMCT-A3C\cie\data\core\spbs\cie_core_n024_f012_m012_proc100.lp,spbs\cie_core_n024_f012_m012_proc100.lp,cie_core_n024_f012_m012_proc100.lp,proposed,2,3,stability_full_trainseed_3,full,True,linear,60.0,auto,2026-08-07T09:00:24,optimal,optimal,optimal,281.57395890000134,281.7344860000003,1,0.054780899999968824,0.010003089904785156,0.0009970664978027344,0.005003452301025391,0.0019981861114501953,1,0,49764.0,0.0,22162.217283704216,2246.000001000018,2929.5,238.5,0.21466754231406093,0.0,1,True,D:\git\git\RDMCT-A3C\cie\results\stability\cie_stability_600s_mem2048_repro_v1\s2_t1to5\solutions\cie_core_nominal__cie_core_n024_f012_m012_proc100__proposed__solverseed_2__trainseed_3__stability_full_trainseed_3.sol,,,,D:\git\git\RDMCT-A3C\cie\models\proposed\cie_proposed_all_cie_proposed\cie_proposed_all_cie_proposed_2026_08_02_15_10_55_0000--s-3\itr_60.pkl,23,True,beam_search,
cie_core_nominal,dual_source_cluster_tool,8_to_32_wafers_nominal_processing,test,600.0,[],D:\git\git\RDMCT-A3C\cie\data\core\spbs\cie_core_n024_f018_m006_proc100.lp,spbs\cie_core_n024_f018_m006_proc100.lp,cie_core_n024_f018_m006_proc100.lp,proposed,2,3,stability_full_trainseed_3,full,True,linear,60.0,auto,2026-08-07T09:05:06,timelimit,timelimit,incumbent_timelimit_optimal,540.0605625999997,540.3011349999997,1,0.05811089999951946,0.012000799179077148,0.0009999275207519531,0.005998849868774414,0.0019969940185546875,1,0,78513.0,3.719478881732488,42645.381651033626,10514.9989495,3068.0,288.0,0.4685118867673158,0.0,1,True,D:\git\git\RDMCT-A3C\cie\results\stability\cie_stability_600s_mem2048_repro_v1\s2_t1to5\solutions\cie_core_nominal__cie_core_n024_f018_m006_proc100__proposed__solverseed_2__trainseed_3__stability_full_trainseed_3.sol,,,,D:\git\git\RDMCT-A3C\cie\models\proposed\cie_proposed_all_cie_proposed\cie_proposed_all_cie_proposed_2026_08_02_15_10_55_0000--s-3\itr_60.pkl,23,True,beam_search,
cie_core_nominal,dual_source_cluster_tool,8_to_32_wafers_nominal_processing,test,600.0,[],D:\git\git\RDMCT-A3C\cie\data\core\spbs\cie_core_n032_f000_m032_proc100.lp,spbs\cie_core_n032_f000_m032_proc100.lp,cie_core_n032_f000_m032_proc100.lp,proposed,2,3,stability_full_trainseed_3,full,True,linear,60.0,auto,2026-08-07T09:14:06,timelimit,timelimit,incumbent_timelimit_optimal,539.7923994000002,540.0214590999994,1,0.055186299999149924,0.008003473281860352,0.0019965171813964844,0.005005836486816406,0.0009942054748535156,1,0,61489.0,3.069272038893189,41001.9461509986,10514.9989495,3629.0,494.0,0.16630408907046917,136.0,1,True,D:\git\git\RDMCT-A3C\cie\results\stability\cie_stability_600s_mem2048_repro_v1\s2_t1to5\solutions\cie_core_nominal__cie_core_n032_f000_m032_proc100__proposed__solverseed_2__trainseed_3__stability_full_trainseed_3.sol,,,,D:\git\git\RDMCT-A3C\cie\models\proposed\cie_proposed_all_cie_proposed\cie_proposed_all_cie_proposed_2026_08_02_15_10_55_0000--s-3\itr_60.pkl,23,True,beam_search,
cie_core_nominal,dual_source_cluster_tool,8_to_32_wafers_nominal_processing,test,600.0,[],D:\git\git\RDMCT-A3C\cie\data\core\spbs\cie_core_n032_f008_m024_proc100.lp,spbs\cie_core_n032_f008_m024_proc100.lp,cie_core_n032_f008_m024_proc100.lp,proposed,2,3,stability_full_trainseed_3,full,True,linear,60.0,auto,2026-08-07T09:23:06,timelimit,timelimit,incumbent_timelimit_optimal,539.7399783000001,539.9613780999998,1,0.02834939999956987,0.009000062942504883,0.0,0.006000041961669922,0.0019998550415039062,1,0,56802.0,3.172618630357143,41310.27928262089,10514.9989495,10396.0,2029.0,0.0,0.0,1,True,D:\git\git\RDMCT-A3C\cie\results\stability\cie_stability_600s_mem2048_repro_v1\s2_t1to5\solutions\cie_core_nominal__cie_core_n032_f008_m024_proc100__proposed__solverseed_2__trainseed_3__stability_full_trainseed_3.sol,,,,D:\git\git\RDMCT-A3C\cie\models\proposed\cie_proposed_all_cie_proposed\cie_proposed_all_cie_proposed_2026_08_02_15_10_55_0000--s-3\itr_60.pkl,23,True,beam_search,
cie_core_nominal,dual_source_cluster_tool,8_to_32_wafers_nominal_processing,test,600.0,[],D:\git\git\RDMCT-A3C\cie\data\core\spbs\cie_core_n032_f016_m016_proc100.lp,spbs\cie_core_n032_f016_m016_proc100.lp,cie_core_n032_f016_m016_proc100.lp,proposed,2,3,stability_full_trainseed_3,full,True,linear,60.0,auto,2026-08-07T09:32:06,timelimit,timelimit,incumbent_timelimit_optimal,539.7816896000004,540.0262392999994,1,0.02681659999961994,0.012997627258300781,0.0010035037994384766,0.005999326705932617,0.0019996166229248047,1,0,60120.0,3.120297393612847,41215.71912100128,10514.9989495,4681.0,390.0,0.49188079175186156,262.0,1,True,D:\git\git\RDMCT-A3C\cie\results\stability\cie_stability_600s_mem2048_repro_v1\s2_t1to5\solutions\cie_core_nominal__cie_core_n032_f016_m016_proc100__proposed__solverseed_2__trainseed_3__stability_full_trainseed_3.sol,,,,D:\git\git\RDMCT-A3C\cie\models\proposed\cie_proposed_all_cie_proposed\cie_proposed_all_cie_proposed_2026_08_02_15_10_55_0000--s-3\itr_60.pkl,23,True,beam_search,
cie_core_nominal,dual_source_cluster_tool,8_to_32_wafers_nominal_processing,test,600.0,[],D:\git\git\RDMCT-A3C\cie\data\core\spbs\cie_core_n032_f024_m008_proc100.lp,spbs\cie_core_n032_f024_m008_proc100.lp,cie_core_n032_f024_m008_proc100.lp,proposed,2,3,stability_full_trainseed_3,full,True,linear,60.0,auto,2026-08-07T09:41:06,timelimit,timelimit,incumbent_timelimit_optimal,539.8259909999988,540.1839030000001,1,0.06489700000020093,0.016994953155517578,0.0,0.00599980354309082,0.0020008087158203125,1,0,51833.0,3.323601541324013,42069.1951930346,10514.9989495,6092.0,357.5,0.7361933563101336,0.0,1,True,D:\git\git\RDMCT-A3C\cie\results\stability\cie_stability_600s_mem2048_repro_v1\s2_t1to5\solutions\cie_core_nominal__cie_core_n032_f024_m008_proc100__proposed__solverseed_2__trainseed_3__stability_full_trainseed_3.sol,,,,D:\git\git\RDMCT-A3C\cie\models\proposed\cie_proposed_all_cie_proposed\cie_proposed_all_cie_proposed_2026_08_02_15_10_55_0000--s-3\itr_60.pkl,23,True,beam_search,
cie_core_nominal,dual_source_cluster_tool,8_to_32_wafers_nominal_processing,test,600.0,[],D:\git\git\RDMCT-A3C\cie\data\core\pure41\cie_core_n008_f008_m000_proc100.lp,pure41\cie_core_n008_f008_m000_proc100.lp,cie_core_n008_f008_m000_proc100.lp,proposed,2,4,stability_full_trainseed_4,full,True,linear,60.0,auto,2026-08-07T09:50:09,optimal,optimal,optimal,0.42621910000161733,0.450301999999283,1,0.3873019000002387,0.0060007572174072266,0.0,0.3789966106414795,0.0019996166229248047,1,0,1.0,0.0,0.0,610.000001,400.0,58.0,0.0,0.0,1,True,D:\git\git\RDMCT-A3C\cie\results\stability\cie_stability_600s_mem2048_repro_v1\s2_t1to5\solutions\cie_core_nominal__cie_core_n008_f008_m000_proc100__proposed__solverseed_2__trainseed_4__stability_full_trainseed_4.sol,,,,D:\git\git\RDMCT-A3C\cie\models\proposed\cie_proposed_all_cie_proposed\cie_proposed_all_cie_proposed_2026_08_02_15_19_25_0000--s-4\itr_60.pkl,23,True,beam_search,
cie_core_nominal,dual_source_cluster_tool,8_to_32_wafers_nominal_processing,test,600.0,[],D:\git\git\RDMCT-A3C\cie\data\core\pure41\cie_core_n016_f016_m000_proc100.lp,pure41\cie_core_n016_f016_m000_proc100.lp,cie_core_n016_f016_m000_proc100.lp,proposed,2,4,stability_full_trainseed_4,full,True,linear,60.0,auto,2026-08-07T09:50:09,optimal,optimal,optimal,0.3030675000009069,0.36448159999963536,1,0.03897809999944002,0.0059964656829833984,0.0010035037994384766,0.02899622917175293,0.0020012855529785156,1,0,1.0,0.0,0.0,944.000001,924.0,58.0,0.0,0.0,1,True,D:\git\git\RDMCT-A3C\cie\results\stability\cie_stability_600s_mem2048_repro_v1\s2_t1to5\solutions\cie_core_nominal__cie_core_n016_f016_m000_proc100__proposed__solverseed_2__trainseed_4__stability_full_trainseed_4.sol,,,,D:\git\git\RDMCT-A3C\cie\models\proposed\cie_proposed_all_cie_proposed\cie_proposed_all_cie_proposed_2026_08_02_15_19_25_0000--s-4\itr_60.pkl,23,True,beam_search,
cie_core_nominal,dual_source_cluster_tool,8_to_32_wafers_nominal_processing,test,600.0,[],D:\git\git\RDMCT-A3C\cie\data\core\pure41\cie_core_n024_f024_m000_proc100.lp,pure41\cie_core_n024_f024_m000_proc100.lp,cie_core_n024_f024_m000_proc100.lp,proposed,2,4,stability_full_trainseed_4,full,True,linear,60.0,auto,2026-08-07T09:50:09,optimal,optimal,optimal,2.3971336000013252,2.5411916000011843,1,0.098173799999131,0.008997440338134766,0.0010027885437011719,0.05200028419494629,0.002003192901611328,1,0,1.0,0.0,200.0,1268.000001,1448.0,58.0,0.0,0.0,3,True,D:\git\git\RDMCT-A3C\cie\results\stability\cie_stability_600s_mem2048_repro_v1\s2_t1to5\solutions\cie_core_nominal__cie_core_n024_f024_m000_proc100__proposed__solverseed_2__trainseed_4__stability_full_trainseed_4.sol,,,,D:\git\git\RDMCT-A3C\cie\models\proposed\cie_proposed_all_cie_proposed\cie_proposed_all_cie_proposed_2026_08_02_15_19_25_0000--s-4\itr_60.pkl,23,True,beam_search,
cie_core_nominal,dual_source_cluster_tool,8_to_32_wafers_nominal_processing,test,600.0,[],D:\git\git\RDMCT-A3C\cie\data\core\pure41\cie_core_n032_f032_m000_proc100.lp,pure41\cie_core_n032_f032_m000_proc100.lp,cie_core_n032_f032_m000_proc100.lp,proposed,2,4,stability_full_trainseed_4,full,True,linear,60.0,auto,2026-08-07T09:50:12,optimal,optimal,optimal,7.223965999999564,7.546302599999763,0,0.0,0.0,0.0,0.0,0.0,0,0,1.0,0.0,700.0,1592.000001,1972.0,58.0,0.0,0.0,3,True,D:\git\git\RDMCT-A3C\cie\results\stability\cie_stability_600s_mem2048_repro_v1\s2_t1to5\solutions\cie_core_nominal__cie_core_n032_f032_m000_proc100__proposed__solverseed_2__trainseed_4__stability_full_trainseed_4.sol,,,,D:\git\git\RDMCT-A3C\cie\models\proposed\cie_proposed_all_cie_proposed\cie_proposed_all_cie_proposed_2026_08_02_15_19_25_0000--s-4\itr_60.pkl,23,True,beam_search,
cie_core_nominal,dual_source_cluster_tool,8_to_32_wafers_nominal_processing,test,600.0,[],D:\git\git\RDMCT-A3C\cie\data\core\spbs\cie_core_n008_f000_m008_proc100.lp,spbs\cie_core_n008_f000_m008_proc100.lp,cie_core_n008_f000_m008_proc100.lp,proposed,2,4,stability_full_trainseed_4,full,True,linear,60.0,auto,2026-08-07T09:50:20,optimal,optimal,optimal,0.4159727999995084,0.48267979999945965,1,0.07923599999958242,0.0050029754638671875,0.0009970664978027344,0.06900286674499512,0.0020003318786621094,1,0,417.0,0.0,0.0,768.000001,32.0,0.0,0.0,0.0,2,True,D:\git\git\RDMCT-A3C\cie\results\stability\cie_stability_600s_mem2048_repro_v1\s2_t1to5\solutions\cie_core_nominal__cie_core_n008_f000_m008_proc100__proposed__solverseed_2__trainseed_4__stability_full_trainseed_4.sol,,,,D:\git\git\RDMCT-A3C\cie\models\proposed\cie_proposed_all_cie_proposed\cie_proposed_all_cie_proposed_2026_08_02_15_19_25_0000--s-4\itr_60.pkl,23,True,beam_search,
cie_core_nominal,dual_source_cluster_tool,8_to_32_wafers_nominal_processing,test,600.0,[],D:\git\git\RDMCT-A3C\cie\data\core\spbs\cie_core_n008_f002_m006_proc100.lp,spbs\cie_core_n008_f002_m006_proc100.lp,cie_core_n008_f002_m006_proc100.lp,proposed,2,4,stability_full_trainseed_4,full,True,linear,60.0,auto,2026-08-07T09:50:20,optimal,optimal,optimal,0.6408508999993501,0.6662018000006356,1,0.07880689999910828,0.005001068115234375,0.0009996891021728516,0.06900215148925781,0.0010037422180175781,1,0,682.0,0.0,91.434281050728,900.000001,648.0,76.0,0.1711468642362344,0.0,1,True,D:\git\git\RDMCT-A3C\cie\results\stability\cie_stability_600s_mem2048_repro_v1\s2_t1to5\solutions\cie_core_nominal__cie_core_n008_f002_m006_proc100__proposed__solverseed_2__trainseed_4__stability_full_trainseed_4.sol,,,,D:\git\git\RDMCT-A3C\cie\models\proposed\cie_proposed_all_cie_proposed\cie_proposed_all_cie_proposed_2026_08_02_15_19_25_0000--s-4\itr_60.pkl,23,True,beam_search,
cie_core_nominal,dual_source_cluster_tool,8_to_32_wafers_nominal_processing,test,600.0,[],D:\git\git\RDMCT-A3C\cie\data\core\spbs\cie_core_n008_f004_m004_proc100.lp,spbs\cie_core_n008_f004_m004_proc100.lp,cie_core_n008_f004_m004_proc100.lp,proposed,2,4,stability_full_trainseed_4,full,True,linear,60.0,auto,2026-08-07T09:50:21,optimal,optimal,optimal,0.41369250000025204,0.43823909999991884,1,0.03936700000122073,0.00599980354309082,0.0,0.03000044822692871,0.001003265380859375,1,0,569.0,0.0,0.0,834.0000009999673,241.99999800007186,58.00000000000068,1.8535897454611344e-15,0.0,1,True,D:\git\git\RDMCT-A3C\cie\results\stability\cie_stability_600s_mem2048_repro_v1\s2_t1to5\solutions\cie_core_nominal__cie_core_n008_f004_m004_proc100__proposed__solverseed_2__trainseed_4__stability_full_trainseed_4.sol,,,,D:\git\git\RDMCT-A3C\cie\models\proposed\cie_proposed_all_cie_proposed\cie_proposed_all_cie_proposed_2026_08_02_15_19_25_0000--s-4\itr_60.pkl,23,True,beam_search,
cie_core_nominal,dual_source_cluster_tool,8_to_32_wafers_nominal_processing,test,600.0,[],D:\git\git\RDMCT-A3C\cie\data\core\spbs\cie_core_n008_f006_m002_proc100.lp,spbs\cie_core_n008_f006_m002_proc100.lp,cie_core_n008_f006_m002_proc100.lp,proposed,2,4,stability_full_trainseed_4,full,True,linear,60.0,auto,2026-08-07T09:50:21,optimal,optimal,optimal,0.3946371000001818,0.42485860000124376,1,0.04121610000038345,0.005998849868774414,0.0009968280792236328,0.03100299835205078,0.0010039806365966797,1,0,436.0,0.0,92.199844562354,834.0000009999964,261.99999999999864,57.99999999999966,0.0,0.0,1,True,D:\git\git\RDMCT-A3C\cie\results\stability\cie_stability_600s_mem2048_repro_v1\s2_t1to5\solutions\cie_core_nominal__cie_core_n008_f006_m002_proc100__proposed__solverseed_2__trainseed_4__stability_full_trainseed_4.sol,,,,D:\git\git\RDMCT-A3C\cie\models\proposed\cie_proposed_all_cie_proposed\cie_proposed_all_cie_proposed_2026_08_02_15_19_25_0000--s-4\itr_60.pkl,23,True,beam_search,
cie_core_nominal,dual_source_cluster_tool,8_to_32_wafers_nominal_processing,test,600.0,[],D:\git\git\RDMCT-A3C\cie\data\core\spbs\cie_core_n016_f000_m016_proc100.lp,spbs\cie_core_n016_f000_m016_proc100.lp,cie_core_n016_f000_m016_proc100.lp,proposed,2,4,stability_full_trainseed_4,full,True,linear,60.0,auto,2026-08-07T09:50:22,optimal,optimal,optimal,68.39569059999849,68.48386699999901,1,0.16415199999937613,0.008000373840332031,0.0009963512420654297,0.08300662040710449,0.001003265380859375,1,0,29198.0,0.0,6065.023244290466,1136.000001,214.00000200000113,24.499999499999717,0.0,0.0,1,True,D:\git\git\RDMCT-A3C\cie\results\stability\cie_stability_600s_mem2048_repro_v1\s2_t1to5\solutions\cie_core_nominal__cie_core_n016_f000_m016_proc100__proposed__solverseed_2__trainseed_4__stability_full_trainseed_4.sol,,,,D:\git\git\RDMCT-A3C\cie\models\proposed\cie_proposed_all_cie_proposed\cie_proposed_all_cie_proposed_2026_08_02_15_19_25_0000--s-4\itr_60.pkl,23,True,beam_search,
cie_core_nominal,dual_source_cluster_tool,8_to_32_wafers_nominal_processing,test,600.0,[],D:\git\git\RDMCT-A3C\cie\data\core\spbs\cie_core_n016_f004_m012_proc100.lp,spbs\cie_core_n016_f004_m012_proc100.lp,cie_core_n016_f004_m012_proc100.lp,proposed,2,4,stability_full_trainseed_4,full,True,linear,60.0,auto,2026-08-07T09:51:30,optimal,optimal,optimal,37.47358329999952,37.557144999998854,1,0.07685419999870646,0.005999565124511719,0.0009968280792236328,0.031003236770629883,0.0020012855529785156,1,0,62294.0,0.0,1288.0562275294685,1202.000001,790.0,201.0,0.0,0.0,2,True,D:\git\git\RDMCT-A3C\cie\results\stability\cie_stability_600s_mem2048_repro_v1\s2_t1to5\solutions\cie_core_nominal__cie_core_n016_f004_m012_proc100__proposed__solverseed_2__trainseed_4__stability_full_trainseed_4.sol,,,,D:\git\git\RDMCT-A3C\cie\models\proposed\cie_proposed_all_cie_proposed\cie_proposed_all_cie_proposed_2026_08_02_15_19_25_0000--s-4\itr_60.pkl,23,True,beam_search,
cie_core_nominal,dual_source_cluster_tool,8_to_32_wafers_nominal_processing,test,600.0,[],D:\git\git\RDMCT-A3C\cie\data\core\spbs\cie_core_n016_f008_m008_proc100.lp,spbs\cie_core_n016_f008_m008_proc100.lp,cie_core_n016_f008_m008_proc100.lp,proposed,2,4,stability_full_trainseed_4,full,True,linear,60.0,auto,2026-08-07T09:52:08,optimal,optimal,optimal,15.134427599998162,15.227205200000753,1,0.0468153000001621,0.00799870491027832,0.0009992122650146484,0.03399944305419922,0.0019996166229248047,1,0,7560.0,0.0,1257.581218694879,1170.000001,846.0,65.0,0.058823529411764705,0.0,1,True,D:\git\git\RDMCT-A3C\cie\results\stability\cie_stability_600s_mem2048_repro_v1\s2_t1to5\solutions\cie_core_nominal__cie_core_n016_f008_m008_proc100__proposed__solverseed_2__trainseed_4__stability_full_trainseed_4.sol,,,,D:\git\git\RDMCT-A3C\cie\models\proposed\cie_proposed_all_cie_proposed\cie_proposed_all_cie_proposed_2026_08_02_15_19_25_0000--s-4\itr_60.pkl,23,True,beam_search,
cie_core_nominal,dual_source_cluster_tool,8_to_32_wafers_nominal_processing,test,600.0,[],D:\git\git\RDMCT-A3C\cie\data\core\spbs\cie_core_n016_f012_m004_proc100.lp,spbs\cie_core_n016_f012_m004_proc100.lp,cie_core_n016_f012_m004_proc100.lp,proposed,2,4,stability_full_trainseed_4,full,True,linear,60.0,auto,2026-08-07T09:52:23,optimal,optimal,optimal,42.444013300000734,42.51533749999908,1,0.07859319999988656,0.008003473281860352,0.0010004043579101562,0.03199958801269531,0.0019998550415039062,1,0,69085.0,0.0,878.3307683897334,1158.000001,920.0,65.0,0.2861125704223025,0.0,2,True,D:\git\git\RDMCT-A3C\cie\results\stability\cie_stability_600s_mem2048_repro_v1\s2_t1to5\solutions\cie_core_nominal__cie_core_n016_f012_m004_proc100__proposed__solverseed_2__trainseed_4__stability_full_trainseed_4.sol,,,,D:\git\git\RDMCT-A3C\cie\models\proposed\cie_proposed_all_cie_proposed\cie_proposed_all_cie_proposed_2026_08_02_15_19_25_0000--s-4\itr_60.pkl,23,True,beam_search,
cie_core_nominal,dual_source_cluster_tool,8_to_32_wafers_nominal_processing,test,600.0,[],D:\git\git\RDMCT-A3C\cie\data\core\spbs\cie_core_n024_f000_m024_proc100.lp,spbs\cie_core_n024_f000_m024_proc100.lp,cie_core_n024_f000_m024_proc100.lp,proposed,2,4,stability_full_trainseed_4,full,True,linear,60.0,auto,2026-08-07T09:53:05,timelimit,timelimit,incumbent_timelimit_optimal,539.1594044999983,539.3295543000004,1,0.09632739999869955,0.00699925422668457,0.0010035037994384766,0.04800009727478027,0.0010030269622802734,1,0,89929.0,3.7457086491869918,42721.821848081,10506.9989503,128.0,0.0,0.0,0.0,1,True,D:\git\git\RDMCT-A3C\cie\results\stability\cie_stability_600s_mem2048_repro_v1\s2_t1to5\solutions\cie_core_nominal__cie_core_n024_f000_m024_proc100__proposed__solverseed_2__trainseed_4__stability_full_trainseed_4.sol,,,,D:\git\git\RDMCT-A3C\cie\models\proposed\cie_proposed_all_cie_proposed\cie_proposed_all_cie_proposed_2026_08_02_15_19_25_0000--s-4\itr_60.pkl,23,True,beam_search,
cie_core_nominal,dual_source_cluster_tool,8_to_32_wafers_nominal_processing,test,600.0,[],D:\git\git\RDMCT-A3C\cie\data\core\spbs\cie_core_n024_f006_m018_proc100.lp,spbs\cie_core_n024_f006_m018_proc100.lp,cie_core_n024_f006_m018_proc100.lp,proposed,2,4,stability_full_trainseed_4,full,True,linear,60.0,auto,2026-08-07T10:02:05,timelimit,timelimit,incumbent_timelimit_optimal,539.8549638999993,540.0500797999994,1,0.07985809999991034,0.00700068473815918,0.0009999275207519531,0.03200030326843262,0.0019991397857666016,1,0,77159.0,3.6403349287290383,42457.89708639836,10514.9989495,3320.0,658.0,0.21465741571734478,0.0,1,True,D:\git\git\RDMCT-A3C\cie\results\stability\cie_stability_600s_mem2048_repro_v1\s2_t1to5\solutions\cie_core_nominal__cie_core_n024_f006_m018_proc100__proposed__solverseed_2__trainseed_4__stability_full_trainseed_4.sol,,,,D:\git\git\RDMCT-A3C\cie\models\proposed\cie_proposed_all_cie_proposed\cie_proposed_all_cie_proposed_2026_08_02_15_19_25_0000--s-4\itr_60.pkl,23,True,beam_search,
cie_core_nominal,dual_source_cluster_tool,8_to_32_wafers_nominal_processing,test,600.0,[],D:\git\git\RDMCT-A3C\cie\data\core\spbs\cie_core_n024_f012_m012_proc100.lp,spbs\cie_core_n024_f012_m012_proc100.lp,cie_core_n024_f012_m012_proc100.lp,proposed,2,4,stability_full_trainseed_4,full,True,linear,60.0,auto,2026-08-07T10:11:05,timelimit,timelimit,incumbent_timelimit_optimal,539.7771320999982,539.962802099999,1,0.0508601000001363,0.01000356674194336,0.003000020980834961,0.03299999237060547,0.0009970664978027344,1,0,83092.0,3.75361616116635,42708.3963981815,10514.9989495,3754.0,317.0,0.24014605321403706,0.0,1,True,D:\git\git\RDMCT-A3C\cie\results\stability\cie_stability_600s_mem2048_repro_v1\s2_t1to5\solutions\cie_core_nominal__cie_core_n024_f012_m012_proc100__proposed__solverseed_2__trainseed_4__stability_full_trainseed_4.sol,,,,D:\git\git\RDMCT-A3C\cie\models\proposed\cie_proposed_all_cie_proposed\cie_proposed_all_cie_proposed_2026_08_02_15_19_25_0000--s-4\itr_60.pkl,23,True,beam_search,
cie_core_nominal,dual_source_cluster_tool,8_to_32_wafers_nominal_processing,test,600.0,[],D:\git\git\RDMCT-A3C\cie\data\core\spbs\cie_core_n024_f018_m006_proc100.lp,spbs\cie_core_n024_f018_m006_proc100.lp,cie_core_n024_f018_m006_proc100.lp,proposed,2,4,stability_full_trainseed_4,full,True,linear,60.0,auto,2026-08-07T10:20:05,timelimit,timelimit,incumbent_timelimit_optimal,539.8554824999992,540.1101890000009,1,0.0492021999998542,0.010996341705322266,0.0010073184967041016,0.030996322631835938,0.0019998550415039062,1,0,91308.0,3.7279671531025107,42664.173854529596,10514.9989495,3068.0,288.0,0.4685118867673158,0.0,1,True,D:\git\git\RDMCT-A3C\cie\results\stability\cie_stability_600s_mem2048_repro_v1\s2_t1to5\solutions\cie_core_nominal__cie_core_n024_f018_m006_proc100__proposed__solverseed_2__trainseed_4__stability_full_trainseed_4.sol,,,,D:\git\git\RDMCT-A3C\cie\models\proposed\cie_proposed_all_cie_proposed\cie_proposed_all_cie_proposed_2026_08_02_15_19_25_0000--s-4\itr_60.pkl,23,True,beam_search,
cie_core_nominal,dual_source_cluster_tool,8_to_32_wafers_nominal_processing,test,600.0,[],D:\git\git\RDMCT-A3C\cie\data\core\spbs\cie_core_n032_f000_m032_proc100.lp,spbs\cie_core_n032_f000_m032_proc100.lp,cie_core_n032_f000_m032_proc100.lp,proposed,2,4,stability_full_trainseed_4,full,True,linear,60.0,auto,2026-08-07T10:29:05,timelimit,timelimit,incumbent_timelimit_optimal,539.7675548999996,540.0000123000009,1,0.08680800000001909,0.007999897003173828,0.0030014514923095703,0.0689997673034668,0.0019998550415039062,1,0,57132.0,3.075580987790698,40976.9649364031,10514.9989495,3629.0,494.0,0.16630408907046917,136.0,1,True,D:\git\git\RDMCT-A3C\cie\results\stability\cie_stability_600s_mem2048_repro_v1\s2_t1to5\solutions\cie_core_nominal__cie_core_n032_f000_m032_proc100__proposed__solverseed_2__trainseed_4__stability_full_trainseed_4.sol,,,,D:\git\git\RDMCT-A3C\cie\models\proposed\cie_proposed_all_cie_proposed\cie_proposed_all_cie_proposed_2026_08_02_15_19_25_0000--s-4\itr_60.pkl,23,True,beam_search,
cie_core_nominal,dual_source_cluster_tool,8_to_32_wafers_nominal_processing,test,600.0,[],D:\git\git\RDMCT-A3C\cie\data\core\spbs\cie_core_n032_f008_m024_proc100.lp,spbs\cie_core_n032_f008_m024_proc100.lp,cie_core_n032_f008_m024_proc100.lp,proposed,2,4,stability_full_trainseed_4,full,True,linear,60.0,auto,2026-08-07T10:38:05,timelimit,timelimit,incumbent_timelimit_optimal,539.7571043999997,539.9747530999994,1,0.10814829999981157,0.007999658584594727,0.0010004043579101562,0.05800008773803711,0.0009999275207519531,1,0,70878.0,3.1660059225435817,41345.12474497372,10514.9989495,10396.0,2029.0,0.0,0.0,1,True,D:\git\git\RDMCT-A3C\cie\results\stability\cie_stability_600s_mem2048_repro_v1\s2_t1to5\solutions\cie_core_nominal__cie_core_n032_f008_m024_proc100__proposed__solverseed_2__trainseed_4__stability_full_trainseed_4.sol,,,,D:\git\git\RDMCT-A3C\cie\models\proposed\cie_proposed_all_cie_proposed\cie_proposed_all_cie_proposed_2026_08_02_15_19_25_0000--s-4\itr_60.pkl,23,True,beam_search,
cie_core_nominal,dual_source_cluster_tool,8_to_32_wafers_nominal_processing,test,600.0,[],D:\git\git\RDMCT-A3C\cie\data\core\spbs\cie_core_n032_f016_m016_proc100.lp,spbs\cie_core_n032_f016_m016_proc100.lp,cie_core_n032_f016_m016_proc100.lp,proposed,2,4,stability_full_trainseed_4,full,True,linear,60.0,auto,2026-08-07T10:47:05,timelimit,timelimit,incumbent_timelimit_optimal,539.7908248000003,540.0913720999997,1,0.0841658000008465,0.008996248245239258,0.001003265380859375,0.0319972038269043,0.0010027885437011719,1,0,62030.0,3.23309136413041,41598.01112309161,10514.9989495,4681.0,390.0,0.49188079175186156,262.0,1,True,D:\git\git\RDMCT-A3C\cie\results\stability\cie_stability_600s_mem2048_repro_v1\s2_t1to5\solutions\cie_core_nominal__cie_core_n032_f016_m016_proc100__proposed__solverseed_2__trainseed_4__stability_full_trainseed_4.sol,,,,D:\git\git\RDMCT-A3C\cie\models\proposed\cie_proposed_all_cie_proposed\cie_proposed_all_cie_proposed_2026_08_02_15_19_25_0000--s-4\itr_60.pkl,23,True,beam_search,
cie_core_nominal,dual_source_cluster_tool,8_to_32_wafers_nominal_processing,test,600.0,[],D:\git\git\RDMCT-A3C\cie\data\core\spbs\cie_core_n032_f024_m008_proc100.lp,spbs\cie_core_n032_f024_m008_proc100.lp,cie_core_n032_f024_m008_proc100.lp,proposed,2,4,stability_full_trainseed_4,full,True,linear,60.0,auto,2026-08-07T10:56:05,timelimit,timelimit,incumbent_timelimit_optimal,539.8096590000005,540.1864578999994,1,0.10590740000043297,0.016999006271362305,0.0010042190551757812,0.04499363899230957,0.0009984970092773438,1,0,54037.0,3.330724443369028,42092.0102214692,10514.9989495,6092.0,357.5,0.7361933563101336,0.0,1,True,D:\git\git\RDMCT-A3C\cie\results\stability\cie_stability_600s_mem2048_repro_v1\s2_t1to5\solutions\cie_core_nominal__cie_core_n032_f024_m008_proc100__proposed__solverseed_2__trainseed_4__stability_full_trainseed_4.sol,,,,D:\git\git\RDMCT-A3C\cie\models\proposed\cie_proposed_all_cie_proposed\cie_proposed_all_cie_proposed_2026_08_02_15_19_25_0000--s-4\itr_60.pkl,23,True,beam_search,
cie_core_nominal,dual_source_cluster_tool,8_to_32_wafers_nominal_processing,test,600.0,[],D:\git\git\RDMCT-A3C\cie\data\core\pure41\cie_core_n008_f008_m000_proc100.lp,pure41\cie_core_n008_f008_m000_proc100.lp,cie_core_n008_f008_m000_proc100.lp,proposed,2,5,stability_full_trainseed_5,full,True,linear,60.0,auto,2026-08-07T11:05:08,optimal,optimal,optimal,0.4126529000004666,0.46967269999913697,1,0.37490860000070825,0.005998134613037109,0.0,0.3660001754760742,0.002003192901611328,1,0,1.0,0.0,0.0,610.000001,400.0,58.0,0.0,0.0,1,True,D:\git\git\RDMCT-A3C\cie\results\stability\cie_stability_600s_mem2048_repro_v1\s2_t1to5\solutions\cie_core_nominal__cie_core_n008_f008_m000_proc100__proposed__solverseed_2__trainseed_5__stability_full_trainseed_5.sol,,,,D:\git\git\RDMCT-A3C\cie\models\proposed\cie_proposed_all_cie_proposed\cie_proposed_all_cie_proposed_2026_08_02_15_28_19_0000--s-5\itr_60.pkl,23,True,beam_search,
cie_core_nominal,dual_source_cluster_tool,8_to_32_wafers_nominal_processing,test,600.0,[],D:\git\git\RDMCT-A3C\cie\data\core\pure41\cie_core_n016_f016_m000_proc100.lp,pure41\cie_core_n016_f016_m000_proc100.lp,cie_core_n016_f016_m000_proc100.lp,proposed,2,5,stability_full_trainseed_5,full,True,linear,60.0,auto,2026-08-07T11:05:08,optimal,optimal,optimal,0.2841197000016109,0.3462072000002081,1,0.014457600000241655,0.006000041961669922,0.0009999275207519531,0.004000663757324219,0.002000570297241211,1,0,1.0,0.0,100.0,944.000001,924.0,58.0,0.0,0.0,1,True,D:\git\git\RDMCT-A3C\cie\results\stability\cie_stability_600s_mem2048_repro_v1\s2_t1to5\solutions\cie_core_nominal__cie_core_n016_f016_m000_proc100__proposed__solverseed_2__trainseed_5__stability_full_trainseed_5.sol,,,,D:\git\git\RDMCT-A3C\cie\models\proposed\cie_proposed_all_cie_proposed\cie_proposed_all_cie_proposed_2026_08_02_15_28_19_0000--s-5\itr_60.pkl,23,True,beam_search,
cie_core_nominal,dual_source_cluster_tool,8_to_32_wafers_nominal_processing,test,600.0,[],D:\git\git\RDMCT-A3C\cie\data\core\pure41\cie_core_n024_f024_m000_proc100.lp,pure41\cie_core_n024_f024_m000_proc100.lp,cie_core_n024_f024_m000_proc100.lp,proposed,2,5,stability_full_trainseed_5,full,True,linear,60.0,auto,2026-08-07T11:05:09,optimal,optimal,optimal,2.3845250999984273,2.5328783999993902,1,0.05120619999979681,0.009001016616821289,0.0,0.0049991607666015625,0.0019981861114501953,1,0,1.0,0.0,200.0,1268.000001,1448.0,58.0,0.0,0.0,3,True,D:\git\git\RDMCT-A3C\cie\results\stability\cie_stability_600s_mem2048_repro_v1\s2_t1to5\solutions\cie_core_nominal__cie_core_n024_f024_m000_proc100__proposed__solverseed_2__trainseed_5__stability_full_trainseed_5.sol,,,,D:\git\git\RDMCT-A3C\cie\models\proposed\cie_proposed_all_cie_proposed\cie_proposed_all_cie_proposed_2026_08_02_15_28_19_0000--s-5\itr_60.pkl,23,True,beam_search,
cie_core_nominal,dual_source_cluster_tool,8_to_32_wafers_nominal_processing,test,600.0,[],D:\git\git\RDMCT-A3C\cie\data\core\pure41\cie_core_n032_f032_m000_proc100.lp,pure41\cie_core_n032_f032_m000_proc100.lp,cie_core_n032_f032_m000_proc100.lp,proposed,2,5,stability_full_trainseed_5,full,True,linear,60.0,auto,2026-08-07T11:05:11,optimal,optimal,optimal,7.165724099999352,7.537465599998541,0,0.0,0.0,0.0,0.0,0.0,0,0,1.0,0.0,700.0,1592.000001,1972.0,58.0,0.0,0.0,3,True,D:\git\git\RDMCT-A3C\cie\results\stability\cie_stability_600s_mem2048_repro_v1\s2_t1to5\solutions\cie_core_nominal__cie_core_n032_f032_m000_proc100__proposed__solverseed_2__trainseed_5__stability_full_trainseed_5.sol,,,,D:\git\git\RDMCT-A3C\cie\models\proposed\cie_proposed_all_cie_proposed\cie_proposed_all_cie_proposed_2026_08_02_15_28_19_0000--s-5\itr_60.pkl,23,True,beam_search,
cie_core_nominal,dual_source_cluster_tool,8_to_32_wafers_nominal_processing,test,600.0,[],D:\git\git\RDMCT-A3C\cie\data\core\spbs\cie_core_n008_f000_m008_proc100.lp,spbs\cie_core_n008_f000_m008_proc100.lp,cie_core_n008_f000_m008_proc100.lp,proposed,2,5,stability_full_trainseed_5,full,True,linear,60.0,auto,2026-08-07T11:05:19,optimal,optimal,optimal,0.41234150000127556,0.441746399999829,1,0.014367600000696257,0.004999637603759766,0.0009999275207519531,0.00500035285949707,0.001997232437133789,1,0,478.0,0.0,0.0,768.000001,31.999999000000344,0.0,2.3533290962161147e-09,9.999996564147295e-07,2,True,D:\git\git\RDMCT-A3C\cie\results\stability\cie_stability_600s_mem2048_repro_v1\s2_t1to5\solutions\cie_core_nominal__cie_core_n008_f000_m008_proc100__proposed__solverseed_2__trainseed_5__stability_full_trainseed_5.sol,,,,D:\git\git\RDMCT-A3C\cie\models\proposed\cie_proposed_all_cie_proposed\cie_proposed_all_cie_proposed_2026_08_02_15_28_19_0000--s-5\itr_60.pkl,23,True,beam_search,
cie_core_nominal,dual_source_cluster_tool,8_to_32_wafers_nominal_processing,test,600.0,[],D:\git\git\RDMCT-A3C\cie\data\core\spbs\cie_core_n008_f002_m006_proc100.lp,spbs\cie_core_n008_f002_m006_proc100.lp,cie_core_n008_f002_m006_proc100.lp,proposed,2,5,stability_full_trainseed_5,full,True,linear,60.0,auto,2026-08-07T11:05:19,optimal,optimal,optimal,0.612761500000488,0.6724310999998124,1,0.014373199999681674,0.005003690719604492,0.0009996891021728516,0.005002260208129883,0.0019989013671875,1,0,845.0,0.0,91.434281050728,900.000001,346.0000000000015,92.99999999999966,2.957795114939429e-16,0.0,2,True,D:\git\git\RDMCT-A3C\cie\results\stability\cie_stability_600s_mem2048_repro_v1\s2_t1to5\solutions\cie_core_nominal__cie_core_n008_f002_m006_proc100__proposed__solverseed_2__trainseed_5__stability_full_trainseed_5.sol,,,,D:\git\git\RDMCT-A3C\cie\models\proposed\cie_proposed_all_cie_proposed\cie_proposed_all_cie_proposed_2026_08_02_15_28_19_0000--s-5\itr_60.pkl,23,True,beam_search,
cie_core_nominal,dual_source_cluster_tool,8_to_32_wafers_nominal_processing,test,600.0,[],D:\git\git\RDMCT-A3C\cie\data\core\spbs\cie_core_n008_f004_m004_proc100.lp,spbs\cie_core_n008_f004_m004_proc100.lp,cie_core_n008_f004_m004_proc100.lp,proposed,2,5,stability_full_trainseed_5,full,True,linear,60.0,auto,2026-08-07T11:05:20,optimal,optimal,optimal,0.34303969999928086,0.3684192000000621,1,0.019429500000114786,0.006000995635986328,0.0009968280792236328,0.009001970291137695,0.0010008811950683594,1,0,427.0,0.0,0.0,834.0000009999673,241.99999500017918,57.99999900003604,2.7172933587785044e-09,0.0,1,True,D:\git\git\RDMCT-A3C\cie\results\stability\cie_stability_600s_mem2048_repro_v1\s2_t1to5\solutions\cie_core_nominal__cie_core_n008_f004_m004_proc100__proposed__solverseed_2__trainseed_5__stability_full_trainseed_5.sol,,,,D:\git\git\RDMCT-A3C\cie\models\proposed\cie_proposed_all_cie_proposed\cie_proposed_all_cie_proposed_2026_08_02_15_28_19_0000--s-5\itr_60.pkl,23,True,beam_search,
cie_core_nominal,dual_source_cluster_tool,8_to_32_wafers_nominal_processing,test,600.0,[],D:\git\git\RDMCT-A3C\cie\data\core\spbs\cie_core_n008_f006_m002_proc100.lp,spbs\cie_core_n008_f006_m002_proc100.lp,cie_core_n008_f006_m002_proc100.lp,proposed,2,5,stability_full_trainseed_5,full,True,linear,60.0,auto,2026-08-07T11:05:20,optimal,optimal,optimal,0.3323074000018096,0.36251260000062757,1,0.01983049999944342,0.005999565124511719,0.0009999275207519531,0.009999752044677734,0.0019996166229248047,1,0,244.0,0.0,92.23823914926797,834.0000009999927,261.99999700001774,57.99999999999966,0.0,0.0,1,True,D:\git\git\RDMCT-A3C\cie\results\stability\cie_stability_600s_mem2048_repro_v1\s2_t1to5\solutions\cie_core_nominal__cie_core_n008_f006_m002_proc100__proposed__solverseed_2__trainseed_5__stability_full_trainseed_5.sol,,,,D:\git\git\RDMCT-A3C\cie\models\proposed\cie_proposed_all_cie_proposed\cie_proposed_all_cie_proposed_2026_08_02_15_28_19_0000--s-5\itr_60.pkl,23,True,beam_search,
cie_core_nominal,dual_source_cluster_tool,8_to_32_wafers_nominal_processing,test,600.0,[],D:\git\git\RDMCT-A3C\cie\data\core\spbs\cie_core_n016_f000_m016_proc100.lp,spbs\cie_core_n016_f000_m016_proc100.lp,cie_core_n016_f000_m016_proc100.lp,proposed,2,5,stability_full_trainseed_5,full,True,linear,60.0,auto,2026-08-07T11:05:21,optimal,optimal,optimal,33.60536660000071,33.69148909999967,1,0.0688585999996576,0.0069997310638427734,0.0019974708557128906,0.05600309371948242,0.0019998550415039062,1,0,15770.0,0.0,2943.209253366324,1136.000001,214.00000200000068,24.499999499999944,4.086781249358056e-16,4.547473508864641e-13,1,True,D:\git\git\RDMCT-A3C\cie\results\stability\cie_stability_600s_mem2048_repro_v1\s2_t1to5\solutions\cie_core_nominal__cie_core_n016_f000_m016_proc100__proposed__solverseed_2__trainseed_5__stability_full_trainseed_5.sol,,,,D:\git\git\RDMCT-A3C\cie\models\proposed\cie_proposed_all_cie_proposed\cie_proposed_all_cie_proposed_2026_08_02_15_28_19_0000--s-5\itr_60.pkl,23,True,beam_search,
cie_core_nominal,dual_source_cluster_tool,8_to_32_wafers_nominal_processing,test,600.0,[],D:\git\git\RDMCT-A3C\cie\data\core\spbs\cie_core_n016_f004_m012_proc100.lp,spbs\cie_core_n016_f004_m012_proc100.lp,cie_core_n016_f004_m012_proc100.lp,proposed,2,5,stability_full_trainseed_5,full,True,linear,60.0,auto,2026-08-07T11:05:54,optimal,optimal,optimal,10.00667169999906,10.055795599999328,1,0.05001029999948514,0.006999969482421875,0.0,0.006000995635986328,0.0009961128234863281,1,0,4493.0,0.0,899.1148657085743,1202.000001,790.0,201.0,0.0,0.0,2,True,D:\git\git\RDMCT-A3C\cie\results\stability\cie_stability_600s_mem2048_repro_v1\s2_t1to5\solutions\cie_core_nominal__cie_core_n016_f004_m012_proc100__proposed__solverseed_2__trainseed_5__stability_full_trainseed_5.sol,,,,D:\git\git\RDMCT-A3C\cie\models\proposed\cie_proposed_all_cie_proposed\cie_proposed_all_cie_proposed_2026_08_02_15_28_19_0000--s-5\itr_60.pkl,23,True,beam_search,
cie_core_nominal,dual_source_cluster_tool,8_to_32_wafers_nominal_processing,test,600.0,[],D:\git\git\RDMCT-A3C\cie\data\core\spbs\cie_core_n016_f008_m008_proc100.lp,spbs\cie_core_n016_f008_m008_proc100.lp,cie_core_n016_f008_m008_proc100.lp,proposed,2,5,stability_full_trainseed_5,full,True,linear,60.0,auto,2026-08-07T11:06:04,optimal,optimal,optimal,22.32617930000015,22.41641449999952,1,0.01811190000080387,0.009000778198242188,0.0,0.006001949310302734,0.0019998550415039062,1,0,18081.0,0.0,1719.7419859284034,1170.000001,1062.0000040000032,98.9999989999992,0.058823529411764705,0.0,2,True,D:\git\git\RDMCT-A3C\cie\results\stability\cie_stability_600s_mem2048_repro_v1\s2_t1to5\solutions\cie_core_nominal__cie_core_n016_f008_m008_proc100__proposed__solverseed_2__trainseed_5__stability_full_trainseed_5.sol,,,,D:\git\git\RDMCT-A3C\cie\models\proposed\cie_proposed_all_cie_proposed\cie_proposed_all_cie_proposed_2026_08_02_15_28_19_0000--s-5\itr_60.pkl,23,True,beam_search,
cie_core_nominal,dual_source_cluster_tool,8_to_32_wafers_nominal_processing,test,600.0,[],D:\git\git\RDMCT-A3C\cie\data\core\spbs\cie_core_n016_f012_m004_proc100.lp,spbs\cie_core_n016_f012_m004_proc100.lp,cie_core_n016_f012_m004_proc100.lp,proposed,2,5,stability_full_trainseed_5,full,True,linear,60.0,auto,2026-08-07T11:06:27,optimal,optimal,optimal,35.22563490000175,35.33044399999926,1,0.052562099999704515,0.009000539779663086,0.0,0.006000041961669922,0.0019960403442382812,1,0,18064.0,0.0,3122.4726203547275,1158.000001,920.0,65.0,0.2861125704223025,0.0,1,True,D:\git\git\RDMCT-A3C\cie\results\stability\cie_stability_600s_mem2048_repro_v1\s2_t1to5\solutions\cie_core_nominal__cie_core_n016_f012_m004_proc100__proposed__solverseed_2__trainseed_5__stability_full_trainseed_5.sol,,,,D:\git\git\RDMCT-A3C\cie\models\proposed\cie_proposed_all_cie_proposed\cie_proposed_all_cie_proposed_2026_08_02_15_28_19_0000--s-5\itr_60.pkl,23,True,beam_search,
cie_core_nominal,dual_source_cluster_tool,8_to_32_wafers_nominal_processing,test,600.0,[],D:\git\git\RDMCT-A3C\cie\data\core\spbs\cie_core_n024_f000_m024_proc100.lp,spbs\cie_core_n024_f000_m024_proc100.lp,cie_core_n024_f000_m024_proc100.lp,proposed,2,5,stability_full_trainseed_5,full,True,linear,60.0,auto,2026-08-07T11:07:02,optimal,optimal,optimal,419.2617121000003,419.37515650000023,1,0.053249399999913294,0.007993936538696289,0.001003265380859375,0.0049970149993896484,0.0020034313201904297,1,0,85714.0,0.0,32076.296016147484,2224.000001,2201.9999999999995,468.99999899999966,1.6945916729055944e-09,1.500000053056283e-06,1,True,D:\git\git\RDMCT-A3C\cie\results\stability\cie_stability_600s_mem2048_repro_v1\s2_t1to5\solutions\cie_core_nominal__cie_core_n024_f000_m024_proc100__proposed__solverseed_2__trainseed_5__stability_full_trainseed_5.sol,,,,D:\git\git\RDMCT-A3C\cie\models\proposed\cie_proposed_all_cie_proposed\cie_proposed_all_cie_proposed_2026_08_02_15_28_19_0000--s-5\itr_60.pkl,23,True,beam_search,
cie_core_nominal,dual_source_cluster_tool,8_to_32_wafers_nominal_processing,test,600.0,[],D:\git\git\RDMCT-A3C\cie\data\core\spbs\cie_core_n024_f006_m018_proc100.lp,spbs\cie_core_n024_f006_m018_proc100.lp,cie_core_n024_f006_m018_proc100.lp,proposed,2,5,stability_full_trainseed_5,full,True,linear,60.0,auto,2026-08-07T11:14:01,timelimit,timelimit,incumbent_timelimit_optimal,539.1480896000012,539.3935563000014,1,0.05486910000036005,0.008002519607543945,0.001998424530029297,0.0060002803802490234,0.0020003318786621094,1,0,185231.0,3.6526544019911507,42485.74302356241,10514.9989495,3320.0,658.0,0.21465741571734478,0.0,1,True,D:\git\git\RDMCT-A3C\cie\results\stability\cie_stability_600s_mem2048_repro_v1\s2_t1to5\solutions\cie_core_nominal__cie_core_n024_f006_m018_proc100__proposed__solverseed_2__trainseed_5__stability_full_trainseed_5.sol,,,,D:\git\git\RDMCT-A3C\cie\models\proposed\cie_proposed_all_cie_proposed\cie_proposed_all_cie_proposed_2026_08_02_15_28_19_0000--s-5\itr_60.pkl,23,True,beam_search,
cie_core_nominal,dual_source_cluster_tool,8_to_32_wafers_nominal_processing,test,600.0,[],D:\git\git\RDMCT-A3C\cie\data\core\spbs\cie_core_n024_f012_m012_proc100.lp,spbs\cie_core_n024_f012_m012_proc100.lp,cie_core_n024_f012_m012_proc100.lp,proposed,2,5,stability_full_trainseed_5,full,True,linear,60.0,auto,2026-08-07T11:23:01,optimal,optimal,optimal,279.1939947999999,279.35454430000027,1,0.024777600001471,0.011000394821166992,0.0029993057250976562,0.0060007572174072266,0.0009965896606445312,1,0,49764.0,0.0,22004.328557530178,2246.000001000018,2929.5,238.5,0.21466754231406093,0.0,1,True,D:\git\git\RDMCT-A3C\cie\results\stability\cie_stability_600s_mem2048_repro_v1\s2_t1to5\solutions\cie_core_nominal__cie_core_n024_f012_m012_proc100__proposed__solverseed_2__trainseed_5__stability_full_trainseed_5.sol,,,,D:\git\git\RDMCT-A3C\cie\models\proposed\cie_proposed_all_cie_proposed\cie_proposed_all_cie_proposed_2026_08_02_15_28_19_0000--s-5\itr_60.pkl,23,True,beam_search,
cie_core_nominal,dual_source_cluster_tool,8_to_32_wafers_nominal_processing,test,600.0,[],D:\git\git\RDMCT-A3C\cie\data\core\spbs\cie_core_n024_f018_m006_proc100.lp,spbs\cie_core_n024_f018_m006_proc100.lp,cie_core_n024_f018_m006_proc100.lp,proposed,2,5,stability_full_trainseed_5,full,True,linear,60.0,auto,2026-08-07T11:27:40,timelimit,timelimit,incumbent_timelimit_optimal,539.4217712999998,539.6289562999991,1,0.027062999999543536,0.01200103759765625,0.0,0.009998559951782227,0.002001047134399414,1,0,77944.0,3.719478881732488,42666.53239019102,10514.9989495,3068.0,288.0,0.4685118867673158,0.0,1,True,D:\git\git\RDMCT-A3C\cie\results\stability\cie_stability_600s_mem2048_repro_v1\s2_t1to5\solutions\cie_core_nominal__cie_core_n024_f018_m006_proc100__proposed__solverseed_2__trainseed_5__stability_full_trainseed_5.sol,,,,D:\git\git\RDMCT-A3C\cie\models\proposed\cie_proposed_all_cie_proposed\cie_proposed_all_cie_proposed_2026_08_02_15_28_19_0000--s-5\itr_60.pkl,23,True,beam_search,
cie_core_nominal,dual_source_cluster_tool,8_to_32_wafers_nominal_processing,test,600.0,[],D:\git\git\RDMCT-A3C\cie\data\core\spbs\cie_core_n032_f000_m032_proc100.lp,spbs\cie_core_n032_f000_m032_proc100.lp,cie_core_n032_f000_m032_proc100.lp,proposed,2,5,stability_full_trainseed_5,full,True,linear,60.0,auto,2026-08-07T11:36:40,timelimit,timelimit,incumbent_timelimit_optimal,539.8215299000003,540.0555424000013,1,0.027546900000743335,0.008005142211914062,0.0009963512420654297,0.005002021789550781,0.0019996166229248047,1,0,61740.0,3.069272038893189,41001.908110100834,10514.9989495,3629.0,494.0,0.16630408907046917,136.0,1,True,D:\git\git\RDMCT-A3C\cie\results\stability\cie_stability_600s_mem2048_repro_v1\s2_t1to5\solutions\cie_core_nominal__cie_core_n032_f000_m032_proc100__proposed__solverseed_2__trainseed_5__stability_full_trainseed_5.sol,,,,D:\git\git\RDMCT-A3C\cie\models\proposed\cie_proposed_all_cie_proposed\cie_proposed_all_cie_proposed_2026_08_02_15_28_19_0000--s-5\itr_60.pkl,23,True,beam_search,
cie_core_nominal,dual_source_cluster_tool,8_to_32_wafers_nominal_processing,test,600.0,[],D:\git\git\RDMCT-A3C\cie\data\core\spbs\cie_core_n032_f008_m024_proc100.lp,spbs\cie_core_n032_f008_m024_proc100.lp,cie_core_n032_f008_m024_proc100.lp,proposed,2,5,stability_full_trainseed_5,full,True,linear,60.0,auto,2026-08-07T11:45:40,timelimit,timelimit,incumbent_timelimit_optimal,539.7469768999999,539.9772591000001,1,0.05556400000023132,0.007997989654541016,0.0009965896606445312,0.005003213882446289,0.0020029544830322266,1,0,57391.0,3.172618630357143,41310.35536441642,10514.9989495,10396.0,2029.0,0.0,0.0,1,True,D:\git\git\RDMCT-A3C\cie\results\stability\cie_stability_600s_mem2048_repro_v1\s2_t1to5\solutions\cie_core_nominal__cie_core_n032_f008_m024_proc100__proposed__solverseed_2__trainseed_5__stability_full_trainseed_5.sol,,,,D:\git\git\RDMCT-A3C\cie\models\proposed\cie_proposed_all_cie_proposed\cie_proposed_all_cie_proposed_2026_08_02_15_28_19_0000--s-5\itr_60.pkl,23,True,beam_search,
cie_core_nominal,dual_source_cluster_tool,8_to_32_wafers_nominal_processing,test,600.0,[],D:\git\git\RDMCT-A3C\cie\data\core\spbs\cie_core_n032_f016_m016_proc100.lp,spbs\cie_core_n032_f016_m016_proc100.lp,cie_core_n032_f016_m016_proc100.lp,proposed,2,5,stability_full_trainseed_5,full,True,linear,60.0,auto,2026-08-07T11:54:40,timelimit,timelimit,incumbent_timelimit_optimal,539.7856865000012,540.0792158999993,1,0.03142829999887908,0.012997865676879883,0.0009975433349609375,0.009002685546875,0.002000570297241211,1,0,59178.0,3.120297393612847,41215.98540728564,10514.9989495,4681.0,390.0,0.49188079175186156,262.0,1,True,D:\git\git\RDMCT-A3C\cie\results\stability\cie_stability_600s_mem2048_repro_v1\s2_t1to5\solutions\cie_core_nominal__cie_core_n032_f016_m016_proc100__proposed__solverseed_2__trainseed_5__stability_full_trainseed_5.sol,,,,D:\git\git\RDMCT-A3C\cie\models\proposed\cie_proposed_all_cie_proposed\cie_proposed_all_cie_proposed_2026_08_02_15_28_19_0000--s-5\itr_60.pkl,23,True,beam_search,
cie_core_nominal,dual_source_cluster_tool,8_to_32_wafers_nominal_processing,test,600.0,[],D:\git\git\RDMCT-A3C\cie\data\core\spbs\cie_core_n032_f024_m008_proc100.lp,spbs\cie_core_n032_f024_m008_proc100.lp,cie_core_n032_f024_m008_proc100.lp,proposed,2,5,stability_full_trainseed_5,full,True,linear,60.0,auto,2026-08-07T12:03:40,timelimit,timelimit,incumbent_timelimit_optimal,539.7717887000017,540.2028685999976,1,0.06665160000011383,0.016999483108520508,0.003996849060058594,0.006000518798828125,0.002004861831665039,1,0,51523.0,3.323601541324013,42071.20185039169,10514.9989495,6092.0,357.5,0.7361933563101336,0.0,1,True,D:\git\git\RDMCT-A3C\cie\results\stability\cie_stability_600s_mem2048_repro_v1\s2_t1to5\solutions\cie_core_nominal__cie_core_n032_f024_m008_proc100__proposed__solverseed_2__trainseed_5__stability_full_trainseed_5.sol,,,,D:\git\git\RDMCT-A3C\cie\models\proposed\cie_proposed_all_cie_proposed\cie_proposed_all_cie_proposed_2026_08_02_15_28_19_0000--s-5\itr_60.pkl,23,True,beam_search,
cie_core_nominal,dual_source_cluster_tool,8_to_32_wafers_nominal_processing,test,600.0,[],D:\git\git\RDMCT-A3C\cie\data\core\pure41\cie_core_n008_f008_m000_proc100.lp,pure41\cie_core_n008_f008_m000_proc100.lp,cie_core_n008_f008_m000_proc100.lp,proposed,2,1,stability_linear_off_trainseed_1,linear_off,True,quadratic,60.0,auto,2026-08-07T18:34:03,optimal,optimal,optimal,0.5281557999987854,0.5539610999985598,1,0.38074629999755416,0.006000041961669922,0.0,0.37200069427490234,0.0020034313201904297,1,0,1.0,0.0,3.9344252909160313,609.9999940401,493.5112871400204,78.00634439168323,0.0,0.0,1,True,D:\git\git\RDMCT-A3C\cie\results\stability\cie_stability_600s_mem2048_repro_v1\s2_t1to5\solutions\cie_core_nominal__cie_core_n008_f008_m000_proc100__proposed__solverseed_2__trainseed_1__stability_linear_off_trainseed_1.sol,,,,D:\git\git\RDMCT-A3C\cie\models\proposed\cie_proposed_all_cie_proposed\cie_proposed_all_cie_proposed_2026_08_02_14_55_21_0000--s-1\itr_60.pkl,23,True,beam_search,
cie_core_nominal,dual_source_cluster_tool,8_to_32_wafers_nominal_processing,test,600.0,[],D:\git\git\RDMCT-A3C\cie\data\core\pure41\cie_core_n016_f016_m000_proc100.lp,pure41\cie_core_n016_f016_m000_proc100.lp,cie_core_n016_f016_m000_proc100.lp,proposed,2,1,stability_linear_off_trainseed_1,linear_off,True,quadratic,60.0,auto,2026-08-07T18:34:04,optimal,optimal,optimal,0.3970432999994955,0.45010809999803314,1,0.038905600005819,0.005999326705932617,0.0,0.028996944427490234,0.0009968280792236328,1,0,1.0,0.0,0.0,943.9999999999983,10954.000001000002,10000.0,0.0,0.0,2,True,D:\git\git\RDMCT-A3C\cie\results\stability\cie_stability_600s_mem2048_repro_v1\s2_t1to5\solutions\cie_core_nominal__cie_core_n016_f016_m000_proc100__proposed__solverseed_2__trainseed_1__stability_linear_off_trainseed_1.sol,,,,D:\git\git\RDMCT-A3C\cie\models\proposed\cie_proposed_all_cie_proposed\cie_proposed_all_cie_proposed_2026_08_02_14_55_21_0000--s-1\itr_60.pkl,23,True,beam_search,
cie_core_nominal,dual_source_cluster_tool,8_to_32_wafers_nominal_processing,test,600.0,[],D:\git\git\RDMCT-A3C\cie\data\core\pure41\cie_core_n024_f024_m000_proc100.lp,pure41\cie_core_n024_f024_m000_proc100.lp,cie_core_n024_f024_m000_proc100.lp,proposed,2,1,stability_linear_off_trainseed_1,linear_off,True,quadratic,60.0,auto,2026-08-07T18:34:04,optimal,optimal,optimal,2.7753217999925255,2.900634400000854,1,0.1042340000058175,0.00999903678894043,0.0,0.05500006675720215,0.0019998550415039062,1,0,1.0,0.0,300.0,1267.9999999999998,11502.000003000003,10000.0,2.5591230306360024e-09,2.999998741870513e-06,2,True,D:\git\git\RDMCT-A3C\cie\results\stability\cie_stability_600s_mem2048_repro_v1\s2_t1to5\solutions\cie_core_nominal__cie_core_n024_f024_m000_proc100__proposed__solverseed_2__trainseed_1__stability_linear_off_trainseed_1.sol,,,,D:\git\git\RDMCT-A3C\cie\models\proposed\cie_proposed_all_cie_proposed\cie_proposed_all_cie_proposed_2026_08_02_14_55_21_0000--s-1\itr_60.pkl,23,True,beam_search,
cie_core_nominal,dual_source_cluster_tool,8_to_32_wafers_nominal_processing,test,600.0,[],D:\git\git\RDMCT-A3C\cie\data\core\pure41\cie_core_n032_f032_m000_proc100.lp,pure41\cie_core_n032_f032_m000_proc100.lp,cie_core_n032_f032_m000_proc100.lp,proposed,2,1,stability_linear_off_trainseed_1,linear_off,True,quadratic,60.0,auto,2026-08-07T18:34:07,optimal,optimal,optimal,8.32184899999993,8.594828000001144,1,0.06769780000468018,0.01099848747253418,0.0010025501251220703,0.016999483108520508,0.0019965171813964844,1,0,1.0,0.0,800.0,1591.9999999999984,12050.000005000009,10000.0,0.0,0.0,2,True,D:\git\git\RDMCT-A3C\cie\results\stability\cie_stability_600s_mem2048_repro_v1\s2_t1to5\solutions\cie_core_nominal__cie_core_n032_f032_m000_proc100__proposed__solverseed_2__trainseed_1__stability_linear_off_trainseed_1.sol,,,,D:\git\git\RDMCT-A3C\cie\models\proposed\cie_proposed_all_cie_proposed\cie_proposed_all_cie_proposed_2026_08_02_14_55_21_0000--s-1\itr_60.pkl,23,True,beam_search,
cie_core_nominal,dual_source_cluster_tool,8_to_32_wafers_nominal_processing,test,600.0,[],D:\git\git\RDMCT-A3C\cie\data\core\spbs\cie_core_n008_f000_m008_proc100.lp,spbs\cie_core_n008_f000_m008_proc100.lp,cie_core_n008_f000_m008_proc100.lp,proposed,2,1,stability_linear_off_trainseed_1,linear_off,True,quadratic,60.0,auto,2026-08-07T18:34:16,optimal,optimal,optimal,0.9618955000041751,1.021440699994855,1,0.05066479999368312,0.005003452301025391,0.0009965896606445312,0.04100322723388672,0.002000570297241211,1,0,511.0,0.0,92.69058649662122,767.9999992601945,60031.999996684324,10000.0,1.9720007204677062e-09,1.184910104257142e-06,2,True,D:\git\git\RDMCT-A3C\cie\results\stability\cie_stability_600s_mem2048_repro_v1\s2_t1to5\solutions\cie_core_nominal__cie_core_n008_f000_m008_proc100__proposed__solverseed_2__trainseed_1__stability_linear_off_trainseed_1.sol,,,,D:\git\git\RDMCT-A3C\cie\models\proposed\cie_proposed_all_cie_proposed\cie_proposed_all_cie_proposed_2026_08_02_14_55_21_0000--s-1\itr_60.pkl,23,True,beam_search,
cie_core_nominal,dual_source_cluster_tool,8_to_32_wafers_nominal_processing,test,600.0,[],D:\git\git\RDMCT-A3C\cie\data\core\spbs\cie_core_n008_f002_m006_proc100.lp,spbs\cie_core_n008_f002_m006_proc100.lp,cie_core_n008_f002_m006_proc100.lp,proposed,2,1,stability_linear_off_trainseed_1,linear_off,True,quadratic,60.0,auto,2026-08-07T18:34:17,optimal,optimal,optimal,3.728850400002557,3.756548199999088,1,0.04248859999643173,0.005999326705932617,0.0,0.031999826431274414,0.0020012855529785156,1,0,1019.0,0.0,102.83126705203576,900.0,60525.999999799984,10000.0,0.15510729379861404,1.0000985639635473e-07,3,True,D:\git\git\RDMCT-A3C\cie\results\stability\cie_stability_600s_mem2048_repro_v1\s2_t1to5\solutions\cie_core_nominal__cie_core_n008_f002_m006_proc100__proposed__solverseed_2__trainseed_1__stability_linear_off_trainseed_1.sol,,,,D:\git\git\RDMCT-A3C\cie\models\proposed\cie_proposed_all_cie_proposed\cie_proposed_all_cie_proposed_2026_08_02_14_55_21_0000--s-1\itr_60.pkl,23,True,beam_search,
cie_core_nominal,dual_source_cluster_tool,8_to_32_wafers_nominal_processing,test,600.0,[],D:\git\git\RDMCT-A3C\cie\data\core\spbs\cie_core_n008_f004_m004_proc100.lp,spbs\cie_core_n008_f004_m004_proc100.lp,cie_core_n008_f004_m004_proc100.lp,proposed,2,1,stability_linear_off_trainseed_1,linear_off,True,quadratic,60.0,auto,2026-08-07T18:34:21,optimal,optimal,optimal,0.9039956999986316,0.9268703999987338,1,0.04055880000669276,0.006002902984619141,0.0009999275207519531,0.031000852584838867,0.001996278762817383,1,0,540.0,0.0,0.0,833.9999999999981,50245.99999979997,10000.0,2.717714748159058e-10,0.0,2,True,D:\git\git\RDMCT-A3C\cie\results\stability\cie_stability_600s_mem2048_repro_v1\s2_t1to5\solutions\cie_core_nominal__cie_core_n008_f004_m004_proc100__proposed__solverseed_2__trainseed_1__stability_linear_off_trainseed_1.sol,,,,D:\git\git\RDMCT-A3C\cie\models\proposed\cie_proposed_all_cie_proposed\cie_proposed_all_cie_proposed_2026_08_02_14_55_21_0000--s-1\itr_60.pkl,23,True,beam_search,
cie_core_nominal,dual_source_cluster_tool,8_to_32_wafers_nominal_processing,test,600.0,[],D:\git\git\RDMCT-A3C\cie\data\core\spbs\cie_core_n008_f006_m002_proc100.lp,spbs\cie_core_n008_f006_m002_proc100.lp,cie_core_n008_f006_m002_proc100.lp,proposed,2,1,stability_linear_off_trainseed_1,linear_off,True,quadratic,60.0,auto,2026-08-07T18:34:22,optimal,optimal,optimal,1.9862169999905745,2.013922199999797,1,0.02143229999637697,0.005997419357299805,0.0,0.012000083923339844,0.0019965171813964844,1,0,2031.0,0.0,9.41704035874521,834.0000000000002,10269.99999989999,10000.0,0.0,0.0,2,True,D:\git\git\RDMCT-A3C\cie\results\stability\cie_stability_600s_mem2048_repro_v1\s2_t1to5\solutions\cie_core_nominal__cie_core_n008_f006_m002_proc100__proposed__solverseed_2__trainseed_1__stability_linear_off_trainseed_1.sol,,,,D:\git\git\RDMCT-A3C\cie\models\proposed\cie_proposed_all_cie_proposed\cie_proposed_all_cie_proposed_2026_08_02_14_55_21_0000--s-1\itr_60.pkl,23,True,beam_search,
cie_core_nominal,dual_source_cluster_tool,8_to_32_wafers_nominal_processing,test,600.0,[],D:\git\git\RDMCT-A3C\cie\data\core\spbs\cie_core_n016_f000_m016_proc100.lp,spbs\cie_core_n016_f000_m016_proc100.lp,cie_core_n016_f000_m016_proc100.lp,proposed,2,1,stability_linear_off_trainseed_1,linear_off,True,quadratic,60.0,auto,2026-08-07T18:34:24,optimal,optimal,optimal,68.44383859999652,68.52648060000502,1,0.09624239999538986,0.04600358009338379,0.0009999275207519531,0.04499673843383789,0.0019996166229248047,1,0,29196.0,0.0,6065.480082634427,1136.0,100214.0,10000.0,0.0,0.0,3,True,D:\git\git\RDMCT-A3C\cie\results\stability\cie_stability_600s_mem2048_repro_v1\s2_t1to5\solutions\cie_core_nominal__cie_core_n016_f000_m016_proc100__proposed__solverseed_2__trainseed_1__stability_linear_off_trainseed_1.sol,,,,D:\git\git\RDMCT-A3C\cie\models\proposed\cie_proposed_all_cie_proposed\cie_proposed_all_cie_proposed_2026_08_02_14_55_21_0000--s-1\itr_60.pkl,23,True,beam_search,
cie_core_nominal,dual_source_cluster_tool,8_to_32_wafers_nominal_processing,test,600.0,[],D:\git\git\RDMCT-A3C\cie\data\core\spbs\cie_core_n016_f004_m012_proc100.lp,spbs\cie_core_n016_f004_m012_proc100.lp,cie_core_n016_f004_m012_proc100.lp,proposed,2,1,stability_linear_off_trainseed_1,linear_off,True,quadratic,60.0,auto,2026-08-07T18:35:32,optimal,optimal,optimal,99.67850939999335,99.75825269999768,1,0.09148839999397751,0.006999492645263672,0.002000093460083008,0.07200050354003906,0.0009970664978027344,1,0,175279.0,0.0,2965.8499575696824,1201.999999998999,70456.00000100001,10000.0,0.0,0.0,2,True,D:\git\git\RDMCT-A3C\cie\results\stability\cie_stability_600s_mem2048_repro_v1\s2_t1to5\solutions\cie_core_nominal__cie_core_n016_f004_m012_proc100__proposed__solverseed_2__trainseed_1__stability_linear_off_trainseed_1.sol,,,,D:\git\git\RDMCT-A3C\cie\models\proposed\cie_proposed_all_cie_proposed\cie_proposed_all_cie_proposed_2026_08_02_14_55_21_0000--s-1\itr_60.pkl,23,True,beam_search,
cie_core_nominal,dual_source_cluster_tool,8_to_32_wafers_nominal_processing,test,600.0,[],D:\git\git\RDMCT-A3C\cie\data\core\spbs\cie_core_n016_f008_m008_proc100.lp,spbs\cie_core_n016_f008_m008_proc100.lp,cie_core_n016_f008_m008_proc100.lp,proposed,2,1,stability_linear_off_trainseed_1,linear_off,True,quadratic,60.0,auto,2026-08-07T18:37:12,optimal,optimal,optimal,71.92352239999309,72.04781139999977,1,0.06399950000195531,0.007999897003173828,0.0010023117065429688,0.031000137329101562,0.0019996166229248047,1,0,108510.0,0.0,569.5068376937942,1169.999999998999,31103.000004002002,10000.0,0.09350402817209878,42.0,2,True,D:\git\git\RDMCT-A3C\cie\results\stability\cie_stability_600s_mem2048_repro_v1\s2_t1to5\solutions\cie_core_nominal__cie_core_n016_f008_m008_proc100__proposed__solverseed_2__trainseed_1__stability_linear_off_trainseed_1.sol,,,,D:\git\git\RDMCT-A3C\cie\models\proposed\cie_proposed_all_cie_proposed\cie_proposed_all_cie_proposed_2026_08_02_14_55_21_0000--s-1\itr_60.pkl,23,True,beam_search,
cie_core_nominal,dual_source_cluster_tool,8_to_32_wafers_nominal_processing,test,600.0,[],D:\git\git\RDMCT-A3C\cie\data\core\spbs\cie_core_n016_f012_m004_proc100.lp,spbs\cie_core_n016_f012_m004_proc100.lp,cie_core_n016_f012_m004_proc100.lp,proposed,2,1,stability_linear_off_trainseed_1,linear_off,True,quadratic,60.0,auto,2026-08-07T18:38:24,optimal,optimal,optimal,30.268509800000174,30.371156200002588,1,0.07790850000310456,0.008003950119018555,0.0009999275207519531,0.030999422073364258,0.001996755599975586,1,0,11693.0,0.0,2608.6928314268876,1158.0000010000006,60934.0,10000.0,0.2861125704223021,0.0,2,True,D:\git\git\RDMCT-A3C\cie\results\stability\cie_stability_600s_mem2048_repro_v1\s2_t1to5\solutions\cie_core_nominal__cie_core_n016_f012_m004_proc100__proposed__solverseed_2__trainseed_1__stability_linear_off_trainseed_1.sol,,,,D:\git\git\RDMCT-A3C\cie\models\proposed\cie_proposed_all_cie_proposed\cie_proposed_all_cie_proposed_2026_08_02_14_55_21_0000--s-1\itr_60.pkl,23,True,beam_search,
cie_core_nominal,dual_source_cluster_tool,8_to_32_wafers_nominal_processing,test,600.0,[],D:\git\git\RDMCT-A3C\cie\data\core\spbs\cie_core_n024_f000_m024_proc100.lp,spbs\cie_core_n024_f000_m024_proc100.lp,cie_core_n024_f000_m024_proc100.lp,proposed,2,1,stability_linear_off_trainseed_1,linear_off,True,quadratic,60.0,auto,2026-08-07T18:38:54,timelimit,timelimit,incumbent_timelimit_optimal,540.4897283000028,540.6483464999983,2,0.13416700000379933,0.007996320724487305,0.001003265380859375,0.05099964141845703,0.0009963512420654297,2,0,97084.0,3.7286223894239496,42665.02218429038,4295.999990929807,160127.99999416,10000.0,2.280163527515178e-09,3.5600008345682e-06,2,True,D:\git\git\RDMCT-A3C\cie\results\stability\cie_stability_600s_mem2048_repro_v1\s2_t1to5\solutions\cie_core_nominal__cie_core_n024_f000_m024_proc100__proposed__solverseed_2__trainseed_1__stability_linear_off_trainseed_1.sol,,,,D:\git\git\RDMCT-A3C\cie\models\proposed\cie_proposed_all_cie_proposed\cie_proposed_all_cie_proposed_2026_08_02_14_55_21_0000--s-1\itr_60.pkl,23,True,beam_search,
cie_core_nominal,dual_source_cluster_tool,8_to_32_wafers_nominal_processing,test,600.0,[],D:\git\git\RDMCT-A3C\cie\data\core\spbs\cie_core_n024_f006_m018_proc100.lp,spbs\cie_core_n024_f006_m018_proc100.lp,cie_core_n024_f006_m018_proc100.lp,proposed,2,1,stability_linear_off_trainseed_1,linear_off,True,quadratic,60.0,auto,2026-08-07T18:47:55,timelimit,timelimit,incumbent_timelimit_optimal,541.2104938999983,541.4200471000004,2,0.12391439999919385,0.010999441146850586,0.0,0.03800058364868164,0.0009999275207519531,2,0,113620.0,3.6526544019911507,42488.025477428324,3859.999989159812,136591.99998497806,10000.0,0.21465741790027248,2.667800572453416e-06,2,True,D:\git\git\RDMCT-A3C\cie\results\stability\cie_stability_600s_mem2048_repro_v1\s2_t1to5\solutions\cie_core_nominal__cie_core_n024_f006_m018_proc100__proposed__solverseed_2__trainseed_1__stability_linear_off_trainseed_1.sol,,,,D:\git\git\RDMCT-A3C\cie\models\proposed\cie_proposed_all_cie_proposed\cie_proposed_all_cie_proposed_2026_08_02_14_55_21_0000--s-1\itr_60.pkl,23,True,beam_search,
cie_core_nominal,dual_source_cluster_tool,8_to_32_wafers_nominal_processing,test,600.0,[],D:\git\git\RDMCT-A3C\cie\data\core\spbs\cie_core_n024_f012_m012_proc100.lp,spbs\cie_core_n024_f012_m012_proc100.lp,cie_core_n024_f012_m012_proc100.lp,proposed,2,1,stability_linear_off_trainseed_1,linear_off,True,quadratic,60.0,auto,2026-08-07T18:56:56,timelimit,timelimit,incumbent_timelimit_optimal,540.2553255999956,540.4548563999997,2,0.09206429999903776,0.009000539779663086,0.0009999275207519531,0.03200078010559082,0.0019960403442382812,2,0,91409.0,3.7536161611663657,42709.08113434131,2395.9999908200016,112227.99996640898,10000.0,0.24014605301421085,1.780819843588688e-06,2,True,D:\git\git\RDMCT-A3C\cie\results\stability\cie_stability_600s_mem2048_repro_v1\s2_t1to5\solutions\cie_core_nominal__cie_core_n024_f012_m012_proc100__proposed__solverseed_2__trainseed_1__stability_linear_off_trainseed_1.sol,,,,D:\git\git\RDMCT-A3C\cie\models\proposed\cie_proposed_all_cie_proposed\cie_proposed_all_cie_proposed_2026_08_02_14_55_21_0000--s-1\itr_60.pkl,23,True,beam_search,
cie_core_nominal,dual_source_cluster_tool,8_to_32_wafers_nominal_processing,test,600.0,[],D:\git\git\RDMCT-A3C\cie\data\core\spbs\cie_core_n024_f018_m006_proc100.lp,spbs\cie_core_n024_f018_m006_proc100.lp,cie_core_n024_f018_m006_proc100.lp,proposed,2,1,stability_linear_off_trainseed_1,linear_off,True,quadratic,60.0,auto,2026-08-07T19:05:57,timelimit,timelimit,incumbent_timelimit_optimal,541.0325056000074,541.2840671000013,2,0.1329570000016247,0.009002923965454102,0.0010004043579101562,0.04899930953979492,0.002000570297241211,2,0,94496.0,3.7194788817324804,42647.30271637076,2839.9999877500363,91711.99998063188,9074.0,0.4571371264054594,68.00000041545411,2,True,D:\git\git\RDMCT-A3C\cie\results\stability\cie_stability_600s_mem2048_repro_v1\s2_t1to5\solutions\cie_core_nominal__cie_core_n024_f018_m006_proc100__proposed__solverseed_2__trainseed_1__stability_linear_off_trainseed_1.sol,,,,D:\git\git\RDMCT-A3C\cie\models\proposed\cie_proposed_all_cie_proposed\cie_proposed_all_cie_proposed_2026_08_02_14_55_21_0000--s-1\itr_60.pkl,23,True,beam_search,
cie_core_nominal,dual_source_cluster_tool,8_to_32_wafers_nominal_processing,test,600.0,[],D:\git\git\RDMCT-A3C\cie\data\core\spbs\cie_core_n032_f000_m032_proc100.lp,spbs\cie_core_n032_f000_m032_proc100.lp,cie_core_n032_f000_m032_proc100.lp,proposed,2,1,stability_linear_off_trainseed_1,linear_off,True,quadratic,60.0,auto,2026-08-07T19:14:58,timelimit,timelimit,incumbent_timelimit_optimal,539.6887664999958,539.8885038000008,2,0.08545699999376666,0.01100015640258789,0.0009968280792236328,0.03100299835205078,0.0010025501251220703,2,0,61023.0,3.075580987790698,40992.70249037483,3333.9999921900026,202495.9999827282,10000.0,0.16888497883271555,200.5155248446016,2,True,D:\git\git\RDMCT-A3C\cie\results\stability\cie_stability_600s_mem2048_repro_v1\s2_t1to5\solutions\cie_core_nominal__cie_core_n032_f000_m032_proc100__proposed__solverseed_2__trainseed_1__stability_linear_off_trainseed_1.sol,,,,D:\git\git\RDMCT-A3C\cie\models\proposed\cie_proposed_all_cie_proposed\cie_proposed_all_cie_proposed_2026_08_02_14_55_21_0000--s-1\itr_60.pkl,23,True,beam_search,
cie_core_nominal,dual_source_cluster_tool,8_to_32_wafers_nominal_processing,test,600.0,[],D:\git\git\RDMCT-A3C\cie\data\core\spbs\cie_core_n032_f008_m024_proc100.lp,spbs\cie_core_n032_f008_m024_proc100.lp,cie_core_n032_f008_m024_proc100.lp,proposed,2,1,stability_linear_off_trainseed_1,linear_off,True,quadratic,60.0,auto,2026-08-07T19:23:58,timelimit,timelimit,incumbent_timelimit_optimal,539.8301438999988,540.0744936999981,2,0.09862470000371104,0.012002229690551758,0.0,0.04199814796447754,0.001003265380859375,2,0,87271.0,3.182577147374702,41345.543194849124,4654.999988210019,151845.99995970583,10000.0,2.2801634182914903e-09,3.5600013461589697e-06,2,True,D:\git\git\RDMCT-A3C\cie\results\stability\cie_stability_600s_mem2048_repro_v1\s2_t1to5\solutions\cie_core_nominal__cie_core_n032_f008_m024_proc100__proposed__solverseed_2__trainseed_1__stability_linear_off_trainseed_1.sol,,,,D:\git\git\RDMCT-A3C\cie\models\proposed\cie_proposed_all_cie_proposed\cie_proposed_all_cie_proposed_2026_08_02_14_55_21_0000--s-1\itr_60.pkl,23,True,beam_search,
cie_core_nominal,dual_source_cluster_tool,8_to_32_wafers_nominal_processing,test,600.0,[],D:\git\git\RDMCT-A3C\cie\data\core\spbs\cie_core_n032_f016_m016_proc100.lp,spbs\cie_core_n032_f016_m016_proc100.lp,cie_core_n032_f016_m016_proc100.lp,proposed,2,1,stability_linear_off_trainseed_1,linear_off,True,quadratic,60.0,auto,2026-08-07T19:32:58,timelimit,timelimit,incumbent_timelimit_optimal,541.1798297999994,541.4155178000001,2,0.13795960000425112,0.014996767044067383,0.0009996891021728516,0.04500007629394531,0.003000974655151367,2,0,48136.0,3.2450540769075435,41637.164717116364,3308.9999865800664,140135.99995783405,10000.0,0.5119408205456317,363.0361500345148,2,True,D:\git\git\RDMCT-A3C\cie\results\stability\cie_stability_600s_mem2048_repro_v1\s2_t1to5\solutions\cie_core_nominal__cie_core_n032_f016_m016_proc100__proposed__solverseed_2__trainseed_1__stability_linear_off_trainseed_1.sol,,,,D:\git\git\RDMCT-A3C\cie\models\proposed\cie_proposed_all_cie_proposed\cie_proposed_all_cie_proposed_2026_08_02_14_55_21_0000--s-1\itr_60.pkl,23,True,beam_search,
cie_core_nominal,dual_source_cluster_tool,8_to_32_wafers_nominal_processing,test,600.0,[],D:\git\git\RDMCT-A3C\cie\data\core\spbs\cie_core_n032_f024_m008_proc100.lp,spbs\cie_core_n032_f024_m008_proc100.lp,cie_core_n032_f024_m008_proc100.lp,proposed,2,1,stability_linear_off_trainseed_1,linear_off,True,quadratic,60.0,auto,2026-08-07T19:41:59,timelimit,timelimit,incumbent_timelimit_optimal,542.9598205000002,543.3108953000046,2,0.08416359999682754,0.014004707336425781,0.0,0.05899810791015625,0.0019998550415039062,2,0,49147.0,3.421701468753154,42173.72115005956,4181.999987499999,114664.99996926883,10000.0,0.6844027974362543,521.9999991381887,2,True,D:\git\git\RDMCT-A3C\cie\results\stability\cie_stability_600s_mem2048_repro_v1\s2_t1to5\solutions\cie_core_nominal__cie_core_n032_f024_m008_proc100__proposed__solverseed_2__trainseed_1__stability_linear_off_trainseed_1.sol,,,,D:\git\git\RDMCT-A3C\cie\models\proposed\cie_proposed_all_cie_proposed\cie_proposed_all_cie_proposed_2026_08_02_14_55_21_0000--s-1\itr_60.pkl,23,True,beam_search,
cie_core_nominal,dual_source_cluster_tool,8_to_32_wafers_nominal_processing,test,600.0,[],D:\git\git\RDMCT-A3C\cie\data\core\pure41\cie_core_n008_f008_m000_proc100.lp,pure41\cie_core_n008_f008_m000_proc100.lp,cie_core_n008_f008_m000_proc100.lp,proposed,2,2,stability_linear_off_trainseed_2,linear_off,True,quadratic,60.0,auto,2026-08-07T19:51:05,optimal,optimal,optimal,0.45679090000339784,0.5088396000064677,1,0.36729339999874355,0.006002187728881836,0.0,0.3589959144592285,0.002002239227294922,1,0,1.0,0.0,3.9344252909160313,609.9999940401,493.5112871400204,78.00634439168323,0.0,0.0,1,True,D:\git\git\RDMCT-A3C\cie\results\stability\cie_stability_600s_mem2048_repro_v1\s2_t1to5\solutions\cie_core_nominal__cie_core_n008_f008_m000_proc100__proposed__solverseed_2__trainseed_2__stability_linear_off_trainseed_2.sol,,,,D:\git\git\RDMCT-A3C\cie\models\proposed\cie_proposed_all_cie_proposed\cie_proposed_all_cie_proposed_2026_08_02_15_03_12_0000--s-2\itr_60.pkl,23,True,beam_search,
cie_core_nominal,dual_source_cluster_tool,8_to_32_wafers_nominal_processing,test,600.0,[],D:\git\git\RDMCT-A3C\cie\data\core\pure41\cie_core_n016_f016_m000_proc100.lp,pure41\cie_core_n016_f016_m000_proc100.lp,cie_core_n016_f016_m000_proc100.lp,proposed,2,2,stability_linear_off_trainseed_2,linear_off,True,quadratic,60.0,auto,2026-08-07T19:51:06,optimal,optimal,optimal,0.38797810000687605,0.4421310000034282,1,0.024566399995819665,0.007002592086791992,0.0,0.003999471664428711,0.0010037422180175781,1,0,1.0,0.0,0.0,943.9999999999983,10954.000001000002,10000.0,0.0,0.0,2,True,D:\git\git\RDMCT-A3C\cie\results\stability\cie_stability_600s_mem2048_repro_v1\s2_t1to5\solutions\cie_core_nominal__cie_core_n016_f016_m000_proc100__proposed__solverseed_2__trainseed_2__stability_linear_off_trainseed_2.sol,,,,D:\git\git\RDMCT-A3C\cie\models\proposed\cie_proposed_all_cie_proposed\cie_proposed_all_cie_proposed_2026_08_02_15_03_12_0000--s-2\itr_60.pkl,23,True,beam_search,
cie_core_nominal,dual_source_cluster_tool,8_to_32_wafers_nominal_processing,test,600.0,[],D:\git\git\RDMCT-A3C\cie\data\core\pure41\cie_core_n024_f024_m000_proc100.lp,pure41\cie_core_n024_f024_m000_proc100.lp,cie_core_n024_f024_m000_proc100.lp,proposed,2,2,stability_linear_off_trainseed_2,linear_off,True,quadratic,60.0,auto,2026-08-07T19:51:06,optimal,optimal,optimal,2.7718827000062447,2.8974479000025894,1,0.05278399999951944,0.010000467300415039,0.0009999275207519531,0.0039997100830078125,0.002000570297241211,1,0,1.0,0.0,300.0,1267.9999921202102,40685.13112921767,10000.0,0.012598129179990255,14.74897080122878,1,True,D:\git\git\RDMCT-A3C\cie\results\stability\cie_stability_600s_mem2048_repro_v1\s2_t1to5\solutions\cie_core_nominal__cie_core_n024_f024_m000_proc100__proposed__solverseed_2__trainseed_2__stability_linear_off_trainseed_2.sol,,,,D:\git\git\RDMCT-A3C\cie\models\proposed\cie_proposed_all_cie_proposed\cie_proposed_all_cie_proposed_2026_08_02_15_03_12_0000--s-2\itr_60.pkl,23,True,beam_search,
cie_core_nominal,dual_source_cluster_tool,8_to_32_wafers_nominal_processing,test,600.0,[],D:\git\git\RDMCT-A3C\cie\data\core\pure41\cie_core_n032_f032_m000_proc100.lp,pure41\cie_core_n032_f032_m000_proc100.lp,cie_core_n032_f032_m000_proc100.lp,proposed,2,2,stability_linear_off_trainseed_2,linear_off,True,quadratic,60.0,auto,2026-08-07T19:51:09,optimal,optimal,optimal,8.27327559999685,8.508862300004694,1,0.02094010000291746,0.010998725891113281,0.0010037422180175781,0.003997325897216797,0.0020003318786621094,1,0,1.0,0.0,800.0,1591.9999999999984,12050.000005000009,10000.0,0.0,0.0,2,True,D:\git\git\RDMCT-A3C\cie\results\stability\cie_stability_600s_mem2048_repro_v1\s2_t1to5\solutions\cie_core_nominal__cie_core_n032_f032_m000_proc100__proposed__solverseed_2__trainseed_2__stability_linear_off_trainseed_2.sol,,,,D:\git\git\RDMCT-A3C\cie\models\proposed\cie_proposed_all_cie_proposed\cie_proposed_all_cie_proposed_2026_08_02_15_03_12_0000--s-2\itr_60.pkl,23,True,beam_search,
cie_core_nominal,dual_source_cluster_tool,8_to_32_wafers_nominal_processing,test,600.0,[],D:\git\git\RDMCT-A3C\cie\data\core\spbs\cie_core_n008_f000_m008_proc100.lp,spbs\cie_core_n008_f000_m008_proc100.lp,cie_core_n008_f000_m008_proc100.lp,proposed,2,2,stability_linear_off_trainseed_2,linear_off,True,quadratic,60.0,auto,2026-08-07T19:51:18,optimal,optimal,optimal,1.145848300002399,1.1716665999992983,1,0.014832700006081723,0.004997968673706055,0.0010030269622802734,0.00499725341796875,0.0020036697387695312,1,0,895.0,0.0,92.69058649662122,768.0,60032.0,10000.0,0.0,0.0,3,True,D:\git\git\RDMCT-A3C\cie\results\stability\cie_stability_600s_mem2048_repro_v1\s2_t1to5\solutions\cie_core_nominal__cie_core_n008_f000_m008_proc100__proposed__solverseed_2__trainseed_2__stability_linear_off_trainseed_2.sol,,,,D:\git\git\RDMCT-A3C\cie\models\proposed\cie_proposed_all_cie_proposed\cie_proposed_all_cie_proposed_2026_08_02_15_03_12_0000--s-2\itr_60.pkl,23,True,beam_search,
cie_core_nominal,dual_source_cluster_tool,8_to_32_wafers_nominal_processing,test,600.0,[],D:\git\git\RDMCT-A3C\cie\data\core\spbs\cie_core_n008_f002_m006_proc100.lp,spbs\cie_core_n008_f002_m006_proc100.lp,cie_core_n008_f002_m006_proc100.lp,proposed,2,2,stability_linear_off_trainseed_2,linear_off,True,quadratic,60.0,auto,2026-08-07T19:51:19,optimal,optimal,optimal,2.635737800002971,2.6902622999987216,1,0.01949149999563815,0.005999565124511719,0.0,0.01000356674194336,0.0019965171813964844,1,0,779.0,0.0,128.4881523035035,899.9999999999997,60326.0,10000.0,0.0,0.0,2,True,D:\git\git\RDMCT-A3C\cie\results\stability\cie_stability_600s_mem2048_repro_v1\s2_t1to5\solutions\cie_core_nominal__cie_core_n008_f002_m006_proc100__proposed__solverseed_2__trainseed_2__stability_linear_off_trainseed_2.sol,,,,D:\git\git\RDMCT-A3C\cie\models\proposed\cie_proposed_all_cie_proposed\cie_proposed_all_cie_proposed_2026_08_02_15_03_12_0000--s-2\itr_60.pkl,23,True,beam_search,
cie_core_nominal,dual_source_cluster_tool,8_to_32_wafers_nominal_processing,test,600.0,[],D:\git\git\RDMCT-A3C\cie\data\core\spbs\cie_core_n008_f004_m004_proc100.lp,spbs\cie_core_n008_f004_m004_proc100.lp,cie_core_n008_f004_m004_proc100.lp,proposed,2,2,stability_linear_off_trainseed_2,linear_off,True,quadratic,60.0,auto,2026-08-07T19:51:22,optimal,optimal,optimal,0.7054019999995944,0.7626382000016747,1,0.01538799999980256,0.005998373031616211,0.0,0.00499725341796875,0.002000093460083008,1,0,230.0,0.0,0.0,833.9999999999993,50246.0,10000.0,0.0,0.0,2,True,D:\git\git\RDMCT-A3C\cie\results\stability\cie_stability_600s_mem2048_repro_v1\s2_t1to5\solutions\cie_core_nominal__cie_core_n008_f004_m004_proc100__proposed__solverseed_2__trainseed_2__stability_linear_off_trainseed_2.sol,,,,D:\git\git\RDMCT-A3C\cie\models\proposed\cie_proposed_all_cie_proposed\cie_proposed_all_cie_proposed_2026_08_02_15_03_12_0000--s-2\itr_60.pkl,23,True,beam_search,
cie_core_nominal,dual_source_cluster_tool,8_to_32_wafers_nominal_processing,test,600.0,[],D:\git\git\RDMCT-A3C\cie\data\core\spbs\cie_core_n008_f006_m002_proc100.lp,spbs\cie_core_n008_f006_m002_proc100.lp,cie_core_n008_f006_m002_proc100.lp,proposed,2,2,stability_linear_off_trainseed_2,linear_off,True,quadratic,60.0,auto,2026-08-07T19:51:22,optimal,optimal,optimal,1.8522020000018529,1.9218342000021948,1,0.02024399999936577,0.0059969425201416016,0.0010006427764892578,0.008996963500976562,0.002002716064453125,1,0,642.0,0.0,101.72692823539886,834.0000000000009,10269.999999899992,10000.0,0.0,0.0,2,True,D:\git\git\RDMCT-A3C\cie\results\stability\cie_stability_600s_mem2048_repro_v1\s2_t1to5\solutions\cie_core_nominal__cie_core_n008_f006_m002_proc100__proposed__solverseed_2__trainseed_2__stability_linear_off_trainseed_2.sol,,,,D:\git\git\RDMCT-A3C\cie\models\proposed\cie_proposed_all_cie_proposed\cie_proposed_all_cie_proposed_2026_08_02_15_03_12_0000--s-2\itr_60.pkl,23,True,beam_search,
cie_core_nominal,dual_source_cluster_tool,8_to_32_wafers_nominal_processing,test,600.0,[],D:\git\git\RDMCT-A3C\cie\data\core\spbs\cie_core_n016_f000_m016_proc100.lp,spbs\cie_core_n016_f000_m016_proc100.lp,cie_core_n016_f000_m016_proc100.lp,proposed,2,2,stability_linear_off_trainseed_2,linear_off,True,quadratic,60.0,auto,2026-08-07T19:51:24,optimal,optimal,optimal,31.68798080000124,31.736173500001314,1,0.09265790000063134,0.04900002479553223,0.0,0.006997108459472656,0.0010027885437011719,1,0,18479.0,0.0,2865.0613541524667,1136.0000000000005,100213.999999,10000.0,1.7973851938824698e-09,1.99999976757681e-06,3,True,D:\git\git\RDMCT-A3C\cie\results\stability\cie_stability_600s_mem2048_repro_v1\s2_t1to5\solutions\cie_core_nominal__cie_core_n016_f000_m016_proc100__proposed__solverseed_2__trainseed_2__stability_linear_off_trainseed_2.sol,,,,D:\git\git\RDMCT-A3C\cie\models\proposed\cie_proposed_all_cie_proposed\cie_proposed_all_cie_proposed_2026_08_02_15_03_12_0000--s-2\itr_60.pkl,23,True,beam_search,
cie_core_nominal,dual_source_cluster_tool,8_to_32_wafers_nominal_processing,test,600.0,[],D:\git\git\RDMCT-A3C\cie\data\core\spbs\cie_core_n016_f004_m012_proc100.lp,spbs\cie_core_n016_f004_m012_proc100.lp,cie_core_n016_f004_m012_proc100.lp,proposed,2,2,stability_linear_off_trainseed_2,linear_off,True,quadratic,60.0,auto,2026-08-07T19:51:56,optimal,optimal,optimal,22.695213399994827,22.775959399994463,1,0.05044099999940954,0.005998373031616211,0.0010020732879638672,0.0049991607666015625,0.0020041465759277344,1,0,9227.0,0.0,1955.9271941689876,1201.999999999999,40826.000004,10000.0,0.014088637121960871,7.0,2,True,D:\git\git\RDMCT-A3C\cie\results\stability\cie_stability_600s_mem2048_repro_v1\s2_t1to5\solutions\cie_core_nominal__cie_core_n016_f004_m012_proc100__proposed__solverseed_2__trainseed_2__stability_linear_off_trainseed_2.sol,,,,D:\git\git\RDMCT-A3C\cie\models\proposed\cie_proposed_all_cie_proposed\cie_proposed_all_cie_proposed_2026_08_02_15_03_12_0000--s-2\itr_60.pkl,23,True,beam_search,
cie_core_nominal,dual_source_cluster_tool,8_to_32_wafers_nominal_processing,test,600.0,[],D:\git\git\RDMCT-A3C\cie\data\core\spbs\cie_core_n016_f008_m008_proc100.lp,spbs\cie_core_n016_f008_m008_proc100.lp,cie_core_n016_f008_m008_proc100.lp,proposed,2,2,stability_linear_off_trainseed_2,linear_off,True,quadratic,60.0,auto,2026-08-07T19:52:19,optimal,optimal,optimal,82.67288649999682,82.76077509999595,1,0.05358189999969909,0.007999658584594727,0.0,0.008000373840332031,0.001996278762817383,1,0,158163.0,0.0,566.514032238318,1170.0000000000002,30953.000004,10000.0,0.09350402817209878,42.0,2,True,D:\git\git\RDMCT-A3C\cie\results\stability\cie_stability_600s_mem2048_repro_v1\s2_t1to5\solutions\cie_core_nominal__cie_core_n016_f008_m008_proc100__proposed__solverseed_2__trainseed_2__stability_linear_off_trainseed_2.sol,,,,D:\git\git\RDMCT-A3C\cie\models\proposed\cie_proposed_all_cie_proposed\cie_proposed_all_cie_proposed_2026_08_02_15_03_12_0000--s-2\itr_60.pkl,23,True,beam_search,
cie_core_nominal,dual_source_cluster_tool,8_to_32_wafers_nominal_processing,test,600.0,[],D:\git\git\RDMCT-A3C\cie\data\core\spbs\cie_core_n016_f012_m004_proc100.lp,spbs\cie_core_n016_f012_m004_proc100.lp,cie_core_n016_f012_m004_proc100.lp,proposed,2,2,stability_linear_off_trainseed_2,linear_off,True,quadratic,60.0,auto,2026-08-07T19:53:42,optimal,optimal,optimal,6.492895099996531,6.561457699994207,1,0.05369300000165822,0.007996559143066406,0.002001047134399414,0.005999326705932617,0.0010030269622802734,1,0,2821.0,0.0,251.77332516942792,1158.0000000000052,50944.0,10000.0,0.28611257185758754,0.0,2,True,D:\git\git\RDMCT-A3C\cie\results\stability\cie_stability_600s_mem2048_repro_v1\s2_t1to5\solutions\cie_core_nominal__cie_core_n016_f012_m004_proc100__proposed__solverseed_2__trainseed_2__stability_linear_off_trainseed_2.sol,,,,D:\git\git\RDMCT-A3C\cie\models\proposed\cie_proposed_all_cie_proposed\cie_proposed_all_cie_proposed_2026_08_02_15_03_12_0000--s-2\itr_60.pkl,23,True,beam_search,
cie_core_nominal,dual_source_cluster_tool,8_to_32_wafers_nominal_processing,test,600.0,[],D:\git\git\RDMCT-A3C\cie\data\core\spbs\cie_core_n024_f000_m024_proc100.lp,spbs\cie_core_n024_f000_m024_proc100.lp,cie_core_n024_f000_m024_proc100.lp,proposed,2,2,stability_linear_off_trainseed_2,linear_off,True,quadratic,60.0,auto,2026-08-07T19:53:48,timelimit,timelimit,incumbent_timelimit_optimal,540.5323774999924,540.7109973999977,2,0.025426899999729358,0.008005857467651367,0.0,0.009994745254516602,0.0020029544830322266,2,0,114590.0,3.7457086491869993,42685.44666525164,4295.999990929807,160127.99999416,10000.0,2.280163527515178e-09,3.5600008345682e-06,2,True,D:\git\git\RDMCT-A3C\cie\results\stability\cie_stability_600s_mem2048_repro_v1\s2_t1to5\solutions\cie_core_nominal__cie_core_n024_f000_m024_proc100__proposed__solverseed_2__trainseed_2__stability_linear_off_trainseed_2.sol,,,,D:\git\git\RDMCT-A3C\cie\models\proposed\cie_proposed_all_cie_proposed\cie_proposed_all_cie_proposed_2026_08_02_15_03_12_0000--s-2\itr_60.pkl,23,True,beam_search,
cie_core_nominal,dual_source_cluster_tool,8_to_32_wafers_nominal_processing,test,600.0,[],D:\git\git\RDMCT-A3C\cie\data\core\spbs\cie_core_n024_f006_m018_proc100.lp,spbs\cie_core_n024_f006_m018_proc100.lp,cie_core_n024_f006_m018_proc100.lp,proposed,2,2,stability_linear_off_trainseed_2,linear_off,True,quadratic,60.0,auto,2026-08-07T20:02:49,timelimit,timelimit,incumbent_timelimit_optimal,541.1619043000028,541.3995471999951,2,0.02371869999478804,0.010001420974731445,0.0009992122650146484,0.004999399185180664,0.002000093460083008,2,0,94515.0,3.6609037892287235,42517.355009605206,3859.999989159812,136591.99998497806,10000.0,0.21465741790027248,2.667800572453416e-06,2,True,D:\git\git\RDMCT-A3C\cie\results\stability\cie_stability_600s_mem2048_repro_v1\s2_t1to5\solutions\cie_core_nominal__cie_core_n024_f006_m018_proc100__proposed__solverseed_2__trainseed_2__stability_linear_off_trainseed_2.sol,,,,D:\git\git\RDMCT-A3C\cie\models\proposed\cie_proposed_all_cie_proposed\cie_proposed_all_cie_proposed_2026_08_02_15_03_12_0000--s-2\itr_60.pkl,23,True,beam_search,
cie_core_nominal,dual_source_cluster_tool,8_to_32_wafers_nominal_processing,test,600.0,[],D:\git\git\RDMCT-A3C\cie\data\core\spbs\cie_core_n024_f012_m012_proc100.lp,spbs\cie_core_n024_f012_m012_proc100.lp,cie_core_n024_f012_m012_proc100.lp,proposed,2,2,stability_linear_off_trainseed_2,linear_off,True,quadratic,60.0,auto,2026-08-07T20:11:50,timelimit,timelimit,incumbent_timelimit_optimal,540.3368407000089,540.5318584999986,2,0.12116249999962747,0.009001731872558594,0.0029952526092529297,0.0060040950775146484,0.0019960403442382812,2,0,81065.0,3.7536161611663657,42718.59135878258,2395.9999908200016,112227.99996640898,10000.0,0.24014605301421085,1.780819843588688e-06,2,True,D:\git\git\RDMCT-A3C\cie\results\stability\cie_stability_600s_mem2048_repro_v1\s2_t1to5\solutions\cie_core_nominal__cie_core_n024_f012_m012_proc100__proposed__solverseed_2__trainseed_2__stability_linear_off_trainseed_2.sol,,,,D:\git\git\RDMCT-A3C\cie\models\proposed\cie_proposed_all_cie_proposed\cie_proposed_all_cie_proposed_2026_08_02_15_03_12_0000--s-2\itr_60.pkl,23,True,beam_search,
cie_core_nominal,dual_source_cluster_tool,8_to_32_wafers_nominal_processing,test,600.0,[],D:\git\git\RDMCT-A3C\cie\data\core\spbs\cie_core_n024_f018_m006_proc100.lp,spbs\cie_core_n024_f018_m006_proc100.lp,cie_core_n024_f018_m006_proc100.lp,proposed,2,2,stability_linear_off_trainseed_2,linear_off,True,quadratic,60.0,auto,2026-08-07T20:20:51,timelimit,timelimit,incumbent_timelimit_optimal,541.0193137000024,541.2866594999941,2,0.08955409999907715,0.007999658584594727,0.00099945068359375,0.0060024261474609375,0.0019948482513427734,2,0,91543.0,3.7152461652465987,42643.21331986097,2839.9999877500363,91711.99998063188,9074.0,0.4571371264054594,68.00000041545411,2,True,D:\git\git\RDMCT-A3C\cie\results\stability\cie_stability_600s_mem2048_repro_v1\s2_t1to5\solutions\cie_core_nominal__cie_core_n024_f018_m006_proc100__proposed__solverseed_2__trainseed_2__stability_linear_off_trainseed_2.sol,,,,D:\git\git\RDMCT-A3C\cie\models\proposed\cie_proposed_all_cie_proposed\cie_proposed_all_cie_proposed_2026_08_02_15_03_12_0000--s-2\itr_60.pkl,23,True,beam_search,
cie_core_nominal,dual_source_cluster_tool,8_to_32_wafers_nominal_processing,test,600.0,[],D:\git\git\RDMCT-A3C\cie\data\core\spbs\cie_core_n032_f000_m032_proc100.lp,spbs\cie_core_n032_f000_m032_proc100.lp,cie_core_n032_f000_m032_proc100.lp,proposed,2,2,stability_linear_off_trainseed_2,linear_off,True,quadratic,60.0,auto,2026-08-07T20:29:52,timelimit,timelimit,incumbent_timelimit_optimal,539.6316208000062,539.8771134999988,2,0.06070740000723163,0.01200103759765625,0.0,0.005999326705932617,0.0019969940185546875,2,0,64930.0,3.069272038893189,41014.838001531345,3333.9999921900026,202495.9999827282,10000.0,0.16888497883271555,200.5155248446016,2,True,D:\git\git\RDMCT-A3C\cie\results\stability\cie_stability_600s_mem2048_repro_v1\s2_t1to5\solutions\cie_core_nominal__cie_core_n032_f000_m032_proc100__proposed__solverseed_2__trainseed_2__stability_linear_off_trainseed_2.sol,,,,D:\git\git\RDMCT-A3C\cie\models\proposed\cie_proposed_all_cie_proposed\cie_proposed_all_cie_proposed_2026_08_02_15_03_12_0000--s-2\itr_60.pkl,23,True,beam_search,
cie_core_nominal,dual_source_cluster_tool,8_to_32_wafers_nominal_processing,test,600.0,[],D:\git\git\RDMCT-A3C\cie\data\core\spbs\cie_core_n032_f008_m024_proc100.lp,spbs\cie_core_n032_f008_m024_proc100.lp,cie_core_n032_f008_m024_proc100.lp,proposed,2,2,stability_linear_off_trainseed_2,linear_off,True,quadratic,60.0,auto,2026-08-07T20:38:52,timelimit,timelimit,incumbent_timelimit_optimal,539.8537039000075,540.091602200002,2,0.09828530000231694,0.011002779006958008,0.0009963512420654297,0.006000518798828125,0.0020034313201904297,2,0,64664.0,3.1365062739968415,41315.81423324571,4654.999988210019,151845.99995970583,10000.0,2.2801634182914903e-09,3.5600013461589697e-06,2,True,D:\git\git\RDMCT-A3C\cie\results\stability\cie_stability_600s_mem2048_repro_v1\s2_t1to5\solutions\cie_core_nominal__cie_core_n032_f008_m024_proc100__proposed__solverseed_2__trainseed_2__stability_linear_off_trainseed_2.sol,,,,D:\git\git\RDMCT-A3C\cie\models\proposed\cie_proposed_all_cie_proposed\cie_proposed_all_cie_proposed_2026_08_02_15_03_12_0000--s-2\itr_60.pkl,23,True,beam_search,
cie_core_nominal,dual_source_cluster_tool,8_to_32_wafers_nominal_processing,test,600.0,[],D:\git\git\RDMCT-A3C\cie\data\core\spbs\cie_core_n032_f016_m016_proc100.lp,spbs\cie_core_n032_f016_m016_proc100.lp,cie_core_n032_f016_m016_proc100.lp,proposed,2,2,stability_linear_off_trainseed_2,linear_off,True,quadratic,60.0,auto,2026-08-07T20:47:52,timelimit,timelimit,incumbent_timelimit_optimal,541.0543574000039,541.3252334999997,2,0.07182599999941885,0.016003131866455078,0.0009953975677490234,0.013002395629882812,0.0010006427764892578,2,0,44848.0,3.120297393612853,41409.75623027662,3308.9999865800664,140135.99995783405,10000.0,0.5119408205456317,363.0361500345148,2,True,D:\git\git\RDMCT-A3C\cie\results\stability\cie_stability_600s_mem2048_repro_v1\s2_t1to5\solutions\cie_core_nominal__cie_core_n032_f016_m016_proc100__proposed__solverseed_2__trainseed_2__stability_linear_off_trainseed_2.sol,,,,D:\git\git\RDMCT-A3C\cie\models\proposed\cie_proposed_all_cie_proposed\cie_proposed_all_cie_proposed_2026_08_02_15_03_12_0000--s-2\itr_60.pkl,23,True,beam_search,
cie_core_nominal,dual_source_cluster_tool,8_to_32_wafers_nominal_processing,test,600.0,[],D:\git\git\RDMCT-A3C\cie\data\core\spbs\cie_core_n032_f024_m008_proc100.lp,spbs\cie_core_n032_f024_m008_proc100.lp,cie_core_n032_f024_m008_proc100.lp,proposed,2,2,stability_linear_off_trainseed_2,linear_off,True,quadratic,60.0,auto,2026-08-07T20:56:53,timelimit,timelimit,incumbent_timelimit_optimal,542.9681608999963,543.3189883000014,2,0.026828100002603605,0.011996984481811523,0.0,0.00599980354309082,0.002000093460083008,2,0,42633.0,3.3006130668711657,42062.66741583547,4181.999987499999,114664.99996926883,10000.0,0.6844027974362543,521.9999991381887,2,True,D:\git\git\RDMCT-A3C\cie\results\stability\cie_stability_600s_mem2048_repro_v1\s2_t1to5\solutions\cie_core_nominal__cie_core_n032_f024_m008_proc100__proposed__solverseed_2__trainseed_2__stability_linear_off_trainseed_2.sol,,,,D:\git\git\RDMCT-A3C\cie\models\proposed\cie_proposed_all_cie_proposed\cie_proposed_all_cie_proposed_2026_08_02_15_03_12_0000--s-2\itr_60.pkl,23,True,beam_search,
cie_core_nominal,dual_source_cluster_tool,8_to_32_wafers_nominal_processing,test,600.0,[],D:\git\git\RDMCT-A3C\cie\data\core\pure41\cie_core_n008_f008_m000_proc100.lp,pure41\cie_core_n008_f008_m000_proc100.lp,cie_core_n008_f008_m000_proc100.lp,proposed,2,3,stability_linear_off_trainseed_3,linear_off,True,quadratic,60.0,auto,2026-08-07T21:05:59,optimal,optimal,optimal,0.4529225999940536,0.5137346000046819,1,0.36337669999920763,0.0060007572174072266,0.0,0.355086088180542,0.0019998550415039062,1,0,1.0,0.0,3.9344252909160313,609.9999940401,493.5112871400204,78.00634439168323,0.0,0.0,1,True,D:\git\git\RDMCT-A3C\cie\results\stability\cie_stability_600s_mem2048_repro_v1\s2_t1to5\solutions\cie_core_nominal__cie_core_n008_f008_m000_proc100__proposed__solverseed_2__trainseed_3__stability_linear_off_trainseed_3.sol,,,,D:\git\git\RDMCT-A3C\cie\models\proposed\cie_proposed_all_cie_proposed\cie_proposed_all_cie_proposed_2026_08_02_15_10_55_0000--s-3\itr_60.pkl,23,True,beam_search,
cie_core_nominal,dual_source_cluster_tool,8_to_32_wafers_nominal_processing,test,600.0,[],D:\git\git\RDMCT-A3C\cie\data\core\pure41\cie_core_n016_f016_m000_proc100.lp,pure41\cie_core_n016_f016_m000_proc100.lp,cie_core_n016_f016_m000_proc100.lp,proposed,2,3,stability_linear_off_trainseed_3,linear_off,True,quadratic,60.0,auto,2026-08-07T21:06:00,optimal,optimal,optimal,0.3690069000076619,0.42374289999861503,1,0.014167499997711275,0.006000041961669922,0.0009965896606445312,0.004003286361694336,0.001996755599975586,1,0,1.0,0.0,0.0,943.9999999999983,10954.000001000002,10000.0,0.0,0.0,2,True,D:\git\git\RDMCT-A3C\cie\results\stability\cie_stability_600s_mem2048_repro_v1\s2_t1to5\solutions\cie_core_nominal__cie_core_n016_f016_m000_proc100__proposed__solverseed_2__trainseed_3__stability_linear_off_trainseed_3.sol,,,,D:\git\git\RDMCT-A3C\cie\models\proposed\cie_proposed_all_cie_proposed\cie_proposed_all_cie_proposed_2026_08_02_15_10_55_0000--s-3\itr_60.pkl,23,True,beam_search,
cie_core_nominal,dual_source_cluster_tool,8_to_32_wafers_nominal_processing,test,600.0,[],D:\git\git\RDMCT-A3C\cie\data\core\pure41\cie_core_n024_f024_m000_proc100.lp,pure41\cie_core_n024_f024_m000_proc100.lp,cie_core_n024_f024_m000_proc100.lp,proposed,2,3,stability_linear_off_trainseed_3,linear_off,True,quadratic,60.0,auto,2026-08-07T21:06:00,optimal,optimal,optimal,2.7275223000033293,2.852418000002217,1,0.05751120000059018,0.010001897811889648,0.0,0.00851583480834961,0.001996278762817383,1,0,1.0,0.0,227.95823621599158,1267.9999921202102,40685.13112921767,10000.0,0.012598129179990255,14.74897080122878,1,True,D:\git\git\RDMCT-A3C\cie\results\stability\cie_stability_600s_mem2048_repro_v1\s2_t1to5\solutions\cie_core_nominal__cie_core_n024_f024_m000_proc100__proposed__solverseed_2__trainseed_3__stability_linear_off_trainseed_3.sol,,,,D:\git\git\RDMCT-A3C\cie\models\proposed\cie_proposed_all_cie_proposed\cie_proposed_all_cie_proposed_2026_08_02_15_10_55_0000--s-3\itr_60.pkl,23,True,beam_search,
cie_core_nominal,dual_source_cluster_tool,8_to_32_wafers_nominal_processing,test,600.0,[],D:\git\git\RDMCT-A3C\cie\data\core\pure41\cie_core_n032_f032_m000_proc100.lp,pure41\cie_core_n032_f032_m000_proc100.lp,cie_core_n032_f032_m000_proc100.lp,proposed,2,3,stability_linear_off_trainseed_3,linear_off,True,quadratic,60.0,auto,2026-08-07T21:06:03,optimal,optimal,optimal,8.312447399999655,8.577255099997274,1,0.021597200000542216,0.010001420974731445,0.0009989738464355469,0.005007743835449219,0.0019996166229248047,1,0,1.0,0.0,800.0,1591.9999999999984,12050.000005000009,10000.0,0.0,0.0,2,True,D:\git\git\RDMCT-A3C\cie\results\stability\cie_stability_600s_mem2048_repro_v1\s2_t1to5\solutions\cie_core_nominal__cie_core_n032_f032_m000_proc100__proposed__solverseed_2__trainseed_3__stability_linear_off_trainseed_3.sol,,,,D:\git\git\RDMCT-A3C\cie\models\proposed\cie_proposed_all_cie_proposed\cie_proposed_all_cie_proposed_2026_08_02_15_10_55_0000--s-3\itr_60.pkl,23,True,beam_search,
cie_core_nominal,dual_source_cluster_tool,8_to_32_wafers_nominal_processing,test,600.0,[],D:\git\git\RDMCT-A3C\cie\data\core\spbs\cie_core_n008_f000_m008_proc100.lp,spbs\cie_core_n008_f000_m008_proc100.lp,cie_core_n008_f000_m008_proc100.lp,proposed,2,3,stability_linear_off_trainseed_3,linear_off,True,quadratic,60.0,auto,2026-08-07T21:06:12,optimal,optimal,optimal,1.1421830000035698,1.200271800000337,1,0.014474899995548185,0.00599980354309082,0.0,0.004998922348022461,0.0020012855529785156,1,0,895.0,0.0,92.69058649662122,768.0,60032.0,10000.0,0.0,0.0,3,True,D:\git\git\RDMCT-A3C\cie\results\stability\cie_stability_600s_mem2048_repro_v1\s2_t1to5\solutions\cie_core_nominal__cie_core_n008_f000_m008_proc100__proposed__solverseed_2__trainseed_3__stability_linear_off_trainseed_3.sol,,,,D:\git\git\RDMCT-A3C\cie\models\proposed\cie_proposed_all_cie_proposed\cie_proposed_all_cie_proposed_2026_08_02_15_10_55_0000--s-3\itr_60.pkl,23,True,beam_search,
cie_core_nominal,dual_source_cluster_tool,8_to_32_wafers_nominal_processing,test,600.0,[],D:\git\git\RDMCT-A3C\cie\data\core\spbs\cie_core_n008_f002_m006_proc100.lp,spbs\cie_core_n008_f002_m006_proc100.lp,cie_core_n008_f002_m006_proc100.lp,proposed,2,3,stability_linear_off_trainseed_3,linear_off,True,quadratic,60.0,auto,2026-08-07T21:06:13,optimal,optimal,optimal,2.628133300000627,2.653412200001185,1,0.01845589999720687,0.0050029754638671875,0.0009968280792236328,0.009002923965454102,0.002000570297241211,1,0,779.0,0.0,121.6018751076233,899.9999999999997,60326.0,10000.0,0.0,0.0,2,True,D:\git\git\RDMCT-A3C\cie\results\stability\cie_stability_600s_mem2048_repro_v1\s2_t1to5\solutions\cie_core_nominal__cie_core_n008_f002_m006_proc100__proposed__solverseed_2__trainseed_3__stability_linear_off_trainseed_3.sol,,,,D:\git\git\RDMCT-A3C\cie\models\proposed\cie_proposed_all_cie_proposed\cie_proposed_all_cie_proposed_2026_08_02_15_10_55_0000--s-3\itr_60.pkl,23,True,beam_search,
cie_core_nominal,dual_source_cluster_tool,8_to_32_wafers_nominal_processing,test,600.0,[],D:\git\git\RDMCT-A3C\cie\data\core\spbs\cie_core_n008_f004_m004_proc100.lp,spbs\cie_core_n008_f004_m004_proc100.lp,cie_core_n008_f004_m004_proc100.lp,proposed,2,3,stability_linear_off_trainseed_3,linear_off,True,quadratic,60.0,auto,2026-08-07T21:06:15,optimal,optimal,optimal,0.6997034000014537,0.7569489000015892,1,0.0146212999970885,0.0060002803802490234,0.0,0.005000114440917969,0.0019996166229248047,1,0,230.0,0.0,100.0,833.9999999999993,50246.0,10000.0,0.0,0.0,2,True,D:\git\git\RDMCT-A3C\cie\results\stability\cie_stability_600s_mem2048_repro_v1\s2_t1to5\solutions\cie_core_nominal__cie_core_n008_f004_m004_proc100__proposed__solverseed_2__trainseed_3__stability_linear_off_trainseed_3.sol,,,,D:\git\git\RDMCT-A3C\cie\models\proposed\cie_proposed_all_cie_proposed\cie_proposed_all_cie_proposed_2026_08_02_15_10_55_0000--s-3\itr_60.pkl,23,True,beam_search,
cie_core_nominal,dual_source_cluster_tool,8_to_32_wafers_nominal_processing,test,600.0,[],D:\git\git\RDMCT-A3C\cie\data\core\spbs\cie_core_n008_f006_m002_proc100.lp,spbs\cie_core_n008_f006_m002_proc100.lp,cie_core_n008_f006_m002_proc100.lp,proposed,2,3,stability_linear_off_trainseed_3,linear_off,True,quadratic,60.0,auto,2026-08-07T21:06:16,optimal,optimal,optimal,1.8314881999976933,1.8987215999950422,1,0.015145899997150991,0.0069997310638427734,0.0,0.00500035285949707,0.0019981861114501953,1,0,642.0,0.0,25.848843849385567,834.0000000000009,10269.999999899992,10000.0,0.0,0.0,2,True,D:\git\git\RDMCT-A3C\cie\results\stability\cie_stability_600s_mem2048_repro_v1\s2_t1to5\solutions\cie_core_nominal__cie_core_n008_f006_m002_proc100__proposed__solverseed_2__trainseed_3__stability_linear_off_trainseed_3.sol,,,,D:\git\git\RDMCT-A3C\cie\models\proposed\cie_proposed_all_cie_proposed\cie_proposed_all_cie_proposed_2026_08_02_15_10_55_0000--s-3\itr_60.pkl,23,True,beam_search,
cie_core_nominal,dual_source_cluster_tool,8_to_32_wafers_nominal_processing,test,600.0,[],D:\git\git\RDMCT-A3C\cie\data\core\spbs\cie_core_n016_f000_m016_proc100.lp,spbs\cie_core_n016_f000_m016_proc100.lp,cie_core_n016_f000_m016_proc100.lp,proposed,2,3,stability_linear_off_trainseed_3,linear_off,True,quadratic,60.0,auto,2026-08-07T21:06:18,optimal,optimal,optimal,31.64509839999664,31.728195200004848,1,0.057708699998329394,0.04799985885620117,0.0009999275207519531,0.0050008296966552734,0.001999378204345703,1,0,18479.0,0.0,2854.2495133453854,1136.0000000000005,100213.999999,10000.0,1.7973851938824698e-09,1.99999976757681e-06,3,True,D:\git\git\RDMCT-A3C\cie\results\stability\cie_stability_600s_mem2048_repro_v1\s2_t1to5\solutions\cie_core_nominal__cie_core_n016_f000_m016_proc100__proposed__solverseed_2__trainseed_3__stability_linear_off_trainseed_3.sol,,,,D:\git\git\RDMCT-A3C\cie\models\proposed\cie_proposed_all_cie_proposed\cie_proposed_all_cie_proposed_2026_08_02_15_10_55_0000--s-3\itr_60.pkl,23,True,beam_search,
cie_core_nominal,dual_source_cluster_tool,8_to_32_wafers_nominal_processing,test,600.0,[],D:\git\git\RDMCT-A3C\cie\data\core\spbs\cie_core_n016_f004_m012_proc100.lp,spbs\cie_core_n016_f004_m012_proc100.lp,cie_core_n016_f004_m012_proc100.lp,proposed,2,3,stability_linear_off_trainseed_3,linear_off,True,quadratic,60.0,auto,2026-08-07T21:06:50,optimal,optimal,optimal,22.644295299993246,22.724758500000462,1,0.05385500000556931,0.00699925422668457,0.002996683120727539,0.007003307342529297,0.002000093460083008,1,0,9227.0,0.0,1884.408726826497,1201.999999999999,40826.000004,10000.0,0.014088637121960871,7.0,2,True,D:\git\git\RDMCT-A3C\cie\results\stability\cie_stability_600s_mem2048_repro_v1\s2_t1to5\solutions\cie_core_nominal__cie_core_n016_f004_m012_proc100__proposed__solverseed_2__trainseed_3__stability_linear_off_trainseed_3.sol,,,,D:\git\git\RDMCT-A3C\cie\models\proposed\cie_proposed_all_cie_proposed\cie_proposed_all_cie_proposed_2026_08_02_15_10_55_0000--s-3\itr_60.pkl,23,True,beam_search,
cie_core_nominal,dual_source_cluster_tool,8_to_32_wafers_nominal_processing,test,600.0,[],D:\git\git\RDMCT-A3C\cie\data\core\spbs\cie_core_n016_f008_m008_proc100.lp,spbs\cie_core_n016_f008_m008_proc100.lp,cie_core_n016_f008_m008_proc100.lp,proposed,2,3,stability_linear_off_trainseed_3,linear_off,True,quadratic,60.0,auto,2026-08-07T21:07:13,optimal,optimal,optimal,82.77702800001134,82.8310003000006,1,0.018014000001130626,0.007997751235961914,0.0,0.005999326705932617,0.002003192901611328,1,0,158163.0,0.0,559.5523129931772,1170.0000000000002,30953.000004,10000.0,0.09350402817209878,42.0,2,True,D:\git\git\RDMCT-A3C\cie\results\stability\cie_stability_600s_mem2048_repro_v1\s2_t1to5\solutions\cie_core_nominal__cie_core_n016_f008_m008_proc100__proposed__solverseed_2__trainseed_3__stability_linear_off_trainseed_3.sol,,,,D:\git\git\RDMCT-A3C\cie\models\proposed\cie_proposed_all_cie_proposed\cie_proposed_all_cie_proposed_2026_08_02_15_10_55_0000--s-3\itr_60.pkl,23,True,beam_search,
cie_core_nominal,dual_source_cluster_tool,8_to_32_wafers_nominal_processing,test,600.0,[],D:\git\git\RDMCT-A3C\cie\data\core\spbs\cie_core_n016_f012_m004_proc100.lp,spbs\cie_core_n016_f012_m004_proc100.lp,cie_core_n016_f012_m004_proc100.lp,proposed,2,3,stability_linear_off_trainseed_3,linear_off,True,quadratic,60.0,auto,2026-08-07T21:08:35,optimal,optimal,optimal,6.439234799996484,6.539439400003175,1,0.052886099998431746,0.007999420166015625,0.0019996166229248047,0.004997730255126953,0.0020029544830322266,1,0,2821.0,0.0,350.5775143103676,1158.0000000000052,50944.0,10000.0,0.28611257185758754,0.0,2,True,D:\git\git\RDMCT-A3C\cie\results\stability\cie_stability_600s_mem2048_repro_v1\s2_t1to5\solutions\cie_core_nominal__cie_core_n016_f012_m004_proc100__proposed__solverseed_2__trainseed_3__stability_linear_off_trainseed_3.sol,,,,D:\git\git\RDMCT-A3C\cie\models\proposed\cie_proposed_all_cie_proposed\cie_proposed_all_cie_proposed_2026_08_02_15_10_55_0000--s-3\itr_60.pkl,23,True,beam_search,
cie_core_nominal,dual_source_cluster_tool,8_to_32_wafers_nominal_processing,test,600.0,[],D:\git\git\RDMCT-A3C\cie\data\core\spbs\cie_core_n024_f000_m024_proc100.lp,spbs\cie_core_n024_f000_m024_proc100.lp,cie_core_n024_f000_m024_proc100.lp,proposed,2,3,stability_linear_off_trainseed_3,linear_off,True,quadratic,60.0,auto,2026-08-07T21:08:42,timelimit,timelimit,incumbent_timelimit_optimal,540.7862448000014,540.9628795000026,2,0.08835919999546604,0.008001565933227539,0.0,0.0070002079010009766,0.0020003318786621094,2,0,115326.0,3.7457086491869993,42685.42763032064,4295.999990929807,160127.99999416,10000.0,2.280163527515178e-09,3.5600008345682e-06,2,True,D:\git\git\RDMCT-A3C\cie\results\stability\cie_stability_600s_mem2048_repro_v1\s2_t1to5\solutions\cie_core_nominal__cie_core_n024_f000_m024_proc100__proposed__solverseed_2__trainseed_3__stability_linear_off_trainseed_3.sol,,,,D:\git\git\RDMCT-A3C\cie\models\proposed\cie_proposed_all_cie_proposed\cie_proposed_all_cie_proposed_2026_08_02_15_10_55_0000--s-3\itr_60.pkl,23,True,beam_search,
cie_core_nominal,dual_source_cluster_tool,8_to_32_wafers_nominal_processing,test,600.0,[],D:\git\git\RDMCT-A3C\cie\data\core\spbs\cie_core_n024_f006_m018_proc100.lp,spbs\cie_core_n024_f006_m018_proc100.lp,cie_core_n024_f006_m018_proc100.lp,proposed,2,3,stability_linear_off_trainseed_3,linear_off,True,quadratic,60.0,auto,2026-08-07T21:17:43,timelimit,timelimit,incumbent_timelimit_optimal,541.1736001000027,541.3654965999958,2,0.09161880000465317,0.011003255844116211,0.0,0.00599980354309082,0.002000093460083008,2,0,94501.0,3.6609037892287235,42517.355009605206,3859.999989159812,136591.99998497806,10000.0,0.21465741790027248,2.667800572453416e-06,2,True,D:\git\git\RDMCT-A3C\cie\results\stability\cie_stability_600s_mem2048_repro_v1\s2_t1to5\solutions\cie_core_nominal__cie_core_n024_f006_m018_proc100__proposed__solverseed_2__trainseed_3__stability_linear_off_trainseed_3.sol,,,,D:\git\git\RDMCT-A3C\cie\models\proposed\cie_proposed_all_cie_proposed\cie_proposed_all_cie_proposed_2026_08_02_15_10_55_0000--s-3\itr_60.pkl,23,True,beam_search,
cie_core_nominal,dual_source_cluster_tool,8_to_32_wafers_nominal_processing,test,600.0,[],D:\git\git\RDMCT-A3C\cie\data\core\spbs\cie_core_n024_f012_m012_proc100.lp,spbs\cie_core_n024_f012_m012_proc100.lp,cie_core_n024_f012_m012_proc100.lp,proposed,2,3,stability_linear_off_trainseed_3,linear_off,True,quadratic,60.0,auto,2026-08-07T21:26:44,timelimit,timelimit,incumbent_timelimit_optimal,540.3088206999964,540.5086257000003,2,0.08852980000665411,0.009003400802612305,0.0009975433349609375,0.004999876022338867,0.0019960403442382812,2,0,80400.0,3.7536161611663657,42718.723399250885,2395.9999908200016,112227.99996640898,10000.0,0.24014605301421085,1.780819843588688e-06,2,True,D:\git\git\RDMCT-A3C\cie\results\stability\cie_stability_600s_mem2048_repro_v1\s2_t1to5\solutions\cie_core_nominal__cie_core_n024_f012_m012_proc100__proposed__solverseed_2__trainseed_3__stability_linear_off_trainseed_3.sol,,,,D:\git\git\RDMCT-A3C\cie\models\proposed\cie_proposed_all_cie_proposed\cie_proposed_all_cie_proposed_2026_08_02_15_10_55_0000--s-3\itr_60.pkl,23,True,beam_search,
cie_core_nominal,dual_source_cluster_tool,8_to_32_wafers_nominal_processing,test,600.0,[],D:\git\git\RDMCT-A3C\cie\data\core\spbs\cie_core_n024_f018_m006_proc100.lp,spbs\cie_core_n024_f018_m006_proc100.lp,cie_core_n024_f018_m006_proc100.lp,proposed,2,3,stability_linear_off_trainseed_3,linear_off,True,quadratic,60.0,auto,2026-08-07T21:35:45,timelimit,timelimit,incumbent_timelimit_optimal,541.0011140999923,541.2508256000001,2,0.08767420000367565,0.008999824523925781,0.0009999275207519531,0.00500035285949707,0.0019996166229248047,2,0,90732.0,3.7152461652465987,42643.19429941209,2839.9999877500363,91711.99998063188,9074.0,0.4571371264054594,68.00000041545411,2,True,D:\git\git\RDMCT-A3C\cie\results\stability\cie_stability_600s_mem2048_repro_v1\s2_t1to5\solutions\cie_core_nominal__cie_core_n024_f018_m006_proc100__proposed__solverseed_2__trainseed_3__stability_linear_off_trainseed_3.sol,,,,D:\git\git\RDMCT-A3C\cie\models\proposed\cie_proposed_all_cie_proposed\cie_proposed_all_cie_proposed_2026_08_02_15_10_55_0000--s-3\itr_60.pkl,23,True,beam_search,
cie_core_nominal,dual_source_cluster_tool,8_to_32_wafers_nominal_processing,test,600.0,[],D:\git\git\RDMCT-A3C\cie\data\core\spbs\cie_core_n032_f000_m032_proc100.lp,spbs\cie_core_n032_f000_m032_proc100.lp,cie_core_n032_f000_m032_proc100.lp,proposed,2,3,stability_linear_off_trainseed_3,linear_off,True,quadratic,60.0,auto,2026-08-07T21:44:46,timelimit,timelimit,incumbent_timelimit_optimal,539.6912950000042,539.9393424999944,2,0.03286409999418538,0.011000871658325195,0.0009996891021728516,0.0050029754638671875,0.0019998550415039062,2,0,65169.0,3.069272038893189,41014.53363843618,3333.9999921900026,202495.9999827282,10000.0,0.16888497883271555,200.5155248446016,2,True,D:\git\git\RDMCT-A3C\cie\results\stability\cie_stability_600s_mem2048_repro_v1\s2_t1to5\solutions\cie_core_nominal__cie_core_n032_f000_m032_proc100__proposed__solverseed_2__trainseed_3__stability_linear_off_trainseed_3.sol,,,,D:\git\git\RDMCT-A3C\cie\models\proposed\cie_proposed_all_cie_proposed\cie_proposed_all_cie_proposed_2026_08_02_15_10_55_0000--s-3\itr_60.pkl,23,True,beam_search,
cie_core_nominal,dual_source_cluster_tool,8_to_32_wafers_nominal_processing,test,600.0,[],D:\git\git\RDMCT-A3C\cie\data\core\spbs\cie_core_n032_f008_m024_proc100.lp,spbs\cie_core_n032_f008_m024_proc100.lp,cie_core_n032_f008_m024_proc100.lp,proposed,2,3,stability_linear_off_trainseed_3,linear_off,True,quadratic,60.0,auto,2026-08-07T21:53:46,timelimit,timelimit,incumbent_timelimit_optimal,539.8481920999984,540.0837647000008,2,0.13139009999576956,0.012000799179077148,0.0,0.00599980354309082,0.0019965171813964844,2,0,64748.0,3.1365062739968415,41315.33872202364,4654.999988210019,151845.99995970583,10000.0,2.2801634182914903e-09,3.5600013461589697e-06,2,True,D:\git\git\RDMCT-A3C\cie\results\stability\cie_stability_600s_mem2048_repro_v1\s2_t1to5\solutions\cie_core_nominal__cie_core_n032_f008_m024_proc100__proposed__solverseed_2__trainseed_3__stability_linear_off_trainseed_3.sol,,,,D:\git\git\RDMCT-A3C\cie\models\proposed\cie_proposed_all_cie_proposed\cie_proposed_all_cie_proposed_2026_08_02_15_10_55_0000--s-3\itr_60.pkl,23,True,beam_search,
cie_core_nominal,dual_source_cluster_tool,8_to_32_wafers_nominal_processing,test,600.0,[],D:\git\git\RDMCT-A3C\cie\data\core\spbs\cie_core_n032_f016_m016_proc100.lp,spbs\cie_core_n032_f016_m016_proc100.lp,cie_core_n032_f016_m016_proc100.lp,proposed,2,3,stability_linear_off_trainseed_3,linear_off,True,quadratic,60.0,auto,2026-08-07T22:02:46,timelimit,timelimit,incumbent_timelimit_optimal,541.0957419999977,541.3654966999966,2,0.10566560000006575,0.01600170135498047,0.0,0.01299595832824707,0.0020036697387695312,2,0,44470.0,3.120297393612853,41410.91647765845,3308.9999865800664,140135.99995783405,10000.0,0.5119408205456317,363.0361500345148,2,True,D:\git\git\RDMCT-A3C\cie\results\stability\cie_stability_600s_mem2048_repro_v1\s2_t1to5\solutions\cie_core_nominal__cie_core_n032_f016_m016_proc100__proposed__solverseed_2__trainseed_3__stability_linear_off_trainseed_3.sol,,,,D:\git\git\RDMCT-A3C\cie\models\proposed\cie_proposed_all_cie_proposed\cie_proposed_all_cie_proposed_2026_08_02_15_10_55_0000--s-3\itr_60.pkl,23,True,beam_search,
cie_core_nominal,dual_source_cluster_tool,8_to_32_wafers_nominal_processing,test,600.0,[],D:\git\git\RDMCT-A3C\cie\data\core\spbs\cie_core_n032_f024_m008_proc100.lp,spbs\cie_core_n032_f024_m008_proc100.lp,cie_core_n032_f024_m008_proc100.lp,proposed,2,3,stability_linear_off_trainseed_3,linear_off,True,quadratic,60.0,auto,2026-08-07T22:11:47,timelimit,timelimit,incumbent_timelimit_optimal,542.9053069000001,543.2384554000018,2,0.027014699997380376,0.01100015640258789,0.00099945068359375,0.00500035285949707,0.0020012855529785156,2,0,42300.0,3.3006130668711657,42064.20765739943,4181.999987499999,114664.99996926883,10000.0,0.6844027974362543,521.9999991381887,2,True,D:\git\git\RDMCT-A3C\cie\results\stability\cie_stability_600s_mem2048_repro_v1\s2_t1to5\solutions\cie_core_nominal__cie_core_n032_f024_m008_proc100__proposed__solverseed_2__trainseed_3__stability_linear_off_trainseed_3.sol,,,,D:\git\git\RDMCT-A3C\cie\models\proposed\cie_proposed_all_cie_proposed\cie_proposed_all_cie_proposed_2026_08_02_15_10_55_0000--s-3\itr_60.pkl,23,True,beam_search,
cie_core_nominal,dual_source_cluster_tool,8_to_32_wafers_nominal_processing,test,600.0,[],D:\git\git\RDMCT-A3C\cie\data\core\pure41\cie_core_n008_f008_m000_proc100.lp,pure41\cie_core_n008_f008_m000_proc100.lp,cie_core_n008_f008_m000_proc100.lp,proposed,2,4,stability_linear_off_trainseed_4,linear_off,True,quadratic,60.0,auto,2026-08-07T22:20:53,optimal,optimal,optimal,0.4837799000015366,0.5094967999975779,1,0.39197019999846816,0.00599980354309082,0.0,0.38300251960754395,0.0010027885437011719,1,0,1.0,0.0,3.9344252909160313,609.9999940401,493.5112871400204,78.00634439168323,0.0,0.0,1,True,D:\git\git\RDMCT-A3C\cie\results\stability\cie_stability_600s_mem2048_repro_v1\s2_t1to5\solutions\cie_core_nominal__cie_core_n008_f008_m000_proc100__proposed__solverseed_2__trainseed_4__stability_linear_off_trainseed_4.sol,,,,D:\git\git\RDMCT-A3C\cie\models\proposed\cie_proposed_all_cie_proposed\cie_proposed_all_cie_proposed_2026_08_02_15_19_25_0000--s-4\itr_60.pkl,23,True,beam_search,
cie_core_nominal,dual_source_cluster_tool,8_to_32_wafers_nominal_processing,test,600.0,[],D:\git\git\RDMCT-A3C\cie\data\core\pure41\cie_core_n016_f016_m000_proc100.lp,pure41\cie_core_n016_f016_m000_proc100.lp,cie_core_n016_f016_m000_proc100.lp,proposed,2,4,stability_linear_off_trainseed_4,linear_off,True,quadratic,60.0,auto,2026-08-07T22:20:54,optimal,optimal,optimal,0.3977357999974629,0.4490955000001122,1,0.039509399997768924,0.0060002803802490234,0.0009996891021728516,0.029000282287597656,0.001997232437133789,1,0,1.0,0.0,0.0,943.9999999999983,10954.000001000002,10000.0,0.0,0.0,2,True,D:\git\git\RDMCT-A3C\cie\results\stability\cie_stability_600s_mem2048_repro_v1\s2_t1to5\solutions\cie_core_nominal__cie_core_n016_f016_m000_proc100__proposed__solverseed_2__trainseed_4__stability_linear_off_trainseed_4.sol,,,,D:\git\git\RDMCT-A3C\cie\models\proposed\cie_proposed_all_cie_proposed\cie_proposed_all_cie_proposed_2026_08_02_15_19_25_0000--s-4\itr_60.pkl,23,True,beam_search,
cie_core_nominal,dual_source_cluster_tool,8_to_32_wafers_nominal_processing,test,600.0,[],D:\git\git\RDMCT-A3C\cie\data\core\pure41\cie_core_n024_f024_m000_proc100.lp,pure41\cie_core_n024_f024_m000_proc100.lp,cie_core_n024_f024_m000_proc100.lp,proposed,2,4,stability_linear_off_trainseed_4,linear_off,True,quadratic,60.0,auto,2026-08-07T22:20:54,optimal,optimal,optimal,2.8028684000018984,2.929487200002768,1,0.10107879999850411,0.009999990463256836,0.0,0.045003414154052734,0.0010023117065429688,1,0,1.0,0.0,300.0,1267.99999154022,40684.63496985617,10000.0,0.012597943590885822,14.747975871550807,1,True,D:\git\git\RDMCT-A3C\cie\results\stability\cie_stability_600s_mem2048_repro_v1\s2_t1to5\solutions\cie_core_nominal__cie_core_n024_f024_m000_proc100__proposed__solverseed_2__trainseed_4__stability_linear_off_trainseed_4.sol,,,,D:\git\git\RDMCT-A3C\cie\models\proposed\cie_proposed_all_cie_proposed\cie_proposed_all_cie_proposed_2026_08_02_15_19_25_0000--s-4\itr_60.pkl,23,True,beam_search,
cie_core_nominal,dual_source_cluster_tool,8_to_32_wafers_nominal_processing,test,600.0,[],D:\git\git\RDMCT-A3C\cie\data\core\pure41\cie_core_n032_f032_m000_proc100.lp,pure41\cie_core_n032_f032_m000_proc100.lp,cie_core_n032_f032_m000_proc100.lp,proposed,2,4,stability_linear_off_trainseed_4,linear_off,True,quadratic,60.0,auto,2026-08-07T22:20:57,optimal,optimal,optimal,8.326707599997462,8.598712200000591,1,0.08181970000441652,0.010996818542480469,0.0,0.03200030326843262,0.0009992122650146484,1,0,1.0,0.0,800.0,1591.9999999989977,12050.00000500201,10000.0,0.0,0.0,2,True,D:\git\git\RDMCT-A3C\cie\results\stability\cie_stability_600s_mem2048_repro_v1\s2_t1to5\solutions\cie_core_nominal__cie_core_n032_f032_m000_proc100__proposed__solverseed_2__trainseed_4__stability_linear_off_trainseed_4.sol,,,,D:\git\git\RDMCT-A3C\cie\models\proposed\cie_proposed_all_cie_proposed\cie_proposed_all_cie_proposed_2026_08_02_15_19_25_0000--s-4\itr_60.pkl,23,True,beam_search,
cie_core_nominal,dual_source_cluster_tool,8_to_32_wafers_nominal_processing,test,600.0,[],D:\git\git\RDMCT-A3C\cie\data\core\spbs\cie_core_n008_f000_m008_proc100.lp,spbs\cie_core_n008_f000_m008_proc100.lp,cie_core_n008_f000_m008_proc100.lp,proposed,2,4,stability_linear_off_trainseed_4,linear_off,True,quadratic,60.0,auto,2026-08-07T22:21:06,optimal,optimal,optimal,1.2623960999990231,1.2872758000012254,1,0.043440499997814186,0.00599980354309082,0.0,0.033997297286987305,0.002004384994506836,1,0,908.0,0.0,92.69058649662122,768.0000000000014,60032.0,10000.0,3.8452378030648584e-10,2.0011793822050095e-07,2,True,D:\git\git\RDMCT-A3C\cie\results\stability\cie_stability_600s_mem2048_repro_v1\s2_t1to5\solutions\cie_core_nominal__cie_core_n008_f000_m008_proc100__proposed__solverseed_2__trainseed_4__stability_linear_off_trainseed_4.sol,,,,D:\git\git\RDMCT-A3C\cie\models\proposed\cie_proposed_all_cie_proposed\cie_proposed_all_cie_proposed_2026_08_02_15_19_25_0000--s-4\itr_60.pkl,23,True,beam_search,
cie_core_nominal,dual_source_cluster_tool,8_to_32_wafers_nominal_processing,test,600.0,[],D:\git\git\RDMCT-A3C\cie\data\core\spbs\cie_core_n008_f002_m006_proc100.lp,spbs\cie_core_n008_f002_m006_proc100.lp,cie_core_n008_f002_m006_proc100.lp,proposed,2,4,stability_linear_off_trainseed_4,linear_off,True,quadratic,60.0,auto,2026-08-07T22:21:07,optimal,optimal,optimal,3.7919478000039817,3.820278300001519,1,0.04091780000453582,0.004999876022338867,0.0009968280792236328,0.031003713607788086,0.0010030269622802734,1,0,1053.0,0.0,134.82370291718354,899.9999999999994,60326.0,10000.0,0.0,0.0,2,True,D:\git\git\RDMCT-A3C\cie\results\stability\cie_stability_600s_mem2048_repro_v1\s2_t1to5\solutions\cie_core_nominal__cie_core_n008_f002_m006_proc100__proposed__solverseed_2__trainseed_4__stability_linear_off_trainseed_4.sol,,,,D:\git\git\RDMCT-A3C\cie\models\proposed\cie_proposed_all_cie_proposed\cie_proposed_all_cie_proposed_2026_08_02_15_19_25_0000--s-4\itr_60.pkl,23,True,beam_search,
cie_core_nominal,dual_source_cluster_tool,8_to_32_wafers_nominal_processing,test,600.0,[],D:\git\git\RDMCT-A3C\cie\data\core\spbs\cie_core_n008_f004_m004_proc100.lp,spbs\cie_core_n008_f004_m004_proc100.lp,cie_core_n008_f004_m004_proc100.lp,proposed,2,4,stability_linear_off_trainseed_4,linear_off,True,quadratic,60.0,auto,2026-08-07T22:21:11,optimal,optimal,optimal,0.7360121000019717,0.75911709999491,1,0.0409598999976879,0.005001068115234375,0.000997304916381836,0.03200078010559082,0.002001047134399414,1,0,435.0,0.0,92.27181801465682,833.9999992610146,50245.99999525911,10000.0,3.35360726334145e-12,0.0,2,True,D:\git\git\RDMCT-A3C\cie\results\stability\cie_stability_600s_mem2048_repro_v1\s2_t1to5\solutions\cie_core_nominal__cie_core_n008_f004_m004_proc100__proposed__solverseed_2__trainseed_4__stability_linear_off_trainseed_4.sol,,,,D:\git\git\RDMCT-A3C\cie\models\proposed\cie_proposed_all_cie_proposed\cie_proposed_all_cie_proposed_2026_08_02_15_19_25_0000--s-4\itr_60.pkl,23,True,beam_search,
cie_core_nominal,dual_source_cluster_tool,8_to_32_wafers_nominal_processing,test,600.0,[],D:\git\git\RDMCT-A3C\cie\data\core\spbs\cie_core_n008_f006_m002_proc100.lp,spbs\cie_core_n008_f006_m002_proc100.lp,cie_core_n008_f006_m002_proc100.lp,proposed,2,4,stability_linear_off_trainseed_4,linear_off,True,quadratic,60.0,auto,2026-08-07T22:21:12,optimal,optimal,optimal,1.0926818999942043,1.1194948000047589,1,0.04186449999542674,0.00599980354309082,0.0010006427764892578,0.031999826431274414,0.002000093460083008,1,0,2236.0,0.0,3.1175059952047093,833.9999999989996,10270.000001,10000.0,0.0,0.0,2,True,D:\git\git\RDMCT-A3C\cie\results\stability\cie_stability_600s_mem2048_repro_v1\s2_t1to5\solutions\cie_core_nominal__cie_core_n008_f006_m002_proc100__proposed__solverseed_2__trainseed_4__stability_linear_off_trainseed_4.sol,,,,D:\git\git\RDMCT-A3C\cie\models\proposed\cie_proposed_all_cie_proposed\cie_proposed_all_cie_proposed_2026_08_02_15_19_25_0000--s-4\itr_60.pkl,23,True,beam_search,
cie_core_nominal,dual_source_cluster_tool,8_to_32_wafers_nominal_processing,test,600.0,[],D:\git\git\RDMCT-A3C\cie\data\core\spbs\cie_core_n016_f000_m016_proc100.lp,spbs\cie_core_n016_f000_m016_proc100.lp,cie_core_n016_f000_m016_proc100.lp,proposed,2,4,stability_linear_off_trainseed_4,linear_off,True,quadratic,60.0,auto,2026-08-07T22:21:13,optimal,optimal,optimal,29.91052579999814,29.959399999999732,1,0.12866529999882914,0.050998687744140625,0.0010035037994384766,0.037998199462890625,0.0020051002502441406,1,0,10625.0,0.0,2675.8731949595476,1136.0,100214.0,10000.0,0.0,0.0,3,True,D:\git\git\RDMCT-A3C\cie\results\stability\cie_stability_600s_mem2048_repro_v1\s2_t1to5\solutions\cie_core_nominal__cie_core_n016_f000_m016_proc100__proposed__solverseed_2__trainseed_4__stability_linear_off_trainseed_4.sol,,,,D:\git\git\RDMCT-A3C\cie\models\proposed\cie_proposed_all_cie_proposed\cie_proposed_all_cie_proposed_2026_08_02_15_19_25_0000--s-4\itr_60.pkl,23,True,beam_search,
cie_core_nominal,dual_source_cluster_tool,8_to_32_wafers_nominal_processing,test,600.0,[],D:\git\git\RDMCT-A3C\cie\data\core\spbs\cie_core_n016_f004_m012_proc100.lp,spbs\cie_core_n016_f004_m012_proc100.lp,cie_core_n016_f004_m012_proc100.lp,proposed,2,4,stability_linear_off_trainseed_4,linear_off,True,quadratic,60.0,auto,2026-08-07T22:21:43,optimal,optimal,optimal,52.70189060000121,52.783241799996176,1,0.07990830000198912,0.0060007572174072266,0.000997304916381836,0.034002065658569336,0.0009975433349609375,1,0,75746.0,0.0,1524.7621869486557,1201.9999999999968,41034.00000020001,10000.0,3.1381894905403463e-10,3.000400283781346e-07,2,True,D:\git\git\RDMCT-A3C\cie\results\stability\cie_stability_600s_mem2048_repro_v1\s2_t1to5\solutions\cie_core_nominal__cie_core_n016_f004_m012_proc100__proposed__solverseed_2__trainseed_4__stability_linear_off_trainseed_4.sol,,,,D:\git\git\RDMCT-A3C\cie\models\proposed\cie_proposed_all_cie_proposed\cie_proposed_all_cie_proposed_2026_08_02_15_19_25_0000--s-4\itr_60.pkl,23,True,beam_search,
cie_core_nominal,dual_source_cluster_tool,8_to_32_wafers_nominal_processing,test,600.0,[],D:\git\git\RDMCT-A3C\cie\data\core\spbs\cie_core_n016_f008_m008_proc100.lp,spbs\cie_core_n016_f008_m008_proc100.lp,cie_core_n016_f008_m008_proc100.lp,proposed,2,4,stability_linear_off_trainseed_4,linear_off,True,quadratic,60.0,auto,2026-08-07T22:22:35,optimal,optimal,optimal,26.041151700002956,26.128567300002032,1,0.04614639999635983,0.007997751235961914,0.0020024776458740234,0.03200078010559082,0.002000093460083008,1,0,32129.0,0.0,266.43450876248477,1169.9999999999993,30883.000004,10000.0,0.09350402817209878,42.0,2,True,D:\git\git\RDMCT-A3C\cie\results\stability\cie_stability_600s_mem2048_repro_v1\s2_t1to5\solutions\cie_core_nominal__cie_core_n016_f008_m008_proc100__proposed__solverseed_2__trainseed_4__stability_linear_off_trainseed_4.sol,,,,D:\git\git\RDMCT-A3C\cie\models\proposed\cie_proposed_all_cie_proposed\cie_proposed_all_cie_proposed_2026_08_02_15_19_25_0000--s-4\itr_60.pkl,23,True,beam_search,
cie_core_nominal,dual_source_cluster_tool,8_to_32_wafers_nominal_processing,test,600.0,[],D:\git\git\RDMCT-A3C\cie\data\core\spbs\cie_core_n016_f012_m004_proc100.lp,spbs\cie_core_n016_f012_m004_proc100.lp,cie_core_n016_f012_m004_proc100.lp,proposed,2,4,stability_linear_off_trainseed_4,linear_off,True,quadratic,60.0,auto,2026-08-07T22:23:02,optimal,optimal,optimal,152.9932653000069,153.06203449999884,1,0.14166099999420112,0.00800013542175293,0.0009999275207519531,0.057000160217285156,0.0020020008087158203,1,0,238509.0,0.0,2381.217894736489,1158.0000000000002,60933.999999799984,10000.0,0.28611257027875986,0.0,2,True,D:\git\git\RDMCT-A3C\cie\results\stability\cie_stability_600s_mem2048_repro_v1\s2_t1to5\solutions\cie_core_nominal__cie_core_n016_f012_m004_proc100__proposed__solverseed_2__trainseed_4__stability_linear_off_trainseed_4.sol,,,,D:\git\git\RDMCT-A3C\cie\models\proposed\cie_proposed_all_cie_proposed\cie_proposed_all_cie_proposed_2026_08_02_15_19_25_0000--s-4\itr_60.pkl,23,True,beam_search,
cie_core_nominal,dual_source_cluster_tool,8_to_32_wafers_nominal_processing,test,600.0,[],D:\git\git\RDMCT-A3C\cie\data\core\spbs\cie_core_n024_f000_m024_proc100.lp,spbs\cie_core_n024_f000_m024_proc100.lp,cie_core_n024_f000_m024_proc100.lp,proposed,2,4,stability_linear_off_trainseed_4,linear_off,True,quadratic,60.0,auto,2026-08-07T22:25:35,timelimit,timelimit,incumbent_timelimit_optimal,541.0447633999938,541.2657588000002,2,0.0771756999893114,0.007997274398803711,0.0,0.028999805450439453,0.0019998550415039062,2,0,125537.0,3.7414255186371914,42679.31696885053,4295.999990929807,160127.99999416,10000.0,2.280163527515178e-09,3.5600008345682e-06,2,True,D:\git\git\RDMCT-A3C\cie\results\stability\cie_stability_600s_mem2048_repro_v1\s2_t1to5\solutions\cie_core_nominal__cie_core_n024_f000_m024_proc100__proposed__solverseed_2__trainseed_4__stability_linear_off_trainseed_4.sol,,,,D:\git\git\RDMCT-A3C\cie\models\proposed\cie_proposed_all_cie_proposed\cie_proposed_all_cie_proposed_2026_08_02_15_19_25_0000--s-4\itr_60.pkl,23,True,beam_search,
cie_core_nominal,dual_source_cluster_tool,8_to_32_wafers_nominal_processing,test,600.0,[],D:\git\git\RDMCT-A3C\cie\data\core\spbs\cie_core_n024_f006_m018_proc100.lp,spbs\cie_core_n024_f006_m018_proc100.lp,cie_core_n024_f006_m018_proc100.lp,proposed,2,4,stability_linear_off_trainseed_4,linear_off,True,quadratic,60.0,auto,2026-08-07T22:34:36,timelimit,timelimit,incumbent_timelimit_optimal,541.1637324000039,541.3603688000003,2,0.11724069999763742,0.009998321533203125,0.0010030269622802734,0.03199577331542969,0.0020029544830322266,2,0,83448.0,3.6526544019911507,42503.16575473883,3859.999989159812,136591.99998497806,10000.0,0.21465741790027248,2.667800572453416e-06,2,True,D:\git\git\RDMCT-A3C\cie\results\stability\cie_stability_600s_mem2048_repro_v1\s2_t1to5\solutions\cie_core_nominal__cie_core_n024_f006_m018_proc100__proposed__solverseed_2__trainseed_4__stability_linear_off_trainseed_4.sol,,,,D:\git\git\RDMCT-A3C\cie\models\proposed\cie_proposed_all_cie_proposed\cie_proposed_all_cie_proposed_2026_08_02_15_19_25_0000--s-4\itr_60.pkl,23,True,beam_search,
cie_core_nominal,dual_source_cluster_tool,8_to_32_wafers_nominal_processing,test,600.0,[],D:\git\git\RDMCT-A3C\cie\data\core\spbs\cie_core_n024_f012_m012_proc100.lp,spbs\cie_core_n024_f012_m012_proc100.lp,cie_core_n024_f012_m012_proc100.lp,proposed,2,4,stability_linear_off_trainseed_4,linear_off,True,quadratic,60.0,auto,2026-08-07T22:43:37,timelimit,timelimit,incumbent_timelimit_optimal,540.2745586000019,540.4479711999957,2,0.1156319999936386,0.009001493453979492,0.00099945068359375,0.03299999237060547,0.0010001659393310547,2,0,100090.0,3.7536161611663657,42710.56472935414,2395.9999908200016,112227.99996640898,10000.0,0.24014605301421085,1.780819843588688e-06,2,True,D:\git\git\RDMCT-A3C\cie\results\stability\cie_stability_600s_mem2048_repro_v1\s2_t1to5\solutions\cie_core_nominal__cie_core_n024_f012_m012_proc100__proposed__solverseed_2__trainseed_4__stability_linear_off_trainseed_4.sol,,,,D:\git\git\RDMCT-A3C\cie\models\proposed\cie_proposed_all_cie_proposed\cie_proposed_all_cie_proposed_2026_08_02_15_19_25_0000--s-4\itr_60.pkl,23,True,beam_search,
cie_core_nominal,dual_source_cluster_tool,8_to_32_wafers_nominal_processing,test,600.0,[],D:\git\git\RDMCT-A3C\cie\data\core\spbs\cie_core_n024_f018_m006_proc100.lp,spbs\cie_core_n024_f018_m006_proc100.lp,cie_core_n024_f018_m006_proc100.lp,proposed,2,4,stability_linear_off_trainseed_4,linear_off,True,quadratic,60.0,auto,2026-08-07T22:52:38,timelimit,timelimit,incumbent_timelimit_optimal,541.0380451999954,541.281582399999,2,0.08976490000350168,0.00899505615234375,0.002003908157348633,0.03199958801269531,0.0019989013671875,2,0,74147.0,3.7152461652466138,42653.940853030785,2839.9999877500363,91711.99998063188,9074.0,0.4571371264054594,68.00000041545411,2,True,D:\git\git\RDMCT-A3C\cie\results\stability\cie_stability_600s_mem2048_repro_v1\s2_t1to5\solutions\cie_core_nominal__cie_core_n024_f018_m006_proc100__proposed__solverseed_2__trainseed_4__stability_linear_off_trainseed_4.sol,,,,D:\git\git\RDMCT-A3C\cie\models\proposed\cie_proposed_all_cie_proposed\cie_proposed_all_cie_proposed_2026_08_02_15_19_25_0000--s-4\itr_60.pkl,23,True,beam_search,
cie_core_nominal,dual_source_cluster_tool,8_to_32_wafers_nominal_processing,test,600.0,[],D:\git\git\RDMCT-A3C\cie\data\core\spbs\cie_core_n032_f000_m032_proc100.lp,spbs\cie_core_n032_f000_m032_proc100.lp,cie_core_n032_f000_m032_proc100.lp,proposed,2,4,stability_linear_off_trainseed_4,linear_off,True,quadratic,60.0,auto,2026-08-07T23:01:39,timelimit,timelimit,incumbent_timelimit_optimal,539.6839174999986,539.9071934999956,2,0.08597800000279676,0.011996984481811523,0.0,0.03200268745422363,0.0009992122650146484,2,0,52332.0,3.069272038893189,40973.19723552407,3333.9999921900026,202495.9999827282,10000.0,0.16888497883271555,200.5155248446016,2,True,D:\git\git\RDMCT-A3C\cie\results\stability\cie_stability_600s_mem2048_repro_v1\s2_t1to5\solutions\cie_core_nominal__cie_core_n032_f000_m032_proc100__proposed__solverseed_2__trainseed_4__stability_linear_off_trainseed_4.sol,,,,D:\git\git\RDMCT-A3C\cie\models\proposed\cie_proposed_all_cie_proposed\cie_proposed_all_cie_proposed_2026_08_02_15_19_25_0000--s-4\itr_60.pkl,23,True,beam_search,
cie_core_nominal,dual_source_cluster_tool,8_to_32_wafers_nominal_processing,test,600.0,[],D:\git\git\RDMCT-A3C\cie\data\core\spbs\cie_core_n032_f008_m024_proc100.lp,spbs\cie_core_n032_f008_m024_proc100.lp,cie_core_n032_f008_m024_proc100.lp,proposed,2,4,stability_linear_off_trainseed_4,linear_off,True,quadratic,60.0,auto,2026-08-07T23:10:39,timelimit,timelimit,incumbent_timelimit_optimal,539.8849690999923,540.1344912999994,2,0.16119590000016615,0.011999845504760742,0.0,0.030998945236206055,0.0009982585906982422,2,0,59238.0,3.0629825921561054,41083.1370820655,4654.999988210019,151845.99995970583,10000.0,2.2801634182914903e-09,3.5600013461589697e-06,2,True,D:\git\git\RDMCT-A3C\cie\results\stability\cie_stability_600s_mem2048_repro_v1\s2_t1to5\solutions\cie_core_nominal__cie_core_n032_f008_m024_proc100__proposed__solverseed_2__trainseed_4__stability_linear_off_trainseed_4.sol,,,,D:\git\git\RDMCT-A3C\cie\models\proposed\cie_proposed_all_cie_proposed\cie_proposed_all_cie_proposed_2026_08_02_15_19_25_0000--s-4\itr_60.pkl,23,True,beam_search,
cie_core_nominal,dual_source_cluster_tool,8_to_32_wafers_nominal_processing,test,600.0,[],D:\git\git\RDMCT-A3C\cie\data\core\spbs\cie_core_n032_f016_m016_proc100.lp,spbs\cie_core_n032_f016_m016_proc100.lp,cie_core_n032_f016_m016_proc100.lp,proposed,2,4,stability_linear_off_trainseed_4,linear_off,True,quadratic,60.0,auto,2026-08-07T23:19:39,timelimit,timelimit,incumbent_timelimit_optimal,541.1018983000031,541.3436686999994,2,0.11330119999911403,0.015000104904174805,0.005005836486816406,0.047995567321777344,0.0020017623901367188,2,0,50351.0,3.246768557552498,41619.09529067794,3308.9999865800664,140135.99995783405,10000.0,0.5119408205456317,363.0361500345148,2,True,D:\git\git\RDMCT-A3C\cie\results\stability\cie_stability_600s_mem2048_repro_v1\s2_t1to5\solutions\cie_core_nominal__cie_core_n032_f016_m016_proc100__proposed__solverseed_2__trainseed_4__stability_linear_off_trainseed_4.sol,,,,D:\git\git\RDMCT-A3C\cie\models\proposed\cie_proposed_all_cie_proposed\cie_proposed_all_cie_proposed_2026_08_02_15_19_25_0000--s-4\itr_60.pkl,23,True,beam_search,
cie_core_nominal,dual_source_cluster_tool,8_to_32_wafers_nominal_processing,test,600.0,[],D:\git\git\RDMCT-A3C\cie\data\core\spbs\cie_core_n032_f024_m008_proc100.lp,spbs\cie_core_n032_f024_m008_proc100.lp,cie_core_n032_f024_m008_proc100.lp,proposed,2,4,stability_linear_off_trainseed_4,linear_off,True,quadratic,60.0,auto,2026-08-07T23:28:40,timelimit,timelimit,incumbent_timelimit_optimal,542.851613100007,543.2002140999975,2,0.0922083999903407,0.014001131057739258,0.0009996891021728516,0.03300189971923828,0.0010004043579101562,2,0,49662.0,3.423642805427009,42231.33390099283,4181.999987499999,114664.99996926883,10000.0,0.6844027974362543,521.9999991381887,2,True,D:\git\git\RDMCT-A3C\cie\results\stability\cie_stability_600s_mem2048_repro_v1\s2_t1to5\solutions\cie_core_nominal__cie_core_n032_f024_m008_proc100__proposed__solverseed_2__trainseed_4__stability_linear_off_trainseed_4.sol,,,,D:\git\git\RDMCT-A3C\cie\models\proposed\cie_proposed_all_cie_proposed\cie_proposed_all_cie_proposed_2026_08_02_15_19_25_0000--s-4\itr_60.pkl,23,True,beam_search,
cie_core_nominal,dual_source_cluster_tool,8_to_32_wafers_nominal_processing,test,600.0,[],D:\git\git\RDMCT-A3C\cie\data\core\pure41\cie_core_n008_f008_m000_proc100.lp,pure41\cie_core_n008_f008_m000_proc100.lp,cie_core_n008_f008_m000_proc100.lp,proposed,2,5,stability_linear_off_trainseed_5,linear_off,True,quadratic,60.0,auto,2026-08-07T23:37:46,optimal,optimal,optimal,0.4565132999996422,0.47653770000033546,1,0.3692914999992354,0.005997896194458008,0.0,0.36100292205810547,0.0019998550415039062,1,0,1.0,0.0,0.0,609.9999940401,493.5112871400204,78.00634439168323,0.0,0.0,1,True,D:\git\git\RDMCT-A3C\cie\results\stability\cie_stability_600s_mem2048_repro_v1\s2_t1to5\solutions\cie_core_nominal__cie_core_n008_f008_m000_proc100__proposed__solverseed_2__trainseed_5__stability_linear_off_trainseed_5.sol,,,,D:\git\git\RDMCT-A3C\cie\models\proposed\cie_proposed_all_cie_proposed\cie_proposed_all_cie_proposed_2026_08_02_15_28_19_0000--s-5\itr_60.pkl,23,True,beam_search,
cie_core_nominal,dual_source_cluster_tool,8_to_32_wafers_nominal_processing,test,600.0,[],D:\git\git\RDMCT-A3C\cie\data\core\pure41\cie_core_n016_f016_m000_proc100.lp,pure41\cie_core_n016_f016_m000_proc100.lp,cie_core_n016_f016_m000_proc100.lp,proposed,2,5,stability_linear_off_trainseed_5,linear_off,True,quadratic,60.0,auto,2026-08-07T23:37:46,optimal,optimal,optimal,0.3705530000006547,0.4239190000007511,1,0.014057599997613579,0.00599980354309082,0.0,0.004999876022338867,0.0020003318786621094,1,0,1.0,0.0,100.0,943.9999999999983,10954.000001000002,10000.0,0.0,0.0,2,True,D:\git\git\RDMCT-A3C\cie\results\stability\cie_stability_600s_mem2048_repro_v1\s2_t1to5\solutions\cie_core_nominal__cie_core_n016_f016_m000_proc100__proposed__solverseed_2__trainseed_5__stability_linear_off_trainseed_5.sol,,,,D:\git\git\RDMCT-A3C\cie\models\proposed\cie_proposed_all_cie_proposed\cie_proposed_all_cie_proposed_2026_08_02_15_28_19_0000--s-5\itr_60.pkl,23,True,beam_search,
cie_core_nominal,dual_source_cluster_tool,8_to_32_wafers_nominal_processing,test,600.0,[],D:\git\git\RDMCT-A3C\cie\data\core\pure41\cie_core_n024_f024_m000_proc100.lp,pure41\cie_core_n024_f024_m000_proc100.lp,cie_core_n024_f024_m000_proc100.lp,proposed,2,5,stability_linear_off_trainseed_5,linear_off,True,quadratic,60.0,auto,2026-08-07T23:37:47,optimal,optimal,optimal,2.7950465000030817,2.9179173999946215,1,0.05735920000006445,0.009996175765991211,0.0010037422180175781,0.007999658584594727,0.0019998550415039062,1,0,1.0,0.0,227.49419909016865,1267.9999921202102,40685.13112921767,10000.0,0.012598129179990255,14.74897080122878,1,True,D:\git\git\RDMCT-A3C\cie\results\stability\cie_stability_600s_mem2048_repro_v1\s2_t1to5\solutions\cie_core_nominal__cie_core_n024_f024_m000_proc100__proposed__solverseed_2__trainseed_5__stability_linear_off_trainseed_5.sol,,,,D:\git\git\RDMCT-A3C\cie\models\proposed\cie_proposed_all_cie_proposed\cie_proposed_all_cie_proposed_2026_08_02_15_28_19_0000--s-5\itr_60.pkl,23,True,beam_search,
cie_core_nominal,dual_source_cluster_tool,8_to_32_wafers_nominal_processing,test,600.0,[],D:\git\git\RDMCT-A3C\cie\data\core\pure41\cie_core_n032_f032_m000_proc100.lp,pure41\cie_core_n032_f032_m000_proc100.lp,cie_core_n032_f032_m000_proc100.lp,proposed,2,5,stability_linear_off_trainseed_5,linear_off,True,quadratic,60.0,auto,2026-08-07T23:37:50,optimal,optimal,optimal,8.461370799996075,8.718604199995752,1,0.028335499999229796,0.011003494262695312,0.0,0.004999637603759766,0.0020003318786621094,1,0,1.0,0.0,732.6611129397346,1591.9999999999984,12050.000005000009,10000.0,0.0,0.0,2,True,D:\git\git\RDMCT-A3C\cie\results\stability\cie_stability_600s_mem2048_repro_v1\s2_t1to5\solutions\cie_core_nominal__cie_core_n032_f032_m000_proc100__proposed__solverseed_2__trainseed_5__stability_linear_off_trainseed_5.sol,,,,D:\git\git\RDMCT-A3C\cie\models\proposed\cie_proposed_all_cie_proposed\cie_proposed_all_cie_proposed_2026_08_02_15_28_19_0000--s-5\itr_60.pkl,23,True,beam_search,
cie_core_nominal,dual_source_cluster_tool,8_to_32_wafers_nominal_processing,test,600.0,[],D:\git\git\RDMCT-A3C\cie\data\core\spbs\cie_core_n008_f000_m008_proc100.lp,spbs\cie_core_n008_f000_m008_proc100.lp,cie_core_n008_f000_m008_proc100.lp,proposed,2,5,stability_linear_off_trainseed_5,linear_off,True,quadratic,60.0,auto,2026-08-07T23:37:58,optimal,optimal,optimal,1.1565864000003785,1.1848570000001928,1,0.018732399999862537,0.005997419357299805,0.0,0.010002851486206055,0.0020003318786621094,1,0,895.0,0.0,192.69058649662122,768.0,60032.0,10000.0,0.0,0.0,3,True,D:\git\git\RDMCT-A3C\cie\results\stability\cie_stability_600s_mem2048_repro_v1\s2_t1to5\solutions\cie_core_nominal__cie_core_n008_f000_m008_proc100__proposed__solverseed_2__trainseed_5__stability_linear_off_trainseed_5.sol,,,,D:\git\git\RDMCT-A3C\cie\models\proposed\cie_proposed_all_cie_proposed\cie_proposed_all_cie_proposed_2026_08_02_15_28_19_0000--s-5\itr_60.pkl,23,True,beam_search,
cie_core_nominal,dual_source_cluster_tool,8_to_32_wafers_nominal_processing,test,600.0,[],D:\git\git\RDMCT-A3C\cie\data\core\spbs\cie_core_n008_f002_m006_proc100.lp,spbs\cie_core_n008_f002_m006_proc100.lp,cie_core_n008_f002_m006_proc100.lp,proposed,2,5,stability_linear_off_trainseed_5,linear_off,True,quadratic,60.0,auto,2026-08-07T23:38:00,optimal,optimal,optimal,2.589545700000599,2.646976600000926,1,0.015104699996300042,0.0059986114501953125,0.0009958744049072266,0.005003452301025391,0.0019998550415039062,1,0,779.0,0.0,37.93993049412859,899.9999999999997,60326.0,10000.0,0.0,0.0,2,True,D:\git\git\RDMCT-A3C\cie\results\stability\cie_stability_600s_mem2048_repro_v1\s2_t1to5\solutions\cie_core_nominal__cie_core_n008_f002_m006_proc100__proposed__solverseed_2__trainseed_5__stability_linear_off_trainseed_5.sol,,,,D:\git\git\RDMCT-A3C\cie\models\proposed\cie_proposed_all_cie_proposed\cie_proposed_all_cie_proposed_2026_08_02_15_28_19_0000--s-5\itr_60.pkl,23,True,beam_search,
cie_core_nominal,dual_source_cluster_tool,8_to_32_wafers_nominal_processing,test,600.0,[],D:\git\git\RDMCT-A3C\cie\data\core\spbs\cie_core_n008_f004_m004_proc100.lp,spbs\cie_core_n008_f004_m004_proc100.lp,cie_core_n008_f004_m004_proc100.lp,proposed,2,5,stability_linear_off_trainseed_5,linear_off,True,quadratic,60.0,auto,2026-08-07T23:38:02,optimal,optimal,optimal,0.7095983999970485,0.766467699999339,1,0.017053199997462798,0.0060002803802490234,0.0030057430267333984,0.004994869232177734,0.0019989013671875,1,0,230.0,0.0,92.30988787665359,833.9999999999993,50246.0,10000.0,0.0,0.0,2,True,D:\git\git\RDMCT-A3C\cie\results\stability\cie_stability_600s_mem2048_repro_v1\s2_t1to5\solutions\cie_core_nominal__cie_core_n008_f004_m004_proc100__proposed__solverseed_2__trainseed_5__stability_linear_off_trainseed_5.sol,,,,D:\git\git\RDMCT-A3C\cie\models\proposed\cie_proposed_all_cie_proposed\cie_proposed_all_cie_proposed_2026_08_02_15_28_19_0000--s-5\itr_60.pkl,23,True,beam_search,
cie_core_nominal,dual_source_cluster_tool,8_to_32_wafers_nominal_processing,test,600.0,[],D:\git\git\RDMCT-A3C\cie\data\core\spbs\cie_core_n008_f006_m002_proc100.lp,spbs\cie_core_n008_f006_m002_proc100.lp,cie_core_n008_f006_m002_proc100.lp,proposed,2,5,stability_linear_off_trainseed_5,linear_off,True,quadratic,60.0,auto,2026-08-07T23:38:03,optimal,optimal,optimal,1.84578760000295,1.9126723000008496,1,0.0190392999938922,0.0059967041015625,0.0,0.010003328323364258,0.0019998550415039062,1,0,642.0,0.0,25.848843849385567,834.0000000000009,10269.999999899992,10000.0,0.0,0.0,2,True,D:\git\git\RDMCT-A3C\cie\results\stability\cie_stability_600s_mem2048_repro_v1\s2_t1to5\solutions\cie_core_nominal__cie_core_n008_f006_m002_proc100__proposed__solverseed_2__trainseed_5__stability_linear_off_trainseed_5.sol,,,,D:\git\git\RDMCT-A3C\cie\models\proposed\cie_proposed_all_cie_proposed\cie_proposed_all_cie_proposed_2026_08_02_15_28_19_0000--s-5\itr_60.pkl,23,True,beam_search,
cie_core_nominal,dual_source_cluster_tool,8_to_32_wafers_nominal_processing,test,600.0,[],D:\git\git\RDMCT-A3C\cie\data\core\spbs\cie_core_n016_f000_m016_proc100.lp,spbs\cie_core_n016_f000_m016_proc100.lp,cie_core_n016_f000_m016_proc100.lp,proposed,2,5,stability_linear_off_trainseed_5,linear_off,True,quadratic,60.0,auto,2026-08-07T23:38:05,optimal,optimal,optimal,31.4040657000005,31.451816200002213,1,0.060456799998064525,0.04799914360046387,0.0,0.009000301361083984,0.0009996891021728516,1,0,18479.0,0.0,2765.0613541524667,1136.0000000000005,100213.999999,10000.0,1.7973851938824698e-09,1.99999976757681e-06,3,True,D:\git\git\RDMCT-A3C\cie\results\stability\cie_stability_600s_mem2048_repro_v1\s2_t1to5\solutions\cie_core_nominal__cie_core_n016_f000_m016_proc100__proposed__solverseed_2__trainseed_5__stability_linear_off_trainseed_5.sol,,,,D:\git\git\RDMCT-A3C\cie\models\proposed\cie_proposed_all_cie_proposed\cie_proposed_all_cie_proposed_2026_08_02_15_28_19_0000--s-5\itr_60.pkl,23,True,beam_search,
cie_core_nominal,dual_source_cluster_tool,8_to_32_wafers_nominal_processing,test,600.0,[],D:\git\git\RDMCT-A3C\cie\data\core\spbs\cie_core_n016_f004_m012_proc100.lp,spbs\cie_core_n016_f004_m012_proc100.lp,cie_core_n016_f004_m012_proc100.lp,proposed,2,5,stability_linear_off_trainseed_5,linear_off,True,quadratic,60.0,auto,2026-08-07T23:38:36,optimal,optimal,optimal,22.47075469999254,22.55046360000415,1,0.04969780000101309,0.006000041961669922,0.0010030269622802734,0.00499725341796875,0.0019996166229248047,1,0,9227.0,0.0,1971.6233386986432,1201.999999999999,40826.000004,10000.0,0.014088637121960871,7.0,2,True,D:\git\git\RDMCT-A3C\cie\results\stability\cie_stability_600s_mem2048_repro_v1\s2_t1to5\solutions\cie_core_nominal__cie_core_n016_f004_m012_proc100__proposed__solverseed_2__trainseed_5__stability_linear_off_trainseed_5.sol,,,,D:\git\git\RDMCT-A3C\cie\models\proposed\cie_proposed_all_cie_proposed\cie_proposed_all_cie_proposed_2026_08_02_15_28_19_0000--s-5\itr_60.pkl,23,True,beam_search,
cie_core_nominal,dual_source_cluster_tool,8_to_32_wafers_nominal_processing,test,600.0,[],D:\git\git\RDMCT-A3C\cie\data\core\spbs\cie_core_n016_f008_m008_proc100.lp,spbs\cie_core_n016_f008_m008_proc100.lp,cie_core_n016_f008_m008_proc100.lp,proposed,2,5,stability_linear_off_trainseed_5,linear_off,True,quadratic,60.0,auto,2026-08-07T23:38:59,optimal,optimal,optimal,81.69764310000028,81.78473600000143,1,0.017956799994863104,0.007999420166015625,0.0,0.00499725341796875,0.0009961128234863281,1,0,158163.0,0.0,560.6459181950283,1170.0000000000002,30953.000004,10000.0,0.09350402817209878,42.0,2,True,D:\git\git\RDMCT-A3C\cie\results\stability\cie_stability_600s_mem2048_repro_v1\s2_t1to5\solutions\cie_core_nominal__cie_core_n016_f008_m008_proc100__proposed__solverseed_2__trainseed_5__stability_linear_off_trainseed_5.sol,,,,D:\git\git\RDMCT-A3C\cie\models\proposed\cie_proposed_all_cie_proposed\cie_proposed_all_cie_proposed_2026_08_02_15_28_19_0000--s-5\itr_60.pkl,23,True,beam_search,
cie_core_nominal,dual_source_cluster_tool,8_to_32_wafers_nominal_processing,test,600.0,[],D:\git\git\RDMCT-A3C\cie\data\core\spbs\cie_core_n016_f012_m004_proc100.lp,spbs\cie_core_n016_f012_m004_proc100.lp,cie_core_n016_f012_m004_proc100.lp,proposed,2,5,stability_linear_off_trainseed_5,linear_off,True,quadratic,60.0,auto,2026-08-07T23:40:21,optimal,optimal,optimal,6.417906199996651,6.484772800002247,1,0.025998999997682404,0.00800323486328125,0.0009996891021728516,0.006997585296630859,0.001999378204345703,1,0,2821.0,0.0,251.77332516942792,1158.0000000000052,50944.0,10000.0,0.28611257185758754,0.0,2,True,D:\git\git\RDMCT-A3C\cie\results\stability\cie_stability_600s_mem2048_repro_v1\s2_t1to5\solutions\cie_core_nominal__cie_core_n016_f012_m004_proc100__proposed__solverseed_2__trainseed_5__stability_linear_off_trainseed_5.sol,,,,D:\git\git\RDMCT-A3C\cie\models\proposed\cie_proposed_all_cie_proposed\cie_proposed_all_cie_proposed_2026_08_02_15_28_19_0000--s-5\itr_60.pkl,23,True,beam_search,
cie_core_nominal,dual_source_cluster_tool,8_to_32_wafers_nominal_processing,test,600.0,[],D:\git\git\RDMCT-A3C\cie\data\core\spbs\cie_core_n024_f000_m024_proc100.lp,spbs\cie_core_n024_f000_m024_proc100.lp,cie_core_n024_f000_m024_proc100.lp,proposed,2,5,stability_linear_off_trainseed_5,linear_off,True,quadratic,60.0,auto,2026-08-07T23:40:27,timelimit,timelimit,incumbent_timelimit_optimal,540.4644363000043,540.6802931999991,2,0.05465649999678135,0.007999897003173828,0.0,0.006001472473144531,0.0019996166229248047,2,0,114923.0,3.7457086491869993,42685.44666525164,4295.999990929807,160127.99999416,10000.0,2.280163527515178e-09,3.5600008345682e-06,2,True,D:\git\git\RDMCT-A3C\cie\results\stability\cie_stability_600s_mem2048_repro_v1\s2_t1to5\solutions\cie_core_nominal__cie_core_n024_f000_m024_proc100__proposed__solverseed_2__trainseed_5__stability_linear_off_trainseed_5.sol,,,,D:\git\git\RDMCT-A3C\cie\models\proposed\cie_proposed_all_cie_proposed\cie_proposed_all_cie_proposed_2026_08_02_15_28_19_0000--s-5\itr_60.pkl,23,True,beam_search,
cie_core_nominal,dual_source_cluster_tool,8_to_32_wafers_nominal_processing,test,600.0,[],D:\git\git\RDMCT-A3C\cie\data\core\spbs\cie_core_n024_f006_m018_proc100.lp,spbs\cie_core_n024_f006_m018_proc100.lp,cie_core_n024_f006_m018_proc100.lp,proposed,2,5,stability_linear_off_trainseed_5,linear_off,True,quadratic,60.0,auto,2026-08-07T23:49:28,timelimit,timelimit,incumbent_timelimit_optimal,541.1631702000013,541.3539791000003,2,0.09072870000090916,0.010997533798217773,0.0,0.005002498626708984,0.0020003318786621094,2,0,93846.0,3.6609037892287235,42517.39305050297,3859.999989159812,136591.99998497806,10000.0,0.21465741790027248,2.667800572453416e-06,2,True,D:\git\git\RDMCT-A3C\cie\results\stability\cie_stability_600s_mem2048_repro_v1\s2_t1to5\solutions\cie_core_nominal__cie_core_n024_f006_m018_proc100__proposed__solverseed_2__trainseed_5__stability_linear_off_trainseed_5.sol,,,,D:\git\git\RDMCT-A3C\cie\models\proposed\cie_proposed_all_cie_proposed\cie_proposed_all_cie_proposed_2026_08_02_15_28_19_0000--s-5\itr_60.pkl,23,True,beam_search,
cie_core_nominal,dual_source_cluster_tool,8_to_32_wafers_nominal_processing,test,600.0,[],D:\git\git\RDMCT-A3C\cie\data\core\spbs\cie_core_n024_f012_m012_proc100.lp,spbs\cie_core_n024_f012_m012_proc100.lp,cie_core_n024_f012_m012_proc100.lp,proposed,2,5,stability_linear_off_trainseed_5,linear_off,True,quadratic,60.0,auto,2026-08-07T23:58:29,timelimit,timelimit,incumbent_timelimit_optimal,540.2617902999918,540.4711289999977,2,0.030803100009507034,0.008995771408081055,0.0,0.009003162384033203,0.0020003318786621094,2,0,80972.0,3.7536161611663657,42718.648420129226,2395.9999908200016,112227.99996640898,10000.0,0.24014605301421085,1.780819843588688e-06,2,True,D:\git\git\RDMCT-A3C\cie\results\stability\cie_stability_600s_mem2048_repro_v1\s2_t1to5\solutions\cie_core_nominal__cie_core_n024_f012_m012_proc100__proposed__solverseed_2__trainseed_5__stability_linear_off_trainseed_5.sol,,,,D:\git\git\RDMCT-A3C\cie\models\proposed\cie_proposed_all_cie_proposed\cie_proposed_all_cie_proposed_2026_08_02_15_28_19_0000--s-5\itr_60.pkl,23,True,beam_search,
cie_core_nominal,dual_source_cluster_tool,8_to_32_wafers_nominal_processing,test,600.0,[],D:\git\git\RDMCT-A3C\cie\data\core\spbs\cie_core_n024_f018_m006_proc100.lp,spbs\cie_core_n024_f018_m006_proc100.lp,cie_core_n024_f018_m006_proc100.lp,proposed,2,5,stability_linear_off_trainseed_5,linear_off,True,quadratic,60.0,auto,2026-08-08T00:07:30,timelimit,timelimit,incumbent_timelimit_optimal,541.057925000001,541.3201494000023,2,0.09410149999166606,0.009002923965454102,0.0029969215393066406,0.00800013542175293,0.0020003318786621094,2,0,90981.0,3.7152461652465987,42643.25136075874,2839.9999877500363,91711.99998063188,9074.0,0.4571371264054594,68.00000041545411,2,True,D:\git\git\RDMCT-A3C\cie\results\stability\cie_stability_600s_mem2048_repro_v1\s2_t1to5\solutions\cie_core_nominal__cie_core_n024_f018_m006_proc100__proposed__solverseed_2__trainseed_5__stability_linear_off_trainseed_5.sol,,,,D:\git\git\RDMCT-A3C\cie\models\proposed\cie_proposed_all_cie_proposed\cie_proposed_all_cie_proposed_2026_08_02_15_28_19_0000--s-5\itr_60.pkl,23,True,beam_search,
cie_core_nominal,dual_source_cluster_tool,8_to_32_wafers_nominal_processing,test,600.0,[],D:\git\git\RDMCT-A3C\cie\data\core\spbs\cie_core_n032_f000_m032_proc100.lp,spbs\cie_core_n032_f000_m032_proc100.lp,cie_core_n032_f000_m032_proc100.lp,proposed,2,5,stability_linear_off_trainseed_5,linear_off,True,quadratic,60.0,auto,2026-08-10T07:59:43,timelimit,timelimit,incumbent_timelimit_optimal,539.7490781999986,539.9602804999995,2,0.393285799997102,0.011008501052856445,0.0,0.3762173652648926,0.0019998550415039062,2,0,51036.0,3.069272038893189,41022.40188974193,3333.9999921900026,202495.9999827282,10000.0,0.16888497883271555,200.5155248446016,2,True,D:\git\git\RDMCT-A3C\cie\results\stability\cie_stability_600s_mem2048_repro_v1\s2_t1to5\solutions\cie_core_nominal__cie_core_n032_f000_m032_proc100__proposed__solverseed_2__trainseed_5__stability_linear_off_trainseed_5.sol,,,,D:\git\git\RDMCT-A3C\cie\models\proposed\cie_proposed_all_cie_proposed\cie_proposed_all_cie_proposed_2026_08_02_15_28_19_0000--s-5\itr_60.pkl,23,True,beam_search,
cie_core_nominal,dual_source_cluster_tool,8_to_32_wafers_nominal_processing,test,600.0,[],D:\git\git\RDMCT-A3C\cie\data\core\spbs\cie_core_n032_f008_m024_proc100.lp,spbs\cie_core_n032_f008_m024_proc100.lp,cie_core_n032_f008_m024_proc100.lp,proposed,2,5,stability_linear_off_trainseed_5,linear_off,True,quadratic,60.0,auto,2026-08-10T08:08:43,timelimit,timelimit,incumbent_timelimit_optimal,539.9190836000016,540.1835084999984,2,0.024503799999365583,0.010999917984008789,0.0009996891021728516,0.006000041961669922,0.002001047134399414,2,0,40571.0,3.1365062739968415,41352.78998587339,4654.999988210019,151845.99995970583,10000.0,2.2801634182914903e-09,3.5600013461589697e-06,2,True,D:\git\git\RDMCT-A3C\cie\results\stability\cie_stability_600s_mem2048_repro_v1\s2_t1to5\solutions\cie_core_nominal__cie_core_n032_f008_m024_proc100__proposed__solverseed_2__trainseed_5__stability_linear_off_trainseed_5.sol,,,,D:\git\git\RDMCT-A3C\cie\models\proposed\cie_proposed_all_cie_proposed\cie_proposed_all_cie_proposed_2026_08_02_15_28_19_0000--s-5\itr_60.pkl,23,True,beam_search,
cie_core_nominal,dual_source_cluster_tool,8_to_32_wafers_nominal_processing,test,600.0,[],D:\git\git\RDMCT-A3C\cie\data\core\spbs\cie_core_n032_f016_m016_proc100.lp,spbs\cie_core_n032_f016_m016_proc100.lp,cie_core_n032_f016_m016_proc100.lp,proposed,2,5,stability_linear_off_trainseed_5,linear_off,True,quadratic,60.0,auto,2026-08-10T08:17:43,timelimit,timelimit,incumbent_timelimit_optimal,541.5827454999962,541.8880524999986,2,0.05078170000342652,0.015069961547851562,0.0020132064819335938,0.02285599708557129,0.002996683120727539,2,0,32021.0,3.1332543036556606,41626.865144046475,3308.9999865800664,140135.99995783405,10000.0,0.5119408205456317,363.0361500345148,2,True,D:\git\git\RDMCT-A3C\cie\results\stability\cie_stability_600s_mem2048_repro_v1\s2_t1to5\solutions\cie_core_nominal__cie_core_n032_f016_m016_proc100__proposed__solverseed_2__trainseed_5__stability_linear_off_trainseed_5.sol,,,,D:\git\git\RDMCT-A3C\cie\models\proposed\cie_proposed_all_cie_proposed\cie_proposed_all_cie_proposed_2026_08_02_15_28_19_0000--s-5\itr_60.pkl,23,True,beam_search,
cie_core_nominal,dual_source_cluster_tool,8_to_32_wafers_nominal_processing,test,600.0,[],D:\git\git\RDMCT-A3C\cie\data\core\spbs\cie_core_n032_f024_m008_proc100.lp,spbs\cie_core_n032_f024_m008_proc100.lp,cie_core_n032_f024_m008_proc100.lp,proposed,2,5,stability_linear_off_trainseed_5,linear_off,True,quadratic,60.0,auto,2026-08-10T08:26:45,timelimit,timelimit,incumbent_timelimit_optimal,543.2693705999918,543.6899319000004,2,0.0377848999996786,0.019997119903564453,0.0010018348693847656,0.007001161575317383,0.002996683120727539,2,0,30660.0,3.3432461579925654,42343.252100204496,4181.999987499999,114664.99996926883,10000.0,0.6844027974362543,521.9999991381887,2,True,D:\git\git\RDMCT-A3C\cie\results\stability\cie_stability_600s_mem2048_repro_v1\s2_t1to5\solutions\cie_core_nominal__cie_core_n032_f024_m008_proc100__proposed__solverseed_2__trainseed_5__stability_linear_off_trainseed_5.sol,,,,D:\git\git\RDMCT-A3C\cie\models\proposed\cie_proposed_all_cie_proposed\cie_proposed_all_cie_proposed_2026_08_02_15_28_19_0000--s-5\itr_60.pkl,23,True,beam_search,
cie_core_nominal,dual_source_cluster_tool,8_to_32_wafers_nominal_processing,test,600.0,[],D:\git\git\RDMCT-A3C\cie\data\core\pure41\cie_core_n008_f008_m000_proc100.lp,pure41\cie_core_n008_f008_m000_proc100.lp,cie_core_n008_f008_m000_proc100.lp,proposed,2,1,stability_stage2_off_trainseed_1,stage2_off,False,linear,60.0,auto,2026-08-07T12:12:43,optimal,optimal,not_run,0.4128128000011202,0.46669159999873955,1,0.38416769999821554,0.0059969425201416016,0.0,0.3750026226043701,0.0009980201721191406,1,0,1.0,0.0,0.0,610.0,440.0,58.0,0.0,0.0,2,True,D:\git\git\RDMCT-A3C\cie\results\stability\cie_stability_600s_mem2048_repro_v1\s2_t1to5\solutions\cie_core_nominal__cie_core_n008_f008_m000_proc100__proposed__solverseed_2__trainseed_1__stability_stage2_off_trainseed_1.sol,,,,D:\git\git\RDMCT-A3C\cie\models\proposed\cie_proposed_all_cie_proposed\cie_proposed_all_cie_proposed_2026_08_02_14_55_21_0000--s-1\itr_60.pkl,23,True,beam_search,
cie_core_nominal,dual_source_cluster_tool,8_to_32_wafers_nominal_processing,test,600.0,[],D:\git\git\RDMCT-A3C\cie\data\core\pure41\cie_core_n016_f016_m000_proc100.lp,pure41\cie_core_n016_f016_m000_proc100.lp,cie_core_n016_f016_m000_proc100.lp,proposed,2,1,stability_stage2_off_trainseed_1,stage2_off,False,linear,60.0,auto,2026-08-07T12:12:43,optimal,optimal,not_run,0.285661899997649,0.33810470000025816,1,0.0653770999997505,0.005999565124511719,0.0,0.053998708724975586,0.0020020008087158203,1,0,1.0,0.0,7.923771313941826,944.0,20747.0,10000.0,0.015197568389057751,0.0,2,True,D:\git\git\RDMCT-A3C\cie\results\stability\cie_stability_600s_mem2048_repro_v1\s2_t1to5\solutions\cie_core_nominal__cie_core_n016_f016_m000_proc100__proposed__solverseed_2__trainseed_1__stability_stage2_off_trainseed_1.sol,,,,D:\git\git\RDMCT-A3C\cie\models\proposed\cie_proposed_all_cie_proposed\cie_proposed_all_cie_proposed_2026_08_02_14_55_21_0000--s-1\itr_60.pkl,23,True,beam_search,
cie_core_nominal,dual_source_cluster_tool,8_to_32_wafers_nominal_processing,test,600.0,[],D:\git\git\RDMCT-A3C\cie\data\core\pure41\cie_core_n024_f024_m000_proc100.lp,pure41\cie_core_n024_f024_m000_proc100.lp,cie_core_n024_f024_m000_proc100.lp,proposed,2,1,stability_stage2_off_trainseed_1,stage2_off,False,linear,60.0,auto,2026-08-07T12:12:44,optimal,optimal,not_run,2.257796200003213,2.38156390000222,1,0.07507709999845247,0.009000301361083984,0.0,0.029000043869018555,0.0019965171813964844,1,0,1.0,0.0,200.0,1268.0,40016.0,10000.0,0.0,0.0,2,True,D:\git\git\RDMCT-A3C\cie\results\stability\cie_stability_600s_mem2048_repro_v1\s2_t1to5\solutions\cie_core_nominal__cie_core_n024_f024_m000_proc100__proposed__solverseed_2__trainseed_1__stability_stage2_off_trainseed_1.sol,,,,D:\git\git\RDMCT-A3C\cie\models\proposed\cie_proposed_all_cie_proposed\cie_proposed_all_cie_proposed_2026_08_02_14_55_21_0000--s-1\itr_60.pkl,23,True,beam_search,
cie_core_nominal,dual_source_cluster_tool,8_to_32_wafers_nominal_processing,test,600.0,[],D:\git\git\RDMCT-A3C\cie\data\core\pure41\cie_core_n032_f032_m000_proc100.lp,pure41\cie_core_n032_f032_m000_proc100.lp,cie_core_n032_f032_m000_proc100.lp,proposed,2,1,stability_stage2_off_trainseed_1,stage2_off,False,linear,60.0,auto,2026-08-07T12:12:46,optimal,optimal,not_run,6.85300289999941,7.090390000001207,0,0.0,0.0,0.0,0.0,0.0,0,0,1.0,0.0,700.0,1592.0,60319.0,10000.0,0.016745977724454096,23.0,1,True,D:\git\git\RDMCT-A3C\cie\results\stability\cie_stability_600s_mem2048_repro_v1\s2_t1to5\solutions\cie_core_nominal__cie_core_n032_f032_m000_proc100__proposed__solverseed_2__trainseed_1__stability_stage2_off_trainseed_1.sol,,,,D:\git\git\RDMCT-A3C\cie\models\proposed\cie_proposed_all_cie_proposed\cie_proposed_all_cie_proposed_2026_08_02_14_55_21_0000--s-1\itr_60.pkl,23,True,beam_search,
cie_core_nominal,dual_source_cluster_tool,8_to_32_wafers_nominal_processing,test,600.0,[],D:\git\git\RDMCT-A3C\cie\data\core\spbs\cie_core_n008_f000_m008_proc100.lp,spbs\cie_core_n008_f000_m008_proc100.lp,cie_core_n008_f000_m008_proc100.lp,proposed,2,1,stability_stage2_off_trainseed_1,stage2_off,False,linear,60.0,auto,2026-08-07T12:12:53,optimal,optimal,not_run,0.386617699998169,0.4078231000021333,1,0.04093439999996917,0.00599980354309082,0.0,0.03200078010559082,0.0009999275207519531,1,0,547.0,0.0,0.0,768.0,60064.0,10000.0,0.0,0.0,3,True,D:\git\git\RDMCT-A3C\cie\results\stability\cie_stability_600s_mem2048_repro_v1\s2_t1to5\solutions\cie_core_nominal__cie_core_n008_f000_m008_proc100__proposed__solverseed_2__trainseed_1__stability_stage2_off_trainseed_1.sol,,,,D:\git\git\RDMCT-A3C\cie\models\proposed\cie_proposed_all_cie_proposed\cie_proposed_all_cie_proposed_2026_08_02_14_55_21_0000--s-1\itr_60.pkl,23,True,beam_search,
cie_core_nominal,dual_source_cluster_tool,8_to_32_wafers_nominal_processing,test,600.0,[],D:\git\git\RDMCT-A3C\cie\data\core\spbs\cie_core_n008_f002_m006_proc100.lp,spbs\cie_core_n008_f002_m006_proc100.lp,cie_core_n008_f002_m006_proc100.lp,proposed,2,1,stability_stage2_off_trainseed_1,stage2_off,False,linear,60.0,auto,2026-08-07T12:12:53,optimal,optimal,not_run,0.675291700001253,0.7302593999993405,1,0.04597650000141584,0.004999876022338867,0.001003265380859375,0.03699970245361328,0.0019998550415039062,1,0,723.0,0.0,100.0,900.0,61234.0,10000.0,0.13446620756990085,0.0,2,True,D:\git\git\RDMCT-A3C\cie\results\stability\cie_stability_600s_mem2048_repro_v1\s2_t1to5\solutions\cie_core_nominal__cie_core_n008_f002_m006_proc100__proposed__solverseed_2__trainseed_1__stability_stage2_off_trainseed_1.sol,,,,D:\git\git\RDMCT-A3C\cie\models\proposed\cie_proposed_all_cie_proposed\cie_proposed_all_cie_proposed_2026_08_02_14_55_21_0000--s-1\itr_60.pkl,23,True,beam_search,
cie_core_nominal,dual_source_cluster_tool,8_to_32_wafers_nominal_processing,test,600.0,[],D:\git\git\RDMCT-A3C\cie\data\core\spbs\cie_core_n008_f004_m004_proc100.lp,spbs\cie_core_n008_f004_m004_proc100.lp,cie_core_n008_f004_m004_proc100.lp,proposed,2,1,stability_stage2_off_trainseed_1,stage2_off,False,linear,60.0,auto,2026-08-07T12:12:54,optimal,optimal,not_run,0.3417654999975639,0.3653407000019797,1,0.046377599999686936,0.0060002803802490234,0.0,0.03699970245361328,0.0009996891021728516,1,0,492.0,0.0,10.572687224669604,833.9999999999673,51071.99999999984,10000.0,0.22689075630246783,0.0,6,True,D:\git\git\RDMCT-A3C\cie\results\stability\cie_stability_600s_mem2048_repro_v1\s2_t1to5\solutions\cie_core_nominal__cie_core_n008_f004_m004_proc100__proposed__solverseed_2__trainseed_1__stability_stage2_off_trainseed_1.sol,,,,D:\git\git\RDMCT-A3C\cie\models\proposed\cie_proposed_all_cie_proposed\cie_proposed_all_cie_proposed_2026_08_02_14_55_21_0000--s-1\itr_60.pkl,23,True,beam_search,
cie_core_nominal,dual_source_cluster_tool,8_to_32_wafers_nominal_processing,test,600.0,[],D:\git\git\RDMCT-A3C\cie\data\core\spbs\cie_core_n008_f006_m002_proc100.lp,spbs\cie_core_n008_f006_m002_proc100.lp,cie_core_n008_f006_m002_proc100.lp,proposed,2,1,stability_stage2_off_trainseed_1,stage2_off,False,linear,60.0,auto,2026-08-07T12:12:55,optimal,optimal,not_run,0.5098418000015954,0.5342323000004399,1,0.07866380000268691,0.006000041961669922,0.0,0.06900238990783691,0.0010030269622802734,1,0,886.0,0.0,0.0,833.9999999999964,30448.999999999985,10000.0,0.0,0.0,4,True,D:\git\git\RDMCT-A3C\cie\results\stability\cie_stability_600s_mem2048_repro_v1\s2_t1to5\solutions\cie_core_nominal__cie_core_n008_f006_m002_proc100__proposed__solverseed_2__trainseed_1__stability_stage2_off_trainseed_1.sol,,,,D:\git\git\RDMCT-A3C\cie\models\proposed\cie_proposed_all_cie_proposed\cie_proposed_all_cie_proposed_2026_08_02_14_55_21_0000--s-1\itr_60.pkl,23,True,beam_search,
cie_core_nominal,dual_source_cluster_tool,8_to_32_wafers_nominal_processing,test,600.0,[],D:\git\git\RDMCT-A3C\cie\data\core\spbs\cie_core_n016_f000_m016_proc100.lp,spbs\cie_core_n016_f000_m016_proc100.lp,cie_core_n016_f000_m016_proc100.lp,proposed,2,1,stability_stage2_off_trainseed_1,stage2_off,False,linear,60.0,auto,2026-08-07T12:12:55,optimal,optimal,not_run,23.819658700002037,23.896615900001052,1,0.17827959999704035,0.0070002079010009766,0.0019996166229248047,0.09000277519226074,0.002000093460083008,1,0,10390.0,0.0,2140.972658974015,1136.0,100572.0,10000.0,0.0,0.0,4,True,D:\git\git\RDMCT-A3C\cie\results\stability\cie_stability_600s_mem2048_repro_v1\s2_t1to5\solutions\cie_core_nominal__cie_core_n016_f000_m016_proc100__proposed__solverseed_2__trainseed_1__stability_stage2_off_trainseed_1.sol,,,,D:\git\git\RDMCT-A3C\cie\models\proposed\cie_proposed_all_cie_proposed\cie_proposed_all_cie_proposed_2026_08_02_14_55_21_0000--s-1\itr_60.pkl,23,True,beam_search,
cie_core_nominal,dual_source_cluster_tool,8_to_32_wafers_nominal_processing,test,600.0,[],D:\git\git\RDMCT-A3C\cie\data\core\spbs\cie_core_n016_f004_m012_proc100.lp,spbs\cie_core_n016_f004_m012_proc100.lp,cie_core_n016_f004_m012_proc100.lp,proposed,2,1,stability_stage2_off_trainseed_1,stage2_off,False,linear,60.0,auto,2026-08-07T12:13:19,optimal,optimal,not_run,69.66592730000048,69.70598590000009,1,0.06785870000021532,0.0060007572174072266,0.0010004043579101562,0.045996665954589844,0.0010006427764892578,1,0,39250.0,0.0,6216.522240106588,1202.0,91236.0,10000.0,0.10794810925861055,56.0,3,True,D:\git\git\RDMCT-A3C\cie\results\stability\cie_stability_600s_mem2048_repro_v1\s2_t1to5\solutions\cie_core_nominal__cie_core_n016_f004_m012_proc100__proposed__solverseed_2__trainseed_1__stability_stage2_off_trainseed_1.sol,,,,D:\git\git\RDMCT-A3C\cie\models\proposed\cie_proposed_all_cie_proposed\cie_proposed_all_cie_proposed_2026_08_02_14_55_21_0000--s-1\itr_60.pkl,23,True,beam_search,
cie_core_nominal,dual_source_cluster_tool,8_to_32_wafers_nominal_processing,test,600.0,[],D:\git\git\RDMCT-A3C\cie\data\core\spbs\cie_core_n016_f008_m008_proc100.lp,spbs\cie_core_n016_f008_m008_proc100.lp,cie_core_n016_f008_m008_proc100.lp,proposed,2,1,stability_stage2_off_trainseed_1,stage2_off,False,linear,60.0,auto,2026-08-07T12:14:29,optimal,optimal,not_run,16.240375599998515,16.362177099999826,1,0.07486399999834248,0.007996320724487305,0.0009996891021728516,0.06100010871887207,0.0019974708557128906,1,0,15058.0,0.0,1017.7524060681538,1170.0,81125.0,10000.0,0.09262626899296361,3.0,2,True,D:\git\git\RDMCT-A3C\cie\results\stability\cie_stability_600s_mem2048_repro_v1\s2_t1to5\solutions\cie_core_nominal__cie_core_n016_f008_m008_proc100__proposed__solverseed_2__trainseed_1__stability_stage2_off_trainseed_1.sol,,,,D:\git\git\RDMCT-A3C\cie\models\proposed\cie_proposed_all_cie_proposed\cie_proposed_all_cie_proposed_2026_08_02_14_55_21_0000--s-1\itr_60.pkl,23,True,beam_search,
cie_core_nominal,dual_source_cluster_tool,8_to_32_wafers_nominal_processing,test,600.0,[],D:\git\git\RDMCT-A3C\cie\data\core\spbs\cie_core_n016_f012_m004_proc100.lp,spbs\cie_core_n016_f012_m004_proc100.lp,cie_core_n016_f012_m004_proc100.lp,proposed,2,1,stability_stage2_off_trainseed_1,stage2_off,False,linear,60.0,auto,2026-08-07T12:14:45,optimal,optimal,not_run,30.715716100003192,30.809187999999267,1,0.10638029999972787,0.00800013542175293,0.0,0.059999942779541016,0.0009965896606445312,1,0,40573.0,0.0,715.5765299744139,1158.0,69750.0,10000.0,0.2861125704223025,0.0,4,True,D:\git\git\RDMCT-A3C\cie\results\stability\cie_stability_600s_mem2048_repro_v1\s2_t1to5\solutions\cie_core_nominal__cie_core_n016_f012_m004_proc100__proposed__solverseed_2__trainseed_1__stability_stage2_off_trainseed_1.sol,,,,D:\git\git\RDMCT-A3C\cie\models\proposed\cie_proposed_all_cie_proposed\cie_proposed_all_cie_proposed_2026_08_02_14_55_21_0000--s-1\itr_60.pkl,23,True,beam_search,
cie_core_nominal,dual_source_cluster_tool,8_to_32_wafers_nominal_processing,test,600.0,[],D:\git\git\RDMCT-A3C\cie\data\core\spbs\cie_core_n024_f000_m024_proc100.lp,spbs\cie_core_n024_f000_m024_proc100.lp,cie_core_n024_f000_m024_proc100.lp,proposed,2,1,stability_stage2_off_trainseed_1,stage2_off,False,linear,60.0,auto,2026-08-07T12:15:16,timelimit,timelimit,not_run,599.6202924999998,599.7844857000018,1,0.0793822999985423,0.007999897003173828,0.0,0.06500053405761719,0.0009963512420654297,1,0,97041.0,3.737150112398557,47422.99293664592,10506.9989493,129683.9938418,9999.999,6.786765790425065e-08,4.549999948721961e-05,1,True,D:\git\git\RDMCT-A3C\cie\results\stability\cie_stability_600s_mem2048_repro_v1\s2_t1to5\solutions\cie_core_nominal__cie_core_n024_f000_m024_proc100__proposed__solverseed_2__trainseed_1__stability_stage2_off_trainseed_1.sol,,,,D:\git\git\RDMCT-A3C\cie\models\proposed\cie_proposed_all_cie_proposed\cie_proposed_all_cie_proposed_2026_08_02_14_55_21_0000--s-1\itr_60.pkl,23,True,beam_search,
cie_core_nominal,dual_source_cluster_tool,8_to_32_wafers_nominal_processing,test,600.0,[],D:\git\git\RDMCT-A3C\cie\data\core\spbs\cie_core_n024_f006_m018_proc100.lp,spbs\cie_core_n024_f006_m018_proc100.lp,cie_core_n024_f006_m018_proc100.lp,proposed,2,1,stability_stage2_off_trainseed_1,stage2_off,False,linear,60.0,auto,2026-08-07T12:25:16,timelimit,timelimit,not_run,599.8175359000015,599.9954837999976,1,0.1090753999997105,0.006998538970947266,0.003000020980834961,0.05800008773803711,0.0009987354278564453,1,0,100211.0,3.6403349287290383,47195.41434332945,10514.9989485,158596.9850112,9999.999,0.21774702827521059,64.00001149999832,1,True,D:\git\git\RDMCT-A3C\cie\results\stability\cie_stability_600s_mem2048_repro_v1\s2_t1to5\solutions\cie_core_nominal__cie_core_n024_f006_m018_proc100__proposed__solverseed_2__trainseed_1__stability_stage2_off_trainseed_1.sol,,,,D:\git\git\RDMCT-A3C\cie\models\proposed\cie_proposed_all_cie_proposed\cie_proposed_all_cie_proposed_2026_08_02_14_55_21_0000--s-1\itr_60.pkl,23,True,beam_search,
cie_core_nominal,dual_source_cluster_tool,8_to_32_wafers_nominal_processing,test,600.0,[],D:\git\git\RDMCT-A3C\cie\data\core\spbs\cie_core_n024_f012_m012_proc100.lp,spbs\cie_core_n024_f012_m012_proc100.lp,cie_core_n024_f012_m012_proc100.lp,proposed,2,1,stability_stage2_off_trainseed_1,stage2_off,False,linear,60.0,auto,2026-08-07T12:35:16,optimal,optimal,not_run,300.7815718999991,300.9207392999997,1,0.08267410000189557,0.009999990463256836,0.0010001659393310547,0.032000064849853516,0.0009996891021728516,1,0,70330.0,0.0,23752.73356452678,2246.000000000018,122252.00000000009,10000.0,0.23226940919957142,44.000000000010914,2,True,D:\git\git\RDMCT-A3C\cie\results\stability\cie_stability_600s_mem2048_repro_v1\s2_t1to5\solutions\cie_core_nominal__cie_core_n024_f012_m012_proc100__proposed__solverseed_2__trainseed_1__stability_stage2_off_trainseed_1.sol,,,,D:\git\git\RDMCT-A3C\cie\models\proposed\cie_proposed_all_cie_proposed\cie_proposed_all_cie_proposed_2026_08_02_14_55_21_0000--s-1\itr_60.pkl,23,True,beam_search,
cie_core_nominal,dual_source_cluster_tool,8_to_32_wafers_nominal_processing,test,600.0,[],D:\git\git\RDMCT-A3C\cie\data\core\spbs\cie_core_n024_f018_m006_proc100.lp,spbs\cie_core_n024_f018_m006_proc100.lp,cie_core_n024_f018_m006_proc100.lp,proposed,2,1,stability_stage2_off_trainseed_1,stage2_off,False,linear,60.0,auto,2026-08-07T12:40:17,timelimit,timelimit,not_run,599.8805537000007,600.0852416000016,1,0.08674619999874267,0.011999845504760742,0.0,0.0350034236907959,0.0010018348693847656,1,0,78817.0,3.7068034684422178,47379.25694049336,10514.9989485,100915.9949123,9999.999,0.5261966247503015,67.999998,1,True,D:\git\git\RDMCT-A3C\cie\results\stability\cie_stability_600s_mem2048_repro_v1\s2_t1to5\solutions\cie_core_nominal__cie_core_n024_f018_m006_proc100__proposed__solverseed_2__trainseed_1__stability_stage2_off_trainseed_1.sol,,,,D:\git\git\RDMCT-A3C\cie\models\proposed\cie_proposed_all_cie_proposed\cie_proposed_all_cie_proposed_2026_08_02_14_55_21_0000--s-1\itr_60.pkl,23,True,beam_search,
cie_core_nominal,dual_source_cluster_tool,8_to_32_wafers_nominal_processing,test,600.0,[],D:\git\git\RDMCT-A3C\cie\data\core\spbs\cie_core_n032_f000_m032_proc100.lp,spbs\cie_core_n032_f000_m032_proc100.lp,cie_core_n032_f000_m032_proc100.lp,proposed,2,1,stability_stage2_off_trainseed_1,stage2_off,False,linear,60.0,auto,2026-08-07T12:50:17,timelimit,timelimit,not_run,599.7964258000029,600.0290376000012,1,0.09611000000222703,0.008003473281860352,0.0009996891021728516,0.045999765396118164,0.0010004043579101562,1,0,88644.0,3.107368524895049,45810.40212001784,10514.9989485,230581.9759206,9999.999,0.22043254564375014,295.9999905000003,1,True,D:\git\git\RDMCT-A3C\cie\results\stability\cie_stability_600s_mem2048_repro_v1\s2_t1to5\solutions\cie_core_nominal__cie_core_n032_f000_m032_proc100__proposed__solverseed_2__trainseed_1__stability_stage2_off_trainseed_1.sol,,,,D:\git\git\RDMCT-A3C\cie\models\proposed\cie_proposed_all_cie_proposed\cie_proposed_all_cie_proposed_2026_08_02_14_55_21_0000--s-1\itr_60.pkl,23,True,beam_search,
cie_core_nominal,dual_source_cluster_tool,8_to_32_wafers_nominal_processing,test,600.0,[],D:\git\git\RDMCT-A3C\cie\data\core\spbs\cie_core_n032_f008_m024_proc100.lp,spbs\cie_core_n032_f008_m024_proc100.lp,cie_core_n032_f008_m024_proc100.lp,proposed,2,1,stability_stage2_off_trainseed_1,stage2_off,False,linear,60.0,auto,2026-08-07T13:00:17,timelimit,timelimit,not_run,599.7797466000011,599.9925016000016,1,0.06910019999850192,0.007992982864379883,0.0010030269622802734,0.052000999450683594,0.001001596450805664,1,0,63878.0,3.1792523642686747,45886.3038668044,10514.9989485,166409.9945901,9999.999,0.0,0.0,1,True,D:\git\git\RDMCT-A3C\cie\results\stability\cie_stability_600s_mem2048_repro_v1\s2_t1to5\solutions\cie_core_nominal__cie_core_n032_f008_m024_proc100__proposed__solverseed_2__trainseed_1__stability_stage2_off_trainseed_1.sol,,,,D:\git\git\RDMCT-A3C\cie\models\proposed\cie_proposed_all_cie_proposed\cie_proposed_all_cie_proposed_2026_08_02_14_55_21_0000--s-1\itr_60.pkl,23,True,beam_search,
cie_core_nominal,dual_source_cluster_tool,8_to_32_wafers_nominal_processing,test,600.0,[],D:\git\git\RDMCT-A3C\cie\data\core\spbs\cie_core_n032_f016_m016_proc100.lp,spbs\cie_core_n032_f016_m016_proc100.lp,cie_core_n032_f016_m016_proc100.lp,proposed,2,1,stability_stage2_off_trainseed_1,stage2_off,False,linear,60.0,auto,2026-08-07T13:10:17,timelimit,timelimit,not_run,599.7427363999996,600.0171768999971,1,0.12655209999866202,0.009996891021728516,0.0,0.07400321960449219,0.0009968280792236328,1,0,79885.0,3.2399189308467684,46161.2349451772,10514.9989485,163641.9847201,9999.999,0.5067053559888083,397.9999987999993,1,True,D:\git\git\RDMCT-A3C\cie\results\stability\cie_stability_600s_mem2048_repro_v1\s2_t1to5\solutions\cie_core_nominal__cie_core_n032_f016_m016_proc100__proposed__solverseed_2__trainseed_1__stability_stage2_off_trainseed_1.sol,,,,D:\git\git\RDMCT-A3C\cie\models\proposed\cie_proposed_all_cie_proposed\cie_proposed_all_cie_proposed_2026_08_02_14_55_21_0000--s-1\itr_60.pkl,23,True,beam_search,
cie_core_nominal,dual_source_cluster_tool,8_to_32_wafers_nominal_processing,test,600.0,[],D:\git\git\RDMCT-A3C\cie\data\core\spbs\cie_core_n032_f024_m008_proc100.lp,spbs\cie_core_n032_f024_m008_proc100.lp,cie_core_n032_f024_m008_proc100.lp,proposed,2,1,stability_stage2_off_trainseed_1,stage2_off,False,linear,60.0,auto,2026-08-07T13:20:17,timelimit,timelimit,not_run,599.6665010999968,600.0271604000009,1,0.10691920000317623,0.015000581741333008,0.003999471664428711,0.04499697685241699,0.0010001659393310547,1,0,59598.0,3.192583312799043,46383.39378812539,10514.9989485,136874.9967606,9999.999,2.0179011933335302,6339.999216800001,1,True,D:\git\git\RDMCT-A3C\cie\results\stability\cie_stability_600s_mem2048_repro_v1\s2_t1to5\solutions\cie_core_nominal__cie_core_n032_f024_m008_proc100__proposed__solverseed_2__trainseed_1__stability_stage2_off_trainseed_1.sol,,,,D:\git\git\RDMCT-A3C\cie\models\proposed\cie_proposed_all_cie_proposed\cie_proposed_all_cie_proposed_2026_08_02_14_55_21_0000--s-1\itr_60.pkl,23,True,beam_search,
cie_core_nominal,dual_source_cluster_tool,8_to_32_wafers_nominal_processing,test,600.0,[],D:\git\git\RDMCT-A3C\cie\data\core\pure41\cie_core_n008_f008_m000_proc100.lp,pure41\cie_core_n008_f008_m000_proc100.lp,cie_core_n008_f008_m000_proc100.lp,proposed,2,2,stability_stage2_off_trainseed_2,stage2_off,False,linear,60.0,auto,2026-08-07T13:30:19,optimal,optimal,not_run,0.38333309999870835,0.40643099999942933,1,0.3548408999995445,0.006000041961669922,0.0,0.34600043296813965,0.0020036697387695312,1,0,1.0,0.0,2.622950819672131,610.0,440.0,58.0,0.0,0.0,2,True,D:\git\git\RDMCT-A3C\cie\results\stability\cie_stability_600s_mem2048_repro_v1\s2_t1to5\solutions\cie_core_nominal__cie_core_n008_f008_m000_proc100__proposed__solverseed_2__trainseed_2__stability_stage2_off_trainseed_2.sol,,,,D:\git\git\RDMCT-A3C\cie\models\proposed\cie_proposed_all_cie_proposed\cie_proposed_all_cie_proposed_2026_08_02_15_03_12_0000--s-2\itr_60.pkl,23,True,beam_search,
cie_core_nominal,dual_source_cluster_tool,8_to_32_wafers_nominal_processing,test,600.0,[],D:\git\git\RDMCT-A3C\cie\data\core\pure41\cie_core_n016_f016_m000_proc100.lp,pure41\cie_core_n016_f016_m000_proc100.lp,cie_core_n016_f016_m000_proc100.lp,proposed,2,2,stability_stage2_off_trainseed_2,stage2_off,False,linear,60.0,auto,2026-08-07T13:30:20,optimal,optimal,not_run,0.24110699999801,0.29478430000017397,1,0.01777579999907175,0.0060002803802490234,0.0,0.007996320724487305,0.002000093460083008,1,0,1.0,0.0,0.0,944.0,20609.0,10000.0,0.015197568389057751,0.0,2,True,D:\git\git\RDMCT-A3C\cie\results\stability\cie_stability_600s_mem2048_repro_v1\s2_t1to5\solutions\cie_core_nominal__cie_core_n016_f016_m000_proc100__proposed__solverseed_2__trainseed_2__stability_stage2_off_trainseed_2.sol,,,,D:\git\git\RDMCT-A3C\cie\models\proposed\cie_proposed_all_cie_proposed\cie_proposed_all_cie_proposed_2026_08_02_15_03_12_0000--s-2\itr_60.pkl,23,True,beam_search,
cie_core_nominal,dual_source_cluster_tool,8_to_32_wafers_nominal_processing,test,600.0,[],D:\git\git\RDMCT-A3C\cie\data\core\pure41\cie_core_n024_f024_m000_proc100.lp,pure41\cie_core_n024_f024_m000_proc100.lp,cie_core_n024_f024_m000_proc100.lp,proposed,2,2,stability_stage2_off_trainseed_2,stage2_off,False,linear,60.0,auto,2026-08-07T13:30:20,optimal,optimal,not_run,2.217879700001504,2.345491000000038,1,0.01762389999930747,0.009000778198242188,0.0,0.00499725341796875,0.002002239227294922,1,0,1.0,0.0,200.0,1268.0,40006.0,10000.0,0.0,0.0,2,True,D:\git\git\RDMCT-A3C\cie\results\stability\cie_stability_600s_mem2048_repro_v1\s2_t1to5\solutions\cie_core_nominal__cie_core_n024_f024_m000_proc100__proposed__solverseed_2__trainseed_2__stability_stage2_off_trainseed_2.sol,,,,D:\git\git\RDMCT-A3C\cie\models\proposed\cie_proposed_all_cie_proposed\cie_proposed_all_cie_proposed_2026_08_02_15_03_12_0000--s-2\itr_60.pkl,23,True,beam_search,
cie_core_nominal,dual_source_cluster_tool,8_to_32_wafers_nominal_processing,test,600.0,[],D:\git\git\RDMCT-A3C\cie\data\core\pure41\cie_core_n032_f032_m000_proc100.lp,pure41\cie_core_n032_f032_m000_proc100.lp,cie_core_n032_f032_m000_proc100.lp,proposed,2,2,stability_stage2_off_trainseed_2,stage2_off,False,linear,60.0,auto,2026-08-07T13:30:22,optimal,optimal,not_run,6.8271872000004805,7.064156600001297,0,0.0,0.0,0.0,0.0,0.0,0,0,1.0,0.0,600.0,1592.0,60319.0,10000.0,0.016745977724454096,23.0,1,True,D:\git\git\RDMCT-A3C\cie\results\stability\cie_stability_600s_mem2048_repro_v1\s2_t1to5\solutions\cie_core_nominal__cie_core_n032_f032_m000_proc100__proposed__solverseed_2__trainseed_2__stability_stage2_off_trainseed_2.sol,,,,D:\git\git\RDMCT-A3C\cie\models\proposed\cie_proposed_all_cie_proposed\cie_proposed_all_cie_proposed_2026_08_02_15_03_12_0000--s-2\itr_60.pkl,23,True,beam_search,
cie_core_nominal,dual_source_cluster_tool,8_to_32_wafers_nominal_processing,test,600.0,[],D:\git\git\RDMCT-A3C\cie\data\core\spbs\cie_core_n008_f000_m008_proc100.lp,spbs\cie_core_n008_f000_m008_proc100.lp,cie_core_n008_f000_m008_proc100.lp,proposed,2,2,stability_stage2_off_trainseed_2,stage2_off,False,linear,60.0,auto,2026-08-07T13:30:30,optimal,optimal,not_run,0.40431639999951585,0.4687995000022056,1,0.013994799999636598,0.005002260208129883,0.0009970664978027344,0.005002498626708984,0.002000570297241211,1,0,478.0,0.0,0.0,768.0,60284.0,10000.0,0.04134869301888566,18.0,2,True,D:\git\git\RDMCT-A3C\cie\results\stability\cie_stability_600s_mem2048_repro_v1\s2_t1to5\solutions\cie_core_nominal__cie_core_n008_f000_m008_proc100__proposed__solverseed_2__trainseed_2__stability_stage2_off_trainseed_2.sol,,,,D:\git\git\RDMCT-A3C\cie\models\proposed\cie_proposed_all_cie_proposed\cie_proposed_all_cie_proposed_2026_08_02_15_03_12_0000--s-2\itr_60.pkl,23,True,beam_search,
cie_core_nominal,dual_source_cluster_tool,8_to_32_wafers_nominal_processing,test,600.0,[],D:\git\git\RDMCT-A3C\cie\data\core\spbs\cie_core_n008_f002_m006_proc100.lp,spbs\cie_core_n008_f002_m006_proc100.lp,cie_core_n008_f002_m006_proc100.lp,proposed,2,2,stability_stage2_off_trainseed_2,stage2_off,False,linear,60.0,auto,2026-08-07T13:30:30,optimal,optimal,not_run,0.5989747999992687,0.6232239000019035,1,0.01395790000242414,0.005003690719604492,0.0009963512420654297,0.005003690719604492,0.0020003318786621094,1,0,845.0,0.0,12.280701754385966,900.0,61122.0,10000.0,0.025163942390980333,0.0,3,True,D:\git\git\RDMCT-A3C\cie\results\stability\cie_stability_600s_mem2048_repro_v1\s2_t1to5\solutions\cie_core_nominal__cie_core_n008_f002_m006_proc100__proposed__solverseed_2__trainseed_2__stability_stage2_off_trainseed_2.sol,,,,D:\git\git\RDMCT-A3C\cie\models\proposed\cie_proposed_all_cie_proposed\cie_proposed_all_cie_proposed_2026_08_02_15_03_12_0000--s-2\itr_60.pkl,23,True,beam_search,
cie_core_nominal,dual_source_cluster_tool,8_to_32_wafers_nominal_processing,test,600.0,[],D:\git\git\RDMCT-A3C\cie\data\core\spbs\cie_core_n008_f004_m004_proc100.lp,spbs\cie_core_n008_f004_m004_proc100.lp,cie_core_n008_f004_m004_proc100.lp,proposed,2,2,stability_stage2_off_trainseed_2,stage2_off,False,linear,60.0,auto,2026-08-07T13:30:31,optimal,optimal,not_run,0.3259442999988096,0.34640379999837023,1,0.015101199998753145,0.0059969425201416016,0.0009968280792236328,0.005003690719604492,0.002000570297241211,1,0,427.0,0.0,0.0,833.9999999999673,51071.99999999984,10000.0,0.22689075630246783,0.0,3,True,D:\git\git\RDMCT-A3C\cie\results\stability\cie_stability_600s_mem2048_repro_v1\s2_t1to5\solutions\cie_core_nominal__cie_core_n008_f004_m004_proc100__proposed__solverseed_2__trainseed_2__stability_stage2_off_trainseed_2.sol,,,,D:\git\git\RDMCT-A3C\cie\models\proposed\cie_proposed_all_cie_proposed\cie_proposed_all_cie_proposed_2026_08_02_15_03_12_0000--s-2\itr_60.pkl,23,True,beam_search,
cie_core_nominal,dual_source_cluster_tool,8_to_32_wafers_nominal_processing,test,600.0,[],D:\git\git\RDMCT-A3C\cie\data\core\spbs\cie_core_n008_f006_m002_proc100.lp,spbs\cie_core_n008_f006_m002_proc100.lp,cie_core_n008_f006_m002_proc100.lp,proposed,2,2,stability_stage2_off_trainseed_2,stage2_off,False,linear,60.0,auto,2026-08-07T13:30:31,optimal,optimal,not_run,0.3156481000005442,0.3411469999991823,1,0.014291900002717739,0.006000041961669922,0.0,0.004996538162231445,0.0020029544830322266,1,0,244.0,0.0,0.0,833.9999999999927,30468.999999999956,10000.0,0.0,0.0,3,True,D:\git\git\RDMCT-A3C\cie\results\stability\cie_stability_600s_mem2048_repro_v1\s2_t1to5\solutions\cie_core_nominal__cie_core_n008_f006_m002_proc100__proposed__solverseed_2__trainseed_2__stability_stage2_off_trainseed_2.sol,,,,D:\git\git\RDMCT-A3C\cie\models\proposed\cie_proposed_all_cie_proposed\cie_proposed_all_cie_proposed_2026_08_02_15_03_12_0000--s-2\itr_60.pkl,23,True,beam_search,
cie_core_nominal,dual_source_cluster_tool,8_to_32_wafers_nominal_processing,test,600.0,[],D:\git\git\RDMCT-A3C\cie\data\core\spbs\cie_core_n016_f000_m016_proc100.lp,spbs\cie_core_n016_f000_m016_proc100.lp,cie_core_n016_f000_m016_proc100.lp,proposed,2,2,stability_stage2_off_trainseed_2,stage2_off,False,linear,60.0,auto,2026-08-07T13:30:31,optimal,optimal,not_run,33.7046162000006,33.74803509999765,1,0.13402480000149808,0.006998777389526367,0.0010037422180175781,0.05999755859375,0.0020012855529785156,1,0,15770.0,0.0,3043.209253366324,1136.0,100710.0,10000.0,0.0,0.0,3,True,D:\git\git\RDMCT-A3C\cie\results\stability\cie_stability_600s_mem2048_repro_v1\s2_t1to5\solutions\cie_core_nominal__cie_core_n016_f000_m016_proc100__proposed__solverseed_2__trainseed_2__stability_stage2_off_trainseed_2.sol,,,,D:\git\git\RDMCT-A3C\cie\models\proposed\cie_proposed_all_cie_proposed\cie_proposed_all_cie_proposed_2026_08_02_15_03_12_0000--s-2\itr_60.pkl,23,True,beam_search,
cie_core_nominal,dual_source_cluster_tool,8_to_32_wafers_nominal_processing,test,600.0,[],D:\git\git\RDMCT-A3C\cie\data\core\spbs\cie_core_n016_f004_m012_proc100.lp,spbs\cie_core_n016_f004_m012_proc100.lp,cie_core_n016_f004_m012_proc100.lp,proposed,2,2,stability_stage2_off_trainseed_2,stage2_off,False,linear,60.0,auto,2026-08-07T13:31:05,optimal,optimal,not_run,10.05360120000114,10.127088999997795,1,0.04958880000049248,0.0060002803802490234,0.0010006427764892578,0.005000114440917969,0.0019986629486083984,1,0,4493.0,0.0,887.9223262815256,1202.0,91030.0,10000.0,0.0,0.0,9,True,D:\git\git\RDMCT-A3C\cie\results\stability\cie_stability_600s_mem2048_repro_v1\s2_t1to5\solutions\cie_core_nominal__cie_core_n016_f004_m012_proc100__proposed__solverseed_2__trainseed_2__stability_stage2_off_trainseed_2.sol,,,,D:\git\git\RDMCT-A3C\cie\models\proposed\cie_proposed_all_cie_proposed\cie_proposed_all_cie_proposed_2026_08_02_15_03_12_0000--s-2\itr_60.pkl,23,True,beam_search,
cie_core_nominal,dual_source_cluster_tool,8_to_32_wafers_nominal_processing,test,600.0,[],D:\git\git\RDMCT-A3C\cie\data\core\spbs\cie_core_n016_f008_m008_proc100.lp,spbs\cie_core_n016_f008_m008_proc100.lp,cie_core_n016_f008_m008_proc100.lp,proposed,2,2,stability_stage2_off_trainseed_2,stage2_off,False,linear,60.0,auto,2026-08-07T13:31:15,optimal,optimal,not_run,22.59352360000048,22.64034299999912,1,0.0543247000023257,0.00900125503540039,0.0009984970092773438,0.006000041961669922,0.0020017623901367188,1,0,18081.0,0.0,1719.4471689707239,1170.0,81596.0,10000.0,0.08076920864310827,36.0,4,True,D:\git\git\RDMCT-A3C\cie\results\stability\cie_stability_600s_mem2048_repro_v1\s2_t1to5\solutions\cie_core_nominal__cie_core_n016_f008_m008_proc100__proposed__solverseed_2__trainseed_2__stability_stage2_off_trainseed_2.sol,,,,D:\git\git\RDMCT-A3C\cie\models\proposed\cie_proposed_all_cie_proposed\cie_proposed_all_cie_proposed_2026_08_02_15_03_12_0000--s-2\itr_60.pkl,23,True,beam_search,
cie_core_nominal,dual_source_cluster_tool,8_to_32_wafers_nominal_processing,test,600.0,[],D:\git\git\RDMCT-A3C\cie\data\core\spbs\cie_core_n016_f012_m004_proc100.lp,spbs\cie_core_n016_f012_m004_proc100.lp,cie_core_n016_f012_m004_proc100.lp,proposed,2,2,stability_stage2_off_trainseed_2,stage2_off,False,linear,60.0,auto,2026-08-07T13:31:38,optimal,optimal,not_run,35.70857619999879,35.802123999998,1,0.029483100002835272,0.009000062942504883,0.0,0.009997129440307617,0.0020029544830322266,1,0,18064.0,0.0,3211.66900538944,1158.0,69796.0,10000.0,0.2861125704223025,0.0,4,True,D:\git\git\RDMCT-A3C\cie\results\stability\cie_stability_600s_mem2048_repro_v1\s2_t1to5\solutions\cie_core_nominal__cie_core_n016_f012_m004_proc100__proposed__solverseed_2__trainseed_2__stability_stage2_off_trainseed_2.sol,,,,D:\git\git\RDMCT-A3C\cie\models\proposed\cie_proposed_all_cie_proposed\cie_proposed_all_cie_proposed_2026_08_02_15_03_12_0000--s-2\itr_60.pkl,23,True,beam_search,
cie_core_nominal,dual_source_cluster_tool,8_to_32_wafers_nominal_processing,test,600.0,[],D:\git\git\RDMCT-A3C\cie\data\core\spbs\cie_core_n024_f000_m024_proc100.lp,spbs\cie_core_n024_f000_m024_proc100.lp,cie_core_n024_f000_m024_proc100.lp,proposed,2,2,stability_stage2_off_trainseed_2,stage2_off,False,linear,60.0,auto,2026-08-07T13:32:14,optimal,optimal,not_run,417.06349310000223,417.1561564000003,1,0.018779000001813984,0.0069980621337890625,0.0010023117065429688,0.0049970149993896484,0.0020029544830322266,1,0,85714.0,0.0,31918.515421187163,2224.0,162325.99999999997,10000.0,0.017927701569477837,11.999999999992724,5,True,D:\git\git\RDMCT-A3C\cie\results\stability\cie_stability_600s_mem2048_repro_v1\s2_t1to5\solutions\cie_core_nominal__cie_core_n024_f000_m024_proc100__proposed__solverseed_2__trainseed_2__stability_stage2_off_trainseed_2.sol,,,,D:\git\git\RDMCT-A3C\cie\models\proposed\cie_proposed_all_cie_proposed\cie_proposed_all_cie_proposed_2026_08_02_15_03_12_0000--s-2\itr_60.pkl,23,True,beam_search,
cie_core_nominal,dual_source_cluster_tool,8_to_32_wafers_nominal_processing,test,600.0,[],D:\git\git\RDMCT-A3C\cie\data\core\spbs\cie_core_n024_f006_m018_proc100.lp,spbs\cie_core_n024_f006_m018_proc100.lp,cie_core_n024_f006_m018_proc100.lp,proposed,2,2,stability_stage2_off_trainseed_2,stage2_off,False,linear,60.0,auto,2026-08-07T13:39:11,timelimit,timelimit,not_run,599.6788191000014,599.8572735000016,1,0.019069100002525374,0.006999015808105469,0.0010006427764892578,0.004995822906494141,0.0020041465759277344,1,0,196117.0,3.6526544019911507,47196.11854842783,10514.9989485,158596.9850112,9999.999,0.21774702827521059,64.00001149999832,1,True,D:\git\git\RDMCT-A3C\cie\results\stability\cie_stability_600s_mem2048_repro_v1\s2_t1to5\solutions\cie_core_nominal__cie_core_n024_f006_m018_proc100__proposed__solverseed_2__trainseed_2__stability_stage2_off_trainseed_2.sol,,,,D:\git\git\RDMCT-A3C\cie\models\proposed\cie_proposed_all_cie_proposed\cie_proposed_all_cie_proposed_2026_08_02_15_03_12_0000--s-2\itr_60.pkl,23,True,beam_search,
cie_core_nominal,dual_source_cluster_tool,8_to_32_wafers_nominal_processing,test,600.0,[],D:\git\git\RDMCT-A3C\cie\data\core\spbs\cie_core_n024_f012_m012_proc100.lp,spbs\cie_core_n024_f012_m012_proc100.lp,cie_core_n024_f012_m012_proc100.lp,proposed,2,2,stability_stage2_off_trainseed_2,stage2_off,False,linear,60.0,auto,2026-08-07T13:49:11,optimal,optimal,not_run,279.76121240000066,279.8991477000018,1,0.021827900000062073,0.009999275207519531,0.0009968280792236328,0.006000518798828125,0.002003192901611328,1,0,49764.0,0.0,22004.290516632413,2246.000000000018,119514.00000000012,10000.0,0.22425475161142666,75.00000000001455,4,True,D:\git\git\RDMCT-A3C\cie\results\stability\cie_stability_600s_mem2048_repro_v1\s2_t1to5\solutions\cie_core_nominal__cie_core_n024_f012_m012_proc100__proposed__solverseed_2__trainseed_2__stability_stage2_off_trainseed_2.sol,,,,D:\git\git\RDMCT-A3C\cie\models\proposed\cie_proposed_all_cie_proposed\cie_proposed_all_cie_proposed_2026_08_02_15_03_12_0000--s-2\itr_60.pkl,23,True,beam_search,
cie_core_nominal,dual_source_cluster_tool,8_to_32_wafers_nominal_processing,test,600.0,[],D:\git\git\RDMCT-A3C\cie\data\core\spbs\cie_core_n024_f018_m006_proc100.lp,spbs\cie_core_n024_f018_m006_proc100.lp,cie_core_n024_f018_m006_proc100.lp,proposed,2,2,stability_stage2_off_trainseed_2,stage2_off,False,linear,60.0,auto,2026-08-07T13:53:51,timelimit,timelimit,not_run,599.8816694000016,600.0914907000006,1,0.05778410000129952,0.010997295379638672,0.0010013580322265625,0.006001472473144531,0.0020003318786621094,1,0,95846.0,3.719478881732488,47374.05484772406,10514.9989485,100915.9949123,9999.999,0.5261966247503015,67.999998,1,True,D:\git\git\RDMCT-A3C\cie\results\stability\cie_stability_600s_mem2048_repro_v1\s2_t1to5\solutions\cie_core_nominal__cie_core_n024_f018_m006_proc100__proposed__solverseed_2__trainseed_2__stability_stage2_off_trainseed_2.sol,,,,D:\git\git\RDMCT-A3C\cie\models\proposed\cie_proposed_all_cie_proposed\cie_proposed_all_cie_proposed_2026_08_02_15_03_12_0000--s-2\itr_60.pkl,23,True,beam_search,
cie_core_nominal,dual_source_cluster_tool,8_to_32_wafers_nominal_processing,test,600.0,[],D:\git\git\RDMCT-A3C\cie\data\core\spbs\cie_core_n032_f000_m032_proc100.lp,spbs\cie_core_n032_f000_m032_proc100.lp,cie_core_n032_f000_m032_proc100.lp,proposed,2,2,stability_stage2_off_trainseed_2,stage2_off,False,linear,60.0,auto,2026-08-07T14:03:51,timelimit,timelimit,not_run,599.8086068999983,600.0206947000006,1,0.059358099999371916,0.007999420166015625,0.0009968280792236328,0.009005308151245117,0.0019979476928710938,1,0,68968.0,3.069272038893189,45526.75772828756,10514.9989485,230581.9759206,9999.999,0.22043254564375014,295.9999905000003,1,True,D:\git\git\RDMCT-A3C\cie\results\stability\cie_stability_600s_mem2048_repro_v1\s2_t1to5\solutions\cie_core_nominal__cie_core_n032_f000_m032_proc100__proposed__solverseed_2__trainseed_2__stability_stage2_off_trainseed_2.sol,,,,D:\git\git\RDMCT-A3C\cie\models\proposed\cie_proposed_all_cie_proposed\cie_proposed_all_cie_proposed_2026_08_02_15_03_12_0000--s-2\itr_60.pkl,23,True,beam_search,
cie_core_nominal,dual_source_cluster_tool,8_to_32_wafers_nominal_processing,test,600.0,[],D:\git\git\RDMCT-A3C\cie\data\core\spbs\cie_core_n032_f008_m024_proc100.lp,spbs\cie_core_n032_f008_m024_proc100.lp,cie_core_n032_f008_m024_proc100.lp,proposed,2,2,stability_stage2_off_trainseed_2,stage2_off,False,linear,60.0,auto,2026-08-07T14:13:51,timelimit,timelimit,not_run,599.7842022000004,599.9779300000009,1,0.05608289999872795,0.008996963500976562,0.0,0.0060002803802490234,0.002003192901611328,1,0,63746.0,3.172618630357143,45872.33334710019,10514.9989485,166409.9945901,9999.999,0.0,0.0,1,True,D:\git\git\RDMCT-A3C\cie\results\stability\cie_stability_600s_mem2048_repro_v1\s2_t1to5\solutions\cie_core_nominal__cie_core_n032_f008_m024_proc100__proposed__solverseed_2__trainseed_2__stability_stage2_off_trainseed_2.sol,,,,D:\git\git\RDMCT-A3C\cie\models\proposed\cie_proposed_all_cie_proposed\cie_proposed_all_cie_proposed_2026_08_02_15_03_12_0000--s-2\itr_60.pkl,23,True,beam_search,
cie_core_nominal,dual_source_cluster_tool,8_to_32_wafers_nominal_processing,test,600.0,[],D:\git\git\RDMCT-A3C\cie\data\core\spbs\cie_core_n032_f016_m016_proc100.lp,spbs\cie_core_n032_f016_m016_proc100.lp,cie_core_n032_f016_m016_proc100.lp,proposed,2,2,stability_stage2_off_trainseed_2,stage2_off,False,linear,60.0,auto,2026-08-07T14:23:51,timelimit,timelimit,not_run,599.7831186000003,600.0364824000026,1,0.06123700000171084,0.012000083923339844,0.0009963512420654297,0.006000518798828125,0.0020055770874023438,1,0,68911.0,3.120297393612847,45759.513554553334,10514.9989485,163641.9847201,9999.999,0.5067053559888083,397.9999987999993,1,True,D:\git\git\RDMCT-A3C\cie\results\stability\cie_stability_600s_mem2048_repro_v1\s2_t1to5\solutions\cie_core_nominal__cie_core_n032_f016_m016_proc100__proposed__solverseed_2__trainseed_2__stability_stage2_off_trainseed_2.sol,,,,D:\git\git\RDMCT-A3C\cie\models\proposed\cie_proposed_all_cie_proposed\cie_proposed_all_cie_proposed_2026_08_02_15_03_12_0000--s-2\itr_60.pkl,23,True,beam_search,
cie_core_nominal,dual_source_cluster_tool,8_to_32_wafers_nominal_processing,test,600.0,[],D:\git\git\RDMCT-A3C\cie\data\core\spbs\cie_core_n032_f024_m008_proc100.lp,spbs\cie_core_n032_f024_m008_proc100.lp,cie_core_n032_f024_m008_proc100.lp,proposed,2,2,stability_stage2_off_trainseed_2,stage2_off,False,linear,60.0,auto,2026-08-07T14:33:51,timelimit,timelimit,not_run,599.6840806,599.9664477000006,1,0.0693107000006421,0.01700305938720703,0.0009968280792236328,0.010003328323364258,0.001996755599975586,1,0,59862.0,3.323601541324013,46681.67246750153,10514.9989485,136874.9967606,9999.999,2.0179011933335302,6339.999216800001,1,True,D:\git\git\RDMCT-A3C\cie\results\stability\cie_stability_600s_mem2048_repro_v1\s2_t1to5\solutions\cie_core_nominal__cie_core_n032_f024_m008_proc100__proposed__solverseed_2__trainseed_2__stability_stage2_off_trainseed_2.sol,,,,D:\git\git\RDMCT-A3C\cie\models\proposed\cie_proposed_all_cie_proposed\cie_proposed_all_cie_proposed_2026_08_02_15_03_12_0000--s-2\itr_60.pkl,23,True,beam_search,
cie_core_nominal,dual_source_cluster_tool,8_to_32_wafers_nominal_processing,test,600.0,[],D:\git\git\RDMCT-A3C\cie\data\core\pure41\cie_core_n008_f008_m000_proc100.lp,pure41\cie_core_n008_f008_m000_proc100.lp,cie_core_n008_f008_m000_proc100.lp,proposed,2,3,stability_stage2_off_trainseed_3,stage2_off,False,linear,60.0,auto,2026-08-07T14:43:53,optimal,optimal,not_run,0.38677349999852595,0.40662610000072164,1,0.35807980000026873,0.006002664566040039,0.0,0.34899473190307617,0.0020062923431396484,1,0,1.0,0.0,2.622950819672131,610.0,440.0,58.0,0.0,0.0,2,True,D:\git\git\RDMCT-A3C\cie\results\stability\cie_stability_600s_mem2048_repro_v1\s2_t1to5\solutions\cie_core_nominal__cie_core_n008_f008_m000_proc100__proposed__solverseed_2__trainseed_3__stability_stage2_off_trainseed_3.sol,,,,D:\git\git\RDMCT-A3C\cie\models\proposed\cie_proposed_all_cie_proposed\cie_proposed_all_cie_proposed_2026_08_02_15_10_55_0000--s-3\itr_60.pkl,23,True,beam_search,
cie_core_nominal,dual_source_cluster_tool,8_to_32_wafers_nominal_processing,test,600.0,[],D:\git\git\RDMCT-A3C\cie\data\core\pure41\cie_core_n016_f016_m000_proc100.lp,pure41\cie_core_n016_f016_m000_proc100.lp,cie_core_n016_f016_m000_proc100.lp,proposed,2,3,stability_stage2_off_trainseed_3,stage2_off,False,linear,60.0,auto,2026-08-07T14:43:54,optimal,optimal,not_run,0.23796669999865117,0.29383339999913005,1,0.015225100003590342,0.005998134613037109,0.0,0.004999399185180664,0.002002716064453125,1,0,1.0,0.0,0.0,944.0,20609.0,10000.0,0.015197568389057751,0.0,2,True,D:\git\git\RDMCT-A3C\cie\results\stability\cie_stability_600s_mem2048_repro_v1\s2_t1to5\solutions\cie_core_nominal__cie_core_n016_f016_m000_proc100__proposed__solverseed_2__trainseed_3__stability_stage2_off_trainseed_3.sol,,,,D:\git\git\RDMCT-A3C\cie\models\proposed\cie_proposed_all_cie_proposed\cie_proposed_all_cie_proposed_2026_08_02_15_10_55_0000--s-3\itr_60.pkl,23,True,beam_search,
cie_core_nominal,dual_source_cluster_tool,8_to_32_wafers_nominal_processing,test,600.0,[],D:\git\git\RDMCT-A3C\cie\data\core\pure41\cie_core_n024_f024_m000_proc100.lp,pure41\cie_core_n024_f024_m000_proc100.lp,cie_core_n024_f024_m000_proc100.lp,proposed,2,3,stability_stage2_off_trainseed_3,stage2_off,False,linear,60.0,auto,2026-08-07T14:43:54,optimal,optimal,not_run,2.248377400002937,2.376571699998749,1,0.05099329999939073,0.009001731872558594,0.0,0.004999876022338867,0.0020029544830322266,1,0,1.0,0.0,200.0,1268.0,40006.0,10000.0,0.0,0.0,2,True,D:\git\git\RDMCT-A3C\cie\results\stability\cie_stability_600s_mem2048_repro_v1\s2_t1to5\solutions\cie_core_nominal__cie_core_n024_f024_m000_proc100__proposed__solverseed_2__trainseed_3__stability_stage2_off_trainseed_3.sol,,,,D:\git\git\RDMCT-A3C\cie\models\proposed\cie_proposed_all_cie_proposed\cie_proposed_all_cie_proposed_2026_08_02_15_10_55_0000--s-3\itr_60.pkl,23,True,beam_search,
cie_core_nominal,dual_source_cluster_tool,8_to_32_wafers_nominal_processing,test,600.0,[],D:\git\git\RDMCT-A3C\cie\data\core\pure41\cie_core_n032_f032_m000_proc100.lp,pure41\cie_core_n032_f032_m000_proc100.lp,cie_core_n032_f032_m000_proc100.lp,proposed,2,3,stability_stage2_off_trainseed_3,stage2_off,False,linear,60.0,auto,2026-08-07T14:43:56,optimal,optimal,not_run,6.751213700001244,6.986056199999439,0,0.0,0.0,0.0,0.0,0.0,0,0,1.0,0.0,700.0,1592.0,60319.0,10000.0,0.016745977724454096,23.0,1,True,D:\git\git\RDMCT-A3C\cie\results\stability\cie_stability_600s_mem2048_repro_v1\s2_t1to5\solutions\cie_core_nominal__cie_core_n032_f032_m000_proc100__proposed__solverseed_2__trainseed_3__stability_stage2_off_trainseed_3.sol,,,,D:\git\git\RDMCT-A3C\cie\models\proposed\cie_proposed_all_cie_proposed\cie_proposed_all_cie_proposed_2026_08_02_15_10_55_0000--s-3\itr_60.pkl,23,True,beam_search,
cie_core_nominal,dual_source_cluster_tool,8_to_32_wafers_nominal_processing,test,600.0,[],D:\git\git\RDMCT-A3C\cie\data\core\spbs\cie_core_n008_f000_m008_proc100.lp,spbs\cie_core_n008_f000_m008_proc100.lp,cie_core_n008_f000_m008_proc100.lp,proposed,2,3,stability_stage2_off_trainseed_3,stage2_off,False,linear,60.0,auto,2026-08-07T14:44:03,optimal,optimal,not_run,0.4060989999998128,0.42748289999872213,1,0.01706000000194763,0.005999088287353516,0.0,0.008003711700439453,0.0019996166229248047,1,0,478.0,0.0,92.84286594460829,768.0,60284.0,10000.0,0.04134869301888566,18.0,2,True,D:\git\git\RDMCT-A3C\cie\results\stability\cie_stability_600s_mem2048_repro_v1\s2_t1to5\solutions\cie_core_nominal__cie_core_n008_f000_m008_proc100__proposed__solverseed_2__trainseed_3__stability_stage2_off_trainseed_3.sol,,,,D:\git\git\RDMCT-A3C\cie\models\proposed\cie_proposed_all_cie_proposed\cie_proposed_all_cie_proposed_2026_08_02_15_10_55_0000--s-3\itr_60.pkl,23,True,beam_search,
cie_core_nominal,dual_source_cluster_tool,8_to_32_wafers_nominal_processing,test,600.0,[],D:\git\git\RDMCT-A3C\cie\data\core\spbs\cie_core_n008_f002_m006_proc100.lp,spbs\cie_core_n008_f002_m006_proc100.lp,cie_core_n008_f002_m006_proc100.lp,proposed,2,3,stability_stage2_off_trainseed_3,stage2_off,False,linear,60.0,auto,2026-08-07T14:44:04,optimal,optimal,not_run,0.5974364999965474,0.6524610000014945,1,0.014645600000221748,0.006000041961669922,0.0,0.00500035285949707,0.0019996166229248047,1,0,845.0,0.0,0.0,900.0,61122.0,10000.0,0.025163942390980333,0.0,3,True,D:\git\git\RDMCT-A3C\cie\results\stability\cie_stability_600s_mem2048_repro_v1\s2_t1to5\solutions\cie_core_nominal__cie_core_n008_f002_m006_proc100__proposed__solverseed_2__trainseed_3__stability_stage2_off_trainseed_3.sol,,,,D:\git\git\RDMCT-A3C\cie\models\proposed\cie_proposed_all_cie_proposed\cie_proposed_all_cie_proposed_2026_08_02_15_10_55_0000--s-3\itr_60.pkl,23,True,beam_search,
cie_core_nominal,dual_source_cluster_tool,8_to_32_wafers_nominal_processing,test,600.0,[],D:\git\git\RDMCT-A3C\cie\data\core\spbs\cie_core_n008_f004_m004_proc100.lp,spbs\cie_core_n008_f004_m004_proc100.lp,cie_core_n008_f004_m004_proc100.lp,proposed,2,3,stability_stage2_off_trainseed_3,stage2_off,False,linear,60.0,auto,2026-08-07T14:44:04,optimal,optimal,not_run,0.3259522000007564,0.34947729999839794,1,0.01444919999994454,0.004999876022338867,0.0009999275207519531,0.005000591278076172,0.001999378204345703,1,0,427.0,0.0,92.30988787665359,833.9999999999673,51071.99999999984,10000.0,0.22689075630246783,0.0,3,True,D:\git\git\RDMCT-A3C\cie\results\stability\cie_stability_600s_mem2048_repro_v1\s2_t1to5\solutions\cie_core_nominal__cie_core_n008_f004_m004_proc100__proposed__solverseed_2__trainseed_3__stability_stage2_off_trainseed_3.sol,,,,D:\git\git\RDMCT-A3C\cie\models\proposed\cie_proposed_all_cie_proposed\cie_proposed_all_cie_proposed_2026_08_02_15_10_55_0000--s-3\itr_60.pkl,23,True,beam_search,
cie_core_nominal,dual_source_cluster_tool,8_to_32_wafers_nominal_processing,test,600.0,[],D:\git\git\RDMCT-A3C\cie\data\core\spbs\cie_core_n008_f006_m002_proc100.lp,spbs\cie_core_n008_f006_m002_proc100.lp,cie_core_n008_f006_m002_proc100.lp,proposed,2,3,stability_stage2_off_trainseed_3,stage2_off,False,linear,60.0,auto,2026-08-07T14:44:05,optimal,optimal,not_run,0.32156749999921885,0.34654410000075586,1,0.022618099999817787,0.005999088287353516,0.0010001659393310547,0.012999773025512695,0.0019969940185546875,1,0,244.0,0.0,0.0,833.9999999999927,30468.999999999956,10000.0,0.0,0.0,3,True,D:\git\git\RDMCT-A3C\cie\results\stability\cie_stability_600s_mem2048_repro_v1\s2_t1to5\solutions\cie_core_nominal__cie_core_n008_f006_m002_proc100__proposed__solverseed_2__trainseed_3__stability_stage2_off_trainseed_3.sol,,,,D:\git\git\RDMCT-A3C\cie\models\proposed\cie_proposed_all_cie_proposed\cie_proposed_all_cie_proposed_2026_08_02_15_10_55_0000--s-3\itr_60.pkl,23,True,beam_search,
cie_core_nominal,dual_source_cluster_tool,8_to_32_wafers_nominal_processing,test,600.0,[],D:\git\git\RDMCT-A3C\cie\data\core\spbs\cie_core_n016_f000_m016_proc100.lp,spbs\cie_core_n016_f000_m016_proc100.lp,cie_core_n016_f000_m016_proc100.lp,proposed,2,3,stability_stage2_off_trainseed_3,stage2_off,False,linear,60.0,auto,2026-08-07T14:44:05,optimal,optimal,not_run,33.43478250000044,33.47812690000137,1,0.13968949999980396,0.0070002079010009766,0.0,0.05799984931945801,0.0020034313201904297,1,0,15770.0,0.0,3032.6258317312236,1136.0,100710.0,10000.0,0.0,0.0,3,True,D:\git\git\RDMCT-A3C\cie\results\stability\cie_stability_600s_mem2048_repro_v1\s2_t1to5\solutions\cie_core_nominal__cie_core_n016_f000_m016_proc100__proposed__solverseed_2__trainseed_3__stability_stage2_off_trainseed_3.sol,,,,D:\git\git\RDMCT-A3C\cie\models\proposed\cie_proposed_all_cie_proposed\cie_proposed_all_cie_proposed_2026_08_02_15_10_55_0000--s-3\itr_60.pkl,23,True,beam_search,
cie_core_nominal,dual_source_cluster_tool,8_to_32_wafers_nominal_processing,test,600.0,[],D:\git\git\RDMCT-A3C\cie\data\core\spbs\cie_core_n016_f004_m012_proc100.lp,spbs\cie_core_n016_f004_m012_proc100.lp,cie_core_n016_f004_m012_proc100.lp,proposed,2,3,stability_stage2_off_trainseed_3,stage2_off,False,linear,60.0,auto,2026-08-07T14:44:39,optimal,optimal,not_run,10.059908999999607,10.133299000000989,1,0.04899999999906868,0.006000518798828125,0.0009999275207519531,0.005000114440917969,0.001996278762817383,1,0,4493.0,0.0,887.8842564195288,1202.0,91030.0,10000.0,0.0,0.0,9,True,D:\git\git\RDMCT-A3C\cie\results\stability\cie_stability_600s_mem2048_repro_v1\s2_t1to5\solutions\cie_core_nominal__cie_core_n016_f004_m012_proc100__proposed__solverseed_2__trainseed_3__stability_stage2_off_trainseed_3.sol,,,,D:\git\git\RDMCT-A3C\cie\models\proposed\cie_proposed_all_cie_proposed\cie_proposed_all_cie_proposed_2026_08_02_15_10_55_0000--s-3\itr_60.pkl,23,True,beam_search,
cie_core_nominal,dual_source_cluster_tool,8_to_32_wafers_nominal_processing,test,600.0,[],D:\git\git\RDMCT-A3C\cie\data\core\spbs\cie_core_n016_f008_m008_proc100.lp,spbs\cie_core_n016_f008_m008_proc100.lp,cie_core_n016_f008_m008_proc100.lp,proposed,2,3,stability_stage2_off_trainseed_3,stage2_off,False,linear,60.0,auto,2026-08-07T14:44:49,optimal,optimal,not_run,22.55462759999864,22.635809000003064,1,0.052145500001643086,0.008997440338134766,0.0,0.0060002803802490234,0.00099945068359375,1,0,18081.0,0.0,1625.006362109661,1170.0,81596.0,10000.0,0.08076920864310827,36.0,4,True,D:\git\git\RDMCT-A3C\cie\results\stability\cie_stability_600s_mem2048_repro_v1\s2_t1to5\solutions\cie_core_nominal__cie_core_n016_f008_m008_proc100__proposed__solverseed_2__trainseed_3__stability_stage2_off_trainseed_3.sol,,,,D:\git\git\RDMCT-A3C\cie\models\proposed\cie_proposed_all_cie_proposed\cie_proposed_all_cie_proposed_2026_08_02_15_10_55_0000--s-3\itr_60.pkl,23,True,beam_search,
cie_core_nominal,dual_source_cluster_tool,8_to_32_wafers_nominal_processing,test,600.0,[],D:\git\git\RDMCT-A3C\cie\data\core\spbs\cie_core_n016_f012_m004_proc100.lp,spbs\cie_core_n016_f012_m004_proc100.lp,cie_core_n016_f012_m004_proc100.lp,proposed,2,3,stability_stage2_off_trainseed_3,stage2_off,False,linear,60.0,auto,2026-08-07T14:45:11,optimal,optimal,not_run,35.45973650000087,35.5529334999992,1,0.055492100000265054,0.007999420166015625,0.0,0.01000070571899414,0.0019998550415039062,1,0,18064.0,0.0,3222.1778033970477,1158.0,69796.0,10000.0,0.2861125704223025,0.0,4,True,D:\git\git\RDMCT-A3C\cie\results\stability\cie_stability_600s_mem2048_repro_v1\s2_t1to5\solutions\cie_core_nominal__cie_core_n016_f012_m004_proc100__proposed__solverseed_2__trainseed_3__stability_stage2_off_trainseed_3.sol,,,,D:\git\git\RDMCT-A3C\cie\models\proposed\cie_proposed_all_cie_proposed\cie_proposed_all_cie_proposed_2026_08_02_15_10_55_0000--s-3\itr_60.pkl,23,True,beam_search,
cie_core_nominal,dual_source_cluster_tool,8_to_32_wafers_nominal_processing,test,600.0,[],D:\git\git\RDMCT-A3C\cie\data\core\spbs\cie_core_n024_f000_m024_proc100.lp,spbs\cie_core_n024_f000_m024_proc100.lp,cie_core_n024_f000_m024_proc100.lp,proposed,2,3,stability_stage2_off_trainseed_3,stage2_off,False,linear,60.0,auto,2026-08-07T14:45:47,optimal,optimal,not_run,422.4156765999978,422.5472942999986,1,0.05275909999909345,0.007997989654541016,0.0009989738464355469,0.005000114440917969,0.0020034313201904297,1,0,85714.0,0.0,32313.137998591385,2224.0,162325.99999999997,10000.0,0.017927701569477837,11.999999999992724,5,True,D:\git\git\RDMCT-A3C\cie\results\stability\cie_stability_600s_mem2048_repro_v1\s2_t1to5\solutions\cie_core_nominal__cie_core_n024_f000_m024_proc100__proposed__solverseed_2__trainseed_3__stability_stage2_off_trainseed_3.sol,,,,D:\git\git\RDMCT-A3C\cie\models\proposed\cie_proposed_all_cie_proposed\cie_proposed_all_cie_proposed_2026_08_02_15_10_55_0000--s-3\itr_60.pkl,23,True,beam_search,
cie_core_nominal,dual_source_cluster_tool,8_to_32_wafers_nominal_processing,test,600.0,[],D:\git\git\RDMCT-A3C\cie\data\core\spbs\cie_core_n024_f006_m018_proc100.lp,spbs\cie_core_n024_f006_m018_proc100.lp,cie_core_n024_f006_m018_proc100.lp,proposed,2,3,stability_stage2_off_trainseed_3,stage2_off,False,linear,60.0,auto,2026-08-07T14:52:49,timelimit,timelimit,not_run,599.0153116999973,599.2301206999982,1,0.047159199999441626,0.006999015808105469,0.0019998550415039062,0.005002260208129883,0.0019981861114501953,1,0,196236.0,3.6526544019911507,47196.19463022336,10514.9989485,158596.9850112,9999.999,0.21774702827521059,64.00001149999832,1,True,D:\git\git\RDMCT-A3C\cie\results\stability\cie_stability_600s_mem2048_repro_v1\s2_t1to5\solutions\cie_core_nominal__cie_core_n024_f006_m018_proc100__proposed__solverseed_2__trainseed_3__stability_stage2_off_trainseed_3.sol,,,,D:\git\git\RDMCT-A3C\cie\models\proposed\cie_proposed_all_cie_proposed\cie_proposed_all_cie_proposed_2026_08_02_15_10_55_0000--s-3\itr_60.pkl,23,True,beam_search,
cie_core_nominal,dual_source_cluster_tool,8_to_32_wafers_nominal_processing,test,600.0,[],D:\git\git\RDMCT-A3C\cie\data\core\spbs\cie_core_n024_f012_m012_proc100.lp,spbs\cie_core_n024_f012_m012_proc100.lp,cie_core_n024_f012_m012_proc100.lp,proposed,2,3,stability_stage2_off_trainseed_3,stage2_off,False,linear,60.0,auto,2026-08-07T15:02:49,optimal,optimal,not_run,282.5569233000024,282.66441329999725,1,0.05662039999879198,0.010002851486206055,0.0010004043579101562,0.00500035285949707,0.00099945068359375,1,0,49764.0,0.0,22241.104585444587,2246.000000000018,119514.00000000012,10000.0,0.22425475161142666,75.00000000001455,4,True,D:\git\git\RDMCT-A3C\cie\results\stability\cie_stability_600s_mem2048_repro_v1\s2_t1to5\solutions\cie_core_nominal__cie_core_n024_f012_m012_proc100__proposed__solverseed_2__trainseed_3__stability_stage2_off_trainseed_3.sol,,,,D:\git\git\RDMCT-A3C\cie\models\proposed\cie_proposed_all_cie_proposed\cie_proposed_all_cie_proposed_2026_08_02_15_10_55_0000--s-3\itr_60.pkl,23,True,beam_search,
cie_core_nominal,dual_source_cluster_tool,8_to_32_wafers_nominal_processing,test,600.0,[],D:\git\git\RDMCT-A3C\cie\data\core\spbs\cie_core_n024_f018_m006_proc100.lp,spbs\cie_core_n024_f018_m006_proc100.lp,cie_core_n024_f018_m006_proc100.lp,proposed,2,3,stability_stage2_off_trainseed_3,stage2_off,False,linear,60.0,auto,2026-08-07T15:07:31,timelimit,timelimit,not_run,599.0750735000001,599.2486453999991,1,0.0295445000010659,0.010996818542480469,0.0020051002502441406,0.004998207092285156,0.0009963512420654297,1,0,93727.0,3.719478881732488,47395.243627779215,10514.9989485,100915.9949123,9999.999,0.5261966247503015,67.999998,1,True,D:\git\git\RDMCT-A3C\cie\results\stability\cie_stability_600s_mem2048_repro_v1\s2_t1to5\solutions\cie_core_nominal__cie_core_n024_f018_m006_proc100__proposed__solverseed_2__trainseed_3__stability_stage2_off_trainseed_3.sol,,,,D:\git\git\RDMCT-A3C\cie\models\proposed\cie_proposed_all_cie_proposed\cie_proposed_all_cie_proposed_2026_08_02_15_10_55_0000--s-3\itr_60.pkl,23,True,beam_search,
cie_core_nominal,dual_source_cluster_tool,8_to_32_wafers_nominal_processing,test,600.0,[],D:\git\git\RDMCT-A3C\cie\data\core\spbs\cie_core_n032_f000_m032_proc100.lp,spbs\cie_core_n032_f000_m032_proc100.lp,cie_core_n032_f000_m032_proc100.lp,proposed,2,3,stability_stage2_off_trainseed_3,stage2_off,False,linear,60.0,auto,2026-08-07T15:17:31,timelimit,timelimit,not_run,599.865438599998,600.034460400002,1,0.09672710000086227,0.006994009017944336,0.0010030269622802734,0.0049974918365478516,0.0009987354278564453,1,0,69366.0,3.069272038893189,45526.64405387257,10514.9989485,230581.9759206,9999.999,0.22043254564375014,295.9999905000003,1,True,D:\git\git\RDMCT-A3C\cie\results\stability\cie_stability_600s_mem2048_repro_v1\s2_t1to5\solutions\cie_core_nominal__cie_core_n032_f000_m032_proc100__proposed__solverseed_2__trainseed_3__stability_stage2_off_trainseed_3.sol,,,,D:\git\git\RDMCT-A3C\cie\models\proposed\cie_proposed_all_cie_proposed\cie_proposed_all_cie_proposed_2026_08_02_15_10_55_0000--s-3\itr_60.pkl,23,True,beam_search,
cie_core_nominal,dual_source_cluster_tool,8_to_32_wafers_nominal_processing,test,600.0,[],D:\git\git\RDMCT-A3C\cie\data\core\spbs\cie_core_n032_f008_m024_proc100.lp,spbs\cie_core_n032_f008_m024_proc100.lp,cie_core_n032_f008_m024_proc100.lp,proposed,2,3,stability_stage2_off_trainseed_3,stage2_off,False,linear,60.0,auto,2026-08-07T15:27:31,timelimit,timelimit,not_run,599.8121084000013,600.0013801000023,1,0.05514449999827775,0.00899648666381836,0.0,0.0060002803802490234,0.001003265380859375,1,0,64101.0,3.172618630357143,45848.70043936362,10514.9989485,166409.9945901,9999.999,0.0,0.0,1,True,D:\git\git\RDMCT-A3C\cie\results\stability\cie_stability_600s_mem2048_repro_v1\s2_t1to5\solutions\cie_core_nominal__cie_core_n032_f008_m024_proc100__proposed__solverseed_2__trainseed_3__stability_stage2_off_trainseed_3.sol,,,,D:\git\git\RDMCT-A3C\cie\models\proposed\cie_proposed_all_cie_proposed\cie_proposed_all_cie_proposed_2026_08_02_15_10_55_0000--s-3\itr_60.pkl,23,True,beam_search,
cie_core_nominal,dual_source_cluster_tool,8_to_32_wafers_nominal_processing,test,600.0,[],D:\git\git\RDMCT-A3C\cie\data\core\spbs\cie_core_n032_f016_m016_proc100.lp,spbs\cie_core_n032_f016_m016_proc100.lp,cie_core_n032_f016_m016_proc100.lp,proposed,2,3,stability_stage2_off_trainseed_3,stage2_off,False,linear,60.0,auto,2026-08-07T15:37:31,timelimit,timelimit,not_run,599.8087966999992,600.0538708999993,1,0.05986750000010943,0.012999773025512695,0.0,0.0050008296966552734,0.002002716064453125,1,0,69577.0,3.120297393612847,45737.4308134007,10514.9989485,163641.9847201,9999.999,0.5067053559888083,397.9999987999993,1,True,D:\git\git\RDMCT-A3C\cie\results\stability\cie_stability_600s_mem2048_repro_v1\s2_t1to5\solutions\cie_core_nominal__cie_core_n032_f016_m016_proc100__proposed__solverseed_2__trainseed_3__stability_stage2_off_trainseed_3.sol,,,,D:\git\git\RDMCT-A3C\cie\models\proposed\cie_proposed_all_cie_proposed\cie_proposed_all_cie_proposed_2026_08_02_15_10_55_0000--s-3\itr_60.pkl,23,True,beam_search,
cie_core_nominal,dual_source_cluster_tool,8_to_32_wafers_nominal_processing,test,600.0,[],D:\git\git\RDMCT-A3C\cie\data\core\spbs\cie_core_n032_f024_m008_proc100.lp,spbs\cie_core_n032_f024_m008_proc100.lp,cie_core_n032_f024_m008_proc100.lp,proposed,2,3,stability_stage2_off_trainseed_3,stage2_off,False,linear,60.0,auto,2026-08-07T15:47:31,timelimit,timelimit,not_run,599.6829720000023,599.9964805999989,1,0.06383899999855203,0.016000032424926758,0.0009999275207519531,0.005000591278076172,0.0019996166229248047,1,0,60551.0,3.323601541324013,46680.77850640405,10514.9989485,136874.9967606,9999.999,2.0179011933335302,6339.999216800001,1,True,D:\git\git\RDMCT-A3C\cie\results\stability\cie_stability_600s_mem2048_repro_v1\s2_t1to5\solutions\cie_core_nominal__cie_core_n032_f024_m008_proc100__proposed__solverseed_2__trainseed_3__stability_stage2_off_trainseed_3.sol,,,,D:\git\git\RDMCT-A3C\cie\models\proposed\cie_proposed_all_cie_proposed\cie_proposed_all_cie_proposed_2026_08_02_15_10_55_0000--s-3\itr_60.pkl,23,True,beam_search,
cie_core_nominal,dual_source_cluster_tool,8_to_32_wafers_nominal_processing,test,600.0,[],D:\git\git\RDMCT-A3C\cie\data\core\pure41\cie_core_n008_f008_m000_proc100.lp,pure41\cie_core_n008_f008_m000_proc100.lp,cie_core_n008_f008_m000_proc100.lp,proposed,2,4,stability_stage2_off_trainseed_4,stage2_off,False,linear,60.0,auto,2026-08-07T15:57:33,optimal,optimal,not_run,0.41106110000328044,0.4304706000002625,1,0.3823363999981666,0.0060002803802490234,0.0,0.37400269508361816,0.0019998550415039062,1,0,1.0,0.0,2.622950819672131,610.0,440.0,58.0,0.0,0.0,2,True,D:\git\git\RDMCT-A3C\cie\results\stability\cie_stability_600s_mem2048_repro_v1\s2_t1to5\solutions\cie_core_nominal__cie_core_n008_f008_m000_proc100__proposed__solverseed_2__trainseed_4__stability_stage2_off_trainseed_4.sol,,,,D:\git\git\RDMCT-A3C\cie\models\proposed\cie_proposed_all_cie_proposed\cie_proposed_all_cie_proposed_2026_08_02_15_19_25_0000--s-4\itr_60.pkl,23,True,beam_search,
cie_core_nominal,dual_source_cluster_tool,8_to_32_wafers_nominal_processing,test,600.0,[],D:\git\git\RDMCT-A3C\cie\data\core\pure41\cie_core_n016_f016_m000_proc100.lp,pure41\cie_core_n016_f016_m000_proc100.lp,cie_core_n016_f016_m000_proc100.lp,proposed,2,4,stability_stage2_off_trainseed_4,stage2_off,False,linear,60.0,auto,2026-08-07T15:57:34,optimal,optimal,not_run,0.2709635999999591,0.3223744999995688,1,0.04791009999826201,0.00599980354309082,0.0,0.037999629974365234,0.0020084381103515625,1,0,1.0,0.0,0.0,944.0,20707.0,10000.0,0.0,0.0,2,True,D:\git\git\RDMCT-A3C\cie\results\stability\cie_stability_600s_mem2048_repro_v1\s2_t1to5\solutions\cie_core_nominal__cie_core_n016_f016_m000_proc100__proposed__solverseed_2__trainseed_4__stability_stage2_off_trainseed_4.sol,,,,D:\git\git\RDMCT-A3C\cie\models\proposed\cie_proposed_all_cie_proposed\cie_proposed_all_cie_proposed_2026_08_02_15_19_25_0000--s-4\itr_60.pkl,23,True,beam_search,
cie_core_nominal,dual_source_cluster_tool,8_to_32_wafers_nominal_processing,test,600.0,[],D:\git\git\RDMCT-A3C\cie\data\core\pure41\cie_core_n024_f024_m000_proc100.lp,pure41\cie_core_n024_f024_m000_proc100.lp,cie_core_n024_f024_m000_proc100.lp,proposed,2,4,stability_stage2_off_trainseed_4,stage2_off,False,linear,60.0,auto,2026-08-07T15:57:34,optimal,optimal,not_run,2.2718821999987995,2.3963164999986475,1,0.07534320000195294,0.008999824523925781,0.0,0.029999971389770508,0.0009968280792236328,1,0,1.0,0.0,200.0,1268.0,40072.0,10000.0,0.0132622573320741,10.0,2,True,D:\git\git\RDMCT-A3C\cie\results\stability\cie_stability_600s_mem2048_repro_v1\s2_t1to5\solutions\cie_core_nominal__cie_core_n024_f024_m000_proc100__proposed__solverseed_2__trainseed_4__stability_stage2_off_trainseed_4.sol,,,,D:\git\git\RDMCT-A3C\cie\models\proposed\cie_proposed_all_cie_proposed\cie_proposed_all_cie_proposed_2026_08_02_15_19_25_0000--s-4\itr_60.pkl,23,True,beam_search,
cie_core_nominal,dual_source_cluster_tool,8_to_32_wafers_nominal_processing,test,600.0,[],D:\git\git\RDMCT-A3C\cie\data\core\pure41\cie_core_n032_f032_m000_proc100.lp,pure41\cie_core_n032_f032_m000_proc100.lp,cie_core_n032_f032_m000_proc100.lp,proposed,2,4,stability_stage2_off_trainseed_4,stage2_off,False,linear,60.0,auto,2026-08-07T15:57:36,optimal,optimal,not_run,6.7977911999987555,7.03186629999982,0,0.0,0.0,0.0,0.0,0.0,0,0,1.0,0.0,600.0,1592.0,60319.0,10000.0,0.016745977724454096,23.0,1,True,D:\git\git\RDMCT-A3C\cie\results\stability\cie_stability_600s_mem2048_repro_v1\s2_t1to5\solutions\cie_core_nominal__cie_core_n032_f032_m000_proc100__proposed__solverseed_2__trainseed_4__stability_stage2_off_trainseed_4.sol,,,,D:\git\git\RDMCT-A3C\cie\models\proposed\cie_proposed_all_cie_proposed\cie_proposed_all_cie_proposed_2026_08_02_15_19_25_0000--s-4\itr_60.pkl,23,True,beam_search,
cie_core_nominal,dual_source_cluster_tool,8_to_32_wafers_nominal_processing,test,600.0,[],D:\git\git\RDMCT-A3C\cie\data\core\spbs\cie_core_n008_f000_m008_proc100.lp,spbs\cie_core_n008_f000_m008_proc100.lp,cie_core_n008_f000_m008_proc100.lp,proposed,2,4,stability_stage2_off_trainseed_4,stage2_off,False,linear,60.0,auto,2026-08-07T15:57:43,optimal,optimal,not_run,0.38273689999914495,0.466877700000623,1,0.057547299998987,0.00599980354309082,0.001001596450805664,0.048000335693359375,0.0020024776458740234,1,0,417.0,0.0,0.0,768.0,60168.0,10000.0,0.0,0.0,4,True,D:\git\git\RDMCT-A3C\cie\results\stability\cie_stability_600s_mem2048_repro_v1\s2_t1to5\solutions\cie_core_nominal__cie_core_n008_f000_m008_proc100__proposed__solverseed_2__trainseed_4__stability_stage2_off_trainseed_4.sol,,,,D:\git\git\RDMCT-A3C\cie\models\proposed\cie_proposed_all_cie_proposed\cie_proposed_all_cie_proposed_2026_08_02_15_19_25_0000--s-4\itr_60.pkl,23,True,beam_search,
cie_core_nominal,dual_source_cluster_tool,8_to_32_wafers_nominal_processing,test,600.0,[],D:\git\git\RDMCT-A3C\cie\data\core\spbs\cie_core_n008_f002_m006_proc100.lp,spbs\cie_core_n008_f002_m006_proc100.lp,cie_core_n008_f002_m006_proc100.lp,proposed,2,4,stability_stage2_off_trainseed_4,stage2_off,False,linear,60.0,auto,2026-08-07T15:57:44,optimal,optimal,not_run,0.5928363999992143,0.6183672000006482,1,0.04018220000216388,0.005003690719604492,0.0010006427764892578,0.03099966049194336,0.001999378204345703,1,0,682.0,0.0,91.434281050728,900.0,61556.0,10000.0,0.2795538437249141,0.0,2,True,D:\git\git\RDMCT-A3C\cie\results\stability\cie_stability_600s_mem2048_repro_v1\s2_t1to5\solutions\cie_core_nominal__cie_core_n008_f002_m006_proc100__proposed__solverseed_2__trainseed_4__stability_stage2_off_trainseed_4.sol,,,,D:\git\git\RDMCT-A3C\cie\models\proposed\cie_proposed_all_cie_proposed\cie_proposed_all_cie_proposed_2026_08_02_15_19_25_0000--s-4\itr_60.pkl,23,True,beam_search,
cie_core_nominal,dual_source_cluster_tool,8_to_32_wafers_nominal_processing,test,600.0,[],D:\git\git\RDMCT-A3C\cie\data\core\spbs\cie_core_n008_f004_m004_proc100.lp,spbs\cie_core_n008_f004_m004_proc100.lp,cie_core_n008_f004_m004_proc100.lp,proposed,2,4,stability_stage2_off_trainseed_4,stage2_off,False,linear,60.0,auto,2026-08-07T15:57:45,optimal,optimal,not_run,0.4079959000009694,0.4293139000001247,1,0.04050680000000284,0.004999876022338867,0.0009996891021728516,0.030997514724731445,0.0009999275207519531,1,0,569.0,0.0,0.0,833.9999999999673,50551.99999999984,10000.0,0.22689075630246783,0.0,3,True,D:\git\git\RDMCT-A3C\cie\results\stability\cie_stability_600s_mem2048_repro_v1\s2_t1to5\solutions\cie_core_nominal__cie_core_n008_f004_m004_proc100__proposed__solverseed_2__trainseed_4__stability_stage2_off_trainseed_4.sol,,,,D:\git\git\RDMCT-A3C\cie\models\proposed\cie_proposed_all_cie_proposed\cie_proposed_all_cie_proposed_2026_08_02_15_19_25_0000--s-4\itr_60.pkl,23,True,beam_search,
cie_core_nominal,dual_source_cluster_tool,8_to_32_wafers_nominal_processing,test,600.0,[],D:\git\git\RDMCT-A3C\cie\data\core\spbs\cie_core_n008_f006_m002_proc100.lp,spbs\cie_core_n008_f006_m002_proc100.lp,cie_core_n008_f006_m002_proc100.lp,proposed,2,4,stability_stage2_off_trainseed_4,stage2_off,False,linear,60.0,auto,2026-08-07T15:57:45,optimal,optimal,not_run,0.407348999997339,0.5083494999998948,1,0.061257800000021234,0.006000041961669922,0.0,0.051999807357788086,0.002001047134399414,1,0,436.0,0.0,0.0,833.9999999999964,29780.999999999985,10000.0,0.0,0.0,4,True,D:\git\git\RDMCT-A3C\cie\results\stability\cie_stability_600s_mem2048_repro_v1\s2_t1to5\solutions\cie_core_nominal__cie_core_n008_f006_m002_proc100__proposed__solverseed_2__trainseed_4__stability_stage2_off_trainseed_4.sol,,,,D:\git\git\RDMCT-A3C\cie\models\proposed\cie_proposed_all_cie_proposed\cie_proposed_all_cie_proposed_2026_08_02_15_19_25_0000--s-4\itr_60.pkl,23,True,beam_search,
cie_core_nominal,dual_source_cluster_tool,8_to_32_wafers_nominal_processing,test,600.0,[],D:\git\git\RDMCT-A3C\cie\data\core\spbs\cie_core_n016_f000_m016_proc100.lp,spbs\cie_core_n016_f000_m016_proc100.lp,cie_core_n016_f000_m016_proc100.lp,proposed,2,4,stability_stage2_off_trainseed_4,stage2_off,False,linear,60.0,auto,2026-08-07T15:57:46,optimal,optimal,not_run,67.80056270000205,67.87861830000111,1,0.11398170000029495,0.007002830505371094,0.0,0.10199999809265137,0.0019979476928710938,1,0,29198.0,0.0,5975.835085097548,1136.0,100609.99999999997,10000.0,0.0,0.0,5,True,D:\git\git\RDMCT-A3C\cie\results\stability\cie_stability_600s_mem2048_repro_v1\s2_t1to5\solutions\cie_core_nominal__cie_core_n016_f000_m016_proc100__proposed__solverseed_2__trainseed_4__stability_stage2_off_trainseed_4.sol,,,,D:\git\git\RDMCT-A3C\cie\models\proposed\cie_proposed_all_cie_proposed\cie_proposed_all_cie_proposed_2026_08_02_15_19_25_0000--s-4\itr_60.pkl,23,True,beam_search,
cie_core_nominal,dual_source_cluster_tool,8_to_32_wafers_nominal_processing,test,600.0,[],D:\git\git\RDMCT-A3C\cie\data\core\spbs\cie_core_n016_f004_m012_proc100.lp,spbs\cie_core_n016_f004_m012_proc100.lp,cie_core_n016_f004_m012_proc100.lp,proposed,2,4,stability_stage2_off_trainseed_4,stage2_off,False,linear,60.0,auto,2026-08-07T15:58:53,optimal,optimal,not_run,37.29036450000058,37.364669599999615,1,0.07535799999823212,0.005999565124511719,0.0010030269622802734,0.030997276306152344,0.0009999275207519531,1,0,62294.0,0.0,1299.3490556957304,1202.0,91492.0,10000.0,0.12063336987873867,64.0,6,True,D:\git\git\RDMCT-A3C\cie\results\stability\cie_stability_600s_mem2048_repro_v1\s2_t1to5\solutions\cie_core_nominal__cie_core_n016_f004_m012_proc100__proposed__solverseed_2__trainseed_4__stability_stage2_off_trainseed_4.sol,,,,D:\git\git\RDMCT-A3C\cie\models\proposed\cie_proposed_all_cie_proposed\cie_proposed_all_cie_proposed_2026_08_02_15_19_25_0000--s-4\itr_60.pkl,23,True,beam_search,
cie_core_nominal,dual_source_cluster_tool,8_to_32_wafers_nominal_processing,test,600.0,[],D:\git\git\RDMCT-A3C\cie\data\core\spbs\cie_core_n016_f008_m008_proc100.lp,spbs\cie_core_n016_f008_m008_proc100.lp,cie_core_n016_f008_m008_proc100.lp,proposed,2,4,stability_stage2_off_trainseed_4,stage2_off,False,linear,60.0,auto,2026-08-07T15:59:31,optimal,optimal,not_run,14.929665799998475,15.011125099998026,1,0.07876019999821438,0.007999181747436523,0.000997781753540039,0.03200507164001465,0.0019943714141845703,1,0,7560.0,0.0,1257.581218694879,1170.0,80973.0,10000.0,0.1254122766002445,51.0,8,True,D:\git\git\RDMCT-A3C\cie\results\stability\cie_stability_600s_mem2048_repro_v1\s2_t1to5\solutions\cie_core_nominal__cie_core_n016_f008_m008_proc100__proposed__solverseed_2__trainseed_4__stability_stage2_off_trainseed_4.sol,,,,D:\git\git\RDMCT-A3C\cie\models\proposed\cie_proposed_all_cie_proposed\cie_proposed_all_cie_proposed_2026_08_02_15_19_25_0000--s-4\itr_60.pkl,23,True,beam_search,
cie_core_nominal,dual_source_cluster_tool,8_to_32_wafers_nominal_processing,test,600.0,[],D:\git\git\RDMCT-A3C\cie\data\core\spbs\cie_core_n016_f012_m004_proc100.lp,spbs\cie_core_n016_f012_m004_proc100.lp,cie_core_n016_f012_m004_proc100.lp,proposed,2,4,stability_stage2_off_trainseed_4,stage2_off,False,linear,60.0,auto,2026-08-07T15:59:46,optimal,optimal,not_run,42.27684030000091,42.3690557000009,1,0.0969318999996176,0.00799703598022461,0.000997304916381836,0.0500025749206543,0.0009963512420654297,1,0,69085.0,0.0,877.9700180289831,1158.0,69850.0,10000.0,0.2861125704223025,0.0,5,True,D:\git\git\RDMCT-A3C\cie\results\stability\cie_stability_600s_mem2048_repro_v1\s2_t1to5\solutions\cie_core_nominal__cie_core_n016_f012_m004_proc100__proposed__solverseed_2__trainseed_4__stability_stage2_off_trainseed_4.sol,,,,D:\git\git\RDMCT-A3C\cie\models\proposed\cie_proposed_all_cie_proposed\cie_proposed_all_cie_proposed_2026_08_02_15_19_25_0000--s-4\itr_60.pkl,23,True,beam_search,
cie_core_nominal,dual_source_cluster_tool,8_to_32_wafers_nominal_processing,test,600.0,[],D:\git\git\RDMCT-A3C\cie\data\core\spbs\cie_core_n024_f000_m024_proc100.lp,spbs\cie_core_n024_f000_m024_proc100.lp,cie_core_n024_f000_m024_proc100.lp,proposed,2,4,stability_stage2_off_trainseed_4,stage2_off,False,linear,60.0,auto,2026-08-07T16:00:28,timelimit,timelimit,not_run,599.296476200001,599.4569572,1,0.07938039999862667,0.007999420166015625,0.0009970664978027344,0.031003475189208984,0.001999378204345703,1,0,99349.0,3.7457086491869918,47437.17338993119,10506.9989493,129683.9938418,9999.999,6.786765790425065e-08,4.549999948721961e-05,1,True,D:\git\git\RDMCT-A3C\cie\results\stability\cie_stability_600s_mem2048_repro_v1\s2_t1to5\solutions\cie_core_nominal__cie_core_n024_f000_m024_proc100__proposed__solverseed_2__trainseed_4__stability_stage2_off_trainseed_4.sol,,,,D:\git\git\RDMCT-A3C\cie\models\proposed\cie_proposed_all_cie_proposed\cie_proposed_all_cie_proposed_2026_08_02_15_19_25_0000--s-4\itr_60.pkl,23,True,beam_search,
cie_core_nominal,dual_source_cluster_tool,8_to_32_wafers_nominal_processing,test,600.0,[],D:\git\git\RDMCT-A3C\cie\data\core\spbs\cie_core_n024_f006_m018_proc100.lp,spbs\cie_core_n024_f006_m018_proc100.lp,cie_core_n024_f006_m018_proc100.lp,proposed,2,4,stability_stage2_off_trainseed_4,stage2_off,False,linear,60.0,auto,2026-08-07T16:10:28,timelimit,timelimit,not_run,599.8327974999993,599.9724351999976,1,0.07968289999917033,0.006999969482421875,0.0010030269622802734,0.030997276306152344,0.0009999275207519531,1,0,86226.0,3.6403349287290383,47165.039134953746,10514.9989485,158596.9850112,9999.999,0.21774702827521059,64.00001149999832,1,True,D:\git\git\RDMCT-A3C\cie\results\stability\cie_stability_600s_mem2048_repro_v1\s2_t1to5\solutions\cie_core_nominal__cie_core_n024_f006_m018_proc100__proposed__solverseed_2__trainseed_4__stability_stage2_off_trainseed_4.sol,,,,D:\git\git\RDMCT-A3C\cie\models\proposed\cie_proposed_all_cie_proposed\cie_proposed_all_cie_proposed_2026_08_02_15_19_25_0000--s-4\itr_60.pkl,23,True,beam_search,
cie_core_nominal,dual_source_cluster_tool,8_to_32_wafers_nominal_processing,test,600.0,[],D:\git\git\RDMCT-A3C\cie\data\core\spbs\cie_core_n024_f012_m012_proc100.lp,spbs\cie_core_n024_f012_m012_proc100.lp,cie_core_n024_f012_m012_proc100.lp,proposed,2,4,stability_stage2_off_trainseed_4,stage2_off,False,linear,60.0,auto,2026-08-07T16:20:28,timelimit,timelimit,not_run,599.8554667999997,600.0157732000007,1,0.08839009999792324,0.01099705696105957,0.003003835678100586,0.03500008583068848,0.0009999275207519531,1,0,92149.0,3.75361616116635,47446.199410335554,10514.9989485,109713.9987998,9999.999,0.27906550976581973,135.99998640000013,1,True,D:\git\git\RDMCT-A3C\cie\results\stability\cie_stability_600s_mem2048_repro_v1\s2_t1to5\solutions\cie_core_nominal__cie_core_n024_f012_m012_proc100__proposed__solverseed_2__trainseed_4__stability_stage2_off_trainseed_4.sol,,,,D:\git\git\RDMCT-A3C\cie\models\proposed\cie_proposed_all_cie_proposed\cie_proposed_all_cie_proposed_2026_08_02_15_19_25_0000--s-4\itr_60.pkl,23,True,beam_search,
cie_core_nominal,dual_source_cluster_tool,8_to_32_wafers_nominal_processing,test,600.0,[],D:\git\git\RDMCT-A3C\cie\data\core\spbs\cie_core_n024_f018_m006_proc100.lp,spbs\cie_core_n024_f018_m006_proc100.lp,cie_core_n024_f018_m006_proc100.lp,proposed,2,4,stability_stage2_off_trainseed_4,stage2_off,False,linear,60.0,auto,2026-08-07T16:30:28,timelimit,timelimit,not_run,599.8047954000031,600.0286731999986,1,0.09254959999816492,0.011997699737548828,0.0,0.04100370407104492,0.0010001659393310547,1,0,99041.0,3.7279671531025107,47394.749096108266,10514.9989485,100915.9949123,9999.999,0.5261966247503015,67.999998,1,True,D:\git\git\RDMCT-A3C\cie\results\stability\cie_stability_600s_mem2048_repro_v1\s2_t1to5\solutions\cie_core_nominal__cie_core_n024_f018_m006_proc100__proposed__solverseed_2__trainseed_4__stability_stage2_off_trainseed_4.sol,,,,D:\git\git\RDMCT-A3C\cie\models\proposed\cie_proposed_all_cie_proposed\cie_proposed_all_cie_proposed_2026_08_02_15_19_25_0000--s-4\itr_60.pkl,23,True,beam_search,
cie_core_nominal,dual_source_cluster_tool,8_to_32_wafers_nominal_processing,test,600.0,[],D:\git\git\RDMCT-A3C\cie\data\core\spbs\cie_core_n032_f000_m032_proc100.lp,spbs\cie_core_n032_f000_m032_proc100.lp,cie_core_n032_f000_m032_proc100.lp,proposed,2,4,stability_stage2_off_trainseed_4,stage2_off,False,linear,60.0,auto,2026-08-07T16:40:28,timelimit,timelimit,not_run,599.798636200001,600.0034767000034,1,0.07930280000437051,0.007997989654541016,0.001001119613647461,0.03499913215637207,0.0009999275207519531,1,0,64708.0,3.075580987790698,45504.05941583628,10514.9989485,230581.9759206,9999.999,0.22043254564375014,295.9999905000003,1,True,D:\git\git\RDMCT-A3C\cie\results\stability\cie_stability_600s_mem2048_repro_v1\s2_t1to5\solutions\cie_core_nominal__cie_core_n032_f000_m032_proc100__proposed__solverseed_2__trainseed_4__stability_stage2_off_trainseed_4.sol,,,,D:\git\git\RDMCT-A3C\cie\models\proposed\cie_proposed_all_cie_proposed\cie_proposed_all_cie_proposed_2026_08_02_15_19_25_0000--s-4\itr_60.pkl,23,True,beam_search,
cie_core_nominal,dual_source_cluster_tool,8_to_32_wafers_nominal_processing,test,600.0,[],D:\git\git\RDMCT-A3C\cie\data\core\spbs\cie_core_n032_f008_m024_proc100.lp,spbs\cie_core_n032_f008_m024_proc100.lp,cie_core_n032_f008_m024_proc100.lp,proposed,2,4,stability_stage2_off_trainseed_4,stage2_off,False,linear,60.0,auto,2026-08-07T16:50:28,timelimit,timelimit,not_run,599.7893020999982,600.0170498000007,1,0.057805000004009344,0.008997440338134766,0.0,0.0409998893737793,0.0009999275207519531,1,0,81250.0,3.1660059225435817,45904.639579527204,10514.9989485,166409.9945901,9999.999,0.0,0.0,1,True,D:\git\git\RDMCT-A3C\cie\results\stability\cie_stability_600s_mem2048_repro_v1\s2_t1to5\solutions\cie_core_nominal__cie_core_n032_f008_m024_proc100__proposed__solverseed_2__trainseed_4__stability_stage2_off_trainseed_4.sol,,,,D:\git\git\RDMCT-A3C\cie\models\proposed\cie_proposed_all_cie_proposed\cie_proposed_all_cie_proposed_2026_08_02_15_19_25_0000--s-4\itr_60.pkl,23,True,beam_search,
cie_core_nominal,dual_source_cluster_tool,8_to_32_wafers_nominal_processing,test,600.0,[],D:\git\git\RDMCT-A3C\cie\data\core\spbs\cie_core_n032_f016_m016_proc100.lp,spbs\cie_core_n032_f016_m016_proc100.lp,cie_core_n032_f016_m016_proc100.lp,proposed,2,4,stability_stage2_off_trainseed_4,stage2_off,False,linear,60.0,auto,2026-08-07T17:00:28,timelimit,timelimit,not_run,599.7500246000054,599.9749497000012,1,0.11042799999995623,0.009999990463256836,0.001003265380859375,0.056997060775756836,0.0019965171813964844,1,0,73149.0,3.23309136413041,46178.59110478251,10514.9989485,163641.9847201,9999.999,0.5067053559888083,397.9999987999993,1,True,D:\git\git\RDMCT-A3C\cie\results\stability\cie_stability_600s_mem2048_repro_v1\s2_t1to5\solutions\cie_core_nominal__cie_core_n032_f016_m016_proc100__proposed__solverseed_2__trainseed_4__stability_stage2_off_trainseed_4.sol,,,,D:\git\git\RDMCT-A3C\cie\models\proposed\cie_proposed_all_cie_proposed\cie_proposed_all_cie_proposed_2026_08_02_15_19_25_0000--s-4\itr_60.pkl,23,True,beam_search,
cie_core_nominal,dual_source_cluster_tool,8_to_32_wafers_nominal_processing,test,600.0,[],D:\git\git\RDMCT-A3C\cie\data\core\spbs\cie_core_n032_f024_m008_proc100.lp,spbs\cie_core_n032_f024_m008_proc100.lp,cie_core_n032_f024_m008_proc100.lp,proposed,2,4,stability_stage2_off_trainseed_4,stage2_off,False,linear,60.0,auto,2026-08-07T17:10:28,timelimit,timelimit,not_run,599.7142026000001,600.0229980000004,1,0.10602099999960046,0.01600027084350586,0.0010025501251220703,0.04599714279174805,0.0010001659393310547,1,0,60153.0,3.323601541324013,46682.756633087825,10514.9989485,136874.9967606,9999.999,2.0179011933335302,6339.999216800001,1,True,D:\git\git\RDMCT-A3C\cie\results\stability\cie_stability_600s_mem2048_repro_v1\s2_t1to5\solutions\cie_core_nominal__cie_core_n032_f024_m008_proc100__proposed__solverseed_2__trainseed_4__stability_stage2_off_trainseed_4.sol,,,,D:\git\git\RDMCT-A3C\cie\models\proposed\cie_proposed_all_cie_proposed\cie_proposed_all_cie_proposed_2026_08_02_15_19_25_0000--s-4\itr_60.pkl,23,True,beam_search,
cie_core_nominal,dual_source_cluster_tool,8_to_32_wafers_nominal_processing,test,600.0,[],D:\git\git\RDMCT-A3C\cie\data\core\pure41\cie_core_n008_f008_m000_proc100.lp,pure41\cie_core_n008_f008_m000_proc100.lp,cie_core_n008_f008_m000_proc100.lp,proposed,2,5,stability_stage2_off_trainseed_5,stage2_off,False,linear,60.0,auto,2026-08-07T17:20:30,optimal,optimal,not_run,0.3965962000002037,0.41967339999973774,1,0.3674389000007068,0.004998445510864258,0.0,0.35900306701660156,0.0020024776458740234,1,0,1.0,0.0,2.622950819672131,610.0,440.0,58.0,0.0,0.0,2,True,D:\git\git\RDMCT-A3C\cie\results\stability\cie_stability_600s_mem2048_repro_v1\s2_t1to5\solutions\cie_core_nominal__cie_core_n008_f008_m000_proc100__proposed__solverseed_2__trainseed_5__stability_stage2_off_trainseed_5.sol,,,,D:\git\git\RDMCT-A3C\cie\models\proposed\cie_proposed_all_cie_proposed\cie_proposed_all_cie_proposed_2026_08_02_15_28_19_0000--s-5\itr_60.pkl,23,True,beam_search,
cie_core_nominal,dual_source_cluster_tool,8_to_32_wafers_nominal_processing,test,600.0,[],D:\git\git\RDMCT-A3C\cie\data\core\pure41\cie_core_n016_f016_m000_proc100.lp,pure41\cie_core_n016_f016_m000_proc100.lp,cie_core_n016_f016_m000_proc100.lp,proposed,2,5,stability_stage2_off_trainseed_5,stage2_off,False,linear,60.0,auto,2026-08-07T17:20:31,optimal,optimal,not_run,0.2425837999981013,0.29608290000032866,1,0.017407199993613176,0.007003068923950195,0.0,0.008000373840332031,0.002000093460083008,1,0,1.0,0.0,0.0,944.0,20609.0,10000.0,0.015197568389057751,0.0,2,True,D:\git\git\RDMCT-A3C\cie\results\stability\cie_stability_600s_mem2048_repro_v1\s2_t1to5\solutions\cie_core_nominal__cie_core_n016_f016_m000_proc100__proposed__solverseed_2__trainseed_5__stability_stage2_off_trainseed_5.sol,,,,D:\git\git\RDMCT-A3C\cie\models\proposed\cie_proposed_all_cie_proposed\cie_proposed_all_cie_proposed_2026_08_02_15_28_19_0000--s-5\itr_60.pkl,23,True,beam_search,
cie_core_nominal,dual_source_cluster_tool,8_to_32_wafers_nominal_processing,test,600.0,[],D:\git\git\RDMCT-A3C\cie\data\core\pure41\cie_core_n024_f024_m000_proc100.lp,pure41\cie_core_n024_f024_m000_proc100.lp,cie_core_n024_f024_m000_proc100.lp,proposed,2,5,stability_stage2_off_trainseed_5,stage2_off,False,linear,60.0,auto,2026-08-07T17:20:31,optimal,optimal,not_run,2.2209696999998414,2.352597400000377,1,0.05102690000057919,0.00899648666381836,0.0,0.005003213882446289,0.002000093460083008,1,0,1.0,0.0,200.0,1268.0,40006.0,10000.0,0.0,0.0,2,True,D:\git\git\RDMCT-A3C\cie\results\stability\cie_stability_600s_mem2048_repro_v1\s2_t1to5\solutions\cie_core_nominal__cie_core_n024_f024_m000_proc100__proposed__solverseed_2__trainseed_5__stability_stage2_off_trainseed_5.sol,,,,D:\git\git\RDMCT-A3C\cie\models\proposed\cie_proposed_all_cie_proposed\cie_proposed_all_cie_proposed_2026_08_02_15_28_19_0000--s-5\itr_60.pkl,23,True,beam_search,
cie_core_nominal,dual_source_cluster_tool,8_to_32_wafers_nominal_processing,test,600.0,[],D:\git\git\RDMCT-A3C\cie\data\core\pure41\cie_core_n032_f032_m000_proc100.lp,pure41\cie_core_n032_f032_m000_proc100.lp,cie_core_n032_f032_m000_proc100.lp,proposed,2,5,stability_stage2_off_trainseed_5,stage2_off,False,linear,60.0,auto,2026-08-07T17:20:33,optimal,optimal,not_run,6.732218399993144,6.9669458999997005,0,0.0,0.0,0.0,0.0,0.0,0,0,1.0,0.0,600.0,1592.0,60319.0,10000.0,0.016745977724454096,23.0,1,True,D:\git\git\RDMCT-A3C\cie\results\stability\cie_stability_600s_mem2048_repro_v1\s2_t1to5\solutions\cie_core_nominal__cie_core_n032_f032_m000_proc100__proposed__solverseed_2__trainseed_5__stability_stage2_off_trainseed_5.sol,,,,D:\git\git\RDMCT-A3C\cie\models\proposed\cie_proposed_all_cie_proposed\cie_proposed_all_cie_proposed_2026_08_02_15_28_19_0000--s-5\itr_60.pkl,23,True,beam_search,
cie_core_nominal,dual_source_cluster_tool,8_to_32_wafers_nominal_processing,test,600.0,[],D:\git\git\RDMCT-A3C\cie\data\core\spbs\cie_core_n008_f000_m008_proc100.lp,spbs\cie_core_n008_f000_m008_proc100.lp,cie_core_n008_f000_m008_proc100.lp,proposed,2,5,stability_stage2_off_trainseed_5,stage2_off,False,linear,60.0,auto,2026-08-07T17:20:40,optimal,optimal,not_run,0.4003796000033617,0.4287456999954884,1,0.01384640000469517,0.0050008296966552734,0.000997304916381836,0.005002737045288086,0.0019998550415039062,1,0,478.0,0.0,92.84286594460829,768.0,60284.0,10000.0,0.04134869301888566,18.0,2,True,D:\git\git\RDMCT-A3C\cie\results\stability\cie_stability_600s_mem2048_repro_v1\s2_t1to5\solutions\cie_core_nominal__cie_core_n008_f000_m008_proc100__proposed__solverseed_2__trainseed_5__stability_stage2_off_trainseed_5.sol,,,,D:\git\git\RDMCT-A3C\cie\models\proposed\cie_proposed_all_cie_proposed\cie_proposed_all_cie_proposed_2026_08_02_15_28_19_0000--s-5\itr_60.pkl,23,True,beam_search,
cie_core_nominal,dual_source_cluster_tool,8_to_32_wafers_nominal_processing,test,600.0,[],D:\git\git\RDMCT-A3C\cie\data\core\spbs\cie_core_n008_f002_m006_proc100.lp,spbs\cie_core_n008_f002_m006_proc100.lp,cie_core_n008_f002_m006_proc100.lp,proposed,2,5,stability_stage2_off_trainseed_5,stage2_off,False,linear,60.0,auto,2026-08-07T17:20:41,optimal,optimal,not_run,0.6041239999976824,0.6590569000036339,1,0.021771200001239777,0.005002498626708984,0.003997325897216797,0.010003089904785156,0.0019969940185546875,1,0,845.0,0.0,0.0,900.0,61122.0,10000.0,0.025163942390980333,0.0,3,True,D:\git\git\RDMCT-A3C\cie\results\stability\cie_stability_600s_mem2048_repro_v1\s2_t1to5\solutions\cie_core_nominal__cie_core_n008_f002_m006_proc100__proposed__solverseed_2__trainseed_5__stability_stage2_off_trainseed_5.sol,,,,D:\git\git\RDMCT-A3C\cie\models\proposed\cie_proposed_all_cie_proposed\cie_proposed_all_cie_proposed_2026_08_02_15_28_19_0000--s-5\itr_60.pkl,23,True,beam_search,
cie_core_nominal,dual_source_cluster_tool,8_to_32_wafers_nominal_processing,test,600.0,[],D:\git\git\RDMCT-A3C\cie\data\core\spbs\cie_core_n008_f004_m004_proc100.lp,spbs\cie_core_n008_f004_m004_proc100.lp,cie_core_n008_f004_m004_proc100.lp,proposed,2,5,stability_stage2_off_trainseed_5,stage2_off,False,linear,60.0,auto,2026-08-07T17:20:41,optimal,optimal,not_run,0.3279764000035357,0.3520261000012397,1,0.014275199995609,0.005003213882446289,0.0009965896606445312,0.00500035285949707,0.002003192901611328,1,0,427.0,0.0,92.30988787665359,833.9999999999673,51071.99999999984,10000.0,0.22689075630246783,0.0,3,True,D:\git\git\RDMCT-A3C\cie\results\stability\cie_stability_600s_mem2048_repro_v1\s2_t1to5\solutions\cie_core_nominal__cie_core_n008_f004_m004_proc100__proposed__solverseed_2__trainseed_5__stability_stage2_off_trainseed_5.sol,,,,D:\git\git\RDMCT-A3C\cie\models\proposed\cie_proposed_all_cie_proposed\cie_proposed_all_cie_proposed_2026_08_02_15_28_19_0000--s-5\itr_60.pkl,23,True,beam_search,
cie_core_nominal,dual_source_cluster_tool,8_to_32_wafers_nominal_processing,test,600.0,[],D:\git\git\RDMCT-A3C\cie\data\core\spbs\cie_core_n008_f006_m002_proc100.lp,spbs\cie_core_n008_f006_m002_proc100.lp,cie_core_n008_f006_m002_proc100.lp,proposed,2,5,stability_stage2_off_trainseed_5,stage2_off,False,linear,60.0,auto,2026-08-07T17:20:42,optimal,optimal,not_run,0.31382440000015777,0.3389192999966326,1,0.014215199997124728,0.006000041961669922,0.0,0.005003452301025391,0.002002716064453125,1,0,244.0,0.0,0.0,833.9999999999927,30468.999999999956,10000.0,0.0,0.0,3,True,D:\git\git\RDMCT-A3C\cie\results\stability\cie_stability_600s_mem2048_repro_v1\s2_t1to5\solutions\cie_core_nominal__cie_core_n008_f006_m002_proc100__proposed__solverseed_2__trainseed_5__stability_stage2_off_trainseed_5.sol,,,,D:\git\git\RDMCT-A3C\cie\models\proposed\cie_proposed_all_cie_proposed\cie_proposed_all_cie_proposed_2026_08_02_15_28_19_0000--s-5\itr_60.pkl,23,True,beam_search,
cie_core_nominal,dual_source_cluster_tool,8_to_32_wafers_nominal_processing,test,600.0,[],D:\git\git\RDMCT-A3C\cie\data\core\spbs\cie_core_n016_f000_m016_proc100.lp,spbs\cie_core_n016_f000_m016_proc100.lp,cie_core_n016_f000_m016_proc100.lp,proposed,2,5,stability_stage2_off_trainseed_5,stage2_off,False,linear,60.0,auto,2026-08-07T17:20:42,optimal,optimal,not_run,33.50697430000582,33.61778369999956,1,0.06899089999933494,0.0069997310638427734,0.0,0.05800223350524902,0.001997709274291992,1,0,15770.0,0.0,3032.6258317312236,1136.0,100710.0,10000.0,0.0,0.0,3,True,D:\git\git\RDMCT-A3C\cie\results\stability\cie_stability_600s_mem2048_repro_v1\s2_t1to5\solutions\cie_core_nominal__cie_core_n016_f000_m016_proc100__proposed__solverseed_2__trainseed_5__stability_stage2_off_trainseed_5.sol,,,,D:\git\git\RDMCT-A3C\cie\models\proposed\cie_proposed_all_cie_proposed\cie_proposed_all_cie_proposed_2026_08_02_15_28_19_0000--s-5\itr_60.pkl,23,True,beam_search,
cie_core_nominal,dual_source_cluster_tool,8_to_32_wafers_nominal_processing,test,600.0,[],D:\git\git\RDMCT-A3C\cie\data\core\spbs\cie_core_n016_f004_m012_proc100.lp,spbs\cie_core_n016_f004_m012_proc100.lp,cie_core_n016_f004_m012_proc100.lp,proposed,2,5,stability_stage2_off_trainseed_5,stage2_off,False,linear,60.0,auto,2026-08-07T17:21:16,optimal,optimal,not_run,10.046120699997118,10.119550299998082,1,0.0164574000009452,0.006000041961669922,0.0019974708557128906,0.005003213882446289,0.0019991397857666016,1,0,4493.0,0.0,887.8842564195288,1202.0,91030.0,10000.0,0.0,0.0,9,True,D:\git\git\RDMCT-A3C\cie\results\stability\cie_stability_600s_mem2048_repro_v1\s2_t1to5\solutions\cie_core_nominal__cie_core_n016_f004_m012_proc100__proposed__solverseed_2__trainseed_5__stability_stage2_off_trainseed_5.sol,,,,D:\git\git\RDMCT-A3C\cie\models\proposed\cie_proposed_all_cie_proposed\cie_proposed_all_cie_proposed_2026_08_02_15_28_19_0000--s-5\itr_60.pkl,23,True,beam_search,
cie_core_nominal,dual_source_cluster_tool,8_to_32_wafers_nominal_processing,test,600.0,[],D:\git\git\RDMCT-A3C\cie\data\core\spbs\cie_core_n016_f008_m008_proc100.lp,spbs\cie_core_n016_f008_m008_proc100.lp,cie_core_n016_f008_m008_proc100.lp,proposed,2,5,stability_stage2_off_trainseed_5,stage2_off,False,linear,60.0,auto,2026-08-07T17:21:26,optimal,optimal,not_run,22.834040699999605,22.880572000001848,1,0.018589799998153467,0.00899958610534668,0.0,0.006000995635986328,0.0019960403442382812,1,0,18081.0,0.0,1709.3948617362967,1170.0,81596.0,10000.0,0.08076920864310827,36.0,4,True,D:\git\git\RDMCT-A3C\cie\results\stability\cie_stability_600s_mem2048_repro_v1\s2_t1to5\solutions\cie_core_nominal__cie_core_n016_f008_m008_proc100__proposed__solverseed_2__trainseed_5__stability_stage2_off_trainseed_5.sol,,,,D:\git\git\RDMCT-A3C\cie\models\proposed\cie_proposed_all_cie_proposed\cie_proposed_all_cie_proposed_2026_08_02_15_28_19_0000--s-5\itr_60.pkl,23,True,beam_search,
cie_core_nominal,dual_source_cluster_tool,8_to_32_wafers_nominal_processing,test,600.0,[],D:\git\git\RDMCT-A3C\cie\data\core\spbs\cie_core_n016_f012_m004_proc100.lp,spbs\cie_core_n016_f012_m004_proc100.lp,cie_core_n016_f012_m004_proc100.lp,proposed,2,5,stability_stage2_off_trainseed_5,stage2_off,False,linear,60.0,auto,2026-08-07T17:21:49,optimal,optimal,not_run,35.357885199999146,35.41773549999925,1,0.01745620000292547,0.008002519607543945,0.0,0.005999565124511719,0.0019989013671875,1,0,18064.0,0.0,3122.4726203547275,1158.0,69796.0,10000.0,0.2861125704223025,0.0,4,True,D:\git\git\RDMCT-A3C\cie\results\stability\cie_stability_600s_mem2048_repro_v1\s2_t1to5\solutions\cie_core_nominal__cie_core_n016_f012_m004_proc100__proposed__solverseed_2__trainseed_5__stability_stage2_off_trainseed_5.sol,,,,D:\git\git\RDMCT-A3C\cie\models\proposed\cie_proposed_all_cie_proposed\cie_proposed_all_cie_proposed_2026_08_02_15_28_19_0000--s-5\itr_60.pkl,23,True,beam_search,
cie_core_nominal,dual_source_cluster_tool,8_to_32_wafers_nominal_processing,test,600.0,[],D:\git\git\RDMCT-A3C\cie\data\core\spbs\cie_core_n024_f000_m024_proc100.lp,spbs\cie_core_n024_f000_m024_proc100.lp,cie_core_n024_f000_m024_proc100.lp,proposed,2,5,stability_stage2_off_trainseed_5,stage2_off,False,linear,60.0,auto,2026-08-07T17:22:24,optimal,optimal,not_run,417.1371278000006,417.2655853000033,1,0.020293099994887598,0.00800180435180664,0.0009992122650146484,0.005998849868774414,0.0020029544830322266,1,0,85714.0,0.0,31919.238703976367,2224.0,162325.99999999997,10000.0,0.017927701569477837,11.999999999992724,5,True,D:\git\git\RDMCT-A3C\cie\results\stability\cie_stability_600s_mem2048_repro_v1\s2_t1to5\solutions\cie_core_nominal__cie_core_n024_f000_m024_proc100__proposed__solverseed_2__trainseed_5__stability_stage2_off_trainseed_5.sol,,,,D:\git\git\RDMCT-A3C\cie\models\proposed\cie_proposed_all_cie_proposed\cie_proposed_all_cie_proposed_2026_08_02_15_28_19_0000--s-5\itr_60.pkl,23,True,beam_search,
cie_core_nominal,dual_source_cluster_tool,8_to_32_wafers_nominal_processing,test,600.0,[],D:\git\git\RDMCT-A3C\cie\data\core\spbs\cie_core_n024_f006_m018_proc100.lp,spbs\cie_core_n024_f006_m018_proc100.lp,cie_core_n024_f006_m018_proc100.lp,proposed,2,5,stability_stage2_off_trainseed_5,stage2_off,False,linear,60.0,auto,2026-08-07T17:29:21,timelimit,timelimit,not_run,599.0369198000044,599.2364581000002,1,0.05255300000135321,0.0069997310638427734,0.0009987354278564453,0.00500178337097168,0.0009999275207519531,1,0,194701.0,3.6526544019911507,47196.11854842783,10514.9989485,158596.9850112,9999.999,0.21774702827521059,64.00001149999832,1,True,D:\git\git\RDMCT-A3C\cie\results\stability\cie_stability_600s_mem2048_repro_v1\s2_t1to5\solutions\cie_core_nominal__cie_core_n024_f006_m018_proc100__proposed__solverseed_2__trainseed_5__stability_stage2_off_trainseed_5.sol,,,,D:\git\git\RDMCT-A3C\cie\models\proposed\cie_proposed_all_cie_proposed\cie_proposed_all_cie_proposed_2026_08_02_15_28_19_0000--s-5\itr_60.pkl,23,True,beam_search,
cie_core_nominal,dual_source_cluster_tool,8_to_32_wafers_nominal_processing,test,600.0,[],D:\git\git\RDMCT-A3C\cie\data\core\spbs\cie_core_n024_f012_m012_proc100.lp,spbs\cie_core_n024_f012_m012_proc100.lp,cie_core_n024_f012_m012_proc100.lp,proposed,2,5,stability_stage2_off_trainseed_5,stage2_off,False,linear,60.0,auto,2026-08-07T17:39:21,optimal,optimal,not_run,279.7501293000023,279.8895233000003,1,0.05518819999997504,0.01000070571899414,0.0009968280792236328,0.005999565124511719,0.0020034313201904297,1,0,49764.0,0.0,22004.366598427943,2246.000000000018,119514.00000000012,10000.0,0.22425475161142666,75.00000000001455,4,True,D:\git\git\RDMCT-A3C\cie\results\stability\cie_stability_600s_mem2048_repro_v1\s2_t1to5\solutions\cie_core_nominal__cie_core_n024_f012_m012_proc100__proposed__solverseed_2__trainseed_5__stability_stage2_off_trainseed_5.sol,,,,D:\git\git\RDMCT-A3C\cie\models\proposed\cie_proposed_all_cie_proposed\cie_proposed_all_cie_proposed_2026_08_02_15_28_19_0000--s-5\itr_60.pkl,23,True,beam_search,
cie_core_nominal,dual_source_cluster_tool,8_to_32_wafers_nominal_processing,test,600.0,[],D:\git\git\RDMCT-A3C\cie\data\core\spbs\cie_core_n024_f018_m006_proc100.lp,spbs\cie_core_n024_f018_m006_proc100.lp,cie_core_n024_f018_m006_proc100.lp,proposed,2,5,stability_stage2_off_trainseed_5,stage2_off,False,linear,60.0,auto,2026-08-07T17:44:01,timelimit,timelimit,not_run,599.866561099996,600.0767890999996,1,0.05611809999390971,0.010999679565429688,0.0010001659393310547,0.004999637603759766,0.002000093460083008,1,0,94208.0,3.719478881732488,47374.05484772406,10514.9989485,100915.9949123,9999.999,0.5261966247503015,67.999998,1,True,D:\git\git\RDMCT-A3C\cie\results\stability\cie_stability_600s_mem2048_repro_v1\s2_t1to5\solutions\cie_core_nominal__cie_core_n024_f018_m006_proc100__proposed__solverseed_2__trainseed_5__stability_stage2_off_trainseed_5.sol,,,,D:\git\git\RDMCT-A3C\cie\models\proposed\cie_proposed_all_cie_proposed\cie_proposed_all_cie_proposed_2026_08_02_15_28_19_0000--s-5\itr_60.pkl,23,True,beam_search,
cie_core_nominal,dual_source_cluster_tool,8_to_32_wafers_nominal_processing,test,600.0,[],D:\git\git\RDMCT-A3C\cie\data\core\spbs\cie_core_n032_f000_m032_proc100.lp,spbs\cie_core_n032_f000_m032_proc100.lp,cie_core_n032_f000_m032_proc100.lp,proposed,2,5,stability_stage2_off_trainseed_5,stage2_off,False,linear,60.0,auto,2026-08-07T17:54:01,timelimit,timelimit,not_run,599.8311701999992,600.0012620000052,1,0.05493199999909848,0.008000850677490234,0.00099945068359375,0.0060002803802490234,0.0009970664978027344,1,0,69386.0,3.069272038893189,45526.64405387257,10514.9989485,230581.9759206,9999.999,0.22043254564375014,295.9999905000003,1,True,D:\git\git\RDMCT-A3C\cie\results\stability\cie_stability_600s_mem2048_repro_v1\s2_t1to5\solutions\cie_core_nominal__cie_core_n032_f000_m032_proc100__proposed__solverseed_2__trainseed_5__stability_stage2_off_trainseed_5.sol,,,,D:\git\git\RDMCT-A3C\cie\models\proposed\cie_proposed_all_cie_proposed\cie_proposed_all_cie_proposed_2026_08_02_15_28_19_0000--s-5\itr_60.pkl,23,True,beam_search,
cie_core_nominal,dual_source_cluster_tool,8_to_32_wafers_nominal_processing,test,600.0,[],D:\git\git\RDMCT-A3C\cie\data\core\spbs\cie_core_n032_f008_m024_proc100.lp,spbs\cie_core_n032_f008_m024_proc100.lp,cie_core_n032_f008_m024_proc100.lp,proposed,2,5,stability_stage2_off_trainseed_5,stage2_off,False,linear,60.0,auto,2026-08-07T18:04:01,timelimit,timelimit,not_run,599.830034300001,599.994809900003,1,0.026394799999252427,0.00899958610534668,0.0,0.00999760627746582,0.0020067691802978516,1,0,64066.0,3.172618630357143,45872.257265304666,10514.9989485,166409.9945901,9999.999,0.0,0.0,1,True,D:\git\git\RDMCT-A3C\cie\results\stability\cie_stability_600s_mem2048_repro_v1\s2_t1to5\solutions\cie_core_nominal__cie_core_n032_f008_m024_proc100__proposed__solverseed_2__trainseed_5__stability_stage2_off_trainseed_5.sol,,,,D:\git\git\RDMCT-A3C\cie\models\proposed\cie_proposed_all_cie_proposed\cie_proposed_all_cie_proposed_2026_08_02_15_28_19_0000--s-5\itr_60.pkl,23,True,beam_search,
cie_core_nominal,dual_source_cluster_tool,8_to_32_wafers_nominal_processing,test,600.0,[],D:\git\git\RDMCT-A3C\cie\data\core\spbs\cie_core_n032_f016_m016_proc100.lp,spbs\cie_core_n032_f016_m016_proc100.lp,cie_core_n032_f016_m016_proc100.lp,proposed,2,5,stability_stage2_off_trainseed_5,stage2_off,False,linear,60.0,auto,2026-08-07T18:14:01,timelimit,timelimit,not_run,599.7950090000013,600.0388135999965,1,0.02655320000485517,0.013000011444091797,0.0,0.00599980354309082,0.0019996166229248047,1,0,69024.0,3.120297393612847,45758.828818393566,10514.9989485,163641.9847201,9999.999,0.5067053559888083,397.9999987999993,1,True,D:\git\git\RDMCT-A3C\cie\results\stability\cie_stability_600s_mem2048_repro_v1\s2_t1to5\solutions\cie_core_nominal__cie_core_n032_f016_m016_proc100__proposed__solverseed_2__trainseed_5__stability_stage2_off_trainseed_5.sol,,,,D:\git\git\RDMCT-A3C\cie\models\proposed\cie_proposed_all_cie_proposed\cie_proposed_all_cie_proposed_2026_08_02_15_28_19_0000--s-5\itr_60.pkl,23,True,beam_search,
cie_core_nominal,dual_source_cluster_tool,8_to_32_wafers_nominal_processing,test,600.0,[],D:\git\git\RDMCT-A3C\cie\data\core\spbs\cie_core_n032_f024_m008_proc100.lp,spbs\cie_core_n032_f024_m008_proc100.lp,cie_core_n032_f024_m008_proc100.lp,proposed,2,5,stability_stage2_off_trainseed_5,stage2_off,False,linear,60.0,auto,2026-08-07T18:24:01,timelimit,timelimit,not_run,599.7194562000004,600.0017912999974,1,0.030951900000218302,0.01600050926208496,0.0009980201721191406,0.004999876022338867,0.002000570297241211,1,0,60975.0,3.323601541324013,46658.15368245825,10514.9989485,136874.9967606,9999.999,2.0179011933335302,6339.999216800001,1,True,D:\git\git\RDMCT-A3C\cie\results\stability\cie_stability_600s_mem2048_repro_v1\s2_t1to5\solutions\cie_core_nominal__cie_core_n032_f024_m008_proc100__proposed__solverseed_2__trainseed_5__stability_stage2_off_trainseed_5.sol,,,,D:\git\git\RDMCT-A3C\cie\models\proposed\cie_proposed_all_cie_proposed\cie_proposed_all_cie_proposed_2026_08_02_15_28_19_0000--s-5\itr_60.pkl,23,True,beam_search,
