train 1th process seed,train 2th process seed,evaluate 1th process seed,evaluate 2th process seed,training_highlevel_policy/Neg Reward Mean,training_highlevel_policy/Neg Reward Std,training_highlevel_policy/Neg Reward Max,training_highlevel_policy/Neg Reward Min,training_highlevel_policy/Neg Advantage,training_highlevel_policy/logprobs Mean,training_highlevel_policy/logprobs Std,training_highlevel_policy/logprobs Max,training_highlevel_policy/logprobs Min,training_highlevel_policy/cut_percent_actions Mean,training_highlevel_policy/cut_percent_actions Std,training_highlevel_policy/cut_percent_actions Max,training_highlevel_policy/cut_percent_actions Min,training_highlevel_policy/reinforce loss,training_highlevel_policy/Critic Value,training_highlevel_policypre_log_prob Mean,training_highlevel_policypre_log_prob Std,training_highlevel_policypre_log_prob Max,training_highlevel_policypre_log_prob Min,training_highlevel_policymean Mean,training_highlevel_policymean Std,training_highlevel_policymean Max,training_highlevel_policymean Min,training_highlevel_policystd Mean,training_highlevel_policystd Std,training_highlevel_policystd Max,training_highlevel_policystd Min,training_highlevel_policyentropy Mean,training_highlevel_policyentropy Std,training_highlevel_policyentropy Max,training_highlevel_policyentropy Min,pos_1_entropy,Epoch,training/Neg Reward Mean,training/Neg Reward Std,training/Neg Reward Max,training/Neg Reward Min,training/Neg Advantage,training/logprobs Mean,training/logprobs Std,training/logprobs Max,training/logprobs Min,training/raw_logprobs Mean,training/raw_logprobs Std,training/raw_logprobs Max,training/raw_logprobs Min,training/reinforce loss,training/Critic Value,training/len cuts Mean,training/len cuts Std,training/len cuts Max,training/len cuts Min,training/cut 1 th feature Mean,training/cut 1 th feature Std,training/cut 1 th feature Max,training/cut 1 th feature Min,training/cut 2 th feature Mean,training/cut 2 th feature Std,training/cut 2 th feature Max,training/cut 2 th feature Min,training/cut 3 th feature Mean,training/cut 3 th feature Std,training/cut 3 th feature Max,training/cut 3 th feature Min,training/cut 4 th feature Mean,training/cut 4 th feature Std,training/cut 4 th feature Max,training/cut 4 th feature Min,training/cut 5 th feature Mean,training/cut 5 th feature Std,training/cut 5 th feature Max,training/cut 5 th feature Min,training/cut 6 th feature Mean,training/cut 6 th feature Std,training/cut 6 th feature Max,training/cut 6 th feature Min,training/cut 7 th feature Mean,training/cut 7 th feature Std,training/cut 7 th feature Max,training/cut 7 th feature Min,training/cut 8 th feature Mean,training/cut 8 th feature Std,training/cut 8 th feature Max,training/cut 8 th feature Min,training/cut 9 th feature Mean,training/cut 9 th feature Std,training/cut 9 th feature Max,training/cut 9 th feature Min,training/cut 10 th feature Mean,training/cut 10 th feature Std,training/cut 10 th feature Max,training/cut 10 th feature Min,training/cut 11 th feature Mean,training/cut 11 th feature Std,training/cut 11 th feature Max,training/cut 11 th feature Min,training/cut 12 th feature Mean,training/cut 12 th feature Std,training/cut 12 th feature Max,training/cut 12 th feature Min,training/cut 13 th feature Mean,training/cut 13 th feature Std,training/cut 13 th feature Max,training/cut 13 th feature Min,training/sel cuts num Mean,training/sel cuts num Std,training/sel cuts num Max,training/sel cuts num Min,training/solving_time Mean,training/solving_time Std,training/solving_time Max,training/solving_time Min,training/ntotal_nodes Mean,training/ntotal_nodes Std,training/ntotal_nodes Max,training/ntotal_nodes Min,training/primal_dual_gap Mean,training/primal_dual_gap Std,training/primal_dual_gap Max,training/primal_dual_gap Min,training/primaldualintegral Mean,training/primaldualintegral Std,training/primaldualintegral Max,training/primaldualintegral Min,training/schedule_wait_penalty Mean,training/schedule_wait_penalty Std,training/schedule_wait_penalty Max,training/schedule_wait_penalty Min,time/evaluating (s),time/online_testing (s),time/sampling data (s),time/training (s),time/epoch (s),time/total (s)
717354021,1061650667,946286476,784077896,434.06720993066335,335.018519653238,900.0,0.0,8.71930842549773e-06,-0.51514924,0.35507938,-0.11230731,-0.93696606,-0.5694713039057595,0.39315093349074964,-0.01966147869825363,-0.9478742480278015,-64.7962875366211,434.06720993066335,-1.5536631005150932,0.5852841816452452,-0.9362179040908813,-2.3996548652648926,-0.06950885057449341,0.0009965309421376758,-0.06840751320123672,-0.07139912247657776,1.016580036708287,0.0011002795220150857,1.0177079439163208,1.0149316787719727,1.4353820426123483,0.0010827367414904111,1.4364914894104004,1.4337598085403442,4.85930871963501,1,434.06720993066335,335.018519653238,900.0,0.0,8.71930842549773e-06,-4.805199,0.018410398,-4.7813106,-4.8361535,-67.90936,14.451326,-38.689228,-76.98867,1.0036773681640625,434.06720993066335,128.0,0.0,128,128,0.00030344937682581314,0.003868991907940475,0.07669649888473704,0.0,2.767341498570553,4.8226305374245095,22.49861128968944,0.720338306457416,0.012631183099693497,0.009543658299738828,0.04938241121968383,0.002777773919758445,0.5973429923485983,0.319412761866854,0.9499525023748812,0.0,0.8771968494277161,0.23462675934633653,1.114397281380257,0.01800202686870187,-118.29964485565738,215.70484186689328,93.59879365619958,-1345.5,11.421676091763526,35.29084679338672,283.0,-1.0,-333.36607142857144,572.7225256947188,-1.0,-2690.0,127.9769745550219,215.4460213529501,1344.5,0.24348557933784382,0.0006531604993620287,0.00021714613394526502,0.0010976948408342481,0.0004086636697997548,1.0,0.0,1.0,1.0,0.0,0.0,0.0,0.0,0.02522532972277446,0.004045920001424379,0.0331132889769448,0.020211300398656703,14.142857142857142,3.0438965360946453,16,8,4.571428571428571,3.3319725113401715,9.0,0.0,1476.142857142857,1176.0570234682414,3195,4,0.0,0.0,0.0,0.0,434.06720993066335,335.018519653238,900.0,0.0,18.979900954544252,9.974284135709608,37.290750597648625,0.03424000000000001,2.0999941625632346e-06,0.0007006000014371239,27.974690500006545,1.4901754000020446,29.46556860000419,29.46571240000776
491263,550290313,224766667,1069620869,434.06720993066335,335.018519653238,900.0,0.0,8.71930842549773e-06,-0.51514924,0.35507938,-0.11230731,-0.93696606,-0.5694713039057595,0.39315093349074964,-0.01966147869825363,-0.9478742480278015,-64.7962875366211,434.06720993066335,-1.5536631005150932,0.5852841816452452,-0.9362179040908813,-2.3996548652648926,-0.06950885057449341,0.0009965309421376758,-0.06840751320123672,-0.07139912247657776,1.016580036708287,0.0011002795220150857,1.0177079439163208,1.0149316787719727,1.4353820426123483,0.0010827367414904111,1.4364914894104004,1.4337598085403442,4.859455108642578,2,327.7601940580816,226.5213657900074,704.2986425339367,100.0,-95.67633056640625,-4.8080764,0.01427359,-4.795456,-4.840652,-72.08857,12.610691,-38.725216,-77.06814,459.14508056640625,423.4365083434052,128.0,0.0,128,128,0.0004358306506793732,0.005016383320173248,0.07669649888473704,0.0,2.975549524489288,5.037936353029064,22.49861128968944,0.9934445512079338,0.01119460723080085,0.009031707537748417,0.041558333614717884,0.002777773919758445,0.5836975388491445,0.32299499991519626,0.9499525023748812,0.0,0.8429133255132362,0.2725400940273442,1.1071123296147096,0.01800202686870187,-129.85170955027797,192.91312661874457,93.59879365619958,-585.5,13.752392593076284,38.75672480222965,283.0,-1.0,-361.8291015625,526.1177954231463,-1.0,-2379.0,138.287556168666,184.28098962257891,714.082628272107,0.24348557933784382,0.0006224149437637543,0.00013444748607079906,0.0007524454477050414,0.0004086636697997548,1.0,0.0,1.0,1.0,0.0,0.0,0.0,0.0,0.024788106658555825,0.002749406401222546,0.0274204170929851,0.020211300398656703,15.0,2.6457513110645907,16,8,3.5,2.3979157616563596,8.0,1.0,1044.5,912.7855717527528,2635,260,0.0,0.0,0.0,0.0,327.7601940580816,226.5213657900074,704.2986425339367,100.0,21.664707469280003,6.464920047513651,38.65900803078308,18.582300000000004,1.5999976312741637e-06,0.005341800002497621,25.49078649999865,0.978881499999261,26.47501139999804,55.94351330000063
630311759,1013994432,396591248,629559425,491.535322440603,353.93744062775363,1000.0,0.0,51.72129440307617,-0.6689892,0.1944861,-0.3906479,-0.9563153,0.23385720203320184,0.6237903222110447,0.9134858846664429,-0.7415764331817627,10.135061264038086,439.8140211816573,-1.405116726954778,0.4094268679145799,-0.9972013831138611,-2.1891627311706543,-0.08434948325157166,0.0014966453313805589,-0.08266746252775192,-0.08630315959453583,1.0397753715515137,0.0006202044124233796,1.040427327156067,1.0389412641525269,1.457943042119344,0.0005965520092229773,1.4585700035095215,1.4571406841278076,4.858890056610107,3,491.535322440603,353.93744062775363,1000.0,0.0,61.28892135620117,-4.797429,0.007337993,-4.7903786,-4.812087,-76.758865,0.11740789,-76.64606,-76.99339,-294.260986328125,430.24638975312496,128.0,0.0,128,128,0.00013439297363315066,0.0011495126816365433,0.016126934718260072,0.0,2.735586558728386,4.8646765014916165,22.49861128968944,0.720338306457416,0.014802106181644938,0.00992111628090468,0.04938241121968383,0.002777773919758445,0.607810246599271,0.3203689224493509,0.9499525023748812,0.0,0.9184287587421127,0.16356097405094297,1.114397281380257,0.11520204147878298,-105.9306531623903,242.1287503556594,88.5,-1345.5,10.419615159715763,33.74369559507097,283.0,-1.0,-308.2135416666667,625.3283855836254,-1.0,-2690.0,118.00823750825369,248.60672670701487,1344.5,0.24348557933784382,0.0006755499579324582,0.00030196016525533615,0.0010976948408342481,0.0004086636697997548,1.0,0.0,1.0,1.0,0.0,0.0,0.0,0.0,0.025376183624961562,0.0055724065606905845,0.0331132889769448,0.020211300398656703,16.0,0.0,16,16,5.166666666666667,3.6247605284885913,10.0,0.0,1182.1666666666667,933.7189828256085,2474,4,0.0,0.0,0.0,0.0,491.535322440603,353.93744062775363,1000.0,0.0,19.240348171603458,15.249030607629447,37.449012353282626,0.041800000000000004,1.6999983927235007e-06,0.005623400000331458,25.863506500005315,1.0446959999972023,26.91382760000124,82.86004230000981
799981516,592322119,410430189,729053692,491.535322440603,353.93744062775363,1000.0,0.0,51.72129440307617,-0.6689892,0.1944861,-0.3906479,-0.9563153,0.23385720203320184,0.6237903222110447,0.9134858846664429,-0.7415764331817627,10.135061264038086,439.8140211816573,-1.405116726954778,0.4094268679145799,-0.9972013831138611,-2.1891627311706543,-0.08434948325157166,0.0014966453313805589,-0.08266746252775192,-0.08630315959453583,1.0397753715515137,0.0006202044124233796,1.040427327156067,1.0389412641525269,1.457943042119344,0.0005965520092229773,1.4585700035095215,1.4571406841278076,4.858417987823486,4,471.197293098322,356.37920742370704,1100.0,100.0,36.855804443359375,-4.8141217,0.032724705,-4.7787504,-4.8835096,-67.258934,21.34387,-19.534039,-76.96387,-180.56019592285156,434.34148008764464,128.0,0.0,128,128,0.00043024167922031,0.005016709706472587,0.07669649888473704,0.0,2.7911577034521784,4.790715779920802,22.49861128968944,0.9934445512079338,0.011002990788229916,0.008909846933615578,0.041558333614717884,0.0029112039138225417,0.5894925516605939,0.3184680673863466,0.9374414099118804,0.0,0.8462729174419187,0.2721057089611892,1.1071123296147096,0.01800202686870187,-127.5763886256077,193.01415014251725,93.59879365619958,-585.5,12.173221790799348,36.38998637137714,188.19758731239915,-1.0,-352.23046875,529.0674483021095,-1.0,-2379.0,135.45352734009802,186.40096606822266,714.082628272107,0.33449400781347277,0.0006363684054342065,0.0001160770422708349,0.0007524454477050414,0.0005202913631633715,1.0,0.0,1.0,1.0,0.0,0.0,0.0,0.0,0.025112189296134135,0.002308227796850965,0.0274204170929851,0.02280396149928317,14.0,4.47213595499958,16,4,5.0,3.696845502136472,11.0,1.0,1502.0,1462.615579478536,4357,350,0.0,0.0,0.0,0.0,471.197293098322,356.37920742370704,1100.0,100.0,18.976235,0.621820905586969,20.33241,18.582300000000004,6.499998562503606e-06,0.008757000003242865,21.263191600002756,0.7239339999941876,21.99588909999875,104.85897370000748
630361478,796884249,166716594,413652244,303.85,217.61081659696973,615.4,100.0,-122.36761474609375,-0.6776726,0.39103696,-0.0050673485,-0.9623647,-0.21660036221146584,0.5250429512867384,0.386697381734848,-0.9853639006614685,157.9259796142578,426.2176190634916,-1.6485890597105026,1.0945735177437719,-0.9781121611595154,-3.5434951782226562,-0.09856999665498734,0.00120538273918044,-0.09734071046113968,-0.10057076066732407,1.035380333662033,0.0006007893707771995,1.0359611511230469,1.0343726873397827,1.4537071883678436,0.0005804406832649143,1.454268217086792,1.4527336359024048,4.857671737670898,5,303.85,217.61081659696973,615.4,100.0,-117.44232177734375,-4.8001747,0.023775453,-4.7782187,-4.840085,-68.394516,8.497146,-57.338623,-76.71573,560.2478637695312,421.2923320788802,128.0,0.0,128,128,0.00030225164850254443,0.0036857499925094803,0.07669649888473704,0.0,2.3598378157558093,4.256772609019664,22.49861128968944,0.720338306457416,0.013868703828086443,0.010149603556884714,0.04938241121968383,0.0029112039138225417,0.6106642871197147,0.3042224642051651,0.9374414099118804,0.0,0.8796280336389999,0.22962088105182507,1.114397281380257,0.01800202686870187,-118.36244051626474,235.41916106121752,93.59879365619958,-1345.5,8.45955797176672,30.23516998343836,188.19758731239915,-1.0,-324.111328125,606.1308978598794,-1.0,-2690.0,128.54108149863382,241.18036450289532,1344.5,0.33449400781347277,0.0007226807537165081,0.00023634954694367566,0.0010976948408342481,0.0005202913631633715,1.0,0.0,1.0,1.0,0.0,0.0,0.0,0.0,0.02653540726712406,0.004239668183270365,0.0331132889769448,0.02280396149928317,14.25,1.7853571071357126,16,12,3.25,2.48746859276655,7.0,1.0,759.0,609.3812435577584,1363,5,0.0,0.0,0.0,0.0,303.85,217.61081659696973,615.4,100.0,14.457738057977052,8.349559772898301,20.335922231908196,0.041800000000000004,2.9000002541579306e-06,0.006700500001898035,14.55194499999925,0.5881577999971341,15.146806199998537,120.0086771000133
726684926,271757669,795511698,105433556,303.85,217.61081659696973,615.4,100.0,-122.36761474609375,-0.6776726,0.39103696,-0.0050673485,-0.9623647,-0.21660036221146584,0.5250429512867384,0.386697381734848,-0.9853639006614685,157.9259796142578,426.2176190634916,-1.6485890597105026,1.0945735177437719,-0.9781121611595154,-3.5434951782226562,-0.09856999665498734,0.00120538273918044,-0.09734071046113968,-0.10057076066732407,1.035380333662033,0.0006007893707771995,1.0359611511230469,1.0343726873397827,1.4537071883678436,0.0005804406832649143,1.454268217086792,1.4527336359024048,4.856598854064941,6,501.45586897179254,491.93123381306606,1300.0,100.0,72.14717102050781,-4.7988634,0.020000454,-4.777583,-4.8358984,-76.09538,1.6715165,-72.07554,-77.374374,-346.2497863769531,429.30868576817136,128.0,0.0,128,128,0.00030344937682581314,0.003868991907940475,0.07669649888473704,0.0,2.767341498570553,4.8226305374245095,22.49861128968944,0.720338306457416,0.012631183099693497,0.009543658299738826,0.04938241121968383,0.002777773919758445,0.5973429923485983,0.319412761866854,0.9499525023748812,0.0,0.8771968494277161,0.23462675934633653,1.114397281380257,0.01800202686870187,-118.29964485565738,215.70484186689328,93.59879365619958,-1345.5,11.421676091763526,35.29084679338672,283.0,-1.0,-333.36607142857144,572.7225256947187,-1.0,-2690.0,127.97697455502187,215.4460213529501,1344.5,0.24348557933784382,0.0006531604993620285,0.00021714613394526497,0.0010976948408342481,0.0004086636697997548,1.0,0.0,1.0,1.0,0.0,0.0,0.0,0.0,0.02522532972277446,0.004045920001424379,0.0331132889769448,0.020211300398656703,15.857142857142858,0.3499271061118825,16,15,5.142857142857143,4.8529393575608655,13.0,1.0,1376.7142857142858,1148.9868474052278,3189,4,0.0,0.0,0.0,0.0,501.45586897179254,491.93123381306606,1300.0,100.0,18.988692226387833,9.970555354450637,37.28396427199167,0.041800000000000004,2.1000014385208488e-06,0.013569100003223866,29.905526700000337,0.8283973999932641,30.747495299998263,150.76042439999583
878115723,830873852,550260202,986026652,620.1935081148564,541.5312708554727,1400.0,0.0,174.5782928466797,-0.6167645,0.33832735,-0.005400181,-0.9434913,-0.22550777594248453,0.5995407802529097,0.5994808673858643,-0.9763360619544983,-47.49603271484375,445.61520796862806,-1.4824514091014862,0.7274021332639391,-0.9929394125938416,-3.0679373741149902,-0.10266789048910141,0.0014912486873147786,-0.10071907192468643,-0.1046811193227768,1.0237577160199482,0.0003416468041630851,1.0243759155273438,1.023364782333374,1.442418376604716,0.00033372593000273974,1.4430221319198608,1.4420344829559326,4.855512619018555,7,620.1935081148564,541.5312708554727,1400.0,0.0,171.79635620117188,-4.7794476,0.04582114,-4.7355065,-4.866975,-68.359535,17.515999,-29.201849,-76.90464,-827.7721557617188,448.39716800283986,128.0,0.0,128,128,0.00012694101168773305,0.0011494516679346283,0.016126934718260072,0.0,2.4897307973455733,4.50468426130981,22.49861128968944,0.720338306457416,0.01454661759155036,0.009866124926896862,0.04938241121968383,0.002777773919758445,0.61553693034787,0.3136508969530847,0.9499525023748812,0.0,0.9229082146470224,0.16048424140830184,1.114397281380257,0.11520204147878298,-102.89689192949659,241.93154593708468,88.5,-1345.5,8.31405409001318,29.77175003825916,283.0,-1.0,-295.4153645833333,627.5126975170937,-1.0,-2690.0,114.2295324034964,250.39220927884827,1344.5,0.24348557933784382,0.000694154573493061,0.00028806243494008135,0.0010976948408342481,0.0004086636697997548,1.0,0.0,1.0,1.0,0.0,0.0,0.0,0.0,0.025808293808399305,0.005246114148021775,0.0331132889769448,0.020211300398656703,14.333333333333334,3.726779962499649,16,6,6.333333333333333,5.374838498865699,14.0,0.0,2599.0,2795.2159129484075,7420,4,0.0,0.0,0.0,0.0,620.1935081148564,541.5312708554727,1400.0,0.0,16.059501716336538,13.03709539074855,37.71584,0.03424000000000001,1.8999999156221747e-06,0.00548269999853801,29.85656769999332,0.7485304000001634,30.610582699991937,181.37364869999874
117628829,147806606,732152370,704211524,620.1935081148564,541.5312708554727,1400.0,0.0,174.5782928466797,-0.6167645,0.33832735,-0.005400181,-0.9434913,-0.22550777594248453,0.5995407802529097,0.5994808673858643,-0.9763360619544983,-47.49603271484375,445.61520796862806,-1.4824514091014862,0.7274021332639391,-0.9929394125938416,-3.0679373741149902,-0.10266789048910141,0.0014912486873147786,-0.10071907192468643,-0.1046811193227768,1.0237577160199482,0.0003416468041630851,1.0243759155273438,1.023364782333374,1.442418376604716,0.00033372593000273974,1.4430221319198608,1.4420344829559326,4.854838848114014,8,640.0,557.1355310873648,1600.0,0.0,172.44253540039062,-4.831422,0.022293804,-4.8092465,-4.8714337,-62.688454,28.908937,-4.8714337,-77.35018,-835.7152099609375,467.5574512025559,128.0,0.0,128,128,0.0002527324558680144,0.0032986034172564414,0.07669649888473704,0.0,2.757815016617903,4.835304613837883,22.49861128968944,0.720338306457416,0.01328246002427893,0.009709545024001827,0.04938241121968383,0.002777773919758445,0.6004831686238001,0.31973589252415924,0.9499525023748812,0.0,0.8895664222220351,0.21660441773727007,1.114397281380257,0.01800202686870187,-114.58894734767728,224.031321467936,93.59879365619958,-1345.5,11.121057812149195,34.83694405919199,283.0,-1.0,-325.8203125,589.1105986144727,-1.0,-2690.0,124.98635344099141,225.95210101215832,1344.5,0.24348557933784382,0.0006598773369331575,0.0002458982783816056,0.0010976948408342481,0.0004086636697997548,1.0,0.0,1.0,1.0,0.0,0.0,0.0,0.0,0.025270585893430585,0.004558390228227,0.0331132889769448,0.020211300398656703,13.0,6.0,16,1,6.4,5.571355310873647,16.0,0.0,2555.4,2929.254143975903,8111,8,0.0,0.0,0.0,0.0,640.0,557.1355310873648,1600.0,0.0,20.06405494603005,12.98828592483072,41.03891473015026,0.03424000000000001,3.4999975468963385e-06,0.009819599996262696,24.656262999997125,0.5991228000057163,25.26520889999665,206.64211409999552
718568663,889937879,252070889,776094449,738.0373303167421,460.64954708539653,1600.0,100.0,263.1799011230469,-0.56792736,0.31181544,-0.07780981,-0.91421294,-0.06384653598070145,0.7013352079533965,0.9285439252853394,-0.9468895792961121,-150.61489868164062,474.85742020343946,-1.5454805865883827,0.5471516971877978,-0.9348064064979553,-2.4190261363983154,-0.09871750418096781,0.000677103229030501,-0.09811572730541229,-0.10032098740339279,1.0114565938711166,0.0004480938663104429,1.0119400024414062,1.0110108852386475,1.4303298890590668,0.00044304249036468266,1.4308078289031982,1.42988920211792,4.85178804397583,9,738.0373303167421,460.64954708539653,1600.0,100.0,243.431884765625,-4.8124704,0.031861495,-4.7571974,-4.8458705,-76.99953,0.5097839,-76.11516,-77.53393,-1162.1832275390625,494.6054391139745,128.0,0.0,128,128,0.0001317852694253084,0.002515988347675345,0.07669649888473704,0.0,3.406906827801425,5.54332173499369,22.49861128968944,0.9934445512079338,0.01037901197613134,0.007219737760399852,0.041558333614717884,0.002777773919758445,0.5845771973296028,0.348338513106836,0.9499525023748812,0.0,0.918636987562159,0.18434890461567693,1.1071123296147096,0.01800202686870187,-99.68936538738657,175.95816711799066,93.59879365619958,-585.5,14.63108592112835,39.43736876023298,283.0,-1.0,-308.75390625,525.9759418366882,-1.0,-2379.0,108.43687625713699,165.85316519559458,714.082628272107,0.24348557933784382,0.000507450238719724,0.00010604161266373673,0.0007524454477050414,0.0004086636697997548,1.0,0.0,1.0,1.0,0.0,0.0,0.0,0.0,0.022408770535760986,0.0022424297596449383,0.0274204170929851,0.020211300398656703,16.0,0.0,16,16,7.5,4.58257569495584,16.0,1.0,2409.875,1910.2444501620728,5546,274,0.0,0.0,0.0,0.0,738.0373303167421,460.64954708539653,1600.0,100.0,26.468544657893236,8.632959455210058,37.975790319815545,18.582300000000004,1.700005668681115e-06,0.005806300003314391,39.06307500000548,1.1677802999984124,40.23666330001288,246.88178140002128
602957303,812297694,850839392,121930838,738.0373303167421,460.64954708539653,1600.0,100.0,263.1799011230469,-0.56792736,0.31181544,-0.07780981,-0.91421294,-0.06384653598070145,0.7013352079533965,0.9285439252853394,-0.9468895792961121,-150.61489868164062,474.85742020343946,-1.5454805865883827,0.5471516971877978,-0.9348064064979553,-2.4190261363983154,-0.09871750418096781,0.000677103229030501,-0.09811572730541229,-0.10032098740339279,1.0114565938711166,0.0004480938663104429,1.0119400024414062,1.0110108852386475,1.4303298890590668,0.00044304249036468266,1.4308078289031982,1.42988920211792,4.850848197937012,10,861.1461619348055,459.1953903308466,1800.0,366.87697160883283,329.88665771484375,-4.7882714,0.047024872,-4.7262297,-4.8489027,-73.38518,6.871626,-58.08907,-77.58244,-1594.2843017578125,531.2595113960576,128.0,0.0,128,128,3.2299799493641216e-05,0.00010746298402376153,0.0007145765259000703,0.0,3.6121565359178405,5.7578114023313045,22.49861128968944,1.010809938970694,0.010171019038765146,0.006547110003438777,0.027777739197584448,0.002777773919758445,0.5829387458859392,0.35772650383196936,0.9499525023748812,0.0,0.9427583442689057,0.13529533065389332,1.0548142744057427,0.16361343296583433,-90.39369097464619,168.87246607366225,88.5,-581.0,15.45037396457135,40.36887545306756,283.0,-1.0,-294.26171875,524.1406041412417,-1.0,-2379.0,99.43132589614999,157.3854824126321,714.082628272107,0.24348557933784382,0.0004644775164815633,5.5813846681808366e-05,0.0005202913631633715,0.0004086636697997548,1.0,0.0,1.0,1.0,0.0,0.0,0.0,0.0,0.02150763094896994,0.0012963305503132345,0.02280396149928317,0.020211300398656703,15.333333333333334,1.4907119849998596,16,12,8.833333333333334,4.374801582802229,18.0,5.0,3605.5,2527.6752659311283,9178,1684,0.0,0.0,0.0,0.0,861.1461619348055,459.1953903308466,1800.0,366.87697160883283,28.705645939721723,9.256195151737394,38.369200000000006,18.88905040466578,7.300004654098302e-06,0.005655900000419933,34.75190139999904,0.7680283000008785,35.525592900004995,282.4110284000126
217946253,927586281,937426313,226591751,428.99064817800706,542.6348808133066,1602.9345372460496,0.0,-41.28010177612305,-0.6462148,0.26046675,-0.14988577,-0.8938369,-0.021122338516371592,0.6379132090525763,0.9281230568885803,-0.9234803915023804,95.8808364868164,470.27074300089623,-1.4997079031808036,0.6607446688795698,-0.9148227572441101,-2.444455623626709,-0.10164909384080342,0.0012375501461458118,-0.09992026537656784,-0.10278487950563431,0.9964193190847125,0.0013786247664013187,0.9983974099159241,0.9949916005134583,1.4153504712241036,0.0013833510600713443,1.4173346757888794,1.4139175415039062,4.8568830490112305,11,428.99064817800706,542.6348808133066,1602.9345372460496,0.0,-92.0420150756836,-4.7948904,0.018191915,-4.7585163,-4.8168526,-74.659134,4.9885983,-62.459454,-77.06964,446.7125244140625,521.0326250742526,128.0,0.0,128,128,0.00027726013188063015,0.0029802075121304708,0.07669649888473704,0.0,2.250566898826924,4.167287779794241,22.49861128968944,0.720338306457416,0.016362980150886244,0.010685059473834661,0.04938241121968383,0.002777773919758445,0.6167889055958385,0.2957627976797817,0.9499525023748812,0.0,0.8839101837838896,0.21224579740878158,1.114397281380257,0.01800202686870187,-120.9934131163062,263.61702488046757,93.59879365619958,-1345.5,8.04592630867931,29.86418320866294,283.0,-1.0,-328.7622767857143,652.5107726643527,-1.0,-2690.0,133.60798409569705,273.6479558328297,1344.5,0.24348557933784382,0.000784968052333469,0.00028689578507186663,0.0010976948408342481,0.0004086636697997548,1.0,0.0,1.0,1.0,0.0,0.0,0.0,0.0,0.02751135820300608,0.0052339982923844276,0.0331132889769448,0.020211300398656703,15.571428571428571,1.0497813183356477,16,13,4.428571428571429,5.728553615932406,17.0,0.0,1586.7142857142858,2183.0632943043074,6344,5,0.0,0.0,0.0,0.0,428.99064817800706,542.6348808133066,1602.9345372460496,0.0,13.474553306856993,13.075807509219214,37.21719775201266,0.04179959717247636,2.0000006770715117e-06,0.00593500000104541,25.907735200002207,1.4078109999973094,27.32148320000124,309.7353623000163
272404799,398576445,826019350,77964601,428.99064817800706,542.6348808133066,1602.9345372460496,0.0,-41.28010177612305,-0.6462148,0.26046675,-0.14988577,-0.8938369,-0.021122338516371592,0.6379132090525763,0.9281230568885803,-0.9234803915023804,95.8808364868164,470.27074300089623,-1.4997079031808036,0.6607446688795698,-0.9148227572441101,-2.444455623626709,-0.10164909384080342,0.0012375501461458118,-0.09992026537656784,-0.10278487950563431,0.9964193190847125,0.0013786247664013187,0.9983974099159241,0.9949916005134583,1.4153504712241036,0.0013833510600713443,1.4173346757888794,1.4139175415039062,4.851161956787109,12,484.1394825646794,324.152437810857,800.0,0.0,-33.20383834838867,-4.7807484,0.037093,-4.736594,-4.8286195,-73.298096,7.09418,-57.48982,-77.25791,167.57400512695312,517.3433108232953,128.0,0.0,128,128,0.0002271716227237453,0.003012336589178864,0.07669649888473704,0.0,3.268988911908778,5.460907307767514,22.49861128968944,0.720338306457416,0.013147119411835162,0.009486888761636874,0.04938241121968383,0.002777773919758445,0.5859690725445913,0.3353965796927691,0.9499525023748812,0.0,0.8917125587058153,0.209029176244169,1.114397281380257,0.01800202686870187,-115.10704646817932,216.16173004263794,93.59879365619958,-1345.5,15.000952108773427,40.476669736669606,283.0,-1.0,-339.7578125,574.405599648641,-1.0,-2690.0,126.39523984065376,212.94028055495642,1344.5,0.24348557933784382,0.0005994037768503208,0.000254007833467329,0.0010976948408342481,0.0004086636697997548,1.0,0.0,1.0,1.0,0.0,0.0,0.0,0.0,0.023995261460863865,0.004817405879509962,0.0331132889769448,0.020211300398656703,15.333333333333334,1.4907119849998596,16,12,5.0,3.366501646120693,8.0,0.0,1731.6666666666667,1351.4583069986122,3937,4,0.0,0.0,0.0,0.0,484.1394825646794,324.152437810857,800.0,0.0,25.218159297450104,13.854238788139451,37.963550607830356,0.03424000000000001,3.7999998312443495e-06,0.008485900005325675,21.831202100001974,0.7935030000007828,22.633194800007914,332.3720527000114
542837249,494008192,621080892,339933393,460.0,402.9888335921977,1000.0,100.0,-9.243677139282227,-0.6825652,0.20419022,-0.28027844,-0.8408457,-0.12788038849830627,0.5768098903868196,0.6147003173828125,-0.8644075989723206,-38.2789421081543,469.2436687008066,-1.1921174764633178,0.2539607889319359,-0.9523835182189941,-1.655432939529419,-0.10458592921495438,0.0013600940356233695,-0.1029261127114296,-0.10579733550548553,0.9824025869369507,0.001907361985547295,0.9837293028831482,0.9786518812179565,1.4011825323104858,0.0019441200663307932,1.402534008026123,1.3973592519760132,4.852024555206299,13,460.0,402.9888335921977,1000.0,100.0,-51.608978271484375,-4.8297668,0.02754556,-4.7920804,-4.8652964,-58.823326,18.641312,-34.05707,-76.87269,240.59060668945312,511.60897974096576,128.0,0.0,128,128,0.0004297939164276842,0.004571750535493986,0.07669649888473704,0.0,3.0194693109503876,5.182979063983098,22.49861128968944,0.720338306457416,0.014228421340291824,0.010512522742486277,0.04938241121968383,0.002777773919758445,0.5845606499370242,0.31794906576946314,0.9499525023748812,0.0,0.8402215573194564,0.2609966985243646,1.114397281380257,0.01800202686870187,-136.74305336700678,230.45191375713082,93.59879365619958,-1345.5,14.863543509926595,40.72012336789689,283.0,-1.0,-379.7234375,581.4287817099215,-1.0,-2690.0,148.46412626998807,227.98393251100308,1344.5,0.24348557933784382,0.0006839826151687682,0.0002577336485215216,0.0010976948408342481,0.0004086636697997548,1.0,0.0,1.0,1.0,0.0,0.0,0.0,0.0,0.025675344792045685,0.004921892535083181,0.0331132889769448,0.020211300398656703,12.2,3.919183588453085,16,7,4.6,4.029888335921977,10.0,1.0,1414.6,1485.1912469443118,3638,5,0.0,0.0,0.0,0.0,460.0,402.9888335921977,1000.0,100.0,22.621454870589826,14.197468918896528,38.612625993411974,0.03424000000000001,1.4999968698248267e-06,0.005688600002031308,17.691164800002298,0.6225875000018277,18.319442400003027,350.6942117000217
365262088,341893848,167739021,98998899,460.0,402.9888335921977,1000.0,100.0,-9.243677139282227,-0.6825652,0.20419022,-0.28027844,-0.8408457,-0.12788038849830627,0.5768098903868196,0.6147003173828125,-0.8644075989723206,-38.2789421081543,469.2436687008066,-1.1921174764633178,0.2539607889319359,-0.9523835182189941,-1.655432939529419,-0.10458592921495438,0.0013600940356233695,-0.1029261127114296,-0.10579733550548553,0.9824025869369507,0.001907361985547295,0.9837293028831482,0.9786518812179565,1.4011825323104858,0.0019441200663307932,1.402534008026123,1.3973592519760132,4.856018543243408,14,280.0,271.29319932501073,700.0,0.0,-208.44810485839844,-4.7935004,0.02479118,-4.760275,-4.8161974,-71.88426,9.484718,-52.92918,-77.05916,1000.2373657226562,488.4480817668692,128.0,0.0,128,128,0.0003095171831844695,0.0034122887135071877,0.07669649888473704,0.0,2.0843595734745426,3.849114598772286,22.49861128968944,0.720338306457416,0.015907819155950055,0.010733985029689903,0.04938241121968383,0.0029112039138225417,0.6200420793009587,0.28990508021493205,0.9374414099118804,0.0,0.877656344448905,0.22408752688976963,1.114397281380257,0.01800202686870187,-122.09086792058751,260.52314349550403,93.59879365619958,-1345.5,6.839265887414294,27.254124480944277,188.19758731239915,-1.0,-326.5125,646.8672317166406,-1.0,-2690.0,133.86527734539928,270.94048711421624,1344.5,0.33449400781347277,0.0007976835711400561,0.00025921145259857805,0.0010976948408342481,0.0005202913631633715,1.0,0.0,1.0,1.0,0.0,0.0,0.0,0.0,0.02785098360908821,0.004615494934406397,0.0331132889769448,0.02280396149928317,15.0,2.0,16,11,2.8,2.7129319932501073,7.0,0.0,1170.0,1474.2826052015944,3884,4,0.0,0.0,0.0,0.0,280.0,271.29319932501073,700.0,0.0,11.576058699055494,9.43928884111109,20.332410476077946,0.03424000000000001,2.2999956854619086e-06,0.007142700000258628,19.062814899996738,0.6203304999944521,19.690290399987134,370.3880013000162
729416111,254447594,550367865,732412360,418.767217630854,402.71721155279255,1000.0,0.0,-45.42879867553711,-0.7079317,0.14122094,-0.5567968,-0.9037505,-0.14454485289752483,0.5493231076437703,0.9499958157539368,-0.6555407047271729,38.02207565307617,464.1960235938114,-1.3108292420705159,0.7093763783988686,-0.8907298445701599,-2.8846077919006348,-0.110557255645593,0.0013061755091066634,-0.10865972936153412,-0.1119411513209343,0.972405195236206,0.002315790944443823,0.9756537079811096,0.9697085022926331,1.390952964623769,0.0023810225039784644,1.3942909240722656,1.3881787061691284,4.855702877044678,15,418.767217630854,402.71721155279255,1000.0,0.0,-62.71276092529297,-4.796874,0.03164561,-4.737427,-4.839925,-76.749985,0.5063298,-75.798836,-77.4388,303.9599609375,481.4799953532677,128.0,0.0,128,128,0.0002670402668753736,0.0031168511743418733,0.07669649888473704,0.0,2.461920281239832,4.464819199944257,22.49861128968944,0.720338306457416,0.015079430098133196,0.01040131324632606,0.04938241121968383,0.002777773919758445,0.6099948485241559,0.30608551460795386,0.9499525023748812,0.0,0.8862669497997836,0.21409083577499635,1.114397281380257,0.01800202686870187,-118.32488571271081,247.91250961579414,93.59879365619958,-1345.5,9.327231101791762,32.06598755314888,283.0,-1.0,-327.5364583333333,626.87544551659,-1.0,-2690.0,130.01563798956968,254.89719971141042,1344.5,0.24348557933784382,0.0007328469209166725,0.00027750874525469345,0.0010976948408342481,0.0004086636697997548,1.0,0.0,1.0,1.0,0.0,0.0,0.0,0.0,0.02657770307401629,0.005085129743960103,0.0331132889769448,0.020211300398656703,16.0,0.0,16,16,4.333333333333333,4.109609335312651,10.0,0.0,1516.0,1513.607500862316,3640,4,0.0,0.0,0.0,0.0,418.767217630854,402.71721155279255,1000.0,0.0,15.898448399904913,12.9482943720226,37.50925599854616,0.03424000000000001,1.7999991541728377e-06,0.005899000003410038,22.698647800003528,0.9073065999982646,23.611855200004356,394.00276180001674
422396446,399713351,734901635,737248710,418.767217630854,402.71721155279255,1000.0,0.0,-45.42879867553711,-0.7079317,0.14122094,-0.5567968,-0.9037505,-0.14454485289752483,0.5493231076437703,0.9499958157539368,-0.6555407047271729,38.02207565307617,464.1960235938114,-1.3108292420705159,0.7093763783988686,-0.8907298445701599,-2.8846077919006348,-0.110557255645593,0.0013061755091066634,-0.10865972936153412,-0.1119411513209343,0.972405195236206,0.002315790944443823,0.9756537079811096,0.9697085022926331,1.390952964623769,0.0023810225039784644,1.3942909240722656,1.3881787061691284,4.85064172744751,16,562.8668171557563,396.88654554263303,1200.0,100.0,73.24813842773438,-4.7978296,0.042201348,-4.7414007,-4.8574023,-76.765274,0.67522156,-75.86241,-77.71844,-338.5791931152344,489.6186775335166,128.0,0.0,128,128,0.0003419341522067692,0.004347841262405405,0.07669649888473704,0.0,3.3651910536428122,5.50163634716955,22.49861128968944,0.9934445512079338,0.01117823073600559,0.008651225225328433,0.041558333614717884,0.002777773919758445,0.5762640745940314,0.3372967910155759,0.9499525023748812,0.0,0.8636750902913005,0.25025509737253265,1.1071123296147096,0.01800202686870187,-122.8313560622079,187.95165784526966,93.59879365619958,-585.5,16.150851438796224,41.81077649139031,283.0,-1.0,-356.935546875,522.8694676693168,-1.0,-2379.0,132.11603463624692,176.0942586589099,714.082628272107,0.24348557933784382,0.0005654887598551413,0.00015113170801633655,0.0007524454477050414,0.0004086636697997548,1.0,0.0,1.0,1.0,0.0,0.0,0.0,0.0,0.023562884434186467,0.0031522402614052236,0.0274204170929851,0.020211300398656703,16.0,0.0,16,16,5.75,4.054318685056714,12.0,1.0,2130.625,1958.66816596763,5500,264,0.0,0.0,0.0,0.0,562.8668171557563,396.88654554263303,1200.0,100.0,25.975081502844574,9.197138331565583,38.997137645181866,18.582300000007454,2.2000021999701858e-06,0.008863600000040606,32.90146630000527,2.1405461999966064,35.050878300004115,429.0563945000249
892878741,694873649,142443833,848474627,566.6666666666666,564.7024782032472,1600.0,100.0,92.22357177734375,-0.72244734,0.20871195,-0.3104688,-0.8958867,-0.3834928671518962,0.4052045494823497,0.04352213814854622,-0.9938010573387146,43.81407928466797,474.4430879010969,-1.6919522285461426,1.5012724137484166,-0.8803997039794922,-5.005731582641602,-0.11752825354536374,0.0014763432513256122,-0.11575070023536682,-0.11995860189199448,0.9635515014330546,0.0024681964600383787,0.9654247760772705,0.9588643908500671,1.3818058768908184,0.00256488578676598,1.383751392364502,1.3769328594207764,4.8553786277771,17,566.6666666666666,564.7024782032472,1600.0,100.0,69.34318542480469,-4.822654,0.048106354,-4.764852,-4.921604,-56.04761,28.594997,-4.921604,-77.23437,-339.6578369140625,497.32347644683153,128.0,0.0,128,128,0.0003598189159659682,0.00417647457683077,0.07669649888473704,0.0,2.995322634420224,5.136437493131969,22.49861128968944,0.720338306457416,0.01342444332832342,0.010033830883073415,0.04938241121968383,0.002777773919758445,0.5881536744694761,0.321929169217126,0.9499525023748812,0.0,0.8595507497634863,0.2470979716816676,1.114397281380257,0.01800202686870187,-127.50127901849982,222.109669994406,93.59879365619958,-1345.5,13.90856805084943,39.216839714739514,283.0,-1.0,-359.0807291666667,575.0304101953813,-1.0,-2690.0,138.40264032196978,219.7940598557661,1344.5,0.24348557933784382,0.0006567007398345353,0.00024305767132982197,0.0010976948408342481,0.0004086636697997548,1.0,0.0,1.0,1.0,0.0,0.0,0.0,0.0,0.025196780909918597,0.004618726958676566,0.0331132889769448,0.020211300398656703,11.666666666666666,5.962847939999439,16,1,5.666666666666667,5.647024782032472,16.0,1.0,1549.8333333333333,1670.9252343803084,4753,4,0.0,0.0,0.0,0.0,566.6666666666666,564.7024782032472,1600.0,100.0,21.98486690788269,12.711475972583548,37.24003144729614,0.041800000000000004,2.3999964469112456e-06,0.0125837000014144,27.30090179999388,0.7784216000000015,28.091909499991743,457.15126400001463
824105924,170208024,281387505,610401323,566.6666666666666,564.7024782032472,1600.0,100.0,92.22357177734375,-0.72244734,0.20871195,-0.3104688,-0.8958867,-0.3834928671518962,0.4052045494823497,0.04352213814854622,-0.9938010573387146,43.81407928466797,474.4430879010969,-1.6919522285461426,1.5012724137484166,-0.8803997039794922,-5.005731582641602,-0.11752825354536374,0.0014763432513256122,-0.11575070023536682,-0.11995860189199448,0.9635515014330546,0.0024681964600383787,0.9654247760772705,0.9588643908500671,1.3818058768908184,0.00256488578676598,1.383751392364502,1.3769328594207764,4.850512981414795,18,135.34540576794097,97.87656449751039,312.07243460764585,0.0,-325.7802734375,-4.7928944,0.022026338,-4.758274,-4.820434,-76.68631,0.3524214,-76.132385,-77.126945,1563.314453125,461.12566937894246,128.0,0.0,128,128,0.0006251135024504141,0.005837371359893324,0.07669649888473704,0.0,2.447990079443116,4.365385862199529,22.49861128968944,0.720338306457416,0.013979091161299936,0.011025865883959917,0.04938241121968383,0.0029112039138225417,0.5925228783192459,0.29309521273103306,0.9374414099118804,0.0,0.7952271318788281,0.29929840971561084,1.114397281380257,0.01800202686870187,-152.2897441191408,231.56991912152736,93.59879365619958,-1345.5,11.723799935001429,36.469167088265415,188.19758731239915,-1.0,-397.7265625,574.3309860019165,-1.0,-2690.0,162.4174412846018,231.03266885893203,1344.5,0.33449400781347277,0.0007712946658029641,0.00016880013047390692,0.0010976948408342481,0.0005202913631633715,1.0,0.0,1.0,1.0,0.0,0.0,0.0,0.0,0.027599819808028062,0.002986841713549949,0.0331132889769448,0.02280396149928317,16.0,0.0,16,16,1.5,1.2583057392117916,4.0,0.0,385.3333333333333,337.0448371095784,1080,11,0.0,0.0,0.0,0.0,135.34540576794097,97.87656449751039,312.07243460764585,0.0,15.988302704150215,7.165673896732026,20.33373622490128,0.03424000000000001,1.8999999156221747e-06,0.01027339999563992,10.706407000005129,0.5903212999983225,11.307003599999007,468.4615886000174
801015372,143084570,363464500,698099024,488.5820499203399,302.7339714012974,820.0743494423792,0.0,12.725054740905762,-0.62315816,0.19739276,-0.15931916,-0.8145485,-0.15819038024970464,0.6323281972472232,0.802618145942688,-0.9596577286720276,16.105575561523438,475.85698410302115,-1.3978032299450465,0.614713260741634,-0.8709853291511536,-2.696892261505127,-0.12180697066443306,0.0018479887571372898,-0.12037623673677444,-0.12460905313491821,0.9505281959261213,0.0029430498376732165,0.9529368877410889,0.9462773203849792,1.3681962660380773,0.0030989436752085786,1.3707319498062134,1.363718867301941,4.855068206787109,19,488.5820499203399,302.7339714012974,820.0743494423792,0.0,24.710742950439453,-4.7925634,0.036896374,-4.725569,-4.8496466,-73.21698,8.12515,-53.34611,-77.29562,-125.51960754394531,463.87130743308217,128.0,0.0,128,128,0.00012938932840018624,0.0010657549379691636,0.016126934718260072,0.0,3.1769111058190664,5.403172737193617,22.49861128968944,0.720338306457416,0.014469007634212282,0.009734415379607729,0.04938241121968383,0.002777773919758445,0.5943228673920247,0.33400767595237796,0.9499525023748812,0.0,0.9161451133681988,0.1639537469934191,1.114397281380257,0.11520204147878298,-107.61163729214736,233.38313491206364,88.5,-1345.5,13.84544493574131,38.97845736205812,283.0,-1.0,-322.6752232142857,608.6946316213757,-1.0,-2690.0,120.21272812692679,235.3617301117672,1344.5,0.24348557933784382,0.0006214765320044122,0.0003035418189597703,0.0010976948408342481,0.0004086636697997548,1.0,0.0,1.0,1.0,0.0,0.0,0.0,0.0,0.024267963006828513,0.0056625200033135125,0.0331132889769448,0.020211300398656703,15.285714285714286,1.7496355305594127,16,11,5.0,3.1622776601683795,9.0,0.0,2079.8571428571427,1545.7560728441904,4177,5,0.0,0.0,0.0,0.0,488.5820499203399,302.7339714012974,820.0743494423792,0.0,24.72927047678133,16.904051627722424,40.61664275505268,0.03424000000000001,1.5999976312741637e-06,0.005244100000709295,33.08578729999863,0.9835944000005838,34.07462739999755,502.5388253000274
78547565,146764659,619817,532704722,488.5820499203399,302.7339714012974,820.0743494423792,0.0,12.725054740905762,-0.62315816,0.19739276,-0.15931916,-0.8145485,-0.15819038024970464,0.6323281972472232,0.802618145942688,-0.9596577286720276,16.105575561523438,475.85698410302115,-1.3978032299450465,0.614713260741634,-0.8709853291511536,-2.696892261505127,-0.12180697066443306,0.0018479887571372898,-0.12037623673677444,-0.12460905313491821,0.9505281959261213,0.0029430498376732165,0.9529368877410889,0.9462773203849792,1.3681962660380773,0.0030989436752085786,1.3707319498062134,1.363718867301941,4.843282222747803,20,105.79557428872498,153.77024413037665,434.77344573234984,0.0,-322.2681579589844,-4.8030577,0.034115456,-4.731655,-4.830368,-76.84892,0.5458473,-75.70648,-77.28589,1548.15771484375,428.06373411864644,128.0,0.0,128,128,0.0003765854029603006,0.00331258089822244,0.07669649888473704,0.0,1.8312060654331894,3.4997660139040923,22.49861128968944,0.720338306457416,0.019966005831107563,0.010804543012858953,0.04938241121968383,0.002777773919758445,0.6271396654888884,0.26752299219635234,0.9499525023748812,0.0,0.8574579083680808,0.2280004282730171,1.114397281380257,0.01800202686870187,-136.89560913334864,301.01275854233523,93.59879365619958,-1345.5,6.402033366638758,27.291184561933566,283.0,-1.0,-354.2864583333333,710.2398609829803,-1.0,-2690.0,152.37125470643068,315.78588230780014,1344.5,0.24348557933784382,0.0009253147468069647,0.0002632083196545151,0.0010976948408342481,0.0004086636697997548,1.0,0.0,1.0,1.0,0.0,0.0,0.0,0.0,0.030014145566570172,0.004851837457655336,0.0331132889769448,0.020211300398656703,16.0,0.0,16,16,1.3333333333333333,2.1343747458109497,6.0,0.0,333.6666666666667,627.1176568679562,1720,4,0.0,0.0,0.0,0.0,105.79557428872498,153.77024413037665,434.77344573234984,0.0,9.957540000000002,15.447023883626692,41.0033,0.03424000000000001,1.5999976312741637e-06,0.007371699997747783,9.554464000000735,0.5830752000038046,10.144912499999919,512.686494400019
1025900559,689925184,1065863364,208285721,459.3039573393208,245.4329155961735,700.0,100.0,-14.897736549377441,-0.6383682,0.2550442,-0.216663,-0.8740899,-0.3145166816455977,0.45467175312950714,0.258258581161499,-0.9023772478103638,-10.784621238708496,474.20168142665113,-1.150348493031093,0.35263798582481026,-0.8495357036590576,-1.900197982788086,-0.1270342958824975,0.0013711825160485813,-0.12535107135772705,-0.1297493577003479,0.9364551816667829,0.002714948346774497,0.93976891040802,0.9318419098854065,1.353280714579991,0.00290015458336902,1.3568172454833984,1.348346471786499,4.846408843994141,21,459.3039573393208,245.4329155961735,700.0,100.0,28.116212844848633,-4.780861,0.05697788,-4.660302,-4.8376503,-75.809586,1.85898,-71.83891,-77.402405,-129.572509765625,431.1877564407139,128.0,0.0,128,128,0.00018975169690390778,0.00279019800084778,0.07669649888473704,0.0,3.0019125935607422,5.130418408255332,22.49861128968944,0.720338306457416,0.012393476885560707,0.00903118181260303,0.04938241121968383,0.002777773919758445,0.5954704764129827,0.3311304084678936,0.9499525023748812,0.0,0.9047641142354266,0.19829235060325345,1.114397281380257,0.01800202686870187,-107.67601695538268,210.04158948870824,93.59879365619958,-1345.5,12.358005284269812,36.555498415737034,283.0,-1.0,-316.80357142857144,571.4800347919569,-1.0,-2690.0,117.68491699960815,208.9925090777996,1344.5,0.24348557933784382,0.0006040488168041306,0.00022775444219110802,0.0010976948408342481,0.0004086636697997548,1.0,0.0,1.0,1.0,0.0,0.0,0.0,0.0,0.024195455909298974,0.004267550009815897,0.0331132889769448,0.020211300398656703,15.857142857142858,0.34992710611188255,16,15,4.714285714285714,2.5475077857324298,7.0,1.0,1591.857142857143,1190.2989334702472,3856,16,0.0,0.0,0.0,0.0,459.3039573393208,245.4329155961735,700.0,100.0,21.641276801979796,11.97402507285643,37.73872,0.04179959717247636,2.4999972083605826e-06,0.00788059999467805,21.790848599994206,0.9738343999997596,22.772566099985852,535.4622409000076
130755951,842391266,168703447,954017671,459.3039573393208,245.4329155961735,700.0,100.0,-14.897736549377441,-0.6383682,0.2550442,-0.216663,-0.8740899,-0.3145166816455977,0.45467175312950714,0.258258581161499,-0.9023772478103638,-10.784621238708496,474.20168142665113,-1.150348493031093,0.35263798582481026,-0.8495357036590576,-1.900197982788086,-0.1270342958824975,0.0013711825160485813,-0.12535107135772705,-0.1297493577003479,0.9364551816667829,0.002714948346774497,0.93976891040802,0.9318419098854065,1.353280714579991,0.00290015458336902,1.3568172454833984,1.348346471786499,4.850376129150391,22,314.70493389229284,259.02806820933836,700.0,0.0,-104.83452606201172,-4.8135924,0.09029556,-4.707492,-4.948062,-50.322407,30.677776,-4.9457603,-76.39404,497.0201416015625,419.53947418587177,128.0,0.0,128,128,0.00042992184865414863,0.0047031792839433454,0.07669649888473704,0.0,2.9542374230937574,5.075047378276854,22.49861128968944,0.720338306457416,0.013306869753988421,0.010185412678547367,0.04938241121968383,0.002777773919758445,0.5859697647151868,0.3181052409156389,0.9499525023748812,0.0,0.8419505173544456,0.2642325084630359,1.114397281380257,0.01800202686870187,-134.1240062980356,220.44415772131262,93.59879365619958,-1345.5,14.094880161604525,39.5500482394598,283.0,-1.0,-371.86830357142856,567.0980861830512,-1.0,-2690.0,144.7468122900195,216.9976399228772,1344.5,0.24348557933784382,0.0006703785552446076,0.00022750813492460916,0.0010976948408342481,0.0004086636697997548,1.0,0.0,1.0,1.0,0.0,0.0,0.0,0.0,0.025514443221785237,0.0043463289070336366,0.0331132889769448,0.020211300398656703,10.571428571428571,6.499607523472758,16,1,3.2857142857142856,2.710523708715754,7.0,0.0,1313.0,1274.6669032675613,3368,42,0.0,0.0,0.0,0.0,314.70493389229284,259.02806820933836,700.0,0.0,21.767942308291634,12.189587522846237,38.52592908838404,0.041800000000000004,9.800001862458885e-06,0.00836400000116555,19.603047600001446,0.6346831999981077,20.24610460000258,555.7113863000122
443352346,315096729,849946216,941622294,375.7844308727208,313.6083407232432,720.0743494423792,0.0,-88.57553100585938,-0.53812796,0.24440125,-0.19340658,-0.98327994,-0.2993119869913374,0.8092031850204087,0.9780016541481018,-0.9843842387199402,59.84330368041992,464.35995637125814,-2.449421661240714,1.2051432452198187,-1.0709755420684814,-4.117958068847656,-0.13382147465433394,0.0020141536751162076,-0.13224606215953827,-0.13685593008995056,0.9288100940840585,0.003512185323067811,0.9321163296699524,0.9233061075210571,1.3450804097311837,0.0037877476065060985,1.3486409187316895,1.3391441106796265,4.84314489364624,23,375.7844308727208,313.6083407232432,720.0743494423792,0.0,-39.379547119140625,-4.80951,0.039523654,-4.7437625,-4.8779173,-69.286865,18.334698,-24.389585,-77.46718,192.36117553710938,415.1639698545567,128.0,0.0,128,128,0.00024947440427530666,0.002886537111998835,0.07669649888473704,0.0,3.153073520585574,5.377791681194085,22.49861128968944,0.720338306457416,0.014925704068426138,0.010205970442920027,0.04938241121968383,0.002777773919758445,0.5895725115431266,0.3276348406630334,0.9499525023748812,0.0,0.8847383149277085,0.20935993108411366,1.114397281380257,0.01800202686870187,-120.83563196347382,238.5022915788334,93.59879365619958,-1345.5,14.713882374408668,40.39110980164809,283.0,-1.0,-350.2075892857143,607.0002219165068,-1.0,-2690.0,133.74367577213246,239.19631398930971,1344.5,0.24348557933784382,0.0006546414012246509,0.00030335705262363253,0.0010976948408342481,0.0004086636697997548,1.0,0.0,1.0,1.0,0.0,0.0,0.0,0.0,0.024927456663071643,0.005722125887269712,0.0331132889769448,0.020211300398656703,14.428571428571429,3.8491981672307087,16,5,4.0,3.295017884191656,8.0,0.0,1543.7142857142858,1361.2035340919776,3446,4,0.0,0.0,0.0,0.0,375.7844308727208,313.6083407232432,720.0743494423792,0.0,24.121798155587214,16.485495645250197,37.73872,0.03424000000000001,1.500004145782441e-06,0.005003500002203509,19.171699600003194,0.8524250000045868,20.02912960001413,575.7432641000269
681162505,413056707,187321319,658719870,375.7844308727208,313.6083407232432,720.0743494423792,0.0,-88.57553100585938,-0.53812796,0.24440125,-0.19340658,-0.98327994,-0.2993119869913374,0.8092031850204087,0.9780016541481018,-0.9843842387199402,59.84330368041992,464.35995637125814,-2.449421661240714,1.2051432452198187,-1.0709755420684814,-4.117958068847656,-0.13382147465433394,0.0020141536751162076,-0.13224606215953827,-0.13685593008995056,0.9288100940840585,0.003512185323067811,0.9321163296699524,0.9233061075210571,1.3450804097311837,0.0037877476065060985,1.3486409187316895,1.3391441106796265,4.854600429534912,24,160.0,174.35595774162695,500.0,0.0,-229.6475830078125,-4.7711344,0.02620603,-4.726777,-4.8034387,-69.650375,13.335307,-42.992786,-76.85502,1095.630859375,389.647572869101,128.0,0.0,128,128,0.0004776362894096381,0.004652938967337719,0.07669649888473704,0.0,2.050986954147653,3.7893742499740117,22.49861128968944,0.720338306457416,0.016547194163849456,0.011243929033286328,0.04938241121968383,0.0029112039138225417,0.6133915811125016,0.28012721305741173,0.9374414099118804,0.0,0.8336868266322185,0.26459256829919636,1.114397281380257,0.01800202686870187,-140.60446046044456,265.74456021264393,93.59879365619958,-1345.5,8.055078301548594,30.271630532508386,188.19758731239915,-1.0,-365.0578125,644.0753532935528,-1.0,-2690.0,152.80860404868722,274.47512704689353,1344.5,0.33449400781347277,0.0008441143880483901,0.00022372922596888847,0.0010976948408342481,0.0005202913631633715,1.0,0.0,1.0,1.0,0.0,0.0,0.0,0.0,0.0287742747278286,0.003923380948770064,0.0331132889769448,0.02280396149928317,14.6,2.8000000000000003,16,9,1.6,1.7435595774162693,5.0,0.0,679.2,1066.0351588948652,2794,4,0.0,0.0,0.0,0.0,160.0,174.35595774162695,500.0,0.0,11.225724370332891,9.135404603447178,18.887981705176347,0.03424000000000001,1.500004145782441e-06,0.005147600000782404,11.32571420000022,0.4782768999939435,11.809140199999092,587.5549025000219
162243863,513207677,558468452,106512539,200.0,251.66114784235833,600.0,0.0,-237.9239501953125,-0.53739625,0.22970311,-0.19500744,-0.7359251,-0.36851176122824353,0.6091350105040275,0.9052271842956543,-0.9235442280769348,142.7947540283203,437.9239607341323,-1.5077108244101207,0.6257913545875633,-0.8698514699935913,-2.427661418914795,-0.13778607547283173,0.001626444884088483,-0.13567818701267242,-0.1410011500120163,0.926265150308609,0.003766354639025238,0.9293359518051147,0.9198020100593567,1.3423354824384053,0.004072260643372618,1.3456535339355469,1.3353416919708252,4.850083351135254,25,200.0,251.66114784235833,600.0,0.0,-170.68283081054688,-4.772787,0.016412992,-4.7402835,-4.789586,-76.36459,0.26260787,-75.844536,-76.63338,812.8680419921875,370.6828155821909,128.0,0.0,128,128,0.000492466209208191,0.005077057951856842,0.07669649888473704,0.0,2.72165635693167,4.774377986168054,22.49861128968944,0.720338306457416,0.01370176724481168,0.010545171828626165,0.04938241121968383,0.002777773919758445,0.5903382763943611,0.3078577095752345,0.9499525023748812,0.0,0.8273889408211573,0.27632020336592616,1.114397281380257,0.01800202686870187,-139.89551156882033,227.2273827556854,93.59879365619958,-1345.5,12.81618399292543,37.8836856125655,283.0,-1.0,-378.4036458333333,575.0055670810569,-1.0,-2690.0,150.4100408032858,225.802876598814,1344.5,0.24348557933784382,0.0007139977028187498,0.0002169520679490203,0.0010976948408342481,0.0004086636697997548,1.0,0.0,1.0,1.0,0.0,0.0,0.0,0.0,0.026398300358973333,0.004070697735863058,0.0331132889769448,0.020211300398656703,16.0,0.0,16,16,2.0,2.516611478423583,6.0,0.0,1205.0,1552.164617558331,4495,31,0.0,0.0,0.0,0.0,200.0,251.66114784235833,600.0,0.0,18.712324879484314,10.84182624395538,37.59619927506762,0.04179959717247636,1.6999983927235007e-06,0.008252099993114825,17.695024000000558,0.8167142000020249,18.51999199999409,606.0780335000163
83180453,359158073,768092755,716663974,200.0,251.66114784235833,600.0,0.0,-237.9239501953125,-0.53739625,0.22970311,-0.19500744,-0.7359251,-0.36851176122824353,0.6091350105040275,0.9052271842956543,-0.9235442280769348,142.7947540283203,437.9239607341323,-1.5077108244101207,0.6257913545875633,-0.8698514699935913,-2.427661418914795,-0.13778607547283173,0.001626444884088483,-0.13567818701267242,-0.1410011500120163,0.926265150308609,0.003766354639025238,0.9293359518051147,0.9198020100593567,1.3423354824384053,0.004072260643372618,1.3456535339355469,1.3353416919708252,4.84958553314209,26,237.5,249.68730444297725,700.0,0.0,-119.86453247070312,-4.806258,0.02843128,-4.7533917,-4.85246,-68.41463,17.293861,-24.262299,-77.13252,579.2442626953125,357.3645340239718,128.0,0.0,128,128,0.0003489200459934553,0.0037489039787566747,0.07669649888473704,0.0,2.3077118058654276,4.2377881477868975,22.49861128968944,0.720338306457416,0.01589278617052276,0.010800030919681763,0.04938241121968383,0.002777773919758445,0.6112985806700401,0.2958723173872189,0.9499525023748812,0.0,0.8654650511734288,0.2355226776306597,1.114397281380257,0.01800202686870187,-127.6017827236742,257.69024849867105,93.59879365619958,-1345.5,8.941779623361281,31.63908232414059,283.0,-1.0,-343.7412109375,637.7039581982056,-1.0,-2690.0,139.75846659602465,265.60535535893035,1344.5,0.24348557933784382,0.0007809027267549156,0.00026858188818295215,0.0010976948408342481,0.0004086636697997548,1.0,0.0,1.0,1.0,0.0,0.0,0.0,0.0,0.027499990564253455,0.004896049470907477,0.0331132889769448,0.020211300398656703,14.25,3.6314597615834874,16,5,2.375,2.496873044429772,7.0,0.0,1261.5,1762.076544875392,4960,5,0.0,0.0,0.0,0.0,237.5,249.68730444297725,700.0,0.0,14.32955501593326,12.66979908312705,38.448935920000665,0.03424000000000001,2.0000006770715117e-06,0.007956200002809055,20.510142600003746,0.9161323000007542,21.434233100007987,627.5150524000201
908935816,689120544,66772386,210153226,287.5,202.7159342528357,600.0,0.0,-135.38156127929688,-0.8019843,0.050178114,-0.7093743,-0.8718807,0.43217581510543823,0.32440783282095786,0.8396719694137573,-0.0691211149096489,105.62347412109375,422.8815646607191,-1.2175147607922554,0.3471687926780205,-0.842974066734314,-1.9303170442581177,-0.13925490528345108,0.0016562840760093952,-0.13708198070526123,-0.14174360036849976,0.9249465614557266,0.003299798512893621,0.9290586709976196,0.9205942153930664,1.3409128487110138,0.0035680150924483505,1.3453551530838013,1.336202621459961,4.8536553382873535,27,287.5,202.7159342528357,600.0,0.0,-62.878082275390625,-4.7798023,0.0274432,-4.7397904,-4.825665,-66.86313,17.960566,-24.128325,-76.896454,302.8802490234375,350.37808062157467,128.0,0.0,128,128,0.00031342959142067084,0.003685241177506135,0.07669649888473704,0.0,2.7286214578300276,4.819743750669318,22.49861128968944,0.720338306457416,0.014251936713228306,0.010252672091763164,0.04938241121968383,0.002777773919758445,0.599074261496816,0.3142970336224065,0.9499525023748812,0.0,0.872908849781635,0.231569828825152,1.114397281380257,0.01800202686870187,-122.9130823656053,235.40966529231167,93.59879365619958,-1345.5,11.617899576320596,35.89347015189998,283.0,-1.0,-343.30859375,601.7185045153152,-1.0,-2690.0,134.20913915576972,238.03065146390347,1344.5,0.24348557933784382,0.0006947738303756039,0.00026361644081108343,0.0010976948408342481,0.0004086636697997548,1.0,0.0,1.0,1.0,0.0,0.0,0.0,0.0,0.025887241991967444,0.00490635589023878,0.0331132889769448,0.020211300398656703,14.0,3.774917217635375,16,5,2.875,2.027159342528357,6.0,0.0,1061.625,999.7475853309174,3036,4,0.0,0.0,0.0,0.0,287.5,202.7159342528357,600.0,0.0,18.994679270539635,13.348300473784514,38.369200000000006,0.03424000000000001,3.1000017770566046e-06,0.00670420000096783,17.3855332000021,0.9356451999992714,18.327885700004117,645.8564813000194
1037548823,362448527,229190383,283090007,287.5,202.7159342528357,600.0,0.0,-135.38156127929688,-0.8019843,0.050178114,-0.7093743,-0.8718807,0.43217581510543823,0.32440783282095786,0.8396719694137573,-0.0691211149096489,105.62347412109375,422.8815646607191,-1.2175147607922554,0.3471687926780205,-0.842974066734314,-1.9303170442581177,-0.13925490528345108,0.0016562840760093952,-0.13708198070526123,-0.14174360036849976,0.9249465614557266,0.003299798512893621,0.9290586709976196,0.9205942153930664,1.3409128487110138,0.0035680150924483505,1.3453551530838013,1.336202621459961,4.853260040283203,28,25.0,43.30127018922193,100.0,0.0,-292.84027099609375,-4.813403,0.008000327,-4.800033,-4.820491,-70.99138,10.386282,-53.002995,-77.12785,1409.431884765625,317.8402725594172,128.0,0.0,128,128,0.00046656935262993503,0.003930881280868869,0.07669649888473704,0.0,1.4137664920458457,2.4696630615773176,22.498611289689432,0.720338306457416,0.02119856742754799,0.01075549399612093,0.04938241121968383,0.0051947917018397355,0.6363815125668136,0.24313932345517014,0.9374414099118804,0.0,0.8364144714914454,0.2464821695912454,1.114397281380257,0.01800202686870187,-146.21852564722147,314.4575295342455,93.59879365619958,-1345.5,4.0717613690372145,21.794617838194124,188.19758731239915,-1.0,-364.236328125,730.9819519460739,-1.0,-2690.0,162.07450657392528,331.68395114652134,1344.5,0.33449400781347277,0.0010113824925519462,0.00014949737254552683,0.0010976948408342481,0.0007524454477050414,1.0,0.0,1.0,1.0,0.0,0.0,0.0,0.0,0.031690071005954876,0.002465085835999638,0.0331132889769448,0.0274204170929851,14.75,2.165063509461097,16,11,0.25,0.4330127018922193,1.0,0.0,99.0,157.6213817982827,372,6,0.0,0.0,0.0,0.0,25.0,43.30127018922193,100.0,0.0,4.676925000000001,8.028271999432693,18.582300000000004,0.041800000000000004,2.0000006770715117e-06,0.004945100001350511,5.51857949999976,0.33658879999711644,5.860115399998904,651.7190747000132
318332697,489361351,630194419,887063900,316.6666666666667,302.3059524536176,900.0,0.0,-95.5934066772461,-0.6235023,0.22515975,-0.27435708,-0.86815286,-0.3025344784061114,0.5345117030913925,0.5353814959526062,-0.9760400056838989,16.423980712890625,412.2600748613139,-1.4272185961405437,0.8660626924624597,-0.8662537932395935,-3.3246102333068848,-0.13635693738857904,0.001662842685079226,-0.13434496521949768,-0.13832461833953857,0.9252619544665018,0.0029667982927031726,0.9292711615562439,0.9216830134391785,1.341254989306132,0.003206737265013098,1.3455837965011597,1.337384581565857,4.842221736907959,29,316.6666666666667,302.3059524536176,900.0,0.0,-1.0562337636947632,-4.7962627,0.04976807,-4.7183943,-4.8841257,-72.6701,8.486417,-53.72538,-77.09876,10.6658935546875,317.72291197014215,128.0,0.0,128,128,0.0002744922288207912,0.003116538702260149,0.07669649888473704,0.0,2.707776042622644,4.829201011501439,22.49861128968944,0.720338306457416,0.015334918688227771,0.010440459252452024,0.04938241121968383,0.002777773919758445,0.6022681647755567,0.3128291222657798,0.9499525023748812,0.0,0.8817874938948739,0.21564698141769786,1.114397281380257,0.01800202686870187,-121.3586469456045,247.91623898890745,93.59879365619958,-1345.5,11.432792171494343,35.72451312034202,283.0,-1.0,-340.3346354166667,624.0304844887157,-1.0,-2690.0,133.794343094327,252.90774294518505,1344.5,0.24348557933784382,0.0007142423053560698,0.00029436506444916794,0.0010976948408342481,0.0004086636697997548,1.0,0.0,1.0,1.0,0.0,0.0,0.0,0.0,0.02614559289057855,0.005482105881344312,0.0331132889769448,0.020211300398656703,15.166666666666666,1.863389981249825,16,11,3.1666666666666665,3.0230595245361758,9.0,0.0,1436.6666666666667,2009.0782021171356,5716,4,0.0,0.0,0.0,0.0,316.6666666666667,302.3059524536176,900.0,0.0,18.7703375,15.288784740912075,37.73872,0.041800000000000004,1.8999999156221747e-06,0.005189199997403193,15.968357900004776,0.6807314999969094,16.654280499999004,668.3760028000033
383564362,47154366,857955630,992203680,316.6666666666667,302.3059524536176,900.0,0.0,-95.5934066772461,-0.6235023,0.22515975,-0.27435708,-0.86815286,-0.3025344784061114,0.5345117030913925,0.5353814959526062,-0.9760400056838989,16.423980712890625,412.2600748613139,-1.4272185961405437,0.8660626924624597,-0.8662537932395935,-3.3246102333068848,-0.13635693738857904,0.001662842685079226,-0.13434496521949768,-0.13832461833953857,0.9252619544665018,0.0029667982927031726,0.9292711615562439,0.9216830134391785,1.341254989306132,0.003206737265013098,1.3455837965011597,1.337384581565857,4.838738441467285,30,540.0,149.66629547095766,800.0,400.0,200.04937744140625,-4.7543116,0.071924895,-4.641292,-4.828492,-59.26869,22.459787,-23.206459,-77.255875,-959.058349609375,339.9506207731279,128.0,0.0,128,128,1.888626799188952e-05,9.207053944346585e-05,0.0007145765259000703,0.0,3.1696161654287787,5.269722152432014,22.49861128968944,1.010809938970694,0.009711139576594908,0.0060458697942289445,0.027777739197584448,0.002777773919758445,0.5968467766334177,0.34771720982954823,0.9499525023748812,0.0,0.9508213648977435,0.1268423878468632,1.0548142744057427,0.16361343296583433,-84.93292075543752,167.8187802537857,88.5,-581.0,11.6603640391067,34.7461001169777,283.0,-1.0,-271.225,527.987286186893,-1.0,-2379.0,92.6296567075869,161.55691840446718,714.082628272107,0.24348557933784382,0.0004979658244906483,4.465107734544669e-05,0.0005202913631633715,0.0004086636697997548,1.0,0.0,1.0,1.0,0.0,0.0,0.0,0.0,0.02228542927915788,0.0010370644402505874,0.02280396149928317,0.020211300398656703,12.4,4.586937976471886,16,5,5.4,1.4966629547095764,8.0,4.0,1641.8,450.84737994137214,2111,971,0.0,0.0,0.0,0.0,540.0,149.66629547095766,800.0,400.0,22.944315450734507,7.110413880428851,37.13036,18.871915630106162,1.8999999156221747e-06,0.007601600002089981,17.54047640000499,0.6241411000009975,18.172221000007994,686.5508213000066
439523032,143660183,704615095,858727745,505.8436213991769,282.21049676391175,829.2181069958848,0.0,84.22518157958984,-0.79301107,0.035579618,-0.7531817,-0.8565562,0.1388326734653674,0.4169684373203031,0.6715313196182251,-0.32833096385002136,-71.7535629272461,421.6184295151002,-1.0335755705833436,0.22078701720159988,-0.8469558358192444,-1.3673827648162842,-0.1359124094247818,0.0012330223107558183,-0.1343962848186493,-0.1381746083498001,0.9268213152885437,0.0017387961205026158,0.9298705458641052,0.9244400262832642,1.3429422855377198,0.0018751033748292025,1.3462285995483398,1.3403713703155518,4.841494560241699,31,505.8436213991769,282.21049676391175,829.2181069958848,0.0,149.30369567871094,-4.789464,0.017091753,-4.7727556,-4.820942,-76.631424,0.27346805,-76.36409,-77.13507,-713.7266235351562,356.5399208357328,128.0,0.0,128,128,8.461334964284575e-05,0.0008938884001548248,0.016126934718260072,0.0,2.7911876359447927,4.8774295780668115,22.49861128968944,0.720338306457416,0.01264308501637953,0.008882172045878848,0.04938241121968383,0.002777773919758445,0.6071336668122573,0.3285976806903516,0.9499525023748812,0.0,0.9335359400387218,0.1490284152232679,1.114397281380257,0.11520204147878298,-96.07535480782022,215.5896305341864,88.5,-1345.5,9.905245398014896,32.36485237739118,283.0,-1.0,-287.275,589.6020766160852,-1.0,-2690.0,106.04302673770349,219.25421814944482,1344.5,0.24348557933784382,0.0006134465200248236,0.00024595369552120805,0.0010976948408342481,0.0004086636697997548,1.0,0.0,1.0,1.0,0.0,0.0,0.0,0.0,0.024347294774690206,0.004496548379134327,0.0331132889769448,0.020211300398656703,16.0,0.0,16,16,5.2,2.993325909419153,9.0,0.0,2092.6,1740.5283795445566,5232,4,0.0,0.0,0.0,0.0,505.8436213991769,282.21049676391175,829.2181069958848,0.0,19.10604800048925,11.793631373212936,37.28396427199167,0.041800000000000004,1.600004907231778e-06,0.007873100003052969,19.910988100004033,0.8062017999982345,20.725064600010228,707.2787995000035
834942321,1043933005,705144579,174377856,505.8436213991769,282.21049676391175,829.2181069958848,0.0,84.22518157958984,-0.79301107,0.035579618,-0.7531817,-0.8565562,0.1388326734653674,0.4169684373203031,0.6715313196182251,-0.32833096385002136,-71.7535629272461,421.6184295151002,-1.0335755705833436,0.22078701720159988,-0.8469558358192444,-1.3673827648162842,-0.1359124094247818,0.0012330223107558183,-0.1343962848186493,-0.1381746083498001,0.9268213152885437,0.0017387961205026158,0.9298705458641052,0.9244400262832642,1.3429422855377198,0.0018751033748292025,1.3462285995483398,1.3403713703155518,4.840684413909912,32,469.887365357577,290.38025037633105,914.5978152929493,0.0,102.01271057128906,-4.7667894,0.038633015,-4.7172923,-4.8338885,-64.66729,22.667942,-19.335554,-76.38119,-489.6202087402344,367.87466528791725,128.0,0.0,128,128,9.355570397734688e-05,0.0008943983923339027,0.016126934718260072,0.0,3.0862145496041675,5.2577954808459175,22.49861128968944,0.720338306457416,0.012949671324493022,0.00901943795723312,0.04938241121968383,0.002777773919758445,0.5978616463139383,0.33603200810608574,0.9499525023748812,0.0,0.9281605929528297,0.1533470209487351,1.114397281380257,0.11520204147878298,-99.71586828729266,215.9650395202002,88.5,-1345.5,12.431918681657995,36.62123271795245,283.0,-1.0,-302.6328125,586.9901360847896,-1.0,-2690.0,110.57747286341221,216.9656266851944,1344.5,0.24348557933784382,0.0005911209813521002,0.000258159673773415,0.0010976948408342481,0.0004086636697997548,1.0,0.0,1.0,1.0,0.0,0.0,0.0,0.0,0.02382876255456491,0.004784870535187751,0.0331132889769448,0.020211300398656703,13.6,4.8,16,4,5.2,3.1874754901018454,10.0,0.0,2268.4,1554.808875714311,4504,5,0.0,0.0,0.0,0.0,469.887365357577,290.38025037633105,914.5978152929493,0.0,22.654722416245924,13.836643679512338,37.2678423548421,0.03424000000000001,1.400003384333104e-06,0.005502400003024377,24.788321600004565,0.5705021999965538,25.364327600007528,732.6456758000131
214548472,66508029,154173901,194758406,471.42857142857144,391.7516914514882,1100.0,100.0,44.82912063598633,-0.6129838,0.079228856,-0.5196902,-0.7563398,-0.546627517257418,0.1119455606546279,-0.32615649700164795,-0.6628240942955017,-49.80112075805664,426.5994437064473,-0.998356282711029,0.07620050309080756,-0.8688111305236816,-1.098321557044983,-0.13935244934899466,0.0013866535041851741,-0.13758817315101624,-0.14085349440574646,0.9325079577309745,0.0021094781658305066,0.9345070123672485,0.9294142127037048,1.3490583385740007,0.002263556481503728,1.351202368736267,1.3457376956939697,4.839850425720215,33,471.42857142857144,391.7516914514882,1100.0,100.0,93.19853210449219,-4.7561536,0.043950718,-4.68937,-4.8190227,-69.951675,14.911021,-33.465794,-77.10436,-437.48675537109375,378.23005590198267,128.0,0.0,128,128,0.00038297393318917995,0.004646344229575184,0.07669649888473704,0.0,3.224543515582318,5.342331737824778,22.49861128968944,0.9934445512079338,0.01121262301128512,0.00883368930633096,0.041558333614717884,0.002777773919758445,0.5786219860160157,0.33187019527597716,0.9499525023748812,0.0,0.8542972493966042,0.260325924890923,1.1071123296147096,0.01800202686870187,-126.16512483204797,190.11559126642211,93.59879365619958,-585.5,15.348536333812955,40.84701562757248,283.0,-1.0,-360.40401785714283,523.838406433974,-1.0,-2379.0,135.16583369707908,179.36613275597475,714.082628272107,0.24348557933784382,0.0005878923441487681,0.00014862166365265961,0.0007524454477050414,0.0004086636697997548,1.0,0.0,1.0,1.0,0.0,0.0,0.0,0.0,0.024041682153547867,0.0030857993404190586,0.0274204170929851,0.020211300398656703,14.714285714285714,3.1493439550069438,16,7,4.714285714285714,3.917516914514883,11.0,1.0,1932.5714285714287,1946.884827259241,5761,247,0.0,0.0,0.0,0.0,471.42857142857144,391.7516914514882,1100.0,100.0,24.50537404383724,8.738260989582704,38.82955215306834,18.582300000000004,1.5999976312741637e-06,0.005877399999008048,26.620763600003556,0.92707540000265,27.553718000002846,760.2019809000194
703492660,601149909,63948230,182121986,471.42857142857144,391.7516914514882,1100.0,100.0,44.82912063598633,-0.6129838,0.079228856,-0.5196902,-0.7563398,-0.546627517257418,0.1119455606546279,-0.32615649700164795,-0.6628240942955017,-49.80112075805664,426.5994437064473,-0.998356282711029,0.07620050309080756,-0.8688111305236816,-1.098321557044983,-0.13935244934899466,0.0013866535041851741,-0.13758817315101624,-0.14085349440574646,0.9325079577309745,0.0021094781658305066,0.9345070123672485,0.9294142127037048,1.3490583385740007,0.002263556481503728,1.351202368736267,1.3457376956939697,4.8470072746276855,34,320.0,222.71057451320087,700.0,100.0,-52.40704345703125,-4.772217,0.045879122,-4.692901,-4.833576,-76.35547,0.73406595,-75.08642,-77.33722,242.929443359375,372.4070503117844,128.0,0.0,128,128,0.0003640668347767279,0.004489512099737163,0.07669649888473704,0.0,3.3978978404343736,5.538153812901715,22.49861128968944,0.9934445512079338,0.011296475900507202,0.008801643877044142,0.041558333614717884,0.002777773919758445,0.5742737597581845,0.33698370641477743,0.9499525023748812,0.0,0.8575069821784783,0.25539137995021116,1.1071123296147096,0.01800202686870187,-125.6006193146241,188.94076602163258,93.59879365619958,-585.5,16.6186621510184,42.43266958531886,283.0,-1.0,-363.6734375,521.6962609310455,-1.0,-2379.0,135.0507562398715,176.47356459659,714.082628272107,0.24348557933784382,0.0005685019196345929,0.00015562212761288208,0.0007524454477050414,0.0004086636697997548,1.0,0.0,1.0,1.0,0.0,0.0,0.0,0.0,0.023613479296513355,0.0032493233862601278,0.0274204170929851,0.020211300398656703,16.0,0.0,16,16,3.2,2.227105745132009,7.0,1.0,1341.2,1296.8685978155227,3851,281,0.0,0.0,0.0,0.0,320.0,222.71057451320087,700.0,100.0,26.25867132986931,9.261074058828193,37.71560660350799,18.582300000000004,2.2000021999701858e-06,0.007659700000658631,14.047808499999519,0.6486663999967277,14.704136799999105,774.9087480000089
835778124,127995867,371751061,571769547,200.0,226.77868380553633,600.0,0.0,-203.9395294189453,-0.7665863,0.10392603,-0.6197152,-0.87561244,-0.03424940471138273,0.44186711551481944,0.7869323492050171,-0.5469239950180054,147.2864990234375,403.93949933580257,-1.0293905138969421,0.272025288638178,-0.860974907875061,-1.6840189695358276,-0.1441063689334052,0.0017592077024750391,-0.1413373351097107,-0.14545556902885437,0.9366109115736825,0.002796769388924547,0.939005434513092,0.9323325157165527,1.3534467220306396,0.0029893967794324986,1.3560044765472412,1.3488727807998657,4.835122108459473,35,200.0,226.77868380553633,600.0,0.0,-155.16635131835938,-4.7818065,0.05634967,-4.7026544,-4.8829823,-73.021065,7.9063864,-53.712803,-77.17003,751.27734375,355.166345280606,128.0,0.0,128,128,0.0004768697641191174,0.004758872538804548,0.07669649888473704,0.0,2.6839313306051955,4.777611601968787,22.49861128968944,0.720338306457416,0.01540111649669172,0.010985420213409876,0.04938241121968383,0.002777773919758445,0.593317543414358,0.30353926003048465,0.9499525023748812,0.0,0.8296037853122872,0.2675129273563812,1.114397281380257,0.01800202686870187,-142.08288776402324,246.82104390824813,93.59879365619958,-1345.5,12.841223989396097,38.16792682622166,283.0,-1.0,-383.3325892857143,607.067494563657,-1.0,-2690.0,154.32779088295996,248.6365853666081,1344.5,0.24348557933784382,0.0007528647663404469,0.0002604295566270642,0.0010976948408342481,0.0004086636697997548,1.0,0.0,1.0,1.0,0.0,0.0,0.0,0.0,0.026987204290022614,0.004890904010371735,0.0331132889769448,0.020211300398656703,15.285714285714286,1.7496355305594127,16,11,2.0,2.2677868380553634,6.0,0.0,703.7142857142857,780.554146430729,1964,14,0.0,0.0,0.0,0.0,200.0,226.77868380553633,600.0,0.0,18.729246641696335,14.213125987314053,37.6648954650963,0.03424000000000001,1.6999983927235007e-06,0.008364200002688449,11.618150599999353,0.7766940000001341,12.403210500000569,787.3145080000031
658856199,175183949,590449352,850318411,200.0,226.77868380553633,600.0,0.0,-203.9395294189453,-0.7665863,0.10392603,-0.6197152,-0.87561244,-0.03424940471138273,0.44186711551481944,0.7869323492050171,-0.5469239950180054,147.2864990234375,403.93949933580257,-1.0293905138969421,0.272025288638178,-0.860974907875061,-1.6840189695358276,-0.1441063689334052,0.0017592077024750391,-0.1413373351097107,-0.14545556902885437,0.9366109115736825,0.002796769388924547,0.939005434513092,0.9323325157165527,1.3534467220306396,0.0029893967794324986,1.3560044765472412,1.3488727807998657,4.846382141113281,36,371.42857142857144,271.05237087157536,700.0,0.0,14.63599967956543,-4.787624,0.043960594,-4.715869,-4.8561897,-76.60198,0.7033695,-75.4539,-77.699036,-67.69022369384766,356.7925678954025,128.0,0.0,128,128,0.00023669961236887646,0.002886992955234274,0.07669649888473704,0.0,2.7316065010721813,4.839052959965667,22.49861128968944,0.720338306457416,0.014487723628264004,0.010115572689877665,0.04938241121968383,0.002777773919758445,0.6028182551121538,0.3169430031407721,0.9499525023748812,0.0,0.8924173821932682,0.20643470972795,1.114397281380257,0.01800202686870187,-115.63489842137031,238.46061138440703,93.59879365619958,-1345.5,11.104349112061382,34.99334078179044,283.0,-1.0,-328.26785714285717,612.1949766318451,-1.0,-2690.0,127.26589559254856,242.75214433702897,1344.5,0.24348557933784382,0.00068653502789997,0.00028085274800105454,0.0010976948408342481,0.0004086636697997548,1.0,0.0,1.0,1.0,0.0,0.0,0.0,0.0,0.02566821697753635,0.0052084024886227265,0.0331132889769448,0.020211300398656703,16.0,0.0,16,16,3.7142857142857144,2.7105237087157534,7.0,0.0,1356.857142857143,1124.1673018056429,2756,5,0.0,0.0,0.0,0.0,371.42857142857144,271.05237087157536,700.0,0.0,19.00541677103397,14.106124483916995,37.37664480353538,0.03424000000000001,1.3999961083754897e-06,0.007787700000335462,17.66782310000417,0.8435883000056492,18.519200500006264,805.8365431000129
598187340,610468907,246493716,547970590,80.0,40.0,100.0,0.0,-291.5455627441406,-0.5928929,0.25166768,-0.17833245,-0.8850438,-0.24289006292819976,0.5992438820106976,0.7233374118804932,-0.9061048030853271,176.1487579345703,371.5455494022223,-1.2832306146621704,0.37628349780784814,-0.9051214456558228,-1.898841142654419,-0.14815643131732942,9.410977363586426e-05,-0.14810937643051147,-0.14834465086460114,0.9391771674156189,0.0025887250900268554,0.9404715299606323,0.9339997172355652,1.3561835289001465,0.0027620792388916016,1.3575645685195923,1.3506593704223633,4.84644079208374,37,80.0,40.0,100.0,0.0,-249.1133270263672,-4.7651377,0.048886042,-4.685623,-4.8342457,-67.80808,17.510273,-32.799362,-77.34793,1187.59033203125,329.11331110586224,128.0,0.0,128,128,0.0007481474202090192,0.006387316752461863,0.07669649888473704,0.0,2.3626702449778585,4.246341699715227,22.498611289689432,0.720338306457416,0.01489399873986364,0.011594801877174417,0.04938241121968383,0.0051947917018397355,0.5898036945567477,0.2825675142210062,0.9374414099118804,0.0,0.7630332158578668,0.3136380874354694,1.114397281380257,0.01800202686870187,-166.489211487776,239.91895297364678,93.59879365619958,-1345.5,12.241821770908993,37.58241334995425,188.19758731239915,-1.0,-426.0984375,578.6378033775175,-1.0,-2690.0,177.28188742514652,239.4543011188663,1344.5,0.33449400781347277,0.0008214953263308827,0.0001380997572516827,0.0010976948408342481,0.0007524454477050414,1.0,0.0,1.0,1.0,0.0,0.0,0.0,0.0,0.02855899146977704,0.00227714875358388,0.0331132889769448,0.0274204170929851,14.2,3.6,16,7,0.8,0.4,1.0,0.0,249.8,134.74924860643935,416,5,0.0,0.0,0.0,0.0,80.0,40.0,100.0,0.0,14.895000000000001,7.426709228184447,18.6863,0.041800000000000004,1.800006430130452e-06,0.005128199998580385,6.513601900005597,0.4494161999973585,6.968148100007966,812.8071870000276
634267172,165032807,710190855,654118701,80.0,40.0,100.0,0.0,-291.5455627441406,-0.5928929,0.25166768,-0.17833245,-0.8850438,-0.24289006292819976,0.5992438820106976,0.7233374118804932,-0.9061048030853271,176.1487579345703,371.5455494022223,-1.2832306146621704,0.37628349780784814,-0.9051214456558228,-1.898841142654419,-0.14815643131732942,9.410977363586426e-05,-0.14810937643051147,-0.14834465086460114,0.9391771674156189,0.0025887250900268554,0.9404715299606323,0.9339997172355652,1.3561835289001465,0.0027620792388916016,1.3575645685195923,1.3506593704223633,4.851328372955322,38,345.9523608169532,198.8366082802829,700.0,100.0,15.155152320861816,-4.818463,0.10415164,-4.700818,-5.0482903,-63.537045,23.217691,-10.0965805,-77.119446,-66.3147201538086,330.7972160769713,128.0,0.0,128,128,0.00019613909285712288,0.0027900769739022686,0.07669649888473704,0.0,3.2126461033174385,5.385515895550397,22.49861128968944,0.720338306457416,0.012612467105641774,0.009134875569910045,0.04938241121968383,0.002777773919758445,0.5888476046284692,0.33621383647693154,0.9499525023748812,0.0,0.9009245806026467,0.20009386645692898,1.114397281380257,0.01800202686870187,-110.27638372643443,210.17983537282936,93.59879365619958,-1345.5,14.162771915443455,39.22359569611071,283.0,-1.0,-327.7734375,569.0295084456812,-1.0,-2690.0,120.92380708940011,207.1076030854532,1344.5,0.24348557933784382,0.000588102003466471,0.0002367894001623244,0.0010976948408342481,0.0004086636697997548,1.0,0.0,1.0,1.0,0.0,0.0,0.0,0.0,0.023825075752066625,0.004479490561241046,0.0331132889769448,0.020211300398656703,13.285714285714286,4.919764387920733,16,2,3.7142857142857144,2.1189138534559038,7.0,1.0,1311.4285714285713,1123.4619781401284,3634,6,0.0,0.0,0.0,0.0,345.9523608169532,198.8366082802829,700.0,100.0,24.203604446306006,12.886841263218852,37.2398,0.03424000000000001,1.500004145782441e-06,0.005246700005955063,25.847645300003933,0.7757031000001007,26.628596600014134,839.4392809000346
762393540,477862457,419901168,304979452,460.4966139954853,272.4739804518713,700.0,0.0,80.05596923828125,-0.5690082,0.24539524,-0.18501365,-0.8075195,-0.13695437908172609,0.6934896191650781,0.753406286239624,-0.9033719301223755,-10.478384971618652,380.44065586154863,-1.3852942705154419,0.33244324264695413,-0.8807820081710815,-1.8782674074172974,-0.1495160847902298,0.0016015293255680913,-0.14848022162914276,-0.15261533856391907,0.9376521229743957,0.0020497956988473065,0.9392301440238953,0.9342052340507507,1.3545598268508912,0.002187802441409187,1.3562437295913696,1.350879430770874,4.834463119506836,39,460.4966139954853,272.4739804518713,700.0,0.0,116.7294692993164,-4.796603,0.036929905,-4.7481503,-4.8582993,-71.935555,9.529973,-52.911057,-77.73279,-554.0799560546875,343.7671558688227,128.0,0.0,128,128,0.00010249805831184799,0.0008948187330881603,0.016126934718260072,0.0,3.3812414632635424,5.596912147625669,22.49861128968944,0.720338306457416,0.013256257632606513,0.009144372671075813,0.04938241121968383,0.002777773919758445,0.5885896258156192,0.34305487091760734,0.9499525023748812,0.0,0.922785245866938,0.1573637836706948,1.114397281380257,0.11520204147878298,-103.35638176676511,216.2785267179057,88.5,-1345.5,14.958591965301096,40.27378237004797,283.0,-1.0,-317.990625,583.9627609378097,-1.0,-2690.0,115.11191898912094,214.55682637972626,1344.5,0.24348557933784382,0.0005687954426793769,0.000267960360185977,0.0010976948408342481,0.0004086636697997548,1.0,0.0,1.0,1.0,0.0,0.0,0.0,0.0,0.02331023033443962,0.005003326236065778,0.0331132889769448,0.020211300398656703,15.0,2.0,16,11,4.8,2.638181191654584,7.0,0.0,2134.8,1392.6264969474048,3754,4,0.0,0.0,0.0,0.0,460.4966139954853,272.4739804518713,700.0,0.0,26.159927379447176,14.885636113143674,37.475120835795785,0.03424000000000001,1.2999953469261527e-06,0.007547099994553719,19.974774700000125,1.0741076999984216,21.056430799988448,860.4984085000324
3487954,592003168,970653965,542518282,460.4966139954853,272.4739804518713,700.0,0.0,80.05596923828125,-0.5690082,0.24539524,-0.18501365,-0.8075195,-0.13695437908172609,0.6934896191650781,0.753406286239624,-0.9033719301223755,-10.478384971618652,380.44065586154863,-1.3852942705154419,0.33244324264695413,-0.8807820081710815,-1.8782674074172974,-0.1495160847902298,0.0016015293255680913,-0.14848022162914276,-0.15261533856391907,0.9376521229743957,0.0020497956988473065,0.9392301440238953,0.9342052340507507,1.3545598268508912,0.002187802441409187,1.3562437295913696,1.350879430770874,4.834460258483887,40,342.85714285714283,255.55062599997595,700.0,0.0,-0.8190046548843384,-4.793759,0.03547109,-4.7363324,-4.835535,-69.81916,16.714092,-28.900124,-77.36856,3.42266845703125,343.67615456765475,128.0,0.0,128,128,0.00031622416873224333,0.0038684313526779353,0.07669649888473704,0.0,3.1888085180839454,5.360210151821597,22.49861128968944,0.720338306457416,0.013069163539855629,0.0097234095077548,0.04938241121968383,0.002777773919758445,0.5840972487795713,0.329804769775595,0.9499525023748812,0.0,0.8695177821621561,0.2367113190673334,1.114397281380257,0.01800202686870187,-123.5003783977609,215.68667422682174,93.59879365619958,-1345.5,15.03120935411081,40.62094182507366,283.0,-1.0,-355.30580357142856,566.9691036731102,-1.0,-2690.0,134.45475473460579,211.40967039434142,1344.5,0.24348557933784382,0.0006212668726867096,0.0002411862543695654,0.0010976948408342481,0.0004086636697997548,1.0,0.0,1.0,1.0,0.0,0.0,0.0,0.0,0.024484569408309755,0.0046182886700570115,0.0331132889769448,0.020211300398656703,14.571428571428571,3.499271061118826,16,6,3.4285714285714284,2.5555062599997598,7.0,0.0,1359.0,1082.0076577495056,2944,6,0.0,0.0,0.0,0.0,342.85714285714283,255.55062599997595,700.0,0.0,24.2804547207031,13.04363206903962,37.71560660350799,0.03424000000000001,1.5999976312741637e-06,0.008559399997466244,18.152281599999696,0.8028157000007923,18.963658299995586,879.46485820003
572545303,816922492,531168081,634578823,243.2763624637214,199.52065020938792,502.9345372460497,0.0,-123.4478530883789,-0.6779833,0.18940437,-0.36295068,-0.8796604,-0.08977101743221283,0.5762472030420698,0.8778903484344482,-0.7822865843772888,61.54401779174805,366.72422652176596,-1.2012624485152108,0.41593417696740664,-0.8745414614677429,-2.1657087802886963,-0.1544064964566912,0.002368285915102266,-0.1514790952205658,-0.15675483644008636,0.936470457485744,0.002220308908259438,0.9381673336029053,0.9319865107536316,1.3532984086445399,0.0023740487342440624,1.3551115989685059,1.3485015630722046,4.837687969207764,41,243.2763624637214,199.52065020938792,502.9345372460497,0.0,-90.35981750488281,-4.781772,0.05267674,-4.7126184,-4.8838806,-76.508354,0.84282786,-75.40189,-78.14209,426.272705078125,333.63617535726144,128.0,0.0,128,128,0.00042992184865414863,0.0047031792839433454,0.07669649888473704,0.0,2.954237423093757,5.075047378276854,22.49861128968944,0.720338306457416,0.013306869753988418,0.010185412678547367,0.04938241121968383,0.002777773919758445,0.5859697647151868,0.3181052409156389,0.9499525023748812,0.0,0.8419505173544456,0.264232508463036,1.114397281380257,0.01800202686870187,-134.1240062980356,220.44415772131265,93.59879365619958,-1345.5,14.094880161604525,39.5500482394598,283.0,-1.0,-371.86830357142856,567.0980861830511,-1.0,-2690.0,144.7468122900195,216.99763992287717,1344.5,0.24348557933784382,0.0006703785552446075,0.00022750813492460916,0.0010976948408342481,0.0004086636697997548,1.0,0.0,1.0,1.0,0.0,0.0,0.0,0.0,0.025514443221785237,0.0043463289070336366,0.0331132889769448,0.020211300398656703,16.0,0.0,16,16,2.5714285714285716,2.1946130708196026,6.0,0.0,920.8571428571429,855.0826908336206,2164,4,0.0,0.0,0.0,0.0,243.2763624637214,199.52065020938792,502.9345372460497,0.0,21.67717871888059,12.0698080599505,37.992604916562215,0.03424000000000001,1.6999983927235007e-06,0.007151099998736754,17.561099300000933,0.9566351999965264,18.52488729999459,897.9922479000234
4047737,446415000,424765130,56835548,243.2763624637214,199.52065020938792,502.9345372460497,0.0,-123.4478530883789,-0.6779833,0.18940437,-0.36295068,-0.8796604,-0.08977101743221283,0.5762472030420698,0.8778903484344482,-0.7822865843772888,61.54401779174805,366.72422652176596,-1.2012624485152108,0.41593417696740664,-0.8745414614677429,-2.1657087802886963,-0.1544064964566912,0.002368285915102266,-0.1514790952205658,-0.15675483644008636,0.936470457485744,0.002220308908259438,0.9381673336029053,0.9319865107536316,1.3532984086445399,0.0023740487342440624,1.3551115989685059,1.3485015630722046,4.850791931152344,42,300.0,213.80899352993953,600.0,0.0,-30.272554397583008,-4.799517,0.051643003,-4.721721,-4.874771,-67.755226,17.99361,-24.373856,-77.40016,141.16270446777344,330.2725578215353,128.0,0.0,128,128,0.00030983677277902823,0.003868716913379981,0.07669649888473704,0.0,2.978075008327249,5.102863676234134,22.49861128968944,0.720338306457416,0.012850173319774564,0.009636441761113189,0.04938241121968383,0.002777773919758445,0.5907201205640848,0.3247178956197926,0.9499525023748812,0.0,0.8733573157949363,0.235702618582182,1.114397281380257,0.01800202686870187,-120.90001162670913,215.71143231008475,93.59879365619958,-1345.5,13.226442722937167,38.092119574370685,283.0,-1.0,-344.3359375,569.9586528342551,-1.0,-2690.0,131.21586464481382,213.46196109739017,1344.5,0.24348557933784382,0.0006372136860243691,0.00023003462184576471,0.0010976948408342481,0.0004086636697997548,1.0,0.0,1.0,1.0,0.0,0.0,0.0,0.0,0.024854949565542104,0.004357316939335818,0.0331132889769448,0.020211300398656703,14.142857142857142,3.7958086444532633,16,5,3.0,2.138089935299395,6.0,0.0,1215.2857142857142,836.7779555764932,2396,4,0.0,0.0,0.0,0.0,300.0,213.80899352993953,600.0,0.0,21.87326702744493,11.947699997021035,38.00039983739657,0.041800000000000004,1.5999976312741637e-06,0.008956399993621744,20.260936599996057,0.7457263000032981,21.01562089999061,919.010488200016
85589652,457550240,626576524,11975873,403.92253276788335,212.42944501679506,700.562429696288,100.0,33.478477478027344,-0.6245726,0.25185928,-0.24283528,-0.8796621,-0.388957180082798,0.37151615722396353,0.08734168112277985,-0.8624757528305054,-16.204574584960938,370.4440571463777,-1.0927853435277939,0.30342231846314627,-0.8478391170501709,-1.6048797369003296,-0.15806252509355545,0.0023697761986287823,-0.15627571940422058,-0.16214203834533691,0.9329610764980316,0.001663185391312388,0.9349263906478882,0.9313130974769592,1.3495451509952545,0.0017825989470849307,1.3516510725021362,1.3477787971496582,4.835773944854736,43,403.92253276788335,212.42944501679506,700.562429696288,100.0,66.28499603271484,-4.8049955,0.05084846,-4.724404,-4.86428,-76.87993,0.8135754,-75.59046,-77.82848,-311.32366943359375,337.6375553161701,128.0,0.0,128,128,0.0002312707393569756,0.0035537377113239355,0.07669649888473704,0.0,3.2016571196850094,5.312267377036549,22.49861128968944,0.9934445512079338,0.010587004913497532,0.007829307449370626,0.041558333614717884,0.002777773919758445,0.5862156487732665,0.33868247494792564,0.9499525023748812,0.0,0.8945156308554122,0.22022836118562325,1.1071123296147096,0.01800202686870187,-108.98503980012696,182.2959797353466,93.59879365619958,-585.5,13.811797877685349,38.46587498445424,283.0,-1.0,-323.24609375,527.4068286203415,-1.0,-2379.0,117.442426618124,173.44207927123367,714.082628272107,0.24348557933784382,0.0005504229609578848,0.00012522440671895908,0.0007524454477050414,0.0004086636697997548,1.0,0.0,1.0,1.0,0.0,0.0,0.0,0.0,0.023309910122552034,0.0025985389064709444,0.0274204170929851,0.020211300398656703,16.0,0.0,16,16,4.5,2.5,8.0,1.0,1731.75,1150.2352748459768,2864,253,0.0,0.0,0.0,0.0,403.92253276788335,212.42944501679506,700.562429696288,100.0,24.094400030498647,7.560154318377776,37.13036,18.582300000000004,1.8999999156221747e-06,0.007637599999725353,14.79407689999789,0.6224282999974093,15.42414469999494,934.4372010000152
764895838,564108860,922730985,50118808,403.92253276788335,212.42944501679506,700.562429696288,100.0,33.478477478027344,-0.6245726,0.25185928,-0.24283528,-0.8796621,-0.388957180082798,0.37151615722396353,0.08734168112277985,-0.8624757528305054,-16.204574584960938,370.4440571463777,-1.0927853435277939,0.30342231846314627,-0.8478391170501709,-1.6048797369003296,-0.15806252509355545,0.0023697761986287823,-0.15627571940422058,-0.16214203834533691,0.9329610764980316,0.001663185391312388,0.9349263906478882,0.9313130974769592,1.3495451509952545,0.0017825989470849307,1.3516510725021362,1.3477787971496582,4.84425687789917,44,386.6160417655434,235.28811341384068,800.0,100.0,44.08064270019531,-4.7230744,0.05526953,-4.607537,-4.784681,-72.1658,8.108188,-52.412106,-76.55489,-202.54620361328125,342.5354039611075,128.0,0.0,128,128,0.0003829739331891799,0.004646344229575183,0.07669649888473704,0.0,3.224543515582318,5.342331737824777,22.49861128968944,0.9934445512079338,0.01121262301128512,0.00883368930633096,0.041558333614717884,0.002777773919758445,0.5786219860160157,0.33187019527597716,0.9499525023748812,0.0,0.854297249396604,0.260325924890923,1.1071123296147096,0.01800202686870187,-126.165124832048,190.11559126642211,93.59879365619958,-585.5,15.348536333812955,40.84701562757249,283.0,-1.0,-360.40401785714283,523.8384064339741,-1.0,-2379.0,135.16583369707908,179.36613275597475,714.082628272107,0.24348557933784382,0.0005878923441487681,0.00014862166365265961,0.0007524454477050414,0.0004086636697997548,1.0,0.0,1.0,1.0,0.0,0.0,0.0,0.0,0.02404168215354786,0.003085799340419058,0.0274204170929851,0.020211300398656703,15.285714285714286,1.7496355305594127,16,11,4.0,2.32992949004287,8.0,1.0,1833.2857142857142,1528.4207268835853,4511,245,0.0,0.0,0.0,0.0,386.6160417655434,235.28811341384068,800.0,100.0,24.103985818383652,8.102146309651733,37.21719775201266,18.582300000000004,1.3000026228837669e-06,0.005041700002038851,21.454210200005036,0.782210400000622,22.24146360001032,956.6812151000267
701975890,1065620339,522679137,316934274,437.0988867059594,284.5489078910102,800.0,100.0,59.98936080932617,-0.6388201,0.2373484,-0.32735395,-0.8823405,-0.1861077199379603,0.5614245809208519,0.43432918190956116,-0.8013681173324585,-36.10272216796875,377.10954010233587,-1.128935347000758,0.12273763063748942,-0.9912651181221008,-1.3551067113876343,-0.16020521024862924,0.002894779201376444,-0.1580362468957901,-0.16429129242897034,0.9320811827977499,0.0010251996369709643,0.9325743317604065,0.9297904372215271,1.3486025134722393,0.001100990898720815,1.3491320610046387,1.3461424112319946,4.831122875213623,45,437.0988867059594,284.5489078910102,800.0,100.0,85.10713195800781,-4.8095717,0.056111593,-4.7114906,-4.870789,-76.95315,0.8977855,-75.38385,-77.932625,-409.5334777832031,351.9917522355927,128.0,0.0,128,128,0.00031249830986892227,0.004100289447811953,0.07669649888473704,0.0,3.5565355037063573,5.706186698638733,22.49861128968944,0.9934445512079338,0.011236644051930816,0.008562485500352658,0.041558333614717884,0.002777773919758445,0.5718545822385107,0.34323037331546724,0.9499525023748812,0.0,0.8694758145744279,0.24225685911718128,1.1071123296147096,0.01800202686870187,-121.24967854107463,186.20671322174255,93.59879365619958,-585.5,17.476727988128516,43.386778445566954,283.0,-1.0,-358.50390625,520.7776361739316,-1.0,-2379.0,131.00353706829657,172.5075648286119,714.082628272107,0.24348557933784382,0.0005418622113287866,0.00015404623481948213,0.0007524454477050414,0.0004086636697997548,1.0,0.0,1.0,1.0,0.0,0.0,0.0,0.0,0.023046449480203915,0.0032258383075825553,0.0274204170929851,0.020211300398656703,16.0,0.0,16,16,4.5,2.9860788111948193,8.0,1.0,1937.8333333333333,1533.1967058694356,4033,233,0.0,0.0,0.0,0.0,437.0988867059594,284.5489078910102,800.0,100.0,28.168993511866955,9.018284399393565,37.217200000000005,18.582300000000004,1.3999961083754897e-06,0.005423800001153722,25.297806199996558,0.8276120999944396,26.13084349998826,982.8145915000205
492830188,158705372,856799847,275167074,437.0988867059594,284.5489078910102,800.0,100.0,59.98936080932617,-0.6388201,0.2373484,-0.32735395,-0.8823405,-0.1861077199379603,0.5614245809208519,0.43432918190956116,-0.8013681173324585,-36.10272216796875,377.10954010233587,-1.128935347000758,0.12273763063748942,-0.9912651181221008,-1.3551067113876343,-0.16020521024862924,0.002894779201376444,-0.1580362468957901,-0.16429129242897034,0.9320811827977499,0.0010251996369709643,0.9325743317604065,0.9297904372215271,1.3486025134722393,0.001100990898720815,1.3491320610046387,1.3461424112319946,4.849897384643555,46,100.0,130.93073414159542,400.0,0.0,-226.79257202148438,-4.812595,0.024905391,-4.7759542,-4.843927,-70.79993,9.791911,-53.17547,-77.50283,1092.9949951171875,326.7925770120334,128.0,0.0,128,128,0.0005110428876776561,0.004814465003700932,0.07669649888473704,0.0,1.9921582186032418,3.6907170895565944,22.49861128968944,0.720338306457416,0.01705738279923289,0.011369188332128426,0.04938241121968383,0.0029112039138225417,0.6139110656825562,0.2752955759418178,0.9374414099118804,0.0,0.8249361205356885,0.2698568609919633,1.114397281380257,0.01800202686870187,-144.84103568790738,270.92959959919756,93.59879365619958,-1345.5,7.978034554840378,30.277957797378242,188.19758731239915,-1.0,-372.85714285714283,650.760140790627,-1.0,-2690.0,157.43098929631645,280.13080833462465,1344.5,0.33449400781347277,0.0008672446041116057,0.00021355328045646586,0.0010976948408342481,0.0005202913631633715,1.0,0.0,1.0,1.0,0.0,0.0,0.0,0.0,0.029200725672724696,0.003710054728831936,0.0331132889769448,0.02280396149928317,14.714285714285714,2.0503857277724746,16,11,1.0,1.3093073414159542,4.0,0.0,329.0,460.531370111899,1410,4,0.0,0.0,0.0,0.0,100.0,130.93073414159542,400.0,0.0,10.885324245595296,9.410405185853186,20.332530121994584,0.03424000000000001,1.600004907231778e-06,0.00527420000435086,11.411955299998226,0.6249945999952615,12.042225700002746,994.8594814000171
858616074,452304566,336680800,823933417,300.0,158.11388300841898,500.0,100.0,-69.39859008789062,-0.75288296,0.18876864,-0.42646235,-0.87413216,-0.10174737381748855,0.4066529595908775,0.3987744450569153,-0.7321673631668091,63.09437561035156,369.3985860921023,-0.9901375323534012,0.14082283613767013,-0.8522588610649109,-1.1944797039031982,-0.1618611291050911,0.0034028813242912292,-0.15845824778079987,-0.16526401042938232,0.9325711131095886,0.00033289194107055664,0.9329040050506592,0.9322382211685181,1.349128544330597,0.00035697221755981445,1.3494855165481567,1.348771572113037,4.83098840713501,47,300.0,158.11388300841898,500.0,100.0,-24.113311767578125,-4.781464,0.04799897,-4.7079287,-4.8311076,-76.503426,0.7679835,-75.32686,-77.29772,121.04409790039062,324.1133193108301,128.0,0.0,128,128,0.0004525975650565628,0.005015366664898693,0.07669649888473704,0.0,3.528724987600616,5.67999415604946,22.49861128968944,0.9934445512079338,0.011769456558513648,0.009364306953295954,0.041558333614717884,0.002777773919758445,0.5663125004147964,0.3356104348268515,0.9499525023748812,0.0,0.832834549727189,0.27359170047132836,1.1071123296147096,0.01800202686870187,-136.67767232428884,192.4483987926156,93.59879365619958,-585.5,18.489904999907097,44.785222788134476,283.0,-1.0,-390.625,516.0978967817056,-1.0,-1622.0,146.78964265436986,177.49814494465622,584.5,0.24348557933784382,0.0005805545587523979,0.0001718908889526433,0.0007524454477050414,0.0004086636697997548,1.0,0.0,1.0,1.0,0.0,0.0,0.0,0.0,0.0238158587458209,0.003604558347164199,0.0274204170929851,0.020211300398656703,16.0,0.0,16,16,3.0,1.5811388300841898,5.0,1.0,1102.75,735.3269255916038,1842,353,0.0,0.0,0.0,0.0,300.0,158.11388300841898,500.0,100.0,28.00912666970553,9.427846972504518,37.63210367100007,18.582300000000004,2.1000014385208488e-06,0.00785619999805931,10.95323919999646,0.44382279999990715,11.404920299995865,1006.2669469000102
679192402,557500886,1018023110,55491266,300.0,158.11388300841898,500.0,100.0,-69.39859008789062,-0.75288296,0.18876864,-0.42646235,-0.87413216,-0.10174737381748855,0.4066529595908775,0.3987744450569153,-0.7321673631668091,63.09437561035156,369.3985860921023,-0.9901375323534012,0.14082283613767013,-0.8522588610649109,-1.1944797039031982,-0.1618611291050911,0.0034028813242912292,-0.15845824778079987,-0.16526401042938232,0.9325711131095886,0.00033289194107055664,0.9329040050506592,0.9322382211685181,1.349128544330597,0.00035697221755981445,1.3494855165481567,1.348771572113037,4.835595607757568,48,453.5670979301155,183.37748027684023,714.5365853658536,100.0,116.50841522216797,-4.7627454,0.05233557,-4.707575,-4.8643727,-54.80929,30.403358,-9.568169,-77.82996,-554.905517578125,337.0586971727586,128.0,0.0,128,128,7.962040559068713e-05,0.0008176997949662741,0.016126934718260072,0.0,3.050943666631707,5.199735195575514,22.49861128968944,0.720338306457416,0.012358818315157753,0.008653843129437688,0.04938241121968383,0.002777773919758445,0.5992378381169047,0.33680592150259586,0.9499525023748812,0.0,0.9328332794579642,0.14875656634271175,1.114397281380257,0.11520204147878298,-96.64529145207139,208.71864762685507,88.5,-1345.5,11.882214027292264,35.64734728112228,283.0,-1.0,-294.8385416666667,578.1419479263202,-1.0,-2690.0,106.8304291498232,209.25575499817978,1344.5,0.24348557933784382,0.000579316044987312,0.00023714017707229668,0.0010976948408342481,0.0004086636697997548,1.0,0.0,1.0,1.0,0.0,0.0,0.0,0.0,0.023657962378684626,0.004384634367024646,0.0331132889769448,0.020211300398656703,11.5,6.370504951205464,16,2,4.833333333333333,2.034425935955617,8.0,1.0,2404.1666666666665,1478.8546713213198,4875,4,0.0,0.0,0.0,0.0,453.5670979301155,183.37748027684023,714.5365853658536,100.0,21.935419790098752,12.796000439461913,37.480206496033304,0.03424000000000001,2.1000014385208488e-06,0.007790499999828171,18.5286769000013,0.6275843000039458,19.164053800006513,1025.4336259000193
658760007,92749799,316450992,220591670,228.57142857142858,281.39593719417445,800.0,0.0,-126.74443054199219,-0.73330635,0.13441205,-0.46549398,-0.8683902,-0.04232912829944065,0.4992501975914898,0.760563313961029,-0.7000995874404907,118.09546661376953,355.3158703400349,-1.0679283738136292,0.2597307926289642,-0.8423526287078857,-1.617364764213562,-0.16021835803985596,0.002684338273987979,-0.15675896406173706,-0.1639050841331482,0.9284011891910008,0.002279484857410432,0.9316035509109497,0.9258913993835449,1.3446441888809204,0.0024553773104862412,1.348090648651123,1.34194016456604,4.850465297698975,49,228.57142857142858,281.39593719417445,800.0,0.0,-97.63853454589844,-4.7976694,0.027025284,-4.7352433,-4.825719,-76.76271,0.43240455,-75.76389,-77.2115,464.7826232910156,326.2099703126256,128.0,0.0,128,128,0.0003973452077557506,0.004005294692427572,0.07669649888473704,0.0,2.226729313593431,4.128981903570286,22.49861128968944,0.720338306457416,0.016819676585100096,0.011038276354063143,0.04938241121968383,0.002777773919758445,0.6120385497469406,0.28891614192446946,0.9499525023748812,0.0,0.8525033853433993,0.2448963785678683,1.114397281380257,0.01800202686870187,-134.21740778763265,267.4989162023246,93.59879365619958,-1345.5,8.914363747346666,31.844372966154843,283.0,-1.0,-356.29464285714283,650.672914228483,-1.0,-2690.0,147.13893174090273,276.29772952729695,1344.5,0.24348557933784382,0.0008181329215537075,0.0002671192752880852,0.0010976948408342481,0.0004086636697997548,1.0,0.0,1.0,1.0,0.0,0.0,0.0,0.0,0.028170851859249214,0.004878046011814826,0.0331132889769448,0.020211300398656703,16.0,0.0,16,16,2.2857142857142856,2.813959371941744,8.0,0.0,899.0,1559.5844684677115,4599,5,0.0,0.0,0.0,0.0,228.57142857142858,281.39593719417445,800.0,0.0,13.448184955625592,13.142962167444054,37.60174598823134,0.03424000000000001,1.400003384333104e-06,0.005802400002721697,12.97946509999747,0.9046766000028583,13.889945500006434,1039.3260683000262
12327951,97663877,503133585,656828586,228.57142857142858,281.39593719417445,800.0,0.0,-126.74443054199219,-0.73330635,0.13441205,-0.46549398,-0.8683902,-0.04232912829944065,0.4992501975914898,0.760563313961029,-0.7000995874404907,118.09546661376953,355.3158703400349,-1.0679283738136292,0.2597307926289642,-0.8423526287078857,-1.617364764213562,-0.16021835803985596,0.002684338273987979,-0.15675896406173706,-0.1639050841331482,0.9284011891910008,0.002279484857410432,0.9316035509109497,0.9258913993835449,1.3446441888809204,0.0024553773104862412,1.348090648651123,1.34194016456604,4.835979461669922,50,260.0,162.48076809271922,500.0,0.0,-59.588958740234375,-4.799024,0.030921131,-4.754775,-4.82849,-72.98057,7.9691315,-57.0573,-77.25584,283.1917419433594,319.58897328136305,128.0,0.0,128,128,0.0002527324558680144,0.0032986034172564414,0.07669649888473704,0.0,2.757815016617903,4.8353046138378835,22.49861128968944,0.720338306457416,0.01328246002427893,0.009709545024001828,0.04938241121968383,0.002777773919758445,0.6004831686238001,0.31973589252415924,0.9499525023748812,0.0,0.8895664222220349,0.2166044177372701,1.114397281380257,0.01800202686870187,-114.58894734767728,224.031321467936,93.59879365619958,-1345.5,11.121057812149196,34.83694405919199,283.0,-1.0,-325.8203125,589.1105986144727,-1.0,-2690.0,124.98635344099144,225.95210101215832,1344.5,0.24348557933784382,0.0006598773369331575,0.0002458982783816056,0.0010976948408342481,0.0004086636697997548,1.0,0.0,1.0,1.0,0.0,0.0,0.0,0.0,0.02527058589343059,0.004558390228227,0.0331132889769448,0.020211300398656703,15.2,1.5999999999999999,16,12,2.6,1.624807680927192,5.0,0.0,1074.2,885.5925473941162,2335,5,0.0,0.0,0.0,0.0,260.0,162.48076809271922,500.0,0.0,19.052804000000002,11.755890391693178,37.13656,0.03424000000000001,1.400003384333104e-06,0.0056168999944929965,14.655347900006745,0.6768844999969588,15.337850700001582,1054.6665430000503
329187348,337730166,116213680,38689046,534.6995526330714,219.40828673638998,800.0,200.0,161.4453125,-0.63736194,0.2680665,-0.21139896,-0.87356097,-0.3046317643352917,0.43797929187337853,0.3212650716304779,-0.8862771391868591,-69.09171295166016,373.25423856933855,-1.1212550401687622,0.34592924353792576,-0.8454820513725281,-1.7507801055908203,-0.15555507583277567,0.00262843468669512,-0.15441414713859558,-0.16199247539043427,0.9273110713277545,0.0011866444940246107,0.9283279776573181,0.9257702231407166,1.3434715100697108,0.0012799775666626346,1.3445683717727661,1.3418092727661133,4.844913005828857,51,534.6995526330714,219.40828673638998,800.0,200.0,193.59951782226562,-4.775866,0.052873194,-4.721885,-4.8870807,-76.41386,0.8459711,-75.55016,-78.19329,-930.18896484375,341.1000312165339,128.0,0.0,128,128,0.0001555785733453692,0.0026890593904822595,0.07669649888473704,0.0,3.6936857055626957,5.841945838095639,22.49861128968944,0.9934445512079338,0.010737210583019538,0.0075851116313476515,0.041558333614717884,0.002777773919758445,0.5748769541447845,0.3538873581908624,0.9499525023748812,0.0,0.9094317790120252,0.1931711069423961,1.1071123296147096,0.01800202686870187,-104.91786903149854,177.28574633456134,93.59879365619958,-585.5,17.221194718825526,42.822180228298706,283.0,-1.0,-327.27901785714283,522.3083233579906,-1.0,-2379.0,114.58171858625164,163.6400646486488,714.082628272107,0.24348557933784382,0.000489668979032972,0.00011782212610741372,0.0007524454477050414,0.0004086636697997548,1.0,0.0,1.0,1.0,0.0,0.0,0.0,0.0,0.02198193452659689,0.0024919622266301963,0.0274204170929851,0.020211300398656703,16.0,0.0,16,16,5.571428571428571,2.0603150145508513,8.0,2.0,2567.4285714285716,1190.1475127230306,3836,314,0.0,0.0,0.0,0.0,534.6995526330714,219.40828673638998,800.0,200.0,29.665051474990598,8.747034826123482,37.49302292602749,18.582300000000004,7.90000194683671e-06,0.012242800003150478,25.73188780000055,0.9186588000011398,26.662797300006787,1081.3441679000534
583866853,897830797,460720113,947645042,534.6995526330714,219.40828673638998,800.0,200.0,161.4453125,-0.63736194,0.2680665,-0.21139896,-0.87356097,-0.3046317643352917,0.43797929187337853,0.3212650716304779,-0.8862771391868591,-69.09171295166016,373.25423856933855,-1.1212550401687622,0.34592924353792576,-0.8454820513725281,-1.7507801055908203,-0.15555507583277567,0.00262843468669512,-0.15441414713859558,-0.16199247539043427,0.9273110713277545,0.0011866444940246107,0.9283279776573181,0.9257702231407166,1.3434715100697108,0.0012799775666626346,1.3445683717727661,1.3418092727661133,4.84454870223999,52,200.0,141.4213562373095,400.0,100.0,-126.99002075195312,-4.765116,0.0668571,-4.6790643,-4.8933115,-66.45524,20.973486,-19.573246,-76.58165,603.0150756835938,326.99002809488053,128.0,0.0,128,128,0.0004924662092081911,0.005077057951856841,0.07669649888473704,0.0,2.72165635693167,4.774377986168053,22.49861128968944,0.720338306457416,0.01370176724481168,0.010545171828626165,0.04938241121968383,0.002777773919758445,0.5903382763943611,0.30785770957523456,0.9499525023748812,0.0,0.8273889408211573,0.27632020336592616,1.114397281380257,0.01800202686870187,-139.89551156882033,227.2273827556854,93.59879365619958,-1345.5,12.81618399292543,37.88368561256551,283.0,-1.0,-378.4036458333333,575.0055670810569,-1.0,-2690.0,150.4100408032858,225.802876598814,1344.5,0.24348557933784382,0.0007139977028187498,0.0002169520679490203,0.0010976948408342481,0.0004086636697997548,1.0,0.0,1.0,1.0,0.0,0.0,0.0,0.0,0.026398300358973326,0.004070697735863058,0.0331132889769448,0.020211300398656703,14.0,4.47213595499958,16,4,2.0,1.4142135623730951,4.0,1.0,682.0,691.9055812271883,1886,4,0.0,0.0,0.0,0.0,200.0,141.4213562373095,400.0,100.0,18.643035847836995,10.726689241448879,37.1984156035111,0.041800000000000004,1.400003384333104e-06,0.007281199999852106,11.17720929999632,0.5320748000012827,11.71656670000084,1093.0635629000535
680903265,62674613,529827668,933694474,401.48809523809524,313.6026465098137,810.4166666666666,0.0,25.410463333129883,-0.7254484,0.2223478,-0.20963621,-0.86648893,-0.020341122256858007,0.49046989483631376,0.5679088234901428,-0.8969357013702393,5.731389045715332,376.0776242362142,-1.1035283718790327,0.32430687617376003,-0.8431806564331055,-1.8417936563491821,-0.15236915435109818,0.0035083714892896307,-0.1495947390794754,-0.1577170342206955,0.9220698305538723,0.0017199395396177105,0.9247891306877136,0.9184441566467285,1.337802461215428,0.0018666701304111254,1.3407490253448486,1.3338643312454224,4.829912185668945,53,401.48809523809524,313.6026465098137,810.4166666666666,0.0,67.04824829101562,-4.8161254,0.07679967,-4.736789,-4.9654627,-64.37725,19.660366,-24.827312,-77.235535,-317.2388916015625,334.439834809202,128.0,0.0,128,128,0.00030344937682581314,0.003868991907940475,0.07669649888473704,0.0,2.767341498570553,4.8226305374245095,22.49861128968944,0.720338306457416,0.012631183099693497,0.009543658299738828,0.04938241121968383,0.002777773919758445,0.5973429923485983,0.319412761866854,0.9499525023748812,0.0,0.8771968494277161,0.23462675934633653,1.114397281380257,0.01800202686870187,-118.29964485565738,215.70484186689328,93.59879365619958,-1345.5,11.421676091763526,35.29084679338672,283.0,-1.0,-333.36607142857144,572.7225256947188,-1.0,-2690.0,127.9769745550219,215.4460213529501,1344.5,0.24348557933784382,0.0006531604993620287,0.00021714613394526502,0.0010976948408342481,0.0004086636697997548,1.0,0.0,1.0,1.0,0.0,0.0,0.0,0.0,0.02522532972277446,0.004045920001424379,0.0331132889769448,0.020211300398656703,13.428571428571429,4.203982562732046,16,5,4.142857142857143,3.313546715640915,9.0,0.0,2016.857142857143,1934.8400028774197,5551,5,0.0,0.0,0.0,0.0,401.48809523809524,313.6026465098137,810.4166666666666,0.0,19.332628751458905,9.952140212781174,37.13036,0.03424000000000001,1.700005668681115e-06,0.008126499997160863,18.97760940000444,0.7631865000003017,19.74892410000757,1112.8150560000504
67951712,81608887,770677053,350867000,401.48809523809524,313.6026465098137,810.4166666666666,0.0,25.410463333129883,-0.7254484,0.2223478,-0.20963621,-0.86648893,-0.020341122256858007,0.49046989483631376,0.5679088234901428,-0.8969357013702393,5.731389045715332,376.0776242362142,-1.1035283718790327,0.32430687617376003,-0.8431806564331055,-1.8417936563491821,-0.15236915435109818,0.0035083714892896307,-0.1495947390794754,-0.1577170342206955,0.9220698305538723,0.0017199395396177105,0.9247891306877136,0.9184441566467285,1.337802461215428,0.0018666701304111254,1.3407490253448486,1.3338643312454224,4.849023342132568,54,300.0,357.0714214271425,1000.0,0.0,-30.995849609375,-4.7988405,0.060508855,-4.7298503,-4.914183,-68.86268,20.520018,-14.619262,-78.62693,145.2177734375,330.99585132828184,128.0,0.0,128,128,0.000296102973552699,0.002872854554397337,0.07669649888473704,0.0,2.4608355040914613,4.548487922700926,22.49861128968944,0.720338306457416,0.01770887557559289,0.010767949787474706,0.04938241121968383,0.002777773919758445,0.6102944227767018,0.2987422262343211,0.9499525023748812,0.0,0.8754234254146045,0.21303441330857809,1.114397281380257,0.01800202686870187,-127.54545051834329,274.70520672610064,93.59879365619958,-1345.5,10.243289318398842,34.20971698590674,283.0,-1.0,-348.87890625,666.9505777993814,-1.0,-2690.0,141.97030133242845,284.08075146363524,1344.5,0.24348557933784382,0.0007961519775551622,0.0003193869557979759,0.0010976948408342481,0.0004086636697997548,1.0,0.0,1.0,1.0,0.0,0.0,0.0,0.0,0.027563434274591805,0.005972704793183852,0.0331132889769448,0.020211300398656703,14.375,4.29934588047996,16,3,3.0,3.570714214271425,10.0,0.0,1327.5,1678.741046141423,4461,4,0.0,0.0,0.0,0.0,300.0,357.0714214271425,1000.0,0.0,16.368581380558577,17.319415965832167,37.73872,0.03424000000000001,1.600004907231778e-06,0.0052138999963062815,18.721122700000706,0.8529691000003368,19.579307300002256,1132.3968667000663
819896025,220438933,1062243559,300997728,283.8224228743416,291.93973828656215,802.9345372460497,0.0,-83.02969360351562,-0.75297874,0.07683609,-0.60235476,-0.82442623,0.044848084449768066,0.49481297582055633,0.8818919658660889,-0.5480204820632935,58.66836166381836,366.85210410002696,-1.1388672093550365,0.4950758851376999,-0.8325055837631226,-2.2168540954589844,-0.14658128718535104,0.0029102656270617363,-0.14405298233032227,-0.15269866585731506,0.9166175127029419,0.0027657147443495597,0.9198030233383179,0.9130645394325256,1.3318689465522766,0.003018199405591153,1.3353427648544312,1.3279898166656494,4.827602863311768,55,283.8224228743416,291.93973828656215,802.9345372460497,0.0,-42.456085205078125,-4.7482114,0.047025256,-4.6948314,-4.819316,-75.97138,0.7524041,-75.1173,-77.109055,205.03802490234375,326.27850848288784,128.0,0.0,128,128,0.0002744922288207912,0.003116538702260149,0.07669649888473704,0.0,2.707776042622644,4.829201011501439,22.49861128968944,0.720338306457416,0.01533491868822777,0.010440459252452024,0.04938241121968383,0.002777773919758445,0.6022681647755567,0.31282912226577975,0.9499525023748812,0.0,0.8817874938948737,0.2156469814176979,1.114397281380257,0.01800202686870187,-121.35864694560452,247.91623898890745,93.59879365619958,-1345.5,11.432792171494347,35.72451312034202,283.0,-1.0,-340.3346354166667,624.0304844887157,-1.0,-2690.0,133.79434309432696,252.90774294518505,1344.5,0.24348557933784382,0.0007142423053560698,0.00029436506444916794,0.0010976948408342481,0.0004086636697997548,1.0,0.0,1.0,1.0,0.0,0.0,0.0,0.0,0.02614559289057855,0.005482105881344311,0.0331132889769448,0.020211300398656703,16.0,0.0,16,16,3.0,3.2145502536643185,9.0,0.0,1203.5,1389.2922358764793,3795,4,0.0,0.0,0.0,0.0,283.8224228743416,291.93973828656215,802.9345372460497,0.0,18.995833408081985,15.302153825066892,37.50738363570764,0.03424000000000001,1.500004145782441e-06,0.007468499999959022,14.588842199998908,0.777761700002884,15.374073900005897,1147.7734416000822
740196857,955523027,588993561,1042666993,283.8224228743416,291.93973828656215,802.9345372460497,0.0,-83.02969360351562,-0.75297874,0.07683609,-0.60235476,-0.82442623,0.044848084449768066,0.49481297582055633,0.8818919658660889,-0.5480204820632935,58.66836166381836,366.85210410002696,-1.1388672093550365,0.4950758851376999,-0.8325055837631226,-2.2168540954589844,-0.14658128718535104,0.0029102656270617363,-0.14405298233032227,-0.15269866585731506,0.9166175127029419,0.0027657147443495597,0.9198030233383179,0.9130645394325256,1.3318689465522766,0.003018199405591153,1.3353427648544312,1.3279898166656494,4.830205917358398,56,534.2144731908512,377.2844942133197,1200.0,100.0,187.14236450195312,-4.777594,0.05052396,-4.6956854,-4.861123,-74.063286,5.526516,-61.833855,-77.77797,-899.66748046875,347.0721049536842,128.0,0.0,128,128,0.0002975943859780871,0.004100889036838832,0.07669649888473704,0.0,3.0648239809407323,5.147933789440426,22.49861128968944,0.9934445512079338,0.01072566687174166,0.008207655887157718,0.041558333614717884,0.002777773919758445,0.587307949735709,0.3320846811416502,0.9499525023748812,0.0,0.8784347263842477,0.23985700734809087,1.1071123296147096,0.01800202686870187,-115.1821560752872,186.14379397958731,93.59879365619958,-585.5,13.265605848723348,37.79447992826178,283.0,-1.0,-332.9075520833333,528.1377198125499,-1.0,-2379.0,123.44612685878201,178.06917791924067,714.082628272107,0.24348557933784382,0.0005790714424499921,0.00012879000578383068,0.0007524454477050414,0.0004086636697997548,1.0,0.0,1.0,1.0,0.0,0.0,0.0,0.0,0.023910669847079402,0.0026456377894392537,0.0274204170929851,0.020211300398656703,15.5,1.118033988749895,16,13,5.5,3.8188130791298667,12.0,1.0,2689.6666666666665,3407.53780446951,10128,245,0.0,0.0,0.0,0.0,534.2144731908512,377.2844942133197,1200.0,100.0,21.911293131487653,6.966935356841615,37.48561142960557,18.582300000000004,1.400003384333104e-06,0.005817899997055065,22.67624110000179,0.7573938999994425,23.43945430000167,1171.2153769000724
784241550,824445069,845327572,920460916,509.9240911145934,210.81111920910956,817.386722866175,221.74721189591077,128.76478576660156,-0.60265434,0.16454478,-0.3319987,-0.75141233,0.06148751080036163,0.7502152134837801,0.874702513217926,-0.8212766647338867,-85.95856475830078,381.1593028014836,-1.5232395976781845,0.42977487922782487,-0.9551450610160828,-2.1645917892456055,-0.13984789699316025,0.0005298331379890442,-0.1393180638551712,-0.1403777301311493,0.9119663238525391,0.0013722777366638184,0.9133386015892029,0.9105940461158752,1.326785147190094,0.0015047192573547363,1.3282898664474487,1.3252804279327393,4.82883882522583,57,509.9240911145934,210.81111920910956,817.386722866175,221.74721189591077,146.56678771972656,-4.7934484,0.045775626,-4.735323,-4.8552833,-76.695175,0.73241,-75.76517,-77.68453,-700.0249633789062,363.35730356977507,128.0,0.0,128,128,3.229979949364121e-05,0.00010746298402376154,0.0007145765259000703,0.0,3.61215653591784,5.7578114023313045,22.49861128968944,1.010809938970694,0.010171019038765147,0.006547110003438778,0.027777739197584448,0.002777773919758445,0.5829387458859392,0.35772650383196936,0.9499525023748812,0.0,0.9427583442689057,0.13529533065389332,1.0548142744057427,0.16361343296583433,-90.3936909746462,168.87246607366225,88.5,-581.0,15.45037396457135,40.36887545306755,283.0,-1.0,-294.26171875,524.1406041412417,-1.0,-2379.0,99.43132589614999,157.38548241263206,714.082628272107,0.24348557933784382,0.0004644775164815632,5.5813846681808366e-05,0.0005202913631633715,0.0004086636697997548,1.0,0.0,1.0,1.0,0.0,0.0,0.0,0.0,0.021507630948969937,0.001296330550313234,0.02280396149928317,0.020211300398656703,16.0,0.0,16,16,5.75,2.165063509461097,9.0,3.0,2567.25,1379.3602457298819,4923,1432,0.0,0.0,0.0,0.0,509.9240911145934,210.81111920910956,817.386722866175,221.74721189591077,28.737197289431847,9.061424180802309,37.96164564078642,19.04284,1.7999991541728377e-06,0.007675600005313754,17.26415449999331,0.6399173000027076,17.911749200000486,1189.1298385000846
283468587,989400710,23463629,35422904,509.9240911145934,210.81111920910956,817.386722866175,221.74721189591077,128.76478576660156,-0.60265434,0.16454478,-0.3319987,-0.75141233,0.06148751080036163,0.7502152134837801,0.874702513217926,-0.8212766647338867,-85.95856475830078,381.1593028014836,-1.5232395976781845,0.42977487922782487,-0.9551450610160828,-2.1645917892456055,-0.13984789699316025,0.0005298331379890442,-0.1393180638551712,-0.1403777301311493,0.9119663238525391,0.0013722777366638184,0.9133386015892029,0.9105940461158752,1.326785147190094,0.0015047192573547363,1.3282898664474487,1.3252804279327393,4.827476501464844,58,269.23333333333335,208.45368523700628,515.4,0.0,-84.71157836914062,-4.8105426,0.08240621,-4.7219453,-4.9457054,-61.383938,20.827763,-29.398258,-76.46249,405.4437255859375,353.94490654613094,128.0,0.0,128,128,0.00034491499207513297,0.004177232068363464,0.07669649888473704,0.0,2.503611111654599,4.446542039887623,22.49861128968944,0.720338306457416,0.012913466148134267,0.009846981792331344,0.04938241121968383,0.0029112039138225417,0.6036070419666745,0.30920508493760857,0.9374414099118804,0.0,0.868509661573306,0.24510863174223477,1.114397281380257,0.01800202686870187,-121.4337565527124,222.22767817259518,93.59879365619958,-1345.5,9.697445911444262,32.46411513898092,188.19758731239915,-1.0,-333.484375,581.7298398111384,-1.0,-2690.0,130.84523011245523,224.43492835687957,1344.5,0.33449400781347277,0.000693909970955741,0.00020829677871353833,0.0010976948408342481,0.0005202913631633715,1.0,0.0,1.0,1.0,0.0,0.0,0.0,0.0,0.026061001276794084,0.003769520501451581,0.0331132889769448,0.02280396149928317,12.833333333333334,4.487637339278753,16,6,2.8333333333333335,2.266911751455907,6.0,0.0,1127.3333333333333,958.7414783048777,2584,5,0.0,0.0,0.0,0.0,269.23333333333335,208.45368523700628,515.4,0.0,15.88093525385626,7.1087053896518695,20.33373622490128,0.041800000000000004,2.1999949240125716e-06,0.01026560000173049,12.779888099998061,0.6487017000035848,13.4388575999983,1202.5716639000893
16648123,895794063,743134744,211760123,203.79059143104087,212.64456074903458,526.5341400172861,0.0,-159.6318359375,-0.6881259,0.15664242,-0.42875314,-0.83404595,-0.2748408594301769,0.4467553008566198,0.45914793014526367,-0.9798883199691772,116.22337341308594,363.42243166443933,-1.3175487518310547,0.9596617801989182,-0.8240204453468323,-3.65214204788208,-0.1417416845049177,0.004293944307920136,-0.13683059811592102,-0.1466524600982666,0.9027498279299054,0.002530503003809532,0.9060871601104736,0.8982862830162048,1.3166247606277466,0.002803674928903627,1.3203186988830566,1.3116720914840698,4.840039253234863,59,203.79059143104087,212.64456074903458,526.5341400172861,0.0,-135.13888549804688,-4.7913327,0.042056806,-4.7103367,-4.8594713,-71.85756,11.704642,-43.233883,-77.75154,650.888916015625,338.92947503462193,128.0,0.0,128,128,0.00042992184865414863,0.0047031792839433454,0.07669649888473704,0.0,2.954237423093756,5.075047378276854,22.49861128968944,0.720338306457416,0.013306869753988421,0.010185412678547367,0.04938241121968383,0.002777773919758445,0.5859697647151868,0.3181052409156389,0.9499525023748812,0.0,0.8419505173544456,0.264232508463036,1.114397281380257,0.01800202686870187,-134.1240062980356,220.44415772131265,93.59879365619958,-1345.5,14.094880161604525,39.5500482394598,283.0,-1.0,-371.86830357142856,567.0980861830511,-1.0,-2690.0,144.7468122900195,216.9976399228772,1344.5,0.24348557933784382,0.0006703785552446075,0.00022750813492460916,0.0010976948408342481,0.0004086636697997548,1.0,0.0,1.0,1.0,0.0,0.0,0.0,0.0,0.025514443221785244,0.0043463289070336366,0.0331132889769448,0.020211300398656703,15.0,2.449489742783178,16,9,2.142857142857143,2.2946254863155726,6.0,0.0,854.0,717.4257552428086,1880,48,0.0,0.0,0.0,0.0,203.79059143104087,212.64456074903458,526.5341400172861,0.0,21.323897079347283,11.902790252560838,37.32852393570797,0.037520000000000005,1.6999983927235007e-06,0.0057080999977188185,14.473815799996373,0.924097700000857,15.403623299993342,1217.9893381000802
908491913,81011138,533739719,739929909,203.79059143104087,212.64456074903458,526.5341400172861,0.0,-159.6318359375,-0.6881259,0.15664242,-0.42875314,-0.83404595,-0.2748408594301769,0.4467553008566198,0.45914793014526367,-0.9798883199691772,116.22337341308594,363.42243166443933,-1.3175487518310547,0.9596617801989182,-0.8240204453468323,-3.65214204788208,-0.1417416845049177,0.004293944307920136,-0.13683059811592102,-0.1466524600982666,0.9027498279299054,0.002530503003809532,0.9060871601104736,0.8982862830162048,1.3166247606277466,0.002803674928903627,1.3203186988830566,1.3116720914840698,4.8460259437561035,60,356.7357512953368,389.8237241459327,1000.0,0.0,16.02564239501953,-4.837483,0.10157557,-4.757557,-5.0086937,-57.547455,25.27081,-15.026081,-77.09318,-116.76224517822266,340.7101026606934,128.0,0.0,128,128,0.0003134295914206709,0.003685241177506135,0.07669649888473704,0.0,2.7286214578300276,4.819743750669318,22.49861128968944,0.720338306457416,0.014251936713228306,0.010252672091763164,0.04938241121968383,0.002777773919758445,0.599074261496816,0.3142970336224065,0.9499525023748812,0.0,0.872908849781635,0.231569828825152,1.114397281380257,0.01800202686870187,-122.9130823656053,235.40966529231167,93.59879365619958,-1345.5,11.617899576320596,35.89347015189998,283.0,-1.0,-343.30859375,601.7185045153152,-1.0,-2690.0,134.20913915576972,238.03065146390344,1344.5,0.24348557933784382,0.0006947738303756039,0.00026361644081108343,0.0010976948408342481,0.0004086636697997548,1.0,0.0,1.0,1.0,0.0,0.0,0.0,0.0,0.025887241991967444,0.00490635589023878,0.0331132889769448,0.020211300398656703,12.0,5.338539126015656,16,3,3.75,3.897114317029974,10.0,0.0,1896.25,2162.2936173193502,5453,5,0.0,0.0,0.0,0.0,356.7357512953368,389.8237241459327,1000.0,0.0,18.75194897001313,13.118750214897743,37.13036,0.03424000000000001,1.4999968698248267e-06,0.007772100005240645,20.15954839999904,0.38101360000291606,20.548335600004066,1238.5403202000743
